Advanced Geosciences Inc. (AGI) Sting/SuperSting measured data (*.stg)   Type: XYZ
A trimmed data set by AGI EarthImager 2D. Version: 2.4.4 (Build 649). Records: 940
Raw data file: C:\Users\Tom\Desktop\CarvinsCove\20260528\20260528\trial2\20260528_trial2.stg

Number of Data = 940
Number of Electrodes = 64
Number of Surface Electrodes = 64
Number of IP Data = 0

Processing starts at 2026-05-28 13:51:35

;------ SETTINGS ------

Minimum Voltage (mv) = 0.2
Minimum V/I (ohm) = 0.0005
Minimum apparent resistivity (ohm-m)  = 1
Maximum apparent resistivity (ohm-m)  = 10000
Maximum repeat error (%)  = 3
Maximum reciprocal error (%)  = 5
Remove negative apparent resistivity in ERT data: Yes
Keep All Data (no data removal): No
Inversion Method:  Smooth model inversion
Vertical axis:  Positive Upward
Y Coordinate =  Depth
Min electrode spacing X (m)  = 0.003
Min electrode spacing Z (m)  = 0.003
Forward Modeling Method:  Finite element method
Forward system solver:  Cholesky decomposition method
Boundary condition type:  Dirichlet
Number cells or elements betwenn two electrodes = 2
Lower-layer-thickness / Upper-layer-thickness =  1.1
Depth of Inverted Model / Depth of Pseudosection =  1.1
Max number of iteration of nonlinear inversion = 8
Stop RMS error = 3%
Mininum error reduction between two iterations = 5%
Stop at Max number of iterations: Yes
Stop when RMS is small enough: Yes
Stop when RMS can not be reduced: Yes
Res Data reweighting: No
Use Reciprocal Error: No
Stop when L2 norm is small enough: No
Initial smoothness factor = 10
Roughness conditioner = 0.2
Starting model: Avg AppRes.
Start halfspace resistivity = 435.62 ohm-m
Minimum resistivity =        1.0 ohm-m
Maximum resistivity =   100000.0 ohm-m
Number of elements combined horizontally = 1
Number of elements combined verically = 1
Vertical / Horizontal roughness ratio = 0.5
Estimated noise of resistivity data  = 3%
Initial damping factor of resistivity = 10
Starting iteration of quasi Newton method = 20
IP inversion method: No IP Inversion

;------ ELECTRODE LOCATIONS ------

Electrode         X            Y
     0,         0.000,        0.000
     1,         2.001,        0.000
     2,         3.999,        0.000
     3,         6.000,        0.000
     4,         8.001,        0.000
     5,         9.999,        0.000
     6,        12.000,        0.000
     7,        14.001,        0.000
     8,        15.999,        0.000
     9,        18.000,        0.000
     10,        20.001,        0.000
     11,        21.999,        0.000
     12,        24.000,        0.000
     13,        26.001,        0.000
     14,        27.999,        0.000
     15,        30.000,        0.000
     16,        32.001,        0.000
     17,        33.999,        0.000
     18,        36.000,        0.000
     19,        38.001,        0.000
     20,        39.999,        0.000
     21,        42.000,        0.000
     22,        44.001,        0.000
     23,        45.999,        0.000
     24,        48.000,        0.000
     25,        50.001,        0.000
     26,        51.999,        0.000
     27,        54.000,        0.000
     28,        56.001,        0.000
     29,        57.999,        0.000
     30,        60.000,        0.000
     31,        62.001,        0.000
     32,        63.999,        0.000
     33,        66.000,        0.000
     34,        68.001,        0.000
     35,        69.999,        0.000
     36,        72.000,        0.000
     37,        74.001,        0.000
     38,        75.999,        0.000
     39,        78.000,        0.000
     40,        80.001,        0.000
     41,        81.999,        0.000
     42,        84.000,        0.000
     43,        86.001,        0.000
     44,        87.999,        0.000
     45,        90.000,        0.000
     46,        92.001,        0.000
     47,        93.999,        0.000
     48,        96.000,        0.000
     49,        98.001,        0.000
     50,        99.999,        0.000
     51,       102.000,        0.000
     52,       104.001,        0.000
     53,       105.999,        0.000
     54,       108.000,        0.000
     55,       110.001,        0.000
     56,       111.999,        0.000
     57,       114.000,        0.000
     58,       116.001,        0.000
     59,       117.999,        0.000
     60,       120.000,        0.000
     61,       122.001,        0.000
     62,       123.999,        0.000
     63,       126.000,        0.000


;------ Commands, Raw V/I, GeomFactor, AppRes ------

DataID   A   B   M   N       V/I           K           App-Res
  1,     62,  63,  61,  60,   2.07243E+01,   3.76144E+01,   7.79532E+02
  2,     62,  63,  60,  59,   6.65948E+00,   1.50627E+02,   1.00310E+03
  3,     62,  63,  59,  58,   2.56875E+00,   3.77119E+02,   9.68723E+02
  4,     62,  63,  58,  57,   1.24840E+00,   7.52965E+02,   9.40002E+02
  5,     62,  63,  57,  56,   9.38865E-02,   1.31811E+03,   1.23753E+02
  6,     62,  63,  56,  55,   7.94650E-01,   2.11200E+03,   1.67830E+03
  7,     62,  63,  55,  54,   1.51760E-01,   3.16291E+03,   4.80003E+02
  8,     62,  63,  54,  53,   9.01102E-02,   4.51932E+03,   4.07236E+02
  9,     61,  62,  60,  59,   2.51083E+01,   3.77416E+01,   9.47626E+02
  10,     61,  62,  59,  58,   6.05705E+00,   1.51136E+02,   9.15440E+02
  11,     61,  62,  58,  57,   2.62075E+00,   3.77119E+02,   9.88334E+02
  12,     61,  62,  57,  56,   1.10857E+00,   7.54492E+02,   8.36407E+02
  13,     61,  62,  55,  54,   7.01832E-01,   2.11200E+03,   1.48227E+03
  14,     61,  62,  54,  53,   1.39745E-01,   3.16864E+03,   4.42801E+02
  15,     61,  62,  53,  52,   8.66431E-02,   4.53307E+03,   3.92759E+02
  16,     61,  62,  56,  55,   3.66935E-02,   1.32219E+03,   4.85157E+01
  17,     61,  63,  53,  51,   2.42305E-01,   1.50898E+03,   3.65634E+02
  18,     61,  63,  51,  49,   1.08723E-01,   2.64030E+03,   2.87061E+02
  19,     61,  63,  49,  47,   6.45944E-02,   4.22145E+03,   2.72682E+02
  20,     61,  63,  47,  45,   3.79840E-02,   6.33727E+03,   2.40715E+02
  21,     61,  63,  45,  43,   2.77012E-02,   9.05237E+03,   2.50761E+02
  22,     60,  61,  59,  58,   2.10235E+01,   3.77416E+01,   7.93460E+02
  23,     60,  61,  58,  57,   5.51175E+00,   1.50627E+02,   8.30218E+02
  24,     60,  61,  57,  56,   2.10442E+00,   3.76737E+02,   7.92812E+02
  25,     60,  61,  56,  55,   8.42778E-01,   7.54492E+02,   6.35869E+02
  26,     60,  61,  54,  53,   7.01584E-01,   2.10945E+03,   1.47996E+03
  27,     60,  61,  53,  52,   1.23720E-01,   3.16864E+03,   3.92024E+02
  28,     60,  61,  52,  51,   8.03241E-02,   4.51932E+03,   3.63010E+02
  29,     60,  62,  52,  50,   2.18757E-01,   1.50746E+03,   3.29767E+02
  30,     60,  62,  50,  48,   1.03491E-01,   2.64030E+03,   2.73247E+02
  31,     60,  62,  48,  46,   5.92737E-02,   4.22400E+03,   2.50372E+02
  32,     60,  62,  46,  44,   3.80062E-02,   6.33154E+03,   2.40638E+02
  33,     60,  62,  44,  42,   2.69831E-02,   9.05237E+03,   2.44261E+02
  34,     60,  63,  42,  39,   4.16334E-02,   6.33345E+03,   2.63683E+02
  35,     60,  63,  39,  36,   3.13011E-02,   9.50018E+03,   2.97366E+02
  36,     60,  63,  36,  33,   2.56430E-02,   1.35717E+04,   3.48019E+02
  37,     59,  60,  58,  57,   2.12077E+01,   3.76144E+01,   7.97714E+02
  38,     59,  60,  57,  56,   5.34089E+00,   1.50627E+02,   8.04482E+02
  39,     59,  60,  56,  55,   1.90316E+00,   3.77119E+02,   7.17717E+02
  40,     59,  60,  55,  54,   7.61439E-01,   7.52965E+02,   5.73337E+02
  41,     59,  60,  53,  52,   6.87240E-01,   2.11200E+03,   1.45145E+03
  42,     59,  60,  52,  51,   1.40548E-01,   3.16291E+03,   4.44541E+02
  43,     59,  60,  51,  50,   7.82689E-02,   4.51932E+03,   3.53722E+02
  44,     59,  61,  51,  49,   2.08930E-01,   1.50746E+03,   3.14953E+02
  45,     59,  61,  49,  47,   1.10353E-01,   2.63623E+03,   2.90915E+02
  46,     59,  61,  47,  45,   5.87669E-02,   4.22145E+03,   2.48082E+02
  47,     59,  61,  45,  43,   4.03443E-02,   6.33154E+03,   2.55442E+02
  48,     59,  61,  43,  41,   2.84742E-02,   9.03863E+03,   2.57368E+02
  49,     59,  62,  41,  38,   4.56410E-02,   6.33345E+03,   2.89065E+02
  50,     59,  62,  38,  35,   3.47810E-02,   9.50018E+03,   3.30426E+02
  51,     59,  62,  35,  32,   2.67499E-02,   1.35717E+04,   3.63041E+02
  52,     59,  63,  35,  31,   4.41874E-02,   8.44545E+03,   3.73182E+02
  53,     59,  63,  31,  27,   2.76329E-02,   1.26631E+04,   3.49918E+02
  54,     59,  63,  27,  23,   2.43151E-02,   1.80910E+04,   4.39884E+02
  55,     58,  59,  57,  56,   2.33259E+01,   3.77416E+01,   8.80356E+02
  56,     58,  59,  56,  55,   4.91551E+00,   1.51136E+02,   7.42912E+02
  57,     58,  59,  55,  54,   1.71542E+00,   3.77119E+02,   6.46917E+02
  58,     58,  59,  54,  53,   7.63683E-01,   7.54492E+02,   5.76193E+02
  59,     58,  59,  52,  51,   6.25297E-01,   2.11200E+03,   1.32063E+03
  60,     58,  59,  51,  50,   1.34355E-01,   3.16864E+03,   4.25722E+02
  61,     58,  59,  50,  49,   8.57191E-02,   4.53307E+03,   3.88571E+02
  62,     58,  59,  53,  52,   2.89493E-02,   1.32219E+03,   3.82764E+01
  63,     58,  60,  50,  48,   2.31722E-01,   1.50898E+03,   3.49665E+02
  64,     58,  60,  48,  46,   1.18091E-01,   2.64030E+03,   3.11795E+02
  65,     58,  60,  46,  44,   6.76859E-02,   4.22145E+03,   2.85733E+02
  66,     58,  60,  44,  42,   4.56516E-02,   6.33727E+03,   2.89306E+02
  67,     58,  60,  42,  40,   3.30751E-02,   9.05237E+03,   2.99408E+02
  68,     58,  61,  40,  37,   5.05039E-02,   6.33345E+03,   3.19864E+02
  69,     58,  61,  37,  34,   3.83803E-02,   9.50018E+03,   3.64620E+02
  70,     58,  61,  34,  31,   2.78508E-02,   1.35717E+04,   3.77982E+02
  71,     58,  62,  34,  30,   4.45802E-02,   8.44545E+03,   3.76500E+02
  72,     58,  62,  30,  26,   2.72002E-02,   1.26688E+04,   3.44594E+02
  73,     58,  62,  26,  22,   2.78031E-02,   1.81047E+04,   5.03368E+02
  74,     58,  63,  23,  18,   3.00666E-02,   1.58374E+04,   4.76178E+02
  75,     58,  63,  18,  13,   2.17111E-02,   2.26240E+04,   4.91193E+02
  76,     57,  58,  56,  55,   2.51867E+01,   3.77416E+01,   9.50585E+02
  77,     57,  58,  55,  54,   4.91285E+00,   1.50627E+02,   7.40007E+02
  78,     57,  58,  54,  53,   1.79343E+00,   3.76737E+02,   6.75651E+02
  79,     57,  58,  53,  52,   8.39700E-01,   7.54492E+02,   6.33547E+02
  80,     57,  58,  52,  51,   1.49670E-01,   1.31811E+03,   1.97282E+02
  81,     57,  58,  51,  50,   5.44582E-01,   2.10945E+03,   1.14877E+03
  82,     57,  58,  50,  49,   1.47258E-01,   3.16864E+03,   4.66607E+02
  83,     57,  58,  49,  48,   9.33280E-02,   4.51932E+03,   4.21779E+02
  84,     57,  59,  49,  47,   2.58679E-01,   1.50746E+03,   3.89947E+02
  85,     57,  59,  47,  45,   1.22031E-01,   2.64030E+03,   3.22198E+02
  86,     57,  59,  45,  43,   7.54422E-02,   4.22400E+03,   3.18668E+02
  87,     57,  59,  43,  41,   5.03819E-02,   6.33154E+03,   3.18995E+02
  88,     57,  59,  41,  39,   3.87900E-02,   9.05237E+03,   3.51141E+02
  89,     57,  60,  39,  36,   5.76154E-02,   6.33345E+03,   3.64904E+02
  90,     57,  60,  36,  33,   4.36995E-02,   9.50018E+03,   4.15153E+02
  91,     57,  60,  33,  30,   3.19190E-02,   1.35717E+04,   4.33194E+02
  92,     57,  61,  33,  29,   4.86561E-02,   8.44290E+03,   4.10799E+02
  93,     57,  61,  29,  25,   3.01298E-02,   1.26688E+04,   3.81709E+02
  94,     57,  61,  25,  21,   2.91209E-02,   1.80910E+04,   5.26826E+02
  95,     57,  62,  22,  17,   3.00144E-02,   1.58317E+04,   4.75180E+02
  96,     57,  62,  17,  12,   2.13417E-02,   2.26240E+04,   4.82836E+02
  97,     57,  63,  15,  9,   2.58147E-02,   1.90004E+04,   4.90488E+02
  98,     57,  63,  9,  3,   1.98618E-02,   2.71434E+04,   5.39116E+02
  99,     56,  57,  55,  54,   2.75923E+01,   3.76144E+01,   1.03787E+03
  100,     56,  57,  54,  53,   5.35987E+00,   1.50627E+02,   8.07341E+02
  101,     56,  57,  53,  52,   2.08741E+00,   3.77119E+02,   7.87201E+02
  102,     56,  57,  52,  51,   1.02678E+00,   7.52965E+02,   7.73130E+02
  103,     56,  57,  51,  50,   1.87425E-01,   1.31811E+03,   2.47047E+02
  104,     56,  57,  50,  49,   5.75910E-01,   2.11200E+03,   1.21632E+03
  105,     56,  57,  49,  48,   1.72181E-01,   3.16291E+03,   5.44593E+02
  106,     56,  57,  48,  47,   1.17447E-01,   4.51932E+03,   5.30780E+02
  107,     56,  58,  48,  46,   2.90909E-01,   1.50746E+03,   4.38532E+02
  108,     56,  58,  46,  44,   1.47621E-01,   2.63623E+03,   3.89162E+02
  109,     56,  58,  44,  42,   8.99679E-02,   4.22145E+03,   3.79795E+02
  110,     56,  58,  42,  40,   6.19399E-02,   6.33154E+03,   3.92175E+02
  111,     56,  58,  40,  38,   4.74925E-02,   9.03863E+03,   4.29267E+02
  112,     56,  59,  38,  35,   6.89750E-02,   6.33345E+03,   4.36850E+02
  113,     56,  59,  35,  32,   4.92579E-02,   9.50018E+03,   4.67959E+02
  114,     56,  59,  32,  29,   3.40743E-02,   1.35717E+04,   4.62445E+02
  115,     56,  60,  32,  28,   5.22244E-02,   8.44545E+03,   4.41059E+02
  116,     56,  60,  28,  24,   3.38687E-02,   1.26631E+04,   4.28882E+02
  117,     56,  60,  24,  20,   3.23105E-02,   1.80910E+04,   5.84529E+02
  118,     56,  61,  21,  16,   3.19228E-02,   1.58317E+04,   5.05393E+02
  119,     56,  61,  16,  11,   2.16338E-02,   2.26103E+04,   4.89147E+02
  120,     56,  62,  14,  8,   2.66745E-02,   1.90004E+04,   5.06825E+02
  121,     56,  62,  8,  2,   2.14036E-02,   2.71434E+04,   5.80966E+02
  122,     55,  56,  54,  53,   2.84921E+01,   3.77416E+01,   1.07534E+03
  123,     55,  56,  53,  52,   5.72150E+00,   1.51136E+02,   8.64726E+02
  124,     55,  56,  52,  51,   2.31320E+00,   3.77119E+02,   8.72351E+02
  125,     55,  56,  51,  50,   9.68294E-01,   7.54492E+02,   7.30570E+02
  126,     55,  56,  50,  49,   1.86464E-01,   1.32219E+03,   2.46540E+02
  127,     55,  56,  49,  48,   6.10218E-01,   2.11200E+03,   1.28878E+03
  128,     55,  56,  48,  47,   1.88712E-01,   3.16864E+03,   5.97960E+02
  129,     55,  56,  47,  46,   1.03236E-01,   4.53307E+03,   4.67976E+02
  130,     55,  57,  47,  45,   2.96212E-01,   1.50898E+03,   4.46979E+02
  131,     55,  57,  45,  43,   1.63627E-01,   2.64030E+03,   4.32024E+02
  132,     55,  57,  43,  41,   1.00222E-01,   4.22145E+03,   4.23082E+02
  133,     55,  57,  41,  39,   7.38560E-02,   6.33727E+03,   4.68045E+02
  134,     55,  57,  39,  37,   5.39285E-02,   9.05237E+03,   4.88181E+02
  135,     55,  58,  37,  34,   8.00984E-02,   6.33345E+03,   5.07299E+02
  136,     55,  58,  34,  31,   5.42293E-02,   9.50018E+03,   5.15188E+02
  137,     55,  58,  31,  28,   3.46281E-02,   1.35717E+04,   4.69961E+02
  138,     55,  59,  31,  27,   5.20586E-02,   8.44545E+03,   4.39658E+02
  139,     55,  59,  27,  23,   4.13181E-02,   1.26688E+04,   5.23451E+02
  140,     55,  59,  23,  19,   3.06594E-02,   1.81047E+04,   5.55080E+02
  141,     55,  60,  20,  15,   3.37121E-02,   1.58374E+04,   5.33914E+02
  142,     55,  60,  15,  10,   2.32575E-02,   2.26240E+04,   5.26179E+02
  143,     55,  61,  13,  7,   2.79093E-02,   1.90004E+04,   5.30287E+02
  144,     55,  61,  7,  1,   2.16048E-02,   2.71434E+04,   5.86427E+02
  145,     54,  55,  53,  52,   2.88518E+01,   3.77416E+01,   1.08891E+03
  146,     54,  55,  52,  51,   6.07769E+00,   1.50627E+02,   9.15464E+02
  147,     54,  55,  51,  50,   2.01531E+00,   3.76737E+02,   7.59241E+02
  148,     54,  55,  50,  49,   9.22482E-01,   7.54492E+02,   6.96005E+02
  149,     54,  55,  49,  48,   2.93652E-01,   1.31811E+03,   3.87066E+02
  150,     54,  55,  48,  47,   4.42888E-01,   2.10945E+03,   9.34252E+02
  151,     54,  55,  47,  46,   1.43564E-01,   3.16864E+03,   4.54902E+02
  152,     54,  55,  46,  45,   9.80310E-02,   4.51932E+03,   4.43033E+02
  153,     54,  56,  46,  44,   2.89595E-01,   1.50746E+03,   4.36552E+02
  154,     54,  56,  44,  42,   1.62090E-01,   2.64030E+03,   4.27965E+02
  155,     54,  56,  42,  40,   1.02372E-01,   4.22400E+03,   4.32419E+02
  156,     54,  56,  40,  38,   7.43722E-02,   6.33154E+03,   4.70891E+02
  157,     54,  56,  38,  36,   5.26667E-02,   9.05237E+03,   4.76758E+02
  158,     54,  57,  36,  33,   8.48895E-02,   6.33345E+03,   5.37643E+02
  159,     54,  57,  33,  30,   5.70213E-02,   9.50018E+03,   5.41712E+02
  160,     54,  57,  30,  27,   3.24661E-02,   1.35717E+04,   4.40620E+02
  161,     54,  58,  30,  26,   5.09961E-02,   8.44290E+03,   4.30555E+02
  162,     54,  58,  26,  22,   4.73332E-02,   1.26688E+04,   5.99655E+02
  163,     54,  58,  22,  18,   2.71496E-02,   1.80910E+04,   4.91163E+02
  164,     54,  59,  19,  14,   3.33201E-02,   1.58317E+04,   5.27514E+02
  165,     54,  59,  14,  9,   2.30520E-02,   2.26240E+04,   5.21530E+02
  166,     54,  60,  12,  6,   2.80427E-02,   1.90004E+04,   5.32821E+02
  167,     54,  60,  6,  0,   2.28094E-02,   2.71434E+04,   6.19124E+02
  168,     53,  54,  52,  51,   3.29446E+01,   3.76144E+01,   1.23919E+03
  169,     53,  54,  51,  50,   5.95258E+00,   1.50627E+02,   8.96619E+02
  170,     53,  54,  50,  49,   2.26191E+00,   3.77119E+02,   8.53008E+02
  171,     53,  54,  49,  48,   9.77684E-01,   7.52965E+02,   7.36162E+02
  172,     53,  54,  48,  47,   3.24570E-01,   1.31811E+03,   4.27820E+02
  173,     53,  54,  47,  46,   4.23618E-01,   2.11200E+03,   8.94681E+02
  174,     53,  54,  46,  45,   1.53060E-01,   3.16291E+03,   4.84115E+02
  175,     53,  54,  45,  44,   9.56131E-02,   4.51932E+03,   4.32106E+02
  176,     53,  55,  45,  43,   2.82887E-01,   1.50746E+03,   4.26440E+02
  177,     53,  55,  43,  41,   1.58797E-01,   2.63623E+03,   4.18625E+02
  178,     53,  55,  41,  39,   1.07999E-01,   4.22145E+03,   4.55913E+02
  179,     53,  55,  39,  37,   7.42793E-02,   6.33154E+03,   4.70303E+02
  180,     53,  55,  37,  35,   5.51055E-02,   9.03863E+03,   4.98078E+02
  181,     53,  56,  35,  32,   8.47283E-02,   6.33345E+03,   5.36623E+02
  182,     53,  56,  32,  29,   5.42794E-02,   9.50018E+03,   5.15664E+02
  183,     53,  56,  29,  26,   3.04051E-02,   1.35717E+04,   4.12648E+02
  184,     53,  57,  29,  25,   5.27314E-02,   8.44545E+03,   4.45340E+02
  185,     53,  57,  25,  21,   4.60293E-02,   1.26631E+04,   5.82873E+02
  186,     53,  57,  21,  17,   2.79294E-02,   1.80910E+04,   5.05271E+02
  187,     53,  58,  18,  13,   3.38499E-02,   1.58317E+04,   5.35902E+02
  188,     53,  58,  13,  8,   2.26353E-02,   2.26103E+04,   5.11791E+02
  189,     53,  59,  11,  5,   2.78493E-02,   1.90004E+04,   5.29147E+02
  190,     52,  53,  51,  50,   2.83924E+01,   3.77416E+01,   1.07157E+03
  191,     52,  53,  50,  49,   6.10244E+00,   1.51136E+02,   9.22300E+02
  192,     52,  53,  49,  48,   2.13197E+00,   3.77119E+02,   8.04006E+02
  193,     52,  53,  48,  47,   9.54436E-01,   7.54492E+02,   7.20114E+02
  194,     52,  53,  47,  46,   2.45200E-01,   1.32219E+03,   3.24200E+02
  195,     52,  53,  46,  45,   3.76698E-01,   2.11200E+03,   7.95586E+02
  196,     52,  53,  45,  44,   1.33233E-01,   3.16864E+03,   4.22167E+02
  197,     52,  53,  44,  43,   9.42898E-02,   4.53307E+03,   4.27422E+02
  198,     52,  54,  44,  42,   2.82526E-01,   1.50898E+03,   4.26327E+02
  199,     52,  54,  42,  40,   1.63757E-01,   2.64030E+03,   4.32367E+02
  200,     52,  54,  40,  38,   1.10012E-01,   4.22145E+03,   4.64410E+02
  201,     52,  54,  38,  36,   7.46303E-02,   6.33727E+03,   4.72952E+02
  202,     52,  54,  36,  34,   5.90355E-02,   9.05237E+03,   5.34411E+02
  203,     52,  55,  34,  31,   8.03295E-02,   6.33345E+03,   5.08763E+02
  204,     52,  55,  31,  28,   4.74987E-02,   9.50018E+03,   4.51246E+02
  205,     52,  55,  28,  25,   3.07734E-02,   1.35717E+04,   4.17647E+02
  206,     52,  56,  28,  24,   5.14108E-02,   8.44545E+03,   4.34187E+02
  207,     52,  56,  24,  20,   4.45487E-02,   1.26688E+04,   5.64379E+02
  208,     52,  56,  20,  16,   2.74163E-02,   1.81047E+04,   4.96365E+02
  209,     52,  57,  17,  12,   3.06639E-02,   1.58374E+04,   4.85638E+02
  210,     52,  57,  12,  7,   2.23371E-02,   2.26240E+04,   5.05356E+02
  211,     52,  58,  10,  4,   2.72825E-02,   1.90004E+04,   5.18377E+02
  212,     51,  52,  50,  49,   3.25904E+01,   3.77416E+01,   1.23001E+03
  213,     51,  52,  49,  48,   6.03535E+00,   1.50627E+02,   9.09086E+02
  214,     51,  52,  48,  47,   2.22474E+00,   3.76737E+02,   8.38141E+02
  215,     51,  52,  47,  46,   7.89918E-01,   7.54492E+02,   5.95987E+02
  216,     51,  52,  46,  45,   2.48124E-01,   1.31811E+03,   3.27055E+02
  217,     51,  52,  45,  44,   3.35292E-01,   2.10945E+03,   7.07283E+02
  218,     51,  52,  44,  43,   1.32921E-01,   3.16864E+03,   4.21178E+02
  219,     51,  52,  43,  42,   8.68220E-02,   4.51932E+03,   3.92376E+02
  220,     51,  53,  43,  41,   2.64123E-01,   1.50746E+03,   3.98154E+02
  221,     51,  53,  41,  39,   1.65569E-01,   2.64030E+03,   4.37151E+02
  222,     51,  53,  39,  37,   1.07036E-01,   4.22400E+03,   4.52120E+02
  223,     51,  53,  37,  35,   7.59017E-02,   6.33154E+03,   4.80575E+02
  224,     51,  53,  35,  33,   5.40453E-02,   9.05237E+03,   4.89238E+02
  225,     51,  54,  33,  30,   8.10408E-02,   6.33345E+03,   5.13268E+02
  226,     51,  54,  30,  27,   4.27062E-02,   9.50018E+03,   4.05716E+02
  227,     51,  54,  27,  24,   3.14016E-02,   1.35717E+04,   4.26172E+02
  228,     51,  55,  27,  23,   5.61689E-02,   8.44290E+03,   4.74229E+02
  229,     51,  55,  23,  19,   3.83145E-02,   1.26688E+04,   4.85399E+02
  230,     51,  55,  19,  15,   2.56840E-02,   1.80910E+04,   4.64649E+02
  231,     51,  56,  16,  11,   2.82814E-02,   1.58317E+04,   4.47743E+02
  232,     51,  56,  11,  6,   2.13449E-02,   2.26240E+04,   4.82908E+02
  233,     51,  57,  9,  3,   2.72835E-02,   1.90004E+04,   5.18396E+02
  234,     50,  51,  49,  48,   2.60792E+01,   3.76144E+01,   9.80953E+02
  235,     50,  51,  48,  47,   5.43997E+00,   1.50627E+02,   8.19406E+02
  236,     50,  51,  47,  46,   1.55118E+00,   3.77119E+02,   5.84979E+02
  237,     50,  51,  46,  45,   6.28012E-01,   7.52965E+02,   4.72871E+02
  238,     50,  51,  45,  44,   2.03822E-01,   1.31811E+03,   2.68660E+02
  239,     50,  51,  44,  43,   2.36711E-01,   2.11200E+03,   4.99934E+02
  240,     50,  51,  43,  42,   1.01014E-01,   3.16291E+03,   3.19498E+02
  241,     50,  51,  42,  41,   7.10739E-02,   4.51932E+03,   3.21205E+02
  242,     50,  52,  42,  40,   2.37972E-01,   1.50746E+03,   3.58732E+02
  243,     50,  52,  40,  38,   1.50735E-01,   2.63623E+03,   3.97371E+02
  244,     50,  52,  38,  36,   9.68624E-02,   4.22145E+03,   4.08900E+02
  245,     50,  52,  36,  34,   7.46612E-02,   6.33154E+03,   4.72721E+02
  246,     50,  52,  34,  32,   4.77969E-02,   9.03863E+03,   4.32019E+02
  247,     50,  53,  32,  29,   7.03605E-02,   6.33345E+03,   4.45625E+02
  248,     50,  53,  29,  26,   3.70233E-02,   9.50018E+03,   3.51728E+02
  249,     50,  53,  26,  23,   3.44764E-02,   1.35717E+04,   4.67903E+02
  250,     50,  54,  26,  22,   5.95121E-02,   8.44545E+03,   5.02606E+02
  251,     50,  54,  22,  18,   3.17637E-02,   1.26631E+04,   4.02226E+02
  252,     50,  54,  18,  14,   2.44197E-02,   1.80910E+04,   4.41777E+02
  253,     50,  55,  15,  10,   2.69293E-02,   1.58317E+04,   4.26337E+02
  254,     50,  55,  10,  5,   1.95159E-02,   2.26103E+04,   4.41261E+02
  255,     50,  56,  8,  2,   2.63180E-02,   1.90004E+04,   5.00051E+02
  256,     49,  50,  48,  47,   3.70037E+01,   3.77416E+01,   1.39658E+03
  257,     49,  50,  47,  46,   6.07736E+00,   1.51136E+02,   9.18509E+02
  258,     49,  50,  46,  45,   1.93509E+00,   3.77119E+02,   7.29758E+02
  259,     49,  50,  45,  44,   6.86918E-01,   7.54492E+02,   5.18274E+02
  260,     49,  50,  44,  43,   2.31855E-01,   1.32219E+03,   3.06556E+02
  261,     49,  50,  43,  42,   2.85318E-01,   2.11200E+03,   6.02592E+02
  262,     49,  50,  42,  41,   1.19573E-01,   3.16864E+03,   3.78883E+02
  263,     49,  50,  41,  40,   8.72093E-02,   4.53307E+03,   3.95326E+02
  264,     49,  51,  41,  39,   2.50916E-01,   1.50898E+03,   3.78628E+02
  265,     49,  51,  39,  37,   1.50949E-01,   2.64030E+03,   3.98550E+02
  266,     49,  51,  37,  35,   9.97042E-02,   4.22145E+03,   4.20897E+02
  267,     49,  51,  35,  33,   6.79016E-02,   6.33727E+03,   4.30311E+02
  268,     49,  51,  33,  31,   4.91152E-02,   9.05237E+03,   4.44609E+02
  269,     49,  52,  31,  28,   6.06553E-02,   6.33345E+03,   3.84157E+02
  270,     49,  52,  28,  25,   3.72737E-02,   9.50018E+03,   3.54107E+02
  271,     49,  52,  25,  22,   3.47560E-02,   1.35717E+04,   4.71697E+02
  272,     49,  53,  25,  21,   5.53386E-02,   8.44545E+03,   4.67359E+02
  273,     49,  53,  21,  17,   3.16469E-02,   1.26688E+04,   4.00929E+02
  274,     49,  53,  17,  13,   2.13461E-02,   1.81047E+04,   3.86466E+02
  275,     49,  54,  14,  9,   2.57171E-02,   1.58374E+04,   4.07293E+02
  276,     49,  54,  9,  4,   1.88288E-02,   2.26240E+04,   4.25984E+02
  277,     49,  55,  7,  1,   2.46788E-02,   1.90004E+04,   4.68906E+02
  278,     48,  49,  47,  46,   3.46072E+01,   3.77416E+01,   1.30613E+03
  279,     48,  49,  46,  45,   6.78734E+00,   1.50627E+02,   1.02236E+03
  280,     48,  49,  45,  44,   1.83269E+00,   3.76737E+02,   6.90442E+02
  281,     48,  49,  44,  43,   6.79957E-01,   7.54492E+02,   5.13022E+02
  282,     48,  49,  43,  42,   1.85478E-01,   1.31811E+03,   2.44481E+02
  283,     48,  49,  42,  41,   3.07694E-01,   2.10945E+03,   6.49067E+02
  284,     48,  49,  41,  40,   1.19004E-01,   3.16864E+03,   3.77080E+02
  285,     48,  49,  40,  39,   8.97034E-02,   4.51932E+03,   4.05398E+02
  286,     48,  50,  40,  38,   2.70660E-01,   1.50746E+03,   4.08008E+02
  287,     48,  50,  38,  36,   1.57234E-01,   2.64030E+03,   4.15144E+02
  288,     48,  50,  36,  34,   1.12358E-01,   4.22400E+03,   4.74600E+02
  289,     48,  50,  34,  32,   6.80839E-02,   6.33154E+03,   4.31076E+02
  290,     48,  50,  32,  30,   4.72548E-02,   9.05237E+03,   4.27768E+02
  291,     48,  51,  30,  27,   5.29234E-02,   6.33345E+03,   3.35188E+02
  292,     48,  51,  27,  24,   3.74505E-02,   9.50018E+03,   3.55786E+02
  293,     48,  51,  24,  21,   3.42883E-02,   1.35717E+04,   4.65350E+02
  294,     48,  52,  24,  20,   5.42960E-02,   8.44290E+03,   4.58416E+02
  295,     48,  52,  20,  16,   3.08836E-02,   1.26688E+04,   3.91258E+02
  296,     48,  52,  16,  12,   1.97530E-02,   1.80910E+04,   3.57351E+02
  297,     48,  53,  13,  8,   2.42351E-02,   1.58317E+04,   3.83683E+02
  298,     48,  53,  8,  3,   1.85181E-02,   2.26240E+04,   4.18954E+02
  299,     48,  54,  6,  0,   2.43974E-02,   1.90004E+04,   4.63559E+02
  300,     47,  48,  46,  45,   4.23277E+01,   3.76144E+01,   1.59213E+03
  301,     47,  48,  45,  44,   7.44763E+00,   1.50627E+02,   1.12181E+03
  302,     47,  48,  44,  43,   2.09371E+00,   3.77119E+02,   7.89577E+02
  303,     47,  48,  43,  42,   7.79404E-01,   7.52965E+02,   5.86864E+02
  304,     47,  48,  42,  41,   1.91602E-01,   1.31811E+03,   2.52553E+02
  305,     47,  48,  41,  40,   3.78759E-01,   2.11200E+03,   7.99939E+02
  306,     47,  48,  40,  39,   1.48487E-01,   3.16291E+03,   4.69651E+02
  307,     47,  48,  39,  38,   9.99060E-02,   4.51932E+03,   4.51507E+02
  308,     47,  49,  39,  37,   2.88083E-01,   1.50746E+03,   4.34272E+02
  309,     47,  49,  37,  35,   1.73485E-01,   2.63623E+03,   4.57346E+02
  310,     47,  49,  35,  33,   1.09826E-01,   4.22145E+03,   4.63625E+02
  311,     47,  49,  33,  31,   7.46354E-02,   6.33154E+03,   4.72557E+02
  312,     47,  49,  31,  29,   4.36110E-02,   9.03863E+03,   3.94184E+02
  313,     47,  50,  29,  26,   5.13951E-02,   6.33345E+03,   3.25508E+02
  314,     47,  50,  26,  23,   4.50839E-02,   9.50018E+03,   4.28305E+02
  315,     47,  50,  23,  20,   2.97197E-02,   1.35717E+04,   4.03346E+02
  316,     47,  51,  23,  19,   4.69384E-02,   8.44545E+03,   3.96416E+02
  317,     47,  51,  19,  15,   2.95880E-02,   1.26631E+04,   3.74675E+02
  318,     47,  51,  15,  11,   1.92295E-02,   1.80910E+04,   3.47881E+02
  319,     47,  52,  12,  7,   2.35129E-02,   1.58317E+04,   3.72250E+02
  320,     47,  52,  7,  2,   1.79449E-02,   2.26103E+04,   4.05740E+02
  321,     46,  47,  45,  44,   3.80804E+01,   3.77416E+01,   1.43721E+03
  322,     46,  47,  44,  43,   6.76850E+00,   1.51136E+02,   1.02297E+03
  323,     46,  47,  43,  42,   1.95633E+00,   3.77119E+02,   7.37768E+02
  324,     46,  47,  42,  41,   7.22030E-01,   7.54492E+02,   5.44766E+02
  325,     46,  47,  41,  40,   2.45501E-01,   1.32219E+03,   3.24598E+02
  326,     46,  47,  40,  39,   3.14589E-01,   2.11200E+03,   6.64412E+02
  327,     46,  47,  39,  38,   1.32839E-01,   3.16864E+03,   4.20918E+02
  328,     46,  47,  38,  37,   9.12254E-02,   4.53307E+03,   4.13531E+02
  329,     46,  48,  38,  36,   2.81530E-01,   1.50898E+03,   4.24824E+02
  330,     46,  48,  36,  34,   1.84205E-01,   2.64030E+03,   4.86356E+02
  331,     46,  48,  34,  32,   1.01430E-01,   4.22145E+03,   4.28182E+02
  332,     46,  48,  32,  30,   6.69656E-02,   6.33727E+03,   4.24379E+02
  333,     46,  48,  30,  28,   3.76459E-02,   9.05237E+03,   3.40785E+02
  334,     46,  49,  28,  25,   5.08173E-02,   6.33345E+03,   3.21849E+02
  335,     46,  49,  25,  22,   4.43708E-02,   9.50018E+03,   4.21530E+02
  336,     46,  49,  22,  19,   2.39373E-02,   1.35717E+04,   3.24869E+02
  337,     46,  50,  22,  18,   3.91844E-02,   8.44545E+03,   3.30930E+02
  338,     46,  50,  18,  14,   2.76876E-02,   1.26688E+04,   3.50769E+02
  339,     46,  50,  14,  10,   1.84457E-02,   1.81047E+04,   3.33955E+02
  340,     46,  51,  11,  6,   2.23618E-02,   1.58374E+04,   3.54154E+02
  341,     46,  51,  6,  1,   1.70212E-02,   2.26240E+04,   3.85088E+02
  342,     45,  46,  44,  43,   4.82802E+01,   3.77416E+01,   1.82217E+03
  343,     45,  46,  43,  42,   8.77579E+00,   1.50627E+02,   1.32187E+03
  344,     45,  46,  42,  41,   2.45714E+00,   3.76737E+02,   9.25695E+02
  345,     45,  46,  41,  40,   9.03480E-01,   7.54492E+02,   6.81668E+02
  346,     45,  46,  40,  39,   1.82202E-01,   1.31811E+03,   2.40163E+02
  347,     45,  46,  39,  38,   5.68158E-01,   2.10945E+03,   1.19850E+03
  348,     45,  46,  38,  37,   1.66081E-01,   3.16864E+03,   5.26250E+02
  349,     45,  46,  37,  36,   1.09426E-01,   4.51932E+03,   4.94531E+02
  350,     45,  47,  37,  35,   3.16558E-01,   1.50746E+03,   4.77197E+02
  351,     45,  47,  35,  33,   1.79875E-01,   2.64030E+03,   4.74923E+02
  352,     45,  47,  33,  31,   1.09995E-01,   4.22400E+03,   4.64619E+02
  353,     45,  47,  31,  29,   5.94460E-02,   6.33154E+03,   3.76385E+02
  354,     45,  47,  29,  27,   3.31911E-02,   9.05237E+03,   3.00458E+02
  355,     45,  48,  27,  24,   5.25062E-02,   6.33345E+03,   3.32545E+02
  356,     45,  48,  24,  21,   4.42747E-02,   9.50018E+03,   4.20617E+02
  357,     45,  48,  21,  18,   2.24154E-02,   1.35717E+04,   3.04215E+02
  358,     45,  49,  21,  17,   3.92747E-02,   8.44290E+03,   3.31593E+02
  359,     45,  49,  17,  13,   2.48500E-02,   1.26688E+04,   3.14820E+02
  360,     45,  49,  13,  9,   1.74309E-02,   1.80910E+04,   3.15342E+02
  361,     45,  50,  10,  5,   2.08296E-02,   1.58317E+04,   3.29768E+02
  362,     45,  50,  5,  0,   1.74077E-02,   2.26240E+04,   3.93833E+02
  363,     44,  45,  43,  42,   4.38445E+01,   3.76144E+01,   1.64918E+03
  364,     44,  45,  42,  41,   7.49710E+00,   1.50627E+02,   1.12927E+03
  365,     44,  45,  41,  40,   2.15001E+00,   3.77119E+02,   8.10809E+02
  366,     44,  45,  40,  39,   9.91793E-01,   7.52965E+02,   7.46786E+02
  367,     44,  45,  39,  38,   1.39811E-01,   1.31811E+03,   1.84287E+02
  368,     44,  45,  38,  37,   5.69839E-01,   2.11200E+03,   1.20350E+03
  369,     44,  45,  37,  36,   1.61607E-01,   3.16291E+03,   5.11149E+02
  370,     44,  45,  36,  35,   1.27958E-01,   4.51932E+03,   5.78283E+02
  371,     44,  46,  36,  34,   3.73491E-01,   1.50746E+03,   5.63021E+02
  372,     44,  46,  34,  32,   1.82501E-01,   2.63623E+03,   4.81114E+02
  373,     44,  46,  32,  30,   1.07117E-01,   4.22145E+03,   4.52189E+02
  374,     44,  46,  30,  28,   5.49832E-02,   6.33154E+03,   3.48129E+02
  375,     44,  46,  28,  26,   3.14264E-02,   9.03863E+03,   2.84052E+02
  376,     44,  47,  26,  23,   5.80390E-02,   6.33345E+03,   3.67587E+02
  377,     44,  47,  23,  20,   3.50537E-02,   9.50018E+03,   3.33016E+02
  378,     44,  47,  20,  17,   2.26806E-02,   1.35717E+04,   3.07814E+02
  379,     44,  48,  20,  16,   3.84461E-02,   8.44545E+03,   3.24695E+02
  380,     44,  48,  16,  12,   2.28213E-02,   1.26631E+04,   2.88988E+02
  381,     44,  48,  12,  8,   1.63110E-02,   1.80910E+04,   2.95082E+02
  382,     44,  49,  9,  4,   2.02806E-02,   1.58317E+04,   3.21077E+02
  383,     43,  44,  42,  41,   4.16206E+01,   3.77416E+01,   1.57083E+03
  384,     43,  44,  41,  40,   6.32291E+00,   1.51136E+02,   9.55621E+02
  385,     43,  44,  40,  39,   2.42941E+00,   3.77119E+02,   9.16176E+02
  386,     43,  44,  39,  38,   9.34296E-01,   7.54492E+02,   7.04919E+02
  387,     43,  44,  38,  37,   2.53052E-01,   1.32219E+03,   3.34582E+02
  388,     43,  44,  37,  36,   4.70146E-01,   2.11200E+03,   9.92948E+02
  389,     43,  44,  36,  35,   2.05146E-01,   3.16864E+03,   6.50033E+02
  390,     43,  44,  35,  34,   1.38997E-01,   4.53307E+03,   6.30083E+02
  391,     43,  45,  35,  33,   3.64430E-01,   1.50898E+03,   5.49919E+02
  392,     43,  45,  33,  31,   1.98949E-01,   2.64030E+03,   5.25284E+02
  393,     43,  45,  31,  29,   9.42916E-02,   4.22145E+03,   3.98048E+02
  394,     43,  45,  29,  27,   4.87184E-02,   6.33727E+03,   3.08742E+02
  395,     43,  45,  27,  25,   3.58201E-02,   9.05237E+03,   3.24257E+02
  396,     43,  46,  25,  22,   6.18732E-02,   6.33345E+03,   3.91871E+02
  397,     43,  46,  22,  19,   3.14527E-02,   9.50018E+03,   2.98806E+02
  398,     43,  46,  19,  16,   2.36043E-02,   1.35717E+04,   3.20350E+02
  399,     43,  47,  19,  15,   3.66439E-02,   8.44545E+03,   3.09474E+02
  400,     43,  47,  15,  11,   2.19586E-02,   1.26688E+04,   2.78189E+02
  401,     43,  47,  11,  7,   1.62634E-02,   1.81047E+04,   2.94445E+02
  402,     43,  48,  8,  3,   2.03385E-02,   1.58374E+04,   3.22110E+02
  403,     42,  43,  41,  40,   3.15710E+01,   3.77416E+01,   1.19154E+03
  404,     42,  43,  40,  39,   7.42207E+00,   1.50627E+02,   1.11796E+03
  405,     42,  43,  39,  38,   2.14589E+00,   3.76737E+02,   8.08436E+02
  406,     42,  43,  38,  37,   8.45372E-01,   7.54492E+02,   6.37826E+02
  407,     42,  43,  37,  36,   2.44612E-01,   1.31811E+03,   3.22426E+02
  408,     42,  43,  36,  35,   4.92168E-01,   2.10945E+03,   1.03821E+03
  409,     42,  43,  35,  34,   1.99963E-01,   3.16864E+03,   6.33610E+02
  410,     42,  43,  34,  33,   1.13386E-01,   4.51932E+03,   5.12427E+02
  411,     42,  44,  34,  32,   3.50445E-01,   1.50746E+03,   5.28280E+02
  412,     42,  44,  32,  30,   1.83315E-01,   2.64030E+03,   4.84006E+02
  413,     42,  44,  30,  28,   8.18915E-02,   4.22400E+03,   3.45909E+02
  414,     42,  44,  28,  26,   4.43376E-02,   6.33154E+03,   2.80725E+02
  415,     42,  44,  26,  24,   3.74022E-02,   9.05237E+03,   3.38579E+02
  416,     42,  45,  24,  21,   6.16918E-02,   6.33345E+03,   3.90722E+02
  417,     42,  45,  21,  18,   2.91736E-02,   9.50018E+03,   2.77154E+02
  418,     42,  45,  18,  15,   2.26963E-02,   1.35717E+04,   3.08027E+02
  419,     42,  46,  18,  14,   3.60432E-02,   8.44290E+03,   3.04309E+02
  420,     42,  46,  14,  10,   2.23686E-02,   1.26688E+04,   2.83384E+02
  421,     42,  46,  10,  6,   1.57647E-02,   1.80910E+04,   2.85199E+02
  422,     42,  47,  7,  2,   1.92219E-02,   1.58317E+04,   3.04316E+02
  423,     41,  42,  40,  39,   4.08932E+01,   3.76144E+01,   1.53817E+03
  424,     41,  42,  39,  38,   6.90435E+00,   1.50627E+02,   1.03998E+03
  425,     41,  42,  38,  37,   1.99952E+00,   3.77119E+02,   7.54056E+02
  426,     41,  42,  37,  36,   8.46089E-01,   7.52965E+02,   6.37076E+02
  427,     41,  42,  36,  35,   3.85740E-01,   1.31811E+03,   5.08449E+02
  428,     41,  42,  35,  34,   4.86175E-01,   2.11200E+03,   1.02680E+03
  429,     41,  42,  34,  33,   1.78218E-01,   3.16291E+03,   5.63688E+02
  430,     41,  42,  33,  32,   1.34689E-01,   4.51932E+03,   6.08702E+02
  431,     41,  43,  33,  31,   3.74887E-01,   1.50746E+03,   5.65126E+02
  432,     41,  43,  31,  29,   1.54621E-01,   2.63623E+03,   4.07616E+02
  433,     41,  43,  29,  27,   7.03302E-02,   4.22145E+03,   2.96896E+02
  434,     41,  43,  27,  25,   4.76763E-02,   6.33154E+03,   3.01865E+02
  435,     41,  43,  25,  23,   3.89113E-02,   9.03863E+03,   3.51705E+02
  436,     41,  44,  23,  20,   5.12519E-02,   6.33345E+03,   3.24601E+02
  437,     41,  44,  20,  17,   3.10974E-02,   9.50018E+03,   2.95431E+02
  438,     41,  44,  17,  14,   1.97023E-02,   1.35717E+04,   2.67393E+02
  439,     41,  45,  17,  13,   3.20080E-02,   8.44545E+03,   2.70322E+02
  440,     41,  45,  13,  9,   2.10656E-02,   1.26631E+04,   2.66755E+02
  441,     41,  45,  9,  5,   1.54380E-02,   1.80910E+04,   2.79289E+02
  442,     41,  46,  6,  1,   1.94699E-02,   1.58317E+04,   3.08242E+02
  443,     40,  41,  39,  38,   3.69067E+01,   3.77416E+01,   1.39292E+03
  444,     40,  41,  38,  37,   6.11714E+00,   1.51136E+02,   9.24522E+02
  445,     40,  41,  37,  36,   1.96900E+00,   3.77119E+02,   7.42546E+02
  446,     40,  41,  36,  35,   1.11223E+00,   7.54492E+02,   8.39168E+02
  447,     40,  41,  35,  34,   4.54019E-01,   1.32219E+03,   6.00298E+02
  448,     40,  41,  34,  33,   4.47306E-01,   2.11200E+03,   9.44710E+02
  449,     40,  41,  33,  32,   2.22446E-01,   3.16864E+03,   7.04850E+02
  450,     40,  41,  32,  31,   1.42246E-01,   4.53307E+03,   6.44811E+02
  451,     40,  42,  32,  30,   3.65735E-01,   1.50898E+03,   5.51888E+02
  452,     40,  42,  30,  28,   1.39970E-01,   2.64030E+03,   3.69562E+02
  453,     40,  42,  28,  26,   6.62039E-02,   4.22145E+03,   2.79477E+02
  454,     40,  42,  26,  24,   5.30261E-02,   6.33727E+03,   3.36041E+02
  455,     40,  42,  24,  22,   4.62791E-02,   9.05237E+03,   4.18935E+02
  456,     40,  43,  22,  19,   4.34874E-02,   6.33345E+03,   2.75425E+02
  457,     40,  43,  19,  16,   3.12419E-02,   9.50018E+03,   2.96804E+02
  458,     40,  43,  16,  13,   1.85895E-02,   1.35717E+04,   2.52291E+02
  459,     40,  44,  16,  12,   3.09585E-02,   8.44545E+03,   2.61458E+02
  460,     40,  44,  12,  8,   2.11322E-02,   1.26688E+04,   2.67720E+02
  461,     40,  44,  8,  4,   1.56539E-02,   1.81047E+04,   2.83410E+02
  462,     40,  45,  5,  0,   2.06630E-02,   1.58374E+04,   3.27249E+02
  463,     39,  40,  38,  37,   3.06150E+01,   3.77416E+01,   1.15546E+03
  464,     39,  40,  37,  36,   5.59096E+00,   1.50627E+02,   8.42149E+02
  465,     39,  40,  36,  35,   2.54020E+00,   3.76737E+02,   9.56987E+02
  466,     39,  40,  35,  34,   1.17197E+00,   7.54492E+02,   8.84242E+02
  467,     39,  40,  34,  33,   3.70809E-01,   1.31811E+03,   4.88768E+02
  468,     39,  40,  33,  32,   5.48992E-01,   2.10945E+03,   1.15807E+03
  469,     39,  40,  32,  31,   2.29461E-01,   3.16864E+03,   7.27078E+02
  470,     39,  40,  31,  30,   1.23286E-01,   4.51932E+03,   5.57168E+02
  471,     39,  41,  31,  29,   3.23268E-01,   1.50746E+03,   4.87312E+02
  472,     39,  41,  29,  27,   1.25831E-01,   2.64030E+03,   3.32231E+02
  473,     39,  41,  27,  25,   7.66221E-02,   4.22400E+03,   3.23652E+02
  474,     39,  41,  25,  23,   5.95566E-02,   6.33154E+03,   3.77085E+02
  475,     39,  41,  23,  21,   3.93403E-02,   9.05237E+03,   3.56123E+02
  476,     39,  42,  21,  18,   4.23110E-02,   6.33345E+03,   2.67975E+02
  477,     39,  42,  18,  15,   3.11593E-02,   9.50018E+03,   2.96019E+02
  478,     39,  42,  15,  12,   1.91772E-02,   1.35717E+04,   2.60267E+02
  479,     39,  43,  15,  11,   3.08001E-02,   8.44290E+03,   2.60042E+02
  480,     39,  43,  11,  7,   2.13899E-02,   1.26688E+04,   2.70985E+02
  481,     39,  43,  7,  3,   1.53893E-02,   1.80910E+04,   2.78408E+02
  482,     38,  39,  37,  36,   2.96490E+01,   3.76144E+01,   1.11523E+03
  483,     38,  39,  36,  35,   7.54684E+00,   1.50627E+02,   1.13676E+03
  484,     38,  39,  35,  34,   2.69279E+00,   3.77119E+02,   1.01550E+03
  485,     38,  39,  34,  33,   1.10216E+00,   7.52965E+02,   8.29888E+02
  486,     38,  39,  33,  32,   3.55291E-01,   1.31811E+03,   4.68314E+02
  487,     38,  39,  32,  31,   7.24874E-01,   2.11200E+03,   1.53093E+03
  488,     38,  39,  31,  30,   2.01173E-01,   3.16291E+03,   6.36292E+02
  489,     38,  39,  30,  29,   1.09193E-01,   4.51932E+03,   4.93478E+02
  490,     38,  40,  30,  28,   2.85219E-01,   1.50746E+03,   4.29955E+02
  491,     38,  40,  28,  26,   1.14398E-01,   2.63623E+03,   3.01579E+02
  492,     38,  40,  26,  24,   8.33429E-02,   4.22145E+03,   3.51828E+02
  493,     38,  40,  24,  22,   6.73928E-02,   6.33154E+03,   4.26700E+02
  494,     38,  40,  22,  20,   3.10131E-02,   9.03863E+03,   2.80316E+02
  495,     38,  41,  20,  17,   4.63897E-02,   6.33345E+03,   2.93807E+02
  496,     38,  41,  17,  14,   2.79575E-02,   9.50018E+03,   2.65601E+02
  497,     38,  41,  14,  11,   1.93758E-02,   1.35717E+04,   2.62962E+02
  498,     38,  42,  14,  10,   3.14156E-02,   8.44545E+03,   2.65319E+02
  499,     38,  42,  10,  6,   2.10809E-02,   1.26631E+04,   2.66949E+02
  500,     38,  42,  6,  2,   1.58374E-02,   1.80910E+04,   2.86514E+02
  501,     37,  38,  36,  35,   4.24601E+01,   3.77416E+01,   1.60251E+03
  502,     37,  38,  35,  34,   7.85526E+00,   1.51136E+02,   1.18721E+03
  503,     37,  38,  34,  33,   2.59148E+00,   3.77119E+02,   9.77295E+02
  504,     37,  38,  33,  32,   1.40339E+00,   7.54492E+02,   1.05885E+03
  505,     37,  38,  32,  31,   2.69711E-01,   1.32219E+03,   3.56608E+02
  506,     37,  38,  31,  30,   8.16428E-01,   2.11200E+03,   1.72430E+03
  507,     37,  38,  30,  29,   1.79430E-01,   3.16864E+03,   5.68548E+02
  508,     37,  38,  29,  28,   9.71550E-02,   4.53307E+03,   4.40410E+02
  509,     37,  39,  29,  27,   2.52782E-01,   1.50898E+03,   3.81444E+02
  510,     37,  39,  27,  25,   1.31542E-01,   2.64030E+03,   3.47310E+02
  511,     37,  39,  25,  23,   9.25395E-02,   4.22145E+03,   3.90651E+02
  512,     37,  39,  23,  21,   5.65087E-02,   6.33727E+03,   3.58111E+02
  513,     37,  39,  21,  19,   3.04459E-02,   9.05237E+03,   2.75608E+02
  514,     37,  40,  19,  16,   4.72243E-02,   6.33345E+03,   2.99093E+02
  515,     37,  40,  16,  13,   2.64648E-02,   9.50018E+03,   2.51420E+02
  516,     37,  40,  13,  10,   1.95223E-02,   1.35717E+04,   2.64950E+02
  517,     37,  41,  13,  9,   3.12206E-02,   8.44545E+03,   2.63672E+02
  518,     37,  41,  9,  5,   2.13894E-02,   1.26688E+04,   2.70978E+02
  519,     37,  41,  5,  1,   1.68177E-02,   1.81047E+04,   3.04480E+02
  520,     36,  37,  35,  34,   3.41563E+01,   3.77416E+01,   1.28911E+03
  521,     36,  37,  34,  33,   6.58037E+00,   1.50627E+02,   9.91181E+02
  522,     36,  37,  33,  32,   2.85394E+00,   3.76737E+02,   1.07518E+03
  523,     36,  37,  32,  31,   1.32024E+00,   7.54492E+02,   9.96110E+02
  524,     36,  37,  31,  30,   2.97713E-01,   1.31811E+03,   3.92419E+02
  525,     36,  37,  30,  29,   5.38794E-01,   2.10945E+03,   1.13656E+03
  526,     36,  37,  29,  28,   1.39096E-01,   3.16864E+03,   4.40745E+02
  527,     36,  37,  28,  27,   7.57013E-02,   4.51932E+03,   3.42118E+02
  528,     36,  38,  28,  26,   2.18441E-01,   1.50746E+03,   3.29290E+02
  529,     36,  38,  26,  24,   1.42850E-01,   2.64030E+03,   3.77166E+02
  530,     36,  38,  24,  22,   1.04678E-01,   4.22400E+03,   4.42160E+02
  531,     36,  38,  22,  20,   4.50503E-02,   6.33154E+03,   2.85238E+02
  532,     36,  38,  20,  18,   3.05649E-02,   9.05237E+03,   2.76685E+02
  533,     36,  39,  18,  15,   4.68946E-02,   6.33345E+03,   2.97005E+02
  534,     36,  39,  15,  12,   2.70807E-02,   9.50018E+03,   2.57271E+02
  535,     36,  39,  12,  9,   1.89779E-02,   1.35717E+04,   2.57562E+02
  536,     36,  40,  12,  8,   3.05025E-02,   8.44290E+03,   2.57530E+02
  537,     36,  40,  8,  4,   2.15553E-02,   1.26688E+04,   2.73080E+02
  538,     36,  40,  4,  0,   1.75997E-02,   1.80910E+04,   3.18396E+02
  539,     35,  36,  34,  33,   3.19448E+01,   3.76144E+01,   1.20158E+03
  540,     35,  36,  33,  32,   7.93482E+00,   1.50627E+02,   1.19520E+03
  541,     35,  36,  32,  31,   3.00330E+00,   3.77119E+02,   1.13260E+03
  542,     35,  36,  31,  30,   1.13693E+00,   7.52965E+02,   8.56069E+02
  543,     35,  36,  30,  29,   2.05482E-01,   1.31811E+03,   2.70848E+02
  544,     35,  36,  29,  28,   5.13137E-01,   2.11200E+03,   1.08375E+03
  545,     35,  36,  28,  27,   1.19034E-01,   3.16291E+03,   3.76494E+02
  546,     35,  36,  27,  26,   7.44040E-02,   4.51932E+03,   3.36255E+02
  547,     35,  37,  27,  25,   2.40615E-01,   1.50746E+03,   3.62716E+02
  548,     35,  37,  25,  23,   1.56809E-01,   2.63623E+03,   4.13384E+02
  549,     35,  37,  23,  21,   8.71872E-02,   4.22145E+03,   3.68057E+02
  550,     35,  37,  21,  19,   4.46907E-02,   6.33154E+03,   2.82961E+02
  551,     35,  37,  19,  17,   3.42368E-02,   9.03863E+03,   3.09454E+02
  552,     35,  38,  17,  14,   4.33740E-02,   6.33345E+03,   2.74707E+02
  553,     35,  38,  14,  11,   2.79442E-02,   9.50018E+03,   2.65475E+02
  554,     35,  38,  11,  8,   1.95538E-02,   1.35717E+04,   2.65378E+02
  555,     35,  39,  11,  7,   3.21501E-02,   8.44545E+03,   2.71522E+02
  556,     35,  39,  7,  3,   2.18782E-02,   1.26631E+04,   2.77046E+02
  557,     34,  35,  33,  32,   3.82974E+01,   3.77416E+01,   1.44540E+03
  558,     34,  35,  32,  31,   8.58222E+00,   1.51136E+02,   1.29708E+03
  559,     34,  35,  31,  30,   2.70807E+00,   3.77119E+02,   1.02126E+03
  560,     34,  35,  30,  29,   1.00591E+00,   7.54492E+02,   7.58951E+02
  561,     34,  35,  29,  28,   1.33652E-01,   1.32219E+03,   1.76713E+02
  562,     34,  35,  28,  27,   4.86496E-01,   2.11200E+03,   1.02748E+03
  563,     34,  35,  27,  26,   1.16760E-01,   3.16864E+03,   3.69970E+02
  564,     34,  35,  26,  25,   1.05913E-01,   4.53307E+03,   4.80111E+02
  565,     34,  36,  26,  24,   2.82124E-01,   1.50898E+03,   4.25720E+02
  566,     34,  36,  24,  22,   1.88030E-01,   2.64030E+03,   4.96455E+02
  567,     34,  36,  22,  20,   7.33085E-02,   4.22145E+03,   3.09468E+02
  568,     34,  36,  20,  18,   4.74624E-02,   6.33727E+03,   3.00782E+02
  569,     34,  36,  18,  16,   3.83079E-02,   9.05237E+03,   3.46777E+02
  570,     34,  37,  16,  13,   4.16925E-02,   6.33345E+03,   2.64057E+02
  571,     34,  37,  13,  10,   2.93357E-02,   9.50018E+03,   2.78694E+02
  572,     34,  37,  10,  7,   2.03250E-02,   1.35717E+04,   2.75844E+02
  573,     34,  38,  10,  6,   3.25848E-02,   8.44545E+03,   2.75193E+02
  574,     34,  38,  6,  2,   2.32618E-02,   1.26688E+04,   2.94699E+02
  575,     33,  34,  32,  31,   3.06917E+01,   3.77416E+01,   1.15835E+03
  576,     33,  34,  31,  30,   5.57527E+00,   1.50627E+02,   8.39786E+02
  577,     33,  34,  30,  29,   1.77954E+00,   3.76737E+02,   6.70418E+02
  578,     33,  34,  29,  28,   6.51715E-01,   7.54492E+02,   4.91714E+02
  579,     33,  34,  28,  27,   1.22119E-01,   1.31811E+03,   1.60967E+02
  580,     33,  34,  27,  26,   2.99050E-01,   2.10945E+03,   6.30833E+02
  581,     33,  34,  26,  25,   1.29912E-01,   3.16864E+03,   4.11644E+02
  582,     33,  34,  25,  24,   7.71218E-02,   4.51932E+03,   3.48538E+02
  583,     33,  35,  25,  23,   2.81795E-01,   1.50746E+03,   4.24794E+02
  584,     33,  35,  23,  21,   1.40823E-01,   2.64030E+03,   3.71814E+02
  585,     33,  35,  21,  19,   6.60604E-02,   4.22400E+03,   2.79039E+02
  586,     33,  35,  19,  17,   4.80322E-02,   6.33154E+03,   3.04118E+02
  587,     33,  35,  17,  15,   3.00191E-02,   9.05237E+03,   2.71744E+02
  588,     33,  36,  15,  12,   4.15528E-02,   6.33345E+03,   2.63173E+02
  589,     33,  36,  12,  9,   2.76315E-02,   9.50018E+03,   2.62504E+02
  590,     33,  36,  9,  6,   2.04332E-02,   1.35717E+04,   2.77313E+02
  591,     33,  37,  9,  5,   3.21279E-02,   8.44290E+03,   2.71253E+02
  592,     33,  37,  5,  1,   2.37388E-02,   1.26688E+04,   3.00742E+02
  593,     32,  33,  31,  30,   2.82199E+01,   3.76144E+01,   1.06147E+03
  594,     32,  33,  30,  29,   5.21130E+00,   1.50627E+02,   7.84962E+02
  595,     32,  33,  29,  28,   1.56605E+00,   3.77119E+02,   5.90587E+02
  596,     32,  33,  28,  27,   5.72462E-01,   7.52965E+02,   4.31044E+02
  597,     32,  33,  27,  26,   1.76971E-01,   1.31811E+03,   2.33268E+02
  598,     32,  33,  26,  25,   3.34841E-01,   2.11200E+03,   7.07184E+02
  599,     32,  33,  25,  24,   1.32818E-01,   3.16291E+03,   4.20092E+02
  600,     32,  33,  24,  23,   1.26665E-01,   4.51932E+03,   5.72439E+02
  601,     32,  34,  24,  22,   3.23660E-01,   1.50746E+03,   4.87903E+02
  602,     32,  34,  22,  20,   1.12088E-01,   2.63623E+03,   2.95489E+02
  603,     32,  34,  20,  18,   6.67424E-02,   4.22145E+03,   2.81750E+02
  604,     32,  34,  18,  16,   5.08003E-02,   6.33154E+03,   3.21644E+02
  605,     32,  34,  16,  14,   2.72923E-02,   9.03863E+03,   2.46685E+02
  606,     32,  35,  14,  11,   4.16490E-02,   6.33345E+03,   2.63782E+02
  607,     32,  35,  11,  8,   2.77499E-02,   9.50018E+03,   2.63629E+02
  608,     32,  35,  8,  5,   2.03417E-02,   1.35717E+04,   2.76071E+02
  609,     32,  36,  8,  4,   3.29427E-02,   8.44545E+03,   2.78216E+02
  610,     32,  36,  4,  0,   2.57314E-02,   1.26631E+04,   3.25839E+02
  611,     31,  32,  30,  29,   2.38875E+01,   3.77416E+01,   9.01552E+02
  612,     31,  32,  29,  28,   4.41358E+00,   1.51136E+02,   6.67052E+02
  613,     31,  32,  28,  27,   1.29953E+00,   3.77119E+02,   4.90077E+02
  614,     31,  32,  27,  26,   5.60187E-01,   7.54492E+02,   4.22656E+02
  615,     31,  32,  26,  25,   3.87876E-01,   1.32219E+03,   5.12845E+02
  616,     31,  32,  25,  24,   2.58467E-01,   2.11200E+03,   5.45882E+02
  617,     31,  32,  24,  23,   2.11006E-01,   3.16864E+03,   6.68601E+02
  618,     31,  32,  23,  22,   1.19297E-01,   4.53307E+03,   5.40781E+02
  619,     31,  33,  23,  21,   2.93383E-01,   1.50898E+03,   4.42710E+02
  620,     31,  33,  21,  19,   1.22231E-01,   2.64030E+03,   3.22726E+02
  621,     31,  33,  19,  17,   8.06615E-02,   4.22145E+03,   3.40509E+02
  622,     31,  33,  17,  15,   4.70720E-02,   6.33727E+03,   2.98308E+02
  623,     31,  33,  15,  13,   3.13164E-02,   9.05237E+03,   2.83488E+02
  624,     31,  34,  13,  10,   4.31678E-02,   6.33345E+03,   2.73401E+02
  625,     31,  34,  10,  7,   2.89400E-02,   9.50018E+03,   2.74935E+02
  626,     31,  34,  7,  4,   1.97790E-02,   1.35717E+04,   2.68434E+02
  627,     31,  35,  7,  3,   3.36847E-02,   8.44545E+03,   2.84482E+02
  628,     30,  31,  29,  28,   1.67942E+01,   3.77416E+01,   6.33839E+02
  629,     30,  31,  28,  27,   3.07161E+00,   1.50627E+02,   4.62667E+02
  630,     30,  31,  27,  26,   1.08454E+00,   3.76737E+02,   4.08586E+02
  631,     30,  31,  26,  25,   7.31747E-01,   7.54492E+02,   5.52097E+02
  632,     30,  31,  25,  24,   3.66913E-01,   1.31811E+03,   4.83633E+02
  633,     30,  31,  24,  23,   3.27837E-01,   2.10945E+03,   6.91557E+02
  634,     30,  31,  23,  22,   1.69613E-01,   3.16864E+03,   5.37442E+02
  635,     30,  31,  22,  21,   8.09325E-02,   4.51932E+03,   3.65760E+02
  636,     30,  32,  22,  20,   2.31591E-01,   1.50746E+03,   3.49113E+02
  637,     30,  32,  20,  18,   1.24665E-01,   2.64030E+03,   3.29152E+02
  638,     30,  32,  18,  16,   8.57160E-02,   4.22400E+03,   3.62064E+02
  639,     30,  32,  16,  14,   4.33129E-02,   6.33154E+03,   2.74238E+02
  640,     30,  32,  14,  12,   3.19547E-02,   9.05237E+03,   2.89266E+02
  641,     30,  33,  12,  9,   4.37952E-02,   6.33345E+03,   2.77375E+02
  642,     30,  33,  9,  6,   3.06382E-02,   9.50018E+03,   2.91068E+02
  643,     30,  33,  6,  3,   2.15092E-02,   1.35717E+04,   2.91916E+02
  644,     30,  34,  6,  2,   3.42349E-02,   8.44290E+03,   2.89042E+02
  645,     29,  30,  28,  27,   9.89550E+00,   3.76144E+01,   3.72213E+02
  646,     29,  30,  27,  26,   2.38184E+00,   1.50627E+02,   3.58769E+02
  647,     29,  30,  26,  25,   1.39654E+00,   3.77119E+02,   5.26661E+02
  648,     29,  30,  25,  24,   6.61919E-01,   7.52965E+02,   4.98402E+02
  649,     29,  30,  24,  23,   5.03590E-01,   1.31811E+03,   6.63788E+02
  650,     29,  30,  23,  22,   2.93625E-01,   2.11200E+03,   6.20136E+02
  651,     29,  30,  22,  21,   1.16914E-01,   3.16291E+03,   3.69789E+02
  652,     29,  30,  21,  20,   7.23241E-02,   4.51932E+03,   3.26855E+02
  653,     29,  31,  21,  19,   2.19162E-01,   1.50746E+03,   3.30377E+02
  654,     29,  31,  19,  17,   1.30039E-01,   2.63623E+03,   3.42812E+02
  655,     29,  31,  17,  15,   6.85258E-02,   4.22145E+03,   2.89278E+02
  656,     29,  31,  15,  13,   4.31907E-02,   6.33154E+03,   2.73464E+02
  657,     29,  31,  13,  11,   2.99446E-02,   9.03863E+03,   2.70658E+02
  658,     29,  32,  11,  8,   4.31238E-02,   6.33345E+03,   2.73122E+02
  659,     29,  32,  8,  5,   2.98551E-02,   9.50018E+03,   2.83629E+02
  660,     29,  32,  5,  2,   2.25431E-02,   1.35717E+04,   3.05948E+02
  661,     29,  33,  5,  1,   3.65465E-02,   8.44545E+03,   3.08652E+02
  662,     28,  29,  27,  26,   7.08428E+00,   3.77416E+01,   2.67372E+02
  663,     28,  29,  26,  25,   2.89216E+00,   1.51136E+02,   4.37110E+02
  664,     28,  29,  25,  24,   1.21571E+00,   3.77119E+02,   4.58467E+02
  665,     28,  29,  24,  23,   8.93043E-01,   7.54492E+02,   6.73794E+02
  666,     28,  29,  23,  22,   2.57100E-01,   1.32219E+03,   3.39934E+02
  667,     28,  29,  22,  21,   3.13606E-01,   2.11200E+03,   6.62336E+02
  668,     28,  29,  21,  20,   1.00731E-01,   3.16864E+03,   3.19180E+02
  669,     28,  29,  20,  19,   7.36282E-02,   4.53307E+03,   3.33762E+02
  670,     28,  30,  20,  18,   2.12331E-01,   1.50898E+03,   3.20404E+02
  671,     28,  30,  18,  16,   1.30740E-01,   2.64030E+03,   3.45192E+02
  672,     28,  30,  16,  14,   6.02286E-02,   4.22145E+03,   2.54252E+02
  673,     28,  30,  14,  12,   4.17568E-02,   6.33727E+03,   2.64624E+02
  674,     28,  30,  12,  10,   2.89149E-02,   9.05237E+03,   2.61748E+02
  675,     28,  31,  10,  7,   4.07218E-02,   6.33345E+03,   2.57910E+02
  676,     28,  31,  7,  4,   2.70620E-02,   9.50018E+03,   2.57094E+02
  677,     28,  31,  4,  1,   2.15469E-02,   1.35717E+04,   2.92428E+02
  678,     28,  32,  4,  0,   3.70290E-02,   8.44545E+03,   3.12727E+02
  679,     27,  28,  26,  25,   8.79268E+00,   3.77416E+01,   3.31849E+02
  680,     27,  28,  25,  24,   2.54118E+00,   1.50627E+02,   3.82770E+02
  681,     27,  28,  24,  23,   1.74784E+00,   3.76737E+02,   6.58476E+02
  682,     27,  28,  23,  22,   6.85082E-01,   7.54492E+02,   5.16889E+02
  683,     27,  28,  22,  21,   9.80398E-02,   1.31811E+03,   1.29228E+02
  684,     27,  28,  21,  20,   3.19806E-01,   2.10945E+03,   6.74616E+02
  685,     27,  28,  20,  19,   1.07180E-01,   3.16864E+03,   3.39614E+02
  686,     27,  28,  19,  18,   6.78824E-02,   4.51932E+03,   3.06782E+02
  687,     27,  29,  19,  17,   2.20046E-01,   1.50746E+03,   3.31710E+02
  688,     27,  29,  17,  15,   1.04101E-01,   2.64030E+03,   2.74857E+02
  689,     27,  29,  15,  13,   5.97977E-02,   4.22400E+03,   2.52585E+02
  690,     27,  29,  13,  11,   3.92570E-02,   6.33154E+03,   2.48557E+02
  691,     27,  29,  11,  9,   2.71704E-02,   9.05237E+03,   2.45956E+02
  692,     27,  30,  9,  6,   4.00146E-02,   6.33345E+03,   2.53430E+02
  693,     27,  30,  6,  3,   2.61179E-02,   9.50018E+03,   2.48125E+02
  694,     27,  30,  3,  0,   2.11287E-02,   1.35717E+04,   2.86752E+02
  695,     26,  27,  25,  24,   8.51856E+00,   3.76144E+01,   3.20420E+02
  696,     26,  27,  24,  23,   3.76990E+00,   1.50627E+02,   5.67848E+02
  697,     26,  27,  23,  22,   1.38552E+00,   3.77119E+02,   5.22505E+02
  698,     26,  27,  22,  21,   4.72214E-01,   7.52965E+02,   3.55561E+02
  699,     26,  27,  20,  19,   3.79685E-01,   2.11200E+03,   8.01895E+02
  700,     26,  27,  19,  18,   1.03746E-01,   3.16291E+03,   3.28139E+02
  701,     26,  27,  18,  17,   8.84052E-02,   4.51932E+03,   3.99531E+02
  702,     26,  27,  21,  20,   6.38813E-02,   1.31811E+03,   8.42028E+01
  703,     26,  28,  18,  16,   2.34054E-01,   1.50746E+03,   3.52826E+02
  704,     26,  28,  16,  14,   9.64497E-02,   2.63623E+03,   2.54263E+02
  705,     26,  28,  14,  12,   6.11518E-02,   4.22145E+03,   2.58149E+02
  706,     26,  28,  12,  10,   3.98833E-02,   6.33154E+03,   2.52523E+02
  707,     26,  28,  10,  8,   2.58941E-02,   9.03863E+03,   2.34047E+02
  708,     26,  29,  8,  5,   3.89861E-02,   6.33345E+03,   2.46917E+02
  709,     26,  29,  5,  2,   2.69907E-02,   9.50018E+03,   2.56416E+02
  710,     25,  26,  24,  23,   1.67956E+01,   3.77416E+01,   6.33892E+02
  711,     25,  26,  23,  22,   3.93603E+00,   1.51136E+02,   5.94877E+02
  712,     25,  26,  22,  21,   1.17817E+00,   3.77119E+02,   4.44310E+02
  713,     25,  26,  21,  20,   5.67485E-01,   7.54492E+02,   4.28163E+02
  714,     25,  26,  20,  19,   2.37236E-01,   1.32219E+03,   3.13670E+02
  715,     25,  26,  19,  18,   3.31717E-01,   2.11200E+03,   7.00586E+02
  716,     25,  26,  18,  17,   1.69616E-01,   3.16864E+03,   5.37451E+02
  717,     25,  26,  17,  16,   9.37500E-02,   4.53307E+03,   4.24975E+02
  718,     25,  27,  17,  15,   2.30507E-01,   1.50898E+03,   3.47831E+02
  719,     25,  27,  15,  13,   1.20047E-01,   2.64030E+03,   3.16960E+02
  720,     25,  27,  13,  11,   7.20498E-02,   4.22145E+03,   3.04155E+02
  721,     25,  27,  11,  9,   4.71842E-02,   6.33727E+03,   2.99019E+02
  722,     25,  27,  9,  7,   3.35480E-02,   9.05237E+03,   3.03689E+02
  723,     25,  28,  7,  4,   4.16027E-02,   6.33345E+03,   2.63489E+02
  724,     25,  28,  4,  1,   3.09103E-02,   9.50018E+03,   2.93653E+02
  725,     24,  25,  23,  22,   1.11676E+01,   3.77416E+01,   4.21483E+02
  726,     24,  25,  22,  21,   2.19845E+00,   1.50627E+02,   3.31146E+02
  727,     24,  25,  21,  20,   9.13035E-01,   3.76737E+02,   3.43974E+02
  728,     24,  25,  20,  19,   5.31806E-01,   7.54492E+02,   4.01243E+02
  729,     24,  25,  19,  18,   2.15799E-01,   1.31811E+03,   2.84447E+02
  730,     24,  25,  18,  17,   2.88455E-01,   2.10945E+03,   6.08483E+02
  731,     24,  25,  17,  16,   1.14386E-01,   3.16864E+03,   3.62448E+02
  732,     24,  25,  16,  15,   6.52320E-02,   4.51932E+03,   2.94804E+02
  733,     24,  26,  16,  14,   2.13195E-01,   1.50746E+03,   3.21382E+02
  734,     24,  26,  14,  12,   1.23952E-01,   2.64030E+03,   3.27270E+02
  735,     24,  26,  12,  10,   7.43755E-02,   4.22400E+03,   3.14162E+02
  736,     24,  26,  10,  8,   4.60745E-02,   6.33154E+03,   2.91723E+02
  737,     24,  26,  8,  6,   3.48140E-02,   9.05237E+03,   3.15149E+02
  738,     24,  27,  6,  3,   4.40071E-02,   6.33345E+03,   2.78717E+02
  739,     24,  27,  3,  0,   3.26938E-02,   9.50018E+03,   3.10597E+02
  740,     23,  24,  22,  21,   1.45624E+01,   3.76144E+01,   5.47756E+02
  741,     23,  24,  21,  20,   3.87921E+00,   1.50627E+02,   5.84313E+02
  742,     23,  24,  20,  19,   2.00283E+00,   3.77119E+02,   7.55304E+02
  743,     23,  24,  19,  18,   9.35157E-01,   7.52965E+02,   7.04141E+02
  744,     23,  24,  18,  17,   4.28887E-01,   1.31811E+03,   5.65321E+02
  745,     23,  24,  17,  16,   5.35372E-01,   2.11200E+03,   1.13071E+03
  746,     23,  24,  16,  15,   1.69178E-01,   3.16291E+03,   5.35095E+02
  747,     23,  24,  15,  14,   1.22778E-01,   4.51932E+03,   5.54873E+02
  748,     23,  25,  15,  13,   2.95345E-01,   1.50746E+03,   4.45220E+02
  749,     23,  25,  13,  11,   1.60030E-01,   2.63623E+03,   4.21875E+02
  750,     23,  25,  11,  9,   9.53733E-02,   4.22145E+03,   4.02614E+02
  751,     23,  25,  9,  7,   6.40765E-02,   6.33154E+03,   4.05703E+02
  752,     23,  25,  7,  5,   3.95353E-02,   9.03863E+03,   3.57345E+02
  753,     23,  26,  5,  2,   5.81647E-02,   6.33345E+03,   3.68383E+02
  754,     22,  23,  21,  20,   1.31056E+01,   3.77416E+01,   4.94626E+02
  755,     22,  23,  20,  19,   4.77626E+00,   1.51136E+02,   7.21866E+02
  756,     22,  23,  19,  18,   2.07477E+00,   3.77119E+02,   7.82434E+02
  757,     22,  23,  18,  17,   1.30047E+00,   7.54492E+02,   9.81194E+02
  758,     22,  23,  17,  16,   2.83145E-01,   1.32219E+03,   3.74371E+02
  759,     22,  23,  16,  15,   5.90093E-01,   2.11200E+03,   1.24628E+03
  760,     22,  23,  15,  14,   2.04505E-01,   3.16864E+03,   6.48002E+02
  761,     22,  23,  14,  13,   1.40413E-01,   4.53307E+03,   6.36502E+02
  762,     22,  24,  14,  12,   3.94026E-01,   1.50898E+03,   5.94578E+02
  763,     22,  24,  12,  10,   2.13369E-01,   2.64030E+03,   5.63357E+02
  764,     22,  24,  10,  8,   1.18608E-01,   4.22145E+03,   5.00698E+02
  765,     22,  24,  8,  6,   8.40657E-02,   6.33727E+03,   5.32747E+02
  766,     22,  24,  6,  4,   5.06893E-02,   9.05237E+03,   4.58858E+02
  767,     22,  25,  4,  1,   6.94621E-02,   6.33345E+03,   4.39935E+02
  768,     21,  22,  20,  19,   1.21473E+01,   3.77416E+01,   4.58458E+02
  769,     21,  22,  19,  18,   3.39929E+00,   1.50627E+02,   5.12025E+02
  770,     21,  22,  18,  17,   1.98238E+00,   3.76737E+02,   7.46836E+02
  771,     21,  22,  17,  16,   7.77106E-01,   7.54492E+02,   5.86320E+02
  772,     21,  22,  16,  15,   1.71175E-01,   1.31811E+03,   2.25628E+02
  773,     21,  22,  15,  14,   4.39087E-01,   2.10945E+03,   9.26234E+02
  774,     21,  22,  14,  13,   1.62261E-01,   3.16864E+03,   5.14146E+02
  775,     21,  22,  13,  12,   1.13441E-01,   4.51932E+03,   5.12676E+02
  776,     21,  23,  13,  11,   3.60388E-01,   1.50746E+03,   5.43269E+02
  777,     21,  23,  11,  9,   1.96316E-01,   2.64030E+03,   5.18332E+02
  778,     21,  23,  9,  7,   1.20394E-01,   4.22400E+03,   5.08544E+02
  779,     21,  23,  7,  5,   6.97173E-02,   6.33154E+03,   4.41418E+02
  780,     21,  23,  5,  3,   5.05887E-02,   9.05237E+03,   4.57948E+02
  781,     21,  24,  3,  0,   7.48064E-02,   6.33345E+03,   4.73783E+02
  782,     20,  21,  19,  18,   9.51800E+00,   3.76144E+01,   3.58014E+02
  783,     20,  21,  18,  17,   3.52661E+00,   1.50627E+02,   5.31202E+02
  784,     20,  21,  17,  16,   1.25238E+00,   3.77119E+02,   4.72296E+02
  785,     20,  21,  16,  15,   5.38351E-01,   7.52965E+02,   4.05360E+02
  786,     20,  21,  15,  14,   1.75711E-01,   1.31811E+03,   2.31607E+02
  787,     20,  21,  14,  13,   3.80979E-01,   2.11200E+03,   8.04628E+02
  788,     20,  21,  13,  12,   1.47120E-01,   3.16291E+03,   4.65328E+02
  789,     20,  21,  12,  11,   9.73818E-02,   4.51932E+03,   4.40099E+02
  790,     20,  22,  12,  10,   3.10154E-01,   1.50746E+03,   4.67543E+02
  791,     20,  22,  10,  8,   1.59645E-01,   2.63623E+03,   4.20860E+02
  792,     20,  22,  8,  6,   1.04328E-01,   4.22145E+03,   4.40416E+02
  793,     20,  22,  6,  4,   5.94718E-02,   6.33154E+03,   3.76548E+02
  794,     20,  22,  4,  2,   4.46862E-02,   9.03863E+03,   4.03902E+02
  795,     19,  20,  18,  17,   1.07297E+01,   3.77416E+01,   4.04956E+02
  796,     19,  20,  17,  16,   2.60551E+00,   1.51136E+02,   3.93787E+02
  797,     19,  20,  16,  15,   9.77850E-01,   3.77119E+02,   3.68765E+02
  798,     19,  20,  15,  14,   5.65629E-01,   7.54492E+02,   4.26762E+02
  799,     19,  20,  14,  13,   2.41966E-01,   1.32219E+03,   3.19924E+02
  800,     19,  20,  13,  12,   3.24049E-01,   2.11200E+03,   6.84391E+02
  801,     19,  20,  12,  11,   1.42596E-01,   3.16864E+03,   4.51835E+02
  802,     19,  20,  11,  10,   1.08078E-01,   4.53307E+03,   4.89925E+02
  803,     19,  21,  11,  9,   3.00082E-01,   1.50898E+03,   4.52819E+02
  804,     19,  21,  9,  7,   1.71920E-01,   2.64030E+03,   4.53920E+02
  805,     19,  21,  7,  5,   9.15940E-02,   4.22145E+03,   3.86660E+02
  806,     19,  21,  5,  3,   6.33555E-02,   6.33727E+03,   4.01501E+02
  807,     19,  21,  3,  1,   4.34306E-02,   9.05237E+03,   3.93150E+02
  808,     18,  19,  17,  16,   7.77629E+00,   3.77416E+01,   2.93489E+02
  809,     18,  19,  16,  15,   1.92329E+00,   1.50627E+02,   2.89699E+02
  810,     18,  19,  15,  14,   9.67088E-01,   3.76737E+02,   3.64338E+02
  811,     18,  19,  14,  13,   5.37815E-01,   7.54492E+02,   4.05777E+02
  812,     18,  19,  13,  12,   2.54371E-01,   1.31811E+03,   3.35290E+02
  813,     18,  19,  12,  11,   2.74375E-01,   2.10945E+03,   5.78782E+02
  814,     18,  19,  11,  10,   1.47296E-01,   3.16864E+03,   4.66727E+02
  815,     18,  19,  10,  9,   9.00716E-02,   4.51932E+03,   4.07062E+02
  816,     18,  20,  10,  8,   2.80558E-01,   1.50746E+03,   4.22929E+02
  817,     18,  20,  8,  6,   1.71164E-01,   2.64030E+03,   4.51924E+02
  818,     18,  20,  6,  4,   9.03551E-02,   4.22400E+03,   3.81660E+02
  819,     18,  20,  4,  2,   6.50338E-02,   6.33154E+03,   4.11764E+02
  820,     18,  20,  2,  0,   4.61509E-02,   9.05237E+03,   4.17775E+02
  821,     17,  18,  16,  15,   8.37240E+00,   3.76144E+01,   3.14923E+02
  822,     17,  18,  15,  14,   2.79498E+00,   1.50627E+02,   4.20999E+02
  823,     17,  18,  14,  13,   1.36425E+00,   3.77119E+02,   5.14484E+02
  824,     17,  18,  13,  12,   7.50799E-01,   7.52965E+02,   5.65326E+02
  825,     17,  18,  12,  11,   2.91485E-01,   1.31811E+03,   3.84210E+02
  826,     17,  18,  11,  10,   4.50793E-01,   2.11200E+03,   9.52075E+02
  827,     17,  18,  10,  9,   1.78233E-01,   3.16291E+03,   5.63735E+02
  828,     17,  18,  9,  8,   1.34518E-01,   4.51932E+03,   6.07929E+02
  829,     17,  19,  9,  7,   3.70616E-01,   1.50746E+03,   5.58687E+02
  830,     17,  19,  7,  5,   1.83500E-01,   2.63623E+03,   4.83747E+02
  831,     17,  19,  5,  3,   1.16698E-01,   4.22145E+03,   4.92635E+02
  832,     17,  19,  3,  1,   7.58889E-02,   6.33154E+03,   4.80494E+02
  833,     16,  17,  15,  14,   7.66502E+00,   3.77416E+01,   2.89290E+02
  834,     16,  17,  14,  13,   2.48971E+00,   1.51136E+02,   3.76285E+02
  835,     16,  17,  13,  12,   1.20641E+00,   3.77119E+02,   4.54960E+02
  836,     16,  17,  12,  11,   6.49498E-01,   7.54492E+02,   4.90041E+02
  837,     16,  17,  11,  10,   3.01735E-01,   1.32219E+03,   3.98950E+02
  838,     16,  17,  10,  9,   3.60084E-01,   2.11200E+03,   7.60497E+02
  839,     16,  17,  9,  8,   1.74358E-01,   3.16864E+03,   5.52477E+02
  840,     16,  17,  8,  7,   1.37061E-01,   4.53307E+03,   6.21307E+02
  841,     16,  18,  8,  6,   4.00333E-01,   1.50898E+03,   6.04096E+02
  842,     16,  18,  6,  4,   1.95263E-01,   2.64030E+03,   5.15552E+02
  843,     16,  18,  4,  2,   1.29372E-01,   4.22145E+03,   5.46138E+02
  844,     16,  18,  2,  0,   8.68967E-02,   6.33727E+03,   5.50688E+02
  845,     15,  16,  14,  13,   5.70547E+00,   3.77416E+01,   2.15333E+02
  846,     15,  16,  13,  12,   1.90659E+00,   1.50627E+02,   2.87184E+02
  847,     15,  16,  12,  11,   9.01092E-01,   3.76737E+02,   3.39475E+02
  848,     15,  16,  11,  10,   5.43620E-01,   7.54492E+02,   4.10157E+02
  849,     15,  16,  10,  9,   2.11083E-01,   1.31811E+03,   2.78231E+02
  850,     15,  16,  9,  8,   2.80896E-01,   2.10945E+03,   5.92537E+02
  851,     15,  16,  8,  7,   1.56031E-01,   3.16864E+03,   4.94406E+02
  852,     15,  16,  7,  6,   9.48318E-02,   4.51932E+03,   4.28575E+02
  853,     15,  17,  7,  5,   3.02120E-01,   1.50746E+03,   4.55433E+02
  854,     15,  17,  5,  3,   1.80510E-01,   2.64030E+03,   4.76600E+02
  855,     15,  17,  3,  1,   1.08508E-01,   4.22400E+03,   4.58338E+02
  856,     14,  15,  13,  12,   5.52423E+00,   3.76144E+01,   2.07790E+02
  857,     14,  15,  12,  11,   1.79776E+00,   1.50627E+02,   2.70791E+02
  858,     14,  15,  11,  10,   9.50088E-01,   3.77119E+02,   3.58296E+02
  859,     14,  15,  10,  9,   4.61608E-01,   7.52965E+02,   3.47575E+02
  860,     14,  15,  9,  8,   2.34349E-01,   1.31811E+03,   3.08898E+02
  861,     14,  15,  8,  7,   3.02701E-01,   2.11200E+03,   6.39304E+02
  862,     14,  15,  7,  6,   1.34365E-01,   3.16291E+03,   4.24985E+02
  863,     14,  15,  6,  5,   8.82631E-02,   4.51932E+03,   3.98889E+02
  864,     14,  16,  6,  4,   2.71833E-01,   1.50746E+03,   4.09776E+02
  865,     14,  16,  4,  2,   1.69750E-01,   2.63623E+03,   4.47499E+02
  866,     14,  16,  2,  0,   1.05725E-01,   4.22145E+03,   4.46313E+02
  867,     13,  14,  12,  11,   5.70785E+00,   3.77416E+01,   2.15423E+02
  868,     13,  14,  11,  10,   1.97931E+00,   1.51136E+02,   2.99145E+02
  869,     13,  14,  10,  9,   8.23320E-01,   3.77119E+02,   3.10489E+02
  870,     13,  14,  9,  8,   5.05127E-01,   7.54492E+02,   3.81114E+02
  871,     13,  14,  8,  7,   2.71757E-01,   1.32219E+03,   3.59314E+02
  872,     13,  14,  7,  6,   2.84022E-01,   2.11200E+03,   5.99854E+02
  873,     13,  14,  6,  5,   1.27322E-01,   3.16864E+03,   4.03437E+02
  874,     13,  14,  5,  4,   9.79994E-02,   4.53307E+03,   4.44238E+02
  875,     13,  15,  5,  3,   3.00939E-01,   1.50898E+03,   4.54112E+02
  876,     13,  15,  3,  1,   1.70370E-01,   2.64030E+03,   4.49827E+02
  877,     12,  13,  11,  10,   6.07137E+00,   3.77416E+01,   2.29143E+02
  878,     12,  13,  10,  9,   1.60104E+00,   1.50627E+02,   2.41160E+02
  879,     12,  13,  9,  8,   8.54563E-01,   3.76737E+02,   3.21945E+02
  880,     12,  13,  8,  7,   5.53855E-01,   7.54492E+02,   4.17879E+02
  881,     12,  13,  7,  6,   2.32038E-01,   1.31811E+03,   3.05852E+02
  882,     12,  13,  6,  5,   2.47654E-01,   2.10945E+03,   5.22415E+02
  883,     12,  13,  5,  4,   1.35813E-01,   3.16864E+03,   4.30342E+02
  884,     12,  13,  4,  3,   1.05678E-01,   4.51932E+03,   4.77592E+02
  885,     12,  14,  4,  2,   3.11681E-01,   1.50746E+03,   4.69845E+02
  886,     12,  14,  2,  0,   1.82920E-01,   2.64030E+03,   4.82963E+02
  887,     11,  12,  10,  9,   4.54372E+00,   3.76144E+01,   1.70909E+02
  888,     11,  12,  9,  8,   1.48054E+00,   1.50627E+02,   2.23009E+02
  889,     11,  12,  8,  7,   8.25334E-01,   3.77119E+02,   3.11249E+02
  890,     11,  12,  7,  6,   4.06646E-01,   7.52965E+02,   3.06190E+02
  891,     11,  12,  6,  5,   1.89750E-01,   1.31811E+03,   2.50112E+02
  892,     11,  12,  5,  4,   2.15815E-01,   2.11200E+03,   4.55801E+02
  893,     11,  12,  4,  3,   1.28207E-01,   3.16291E+03,   4.05507E+02
  894,     11,  12,  3,  2,   8.74299E-02,   4.51932E+03,   3.95123E+02
  895,     11,  13,  3,  1,   2.81295E-01,   1.50746E+03,   4.24040E+02
  896,     10,  11,  9,  8,   5.34105E+00,   3.77416E+01,   2.01580E+02
  897,     10,  11,  8,  7,   1.86299E+00,   1.51136E+02,   2.81565E+02
  898,     10,  11,  7,  6,   7.69549E-01,   3.77119E+02,   2.90211E+02
  899,     10,  11,  6,  5,   4.03310E-01,   7.54492E+02,   3.04294E+02
  900,     10,  11,  5,  4,   2.22646E-01,   1.32219E+03,   2.94380E+02
  901,     10,  11,  4,  3,   2.56071E-01,   2.11200E+03,   5.40822E+02
  902,     10,  11,  3,  2,   1.32216E-01,   3.16864E+03,   4.18944E+02
  903,     10,  11,  2,  1,   9.60375E-02,   4.53307E+03,   4.35345E+02
  904,     10,  12,  2,  0,   2.95837E-01,   1.50898E+03,   4.46413E+02
  905,     9,  10,  8,  7,   5.24726E+00,   3.77416E+01,   1.98040E+02
  906,     9,  10,  7,  6,   1.33018E+00,   1.50627E+02,   2.00361E+02
  907,     9,  10,  6,  5,   5.80960E-01,   3.76737E+02,   2.18869E+02
  908,     9,  10,  5,  4,   3.63987E-01,   7.54492E+02,   2.74625E+02
  909,     9,  10,  4,  3,   2.21368E-01,   1.31811E+03,   2.91788E+02
  910,     9,  10,  3,  2,   1.86606E-01,   2.10945E+03,   3.93637E+02
  911,     9,  10,  2,  1,   1.11113E-01,   3.16864E+03,   3.52077E+02
  912,     9,  10,  1,  0,   9.01945E-02,   4.51932E+03,   4.07617E+02
  913,     8,  9,  7,  6,   4.30290E+00,   3.76144E+01,   1.61851E+02
  914,     8,  9,  6,  5,   1.10858E+00,   1.50627E+02,   1.66982E+02
  915,     8,  9,  5,  4,   6.05632E-01,   3.77119E+02,   2.28395E+02
  916,     8,  9,  4,  3,   3.79821E-01,   7.52965E+02,   2.85992E+02
  917,     8,  9,  3,  2,   1.98370E-01,   1.31811E+03,   2.61474E+02
  918,     8,  9,  2,  1,   1.83362E-01,   2.11200E+03,   3.87261E+02
  919,     8,  9,  1,  0,   1.21171E-01,   3.16291E+03,   3.83253E+02
  920,     7,  8,  6,  5,   4.15210E+00,   3.77416E+01,   1.56707E+02
  921,     7,  8,  5,  4,   1.39602E+00,   1.51136E+02,   2.10989E+02
  922,     7,  8,  4,  3,   7.37753E-01,   3.77119E+02,   2.78220E+02
  923,     7,  8,  3,  2,   4.00083E-01,   7.54492E+02,   3.01859E+02
  924,     7,  8,  2,  1,   2.10898E-01,   1.32219E+03,   2.78847E+02
  925,     7,  8,  1,  0,   2.38774E-01,   2.11200E+03,   5.04291E+02
  926,     6,  7,  5,  4,   4.45874E+00,   3.77416E+01,   1.68280E+02
  927,     6,  7,  4,  3,   1.41375E+00,   1.50627E+02,   2.12949E+02
  928,     6,  7,  3,  2,   6.50217E-01,   3.76737E+02,   2.44961E+02
  929,     6,  7,  2,  1,   3.79948E-01,   7.54492E+02,   2.86668E+02
  930,     6,  7,  1,  0,   2.15155E-01,   1.31811E+03,   2.83599E+02
  931,     5,  6,  4,  3,   4.53980E+00,   3.76144E+01,   1.70762E+02
  932,     5,  6,  3,  2,   1.23305E+00,   1.50627E+02,   1.85731E+02
  933,     5,  6,  2,  1,   6.01100E-01,   3.77119E+02,   2.26686E+02
  934,     5,  6,  1,  0,   3.91204E-01,   7.52965E+02,   2.94563E+02
  935,     4,  5,  3,  2,   4.14627E+00,   3.77416E+01,   1.56487E+02
  936,     4,  5,  2,  1,   1.23464E+00,   1.51136E+02,   1.86599E+02
  937,     4,  5,  1,  0,   6.81599E-01,   3.77119E+02,   2.57044E+02
  938,     3,  4,  2,  1,   4.35325E+00,   3.77416E+01,   1.64298E+02
  939,     3,  4,  1,  0,   1.51930E+00,   1.50627E+02,   2.28847E+02
  940,     2,  3,  1,  0,   4.05453E+00,   3.76144E+01,   1.52509E+02


;------ MESH SIZE ------

Number of nodes           = 3432
Number of nodes in X      = 143
Number of nodes in Y      = 24
Number of elements        = 3266
Number of elements in X   = 142
Number of elements in Y   = 23
Number of parameters      = 2210
Number of parameters in X = 130
Number of parameters in Y = 17
Number of left elements   = 8
Number of right elements  = 8
Number of top elements    = 0
Number of bottom elements = 8

;------ NODE LOCATION IN X (m) ------

Node         X
  1,     -255.000
  2,     -127.000
  3,      -63.000
  4,      -31.000
  5,      -15.000
  6,       -7.000
  7,       -3.000
  8,       -1.000
  9,        0.000
  10,        1.000
  11,        2.001
  12,        3.000
  13,        3.999
  14,        5.000
  15,        6.000
  16,        7.000
  17,        8.001
  18,        9.000
  19,        9.999
  20,       11.000
  21,       12.000
  22,       13.000
  23,       14.001
  24,       15.000
  25,       15.999
  26,       17.000
  27,       18.000
  28,       19.001
  29,       20.001
  30,       21.000
  31,       21.999
  32,       22.999
  33,       24.000
  34,       25.001
  35,       26.001
  36,       27.000
  37,       27.999
  38,       28.999
  39,       30.000
  40,       31.000
  41,       32.001
  42,       33.000
  43,       33.999
  44,       34.999
  45,       36.000
  46,       37.001
  47,       38.001
  48,       39.000
  49,       39.999
  50,       40.999
  51,       42.000
  52,       43.001
  53,       44.001
  54,       45.000
  55,       45.999
  56,       46.999
  57,       48.000
  58,       49.001
  59,       50.001
  60,       51.000
  61,       51.999
  62,       52.999
  63,       54.000
  64,       55.001
  65,       56.001
  66,       57.000
  67,       57.999
  68,       58.999
  69,       60.000
  70,       61.001
  71,       62.001
  72,       63.000
  73,       63.999
  74,       64.999
  75,       66.000
  76,       67.001
  77,       68.001
  78,       69.000
  79,       69.999
  80,       70.999
  81,       72.000
  82,       73.001
  83,       74.001
  84,       75.000
  85,       75.999
  86,       76.999
  87,       78.000
  88,       79.001
  89,       80.001
  90,       81.000
  91,       81.999
  92,       82.999
  93,       84.000
  94,       85.001
  95,       86.001
  96,       87.000
  97,       87.999
  98,       88.999
  99,       90.000
  100,       91.001
  101,       92.001
  102,       93.000
  103,       93.999
  104,       94.999
  105,       96.000
  106,       97.001
  107,       98.001
  108,       99.000
  109,       99.999
  110,      100.999
  111,      102.000
  112,      103.001
  113,      104.001
  114,      105.000
  115,      105.999
  116,      106.999
  117,      108.000
  118,      109.001
  119,      110.001
  120,      111.000
  121,      111.999
  122,      112.999
  123,      114.000
  124,      115.001
  125,      116.001
  126,      117.000
  127,      117.999
  128,      118.999
  129,      120.000
  130,      121.001
  131,      122.001
  132,      123.000
  133,      123.999
  134,      124.999
  135,      126.000
  136,      127.000
  137,      129.000
  138,      133.000
  139,      141.000
  140,      157.000
  141,      189.000
  142,      253.000
  143,      381.000

;------ NODE LOCATION IN Y (m) ------

Node          Y
  1,        0.000
  2,       -0.931
  3,       -1.954
  4,       -3.080
  5,       -4.319
  6,       -5.682
  7,       -7.180
  8,       -8.829
  9,      -10.642
  10,      -12.637
  11,      -14.832
  12,      -17.245
  13,      -19.901
  14,      -22.821
  15,      -26.034
  16,      -29.568
  17,      -33.455
  18,      -41.230
  19,      -56.780
  20,      -87.879
  21,     -150.078
  22,     -274.475
  23,     -523.270
  24,    -1020.859


;------ TIMING ------

Processing started at 13:51:34
Processing ended at 13:51:44
Processing took 0 hours  0 minutes  9 seconds  547 ms

;------ CONVERGENCE ------
5
Iteration  Res-RMS(%)    L2-Norm
    0,     64.23,     4.30144E+05
    1,     29.80,     9.26620E+04
    2,     27.86,     8.10067E+04
    3,     24.70,     6.36858E+04
    4,     23.97,     5.99730E+04

;------ OUTPUT OF DATA AND MODEL OF ALL ITERATIONS ------

;------ Iteration  0
;-Index  V/I_Meas      V/I_Calc    VI_%ERR
  1,    2.07243E+01,   1.15812E+01,  -44.12
  2,    6.65948E+00,   2.89205E+00,  -56.57
  3,    2.56875E+00,   1.15513E+00,  -55.03
  4,    1.24840E+00,   5.78539E-01,  -53.66
  5,    9.38865E-02,   3.30488E-01,  252.01
  6,    7.94650E-01,   2.06260E-01,  -74.04
  7,    1.51760E-01,   1.37728E-01,  -9.25
  8,    9.01102E-02,   9.63907E-02,  6.97
  9,    2.51083E+01,   1.15422E+01,  -54.03
  10,    6.05705E+00,   2.88230E+00,  -52.41
  11,    2.62075E+00,   1.15513E+00,  -55.92
  12,    1.10857E+00,   5.77369E-01,  -47.92
  13,    7.01832E-01,   2.06260E-01,  -70.61
  14,    1.39745E-01,   1.37479E-01,  -1.62
  15,    8.66431E-02,   9.60983E-02,  10.91
  16,    3.66935E-02,   3.29469E-01,  797.90
  17,    2.42305E-01,   2.88685E-01,  19.14
  18,    1.08723E-01,   1.64989E-01,  51.75
  19,    6.45944E-02,   1.03192E-01,  59.75
  20,    3.79840E-02,   6.87394E-02,  80.97
  21,    2.77012E-02,   4.81222E-02,  73.72
  22,    2.10235E+01,   1.15422E+01,  -45.10
  23,    5.51175E+00,   2.89205E+00,  -47.53
  24,    2.10442E+00,   1.15630E+00,  -45.05
  25,    8.42778E-01,   5.77369E-01,  -31.49
  26,    7.01584E-01,   2.06508E-01,  -70.57
  27,    1.23720E-01,   1.37479E-01,  11.12
  28,    8.03241E-02,   9.63907E-02,  20.00
  29,    2.18757E-01,   2.88977E-01,  32.10
  30,    1.03491E-01,   1.64989E-01,  59.42
  31,    5.92737E-02,   1.03130E-01,  73.99
  32,    3.80062E-02,   6.88016E-02,  81.03
  33,    2.69831E-02,   4.81222E-02,  78.34
  34,    4.16334E-02,   6.87808E-02,  65.21
  35,    3.13011E-02,   4.58539E-02,  46.49
  36,    2.56430E-02,   3.20977E-02,  25.17
  37,    2.12077E+01,   1.15812E+01,  -45.39
  38,    5.34089E+00,   2.89205E+00,  -45.85
  39,    1.90316E+00,   1.15513E+00,  -39.30
  40,    7.61439E-01,   5.78539E-01,  -24.02
  41,    6.87240E-01,   2.06260E-01,  -69.99
  42,    1.40548E-01,   1.37728E-01,  -2.01
  43,    7.82689E-02,   9.63907E-02,  23.15
  44,    2.08930E-01,   2.88977E-01,  38.31
  45,    1.10353E-01,   1.65244E-01,  49.74
  46,    5.87669E-02,   1.03192E-01,  75.60
  47,    4.03443E-02,   6.88016E-02,  70.54
  48,    2.84742E-02,   4.81954E-02,  69.26
  49,    4.56410E-02,   6.87808E-02,  50.70
  50,    3.47810E-02,   4.58539E-02,  31.84
  51,    2.67499E-02,   3.20977E-02,  19.99
  52,    4.41874E-02,   5.15805E-02,  16.73
  53,    2.76329E-02,   3.44008E-02,  24.49
  54,    2.43151E-02,   2.40794E-02,  -0.97
  55,    2.33259E+01,   1.15422E+01,  -50.52
  56,    4.91551E+00,   2.88230E+00,  -41.36
  57,    1.71542E+00,   1.15513E+00,  -32.66
  58,    7.63683E-01,   5.77369E-01,  -24.40
  59,    6.25297E-01,   2.06260E-01,  -67.01
  60,    1.34355E-01,   1.37479E-01,  2.32
  61,    8.57191E-02,   9.60983E-02,  12.11
  62,    2.89493E-02,   3.29469E-01,  1038.09
  63,    2.31722E-01,   2.88685E-01,  24.58
  64,    1.18091E-01,   1.64989E-01,  39.71
  65,    6.76859E-02,   1.03192E-01,  52.46
  66,    4.56516E-02,   6.87394E-02,  50.57
  67,    3.30751E-02,   4.81222E-02,  45.49
  68,    5.05039E-02,   6.87808E-02,  36.19
  69,    3.83803E-02,   4.58539E-02,  19.47
  70,    2.78508E-02,   3.20977E-02,  15.25
  71,    4.45802E-02,   5.15805E-02,  15.70
  72,    2.72002E-02,   3.43852E-02,  26.42
  73,    2.78031E-02,   2.40611E-02,  -13.46
  74,    3.00666E-02,   2.75057E-02,  -8.52
  75,    2.17111E-02,   1.92547E-02,  -11.31
  76,    2.51867E+01,   1.15422E+01,  -54.17
  77,    4.91285E+00,   2.89205E+00,  -41.13
  78,    1.79343E+00,   1.15630E+00,  -35.53
  79,    8.39700E-01,   5.77369E-01,  -31.24
  80,    1.49670E-01,   3.30488E-01,  120.81
  81,    5.44582E-01,   2.06508E-01,  -62.08
  82,    1.47258E-01,   1.37479E-01,  -6.64
  83,    9.33280E-02,   9.63907E-02,  3.28
  84,    2.58679E-01,   2.88977E-01,  11.71
  85,    1.22031E-01,   1.64989E-01,  35.20
  86,    7.54422E-02,   1.03130E-01,  36.70
  87,    5.03819E-02,   6.88016E-02,  36.56
  88,    3.87900E-02,   4.81222E-02,  24.06
  89,    5.76154E-02,   6.87808E-02,  19.38
  90,    4.36995E-02,   4.58539E-02,  4.93
  91,    3.19190E-02,   3.20977E-02,  0.56
  92,    4.86561E-02,   5.15960E-02,  6.04
  93,    3.01298E-02,   3.43852E-02,  14.12
  94,    2.91209E-02,   2.40794E-02,  -17.31
  95,    3.00144E-02,   2.75157E-02,  -8.33
  96,    2.13417E-02,   1.92547E-02,  -9.78
  97,    2.58147E-02,   2.29269E-02,  -11.19
  98,    1.98618E-02,   1.60489E-02,  -19.20
  99,    2.75923E+01,   1.15812E+01,  -58.03
  100,    5.35987E+00,   2.89205E+00,  -46.04
  101,    2.08741E+00,   1.15513E+00,  -44.66
  102,    1.02678E+00,   5.78539E-01,  -43.65
  103,    1.87425E-01,   3.30488E-01,  76.33
  104,    5.75910E-01,   2.06260E-01,  -64.19
  105,    1.72181E-01,   1.37728E-01,  -20.01
  106,    1.17447E-01,   9.63907E-02,  -17.93
  107,    2.90909E-01,   2.88977E-01,  -0.66
  108,    1.47621E-01,   1.65244E-01,  11.94
  109,    8.99679E-02,   1.03192E-01,  14.70
  110,    6.19399E-02,   6.88016E-02,  11.08
  111,    4.74925E-02,   4.81954E-02,  1.48
  112,    6.89750E-02,   6.87808E-02,  -0.28
  113,    4.92579E-02,   4.58539E-02,  -6.91
  114,    3.40743E-02,   3.20977E-02,  -5.80
  115,    5.22244E-02,   5.15805E-02,  -1.23
  116,    3.38687E-02,   3.44008E-02,  1.57
  117,    3.23105E-02,   2.40794E-02,  -25.48
  118,    3.19228E-02,   2.75157E-02,  -13.81
  119,    2.16338E-02,   1.92664E-02,  -10.94
  120,    2.66745E-02,   2.29269E-02,  -14.05
  121,    2.14036E-02,   1.60489E-02,  -25.02
  122,    2.84921E+01,   1.15422E+01,  -59.49
  123,    5.72150E+00,   2.88230E+00,  -49.62
  124,    2.31320E+00,   1.15513E+00,  -50.06
  125,    9.68294E-01,   5.77369E-01,  -40.37
  126,    1.86464E-01,   3.29469E-01,  76.69
  127,    6.10218E-01,   2.06260E-01,  -66.20
  128,    1.88712E-01,   1.37479E-01,  -27.15
  129,    1.03236E-01,   9.60983E-02,  -6.91
  130,    2.96212E-01,   2.88685E-01,  -2.54
  131,    1.63627E-01,   1.64989E-01,  0.83
  132,    1.00222E-01,   1.03192E-01,  2.96
  133,    7.38560E-02,   6.87394E-02,  -6.93
  134,    5.39285E-02,   4.81222E-02,  -10.77
  135,    8.00984E-02,   6.87808E-02,  -14.13
  136,    5.42293E-02,   4.58539E-02,  -15.44
  137,    3.46281E-02,   3.20977E-02,  -7.31
  138,    5.20586E-02,   5.15805E-02,  -0.92
  139,    4.13181E-02,   3.43852E-02,  -16.78
  140,    3.06594E-02,   2.40611E-02,  -21.52
  141,    3.37121E-02,   2.75057E-02,  -18.41
  142,    2.32575E-02,   1.92547E-02,  -17.21
  143,    2.79093E-02,   2.29269E-02,  -17.85
  144,    2.16048E-02,   1.60489E-02,  -25.72
  145,    2.88518E+01,   1.15422E+01,  -59.99
  146,    6.07769E+00,   2.89205E+00,  -52.42
  147,    2.01531E+00,   1.15630E+00,  -42.62
  148,    9.22482E-01,   5.77369E-01,  -37.41
  149,    2.93652E-01,   3.30488E-01,  12.54
  150,    4.42888E-01,   2.06508E-01,  -53.37
  151,    1.43564E-01,   1.37479E-01,  -4.24
  152,    9.80310E-02,   9.63907E-02,  -1.67
  153,    2.89595E-01,   2.88977E-01,  -0.21
  154,    1.62090E-01,   1.64989E-01,  1.79
  155,    1.02372E-01,   1.03130E-01,  0.74
  156,    7.43722E-02,   6.88016E-02,  -7.49
  157,    5.26667E-02,   4.81222E-02,  -8.63
  158,    8.48895E-02,   6.87808E-02,  -18.98
  159,    5.70213E-02,   4.58539E-02,  -19.58
  160,    3.24661E-02,   3.20977E-02,  -1.13
  161,    5.09961E-02,   5.15960E-02,  1.18
  162,    4.73332E-02,   3.43852E-02,  -27.35
  163,    2.71496E-02,   2.40794E-02,  -11.31
  164,    3.33201E-02,   2.75157E-02,  -17.42
  165,    2.30520E-02,   1.92547E-02,  -16.47
  166,    2.80427E-02,   2.29269E-02,  -18.24
  167,    2.28094E-02,   1.60489E-02,  -29.64
  168,    3.29446E+01,   1.15812E+01,  -64.85
  169,    5.95258E+00,   2.89205E+00,  -51.42
  170,    2.26191E+00,   1.15513E+00,  -48.93
  171,    9.77684E-01,   5.78539E-01,  -40.83
  172,    3.24570E-01,   3.30488E-01,  1.82
  173,    4.23618E-01,   2.06260E-01,  -51.31
  174,    1.53060E-01,   1.37728E-01,  -10.02
  175,    9.56131E-02,   9.63907E-02,  0.81
  176,    2.82887E-01,   2.88977E-01,  2.15
  177,    1.58797E-01,   1.65244E-01,  4.06
  178,    1.07999E-01,   1.03192E-01,  -4.45
  179,    7.42793E-02,   6.88016E-02,  -7.37
  180,    5.51055E-02,   4.81954E-02,  -12.54
  181,    8.47283E-02,   6.87808E-02,  -18.82
  182,    5.42794E-02,   4.58539E-02,  -15.52
  183,    3.04051E-02,   3.20977E-02,  5.57
  184,    5.27314E-02,   5.15805E-02,  -2.18
  185,    4.60293E-02,   3.44008E-02,  -25.26
  186,    2.79294E-02,   2.40794E-02,  -13.78
  187,    3.38499E-02,   2.75157E-02,  -18.71
  188,    2.26353E-02,   1.92664E-02,  -14.88
  189,    2.78493E-02,   2.29269E-02,  -17.67
  190,    2.83924E+01,   1.15422E+01,  -59.35
  191,    6.10244E+00,   2.88230E+00,  -52.77
  192,    2.13197E+00,   1.15513E+00,  -45.82
  193,    9.54436E-01,   5.77369E-01,  -39.51
  194,    2.45200E-01,   3.29469E-01,  34.37
  195,    3.76698E-01,   2.06260E-01,  -45.25
  196,    1.33233E-01,   1.37479E-01,  3.19
  197,    9.42898E-02,   9.60983E-02,  1.92
  198,    2.82526E-01,   2.88685E-01,  2.18
  199,    1.63757E-01,   1.64989E-01,  0.75
  200,    1.10012E-01,   1.03192E-01,  -6.20
  201,    7.46303E-02,   6.87394E-02,  -7.89
  202,    5.90355E-02,   4.81222E-02,  -18.49
  203,    8.03295E-02,   6.87808E-02,  -14.38
  204,    4.74987E-02,   4.58539E-02,  -3.46
  205,    3.07734E-02,   3.20977E-02,  4.30
  206,    5.14108E-02,   5.15805E-02,  0.33
  207,    4.45487E-02,   3.43852E-02,  -22.81
  208,    2.74163E-02,   2.40611E-02,  -12.24
  209,    3.06639E-02,   2.75057E-02,  -10.30
  210,    2.23371E-02,   1.92547E-02,  -13.80
  211,    2.72825E-02,   2.29269E-02,  -15.96
  212,    3.25904E+01,   1.15422E+01,  -64.58
  213,    6.03535E+00,   2.89205E+00,  -52.08
  214,    2.22474E+00,   1.15630E+00,  -48.03
  215,    7.89918E-01,   5.77369E-01,  -26.91
  216,    2.48124E-01,   3.30488E-01,  33.19
  217,    3.35292E-01,   2.06508E-01,  -38.41
  218,    1.32921E-01,   1.37479E-01,  3.43
  219,    8.68220E-02,   9.63907E-02,  11.02
  220,    2.64123E-01,   2.88977E-01,  9.41
  221,    1.65569E-01,   1.64989E-01,  -0.35
  222,    1.07036E-01,   1.03130E-01,  -3.65
  223,    7.59017E-02,   6.88016E-02,  -9.35
  224,    5.40453E-02,   4.81222E-02,  -10.96
  225,    8.10408E-02,   6.87808E-02,  -15.13
  226,    4.27062E-02,   4.58539E-02,  7.37
  227,    3.14016E-02,   3.20977E-02,  2.22
  228,    5.61689E-02,   5.15960E-02,  -8.14
  229,    3.83145E-02,   3.43852E-02,  -10.26
  230,    2.56840E-02,   2.40794E-02,  -6.25
  231,    2.82814E-02,   2.75157E-02,  -2.71
  232,    2.13449E-02,   1.92547E-02,  -9.79
  233,    2.72835E-02,   2.29269E-02,  -15.97
  234,    2.60792E+01,   1.15812E+01,  -55.59
  235,    5.43997E+00,   2.89205E+00,  -46.84
  236,    1.55118E+00,   1.15513E+00,  -25.53
  237,    6.28012E-01,   5.78539E-01,  -7.88
  238,    2.03822E-01,   3.30488E-01,  62.15
  239,    2.36711E-01,   2.06260E-01,  -12.86
  240,    1.01014E-01,   1.37728E-01,  36.35
  241,    7.10739E-02,   9.63907E-02,  35.62
  242,    2.37972E-01,   2.88977E-01,  21.43
  243,    1.50735E-01,   1.65244E-01,  9.63
  244,    9.68624E-02,   1.03192E-01,  6.53
  245,    7.46612E-02,   6.88016E-02,  -7.85
  246,    4.77969E-02,   4.81954E-02,  0.83
  247,    7.03605E-02,   6.87808E-02,  -2.25
  248,    3.70233E-02,   4.58539E-02,  23.85
  249,    3.44764E-02,   3.20977E-02,  -6.90
  250,    5.95121E-02,   5.15805E-02,  -13.33
  251,    3.17637E-02,   3.44008E-02,  8.30
  252,    2.44197E-02,   2.40794E-02,  -1.39
  253,    2.69293E-02,   2.75157E-02,  2.18
  254,    1.95159E-02,   1.92664E-02,  -1.28
  255,    2.63180E-02,   2.29269E-02,  -12.88
  256,    3.70037E+01,   1.15422E+01,  -68.81
  257,    6.07736E+00,   2.88230E+00,  -52.57
  258,    1.93509E+00,   1.15513E+00,  -40.31
  259,    6.86918E-01,   5.77369E-01,  -15.95
  260,    2.31855E-01,   3.29469E-01,  42.10
  261,    2.85318E-01,   2.06260E-01,  -27.71
  262,    1.19573E-01,   1.37479E-01,  14.97
  263,    8.72093E-02,   9.60983E-02,  10.19
  264,    2.50916E-01,   2.88685E-01,  15.05
  265,    1.50949E-01,   1.64989E-01,  9.30
  266,    9.97042E-02,   1.03192E-01,  3.50
  267,    6.79016E-02,   6.87394E-02,  1.23
  268,    4.91152E-02,   4.81222E-02,  -2.02
  269,    6.06553E-02,   6.87808E-02,  13.40
  270,    3.72737E-02,   4.58539E-02,  23.02
  271,    3.47560E-02,   3.20977E-02,  -7.65
  272,    5.53386E-02,   5.15805E-02,  -6.79
  273,    3.16469E-02,   3.43852E-02,  8.65
  274,    2.13461E-02,   2.40611E-02,  12.72
  275,    2.57171E-02,   2.75057E-02,  6.95
  276,    1.88288E-02,   1.92547E-02,  2.26
  277,    2.46788E-02,   2.29269E-02,  -7.10
  278,    3.46072E+01,   1.15422E+01,  -66.65
  279,    6.78734E+00,   2.89205E+00,  -57.39
  280,    1.83269E+00,   1.15630E+00,  -36.91
  281,    6.79957E-01,   5.77369E-01,  -15.09
  282,    1.85478E-01,   3.30488E-01,  78.18
  283,    3.07694E-01,   2.06508E-01,  -32.89
  284,    1.19004E-01,   1.37479E-01,  15.52
  285,    8.97034E-02,   9.63907E-02,  7.45
  286,    2.70660E-01,   2.88977E-01,  6.77
  287,    1.57234E-01,   1.64989E-01,  4.93
  288,    1.12358E-01,   1.03130E-01,  -8.21
  289,    6.80839E-02,   6.88016E-02,  1.05
  290,    4.72548E-02,   4.81222E-02,  1.84
  291,    5.29234E-02,   6.87808E-02,  29.96
  292,    3.74505E-02,   4.58539E-02,  22.44
  293,    3.42883E-02,   3.20977E-02,  -6.39
  294,    5.42960E-02,   5.15960E-02,  -4.97
  295,    3.08836E-02,   3.43852E-02,  11.34
  296,    1.97530E-02,   2.40794E-02,  21.90
  297,    2.42351E-02,   2.75157E-02,  13.54
  298,    1.85181E-02,   1.92547E-02,  3.98
  299,    2.43974E-02,   2.29269E-02,  -6.03
  300,    4.23277E+01,   1.15812E+01,  -72.64
  301,    7.44763E+00,   2.89205E+00,  -61.17
  302,    2.09371E+00,   1.15513E+00,  -44.83
  303,    7.79404E-01,   5.78539E-01,  -25.77
  304,    1.91602E-01,   3.30488E-01,  72.49
  305,    3.78759E-01,   2.06260E-01,  -45.54
  306,    1.48487E-01,   1.37728E-01,  -7.25
  307,    9.99060E-02,   9.63907E-02,  -3.52
  308,    2.88083E-01,   2.88977E-01,  0.31
  309,    1.73485E-01,   1.65244E-01,  -4.75
  310,    1.09826E-01,   1.03192E-01,  -6.04
  311,    7.46354E-02,   6.88016E-02,  -7.82
  312,    4.36110E-02,   4.81954E-02,  10.51
  313,    5.13951E-02,   6.87808E-02,  33.83
  314,    4.50839E-02,   4.58539E-02,  1.71
  315,    2.97197E-02,   3.20977E-02,  8.00
  316,    4.69384E-02,   5.15805E-02,  9.89
  317,    2.95880E-02,   3.44008E-02,  16.27
  318,    1.92295E-02,   2.40794E-02,  25.22
  319,    2.35129E-02,   2.75157E-02,  17.02
  320,    1.79449E-02,   1.92664E-02,  7.36
  321,    3.80804E+01,   1.15422E+01,  -69.69
  322,    6.76850E+00,   2.88230E+00,  -57.42
  323,    1.95633E+00,   1.15513E+00,  -40.95
  324,    7.22030E-01,   5.77369E-01,  -20.04
  325,    2.45501E-01,   3.29469E-01,  34.20
  326,    3.14589E-01,   2.06260E-01,  -34.44
  327,    1.32839E-01,   1.37479E-01,  3.49
  328,    9.12254E-02,   9.60983E-02,  5.34
  329,    2.81530E-01,   2.88685E-01,  2.54
  330,    1.84205E-01,   1.64989E-01,  -10.43
  331,    1.01430E-01,   1.03192E-01,  1.74
  332,    6.69656E-02,   6.87394E-02,  2.65
  333,    3.76459E-02,   4.81222E-02,  27.83
  334,    5.08173E-02,   6.87808E-02,  35.35
  335,    4.43708E-02,   4.58539E-02,  3.34
  336,    2.39373E-02,   3.20977E-02,  34.09
  337,    3.91844E-02,   5.15805E-02,  31.64
  338,    2.76876E-02,   3.43852E-02,  24.19
  339,    1.84457E-02,   2.40611E-02,  30.44
  340,    2.23618E-02,   2.75057E-02,  23.00
  341,    1.70212E-02,   1.92547E-02,  13.12
  342,    4.82802E+01,   1.15422E+01,  -76.09
  343,    8.77579E+00,   2.89205E+00,  -67.05
  344,    2.45714E+00,   1.15630E+00,  -52.94
  345,    9.03480E-01,   5.77369E-01,  -36.09
  346,    1.82202E-01,   3.30488E-01,  81.39
  347,    5.68158E-01,   2.06508E-01,  -63.65
  348,    1.66081E-01,   1.37479E-01,  -17.22
  349,    1.09426E-01,   9.63907E-02,  -11.91
  350,    3.16558E-01,   2.88977E-01,  -8.71
  351,    1.79875E-01,   1.64989E-01,  -8.28
  352,    1.09995E-01,   1.03130E-01,  -6.24
  353,    5.94460E-02,   6.88016E-02,  15.74
  354,    3.31911E-02,   4.81222E-02,  44.99
  355,    5.25062E-02,   6.87808E-02,  31.00
  356,    4.42747E-02,   4.58539E-02,  3.57
  357,    2.24154E-02,   3.20977E-02,  43.19
  358,    3.92747E-02,   5.15960E-02,  31.37
  359,    2.48500E-02,   3.43852E-02,  38.37
  360,    1.74309E-02,   2.40794E-02,  38.14
  361,    2.08296E-02,   2.75157E-02,  32.10
  362,    1.74077E-02,   1.92547E-02,  10.61
  363,    4.38445E+01,   1.15812E+01,  -73.59
  364,    7.49710E+00,   2.89205E+00,  -61.42
  365,    2.15001E+00,   1.15513E+00,  -46.27
  366,    9.91793E-01,   5.78539E-01,  -41.67
  367,    1.39811E-01,   3.30488E-01,  136.38
  368,    5.69839E-01,   2.06260E-01,  -63.80
  369,    1.61607E-01,   1.37728E-01,  -14.78
  370,    1.27958E-01,   9.63907E-02,  -24.67
  371,    3.73491E-01,   2.88977E-01,  -22.63
  372,    1.82501E-01,   1.65244E-01,  -9.46
  373,    1.07117E-01,   1.03192E-01,  -3.66
  374,    5.49832E-02,   6.88016E-02,  25.13
  375,    3.14264E-02,   4.81954E-02,  53.36
  376,    5.80390E-02,   6.87808E-02,  18.51
  377,    3.50537E-02,   4.58539E-02,  30.81
  378,    2.26806E-02,   3.20977E-02,  41.52
  379,    3.84461E-02,   5.15805E-02,  34.16
  380,    2.28213E-02,   3.44008E-02,  50.74
  381,    1.63110E-02,   2.40794E-02,  47.63
  382,    2.02806E-02,   2.75157E-02,  35.67
  383,    4.16206E+01,   1.15422E+01,  -72.27
  384,    6.32291E+00,   2.88230E+00,  -54.41
  385,    2.42941E+00,   1.15513E+00,  -52.45
  386,    9.34296E-01,   5.77369E-01,  -38.20
  387,    2.53052E-01,   3.29469E-01,  30.20
  388,    4.70146E-01,   2.06260E-01,  -56.13
  389,    2.05146E-01,   1.37479E-01,  -32.98
  390,    1.38997E-01,   9.60983E-02,  -30.86
  391,    3.64430E-01,   2.88685E-01,  -20.78
  392,    1.98949E-01,   1.64989E-01,  -17.07
  393,    9.42916E-02,   1.03192E-01,  9.44
  394,    4.87184E-02,   6.87394E-02,  41.10
  395,    3.58201E-02,   4.81222E-02,  34.34
  396,    6.18732E-02,   6.87808E-02,  11.16
  397,    3.14527E-02,   4.58539E-02,  45.79
  398,    2.36043E-02,   3.20977E-02,  35.98
  399,    3.66439E-02,   5.15805E-02,  40.76
  400,    2.19586E-02,   3.43852E-02,  56.59
  401,    1.62634E-02,   2.40611E-02,  47.95
  402,    2.03385E-02,   2.75057E-02,  35.24
  403,    3.15710E+01,   1.15422E+01,  -63.44
  404,    7.42207E+00,   2.89205E+00,  -61.03
  405,    2.14589E+00,   1.15630E+00,  -46.12
  406,    8.45372E-01,   5.77369E-01,  -31.70
  407,    2.44612E-01,   3.30488E-01,  35.11
  408,    4.92168E-01,   2.06508E-01,  -58.04
  409,    1.99963E-01,   1.37479E-01,  -31.25
  410,    1.13386E-01,   9.63907E-02,  -14.99
  411,    3.50445E-01,   2.88977E-01,  -17.54
  412,    1.83315E-01,   1.64989E-01,  -10.00
  413,    8.18915E-02,   1.03130E-01,  25.93
  414,    4.43376E-02,   6.88016E-02,  55.18
  415,    3.74022E-02,   4.81222E-02,  28.66
  416,    6.16918E-02,   6.87808E-02,  11.49
  417,    2.91736E-02,   4.58539E-02,  57.18
  418,    2.26963E-02,   3.20977E-02,  41.42
  419,    3.60432E-02,   5.15960E-02,  43.15
  420,    2.23686E-02,   3.43852E-02,  53.72
  421,    1.57647E-02,   2.40794E-02,  52.74
  422,    1.92219E-02,   2.75157E-02,  43.15
  423,    4.08932E+01,   1.15812E+01,  -71.68
  424,    6.90435E+00,   2.89205E+00,  -58.11
  425,    1.99952E+00,   1.15513E+00,  -42.23
  426,    8.46089E-01,   5.78539E-01,  -31.62
  427,    3.85740E-01,   3.30488E-01,  -14.32
  428,    4.86175E-01,   2.06260E-01,  -57.58
  429,    1.78218E-01,   1.37728E-01,  -22.72
  430,    1.34689E-01,   9.63907E-02,  -28.43
  431,    3.74887E-01,   2.88977E-01,  -22.92
  432,    1.54621E-01,   1.65244E-01,  6.87
  433,    7.03302E-02,   1.03192E-01,  46.72
  434,    4.76763E-02,   6.88016E-02,  44.31
  435,    3.89113E-02,   4.81954E-02,  23.86
  436,    5.12519E-02,   6.87808E-02,  34.20
  437,    3.10974E-02,   4.58539E-02,  47.45
  438,    1.97023E-02,   3.20977E-02,  62.91
  439,    3.20080E-02,   5.15805E-02,  61.15
  440,    2.10656E-02,   3.44008E-02,  63.30
  441,    1.54380E-02,   2.40794E-02,  55.97
  442,    1.94699E-02,   2.75157E-02,  41.32
  443,    3.69067E+01,   1.15422E+01,  -68.73
  444,    6.11714E+00,   2.88230E+00,  -52.88
  445,    1.96900E+00,   1.15513E+00,  -41.33
  446,    1.11223E+00,   5.77369E-01,  -48.09
  447,    4.54019E-01,   3.29469E-01,  -27.43
  448,    4.47306E-01,   2.06260E-01,  -53.89
  449,    2.22446E-01,   1.37479E-01,  -38.20
  450,    1.42246E-01,   9.60983E-02,  -32.44
  451,    3.65735E-01,   2.88685E-01,  -21.07
  452,    1.39970E-01,   1.64989E-01,  17.87
  453,    6.62039E-02,   1.03192E-01,  55.87
  454,    5.30261E-02,   6.87394E-02,  29.63
  455,    4.62791E-02,   4.81222E-02,  3.98
  456,    4.34874E-02,   6.87808E-02,  58.16
  457,    3.12419E-02,   4.58539E-02,  46.77
  458,    1.85895E-02,   3.20977E-02,  72.67
  459,    3.09585E-02,   5.15805E-02,  66.61
  460,    2.11322E-02,   3.43852E-02,  62.71
  461,    1.56539E-02,   2.40611E-02,  53.71
  462,    2.06630E-02,   2.75057E-02,  33.12
  463,    3.06150E+01,   1.15422E+01,  -62.30
  464,    5.59096E+00,   2.89205E+00,  -48.27
  465,    2.54020E+00,   1.15630E+00,  -54.48
  466,    1.17197E+00,   5.77369E-01,  -50.74
  467,    3.70809E-01,   3.30488E-01,  -10.87
  468,    5.48992E-01,   2.06508E-01,  -62.38
  469,    2.29461E-01,   1.37479E-01,  -40.09
  470,    1.23286E-01,   9.63907E-02,  -21.82
  471,    3.23268E-01,   2.88977E-01,  -10.61
  472,    1.25831E-01,   1.64989E-01,  31.12
  473,    7.66221E-02,   1.03130E-01,  34.60
  474,    5.95566E-02,   6.88016E-02,  15.52
  475,    3.93403E-02,   4.81222E-02,  22.32
  476,    4.23110E-02,   6.87808E-02,  62.56
  477,    3.11593E-02,   4.58539E-02,  47.16
  478,    1.91772E-02,   3.20977E-02,  67.37
  479,    3.08001E-02,   5.15960E-02,  67.52
  480,    2.13899E-02,   3.43852E-02,  60.75
  481,    1.53893E-02,   2.40794E-02,  56.47
  482,    2.96490E+01,   1.15812E+01,  -60.94
  483,    7.54684E+00,   2.89205E+00,  -61.68
  484,    2.69279E+00,   1.15513E+00,  -57.10
  485,    1.10216E+00,   5.78539E-01,  -47.51
  486,    3.55291E-01,   3.30488E-01,  -6.98
  487,    7.24874E-01,   2.06260E-01,  -71.55
  488,    2.01173E-01,   1.37728E-01,  -31.54
  489,    1.09193E-01,   9.63907E-02,  -11.72
  490,    2.85219E-01,   2.88977E-01,  1.32
  491,    1.14398E-01,   1.65244E-01,  44.45
  492,    8.33429E-02,   1.03192E-01,  23.82
  493,    6.73928E-02,   6.88016E-02,  2.09
  494,    3.10131E-02,   4.81954E-02,  55.40
  495,    4.63897E-02,   6.87808E-02,  48.27
  496,    2.79575E-02,   4.58539E-02,  64.01
  497,    1.93758E-02,   3.20977E-02,  65.66
  498,    3.14156E-02,   5.15805E-02,  64.19
  499,    2.10809E-02,   3.44008E-02,  63.18
  500,    1.58374E-02,   2.40794E-02,  52.04
  501,    4.24601E+01,   1.15422E+01,  -72.82
  502,    7.85526E+00,   2.88230E+00,  -63.31
  503,    2.59148E+00,   1.15513E+00,  -55.43
  504,    1.40339E+00,   5.77369E-01,  -58.86
  505,    2.69711E-01,   3.29469E-01,  22.16
  506,    8.16428E-01,   2.06260E-01,  -74.74
  507,    1.79430E-01,   1.37479E-01,  -23.38
  508,    9.71550E-02,   9.60983E-02,  -1.09
  509,    2.52782E-01,   2.88685E-01,  14.20
  510,    1.31542E-01,   1.64989E-01,  25.43
  511,    9.25395E-02,   1.03192E-01,  11.51
  512,    5.65087E-02,   6.87394E-02,  21.64
  513,    3.04459E-02,   4.81222E-02,  58.06
  514,    4.72243E-02,   6.87808E-02,  45.65
  515,    2.64648E-02,   4.58539E-02,  73.26
  516,    1.95223E-02,   3.20977E-02,  64.42
  517,    3.12206E-02,   5.15805E-02,  65.21
  518,    2.13894E-02,   3.43852E-02,  60.76
  519,    1.68177E-02,   2.40611E-02,  43.07
  520,    3.41563E+01,   1.15422E+01,  -66.21
  521,    6.58037E+00,   2.89205E+00,  -56.05
  522,    2.85394E+00,   1.15630E+00,  -59.48
  523,    1.32024E+00,   5.77369E-01,  -56.27
  524,    2.97713E-01,   3.30488E-01,  11.01
  525,    5.38794E-01,   2.06508E-01,  -61.67
  526,    1.39096E-01,   1.37479E-01,  -1.16
  527,    7.57013E-02,   9.63907E-02,  27.33
  528,    2.18441E-01,   2.88977E-01,  32.29
  529,    1.42850E-01,   1.64989E-01,  15.50
  530,    1.04678E-01,   1.03130E-01,  -1.48
  531,    4.50503E-02,   6.88016E-02,  52.72
  532,    3.05649E-02,   4.81222E-02,  57.44
  533,    4.68946E-02,   6.87808E-02,  46.67
  534,    2.70807E-02,   4.58539E-02,  69.32
  535,    1.89779E-02,   3.20977E-02,  69.13
  536,    3.05025E-02,   5.15960E-02,  69.15
  537,    2.15553E-02,   3.43852E-02,  59.52
  538,    1.75997E-02,   2.40794E-02,  36.82
  539,    3.19448E+01,   1.15812E+01,  -63.75
  540,    7.93482E+00,   2.89205E+00,  -63.55
  541,    3.00330E+00,   1.15513E+00,  -61.54
  542,    1.13693E+00,   5.78539E-01,  -49.11
  543,    2.05482E-01,   3.30488E-01,  60.84
  544,    5.13137E-01,   2.06260E-01,  -59.80
  545,    1.19034E-01,   1.37728E-01,  15.70
  546,    7.44040E-02,   9.63907E-02,  29.55
  547,    2.40615E-01,   2.88977E-01,  20.10
  548,    1.56809E-01,   1.65244E-01,  5.38
  549,    8.71872E-02,   1.03192E-01,  18.36
  550,    4.46907E-02,   6.88016E-02,  53.95
  551,    3.42368E-02,   4.81954E-02,  40.77
  552,    4.33740E-02,   6.87808E-02,  58.58
  553,    2.79442E-02,   4.58539E-02,  64.09
  554,    1.95538E-02,   3.20977E-02,  64.15
  555,    3.21501E-02,   5.15805E-02,  60.44
  556,    2.18782E-02,   3.44008E-02,  57.24
  557,    3.82974E+01,   1.15422E+01,  -69.86
  558,    8.58222E+00,   2.88230E+00,  -66.42
  559,    2.70807E+00,   1.15513E+00,  -57.34
  560,    1.00591E+00,   5.77369E-01,  -42.60
  561,    1.33652E-01,   3.29469E-01,  146.51
  562,    4.86496E-01,   2.06260E-01,  -57.60
  563,    1.16760E-01,   1.37479E-01,  17.74
  564,    1.05913E-01,   9.60983E-02,  -9.27
  565,    2.82124E-01,   2.88685E-01,  2.33
  566,    1.88030E-01,   1.64989E-01,  -12.25
  567,    7.33085E-02,   1.03192E-01,  40.76
  568,    4.74624E-02,   6.87394E-02,  44.83
  569,    3.83079E-02,   4.81222E-02,  25.62
  570,    4.16925E-02,   6.87808E-02,  64.97
  571,    2.93357E-02,   4.58539E-02,  56.31
  572,    2.03250E-02,   3.20977E-02,  57.92
  573,    3.25848E-02,   5.15805E-02,  58.30
  574,    2.32618E-02,   3.43852E-02,  47.82
  575,    3.06917E+01,   1.15422E+01,  -62.39
  576,    5.57527E+00,   2.89205E+00,  -48.13
  577,    1.77954E+00,   1.15630E+00,  -35.02
  578,    6.51715E-01,   5.77369E-01,  -11.41
  579,    1.22119E-01,   3.30488E-01,  170.63
  580,    2.99050E-01,   2.06508E-01,  -30.95
  581,    1.29912E-01,   1.37479E-01,  5.82
  582,    7.71218E-02,   9.63907E-02,  24.99
  583,    2.81795E-01,   2.88977E-01,  2.55
  584,    1.40823E-01,   1.64989E-01,  17.16
  585,    6.60604E-02,   1.03130E-01,  56.11
  586,    4.80322E-02,   6.88016E-02,  43.24
  587,    3.00191E-02,   4.81222E-02,  60.31
  588,    4.15528E-02,   6.87808E-02,  65.53
  589,    2.76315E-02,   4.58539E-02,  65.95
  590,    2.04332E-02,   3.20977E-02,  57.09
  591,    3.21279E-02,   5.15960E-02,  60.60
  592,    2.37388E-02,   3.43852E-02,  44.85
  593,    2.82199E+01,   1.15812E+01,  -58.96
  594,    5.21130E+00,   2.89205E+00,  -44.50
  595,    1.56605E+00,   1.15513E+00,  -26.24
  596,    5.72462E-01,   5.78539E-01,  1.06
  597,    1.76971E-01,   3.30488E-01,  86.75
  598,    3.34841E-01,   2.06260E-01,  -38.40
  599,    1.32818E-01,   1.37728E-01,  3.70
  600,    1.26665E-01,   9.63907E-02,  -23.90
  601,    3.23660E-01,   2.88977E-01,  -10.72
  602,    1.12088E-01,   1.65244E-01,  47.42
  603,    6.67424E-02,   1.03192E-01,  54.61
  604,    5.08003E-02,   6.88016E-02,  35.44
  605,    2.72923E-02,   4.81954E-02,  76.59
  606,    4.16490E-02,   6.87808E-02,  65.14
  607,    2.77499E-02,   4.58539E-02,  65.24
  608,    2.03417E-02,   3.20977E-02,  57.79
  609,    3.29427E-02,   5.15805E-02,  56.58
  610,    2.57314E-02,   3.44008E-02,  33.69
  611,    2.38875E+01,   1.15422E+01,  -51.68
  612,    4.41358E+00,   2.88230E+00,  -34.69
  613,    1.29953E+00,   1.15513E+00,  -11.11
  614,    5.60187E-01,   5.77369E-01,  3.07
  615,    3.87876E-01,   3.29469E-01,  -15.06
  616,    2.58467E-01,   2.06260E-01,  -20.20
  617,    2.11006E-01,   1.37479E-01,  -34.85
  618,    1.19297E-01,   9.60983E-02,  -19.45
  619,    2.93383E-01,   2.88685E-01,  -1.60
  620,    1.22231E-01,   1.64989E-01,  34.98
  621,    8.06615E-02,   1.03192E-01,  27.93
  622,    4.70720E-02,   6.87394E-02,  46.03
  623,    3.13164E-02,   4.81222E-02,  53.66
  624,    4.31678E-02,   6.87808E-02,  59.33
  625,    2.89400E-02,   4.58539E-02,  58.44
  626,    1.97790E-02,   3.20977E-02,  62.28
  627,    3.36847E-02,   5.15805E-02,  53.13
  628,    1.67942E+01,   1.15422E+01,  -31.27
  629,    3.07161E+00,   2.89205E+00,  -5.85
  630,    1.08454E+00,   1.15630E+00,  6.62
  631,    7.31747E-01,   5.77369E-01,  -21.10
  632,    3.66913E-01,   3.30488E-01,  -9.93
  633,    3.27837E-01,   2.06508E-01,  -37.01
  634,    1.69613E-01,   1.37479E-01,  -18.95
  635,    8.09325E-02,   9.63907E-02,  19.10
  636,    2.31591E-01,   2.88977E-01,  24.78
  637,    1.24665E-01,   1.64989E-01,  32.35
  638,    8.57160E-02,   1.03130E-01,  20.32
  639,    4.33129E-02,   6.88016E-02,  58.85
  640,    3.19547E-02,   4.81222E-02,  50.60
  641,    4.37952E-02,   6.87808E-02,  57.05
  642,    3.06382E-02,   4.58539E-02,  49.66
  643,    2.15092E-02,   3.20977E-02,  49.23
  644,    3.42349E-02,   5.15960E-02,  50.71
  645,    9.89550E+00,   1.15812E+01,  17.04
  646,    2.38184E+00,   2.89205E+00,  21.42
  647,    1.39654E+00,   1.15513E+00,  -17.29
  648,    6.61919E-01,   5.78539E-01,  -12.60
  649,    5.03590E-01,   3.30488E-01,  -34.37
  650,    2.93625E-01,   2.06260E-01,  -29.75
  651,    1.16914E-01,   1.37728E-01,  17.80
  652,    7.23241E-02,   9.63907E-02,  33.28
  653,    2.19162E-01,   2.88977E-01,  31.86
  654,    1.30039E-01,   1.65244E-01,  27.07
  655,    6.85258E-02,   1.03192E-01,  50.59
  656,    4.31907E-02,   6.88016E-02,  59.30
  657,    2.99446E-02,   4.81954E-02,  60.95
  658,    4.31238E-02,   6.87808E-02,  59.50
  659,    2.98551E-02,   4.58539E-02,  53.59
  660,    2.25431E-02,   3.20977E-02,  42.38
  661,    3.65465E-02,   5.15805E-02,  41.14
  662,    7.08428E+00,   1.15422E+01,  62.93
  663,    2.89216E+00,   2.88230E+00,  -0.34
  664,    1.21571E+00,   1.15513E+00,  -4.98
  665,    8.93043E-01,   5.77369E-01,  -35.35
  666,    2.57100E-01,   3.29469E-01,  28.15
  667,    3.13606E-01,   2.06260E-01,  -34.23
  668,    1.00731E-01,   1.37479E-01,  36.48
  669,    7.36282E-02,   9.60983E-02,  30.52
  670,    2.12331E-01,   2.88685E-01,  35.96
  671,    1.30740E-01,   1.64989E-01,  26.20
  672,    6.02286E-02,   1.03192E-01,  71.33
  673,    4.17568E-02,   6.87394E-02,  64.62
  674,    2.89149E-02,   4.81222E-02,  66.43
  675,    4.07218E-02,   6.87808E-02,  68.90
  676,    2.70620E-02,   4.58539E-02,  69.44
  677,    2.15469E-02,   3.20977E-02,  48.97
  678,    3.70290E-02,   5.15805E-02,  39.30
  679,    8.79268E+00,   1.15422E+01,  31.27
  680,    2.54118E+00,   2.89205E+00,  13.81
  681,    1.74784E+00,   1.15630E+00,  -33.84
  682,    6.85082E-01,   5.77369E-01,  -15.72
  683,    9.80398E-02,   3.30488E-01,  237.10
  684,    3.19806E-01,   2.06508E-01,  -35.43
  685,    1.07180E-01,   1.37479E-01,  28.27
  686,    6.78824E-02,   9.63907E-02,  42.00
  687,    2.20046E-01,   2.88977E-01,  31.33
  688,    1.04101E-01,   1.64989E-01,  58.49
  689,    5.97977E-02,   1.03130E-01,  72.46
  690,    3.92570E-02,   6.88016E-02,  75.26
  691,    2.71704E-02,   4.81222E-02,  77.11
  692,    4.00146E-02,   6.87808E-02,  71.89
  693,    2.61179E-02,   4.58539E-02,  75.57
  694,    2.11287E-02,   3.20977E-02,  51.92
  695,    8.51856E+00,   1.15812E+01,  35.95
  696,    3.76990E+00,   2.89205E+00,  -23.29
  697,    1.38552E+00,   1.15513E+00,  -16.63
  698,    4.72214E-01,   5.78539E-01,  22.52
  699,    3.79685E-01,   2.06260E-01,  -45.68
  700,    1.03746E-01,   1.37728E-01,  32.75
  701,    8.84052E-02,   9.63907E-02,  9.03
  702,    6.38813E-02,   3.30488E-01,  417.35
  703,    2.34054E-01,   2.88977E-01,  23.47
  704,    9.64497E-02,   1.65244E-01,  71.33
  705,    6.11518E-02,   1.03192E-01,  68.75
  706,    3.98833E-02,   6.88016E-02,  72.51
  707,    2.58941E-02,   4.81954E-02,  86.12
  708,    3.89861E-02,   6.87808E-02,  76.42
  709,    2.69907E-02,   4.58539E-02,  69.89
  710,    1.67956E+01,   1.15422E+01,  -31.28
  711,    3.93603E+00,   2.88230E+00,  -26.77
  712,    1.17817E+00,   1.15513E+00,  -1.96
  713,    5.67485E-01,   5.77369E-01,  1.74
  714,    2.37236E-01,   3.29469E-01,  38.88
  715,    3.31717E-01,   2.06260E-01,  -37.82
  716,    1.69616E-01,   1.37479E-01,  -18.95
  717,    9.37500E-02,   9.60983E-02,  2.50
  718,    2.30507E-01,   2.88685E-01,  25.24
  719,    1.20047E-01,   1.64989E-01,  37.44
  720,    7.20498E-02,   1.03192E-01,  43.22
  721,    4.71842E-02,   6.87394E-02,  45.68
  722,    3.35480E-02,   4.81222E-02,  43.44
  723,    4.16027E-02,   6.87808E-02,  65.33
  724,    3.09103E-02,   4.58539E-02,  48.35
  725,    1.11676E+01,   1.15422E+01,  3.35
  726,    2.19845E+00,   2.89205E+00,  31.55
  727,    9.13035E-01,   1.15630E+00,  26.64
  728,    5.31806E-01,   5.77369E-01,  8.57
  729,    2.15799E-01,   3.30488E-01,  53.15
  730,    2.88455E-01,   2.06508E-01,  -28.41
  731,    1.14386E-01,   1.37479E-01,  20.19
  732,    6.52320E-02,   9.63907E-02,  47.77
  733,    2.13195E-01,   2.88977E-01,  35.55
  734,    1.23952E-01,   1.64989E-01,  33.11
  735,    7.43755E-02,   1.03130E-01,  38.66
  736,    4.60745E-02,   6.88016E-02,  49.33
  737,    3.48140E-02,   4.81222E-02,  38.23
  738,    4.40071E-02,   6.87808E-02,  56.29
  739,    3.26938E-02,   4.58539E-02,  40.25
  740,    1.45624E+01,   1.15812E+01,  -20.47
  741,    3.87921E+00,   2.89205E+00,  -25.45
  742,    2.00283E+00,   1.15513E+00,  -42.33
  743,    9.35157E-01,   5.78539E-01,  -38.13
  744,    4.28887E-01,   3.30488E-01,  -22.94
  745,    5.35372E-01,   2.06260E-01,  -61.47
  746,    1.69178E-01,   1.37728E-01,  -18.59
  747,    1.22778E-01,   9.63907E-02,  -21.49
  748,    2.95345E-01,   2.88977E-01,  -2.16
  749,    1.60030E-01,   1.65244E-01,  3.26
  750,    9.53733E-02,   1.03192E-01,  8.20
  751,    6.40765E-02,   6.88016E-02,  7.37
  752,    3.95353E-02,   4.81954E-02,  21.90
  753,    5.81647E-02,   6.87808E-02,  18.25
  754,    1.31056E+01,   1.15422E+01,  -11.93
  755,    4.77626E+00,   2.88230E+00,  -39.65
  756,    2.07477E+00,   1.15513E+00,  -44.33
  757,    1.30047E+00,   5.77369E-01,  -55.60
  758,    2.83145E-01,   3.29469E-01,  16.36
  759,    5.90093E-01,   2.06260E-01,  -65.05
  760,    2.04505E-01,   1.37479E-01,  -32.77
  761,    1.40413E-01,   9.60983E-02,  -31.56
  762,    3.94026E-01,   2.88685E-01,  -26.73
  763,    2.13369E-01,   1.64989E-01,  -22.67
  764,    1.18608E-01,   1.03192E-01,  -13.00
  765,    8.40657E-02,   6.87394E-02,  -18.23
  766,    5.06893E-02,   4.81222E-02,  -5.06
  767,    6.94621E-02,   6.87808E-02,  -0.98
  768,    1.21473E+01,   1.15422E+01,  -4.98
  769,    3.39929E+00,   2.89205E+00,  -14.92
  770,    1.98238E+00,   1.15630E+00,  -41.67
  771,    7.77106E-01,   5.77369E-01,  -25.70
  772,    1.71175E-01,   3.30488E-01,  93.07
  773,    4.39087E-01,   2.06508E-01,  -52.97
  774,    1.62261E-01,   1.37479E-01,  -15.27
  775,    1.13441E-01,   9.63907E-02,  -15.03
  776,    3.60388E-01,   2.88977E-01,  -19.82
  777,    1.96316E-01,   1.64989E-01,  -15.96
  778,    1.20394E-01,   1.03130E-01,  -14.34
  779,    6.97173E-02,   6.88016E-02,  -1.31
  780,    5.05887E-02,   4.81222E-02,  -4.88
  781,    7.48064E-02,   6.87808E-02,  -8.05
  782,    9.51800E+00,   1.15812E+01,  21.68
  783,    3.52661E+00,   2.89205E+00,  -17.99
  784,    1.25238E+00,   1.15513E+00,  -7.77
  785,    5.38351E-01,   5.78539E-01,  7.47
  786,    1.75711E-01,   3.30488E-01,  88.09
  787,    3.80979E-01,   2.06260E-01,  -45.86
  788,    1.47120E-01,   1.37728E-01,  -6.38
  789,    9.73818E-02,   9.63907E-02,  -1.02
  790,    3.10154E-01,   2.88977E-01,  -6.83
  791,    1.59645E-01,   1.65244E-01,  3.51
  792,    1.04328E-01,   1.03192E-01,  -1.09
  793,    5.94718E-02,   6.88016E-02,  15.69
  794,    4.46862E-02,   4.81954E-02,  7.85
  795,    1.07297E+01,   1.15422E+01,  7.57
  796,    2.60551E+00,   2.88230E+00,  10.62
  797,    9.77850E-01,   1.15513E+00,  18.13
  798,    5.65629E-01,   5.77369E-01,  2.08
  799,    2.41966E-01,   3.29469E-01,  36.16
  800,    3.24049E-01,   2.06260E-01,  -36.35
  801,    1.42596E-01,   1.37479E-01,  -3.59
  802,    1.08078E-01,   9.60983E-02,  -11.08
  803,    3.00082E-01,   2.88685E-01,  -3.80
  804,    1.71920E-01,   1.64989E-01,  -4.03
  805,    9.15940E-02,   1.03192E-01,  12.66
  806,    6.33555E-02,   6.87394E-02,  8.50
  807,    4.34306E-02,   4.81222E-02,  10.80
  808,    7.77629E+00,   1.15422E+01,  48.43
  809,    1.92329E+00,   2.89205E+00,  50.37
  810,    9.67088E-01,   1.15630E+00,  19.56
  811,    5.37815E-01,   5.77369E-01,  7.35
  812,    2.54371E-01,   3.30488E-01,  29.92
  813,    2.74375E-01,   2.06508E-01,  -24.73
  814,    1.47296E-01,   1.37479E-01,  -6.66
  815,    9.00716E-02,   9.63907E-02,  7.02
  816,    2.80558E-01,   2.88977E-01,  3.00
  817,    1.71164E-01,   1.64989E-01,  -3.61
  818,    9.03551E-02,   1.03130E-01,  14.14
  819,    6.50338E-02,   6.88016E-02,  5.79
  820,    4.61509E-02,   4.81222E-02,  4.27
  821,    8.37240E+00,   1.15812E+01,  38.33
  822,    2.79498E+00,   2.89205E+00,  3.47
  823,    1.36425E+00,   1.15513E+00,  -15.33
  824,    7.50799E-01,   5.78539E-01,  -22.94
  825,    2.91485E-01,   3.30488E-01,  13.38
  826,    4.50793E-01,   2.06260E-01,  -54.25
  827,    1.78233E-01,   1.37728E-01,  -22.73
  828,    1.34518E-01,   9.63907E-02,  -28.34
  829,    3.70616E-01,   2.88977E-01,  -22.03
  830,    1.83500E-01,   1.65244E-01,  -9.95
  831,    1.16698E-01,   1.03192E-01,  -11.57
  832,    7.58889E-02,   6.88016E-02,  -9.34
  833,    7.66502E+00,   1.15422E+01,  50.58
  834,    2.48971E+00,   2.88230E+00,  15.77
  835,    1.20641E+00,   1.15513E+00,  -4.25
  836,    6.49498E-01,   5.77369E-01,  -11.11
  837,    3.01735E-01,   3.29469E-01,  9.19
  838,    3.60084E-01,   2.06260E-01,  -42.72
  839,    1.74358E-01,   1.37479E-01,  -21.15
  840,    1.37061E-01,   9.60983E-02,  -29.89
  841,    4.00333E-01,   2.88685E-01,  -27.89
  842,    1.95263E-01,   1.64989E-01,  -15.50
  843,    1.29372E-01,   1.03192E-01,  -20.24
  844,    8.68967E-02,   6.87394E-02,  -20.90
  845,    5.70547E+00,   1.15422E+01,  102.30
  846,    1.90659E+00,   2.89205E+00,  51.69
  847,    9.01092E-01,   1.15630E+00,  28.32
  848,    5.43620E-01,   5.77369E-01,  6.21
  849,    2.11083E-01,   3.30488E-01,  56.57
  850,    2.80896E-01,   2.06508E-01,  -26.48
  851,    1.56031E-01,   1.37479E-01,  -11.89
  852,    9.48318E-02,   9.63907E-02,  1.64
  853,    3.02120E-01,   2.88977E-01,  -4.35
  854,    1.80510E-01,   1.64989E-01,  -8.60
  855,    1.08508E-01,   1.03130E-01,  -4.96
  856,    5.52423E+00,   1.15812E+01,  109.64
  857,    1.79776E+00,   2.89205E+00,  60.87
  858,    9.50088E-01,   1.15513E+00,  21.58
  859,    4.61608E-01,   5.78539E-01,  25.33
  860,    2.34349E-01,   3.30488E-01,  41.02
  861,    3.02701E-01,   2.06260E-01,  -31.86
  862,    1.34365E-01,   1.37728E-01,  2.50
  863,    8.82631E-02,   9.63907E-02,  9.21
  864,    2.71833E-01,   2.88977E-01,  6.31
  865,    1.69750E-01,   1.65244E-01,  -2.65
  866,    1.05725E-01,   1.03192E-01,  -2.40
  867,    5.70785E+00,   1.15422E+01,  102.22
  868,    1.97931E+00,   2.88230E+00,  45.62
  869,    8.23320E-01,   1.15513E+00,  40.30
  870,    5.05127E-01,   5.77369E-01,  14.30
  871,    2.71757E-01,   3.29469E-01,  21.24
  872,    2.84022E-01,   2.06260E-01,  -27.38
  873,    1.27322E-01,   1.37479E-01,  7.98
  874,    9.79994E-02,   9.60983E-02,  -1.94
  875,    3.00939E-01,   2.88685E-01,  -4.07
  876,    1.70370E-01,   1.64989E-01,  -3.16
  877,    6.07137E+00,   1.15422E+01,  90.11
  878,    1.60104E+00,   2.89205E+00,  80.64
  879,    8.54563E-01,   1.15630E+00,  35.31
  880,    5.53855E-01,   5.77369E-01,  4.25
  881,    2.32038E-01,   3.30488E-01,  42.43
  882,    2.47654E-01,   2.06508E-01,  -16.61
  883,    1.35813E-01,   1.37479E-01,  1.23
  884,    1.05678E-01,   9.63907E-02,  -8.79
  885,    3.11681E-01,   2.88977E-01,  -7.28
  886,    1.82920E-01,   1.64989E-01,  -9.80
  887,    4.54372E+00,   1.15812E+01,  154.88
  888,    1.48054E+00,   2.89205E+00,  95.34
  889,    8.25334E-01,   1.15513E+00,  39.96
  890,    4.06646E-01,   5.78539E-01,  42.27
  891,    1.89750E-01,   3.30488E-01,  74.17
  892,    2.15815E-01,   2.06260E-01,  -4.43
  893,    1.28207E-01,   1.37728E-01,  7.43
  894,    8.74299E-02,   9.63907E-02,  10.25
  895,    2.81295E-01,   2.88977E-01,  2.73
  896,    5.34105E+00,   1.15422E+01,  116.10
  897,    1.86299E+00,   2.88230E+00,  54.71
  898,    7.69549E-01,   1.15513E+00,  50.10
  899,    4.03310E-01,   5.77369E-01,  43.16
  900,    2.22646E-01,   3.29469E-01,  47.98
  901,    2.56071E-01,   2.06260E-01,  -19.45
  902,    1.32216E-01,   1.37479E-01,  3.98
  903,    9.60375E-02,   9.60983E-02,  0.06
  904,    2.95837E-01,   2.88685E-01,  -2.42
  905,    5.24726E+00,   1.15422E+01,  119.97
  906,    1.33018E+00,   2.89205E+00,  117.42
  907,    5.80960E-01,   1.15630E+00,  99.03
  908,    3.63987E-01,   5.77369E-01,  58.62
  909,    2.21368E-01,   3.30488E-01,  49.29
  910,    1.86606E-01,   2.06508E-01,  10.67
  911,    1.11113E-01,   1.37479E-01,  23.73
  912,    9.01945E-02,   9.63907E-02,  6.87
  913,    4.30290E+00,   1.15812E+01,  169.15
  914,    1.10858E+00,   2.89205E+00,  160.88
  915,    6.05632E-01,   1.15513E+00,  90.73
  916,    3.79821E-01,   5.78539E-01,  52.32
  917,    1.98370E-01,   3.30488E-01,  66.60
  918,    1.83362E-01,   2.06260E-01,  12.49
  919,    1.21171E-01,   1.37728E-01,  13.66
  920,    4.15210E+00,   1.15422E+01,  177.98
  921,    1.39602E+00,   2.88230E+00,  106.47
  922,    7.37753E-01,   1.15513E+00,  56.57
  923,    4.00083E-01,   5.77369E-01,  44.31
  924,    2.10898E-01,   3.29469E-01,  56.22
  925,    2.38774E-01,   2.06260E-01,  -13.62
  926,    4.45874E+00,   1.15422E+01,  158.87
  927,    1.41375E+00,   2.89205E+00,  104.57
  928,    6.50217E-01,   1.15630E+00,  77.83
  929,    3.79948E-01,   5.77369E-01,  51.96
  930,    2.15155E-01,   3.30488E-01,  53.60
  931,    4.53980E+00,   1.15812E+01,  155.10
  932,    1.23305E+00,   2.89205E+00,  134.54
  933,    6.01100E-01,   1.15513E+00,  92.17
  934,    3.91204E-01,   5.78539E-01,  47.89
  935,    4.14627E+00,   1.15422E+01,  178.38
  936,    1.23464E+00,   2.88230E+00,  133.45
  937,    6.81599E-01,   1.15513E+00,  69.47
  938,    4.35325E+00,   1.15422E+01,  165.14
  939,    1.51930E+00,   2.89205E+00,  90.35
  940,    4.05453E+00,   1.15812E+01,  185.64

;-Resistivity in Ohm-m in the elemental sequential order

 4.35620E+02,  4.35620E+02,  4.35620E+02,  4.35620E+02,  4.35620E+02
 4.35620E+02,  4.35620E+02,  4.35620E+02,  4.35620E+02,  4.35620E+02
 4.35620E+02,  4.35620E+02,  4.35620E+02,  4.35620E+02,  4.35620E+02
 4.35620E+02,  4.35620E+02,  4.35620E+02,  4.35620E+02,  4.35620E+02
 4.35620E+02,  4.35620E+02,  4.35620E+02,  4.35620E+02,  4.35620E+02
 4.35620E+02,  4.35620E+02,  4.35620E+02,  4.35620E+02,  4.35620E+02
 4.35620E+02,  4.35620E+02,  4.35620E+02,  4.35620E+02,  4.35620E+02
 4.35620E+02,  4.35620E+02,  4.35620E+02,  4.35620E+02,  4.35620E+02
 4.35620E+02,  4.35620E+02,  4.35620E+02,  4.35620E+02,  4.35620E+02
 4.35620E+02,  4.35620E+02,  4.35620E+02,  4.35620E+02,  4.35620E+02
 4.35620E+02,  4.35620E+02,  4.35620E+02,  4.35620E+02,  4.35620E+02
 4.35620E+02,  4.35620E+02,  4.35620E+02,  4.35620E+02,  4.35620E+02
 4.35620E+02,  4.35620E+02,  4.35620E+02,  4.35620E+02,  4.35620E+02
 4.35620E+02,  4.35620E+02,  4.35620E+02,  4.35620E+02,  4.35620E+02
 4.35620E+02,  4.35620E+02,  4.35620E+02,  4.35620E+02,  4.35620E+02
 4.35620E+02,  4.35620E+02,  4.35620E+02,  4.35620E+02,  4.35620E+02
 4.35620E+02,  4.35620E+02,  4.35620E+02,  4.35620E+02,  4.35620E+02
 4.35620E+02,  4.35620E+02,  4.35620E+02,  4.35620E+02,  4.35620E+02
 4.35620E+02,  4.35620E+02,  4.35620E+02,  4.35620E+02,  4.35620E+02
 4.35620E+02,  4.35620E+02,  4.35620E+02,  4.35620E+02,  4.35620E+02
 4.35620E+02,  4.35620E+02,  4.35620E+02,  4.35620E+02,  4.35620E+02
 4.35620E+02,  4.35620E+02,  4.35620E+02,  4.35620E+02,  4.35620E+02
 4.35620E+02,  4.35620E+02,  4.35620E+02,  4.35620E+02,  4.35620E+02
 4.35620E+02,  4.35620E+02,  4.35620E+02,  4.35620E+02,  4.35620E+02
 4.35620E+02,  4.35620E+02,  4.35620E+02,  4.35620E+02,  4.35620E+02
 4.35620E+02,  4.35620E+02,  4.35620E+02,  4.35620E+02,  4.35620E+02
 4.35620E+02,  4.35620E+02,  4.35620E+02,  4.35620E+02,  4.35620E+02
 4.35620E+02,  4.35620E+02,  4.35620E+02,  4.35620E+02,  4.35620E+02
 4.35620E+02,  4.35620E+02,  4.35620E+02,  4.35620E+02,  4.35620E+02
 4.35620E+02,  4.35620E+02,  4.35620E+02,  4.35620E+02,  4.35620E+02
 4.35620E+02,  4.35620E+02,  4.35620E+02,  4.35620E+02,  4.35620E+02
 4.35620E+02,  4.35620E+02,  4.35620E+02,  4.35620E+02,  4.35620E+02
 4.35620E+02,  4.35620E+02,  4.35620E+02,  4.35620E+02,  4.35620E+02
 4.35620E+02,  4.35620E+02,  4.35620E+02,  4.35620E+02,  4.35620E+02
 4.35620E+02,  4.35620E+02,  4.35620E+02,  4.35620E+02,  4.35620E+02
 4.35620E+02,  4.35620E+02,  4.35620E+02,  4.35620E+02,  4.35620E+02
 4.35620E+02,  4.35620E+02,  4.35620E+02,  4.35620E+02,  4.35620E+02
 4.35620E+02,  4.35620E+02,  4.35620E+02,  4.35620E+02,  4.35620E+02
 4.35620E+02,  4.35620E+02,  4.35620E+02,  4.35620E+02,  4.35620E+02
 4.35620E+02,  4.35620E+02,  4.35620E+02,  4.35620E+02,  4.35620E+02
 4.35620E+02,  4.35620E+02,  4.35620E+02,  4.35620E+02,  4.35620E+02
 4.35620E+02,  4.35620E+02,  4.35620E+02,  4.35620E+02,  4.35620E+02
 4.35620E+02,  4.35620E+02,  4.35620E+02,  4.35620E+02,  4.35620E+02
 4.35620E+02,  4.35620E+02,  4.35620E+02,  4.35620E+02,  4.35620E+02
 4.35620E+02,  4.35620E+02,  4.35620E+02,  4.35620E+02,  4.35620E+02
 4.35620E+02,  4.35620E+02,  4.35620E+02,  4.35620E+02,  4.35620E+02
 4.35620E+02,  4.35620E+02,  4.35620E+02,  4.35620E+02,  4.35620E+02
 4.35620E+02,  4.35620E+02,  4.35620E+02,  4.35620E+02,  4.35620E+02
 4.35620E+02,  4.35620E+02,  4.35620E+02,  4.35620E+02,  4.35620E+02
 4.35620E+02,  4.35620E+02,  4.35620E+02,  4.35620E+02,  4.35620E+02
 4.35620E+02,  4.35620E+02,  4.35620E+02,  4.35620E+02,  4.35620E+02
 4.35620E+02,  4.35620E+02,  4.35620E+02,  4.35620E+02,  4.35620E+02
 4.35620E+02,  4.35620E+02,  4.35620E+02,  4.35620E+02,  4.35620E+02
 4.35620E+02,  4.35620E+02,  4.35620E+02,  4.35620E+02,  4.35620E+02
 4.35620E+02,  4.35620E+02,  4.35620E+02,  4.35620E+02,  4.35620E+02
 4.35620E+02,  4.35620E+02,  4.35620E+02,  4.35620E+02,  4.35620E+02
 4.35620E+02,  4.35620E+02,  4.35620E+02,  4.35620E+02,  4.35620E+02
 4.35620E+02,  4.35620E+02,  4.35620E+02,  4.35620E+02,  4.35620E+02
 4.35620E+02,  4.35620E+02,  4.35620E+02,  4.35620E+02,  4.35620E+02
 4.35620E+02,  4.35620E+02,  4.35620E+02,  4.35620E+02,  4.35620E+02
 4.35620E+02,  4.35620E+02,  4.35620E+02,  4.35620E+02,  4.35620E+02
 4.35620E+02,  4.35620E+02,  4.35620E+02,  4.35620E+02,  4.35620E+02
 4.35620E+02,  4.35620E+02,  4.35620E+02,  4.35620E+02,  4.35620E+02
 4.35620E+02,  4.35620E+02,  4.35620E+02,  4.35620E+02,  4.35620E+02
 4.35620E+02,  4.35620E+02,  4.35620E+02,  4.35620E+02,  4.35620E+02
 4.35620E+02,  4.35620E+02,  4.35620E+02,  4.35620E+02,  4.35620E+02
 4.35620E+02,  4.35620E+02,  4.35620E+02,  4.35620E+02,  4.35620E+02
 4.35620E+02,  4.35620E+02,  4.35620E+02,  4.35620E+02,  4.35620E+02
 4.35620E+02,  4.35620E+02,  4.35620E+02,  4.35620E+02,  4.35620E+02
 4.35620E+02,  4.35620E+02,  4.35620E+02,  4.35620E+02,  4.35620E+02
 4.35620E+02,  4.35620E+02,  4.35620E+02,  4.35620E+02,  4.35620E+02
 4.35620E+02,  4.35620E+02,  4.35620E+02,  4.35620E+02,  4.35620E+02
 4.35620E+02,  4.35620E+02,  4.35620E+02,  4.35620E+02,  4.35620E+02
 4.35620E+02,  4.35620E+02,  4.35620E+02,  4.35620E+02,  4.35620E+02
 4.35620E+02,  4.35620E+02,  4.35620E+02,  4.35620E+02,  4.35620E+02
 4.35620E+02,  4.35620E+02,  4.35620E+02,  4.35620E+02,  4.35620E+02
 4.35620E+02,  4.35620E+02,  4.35620E+02,  4.35620E+02,  4.35620E+02
 4.35620E+02,  4.35620E+02,  4.35620E+02,  4.35620E+02,  4.35620E+02
 4.35620E+02,  4.35620E+02,  4.35620E+02,  4.35620E+02,  4.35620E+02
 4.35620E+02,  4.35620E+02,  4.35620E+02,  4.35620E+02,  4.35620E+02
 4.35620E+02,  4.35620E+02,  4.35620E+02,  4.35620E+02,  4.35620E+02
 4.35620E+02,  4.35620E+02,  4.35620E+02,  4.35620E+02,  4.35620E+02
 4.35620E+02,  4.35620E+02,  4.35620E+02,  4.35620E+02,  4.35620E+02
 4.35620E+02,  4.35620E+02,  4.35620E+02,  4.35620E+02,  4.35620E+02
 4.35620E+02,  4.35620E+02,  4.35620E+02,  4.35620E+02,  4.35620E+02
 4.35620E+02,  4.35620E+02,  4.35620E+02,  4.35620E+02,  4.35620E+02
 4.35620E+02,  4.35620E+02,  4.35620E+02,  4.35620E+02,  4.35620E+02
 4.35620E+02,  4.35620E+02,  4.35620E+02,  4.35620E+02,  4.35620E+02
 4.35620E+02,  4.35620E+02,  4.35620E+02,  4.35620E+02,  4.35620E+02
 4.35620E+02,  4.35620E+02,  4.35620E+02,  4.35620E+02,  4.35620E+02
 4.35620E+02,  4.35620E+02,  4.35620E+02,  4.35620E+02,  4.35620E+02
 4.35620E+02,  4.35620E+02,  4.35620E+02,  4.35620E+02,  4.35620E+02
 4.35620E+02,  4.35620E+02,  4.35620E+02,  4.35620E+02,  4.35620E+02
 4.35620E+02,  4.35620E+02,  4.35620E+02,  4.35620E+02,  4.35620E+02
 4.35620E+02,  4.35620E+02,  4.35620E+02,  4.35620E+02,  4.35620E+02
 4.35620E+02,  4.35620E+02,  4.35620E+02,  4.35620E+02,  4.35620E+02
 4.35620E+02,  4.35620E+02,  4.35620E+02,  4.35620E+02,  4.35620E+02
 4.35620E+02,  4.35620E+02,  4.35620E+02,  4.35620E+02,  4.35620E+02
 4.35620E+02,  4.35620E+02,  4.35620E+02,  4.35620E+02,  4.35620E+02
 4.35620E+02,  4.35620E+02,  4.35620E+02,  4.35620E+02,  4.35620E+02
 4.35620E+02,  4.35620E+02,  4.35620E+02,  4.35620E+02,  4.35620E+02
 4.35620E+02,  4.35620E+02,  4.35620E+02,  4.35620E+02,  4.35620E+02
 4.35620E+02,  4.35620E+02,  4.35620E+02,  4.35620E+02,  4.35620E+02
 4.35620E+02,  4.35620E+02,  4.35620E+02,  4.35620E+02,  4.35620E+02
 4.35620E+02,  4.35620E+02,  4.35620E+02,  4.35620E+02,  4.35620E+02
 4.35620E+02,  4.35620E+02,  4.35620E+02,  4.35620E+02,  4.35620E+02
 4.35620E+02,  4.35620E+02,  4.35620E+02,  4.35620E+02,  4.35620E+02
 4.35620E+02,  4.35620E+02,  4.35620E+02,  4.35620E+02,  4.35620E+02
 4.35620E+02,  4.35620E+02,  4.35620E+02,  4.35620E+02,  4.35620E+02
 4.35620E+02,  4.35620E+02,  4.35620E+02,  4.35620E+02,  4.35620E+02
 4.35620E+02,  4.35620E+02,  4.35620E+02,  4.35620E+02,  4.35620E+02
 4.35620E+02,  4.35620E+02,  4.35620E+02,  4.35620E+02,  4.35620E+02
 4.35620E+02,  4.35620E+02,  4.35620E+02,  4.35620E+02,  4.35620E+02
 4.35620E+02,  4.35620E+02,  4.35620E+02,  4.35620E+02,  4.35620E+02
 4.35620E+02,  4.35620E+02,  4.35620E+02,  4.35620E+02,  4.35620E+02
 4.35620E+02,  4.35620E+02,  4.35620E+02,  4.35620E+02,  4.35620E+02
 4.35620E+02,  4.35620E+02,  4.35620E+02,  4.35620E+02,  4.35620E+02
 4.35620E+02,  4.35620E+02,  4.35620E+02,  4.35620E+02,  4.35620E+02
 4.35620E+02,  4.35620E+02,  4.35620E+02,  4.35620E+02,  4.35620E+02
 4.35620E+02,  4.35620E+02,  4.35620E+02,  4.35620E+02,  4.35620E+02
 4.35620E+02,  4.35620E+02,  4.35620E+02,  4.35620E+02,  4.35620E+02
 4.35620E+02,  4.35620E+02,  4.35620E+02,  4.35620E+02,  4.35620E+02
 4.35620E+02,  4.35620E+02,  4.35620E+02,  4.35620E+02,  4.35620E+02
 4.35620E+02,  4.35620E+02,  4.35620E+02,  4.35620E+02,  4.35620E+02
 4.35620E+02,  4.35620E+02,  4.35620E+02,  4.35620E+02,  4.35620E+02
 4.35620E+02,  4.35620E+02,  4.35620E+02,  4.35620E+02,  4.35620E+02
 4.35620E+02,  4.35620E+02,  4.35620E+02,  4.35620E+02,  4.35620E+02
 4.35620E+02,  4.35620E+02,  4.35620E+02,  4.35620E+02,  4.35620E+02
 4.35620E+02,  4.35620E+02,  4.35620E+02,  4.35620E+02,  4.35620E+02
 4.35620E+02,  4.35620E+02,  4.35620E+02,  4.35620E+02,  4.35620E+02
 4.35620E+02,  4.35620E+02,  4.35620E+02,  4.35620E+02,  4.35620E+02
 4.35620E+02,  4.35620E+02,  4.35620E+02,  4.35620E+02,  4.35620E+02
 4.35620E+02,  4.35620E+02,  4.35620E+02,  4.35620E+02,  4.35620E+02
 4.35620E+02,  4.35620E+02,  4.35620E+02,  4.35620E+02,  4.35620E+02
 4.35620E+02,  4.35620E+02,  4.35620E+02,  4.35620E+02,  4.35620E+02
 4.35620E+02,  4.35620E+02,  4.35620E+02,  4.35620E+02,  4.35620E+02
 4.35620E+02,  4.35620E+02,  4.35620E+02,  4.35620E+02,  4.35620E+02
 4.35620E+02,  4.35620E+02,  4.35620E+02,  4.35620E+02,  4.35620E+02
 4.35620E+02,  4.35620E+02,  4.35620E+02,  4.35620E+02,  4.35620E+02
 4.35620E+02,  4.35620E+02,  4.35620E+02,  4.35620E+02,  4.35620E+02
 4.35620E+02,  4.35620E+02,  4.35620E+02,  4.35620E+02,  4.35620E+02
 4.35620E+02,  4.35620E+02,  4.35620E+02,  4.35620E+02,  4.35620E+02
 4.35620E+02,  4.35620E+02,  4.35620E+02,  4.35620E+02,  4.35620E+02
 4.35620E+02,  4.35620E+02,  4.35620E+02,  4.35620E+02,  4.35620E+02
 4.35620E+02,  4.35620E+02,  4.35620E+02,  4.35620E+02,  4.35620E+02
 4.35620E+02,  4.35620E+02,  4.35620E+02,  4.35620E+02,  4.35620E+02
 4.35620E+02,  4.35620E+02,  4.35620E+02,  4.35620E+02,  4.35620E+02
 4.35620E+02,  4.35620E+02,  4.35620E+02,  4.35620E+02,  4.35620E+02
 4.35620E+02,  4.35620E+02,  4.35620E+02,  4.35620E+02,  4.35620E+02
 4.35620E+02,  4.35620E+02,  4.35620E+02,  4.35620E+02,  4.35620E+02
 4.35620E+02,  4.35620E+02,  4.35620E+02,  4.35620E+02,  4.35620E+02
 4.35620E+02,  4.35620E+02,  4.35620E+02,  4.35620E+02,  4.35620E+02
 4.35620E+02,  4.35620E+02,  4.35620E+02,  4.35620E+02,  4.35620E+02
 4.35620E+02,  4.35620E+02,  4.35620E+02,  4.35620E+02,  4.35620E+02
 4.35620E+02,  4.35620E+02,  4.35620E+02,  4.35620E+02,  4.35620E+02
 4.35620E+02,  4.35620E+02,  4.35620E+02,  4.35620E+02,  4.35620E+02
 4.35620E+02,  4.35620E+02,  4.35620E+02,  4.35620E+02,  4.35620E+02
 4.35620E+02,  4.35620E+02,  4.35620E+02,  4.35620E+02,  4.35620E+02
 4.35620E+02,  4.35620E+02,  4.35620E+02,  4.35620E+02,  4.35620E+02
 4.35620E+02,  4.35620E+02,  4.35620E+02,  4.35620E+02,  4.35620E+02
 4.35620E+02,  4.35620E+02,  4.35620E+02,  4.35620E+02,  4.35620E+02
 4.35620E+02,  4.35620E+02,  4.35620E+02,  4.35620E+02,  4.35620E+02
 4.35620E+02,  4.35620E+02,  4.35620E+02,  4.35620E+02,  4.35620E+02
 4.35620E+02,  4.35620E+02,  4.35620E+02,  4.35620E+02,  4.35620E+02
 4.35620E+02,  4.35620E+02,  4.35620E+02,  4.35620E+02,  4.35620E+02
 4.35620E+02,  4.35620E+02,  4.35620E+02,  4.35620E+02,  4.35620E+02
 4.35620E+02,  4.35620E+02,  4.35620E+02,  4.35620E+02,  4.35620E+02
 4.35620E+02,  4.35620E+02,  4.35620E+02,  4.35620E+02,  4.35620E+02
 4.35620E+02,  4.35620E+02,  4.35620E+02,  4.35620E+02,  4.35620E+02
 4.35620E+02,  4.35620E+02,  4.35620E+02,  4.35620E+02,  4.35620E+02
 4.35620E+02,  4.35620E+02,  4.35620E+02,  4.35620E+02,  4.35620E+02
 4.35620E+02,  4.35620E+02,  4.35620E+02,  4.35620E+02,  4.35620E+02
 4.35620E+02,  4.35620E+02,  4.35620E+02,  4.35620E+02,  4.35620E+02
 4.35620E+02,  4.35620E+02,  4.35620E+02,  4.35620E+02,  4.35620E+02
 4.35620E+02,  4.35620E+02,  4.35620E+02,  4.35620E+02,  4.35620E+02
 4.35620E+02,  4.35620E+02,  4.35620E+02,  4.35620E+02,  4.35620E+02
 4.35620E+02,  4.35620E+02,  4.35620E+02,  4.35620E+02,  4.35620E+02
 4.35620E+02,  4.35620E+02,  4.35620E+02,  4.35620E+02,  4.35620E+02
 4.35620E+02,  4.35620E+02,  4.35620E+02,  4.35620E+02,  4.35620E+02
 4.35620E+02,  4.35620E+02,  4.35620E+02,  4.35620E+02,  4.35620E+02
 4.35620E+02,  4.35620E+02,  4.35620E+02,  4.35620E+02,  4.35620E+02
 4.35620E+02,  4.35620E+02,  4.35620E+02,  4.35620E+02,  4.35620E+02
 4.35620E+02,  4.35620E+02,  4.35620E+02,  4.35620E+02,  4.35620E+02
 4.35620E+02,  4.35620E+02,  4.35620E+02,  4.35620E+02,  4.35620E+02
 4.35620E+02,  4.35620E+02,  4.35620E+02,  4.35620E+02,  4.35620E+02
 4.35620E+02,  4.35620E+02,  4.35620E+02,  4.35620E+02,  4.35620E+02
 4.35620E+02,  4.35620E+02,  4.35620E+02,  4.35620E+02,  4.35620E+02
 4.35620E+02,  4.35620E+02,  4.35620E+02,  4.35620E+02,  4.35620E+02
 4.35620E+02,  4.35620E+02,  4.35620E+02,  4.35620E+02,  4.35620E+02
 4.35620E+02,  4.35620E+02,  4.35620E+02,  4.35620E+02,  4.35620E+02
 4.35620E+02,  4.35620E+02,  4.35620E+02,  4.35620E+02,  4.35620E+02
 4.35620E+02,  4.35620E+02,  4.35620E+02,  4.35620E+02,  4.35620E+02
 4.35620E+02,  4.35620E+02,  4.35620E+02,  4.35620E+02,  4.35620E+02
 4.35620E+02,  4.35620E+02,  4.35620E+02,  4.35620E+02,  4.35620E+02
 4.35620E+02,  4.35620E+02,  4.35620E+02,  4.35620E+02,  4.35620E+02
 4.35620E+02,  4.35620E+02,  4.35620E+02,  4.35620E+02,  4.35620E+02
 4.35620E+02,  4.35620E+02,  4.35620E+02,  4.35620E+02,  4.35620E+02
 4.35620E+02,  4.35620E+02,  4.35620E+02,  4.35620E+02,  4.35620E+02
 4.35620E+02,  4.35620E+02,  4.35620E+02,  4.35620E+02,  4.35620E+02
 4.35620E+02,  4.35620E+02,  4.35620E+02,  4.35620E+02,  4.35620E+02
 4.35620E+02,  4.35620E+02,  4.35620E+02,  4.35620E+02,  4.35620E+02
 4.35620E+02,  4.35620E+02,  4.35620E+02,  4.35620E+02,  4.35620E+02
 4.35620E+02,  4.35620E+02,  4.35620E+02,  4.35620E+02,  4.35620E+02
 4.35620E+02,  4.35620E+02,  4.35620E+02,  4.35620E+02,  4.35620E+02
 4.35620E+02,  4.35620E+02,  4.35620E+02,  4.35620E+02,  4.35620E+02
 4.35620E+02,  4.35620E+02,  4.35620E+02,  4.35620E+02,  4.35620E+02
 4.35620E+02,  4.35620E+02,  4.35620E+02,  4.35620E+02,  4.35620E+02
 4.35620E+02,  4.35620E+02,  4.35620E+02,  4.35620E+02,  4.35620E+02
 4.35620E+02,  4.35620E+02,  4.35620E+02,  4.35620E+02,  4.35620E+02
 4.35620E+02,  4.35620E+02,  4.35620E+02,  4.35620E+02,  4.35620E+02
 4.35620E+02,  4.35620E+02,  4.35620E+02,  4.35620E+02,  4.35620E+02
 4.35620E+02,  4.35620E+02,  4.35620E+02,  4.35620E+02,  4.35620E+02
 4.35620E+02,  4.35620E+02,  4.35620E+02,  4.35620E+02,  4.35620E+02
 4.35620E+02,  4.35620E+02,  4.35620E+02,  4.35620E+02,  4.35620E+02
 4.35620E+02,  4.35620E+02,  4.35620E+02,  4.35620E+02,  4.35620E+02
 4.35620E+02,  4.35620E+02,  4.35620E+02,  4.35620E+02,  4.35620E+02
 4.35620E+02,  4.35620E+02,  4.35620E+02,  4.35620E+02,  4.35620E+02
 4.35620E+02,  4.35620E+02,  4.35620E+02,  4.35620E+02,  4.35620E+02
 4.35620E+02,  4.35620E+02,  4.35620E+02,  4.35620E+02,  4.35620E+02
 4.35620E+02,  4.35620E+02,  4.35620E+02,  4.35620E+02,  4.35620E+02
 4.35620E+02,  4.35620E+02,  4.35620E+02,  4.35620E+02,  4.35620E+02
 4.35620E+02,  4.35620E+02,  4.35620E+02,  4.35620E+02,  4.35620E+02
 4.35620E+02,  4.35620E+02,  4.35620E+02,  4.35620E+02,  4.35620E+02
 4.35620E+02,  4.35620E+02,  4.35620E+02,  4.35620E+02,  4.35620E+02
 4.35620E+02,  4.35620E+02,  4.35620E+02,  4.35620E+02,  4.35620E+02
 4.35620E+02,  4.35620E+02,  4.35620E+02,  4.35620E+02,  4.35620E+02
 4.35620E+02,  4.35620E+02,  4.35620E+02,  4.35620E+02,  4.35620E+02
 4.35620E+02,  4.35620E+02,  4.35620E+02,  4.35620E+02,  4.35620E+02
 4.35620E+02,  4.35620E+02,  4.35620E+02,  4.35620E+02,  4.35620E+02
 4.35620E+02,  4.35620E+02,  4.35620E+02,  4.35620E+02,  4.35620E+02
 4.35620E+02,  4.35620E+02,  4.35620E+02,  4.35620E+02,  4.35620E+02
 4.35620E+02,  4.35620E+02,  4.35620E+02,  4.35620E+02,  4.35620E+02
 4.35620E+02,  4.35620E+02,  4.35620E+02,  4.35620E+02,  4.35620E+02
 4.35620E+02,  4.35620E+02,  4.35620E+02,  4.35620E+02,  4.35620E+02
 4.35620E+02,  4.35620E+02,  4.35620E+02,  4.35620E+02,  4.35620E+02
 4.35620E+02,  4.35620E+02,  4.35620E+02,  4.35620E+02,  4.35620E+02
 4.35620E+02,  4.35620E+02,  4.35620E+02,  4.35620E+02,  4.35620E+02
 4.35620E+02,  4.35620E+02,  4.35620E+02,  4.35620E+02,  4.35620E+02
 4.35620E+02,  4.35620E+02,  4.35620E+02,  4.35620E+02,  4.35620E+02
 4.35620E+02,  4.35620E+02,  4.35620E+02,  4.35620E+02,  4.35620E+02
 4.35620E+02,  4.35620E+02,  4.35620E+02,  4.35620E+02,  4.35620E+02
 4.35620E+02,  4.35620E+02,  4.35620E+02,  4.35620E+02,  4.35620E+02
 4.35620E+02,  4.35620E+02,  4.35620E+02,  4.35620E+02,  4.35620E+02
 4.35620E+02,  4.35620E+02,  4.35620E+02,  4.35620E+02,  4.35620E+02
 4.35620E+02,  4.35620E+02,  4.35620E+02,  4.35620E+02,  4.35620E+02
 4.35620E+02,  4.35620E+02,  4.35620E+02,  4.35620E+02,  4.35620E+02
 4.35620E+02,  4.35620E+02,  4.35620E+02,  4.35620E+02,  4.35620E+02
 4.35620E+02,  4.35620E+02,  4.35620E+02,  4.35620E+02,  4.35620E+02
 4.35620E+02,  4.35620E+02,  4.35620E+02,  4.35620E+02,  4.35620E+02
 4.35620E+02,  4.35620E+02,  4.35620E+02,  4.35620E+02,  4.35620E+02
 4.35620E+02,  4.35620E+02,  4.35620E+02,  4.35620E+02,  4.35620E+02
 4.35620E+02,  4.35620E+02,  4.35620E+02,  4.35620E+02,  4.35620E+02
 4.35620E+02,  4.35620E+02,  4.35620E+02,  4.35620E+02,  4.35620E+02
 4.35620E+02,  4.35620E+02,  4.35620E+02,  4.35620E+02,  4.35620E+02
 4.35620E+02,  4.35620E+02,  4.35620E+02,  4.35620E+02,  4.35620E+02
 4.35620E+02,  4.35620E+02,  4.35620E+02,  4.35620E+02,  4.35620E+02
 4.35620E+02,  4.35620E+02,  4.35620E+02,  4.35620E+02,  4.35620E+02
 4.35620E+02,  4.35620E+02,  4.35620E+02,  4.35620E+02,  4.35620E+02
 4.35620E+02,  4.35620E+02,  4.35620E+02,  4.35620E+02,  4.35620E+02
 4.35620E+02,  4.35620E+02,  4.35620E+02,  4.35620E+02,  4.35620E+02
 4.35620E+02,  4.35620E+02,  4.35620E+02,  4.35620E+02,  4.35620E+02
 4.35620E+02,  4.35620E+02,  4.35620E+02,  4.35620E+02,  4.35620E+02
 4.35620E+02,  4.35620E+02,  4.35620E+02,  4.35620E+02,  4.35620E+02
 4.35620E+02,  4.35620E+02,  4.35620E+02,  4.35620E+02,  4.35620E+02
 4.35620E+02,  4.35620E+02,  4.35620E+02,  4.35620E+02,  4.35620E+02
 4.35620E+02,  4.35620E+02,  4.35620E+02,  4.35620E+02,  4.35620E+02
 4.35620E+02,  4.35620E+02,  4.35620E+02,  4.35620E+02,  4.35620E+02
 4.35620E+02,  4.35620E+02,  4.35620E+02,  4.35620E+02,  4.35620E+02
 4.35620E+02,  4.35620E+02,  4.35620E+02,  4.35620E+02,  4.35620E+02
 4.35620E+02,  4.35620E+02,  4.35620E+02,  4.35620E+02,  4.35620E+02
 4.35620E+02,  4.35620E+02,  4.35620E+02,  4.35620E+02,  4.35620E+02
 4.35620E+02,  4.35620E+02,  4.35620E+02,  4.35620E+02,  4.35620E+02
 4.35620E+02,  4.35620E+02,  4.35620E+02,  4.35620E+02,  4.35620E+02
 4.35620E+02,  4.35620E+02,  4.35620E+02,  4.35620E+02,  4.35620E+02
 4.35620E+02,  4.35620E+02,  4.35620E+02,  4.35620E+02,  4.35620E+02
 4.35620E+02,  4.35620E+02,  4.35620E+02,  4.35620E+02,  4.35620E+02
 4.35620E+02,  4.35620E+02,  4.35620E+02,  4.35620E+02,  4.35620E+02
 4.35620E+02,  4.35620E+02,  4.35620E+02,  4.35620E+02,  4.35620E+02
 4.35620E+02,  4.35620E+02,  4.35620E+02,  4.35620E+02,  4.35620E+02
 4.35620E+02,  4.35620E+02,  4.35620E+02,  4.35620E+02,  4.35620E+02
 4.35620E+02,  4.35620E+02,  4.35620E+02,  4.35620E+02,  4.35620E+02
 4.35620E+02,  4.35620E+02,  4.35620E+02,  4.35620E+02,  4.35620E+02
 4.35620E+02,  4.35620E+02,  4.35620E+02,  4.35620E+02,  4.35620E+02
 4.35620E+02,  4.35620E+02,  4.35620E+02,  4.35620E+02,  4.35620E+02
 4.35620E+02,  4.35620E+02,  4.35620E+02,  4.35620E+02,  4.35620E+02
 4.35620E+02,  4.35620E+02,  4.35620E+02,  4.35620E+02,  4.35620E+02
 4.35620E+02,  4.35620E+02,  4.35620E+02,  4.35620E+02,  4.35620E+02
 4.35620E+02,  4.35620E+02,  4.35620E+02,  4.35620E+02,  4.35620E+02
 4.35620E+02,  4.35620E+02,  4.35620E+02,  4.35620E+02,  4.35620E+02
 4.35620E+02,  4.35620E+02,  4.35620E+02,  4.35620E+02,  4.35620E+02
 4.35620E+02,  4.35620E+02,  4.35620E+02,  4.35620E+02,  4.35620E+02
 4.35620E+02,  4.35620E+02,  4.35620E+02,  4.35620E+02,  4.35620E+02
 4.35620E+02,  4.35620E+02,  4.35620E+02,  4.35620E+02,  4.35620E+02
 4.35620E+02,  4.35620E+02,  4.35620E+02,  4.35620E+02,  4.35620E+02
 4.35620E+02,  4.35620E+02,  4.35620E+02,  4.35620E+02,  4.35620E+02
 4.35620E+02,  4.35620E+02,  4.35620E+02,  4.35620E+02,  4.35620E+02
 4.35620E+02,  4.35620E+02,  4.35620E+02,  4.35620E+02,  4.35620E+02
 4.35620E+02,  4.35620E+02,  4.35620E+02,  4.35620E+02,  4.35620E+02
 4.35620E+02,  4.35620E+02,  4.35620E+02,  4.35620E+02,  4.35620E+02
 4.35620E+02,  4.35620E+02,  4.35620E+02,  4.35620E+02,  4.35620E+02
 4.35620E+02,  4.35620E+02,  4.35620E+02,  4.35620E+02,  4.35620E+02
 4.35620E+02,  4.35620E+02,  4.35620E+02,  4.35620E+02,  4.35620E+02
 4.35620E+02,  4.35620E+02,  4.35620E+02,  4.35620E+02,  4.35620E+02
 4.35620E+02,  4.35620E+02,  4.35620E+02,  4.35620E+02,  4.35620E+02
 4.35620E+02,  4.35620E+02,  4.35620E+02,  4.35620E+02,  4.35620E+02
 4.35620E+02,  4.35620E+02,  4.35620E+02,  4.35620E+02,  4.35620E+02
 4.35620E+02,  4.35620E+02,  4.35620E+02,  4.35620E+02,  4.35620E+02
 4.35620E+02,  4.35620E+02,  4.35620E+02,  4.35620E+02,  4.35620E+02
 4.35620E+02,  4.35620E+02,  4.35620E+02,  4.35620E+02,  4.35620E+02
 4.35620E+02,  4.35620E+02,  4.35620E+02,  4.35620E+02,  4.35620E+02
 4.35620E+02,  4.35620E+02,  4.35620E+02,  4.35620E+02,  4.35620E+02
 4.35620E+02,  4.35620E+02,  4.35620E+02,  4.35620E+02,  4.35620E+02
 4.35620E+02,  4.35620E+02,  4.35620E+02,  4.35620E+02,  4.35620E+02
 4.35620E+02,  4.35620E+02,  4.35620E+02,  4.35620E+02,  4.35620E+02
 4.35620E+02,  4.35620E+02,  4.35620E+02,  4.35620E+02,  4.35620E+02
 4.35620E+02,  4.35620E+02,  4.35620E+02,  4.35620E+02,  4.35620E+02
 4.35620E+02,  4.35620E+02,  4.35620E+02,  4.35620E+02,  4.35620E+02
 4.35620E+02,  4.35620E+02,  4.35620E+02,  4.35620E+02,  4.35620E+02
 4.35620E+02,  4.35620E+02,  4.35620E+02,  4.35620E+02,  4.35620E+02
 4.35620E+02,  4.35620E+02,  4.35620E+02,  4.35620E+02,  4.35620E+02
 4.35620E+02,  4.35620E+02,  4.35620E+02,  4.35620E+02,  4.35620E+02
 4.35620E+02,  4.35620E+02,  4.35620E+02,  4.35620E+02,  4.35620E+02
 4.35620E+02,  4.35620E+02,  4.35620E+02,  4.35620E+02,  4.35620E+02
 4.35620E+02,  4.35620E+02,  4.35620E+02,  4.35620E+02,  4.35620E+02
 4.35620E+02,  4.35620E+02,  4.35620E+02,  4.35620E+02,  4.35620E+02
 4.35620E+02,  4.35620E+02,  4.35620E+02,  4.35620E+02,  4.35620E+02
 4.35620E+02,  4.35620E+02,  4.35620E+02,  4.35620E+02,  4.35620E+02
 4.35620E+02,  4.35620E+02,  4.35620E+02,  4.35620E+02,  4.35620E+02
 4.35620E+02,  4.35620E+02,  4.35620E+02,  4.35620E+02,  4.35620E+02
 4.35620E+02,  4.35620E+02,  4.35620E+02,  4.35620E+02,  4.35620E+02
 4.35620E+02,  4.35620E+02,  4.35620E+02,  4.35620E+02,  4.35620E+02
 4.35620E+02,  4.35620E+02,  4.35620E+02,  4.35620E+02,  4.35620E+02
 4.35620E+02,  4.35620E+02,  4.35620E+02,  4.35620E+02,  4.35620E+02
 4.35620E+02,  4.35620E+02,  4.35620E+02,  4.35620E+02,  4.35620E+02
 4.35620E+02,  4.35620E+02,  4.35620E+02,  4.35620E+02,  4.35620E+02
 4.35620E+02,  4.35620E+02,  4.35620E+02,  4.35620E+02,  4.35620E+02
 4.35620E+02,  4.35620E+02,  4.35620E+02,  4.35620E+02,  4.35620E+02
 4.35620E+02,  4.35620E+02,  4.35620E+02,  4.35620E+02,  4.35620E+02
 4.35620E+02,  4.35620E+02,  4.35620E+02,  4.35620E+02,  4.35620E+02
 4.35620E+02,  4.35620E+02,  4.35620E+02,  4.35620E+02,  4.35620E+02
 4.35620E+02,  4.35620E+02,  4.35620E+02,  4.35620E+02,  4.35620E+02
 4.35620E+02,  4.35620E+02,  4.35620E+02,  4.35620E+02,  4.35620E+02
 4.35620E+02,  4.35620E+02,  4.35620E+02,  4.35620E+02,  4.35620E+02
 4.35620E+02,  4.35620E+02,  4.35620E+02,  4.35620E+02,  4.35620E+02
 4.35620E+02,  4.35620E+02,  4.35620E+02,  4.35620E+02,  4.35620E+02
 4.35620E+02,  4.35620E+02,  4.35620E+02,  4.35620E+02,  4.35620E+02
 4.35620E+02,  4.35620E+02,  4.35620E+02,  4.35620E+02,  4.35620E+02
 4.35620E+02,  4.35620E+02,  4.35620E+02,  4.35620E+02,  4.35620E+02
 4.35620E+02,  4.35620E+02,  4.35620E+02,  4.35620E+02,  4.35620E+02
 4.35620E+02,  4.35620E+02,  4.35620E+02,  4.35620E+02,  4.35620E+02
 4.35620E+02,  4.35620E+02,  4.35620E+02,  4.35620E+02,  4.35620E+02
 4.35620E+02,  4.35620E+02,  4.35620E+02,  4.35620E+02,  4.35620E+02
 4.35620E+02,  4.35620E+02,  4.35620E+02,  4.35620E+02,  4.35620E+02
 4.35620E+02,  4.35620E+02,  4.35620E+02,  4.35620E+02,  4.35620E+02
 4.35620E+02,  4.35620E+02,  4.35620E+02,  4.35620E+02,  4.35620E+02
 4.35620E+02,  4.35620E+02,  4.35620E+02,  4.35620E+02,  4.35620E+02
 4.35620E+02,  4.35620E+02,  4.35620E+02,  4.35620E+02,  4.35620E+02
 4.35620E+02,  4.35620E+02,  4.35620E+02,  4.35620E+02,  4.35620E+02
 4.35620E+02,  4.35620E+02,  4.35620E+02,  4.35620E+02,  4.35620E+02
 4.35620E+02,  4.35620E+02,  4.35620E+02,  4.35620E+02,  4.35620E+02
 4.35620E+02,  4.35620E+02,  4.35620E+02,  4.35620E+02,  4.35620E+02
 4.35620E+02,  4.35620E+02,  4.35620E+02,  4.35620E+02,  4.35620E+02
 4.35620E+02,  4.35620E+02,  4.35620E+02,  4.35620E+02,  4.35620E+02
 4.35620E+02,  4.35620E+02,  4.35620E+02,  4.35620E+02,  4.35620E+02
 4.35620E+02,  4.35620E+02,  4.35620E+02,  4.35620E+02,  4.35620E+02
 4.35620E+02,  4.35620E+02,  4.35620E+02,  4.35620E+02,  4.35620E+02
 4.35620E+02,  4.35620E+02,  4.35620E+02,  4.35620E+02,  4.35620E+02
 4.35620E+02,  4.35620E+02,  4.35620E+02,  4.35620E+02,  4.35620E+02
 4.35620E+02,  4.35620E+02,  4.35620E+02,  4.35620E+02,  4.35620E+02
 4.35620E+02,  4.35620E+02,  4.35620E+02,  4.35620E+02,  4.35620E+02
 4.35620E+02,  4.35620E+02,  4.35620E+02,  4.35620E+02,  4.35620E+02
 4.35620E+02,  4.35620E+02,  4.35620E+02,  4.35620E+02,  4.35620E+02
 4.35620E+02,  4.35620E+02,  4.35620E+02,  4.35620E+02,  4.35620E+02
 4.35620E+02,  4.35620E+02,  4.35620E+02,  4.35620E+02,  4.35620E+02
 4.35620E+02,  4.35620E+02,  4.35620E+02,  4.35620E+02,  4.35620E+02
 4.35620E+02,  4.35620E+02,  4.35620E+02,  4.35620E+02,  4.35620E+02
 4.35620E+02,  4.35620E+02,  4.35620E+02,  4.35620E+02,  4.35620E+02
 4.35620E+02,  4.35620E+02,  4.35620E+02,  4.35620E+02,  4.35620E+02
 4.35620E+02,  4.35620E+02,  4.35620E+02,  4.35620E+02,  4.35620E+02
 4.35620E+02,  4.35620E+02,  4.35620E+02,  4.35620E+02,  4.35620E+02
 4.35620E+02,  4.35620E+02,  4.35620E+02,  4.35620E+02,  4.35620E+02
 4.35620E+02,  4.35620E+02,  4.35620E+02,  4.35620E+02,  4.35620E+02
 4.35620E+02,  4.35620E+02,  4.35620E+02,  4.35620E+02,  4.35620E+02
 4.35620E+02,  4.35620E+02,  4.35620E+02,  4.35620E+02,  4.35620E+02
 4.35620E+02,  4.35620E+02,  4.35620E+02,  4.35620E+02,  4.35620E+02
 4.35620E+02,  4.35620E+02,  4.35620E+02,  4.35620E+02,  4.35620E+02
 4.35620E+02,  4.35620E+02,  4.35620E+02,  4.35620E+02,  4.35620E+02
 4.35620E+02,  4.35620E+02,  4.35620E+02,  4.35620E+02,  4.35620E+02
 4.35620E+02,  4.35620E+02,  4.35620E+02,  4.35620E+02,  4.35620E+02
 4.35620E+02,  4.35620E+02,  4.35620E+02,  4.35620E+02,  4.35620E+02
 4.35620E+02,  4.35620E+02,  4.35620E+02,  4.35620E+02,  4.35620E+02
 4.35620E+02,  4.35620E+02,  4.35620E+02,  4.35620E+02,  4.35620E+02
 4.35620E+02,  4.35620E+02,  4.35620E+02,  4.35620E+02,  4.35620E+02
 4.35620E+02,  4.35620E+02,  4.35620E+02,  4.35620E+02,  4.35620E+02
 4.35620E+02,  4.35620E+02,  4.35620E+02,  4.35620E+02,  4.35620E+02
 4.35620E+02,  4.35620E+02,  4.35620E+02,  4.35620E+02,  4.35620E+02
 4.35620E+02,  4.35620E+02,  4.35620E+02,  4.35620E+02,  4.35620E+02
 4.35620E+02,  4.35620E+02,  4.35620E+02,  4.35620E+02,  4.35620E+02
 4.35620E+02,  4.35620E+02,  4.35620E+02,  4.35620E+02,  4.35620E+02
 4.35620E+02,  4.35620E+02,  4.35620E+02,  4.35620E+02,  4.35620E+02
 4.35620E+02,  4.35620E+02,  4.35620E+02,  4.35620E+02,  4.35620E+02
 4.35620E+02,  4.35620E+02,  4.35620E+02,  4.35620E+02,  4.35620E+02
 4.35620E+02,  4.35620E+02,  4.35620E+02,  4.35620E+02,  4.35620E+02
 4.35620E+02,  4.35620E+02,  4.35620E+02,  4.35620E+02,  4.35620E+02
 4.35620E+02,  4.35620E+02,  4.35620E+02,  4.35620E+02,  4.35620E+02
 4.35620E+02,  4.35620E+02,  4.35620E+02,  4.35620E+02,  4.35620E+02
 4.35620E+02,  4.35620E+02,  4.35620E+02,  4.35620E+02,  4.35620E+02
 4.35620E+02,  4.35620E+02,  4.35620E+02,  4.35620E+02,  4.35620E+02
 4.35620E+02,  4.35620E+02,  4.35620E+02,  4.35620E+02,  4.35620E+02
 4.35620E+02,  4.35620E+02,  4.35620E+02,  4.35620E+02,  4.35620E+02
 4.35620E+02,  4.35620E+02,  4.35620E+02,  4.35620E+02,  4.35620E+02
 4.35620E+02,  4.35620E+02,  4.35620E+02,  4.35620E+02,  4.35620E+02
 4.35620E+02,  4.35620E+02,  4.35620E+02,  4.35620E+02,  4.35620E+02
 4.35620E+02,  4.35620E+02,  4.35620E+02,  4.35620E+02,  4.35620E+02
 4.35620E+02,  4.35620E+02,  4.35620E+02,  4.35620E+02,  4.35620E+02
 4.35620E+02,  4.35620E+02,  4.35620E+02,  4.35620E+02,  4.35620E+02
 4.35620E+02,  4.35620E+02,  4.35620E+02,  4.35620E+02,  4.35620E+02
 4.35620E+02,  4.35620E+02,  4.35620E+02,  4.35620E+02,  4.35620E+02
 4.35620E+02,  4.35620E+02,  4.35620E+02,  4.35620E+02,  4.35620E+02
 4.35620E+02,  4.35620E+02,  4.35620E+02,  4.35620E+02,  4.35620E+02
 4.35620E+02,  4.35620E+02,  4.35620E+02,  4.35620E+02,  4.35620E+02
 4.35620E+02,  4.35620E+02,  4.35620E+02,  4.35620E+02,  4.35620E+02
 4.35620E+02,  4.35620E+02,  4.35620E+02,  4.35620E+02,  4.35620E+02
 4.35620E+02,  4.35620E+02,  4.35620E+02,  4.35620E+02,  4.35620E+02
 4.35620E+02,  4.35620E+02,  4.35620E+02,  4.35620E+02,  4.35620E+02
 4.35620E+02,  4.35620E+02,  4.35620E+02,  4.35620E+02,  4.35620E+02
 4.35620E+02,  4.35620E+02,  4.35620E+02,  4.35620E+02,  4.35620E+02
 4.35620E+02,  4.35620E+02,  4.35620E+02,  4.35620E+02,  4.35620E+02
 4.35620E+02,  4.35620E+02,  4.35620E+02,  4.35620E+02,  4.35620E+02
 4.35620E+02,  4.35620E+02,  4.35620E+02,  4.35620E+02,  4.35620E+02
 4.35620E+02,  4.35620E+02,  4.35620E+02,  4.35620E+02,  4.35620E+02
 4.35620E+02,  4.35620E+02,  4.35620E+02,  4.35620E+02,  4.35620E+02
 4.35620E+02,  4.35620E+02,  4.35620E+02,  4.35620E+02,  4.35620E+02
 4.35620E+02,  4.35620E+02,  4.35620E+02,  4.35620E+02,  4.35620E+02
 4.35620E+02,  4.35620E+02,  4.35620E+02,  4.35620E+02,  4.35620E+02
 4.35620E+02,  4.35620E+02,  4.35620E+02,  4.35620E+02,  4.35620E+02
 4.35620E+02,  4.35620E+02,  4.35620E+02,  4.35620E+02,  4.35620E+02
 4.35620E+02,  4.35620E+02,  4.35620E+02,  4.35620E+02,  4.35620E+02
 4.35620E+02,  4.35620E+02,  4.35620E+02,  4.35620E+02,  4.35620E+02
 4.35620E+02,  4.35620E+02,  4.35620E+02,  4.35620E+02,  4.35620E+02
 4.35620E+02,  4.35620E+02,  4.35620E+02,  4.35620E+02,  4.35620E+02
 4.35620E+02,  4.35620E+02,  4.35620E+02,  4.35620E+02,  4.35620E+02
 4.35620E+02,  4.35620E+02,  4.35620E+02,  4.35620E+02,  4.35620E+02
 4.35620E+02,  4.35620E+02,  4.35620E+02,  4.35620E+02,  4.35620E+02
 4.35620E+02,  4.35620E+02,  4.35620E+02,  4.35620E+02,  4.35620E+02
 4.35620E+02,  4.35620E+02,  4.35620E+02,  4.35620E+02,  4.35620E+02
 4.35620E+02,  4.35620E+02,  4.35620E+02,  4.35620E+02,  4.35620E+02
 4.35620E+02,  4.35620E+02,  4.35620E+02,  4.35620E+02,  4.35620E+02
 4.35620E+02,  4.35620E+02,  4.35620E+02,  4.35620E+02,  4.35620E+02
 4.35620E+02,  4.35620E+02,  4.35620E+02,  4.35620E+02,  4.35620E+02
 4.35620E+02,  4.35620E+02,  4.35620E+02,  4.35620E+02,  4.35620E+02
 4.35620E+02,  4.35620E+02,  4.35620E+02,  4.35620E+02,  4.35620E+02
 4.35620E+02,  4.35620E+02,  4.35620E+02,  4.35620E+02,  4.35620E+02
 4.35620E+02,  4.35620E+02,  4.35620E+02,  4.35620E+02,  4.35620E+02
 4.35620E+02,  4.35620E+02,  4.35620E+02,  4.35620E+02,  4.35620E+02
 4.35620E+02,  4.35620E+02,  4.35620E+02,  4.35620E+02,  4.35620E+02
 4.35620E+02,  4.35620E+02,  4.35620E+02,  4.35620E+02,  4.35620E+02
 4.35620E+02,  4.35620E+02,  4.35620E+02,  4.35620E+02,  4.35620E+02
 4.35620E+02,  4.35620E+02,  4.35620E+02,  4.35620E+02,  4.35620E+02
 4.35620E+02,  4.35620E+02,  4.35620E+02,  4.35620E+02,  4.35620E+02
 4.35620E+02,  4.35620E+02,  4.35620E+02,  4.35620E+02,  4.35620E+02
 4.35620E+02,  4.35620E+02,  4.35620E+02,  4.35620E+02,  4.35620E+02
 4.35620E+02,  4.35620E+02,  4.35620E+02,  4.35620E+02,  4.35620E+02
 4.35620E+02,  4.35620E+02,  4.35620E+02,  4.35620E+02,  4.35620E+02
 4.35620E+02,  4.35620E+02,  4.35620E+02,  4.35620E+02,  4.35620E+02
 4.35620E+02,  4.35620E+02,  4.35620E+02,  4.35620E+02,  4.35620E+02
 4.35620E+02,  4.35620E+02,  4.35620E+02,  4.35620E+02,  4.35620E+02
 4.35620E+02,  4.35620E+02,  4.35620E+02,  4.35620E+02,  4.35620E+02
 4.35620E+02,  4.35620E+02,  4.35620E+02,  4.35620E+02,  4.35620E+02
 4.35620E+02,  4.35620E+02,  4.35620E+02,  4.35620E+02,  4.35620E+02
 4.35620E+02,  4.35620E+02,  4.35620E+02,  4.35620E+02,  4.35620E+02
 4.35620E+02,  4.35620E+02,  4.35620E+02,  4.35620E+02,  4.35620E+02
 4.35620E+02,  4.35620E+02,  4.35620E+02,  4.35620E+02,  4.35620E+02
 4.35620E+02,  4.35620E+02,  4.35620E+02,  4.35620E+02,  4.35620E+02
 4.35620E+02,  4.35620E+02,  4.35620E+02,  4.35620E+02,  4.35620E+02
 4.35620E+02,  4.35620E+02,  4.35620E+02,  4.35620E+02,  4.35620E+02
 4.35620E+02,  4.35620E+02,  4.35620E+02,  4.35620E+02,  4.35620E+02
 4.35620E+02,  4.35620E+02,  4.35620E+02,  4.35620E+02,  4.35620E+02
 4.35620E+02,  4.35620E+02,  4.35620E+02,  4.35620E+02,  4.35620E+02
 4.35620E+02,  4.35620E+02,  4.35620E+02,  4.35620E+02,  4.35620E+02
 4.35620E+02,  4.35620E+02,  4.35620E+02,  4.35620E+02,  4.35620E+02
 4.35620E+02,  4.35620E+02,  4.35620E+02,  4.35620E+02,  4.35620E+02
 4.35620E+02,  4.35620E+02,  4.35620E+02,  4.35620E+02,  4.35620E+02
 4.35620E+02,  4.35620E+02,  4.35620E+02,  4.35620E+02,  4.35620E+02
 4.35620E+02,  4.35620E+02,  4.35620E+02,  4.35620E+02,  4.35620E+02
 4.35620E+02,  4.35620E+02,  4.35620E+02,  4.35620E+02,  4.35620E+02
 4.35620E+02,  4.35620E+02,  4.35620E+02,  4.35620E+02,  4.35620E+02
 4.35620E+02,  4.35620E+02,  4.35620E+02,  4.35620E+02,  4.35620E+02
 4.35620E+02,  4.35620E+02,  4.35620E+02,  4.35620E+02,  4.35620E+02
 4.35620E+02,  4.35620E+02,  4.35620E+02,  4.35620E+02,  4.35620E+02
 4.35620E+02,  4.35620E+02,  4.35620E+02,  4.35620E+02,  4.35620E+02
 4.35620E+02,  4.35620E+02,  4.35620E+02,  4.35620E+02,  4.35620E+02
 4.35620E+02,  4.35620E+02,  4.35620E+02,  4.35620E+02,  4.35620E+02
 4.35620E+02,  4.35620E+02,  4.35620E+02,  4.35620E+02,  4.35620E+02
 4.35620E+02,  4.35620E+02,  4.35620E+02,  4.35620E+02,  4.35620E+02
 4.35620E+02,  4.35620E+02,  4.35620E+02,  4.35620E+02,  4.35620E+02
 4.35620E+02,  4.35620E+02,  4.35620E+02,  4.35620E+02,  4.35620E+02
 4.35620E+02,  4.35620E+02,  4.35620E+02,  4.35620E+02,  4.35620E+02
 4.35620E+02,  4.35620E+02,  4.35620E+02,  4.35620E+02,  4.35620E+02
 4.35620E+02,  4.35620E+02,  4.35620E+02,  4.35620E+02,  4.35620E+02
 4.35620E+02,  4.35620E+02,  4.35620E+02,  4.35620E+02,  4.35620E+02
 4.35620E+02,  4.35620E+02,  4.35620E+02,  4.35620E+02,  4.35620E+02
 4.35620E+02,  4.35620E+02,  4.35620E+02,  4.35620E+02,  4.35620E+02
 4.35620E+02,  4.35620E+02,  4.35620E+02,  4.35620E+02,  4.35620E+02
 4.35620E+02,  4.35620E+02,  4.35620E+02,  4.35620E+02,  4.35620E+02
 4.35620E+02,  4.35620E+02,  4.35620E+02,  4.35620E+02,  4.35620E+02
 4.35620E+02,  4.35620E+02,  4.35620E+02,  4.35620E+02,  4.35620E+02
 4.35620E+02,  4.35620E+02,  4.35620E+02,  4.35620E+02,  4.35620E+02
 4.35620E+02,  4.35620E+02,  4.35620E+02,  4.35620E+02,  4.35620E+02
 4.35620E+02,  4.35620E+02,  4.35620E+02,  4.35620E+02,  4.35620E+02
 4.35620E+02,  4.35620E+02,  4.35620E+02,  4.35620E+02,  4.35620E+02
 4.35620E+02,  4.35620E+02,  4.35620E+02,  4.35620E+02,  4.35620E+02
 4.35620E+02,  4.35620E+02,  4.35620E+02,  4.35620E+02,  4.35620E+02
 4.35620E+02,  4.35620E+02,  4.35620E+02,  4.35620E+02,  4.35620E+02
 4.35620E+02,  4.35620E+02,  4.35620E+02,  4.35620E+02,  4.35620E+02
 4.35620E+02,  4.35620E+02,  4.35620E+02,  4.35620E+02,  4.35620E+02
 4.35620E+02,  4.35620E+02,  4.35620E+02,  4.35620E+02,  4.35620E+02
 4.35620E+02,  4.35620E+02,  4.35620E+02,  4.35620E+02,  4.35620E+02
 4.35620E+02,  4.35620E+02,  4.35620E+02,  4.35620E+02,  4.35620E+02
 4.35620E+02,  4.35620E+02,  4.35620E+02,  4.35620E+02,  4.35620E+02
 4.35620E+02,  4.35620E+02,  4.35620E+02,  4.35620E+02,  4.35620E+02
 4.35620E+02,  4.35620E+02,  4.35620E+02,  4.35620E+02,  4.35620E+02
 4.35620E+02,  4.35620E+02,  4.35620E+02,  4.35620E+02,  4.35620E+02
 4.35620E+02,  4.35620E+02,  4.35620E+02,  4.35620E+02,  4.35620E+02
 4.35620E+02,  4.35620E+02,  4.35620E+02,  4.35620E+02,  4.35620E+02
 4.35620E+02,  4.35620E+02,  4.35620E+02,  4.35620E+02,  4.35620E+02
 4.35620E+02,  4.35620E+02,  4.35620E+02,  4.35620E+02,  4.35620E+02
 4.35620E+02,  4.35620E+02,  4.35620E+02,  4.35620E+02,  4.35620E+02
 4.35620E+02,  4.35620E+02,  4.35620E+02,  4.35620E+02,  4.35620E+02
 4.35620E+02,  4.35620E+02,  4.35620E+02,  4.35620E+02,  4.35620E+02
 4.35620E+02,  4.35620E+02,  4.35620E+02,  4.35620E+02,  4.35620E+02
 4.35620E+02,  4.35620E+02,  4.35620E+02,  4.35620E+02,  4.35620E+02
 4.35620E+02,  4.35620E+02,  4.35620E+02,  4.35620E+02,  4.35620E+02
 4.35620E+02,  4.35620E+02,  4.35620E+02,  4.35620E+02,  4.35620E+02
 4.35620E+02,  4.35620E+02,  4.35620E+02,  4.35620E+02,  4.35620E+02
 4.35620E+02,  4.35620E+02,  4.35620E+02,  4.35620E+02,  4.35620E+02
 4.35620E+02,  4.35620E+02,  4.35620E+02,  4.35620E+02,  4.35620E+02
 4.35620E+02,  4.35620E+02,  4.35620E+02,  4.35620E+02,  4.35620E+02
 4.35620E+02,  4.35620E+02,  4.35620E+02,  4.35620E+02,  4.35620E+02
 4.35620E+02,  4.35620E+02,  4.35620E+02,  4.35620E+02,  4.35620E+02
 4.35620E+02,  4.35620E+02,  4.35620E+02,  4.35620E+02,  4.35620E+02
 4.35620E+02,  4.35620E+02,  4.35620E+02,  4.35620E+02,  4.35620E+02
 4.35620E+02,  4.35620E+02,  4.35620E+02,  4.35620E+02,  4.35620E+02
 4.35620E+02,  4.35620E+02,  4.35620E+02,  4.35620E+02,  4.35620E+02
 4.35620E+02,  4.35620E+02,  4.35620E+02,  4.35620E+02,  4.35620E+02
 4.35620E+02,  4.35620E+02,  4.35620E+02,  4.35620E+02,  4.35620E+02
 4.35620E+02,  4.35620E+02,  4.35620E+02,  4.35620E+02,  4.35620E+02
 4.35620E+02,  4.35620E+02,  4.35620E+02,  4.35620E+02,  4.35620E+02
 4.35620E+02,  4.35620E+02,  4.35620E+02,  4.35620E+02,  4.35620E+02
 4.35620E+02,  4.35620E+02,  4.35620E+02,  4.35620E+02,  4.35620E+02
 4.35620E+02,  4.35620E+02,  4.35620E+02,  4.35620E+02,  4.35620E+02
 4.35620E+02,  4.35620E+02,  4.35620E+02,  4.35620E+02,  4.35620E+02
 4.35620E+02,  4.35620E+02,  4.35620E+02,  4.35620E+02,  4.35620E+02
 4.35620E+02,  4.35620E+02,  4.35620E+02,  4.35620E+02,  4.35620E+02
 4.35620E+02,  4.35620E+02,  4.35620E+02,  4.35620E+02,  4.35620E+02
 4.35620E+02,  4.35620E+02,  4.35620E+02,  4.35620E+02,  4.35620E+02
 4.35620E+02,  4.35620E+02,  4.35620E+02,  4.35620E+02,  4.35620E+02
 4.35620E+02,  4.35620E+02,  4.35620E+02,  4.35620E+02,  4.35620E+02
 4.35620E+02,  4.35620E+02,  4.35620E+02,  4.35620E+02,  4.35620E+02
 4.35620E+02,  4.35620E+02,  4.35620E+02,  4.35620E+02,  4.35620E+02
 4.35620E+02,  4.35620E+02,  4.35620E+02,  4.35620E+02,  4.35620E+02
 4.35620E+02,  4.35620E+02,  4.35620E+02,  4.35620E+02,  4.35620E+02
 4.35620E+02,  4.35620E+02,  4.35620E+02,  4.35620E+02,  4.35620E+02
 4.35620E+02,  4.35620E+02,  4.35620E+02,  4.35620E+02,  4.35620E+02
 4.35620E+02,  4.35620E+02,  4.35620E+02,  4.35620E+02,  4.35620E+02
 4.35620E+02,  4.35620E+02,  4.35620E+02,  4.35620E+02,  4.35620E+02
 4.35620E+02,  4.35620E+02,  4.35620E+02,  4.35620E+02,  4.35620E+02
 4.35620E+02,  4.35620E+02,  4.35620E+02,  4.35620E+02,  4.35620E+02
 4.35620E+02,  4.35620E+02,  4.35620E+02,  4.35620E+02,  4.35620E+02
 4.35620E+02,  4.35620E+02,  4.35620E+02,  4.35620E+02,  4.35620E+02
 4.35620E+02,  4.35620E+02,  4.35620E+02,  4.35620E+02,  4.35620E+02
 4.35620E+02,  4.35620E+02,  4.35620E+02,  4.35620E+02,  4.35620E+02
 4.35620E+02,  4.35620E+02,  4.35620E+02,  4.35620E+02,  4.35620E+02
 4.35620E+02,  4.35620E+02,  4.35620E+02,  4.35620E+02,  4.35620E+02
 4.35620E+02,  4.35620E+02,  4.35620E+02,  4.35620E+02,  4.35620E+02
 4.35620E+02,  4.35620E+02,  4.35620E+02,  4.35620E+02,  4.35620E+02
 4.35620E+02,  4.35620E+02,  4.35620E+02,  4.35620E+02,  4.35620E+02
 4.35620E+02,  4.35620E+02,  4.35620E+02,  4.35620E+02,  4.35620E+02
 4.35620E+02,  4.35620E+02,  4.35620E+02,  4.35620E+02,  4.35620E+02
 4.35620E+02,  4.35620E+02,  4.35620E+02,  4.35620E+02,  4.35620E+02
 4.35620E+02,  4.35620E+02,  4.35620E+02,  4.35620E+02,  4.35620E+02
 4.35620E+02,  4.35620E+02,  4.35620E+02,  4.35620E+02,  4.35620E+02
 4.35620E+02,  4.35620E+02,  4.35620E+02,  4.35620E+02,  4.35620E+02
 4.35620E+02,  4.35620E+02,  4.35620E+02,  4.35620E+02,  4.35620E+02
 4.35620E+02,  4.35620E+02,  4.35620E+02,  4.35620E+02,  4.35620E+02
 4.35620E+02,  4.35620E+02,  4.35620E+02,  4.35620E+02,  4.35620E+02
 4.35620E+02,  4.35620E+02,  4.35620E+02,  4.35620E+02,  4.35620E+02
 4.35620E+02,  4.35620E+02,  4.35620E+02,  4.35620E+02,  4.35620E+02
 4.35620E+02,  4.35620E+02,  4.35620E+02,  4.35620E+02,  4.35620E+02
 4.35620E+02,  4.35620E+02,  4.35620E+02,  4.35620E+02,  4.35620E+02
 4.35620E+02,  4.35620E+02,  4.35620E+02,  4.35620E+02,  4.35620E+02
 4.35620E+02,  4.35620E+02,  4.35620E+02,  4.35620E+02,  4.35620E+02
 4.35620E+02,  4.35620E+02,  4.35620E+02,  4.35620E+02,  4.35620E+02
 4.35620E+02,  4.35620E+02,  4.35620E+02,  4.35620E+02,  4.35620E+02
 4.35620E+02,  4.35620E+02,  4.35620E+02,  4.35620E+02,  4.35620E+02
 4.35620E+02,  4.35620E+02,  4.35620E+02,  4.35620E+02,  4.35620E+02
 4.35620E+02,  4.35620E+02,  4.35620E+02,  4.35620E+02,  4.35620E+02
 4.35620E+02,  4.35620E+02,  4.35620E+02,  4.35620E+02,  4.35620E+02
 4.35620E+02,  4.35620E+02,  4.35620E+02,  4.35620E+02,  4.35620E+02
 4.35620E+02,  4.35620E+02,  4.35620E+02,  4.35620E+02,  4.35620E+02
 4.35620E+02,  4.35620E+02,  4.35620E+02,  4.35620E+02,  4.35620E+02
 4.35620E+02,  4.35620E+02,  4.35620E+02,  4.35620E+02,  4.35620E+02
 4.35620E+02,  4.35620E+02,  4.35620E+02,  4.35620E+02,  4.35620E+02
 4.35620E+02,  4.35620E+02,  4.35620E+02,  4.35620E+02,  4.35620E+02
 4.35620E+02,  4.35620E+02,  4.35620E+02,  4.35620E+02,  4.35620E+02
 4.35620E+02,  4.35620E+02,  4.35620E+02,  4.35620E+02,  4.35620E+02
 4.35620E+02,  4.35620E+02,  4.35620E+02,  4.35620E+02,  4.35620E+02
 4.35620E+02,  4.35620E+02,  4.35620E+02,  4.35620E+02,  4.35620E+02
 4.35620E+02,  4.35620E+02,  4.35620E+02,  4.35620E+02,  4.35620E+02
 4.35620E+02,  4.35620E+02,  4.35620E+02,  4.35620E+02,  4.35620E+02
 4.35620E+02,  4.35620E+02,  4.35620E+02,  4.35620E+02,  4.35620E+02
 4.35620E+02,  4.35620E+02,  4.35620E+02,  4.35620E+02,  4.35620E+02
 4.35620E+02,  4.35620E+02,  4.35620E+02,  4.35620E+02,  4.35620E+02
 4.35620E+02,  4.35620E+02,  4.35620E+02,  4.35620E+02,  4.35620E+02
 4.35620E+02,  4.35620E+02,  4.35620E+02,  4.35620E+02,  4.35620E+02
 4.35620E+02,  4.35620E+02,  4.35620E+02,  4.35620E+02,  4.35620E+02
 4.35620E+02,  4.35620E+02,  4.35620E+02,  4.35620E+02,  4.35620E+02
 4.35620E+02,  4.35620E+02,  4.35620E+02,  4.35620E+02,  4.35620E+02
 4.35620E+02,  4.35620E+02,  4.35620E+02,  4.35620E+02,  4.35620E+02
 4.35620E+02,  4.35620E+02,  4.35620E+02,  4.35620E+02,  4.35620E+02
 4.35620E+02,  4.35620E+02,  4.35620E+02,  4.35620E+02,  4.35620E+02
 4.35620E+02,  4.35620E+02,  4.35620E+02,  4.35620E+02,  4.35620E+02
 4.35620E+02,  4.35620E+02,  4.35620E+02,  4.35620E+02,  4.35620E+02
 4.35620E+02,  4.35620E+02,  4.35620E+02,  4.35620E+02,  4.35620E+02
 4.35620E+02,  4.35620E+02,  4.35620E+02,  4.35620E+02,  4.35620E+02
 4.35620E+02,  4.35620E+02,  4.35620E+02,  4.35620E+02,  4.35620E+02
 4.35620E+02,  4.35620E+02,  4.35620E+02,  4.35620E+02,  4.35620E+02
 4.35620E+02,  4.35620E+02,  4.35620E+02,  4.35620E+02,  4.35620E+02
 4.35620E+02,  4.35620E+02,  4.35620E+02,  4.35620E+02,  4.35620E+02
 4.35620E+02,  4.35620E+02,  4.35620E+02,  4.35620E+02,  4.35620E+02
 4.35620E+02,  4.35620E+02,  4.35620E+02,  4.35620E+02,  4.35620E+02
 4.35620E+02,  4.35620E+02,  4.35620E+02,  4.35620E+02,  4.35620E+02
 4.35620E+02,  4.35620E+02,  4.35620E+02,  4.35620E+02,  4.35620E+02
 4.35620E+02,  4.35620E+02,  4.35620E+02,  4.35620E+02,  4.35620E+02
 4.35620E+02,  4.35620E+02,  4.35620E+02,  4.35620E+02,  4.35620E+02
 4.35620E+02,  4.35620E+02,  4.35620E+02,  4.35620E+02,  4.35620E+02
 4.35620E+02,  4.35620E+02,  4.35620E+02,  4.35620E+02,  4.35620E+02
 4.35620E+02,  4.35620E+02,  4.35620E+02,  4.35620E+02,  4.35620E+02
 4.35620E+02,  4.35620E+02,  4.35620E+02,  4.35620E+02,  4.35620E+02
 4.35620E+02,  4.35620E+02,  4.35620E+02,  4.35620E+02,  4.35620E+02
 4.35620E+02,  4.35620E+02,  4.35620E+02,  4.35620E+02,  4.35620E+02
 4.35620E+02,  4.35620E+02,  4.35620E+02,  4.35620E+02,  4.35620E+02
 4.35620E+02,  4.35620E+02,  4.35620E+02,  4.35620E+02,  4.35620E+02
 4.35620E+02,  4.35620E+02,  4.35620E+02,  4.35620E+02,  4.35620E+02
 4.35620E+02,  4.35620E+02,  4.35620E+02,  4.35620E+02,  4.35620E+02
 4.35620E+02,  4.35620E+02,  4.35620E+02,  4.35620E+02,  4.35620E+02
 4.35620E+02,  4.35620E+02,  4.35620E+02,  4.35620E+02,  4.35620E+02
 4.35620E+02,  4.35620E+02,  4.35620E+02,  4.35620E+02,  4.35620E+02
 4.35620E+02,  4.35620E+02,  4.35620E+02,  4.35620E+02,  4.35620E+02
 4.35620E+02,  4.35620E+02,  4.35620E+02,  4.35620E+02,  4.35620E+02
 4.35620E+02,  4.35620E+02,  4.35620E+02,  4.35620E+02,  4.35620E+02
 4.35620E+02,  4.35620E+02,  4.35620E+02,  4.35620E+02,  4.35620E+02
 4.35620E+02,  4.35620E+02,  4.35620E+02,  4.35620E+02,  4.35620E+02
 4.35620E+02

;-Sensitivity in the elemental sequential order

 4.44854E-02,  4.58581E-02,  4.30595E-02,  3.52893E-02,  2.66236E-02
 1.95719E-02,  1.45253E-02,  1.10195E-02,  8.55057E-03,  6.77189E-03
 5.46565E-03,  4.49240E-03,  3.75858E-03,  3.19795E-03,  2.76128E-03
 5.96537E-03,  5.96537E-03,  9.90482E-03,  9.90482E-03,  9.90482E-03
 9.90482E-03,  9.90482E-03,  9.90482E-03,  4.44854E-02,  4.58581E-02
 4.30595E-02,  3.52893E-02,  2.66236E-02,  1.95719E-02,  1.45253E-02
 1.10195E-02,  8.55057E-03,  6.77189E-03,  5.46565E-03,  4.49240E-03
 3.75858E-03,  3.19795E-03,  2.76128E-03,  5.96537E-03,  5.96537E-03
 9.90482E-03,  9.90482E-03,  9.90482E-03,  9.90482E-03,  9.90482E-03
 9.90482E-03,  4.44854E-02,  4.58581E-02,  4.30595E-02,  3.52893E-02
 2.66236E-02,  1.95719E-02,  1.45253E-02,  1.10195E-02,  8.55057E-03
 6.77189E-03,  5.46565E-03,  4.49240E-03,  3.75858E-03,  3.19795E-03
 2.76128E-03,  5.96537E-03,  5.96537E-03,  9.90482E-03,  9.90482E-03
 9.90482E-03,  9.90482E-03,  9.90482E-03,  9.90482E-03,  4.44854E-02
 4.58581E-02,  4.30595E-02,  3.52893E-02,  2.66236E-02,  1.95719E-02
 1.45253E-02,  1.10195E-02,  8.55057E-03,  6.77189E-03,  5.46565E-03
 4.49240E-03,  3.75858E-03,  3.19795E-03,  2.76128E-03,  5.96537E-03
 5.96537E-03,  9.90482E-03,  9.90482E-03,  9.90482E-03,  9.90482E-03
 9.90482E-03,  9.90482E-03,  4.44854E-02,  4.58581E-02,  4.30595E-02
 3.52893E-02,  2.66236E-02,  1.95719E-02,  1.45253E-02,  1.10195E-02
 8.55057E-03,  6.77189E-03,  5.46565E-03,  4.49240E-03,  3.75858E-03
 3.19795E-03,  2.76128E-03,  5.96537E-03,  5.96537E-03,  9.90482E-03
 9.90482E-03,  9.90482E-03,  9.90482E-03,  9.90482E-03,  9.90482E-03
 4.44854E-02,  4.58581E-02,  4.30595E-02,  3.52893E-02,  2.66236E-02
 1.95719E-02,  1.45253E-02,  1.10195E-02,  8.55057E-03,  6.77189E-03
 5.46565E-03,  4.49240E-03,  3.75858E-03,  3.19795E-03,  2.76128E-03
 5.96537E-03,  5.96537E-03,  9.90482E-03,  9.90482E-03,  9.90482E-03
 9.90482E-03,  9.90482E-03,  9.90482E-03,  9.23146E-01,  2.72654E-01
 1.07244E-01,  4.94764E-02,  2.50919E-02,  1.36822E-02,  7.85344E-03
 4.69829E-03,  2.92180E-03,  1.88386E-03,  1.25397E-03,  8.58290E-04
 6.02676E-04,  4.33716E-04,  3.19558E-04,  5.33606E-04,  5.33606E-04
 4.74236E-04,  4.74236E-04,  4.74236E-04,  4.74236E-04,  4.74236E-04
 4.74236E-04,  9.23146E-01,  2.72654E-01,  1.07244E-01,  4.94764E-02
 2.50919E-02,  1.36822E-02,  7.85344E-03,  4.69829E-03,  2.92180E-03
 1.88386E-03,  1.25397E-03,  8.58290E-04,  6.02676E-04,  4.33716E-04
 3.19558E-04,  5.33606E-04,  5.33606E-04,  4.74236E-04,  4.74236E-04
 4.74236E-04,  4.74236E-04,  4.74236E-04,  4.74236E-04,  1.23108E+00
 2.92092E-01,  7.74032E-02,  2.44258E-02,  1.05965E-02,  5.54708E-03
 3.12256E-03,  1.83894E-03,  1.12612E-03,  7.14788E-04,  4.68850E-04
 3.16999E-04,  2.20522E-04,  1.57553E-04,  1.15300E-04,  1.89947E-04
 1.89947E-04,  1.62085E-04,  1.62085E-04,  1.62085E-04,  1.62085E-04
 1.62085E-04,  1.62085E-04,  4.39803E+00,  1.02063E+00,  2.13261E-01
 4.69783E-02,  1.48342E-02,  6.66720E-03,  3.55597E-03,  2.04990E-03
 1.24000E-03,  7.78898E-04,  5.05790E-04,  3.38879E-04,  2.33984E-04
 1.66177E-04,  1.20983E-04,  1.97568E-04,  1.97568E-04,  1.64639E-04
 1.64639E-04,  1.64639E-04,  1.64639E-04,  1.64639E-04,  1.64639E-04
 2.08759E+00,  1.36547E+00,  3.13627E-01,  6.88748E-02,  2.03757E-02
 8.31019E-03,  4.17488E-03,  2.33752E-03,  1.39059E-03,  8.61996E-04
 5.52803E-04,  3.66125E-04,  2.50323E-04,  1.76373E-04,  1.27550E-04
 2.06147E-04,  2.06147E-04,  1.67406E-04,  1.67406E-04,  1.67406E-04
 1.67406E-04,  1.67406E-04,  1.67406E-04,  4.68611E+00,  1.66202E+00
 3.70420E-01,  8.44675E-02,  2.54483E-02,  1.01125E-02,  4.91418E-03
 2.69150E-03,  1.57791E-03,  9.65782E-04,  6.11489E-04,  3.99942E-04
 2.70386E-04,  1.88729E-04,  1.35417E-04,  2.16335E-04,  2.16335E-04
 1.70905E-04,  1.70905E-04,  1.70905E-04,  1.70905E-04,  1.70905E-04
 1.70905E-04,  4.70513E+00,  1.66947E+00,  3.85403E-01,  9.32204E-02
 2.93417E-02,  1.17794E-02,  5.68183E-03,  3.08384E-03,  1.79307E-03
 1.08738E-03,  6.80973E-04,  4.40121E-04,  2.94167E-04,  2.03285E-04
 1.44627E-04,  2.28204E-04,  2.28204E-04,  1.75173E-04,  1.75173E-04
 1.75173E-04,  1.75173E-04,  1.75173E-04,  1.75173E-04,  4.83439E+00
 1.69312E+00,  3.94359E-01,  9.83110E-02,  3.20733E-02,  1.31495E-02
 6.39145E-03,  3.47637E-03,  2.01905E-03,  1.21878E-03,  7.57262E-04
 4.84561E-04,  3.20485E-04,  2.19324E-04,  1.54709E-04,  2.41059E-04
 2.41059E-04,  1.79700E-04,  1.79700E-04,  1.79700E-04,  1.79700E-04
 1.79700E-04,  1.79700E-04,  4.83697E+00,  1.69630E+00,  3.98312E-01
 1.01380E-01,  3.39641E-02,  1.42238E-02,  7.01336E-03,  3.85088E-03
 2.24709E-03,  1.35607E-03,  8.38755E-04,  5.32707E-04,  3.49230E-04
 2.36904E-04,  1.65769E-04,  2.55153E-04,  2.55153E-04,  1.84739E-04
 1.84739E-04,  1.84739E-04,  1.84739E-04,  1.84739E-04,  1.84739E-04
 4.86689E+00,  1.70202E+00,  4.00712E-01,  1.03227E-01,  3.52441E-02
 1.50373E-02,  7.53700E-03,  4.19439E-03,  2.46875E-03,  1.49455E-03
 9.22981E-04,  5.83328E-04,  3.79819E-04,  2.55755E-04,  1.77682E-04
 2.70389E-04,  2.70389E-04,  1.90280E-04,  1.90280E-04,  1.90280E-04
 1.90280E-04,  1.90280E-04,  1.90280E-04,  4.85672E+00,  1.70206E+00
 4.01381E-01,  1.04171E-01,  3.60395E-02,  1.56154E-02,  7.95521E-03
 4.49460E-03,  2.67429E-03,  1.62786E-03,  1.00613E-03,  6.34227E-04
 4.11000E-04,  2.75154E-04,  1.90012E-04,  2.86210E-04,  2.86210E-04
 1.96008E-04,  1.96008E-04,  1.96008E-04,  1.96008E-04,  1.96008E-04
 1.96008E-04,  4.86086E+00,  1.70307E+00,  4.02025E-01,  1.04809E-01
 3.65919E-02,  1.60532E-02,  8.30396E-03,  4.76450E-03,  2.86836E-03
 1.75788E-03,  1.08920E-03,  6.86125E-04,  4.43364E-04,  2.95593E-04
 2.03159E-04,  3.03317E-04,  3.03317E-04,  2.02476E-04,  2.02476E-04
 2.02476E-04,  2.02476E-04,  2.02476E-04,  2.02476E-04,  4.87161E+00
 1.70389E+00,  4.02726E-01,  1.05321E-01,  3.70064E-02,  1.63980E-02
 8.60106E-03,  5.00882E-03,  3.05092E-03,  1.88345E-03,  1.17118E-03
 7.38376E-04,  4.76562E-04,  3.16903E-04,  2.17051E-04,  3.21675E-04
 3.21675E-04,  2.09696E-04,  2.09696E-04,  2.09696E-04,  2.09696E-04
 2.09696E-04,  2.09696E-04,  4.86172E+00,  1.70267E+00,  4.02840E-01
 1.05551E-01,  3.72489E-02,  1.66381E-02,  8.83687E-03,  5.21758E-03
 3.21315E-03,  1.99792E-03,  1.24755E-03,  7.88050E-04,  5.08734E-04
 3.37899E-04,  2.30912E-04,  3.40208E-04,  3.40208E-04,  2.17017E-04
 2.17017E-04,  2.17017E-04,  2.17017E-04,  2.17017E-04,  2.17017E-04
 4.86170E+00,  1.70272E+00,  4.02960E-01,  1.05707E-01,  3.74181E-02
 1.68244E-02,  9.03716E-03,  5.40257E-03,  3.35989E-03,  2.10320E-03
 1.31906E-03,  8.35513E-04,  5.40116E-04,  3.58766E-04,  2.44899E-04
 3.59219E-04,  3.59219E-04,  2.24703E-04,  2.24703E-04,  2.24703E-04
 2.24703E-04,  2.24703E-04,  2.24703E-04,  4.87336E+00,  1.70440E+00
 4.03156E-01,  1.05825E-01,  3.75425E-02,  1.69772E-02,  9.21302E-03
 5.56811E-03,  3.49210E-03,  2.19901E-03,  1.38519E-03,  8.80302E-04
 5.70379E-04,  3.79297E-04,  2.58889E-04,  3.78572E-04,  3.78572E-04
 2.32716E-04,  2.32716E-04,  2.32716E-04,  2.32716E-04,  2.32716E-04
 2.32716E-04,  4.86265E+00,  1.70377E+00,  4.02828E-01,  1.05768E-01
 3.75845E-02,  1.70859E-02,  9.35868E-03,  5.70880E-03,  3.60520E-03
 2.28188E-03,  1.44345E-03,  9.20696E-04,  5.98357E-04,  3.98706E-04
 2.72351E-04,  3.97528E-04,  3.97528E-04,  2.40648E-04,  2.40648E-04
 2.40648E-04,  2.40648E-04,  2.40648E-04,  2.40648E-04,  4.86290E+00
 1.70383E+00,  4.02869E-01,  1.05817E-01,  3.76633E-02,  1.72116E-02
 9.50706E-03,  5.84342E-03,  3.71050E-03,  2.35870E-03,  1.49799E-03
 9.59225E-04,  6.25632E-04,  4.18027E-04,  2.85988E-04,  4.17133E-04
 4.17133E-04,  2.49171E-04,  2.49171E-04,  2.49171E-04,  2.49171E-04
 2.49171E-04,  2.49171E-04,  4.87349E+00,  1.70447E+00,  4.03270E-01
 1.05982E-01,  3.77931E-02,  1.73631E-02,  9.66137E-03,  5.97347E-03
 3.80910E-03,  2.43020E-03,  1.54922E-03,  9.96057E-04,  6.52260E-04
 4.37273E-04,  2.99804E-04,  4.37396E-04,  4.37396E-04,  2.58295E-04
 2.58295E-04,  2.58295E-04,  2.58295E-04,  2.58295E-04,  2.58295E-04
 4.86250E+00,  1.70298E+00,  4.03182E-01,  1.06008E-01,  3.78821E-02
 1.74935E-02,  9.79237E-03,  6.08106E-03,  3.89014E-03,  2.48960E-03
 1.59277E-03,  1.02829E-03,  6.76273E-04,  4.55088E-04,  3.12854E-04
 4.56936E-04,  4.56936E-04,  2.67222E-04,  2.67222E-04,  2.67222E-04
 2.67222E-04,  2.67222E-04,  2.67222E-04,  4.86243E+00,  1.70296E+00
 4.03197E-01,  1.06069E-01,  3.79926E-02,  1.76243E-02,  9.91086E-03
 6.17420E-03,  3.95957E-03,  2.54092E-03,  1.63114E-03,  1.05745E-03
 6.98591E-04,  4.72043E-04,  3.25509E-04,  4.76279E-04,  4.76279E-04
 2.76282E-04,  2.76282E-04,  2.76282E-04,  2.76282E-04,  2.76282E-04
 2.76282E-04,  4.87376E+00,  1.70454E+00,  4.03350E-01,  1.06173E-01
 3.81150E-02,  1.77454E-02,  1.00129E-02,  6.25263E-03,  4.01811E-03
 2.58483E-03,  1.66475E-03,  1.08372E-03,  7.19259E-04,  4.88120E-04
 3.37732E-04,  4.95347E-04,  4.95347E-04,  2.85439E-04,  2.85439E-04
 2.85439E-04,  2.85439E-04,  2.85439E-04,  2.85439E-04,  4.86310E+00
 1.70393E+00,  4.03040E-01,  1.06141E-01,  3.81689E-02,  1.78195E-02
 1.00812E-02,  6.30751E-03,  4.06068E-03,  2.61817E-03,  1.69151E-03
 1.10564E-03,  7.37232E-04,  5.02556E-04,  3.48965E-04,  5.13291E-04
 5.13291E-04,  2.94209E-04,  2.94209E-04,  2.94209E-04,  2.94209E-04
 2.94209E-04,  2.94209E-04,  4.86314E+00,  1.70398E+00,  4.03092E-01
 1.06206E-01,  3.82441E-02,  1.78950E-02,  1.01465E-02,  6.35918E-03
 4.10068E-03,  2.64959E-03,  1.71695E-03,  1.12674E-03,  7.54793E-04
 5.16856E-04,  3.60225E-04,  5.31567E-04,  5.31567E-04,  3.03431E-04
 3.03431E-04,  3.03431E-04,  3.03431E-04,  3.03431E-04,  3.03431E-04
 4.87379E+00,  1.70462E+00,  4.03485E-01,  1.06366E-01,  3.83459E-02
 1.79770E-02,  1.02125E-02,  6.41016E-03,  4.13976E-03,  2.68016E-03
 1.74171E-03,  1.14742E-03,  7.72157E-04,  5.31135E-04,  3.71573E-04
 5.50238E-04,  5.50238E-04,  3.13127E-04,  3.13127E-04,  3.13127E-04
 3.13127E-04,  3.13127E-04,  3.13127E-04,  4.86270E+00,  1.70309E+00
 4.03388E-01,  1.06379E-01,  3.83830E-02,  1.80208E-02,  1.02528E-02
 6.44364E-03,  4.16695E-03,  2.70270E-03,  1.76110E-03,  1.16452E-03
 7.87149E-04,  5.43857E-04,  3.81909E-04,  5.67642E-04,  5.67642E-04
 3.22346E-04,  3.22346E-04,  3.22346E-04,  3.22346E-04,  3.22346E-04
 3.22346E-04,  4.86271E+00,  1.70310E+00,  4.03411E-01,  1.06411E-01
 3.84196E-02,  1.80575E-02,  1.02856E-02,  6.47101E-03,  4.18955E-03
 2.72191E-03,  1.77810E-03,  1.17995E-03,  8.01005E-04,  5.55830E-04
 3.91772E-04,  5.84531E-04,  5.84531E-04,  3.31509E-04,  3.31509E-04
 3.31509E-04,  3.31509E-04,  3.31509E-04,  3.31509E-04,  4.87388E+00
 1.70466E+00,  4.03539E-01,  1.06452E-01,  3.84526E-02,  1.80882E-02
 1.03127E-02,  6.49368E-03,  4.20853E-03,  2.73839E-03,  1.79310E-03
 1.19393E-03,  8.13838E-04,  5.67099E-04,  4.01169E-04,  6.00881E-04
 6.00881E-04,  3.40591E-04,  3.40591E-04,  3.40591E-04,  3.40591E-04
 3.40591E-04,  3.40591E-04,  4.86321E+00,  1.70402E+00,  4.03168E-01
 1.06339E-01,  3.84230E-02,  1.80867E-02,  1.03199E-02,  6.50296E-03
 4.21831E-03,  2.74855E-03,  1.80373E-03,  1.20486E-03,  8.24510E-04
 5.76837E-04,  4.09492E-04,  6.15737E-04,  6.15737E-04,  3.49038E-04
 3.49038E-04,  3.49038E-04,  3.49038E-04,  3.49038E-04,  3.49038E-04
 4.86324E+00,  1.70402E+00,  4.03172E-01,  1.06350E-01,  3.84412E-02
 1.81071E-02,  1.03387E-02,  6.51896E-03,  4.23204E-03,  2.76099E-03
 1.81566E-03,  1.21650E-03,  8.35575E-04,  5.86803E-04,  4.17972E-04
 6.30912E-04,  6.30912E-04,  3.57864E-04,  3.57864E-04,  3.57864E-04
 3.57864E-04,  3.57864E-04,  3.57864E-04,  4.87390E+00,  1.70467E+00
 4.03560E-01,  1.06492E-01,  3.85095E-02,  1.81503E-02,  1.03698E-02
 6.54230E-03,  4.25025E-03,  2.77613E-03,  1.82919E-03,  1.22908E-03
 8.47185E-04,  5.97099E-04,  4.26673E-04,  6.46488E-04,  6.46488E-04
 3.67104E-04,  3.67104E-04,  3.67104E-04,  3.67104E-04,  3.67104E-04
 3.67104E-04,  4.86275E+00,  1.70314E+00,  4.03461E-01,  1.06489E-01
 3.85199E-02,  1.81641E-02,  1.03831E-02,  6.55391E-03,  4.26058E-03
 2.78595E-03,  1.83906E-03,  1.23907E-03,  8.56896E-04,  6.05989E-04
 4.34344E-04,  6.60544E-04,  6.60544E-04,  3.75653E-04,  3.75653E-04
 3.75653E-04,  3.75653E-04,  3.75653E-04,  3.75653E-04,  4.86274E+00
 1.70314E+00,  4.03465E-01,  1.06496E-01,  3.85303E-02,  1.81760E-02
 1.03943E-02,  6.56387E-03,  4.26963E-03,  2.79479E-03,  1.84815E-03
 1.24839E-03,  8.66018E-04,  6.14380E-04,  4.41621E-04,  6.74013E-04
 6.74013E-04,  3.84023E-04,  3.84023E-04,  3.84023E-04,  3.84023E-04
 3.84023E-04,  3.84023E-04,  4.87391E+00,  1.70468E+00,  4.03574E-01
 1.06516E-01,  3.85421E-02,  1.81866E-02,  1.04040E-02,  6.57244E-03
 4.27763E-03,  2.80285E-03,  1.85660E-03,  1.25713E-03,  8.74609E-04
 6.22305E-04,  4.48518E-04,  6.86896E-04,  6.86896E-04,  3.92203E-04
 3.92203E-04,  3.92203E-04,  3.92203E-04,  3.92203E-04,  3.92203E-04
 4.86325E+00,  1.70404E+00,  4.03199E-01,  1.06394E-01,  3.84981E-02
 1.81690E-02,  1.03967E-02,  6.57003E-03,  4.27839E-03,  2.80608E-03
 1.86173E-03,  1.26347E-03,  8.81389E-04,  6.28843E-04,  4.54366E-04
 6.98141E-04,  6.98141E-04,  3.99573E-04,  3.99573E-04,  3.99573E-04
 3.99573E-04,  3.99573E-04,  3.99573E-04,  4.86325E+00,  1.70404E+00
 4.03203E-01,  1.06399E-01,  3.85047E-02,  1.81761E-02,  1.04035E-02
 6.57646E-03,  4.28487E-03,  2.81302E-03,  1.86921E-03,  1.27126E-03
 8.89030E-04,  6.35896E-04,  4.60531E-04,  7.09832E-04,  7.09832E-04
 4.07311E-04,  4.07311E-04,  4.07311E-04,  4.07311E-04,  4.07311E-04
 4.07311E-04,  4.87391E+00,  1.70468E+00,  4.03583E-01,  1.06530E-01
 3.85615E-02,  1.82079E-02,  1.04246E-02,  6.59198E-03,  4.29731E-03
 2.82382E-03,  1.87915E-03,  1.28057E-03,  8.97610E-04,  6.43529E-04
 4.67064E-04,  7.22048E-04,  7.22048E-04,  4.15452E-04,  4.15452E-04
 4.15452E-04,  4.15452E-04,  4.15452E-04,  4.15452E-04,  4.86276E+00
 1.70314E+00,  4.03477E-01,  1.06519E-01,  3.85624E-02,  1.82121E-02
 1.04294E-02,  6.59717E-03,  4.30303E-03,  2.83017E-03,  1.88600E-03
 1.28762E-03,  9.04475E-04,  6.49842E-04,  4.72588E-04,  7.32648E-04
 7.32648E-04,  4.22754E-04,  4.22754E-04,  4.22754E-04,  4.22754E-04
 4.22754E-04,  4.22754E-04,  4.86276E+00,  1.70315E+00,  4.03479E-01
 1.06522E-01,  3.85661E-02,  1.82162E-02,  1.04338E-02,  6.60209E-03
 4.30859E-03,  2.83633E-03,  1.89258E-03,  1.29434E-03,  9.10971E-04
 6.55800E-04,  4.77800E-04,  7.42700E-04,  7.42700E-04,  4.29814E-04
 4.29814E-04,  4.29814E-04,  4.29814E-04,  4.29814E-04,  4.29814E-04
 4.87392E+00,  1.70469E+00,  4.03588E-01,  1.06539E-01,  3.85724E-02
 1.82202E-02,  1.04380E-02,  6.60694E-03,  4.31409E-03,  2.84233E-03
 1.89890E-03,  1.30072E-03,  9.17112E-04,  6.61418E-04,  4.82713E-04
 7.52215E-04,  7.52215E-04,  4.36627E-04,  4.36627E-04,  4.36627E-04
 4.36627E-04,  4.36627E-04,  4.36627E-04,  4.86326E+00,  1.70405E+00
 4.03210E-01,  1.06412E-01,  3.85225E-02,  1.81971E-02,  1.04267E-02
 6.60201E-03,  4.31312E-03,  2.84391E-03,  1.90210E-03,  1.30481E-03
 9.21524E-04,  6.65709E-04,  4.86604E-04,  7.60058E-04,  7.60058E-04
 4.42517E-04,  4.42517E-04,  4.42517E-04,  4.42517E-04,  4.42517E-04
 4.42517E-04,  4.86326E+00,  1.70405E+00,  4.03210E-01,  1.06412E-01
 3.85239E-02,  1.82001E-02,  1.04310E-02,  6.60709E-03,  4.31855E-03
 2.84954E-03,  1.90784E-03,  1.31052E-03,  9.26973E-04,  6.70673E-04
 4.90938E-04,  7.68511E-04,  7.68511E-04,  4.48800E-04,  4.48800E-04
 4.48800E-04,  4.48800E-04,  4.48800E-04,  4.48800E-04,  4.87392E+00
 1.70469E+00,  4.03589E-01,  1.06541E-01,  3.85778E-02,  1.82299E-02
 1.04513E-02,  6.62217E-03,  4.33034E-03,  2.85919E-03,  1.91612E-03
 1.31786E-03,  9.33499E-04,  6.76354E-04,  4.95752E-04,  7.77638E-04
 7.77638E-04,  4.55509E-04,  4.55509E-04,  4.55509E-04,  4.55509E-04
 4.55509E-04,  4.55509E-04,  4.86277E+00,  1.70315E+00,  4.03482E-01
 1.06528E-01,  3.85779E-02,  1.82340E-02,  1.04564E-02,  6.62738E-03
 4.33543E-03,  2.86426E-03,  1.92122E-03,  1.32292E-03,  9.38326E-04
 6.80743E-04,  4.99575E-04,  7.85132E-04,  7.85132E-04,  4.61285E-04
 4.61285E-04,  4.61285E-04,  4.61285E-04,  4.61285E-04,  4.61285E-04
 4.86277E+00,  1.70315E+00,  4.03484E-01,  1.06531E-01,  3.85824E-02
 1.82393E-02,  1.04617E-02,  6.63235E-03,  4.34017E-03,  2.86894E-03
 1.92595E-03,  1.32764E-03,  9.42850E-04,  6.84854E-04,  5.03151E-04
 7.92153E-04,  7.92153E-04,  4.66794E-04,  4.66794E-04,  4.66794E-04
 4.66794E-04,  4.66794E-04,  4.66794E-04,  4.87392E+00,  1.70469E+00
 4.03593E-01,  1.06549E-01,  3.85904E-02,  1.82450E-02,  1.04667E-02
 6.63684E-03,  4.34444E-03,  2.87321E-03,  1.93033E-03,  1.33206E-03
 9.47086E-04,  6.88699E-04,  5.06488E-04,  7.98716E-04,  7.98716E-04
 4.72034E-04,  4.72034E-04,  4.72034E-04,  4.72034E-04,  4.72034E-04
 4.72034E-04,  4.86326E+00,  1.70405E+00,  4.03215E-01,  1.06424E-01
 3.85423E-02,  1.82231E-02,  1.04553E-02,  6.63082E-03,  4.34172E-03
 2.87277E-03,  1.93147E-03,  1.33417E-03,  9.49622E-04,  6.91249E-04
 5.08831E-04,  8.03624E-04,  8.03624E-04,  4.76286E-04,  4.76286E-04
 4.76286E-04,  4.76286E-04,  4.76286E-04,  4.76286E-04,  4.86326E+00
 1.70405E+00,  4.03216E-01,  1.06425E-01,  3.85448E-02,  1.82262E-02
 1.04586E-02,  6.63408E-03,  4.34502E-03,  2.87627E-03,  1.93521E-03
 1.33801E-03,  9.53317E-04,  6.94586E-04,  5.11710E-04,  8.09295E-04
 8.09295E-04,  4.80973E-04,  4.80973E-04,  4.80973E-04,  4.80973E-04
 4.80973E-04,  4.80973E-04,  4.87392E+00,  1.70469E+00,  4.03596E-01
 1.06554E-01,  3.85983E-02,  1.82547E-02,  1.04767E-02,  6.64675E-03
 4.35446E-03,  2.88379E-03,  1.94160E-03,  1.34362E-03,  9.58207E-04
 6.98738E-04,  5.15152E-04,  8.15777E-04,  8.15777E-04,  4.86122E-04
 4.86122E-04,  4.86122E-04,  4.86122E-04,  4.86122E-04,  4.86122E-04
 4.86277E+00,  1.70315E+00,  4.03488E-01,  1.06541E-01,  3.85966E-02
 1.82562E-02,  1.04790E-02,  6.64922E-03,  4.35714E-03,  2.88679E-03
 1.94489E-03,  1.34701E-03,  9.61443E-04,  7.01626E-04,  5.17622E-04
 8.20646E-04,  8.20646E-04,  4.90283E-04,  4.90283E-04,  4.90283E-04
 4.90283E-04,  4.90283E-04,  4.90283E-04,  4.86277E+00,  1.70315E+00
 4.03489E-01,  1.06542E-01,  3.85984E-02,  1.82583E-02,  1.04812E-02
 6.65151E-03,  4.35967E-03,  2.88965E-03,  1.94802E-03,  1.35021E-03
 9.64463E-04,  7.04298E-04,  5.19896E-04,  8.25125E-04,  8.25125E-04
 4.94175E-04,  4.94175E-04,  4.94175E-04,  4.94175E-04,  4.94175E-04
 4.94175E-04,  4.87393E+00,  1.70469E+00,  4.03597E-01,  1.06558E-01
 3.86037E-02,  1.82611E-02,  1.04834E-02,  6.65370E-03,  4.36211E-03
 2.89241E-03,  1.95102E-03,  1.35323E-03,  9.67275E-04,  7.06761E-04
 5.21978E-04,  8.29227E-04,  8.29227E-04,  4.97798E-04,  4.97798E-04
 4.97798E-04,  4.97798E-04,  4.97798E-04,  4.97798E-04,  4.86326E+00
 1.70405E+00,  4.03219E-01,  1.06431E-01,  3.85534E-02,  1.82367E-02
 1.04698E-02,  6.64589E-03,  4.35801E-03,  2.89081E-03,  1.95099E-03
 1.35405E-03,  9.68430E-04,  7.07956E-04,  5.23090E-04,  8.31716E-04
 8.31716E-04,  5.00400E-04,  5.00400E-04,  5.00400E-04,  5.00400E-04
 5.00400E-04,  5.00400E-04,  4.86326E+00,  1.70405E+00,  4.03220E-01
 1.06432E-01,  3.85544E-02,  1.82380E-02,  1.04715E-02,  6.64798E-03
 4.36045E-03,  2.89349E-03,  1.95376E-03,  1.35672E-03,  9.70832E-04
 7.10011E-04,  5.24806E-04,  8.35097E-04,  8.35097E-04,  5.03480E-04
 5.03480E-04,  5.03480E-04,  5.03480E-04,  5.03480E-04,  5.03480E-04
 4.87393E+00,  1.70469E+00,  4.03599E-01,  1.06560E-01,  3.86069E-02
 1.82653E-02,  1.04886E-02,  6.66006E-03,  4.36946E-03,  2.90048E-03
 1.95935E-03,  1.36125E-03,  9.74494E-04,  7.12942E-04,  5.27142E-04
 8.39401E-04,  8.39401E-04,  5.07059E-04,  5.07059E-04,  5.07059E-04
 5.07059E-04,  5.07059E-04,  5.07059E-04,  4.86277E+00,  1.70315E+00
 4.03491E-01,  1.06546E-01,  3.86042E-02,  1.82659E-02,  1.04905E-02
 6.66238E-03,  4.37199E-03,  2.90308E-03,  1.96187E-03,  1.36356E-03
 9.76499E-04,  7.14619E-04,  5.28525E-04,  8.42130E-04,  8.42130E-04
 5.09622E-04,  5.09622E-04,  5.09622E-04,  5.09622E-04,  5.09622E-04
 5.09622E-04,  4.86277E+00,  1.70315E+00,  4.03491E-01,  1.06546E-01
 3.86053E-02,  1.82677E-02,  1.04927E-02,  6.66488E-03,  4.37454E-03
 2.90557E-03,  1.96422E-03,  1.36566E-03,  9.78298E-04,  7.16109E-04
 5.29749E-04,  8.44547E-04,  8.44547E-04,  5.11922E-04,  5.11922E-04
 5.11922E-04,  5.11922E-04,  5.11922E-04,  5.11922E-04,  4.87393E+00
 1.70469E+00,  4.03599E-01,  1.06562E-01,  3.86103E-02,  1.82707E-02
 1.04955E-02,  6.66747E-03,  4.37701E-03,  2.90790E-03,  1.96635E-03
 1.36754E-03,  9.79889E-04,  7.17416E-04,  5.30818E-04,  8.46663E-04
 8.46663E-04,  5.13963E-04,  5.13963E-04,  5.13963E-04,  5.13963E-04
 5.13963E-04,  5.13963E-04,  4.86327E+00,  1.70405E+00,  4.03221E-01
 1.06435E-01,  3.85606E-02,  1.82472E-02,  1.04827E-02,  6.66002E-03
 4.37275E-03,  2.90564E-03,  1.96530E-03,  1.36714E-03,  9.79801E-04
 7.17469E-04,  5.30941E-04,  8.47215E-04,  8.47215E-04,  5.14970E-04
 5.14970E-04,  5.14970E-04,  5.14970E-04,  5.14970E-04,  5.14970E-04
 4.86327E+00,  1.70405E+00,  4.03222E-01,  1.06436E-01,  3.85627E-02
 1.82496E-02,  1.04850E-02,  6.66220E-03,  4.37472E-03,  2.90744E-03
 1.96691E-03,  1.36854E-03,  9.80971E-04,  7.18421E-04,  5.31717E-04
 8.48755E-04,  8.48755E-04,  5.16490E-04,  5.16490E-04,  5.16490E-04
 5.16490E-04,  5.16490E-04,  5.16490E-04,  4.87393E+00,  1.70469E+00
 4.03601E-01,  1.06565E-01,  3.86162E-02,  1.82777E-02,  1.05024E-02
 6.67385E-03,  4.38285E-03,  2.91326E-03,  1.97119E-03,  1.37176E-03
 9.83410E-04,  7.20285E-04,  5.33153E-04,  8.51301E-04,  8.51301E-04
 5.18533E-04,  5.18533E-04,  5.18533E-04,  5.18533E-04,  5.18533E-04
 5.18533E-04,  4.86277E+00,  1.70315E+00,  4.03494E-01,  1.06552E-01
 3.86138E-02,  1.82781E-02,  1.05035E-02,  6.67505E-03,  4.38403E-03
 2.91439E-03,  1.97224E-03,  1.37267E-03,  9.84176E-04,  7.20907E-04
 5.33658E-04,  8.52309E-04,  8.52309E-04,  5.19546E-04,  5.19546E-04
 5.19546E-04,  5.19546E-04,  5.19546E-04,  5.19546E-04,  4.86277E+00
 1.70315E+00,  4.03494E-01,  1.06552E-01,  3.86141E-02,  1.82786E-02
 1.05041E-02,  6.67579E-03,  4.38483E-03,  2.91520E-03,  1.97300E-03
 1.37335E-03,  9.84745E-04,  7.21369E-04,  5.34033E-04,  8.53060E-04
 8.53060E-04,  5.20305E-04,  5.20305E-04,  5.20305E-04,  5.20305E-04
 5.20305E-04,  5.20305E-04,  4.87393E+00,  1.70469E+00,  4.03601E-01
 1.06566E-01,  3.86173E-02,  1.82793E-02,  1.05044E-02,  6.67619E-03
 4.38530E-03,  2.91571E-03,  1.97350E-03,  1.37380E-03,  9.85121E-04
 7.21675E-04,  5.34282E-04,  8.53558E-04,  8.53558E-04,  5.20810E-04
 5.20810E-04,  5.20810E-04,  5.20810E-04,  5.20810E-04,  5.20810E-04
 4.86327E+00,  1.70405E+00,  4.03222E-01,  1.06438E-01,  3.85652E-02
 1.82530E-02,  1.04890E-02,  6.66640E-03,  4.37897E-03,  2.91160E-03
 1.97080E-03,  1.37197E-03,  9.83833E-04,  7.20745E-04,  5.33605E-04
 8.52526E-04,  8.52526E-04,  5.20282E-04,  5.20282E-04,  5.20282E-04
 5.20282E-04,  5.20282E-04,  5.20282E-04,  4.86327E+00,  1.70405E+00
 4.03222E-01,  1.06438E-01,  3.85652E-02,  1.82530E-02,  1.04890E-02
 6.66640E-03,  4.37897E-03,  2.91160E-03,  1.97080E-03,  1.37196E-03
 9.83833E-04,  7.20745E-04,  5.33604E-04,  8.52525E-04,  8.52525E-04
 5.20281E-04,  5.20281E-04,  5.20281E-04,  5.20281E-04,  5.20281E-04
 5.20281E-04,  4.87393E+00,  1.70469E+00,  4.03601E-01,  1.06566E-01
 3.86173E-02,  1.82793E-02,  1.05044E-02,  6.67619E-03,  4.38530E-03
 2.91571E-03,  1.97350E-03,  1.37380E-03,  9.85121E-04,  7.21674E-04
 5.34281E-04,  8.53556E-04,  8.53556E-04,  5.20809E-04,  5.20809E-04
 5.20809E-04,  5.20809E-04,  5.20809E-04,  5.20809E-04,  4.86277E+00
 1.70315E+00,  4.03494E-01,  1.06552E-01,  3.86141E-02,  1.82786E-02
 1.05041E-02,  6.67579E-03,  4.38483E-03,  2.91520E-03,  1.97300E-03
 1.37335E-03,  9.84744E-04,  7.21368E-04,  5.34033E-04,  8.53058E-04
 8.53058E-04,  5.20303E-04,  5.20303E-04,  5.20303E-04,  5.20303E-04
 5.20303E-04,  5.20303E-04,  4.86277E+00,  1.70315E+00,  4.03494E-01
 1.06552E-01,  3.86138E-02,  1.82781E-02,  1.05035E-02,  6.67505E-03
 4.38403E-03,  2.91439E-03,  1.97224E-03,  1.37267E-03,  9.84175E-04
 7.20906E-04,  5.33657E-04,  8.52307E-04,  8.52307E-04,  5.19543E-04
 5.19543E-04,  5.19543E-04,  5.19543E-04,  5.19543E-04,  5.19543E-04
 4.87393E+00,  1.70469E+00,  4.03601E-01,  1.06565E-01,  3.86162E-02
 1.82777E-02,  1.05024E-02,  6.67385E-03,  4.38285E-03,  2.91326E-03
 1.97119E-03,  1.37175E-03,  9.83409E-04,  7.20283E-04,  5.33152E-04
 8.51297E-04,  8.51297E-04,  5.18529E-04,  5.18529E-04,  5.18529E-04
 5.18529E-04,  5.18529E-04,  5.18529E-04,  4.86327E+00,  1.70405E+00
 4.03222E-01,  1.06436E-01,  3.85627E-02,  1.82496E-02,  1.04850E-02
 6.66220E-03,  4.37472E-03,  2.90744E-03,  1.96691E-03,  1.36854E-03
 9.80970E-04,  7.18420E-04,  5.31715E-04,  8.48751E-04,  8.48751E-04
 5.16486E-04,  5.16486E-04,  5.16486E-04,  5.16486E-04,  5.16486E-04
 5.16486E-04,  4.86327E+00,  1.70405E+00,  4.03221E-01,  1.06435E-01
 3.85606E-02,  1.82472E-02,  1.04827E-02,  6.66002E-03,  4.37275E-03
 2.90564E-03,  1.96530E-03,  1.36714E-03,  9.79799E-04,  7.17467E-04
 5.30939E-04,  8.47210E-04,  8.47210E-04,  5.14965E-04,  5.14965E-04
 5.14965E-04,  5.14965E-04,  5.14965E-04,  5.14965E-04,  4.87393E+00
 1.70469E+00,  4.03599E-01,  1.06562E-01,  3.86103E-02,  1.82707E-02
 1.04955E-02,  6.66747E-03,  4.37701E-03,  2.90790E-03,  1.96635E-03
 1.36754E-03,  9.79887E-04,  7.17414E-04,  5.30816E-04,  8.46657E-04
 8.46657E-04,  5.13957E-04,  5.13957E-04,  5.13957E-04,  5.13957E-04
 5.13957E-04,  5.13957E-04,  4.86277E+00,  1.70315E+00,  4.03491E-01
 1.06546E-01,  3.86053E-02,  1.82677E-02,  1.04927E-02,  6.66488E-03
 4.37454E-03,  2.90557E-03,  1.96422E-03,  1.36566E-03,  9.78295E-04
 7.16106E-04,  5.29746E-04,  8.44540E-04,  8.44540E-04,  5.11916E-04
 5.11916E-04,  5.11916E-04,  5.11916E-04,  5.11916E-04,  5.11916E-04
 4.86277E+00,  1.70315E+00,  4.03491E-01,  1.06546E-01,  3.86042E-02
 1.82659E-02,  1.04905E-02,  6.66238E-03,  4.37199E-03,  2.90308E-03
 1.96187E-03,  1.36356E-03,  9.76496E-04,  7.14615E-04,  5.28522E-04
 8.42122E-04,  8.42122E-04,  5.09615E-04,  5.09615E-04,  5.09615E-04
 5.09615E-04,  5.09615E-04,  5.09615E-04,  4.87393E+00,  1.70469E+00
 4.03599E-01,  1.06560E-01,  3.86069E-02,  1.82653E-02,  1.04886E-02
 6.66006E-03,  4.36945E-03,  2.90048E-03,  1.95935E-03,  1.36125E-03
 9.74490E-04,  7.12938E-04,  5.27137E-04,  8.39391E-04,  8.39391E-04
 5.07051E-04,  5.07051E-04,  5.07051E-04,  5.07051E-04,  5.07051E-04
 5.07051E-04,  4.86326E+00,  1.70405E+00,  4.03220E-01,  1.06432E-01
 3.85544E-02,  1.82380E-02,  1.04715E-02,  6.64798E-03,  4.36045E-03
 2.89349E-03,  1.95376E-03,  1.35671E-03,  9.70827E-04,  7.10006E-04
 5.24801E-04,  8.35085E-04,  8.35085E-04,  5.03472E-04,  5.03472E-04
 5.03472E-04,  5.03472E-04,  5.03472E-04,  5.03472E-04,  4.86326E+00
 1.70405E+00,  4.03219E-01,  1.06431E-01,  3.85534E-02,  1.82367E-02
 1.04698E-02,  6.64589E-03,  4.35801E-03,  2.89081E-03,  1.95098E-03
 1.35404E-03,  9.68425E-04,  7.07950E-04,  5.23085E-04,  8.31704E-04
 8.31704E-04,  5.00390E-04,  5.00390E-04,  5.00390E-04,  5.00390E-04
 5.00390E-04,  5.00390E-04,  4.87393E+00,  1.70469E+00,  4.03597E-01
 1.06558E-01,  3.86037E-02,  1.82611E-02,  1.04834E-02,  6.65369E-03
 4.36211E-03,  2.89241E-03,  1.95102E-03,  1.35322E-03,  9.67268E-04
 7.06753E-04,  5.21971E-04,  8.29213E-04,  8.29213E-04,  4.97787E-04
 4.97787E-04,  4.97787E-04,  4.97787E-04,  4.97787E-04,  4.97787E-04
 4.86277E+00,  1.70315E+00,  4.03489E-01,  1.06542E-01,  3.85984E-02
 1.82583E-02,  1.04812E-02,  6.65151E-03,  4.35966E-03,  2.88964E-03
 1.94801E-03,  1.35020E-03,  9.64454E-04,  7.04289E-04,  5.19888E-04
 8.25108E-04,  8.25108E-04,  4.94163E-04,  4.94163E-04,  4.94163E-04
 4.94163E-04,  4.94163E-04,  4.94163E-04,  4.86277E+00,  1.70315E+00
 4.03488E-01,  1.06541E-01,  3.85966E-02,  1.82562E-02,  1.04790E-02
 6.64921E-03,  4.35714E-03,  2.88678E-03,  1.94488E-03,  1.34700E-03
 9.61433E-04,  7.01616E-04,  5.17613E-04,  8.20627E-04,  8.20627E-04
 4.90271E-04,  4.90271E-04,  4.90271E-04,  4.90271E-04,  4.90271E-04
 4.90271E-04,  4.87392E+00,  1.70469E+00,  4.03596E-01,  1.06554E-01
 3.85983E-02,  1.82547E-02,  1.04767E-02,  6.64675E-03,  4.35445E-03
 2.88378E-03,  1.94159E-03,  1.34361E-03,  9.58194E-04,  6.98726E-04
 5.15141E-04,  8.15756E-04,  8.15756E-04,  4.86109E-04,  4.86109E-04
 4.86109E-04,  4.86109E-04,  4.86109E-04,  4.86109E-04,  4.86326E+00
 1.70405E+00,  4.03216E-01,  1.06425E-01,  3.85448E-02,  1.82262E-02
 1.04586E-02,  6.63407E-03,  4.34501E-03,  2.87626E-03,  1.93520E-03
 1.33799E-03,  9.53301E-04,  6.94571E-04,  5.11698E-04,  8.09272E-04
 8.09272E-04,  4.80958E-04,  4.80958E-04,  4.80958E-04,  4.80958E-04
 4.80958E-04,  4.80958E-04,  4.86326E+00,  1.70405E+00,  4.03215E-01
 1.06424E-01,  3.85423E-02,  1.82231E-02,  1.04553E-02,  6.63082E-03
 4.34171E-03,  2.87276E-03,  1.93146E-03,  1.33415E-03,  9.49603E-04
 6.91232E-04,  5.08816E-04,  8.03598E-04,  8.03598E-04,  4.76271E-04
 4.76271E-04,  4.76271E-04,  4.76271E-04,  4.76271E-04,  4.76271E-04
 4.87392E+00,  1.70469E+00,  4.03593E-01,  1.06549E-01,  3.85904E-02
 1.82450E-02,  1.04666E-02,  6.63683E-03,  4.34442E-03,  2.87319E-03
 1.93030E-03,  1.33203E-03,  9.47063E-04,  6.88678E-04,  5.06471E-04
 7.98687E-04,  7.98687E-04,  4.72018E-04,  4.72018E-04,  4.72018E-04
 4.72018E-04,  4.72018E-04,  4.72018E-04,  4.86277E+00,  1.70315E+00
 4.03484E-01,  1.06531E-01,  3.85824E-02,  1.82393E-02,  1.04617E-02
 6.63233E-03,  4.34015E-03,  2.86891E-03,  1.92592E-03,  1.32761E-03
 9.42822E-04,  6.84829E-04,  5.03131E-04,  7.92120E-04,  7.92120E-04
 4.66776E-04,  4.66776E-04,  4.66776E-04,  4.66776E-04,  4.66776E-04
 4.66776E-04,  4.86277E+00,  1.70315E+00,  4.03482E-01,  1.06528E-01
 3.85779E-02,  1.82340E-02,  1.04564E-02,  6.62736E-03,  4.33541E-03
 2.86423E-03,  1.92118E-03,  1.32288E-03,  9.38291E-04,  6.80714E-04
 4.99552E-04,  7.85095E-04,  7.85095E-04,  4.61267E-04,  4.61267E-04
 4.61267E-04,  4.61267E-04,  4.61267E-04,  4.61267E-04,  4.87392E+00
 1.70469E+00,  4.03589E-01,  1.06541E-01,  3.85778E-02,  1.82299E-02
 1.04512E-02,  6.62214E-03,  4.33030E-03,  2.85915E-03,  1.91608E-03
 1.31782E-03,  9.33457E-04,  6.76319E-04,  4.95725E-04,  7.77597E-04
 7.77597E-04,  4.55490E-04,  4.55490E-04,  4.55490E-04,  4.55490E-04
 4.55490E-04,  4.55490E-04,  4.86326E+00,  1.70405E+00,  4.03210E-01
 1.06412E-01,  3.85239E-02,  1.82001E-02,  1.04310E-02,  6.60705E-03
 4.31850E-03,  2.84949E-03,  1.90778E-03,  1.31046E-03,  9.26922E-04
 6.70632E-04,  4.90908E-04,  7.68466E-04,  7.68466E-04,  4.48780E-04
 4.48780E-04,  4.48780E-04,  4.48780E-04,  4.48780E-04,  4.48780E-04
 4.86326E+00,  1.70405E+00,  4.03210E-01,  1.06412E-01,  3.85225E-02
 1.81970E-02,  1.04267E-02,  6.60196E-03,  4.31306E-03,  2.84384E-03
 1.90202E-03,  1.30474E-03,  9.21463E-04,  6.65661E-04,  4.86569E-04
 7.60009E-04,  7.60009E-04,  4.42496E-04,  4.42496E-04,  4.42496E-04
 4.42496E-04,  4.42496E-04,  4.42496E-04,  4.87392E+00,  1.70469E+00
 4.03588E-01,  1.06539E-01,  3.85724E-02,  1.82202E-02,  1.04380E-02
 6.60687E-03,  4.31400E-03,  2.84224E-03,  1.89880E-03,  1.30063E-03
 9.17038E-04,  6.61362E-04,  4.82673E-04,  7.52161E-04,  7.52161E-04
 4.36604E-04,  4.36604E-04,  4.36604E-04,  4.36604E-04,  4.36604E-04
 4.36604E-04,  4.86276E+00,  1.70315E+00,  4.03479E-01,  1.06522E-01
 3.85661E-02,  1.82161E-02,  1.04338E-02,  6.60199E-03,  4.30848E-03
 2.83620E-03,  1.89246E-03,  1.29423E-03,  9.10882E-04,  6.55735E-04
 4.77755E-04,  7.42641E-04,  7.42641E-04,  4.29790E-04,  4.29790E-04
 4.29790E-04,  4.29790E-04,  4.29790E-04,  4.29790E-04,  4.86276E+00
 1.70314E+00,  4.03477E-01,  1.06519E-01,  3.85624E-02,  1.82120E-02
 1.04293E-02,  6.59704E-03,  4.30288E-03,  2.83001E-03,  1.88585E-03
 1.28749E-03,  9.04370E-04,  6.49767E-04,  4.72537E-04,  7.32583E-04
 7.32583E-04,  4.22729E-04,  4.22729E-04,  4.22729E-04,  4.22729E-04
 4.22729E-04,  4.22729E-04,  4.87391E+00,  1.70468E+00,  4.03583E-01
 1.06530E-01,  3.85615E-02,  1.82079E-02,  1.04244E-02,  6.59180E-03
 4.29710E-03,  2.82361E-03,  1.87896E-03,  1.28041E-03,  8.97486E-04
 6.43443E-04,  4.67007E-04,  7.21977E-04,  7.21977E-04,  4.15426E-04
 4.15426E-04,  4.15426E-04,  4.15426E-04,  4.15426E-04,  4.15426E-04
 4.86325E+00,  1.70404E+00,  4.03203E-01,  1.06399E-01,  3.85046E-02
 1.81760E-02,  1.04033E-02,  6.57621E-03,  4.28460E-03,  2.81275E-03
 1.86897E-03,  1.27106E-03,  8.88886E-04,  6.35798E-04,  4.60467E-04
 7.09756E-04,  7.09756E-04,  4.07283E-04,  4.07283E-04,  4.07283E-04
 4.07283E-04,  4.07283E-04,  4.07283E-04,  4.86325E+00,  1.70404E+00
 4.03199E-01,  1.06394E-01,  3.84980E-02,  1.81688E-02,  1.03964E-02
 6.56968E-03,  4.27802E-03,  2.80573E-03,  1.86143E-03,  1.26324E-03
 8.81223E-04,  6.28733E-04,  4.54296E-04,  6.98059E-04,  6.98059E-04
 3.99544E-04,  3.99544E-04,  3.99544E-04,  3.99544E-04,  3.99544E-04
 3.99544E-04,  4.87391E+00,  1.70468E+00,  4.03574E-01,  1.06515E-01
 3.85419E-02,  1.81863E-02,  1.04035E-02,  6.57194E-03,  4.27714E-03
 2.80241E-03,  1.85623E-03,  1.25686E-03,  8.74418E-04,  6.22182E-04
 4.48442E-04,  6.86808E-04,  6.86808E-04,  3.92173E-04,  3.92173E-04
 3.92173E-04,  3.92173E-04,  3.92173E-04,  3.92173E-04,  4.86274E+00
 1.70314E+00,  4.03465E-01,  1.06496E-01,  3.85300E-02,  1.81755E-02
 1.03937E-02,  6.56318E-03,  4.26898E-03,  2.79424E-03,  1.84771E-03
 1.24807E-03,  8.65804E-04,  6.14244E-04,  4.41538E-04,  6.73920E-04
 6.73920E-04,  3.83991E-04,  3.83991E-04,  3.83991E-04,  3.83991E-04
 3.83991E-04,  3.83991E-04,  4.86275E+00,  1.70314E+00,  4.03461E-01
 1.06489E-01,  3.85195E-02,  1.81633E-02,  1.03821E-02,  6.55297E-03
 4.25974E-03,  2.78527E-03,  1.83854E-03,  1.23871E-03,  8.56659E-04
 6.05842E-04,  4.34256E-04,  6.60446E-04,  6.60446E-04,  3.75619E-04
 3.75619E-04,  3.75619E-04,  3.75619E-04,  3.75619E-04,  3.75619E-04
 4.87390E+00,  1.70467E+00,  4.03560E-01,  1.06491E-01,  3.85087E-02
 1.81491E-02,  1.03684E-02,  6.54103E-03,  4.24919E-03,  2.77532E-03
 1.82859E-03,  1.22868E-03,  8.46927E-04,  5.96942E-04,  4.26579E-04
 6.46386E-04,  6.46386E-04,  3.67069E-04,  3.67069E-04,  3.67069E-04
 3.67069E-04,  3.67069E-04,  3.67069E-04,  4.86324E+00,  1.70402E+00
 4.03172E-01,  1.06350E-01,  3.84399E-02,  1.81052E-02,  1.03367E-02
 6.51730E-03,  4.23075E-03,  2.76005E-03,  1.81500E-03,  1.21606E-03
 8.35300E-04,  5.86637E-04,  4.17874E-04,  6.30805E-04,  6.30805E-04
 3.57828E-04,  3.57828E-04,  3.57828E-04,  3.57828E-04,  3.57828E-04
 3.57828E-04,  4.86321E+00,  1.70402E+00,  4.03167E-01,  1.06338E-01
 3.84208E-02,  1.80839E-02,  1.03173E-02,  6.50088E-03,  4.21679E-03
 2.74749E-03,  1.80302E-03,  1.20440E-03,  8.24224E-04,  5.76665E-04
 4.09391E-04,  6.15626E-04,  6.15626E-04,  3.48999E-04,  3.48999E-04
 3.48999E-04,  3.48999E-04,  3.48999E-04,  3.48999E-04,  4.87388E+00
 1.70466E+00,  4.03539E-01,  1.06449E-01,  3.84490E-02,  1.80842E-02
 1.03093E-02,  6.49121E-03,  4.20684E-03,  2.73726E-03,  1.79236E-03
 1.19346E-03,  8.13546E-04,  5.66924E-04,  4.01065E-04,  6.00767E-04
 6.00767E-04,  3.40550E-04,  3.40550E-04,  3.40550E-04,  3.40550E-04
 3.40550E-04,  3.40550E-04,  4.86271E+00,  1.70310E+00,  4.03410E-01
 1.06407E-01,  3.84139E-02,  1.80521E-02,  1.02816E-02,  6.46832E-03
 4.18782E-03,  2.72078E-03,  1.77737E-03,  1.17948E-03,  8.00716E-04
 5.55655E-04,  3.91667E-04,  5.84414E-04,  5.84414E-04,  3.31466E-04
 3.31466E-04,  3.31466E-04,  3.31466E-04,  3.31466E-04,  3.31466E-04
 4.86270E+00,  1.70309E+00,  4.03384E-01,  1.06372E-01,  3.83753E-02
 1.80146E-02,  1.02487E-02,  6.44107E-03,  4.16535E-03,  2.70168E-03
 1.76043E-03,  1.16408E-03,  7.86870E-04,  5.43685E-04,  3.81805E-04
 5.67523E-04,  5.67523E-04,  3.22302E-04,  3.22302E-04,  3.22302E-04
 3.22302E-04,  3.22302E-04,  3.22302E-04,  4.87379E+00,  1.70462E+00
 4.03476E-01,  1.06357E-01,  3.83379E-02,  1.79714E-02,  1.02091E-02
 6.40813E-03,  4.13849E-03,  2.67932E-03,  1.74114E-03,  1.14703E-03
 7.71896E-04,  5.30968E-04,  3.71469E-04,  5.50117E-04,  5.50117E-04
 3.13080E-04,  3.13080E-04,  3.13080E-04,  3.13080E-04,  3.13080E-04
 3.13080E-04,  4.86312E+00,  1.70396E+00,  4.03082E-01,  1.06199E-01
 3.82386E-02,  1.78914E-02,  1.01444E-02,  6.35795E-03,  4.09987E-03
 2.64901E-03,  1.71650E-03,  1.12641E-03,  7.54558E-04,  5.16698E-04
 3.60124E-04,  5.31444E-04,  5.31444E-04,  3.03381E-04,  3.03381E-04
 3.03381E-04,  3.03381E-04,  3.03381E-04,  3.03381E-04,  4.86298E+00
 1.70393E+00,  4.03032E-01,  1.06129E-01,  3.81600E-02,  1.78147E-02
 1.00792E-02,  6.30672E-03,  4.06027E-03,  2.61784E-03,  1.69121E-03
 1.10538E-03,  7.37027E-04,  5.02409E-04,  3.48867E-04,  5.13167E-04
 5.13167E-04,  2.94158E-04,  2.94158E-04,  2.94158E-04,  2.94158E-04
 2.94158E-04,  2.94158E-04,  4.87330E+00,  1.70439E+00,  4.03253E-01
 1.06101E-01,  3.80720E-02,  1.77256E-02,  1.00060E-02,  6.25079E-03
 4.01770E-03,  2.58467E-03,  1.66458E-03,  1.08353E-03,  7.19086E-04
 4.87985E-04,  3.37637E-04,  4.95222E-04,  4.95222E-04,  2.85385E-04
 2.85385E-04,  2.85385E-04,  2.85385E-04,  2.85385E-04,  2.85385E-04
 4.86123E+00,  1.70259E+00,  4.02929E-01,  1.05856E-01,  3.78613E-02
 1.75632E-02,  9.88942E-03,  6.16838E-03,  3.95839E-03,  2.54076E-03
 1.63107E-03,  1.05733E-03,  6.98451E-04,  4.71920E-04,  3.25417E-04
 4.76152E-04,  4.76152E-04,  2.76225E-04,  2.76225E-04,  2.76225E-04
 2.76225E-04,  2.76225E-04,  2.76225E-04,  4.86185E+00,  1.70278E+00
 4.02862E-01,  1.05641E-01,  3.76142E-02,  1.73590E-02,  9.74325E-03
 6.06718E-03,  3.88710E-03,  2.48916E-03,  1.59273E-03,  1.02822E-03
 6.76162E-04,  4.54977E-04,  3.12766E-04,  4.56808E-04,  4.56808E-04
 2.67163E-04,  2.67163E-04,  2.67163E-04,  2.67163E-04,  2.67163E-04
 2.67163E-04,  4.87238E+00,  1.70410E+00,  4.02925E-01,  1.05510E-01
 3.73776E-02,  1.71307E-02,  9.57163E-03,  5.94718E-03,  3.80301E-03
 2.42919E-03,  1.54915E-03,  9.96025E-04,  6.52175E-04,  4.37172E-04
 2.99718E-04,  4.37265E-04,  4.37265E-04,  2.58233E-04,  2.58233E-04
 2.58233E-04,  2.58233E-04,  2.58233E-04,  2.58233E-04,  4.86268E+00
 1.70376E+00,  4.02624E-01,  1.05339E-01,  3.71360E-02,  1.68762E-02
 9.36882E-03,  5.80148E-03,  3.70041E-03,  2.35687E-03,  1.49782E-03
 9.59214E-04,  6.25567E-04,  4.17936E-04,  2.85904E-04,  4.16999E-04
 4.16999E-04,  2.49106E-04,  2.49106E-04,  2.49106E-04,  2.49106E-04
 2.49106E-04,  2.49106E-04,  4.86259E+00,  1.70375E+00,  4.02747E-01
 1.05382E-01,  3.70069E-02,  1.66624E-02,  9.17180E-03,  5.65017E-03
 3.59072E-03,  2.27913E-03,  1.44314E-03,  9.20692E-04,  5.98307E-04
 3.98621E-04,  2.72267E-04,  3.97391E-04,  3.97391E-04,  2.40581E-04
 2.40581E-04,  2.40581E-04,  2.40581E-04,  2.40581E-04,  2.40581E-04
 4.87333E+00,  1.70438E+00,  4.03139E-01,  1.05546E-01,  3.69630E-02
 1.64924E-02,  8.98565E-03,  5.49464E-03,  3.47358E-03,  2.19537E-03
 1.38474E-03,  8.80296E-04,  5.70338E-04,  3.79214E-04,  2.58804E-04
 3.78429E-04,  3.78429E-04,  2.32645E-04,  2.32645E-04,  2.32645E-04
 2.32645E-04,  2.32645E-04,  2.32645E-04,  4.86168E+00,  1.70270E+00
 4.02956E-01,  1.05487E-01,  3.68504E-02,  1.63078E-02,  8.78481E-03
 5.31919E-03,  3.33855E-03,  2.09893E-03,  1.31852E-03,  8.35504E-04
 5.40079E-04,  3.58682E-04,  2.44812E-04,  3.59069E-04,  3.59069E-04
 2.24630E-04,  2.24630E-04,  2.24630E-04,  2.24630E-04,  2.24630E-04
 2.24630E-04,  4.86170E+00,  1.70265E+00,  4.02836E-01,  1.05330E-01
 3.66787E-02,  1.61156E-02,  8.57863E-03,  5.13117E-03,  3.19081E-03
 1.99342E-03,  1.24697E-03,  7.88041E-04,  5.08695E-04,  3.37810E-04
 2.30819E-04,  3.40050E-04,  3.40050E-04,  2.16941E-04,  2.16941E-04
 2.16941E-04,  2.16941E-04,  2.16941E-04,  2.16941E-04,  4.87158E+00
 1.70387E+00,  4.02710E-01,  1.05041E-01,  3.64189E-02,  1.58957E-02
 8.35704E-03,  4.92694E-03,  3.02965E-03,  1.87918E-03,  1.17065E-03
 7.38369E-04,  4.76514E-04,  3.16805E-04,  2.16950E-04,  3.21507E-04
 3.21507E-04,  2.09617E-04,  2.09617E-04,  2.09617E-04,  2.09617E-04
 2.09617E-04,  2.09617E-04,  4.86080E+00,  1.70305E+00,  4.01943E-01
 1.04420E-01,  3.59991E-02,  1.56020E-02,  8.09267E-03,  4.69395E-03
 2.85005E-03,  1.75426E-03,  1.08879E-03,  6.86120E-04,  4.43299E-04
 2.95478E-04,  2.03048E-04,  3.03137E-04,  3.03137E-04,  2.02395E-04
 2.02395E-04,  2.02395E-04,  2.02395E-04,  2.02395E-04,  2.02395E-04
 4.85650E+00,  1.70199E+00,  4.01136E-01,  1.03686E-01,  3.54889E-02
 1.52450E-02,  7.78930E-03,  4.43975E-03,  2.66016E-03,  1.62518E-03
 1.00586E-03,  6.34212E-04,  4.10904E-04,  2.75016E-04,  1.89887E-04
 2.86015E-04,  2.86015E-04,  1.95925E-04,  1.95925E-04,  1.95925E-04
 1.95925E-04,  1.95925E-04,  1.95925E-04,  4.86577E+00,  1.70165E+00
 4.00366E-01,  1.02743E-01,  3.47986E-02,  1.47682E-02,  7.42134E-03
 4.15663E-03,  2.45921E-03,  1.49287E-03,  9.22849E-04,  5.83278E-04
 3.79677E-04,  2.55586E-04,  1.77538E-04,  2.70177E-04,  2.70177E-04
 1.90195E-04,  1.90195E-04,  1.90195E-04,  1.90195E-04,  1.90195E-04
 1.90195E-04,  4.83632E+00,  1.69610E+00,  3.97989E-01,  1.00996E-01
 3.36651E-02,  1.40579E-02,  6.94427E-03,  3.82868E-03,  2.24171E-03
 1.35523E-03,  8.38680E-04,  5.32582E-04,  3.49022E-04,  2.36694E-04
 1.65603E-04,  2.54922E-04,  2.54922E-04,  1.84652E-04,  1.84652E-04
 1.84652E-04,  1.84652E-04,  1.84652E-04,  1.84652E-04,  4.83319E+00
 1.69275E+00,  3.94086E-01,  9.80816E-02,  3.19174E-02,  1.30672E-02
 6.35782E-03,  3.46582E-03,  2.01666E-03,  1.21842E-03,  7.57114E-04
 4.84307E-04,  3.20187E-04,  2.19065E-04,  1.54518E-04,  2.40809E-04
 2.40809E-04,  1.79612E-04,  1.79612E-04,  1.79612E-04,  1.79612E-04
 1.79612E-04,  1.79612E-04,  4.70465E+00,  1.66933E+00,  3.85301E-01
 9.31386E-02,  2.92857E-02,  1.17493E-02,  5.66943E-03,  3.07997E-03
 1.79213E-03,  1.08703E-03,  6.80589E-04,  4.39676E-04,  2.93756E-04
 2.02966E-04,  1.44406E-04,  2.27931E-04,  2.27931E-04,  1.75083E-04
 1.75083E-04,  1.75083E-04,  1.75083E-04,  1.75083E-04,  1.75083E-04
 4.68598E+00,  1.66201E+00,  3.70411E-01,  8.44533E-02,  2.54350E-02
 1.01039E-02,  4.90999E-03,  2.68967E-03,  1.57691E-03,  9.64954E-04
 6.10703E-04,  3.99249E-04,  2.69843E-04,  1.88344E-04,  1.35166E-04
 2.16041E-04,  2.16041E-04,  1.70814E-04,  1.70814E-04,  1.70814E-04
 1.70814E-04,  1.70814E-04,  1.70814E-04,  2.08756E+00,  1.36545E+00
 3.13614E-01,  6.88636E-02,  2.03656E-02,  8.30269E-03,  4.17003E-03
 2.33437E-03,  1.38837E-03,  8.60303E-04,  5.51489E-04,  3.65143E-04
 2.49634E-04,  1.75919E-04,  1.27266E-04,  2.05830E-04,  2.05830E-04
 1.67314E-04,  1.67314E-04,  1.67314E-04,  1.67314E-04,  1.67314E-04
 1.67314E-04,  4.39802E+00,  1.02062E+00,  2.13246E-01,  4.69570E-02
 1.48140E-02,  6.65279E-03,  3.54670E-03,  2.04392E-03,  1.23602E-03
 7.76163E-04,  5.03898E-04,  3.37596E-04,  2.33147E-04,  1.65654E-04
 1.20667E-04,  1.97230E-04,  1.97230E-04,  1.64548E-04,  1.64548E-04
 1.64548E-04,  1.64548E-04,  1.64548E-04,  1.64548E-04,  1.23108E+00
 2.92083E-01,  7.73821E-02,  2.43953E-02,  1.05690E-02,  5.52756E-03
 3.10958E-03,  1.83043E-03,  1.12052E-03,  7.11097E-04,  4.66429E-04
 3.15442E-04,  2.19550E-04,  1.56966E-04,  1.14955E-04,  1.89590E-04
 1.89590E-04,  1.61993E-04,  1.61993E-04,  1.61993E-04,  1.61993E-04
 1.61993E-04,  1.61993E-04,  9.23142E-01,  2.72638E-01,  1.07213E-01
 4.94309E-02,  2.50412E-02,  1.36356E-02,  7.81549E-03,  4.66985E-03
 2.90167E-03,  1.87022E-03,  1.24508E-03,  8.52689E-04,  5.99268E-04
 4.31709E-04,  3.18406E-04,  5.32453E-04,  5.32453E-04,  4.73964E-04
 4.73964E-04,  4.73964E-04,  4.73964E-04,  4.73964E-04,  4.73964E-04
 9.23142E-01,  2.72638E-01,  1.07213E-01,  4.94309E-02,  2.50412E-02
 1.36356E-02,  7.81549E-03,  4.66985E-03,  2.90167E-03,  1.87022E-03
 1.24508E-03,  8.52689E-04,  5.99268E-04,  4.31709E-04,  3.18406E-04
 5.32453E-04,  5.32453E-04,  4.73964E-04,  4.73964E-04,  4.73964E-04
 4.73964E-04,  4.73964E-04,  4.73964E-04,  4.44608E-02,  4.58307E-02
 4.30283E-02,  3.52515E-02,  2.65780E-02,  1.95202E-02,  1.44718E-02
 1.09692E-02,  8.50695E-03,  6.73670E-03,  5.43894E-03,  4.47316E-03
 3.74532E-03,  3.18910E-03,  2.75550E-03,  5.95803E-03,  5.95803E-03
 9.90180E-03,  9.90180E-03,  9.90180E-03,  9.90180E-03,  9.90180E-03
 9.90180E-03,  4.44608E-02,  4.58307E-02,  4.30283E-02,  3.52515E-02
 2.65780E-02,  1.95202E-02,  1.44718E-02,  1.09692E-02,  8.50695E-03
 6.73670E-03,  5.43894E-03,  4.47316E-03,  3.74532E-03,  3.18910E-03
 2.75550E-03,  5.95803E-03,  5.95803E-03,  9.90180E-03,  9.90180E-03
 9.90180E-03,  9.90180E-03,  9.90180E-03,  9.90180E-03,  4.44608E-02
 4.58307E-02,  4.30283E-02,  3.52515E-02,  2.65780E-02,  1.95202E-02
 1.44718E-02,  1.09692E-02,  8.50695E-03,  6.73670E-03,  5.43894E-03
 4.47316E-03,  3.74532E-03,  3.18910E-03,  2.75550E-03,  5.95803E-03
 5.95803E-03,  9.90180E-03,  9.90180E-03,  9.90180E-03,  9.90180E-03
 9.90180E-03,  9.90180E-03,  4.44608E-02,  4.58307E-02,  4.30283E-02
 3.52515E-02,  2.65780E-02,  1.95202E-02,  1.44718E-02,  1.09692E-02
 8.50695E-03,  6.73670E-03,  5.43894E-03,  4.47316E-03,  3.74532E-03
 3.18910E-03,  2.75550E-03,  5.95803E-03,  5.95803E-03,  9.90180E-03
 9.90180E-03,  9.90180E-03,  9.90180E-03,  9.90180E-03,  9.90180E-03
 4.44608E-02,  4.58307E-02,  4.30283E-02,  3.52515E-02,  2.65780E-02
 1.95202E-02,  1.44718E-02,  1.09692E-02,  8.50695E-03,  6.73670E-03
 5.43894E-03,  4.47316E-03,  3.74532E-03,  3.18910E-03,  2.75550E-03
 5.95803E-03,  5.95803E-03,  9.90180E-03,  9.90180E-03,  9.90180E-03
 9.90180E-03,  9.90180E-03,  9.90180E-03,  4.44608E-02,  4.58307E-02
 4.30283E-02,  3.52515E-02,  2.65780E-02,  1.95202E-02,  1.44718E-02
 1.09692E-02,  8.50695E-03,  6.73670E-03,  5.43894E-03,  4.47316E-03
 3.74532E-03,  3.18910E-03,  2.75550E-03,  5.95803E-03,  5.95803E-03
 9.90180E-03,  9.90180E-03,  9.90180E-03,  9.90180E-03,  9.90180E-03
 9.90180E-03

;------ Iteration  1
;-Index  V/I_Meas      V/I_Calc    VI_%ERR
  1,    2.07243E+01,   1.02516E+01,  -50.53
  2,    6.65948E+00,   2.53956E+00,  -61.87
  3,    2.56875E+00,   5.46466E-01,  -78.73
  4,    1.24840E+00,   3.14094E-01,  -74.84
  5,    9.38865E-02,   1.46635E-01,  56.18
  6,    7.94650E-01,   7.46232E-02,  -90.61
  7,    1.51760E-01,   9.29260E-02,  -38.77
  8,    9.01102E-02,   7.48969E-02,  -16.88
  9,    2.51083E+01,   1.14007E+01,  -54.59
  10,    6.05705E+00,   1.59601E+00,  -73.65
  11,    2.62075E+00,   6.68500E-01,  -74.49
  12,    1.10857E+00,   2.42524E-01,  -78.12
  13,    7.01832E-01,   1.08200E-01,  -84.58
  14,    1.39745E-01,   8.14499E-02,  -41.72
  15,    8.66431E-02,   2.95765E-02,  -65.86
  16,    3.66935E-02,   9.92852E-02,  170.58
  17,    2.42305E-01,   1.29443E-01,  -46.58
  18,    1.08723E-01,   1.00722E-01,  -7.36
  19,    6.45944E-02,   6.67643E-02,  3.36
  20,    3.79840E-02,   4.14715E-02,  9.18
  21,    2.77012E-02,   3.01206E-02,  8.73
  22,    2.10235E+01,   1.12419E+01,  -46.53
  23,    5.51175E+00,   3.06740E+00,  -44.35
  24,    2.10442E+00,   8.52367E-01,  -59.50
  25,    8.42778E-01,   2.75985E-01,  -67.25
  26,    7.01584E-01,   1.77068E-01,  -74.76
  27,    1.23720E-01,   5.74617E-02,  -53.56
  28,    8.03241E-02,   6.20739E-02,  -22.72
  29,    2.18757E-01,   1.68812E-01,  -22.83
  30,    1.03491E-01,   1.03540E-01,  0.05
  31,    5.92737E-02,   6.60085E-02,  11.36
  32,    3.80062E-02,   3.83557E-02,  0.92
  33,    2.69831E-02,   3.01453E-02,  11.72
  34,    4.16334E-02,   4.93818E-02,  18.61
  35,    3.13011E-02,   3.55411E-02,  13.55
  36,    2.56430E-02,   2.82436E-02,  10.14
  37,    2.12077E+01,   1.50941E+01,  -28.83
  38,    5.34089E+00,   2.80405E+00,  -47.50
  39,    1.90316E+00,   7.10566E-01,  -62.66
  40,    7.61439E-01,   5.53469E-01,  -27.31
  41,    6.87240E-01,   1.02649E-01,  -85.06
  42,    1.40548E-01,   1.03952E-01,  -26.04
  43,    7.82689E-02,   7.55052E-02,  -3.53
  44,    2.08930E-01,   2.18681E-01,  4.67
  45,    1.10353E-01,   1.31336E-01,  19.01
  46,    5.87669E-02,   7.47743E-02,  27.24
  47,    4.03443E-02,   5.05293E-02,  25.25
  48,    2.84742E-02,   3.47642E-02,  22.09
  49,    4.56410E-02,   5.30549E-02,  16.24
  50,    3.47810E-02,   4.07495E-02,  17.16
  51,    2.67499E-02,   2.78526E-02,  4.12
  52,    4.41874E-02,   4.55360E-02,  3.05
  53,    2.76329E-02,   2.38341E-02,  -13.75
  54,    2.43151E-02,   1.71538E-02,  -29.45
  55,    2.33259E+01,   9.64848E+00,  -58.64
  56,    4.91551E+00,   1.44769E+00,  -70.55
  57,    1.71542E+00,   8.02941E-01,  -53.19
  58,    7.63683E-01,   4.38335E-01,  -42.60
  59,    6.25297E-01,   9.42479E-02,  -84.93
  60,    1.34355E-01,   6.49176E-02,  -51.68
  61,    8.57191E-02,   4.89924E-02,  -42.85
  62,    2.89493E-02,   1.05312E-01,  263.78
  63,    2.31722E-01,   1.86179E-01,  -19.65
  64,    1.18091E-01,   1.09414E-01,  -7.35
  65,    6.76859E-02,   5.91712E-02,  -12.58
  66,    4.56516E-02,   4.40745E-02,  -3.45
  67,    3.30751E-02,   3.22154E-02,  -2.60
  68,    5.05039E-02,   5.00802E-02,  -0.84
  69,    3.83803E-02,   3.95640E-02,  3.08
  70,    2.78508E-02,   2.51379E-02,  -9.74
  71,    4.45802E-02,   3.82461E-02,  -14.21
  72,    2.72002E-02,   1.92668E-02,  -29.17
  73,    2.78031E-02,   1.68757E-02,  -39.30
  74,    3.00666E-02,   1.68136E-02,  -44.08
  75,    2.17111E-02,   1.28329E-02,  -40.89
  76,    2.51867E+01,   1.27574E+01,  -49.35
  77,    4.91285E+00,   4.38268E+00,  -10.79
  78,    1.79343E+00,   1.96775E+00,  9.72
  79,    8.39700E-01,   3.74619E-01,  -55.39
  80,    1.49670E-01,   2.79723E-01,  86.89
  81,    5.44582E-01,   1.77923E-01,  -67.33
  82,    1.47258E-01,   1.26756E-01,  -13.92
  83,    9.33280E-02,   8.57682E-02,  -8.10
  84,    2.58679E-01,   2.16429E-01,  -16.33
  85,    1.22031E-01,   1.09831E-01,  -10.00
  86,    7.54422E-02,   6.77010E-02,  -10.26
  87,    5.03819E-02,   4.36904E-02,  -13.28
  88,    3.87900E-02,   3.61049E-02,  -6.92
  89,    5.76154E-02,   5.60035E-02,  -2.80
  90,    4.36995E-02,   4.27579E-02,  -2.15
  91,    3.19190E-02,   2.69085E-02,  -15.70
  92,    4.86561E-02,   4.15301E-02,  -14.65
  93,    3.01298E-02,   2.19704E-02,  -27.08
  94,    2.91209E-02,   1.72918E-02,  -40.62
  95,    3.00144E-02,   1.71569E-02,  -42.84
  96,    2.13417E-02,   1.25592E-02,  -41.15
  97,    2.58147E-02,   1.56283E-02,  -39.46
  98,    1.98618E-02,   1.14394E-02,  -42.40
  99,    2.75923E+01,   1.79121E+01,  -35.08
  100,    5.35987E+00,   5.70193E+00,  6.38
  101,    2.08741E+00,   8.50710E-01,  -59.25
  102,    1.02678E+00,   5.13790E-01,  -49.96
  103,    1.87425E-01,   2.96034E-01,  57.95
  104,    5.75910E-01,   1.97033E-01,  -65.79
  105,    1.72181E-01,   1.27120E-01,  -26.17
  106,    1.17447E-01,   9.65834E-02,  -17.76
  107,    2.90909E-01,   2.69769E-01,  -7.27
  108,    1.47621E-01,   1.28484E-01,  -12.96
  109,    8.99679E-02,   8.74059E-02,  -2.85
  110,    6.19399E-02,   5.98203E-02,  -3.42
  111,    4.74925E-02,   4.27790E-02,  -9.92
  112,    6.89750E-02,   6.37520E-02,  -7.57
  113,    4.92579E-02,   4.18959E-02,  -14.95
  114,    3.40743E-02,   2.56831E-02,  -24.63
  115,    5.22244E-02,   4.08342E-02,  -21.81
  116,    3.38687E-02,   2.26096E-02,  -33.24
  117,    3.23105E-02,   1.86776E-02,  -42.19
  118,    3.19228E-02,   1.98760E-02,  -37.74
  119,    2.16338E-02,   1.35560E-02,  -37.34
  120,    2.66745E-02,   1.63437E-02,  -38.73
  121,    2.14036E-02,   1.17067E-02,  -45.31
  122,    2.84921E+01,   2.12731E+01,  -25.34
  123,    5.72150E+00,   2.17309E+00,  -62.02
  124,    2.31320E+00,   9.76467E-01,  -57.79
  125,    9.68294E-01,   4.87014E-01,  -49.70
  126,    1.86464E-01,   2.94706E-01,  58.05
  127,    6.10218E-01,   1.78404E-01,  -70.76
  128,    1.88712E-01,   1.28983E-01,  -31.65
  129,    1.03236E-01,   7.80455E-02,  -24.40
  130,    2.96212E-01,   2.34073E-01,  -20.98
  131,    1.63627E-01,   1.29532E-01,  -20.84
  132,    1.00222E-01,   7.77461E-02,  -22.43
  133,    7.38560E-02,   6.11879E-02,  -17.15
  134,    5.39285E-02,   4.24859E-02,  -21.22
  135,    8.00984E-02,   7.28358E-02,  -9.07
  136,    5.42293E-02,   4.43874E-02,  -18.15
  137,    3.46281E-02,   2.61190E-02,  -24.57
  138,    5.20586E-02,   3.70706E-02,  -28.79
  139,    4.13181E-02,   2.55119E-02,  -38.25
  140,    3.06594E-02,   1.67121E-02,  -45.49
  141,    3.37121E-02,   2.11005E-02,  -37.41
  142,    2.32575E-02,   1.45099E-02,  -37.61
  143,    2.79093E-02,   1.75113E-02,  -37.26
  144,    2.16048E-02,   1.24857E-02,  -42.21
  145,    2.88518E+01,   1.20746E+01,  -58.15
  146,    6.07769E+00,   3.50708E+00,  -42.30
  147,    2.01531E+00,   1.45354E+00,  -27.88
  148,    9.22482E-01,   7.88185E-01,  -14.56
  149,    2.93652E-01,   4.45627E-01,  51.75
  150,    4.42888E-01,   3.06489E-01,  -30.80
  151,    1.43564E-01,   1.77904E-01,  23.92
  152,    9.80310E-02,   1.15310E-01,  17.63
  153,    2.89595E-01,   2.82088E-01,  -2.59
  154,    1.62090E-01,   1.72646E-01,  6.51
  155,    1.02372E-01,   1.09795E-01,  7.25
  156,    7.43722E-02,   7.50277E-02,  0.88
  157,    5.26667E-02,   5.97440E-02,  13.44
  158,    8.48895E-02,   8.85562E-02,  4.32
  159,    5.70213E-02,   5.33589E-02,  -6.42
  160,    3.24661E-02,   2.90585E-02,  -10.50
  161,    5.09961E-02,   4.34946E-02,  -14.71
  162,    4.73332E-02,   3.65655E-02,  -22.75
  163,    2.71496E-02,   1.98360E-02,  -26.94
  164,    3.33201E-02,   2.40025E-02,  -27.96
  165,    2.30520E-02,   1.70492E-02,  -26.04
  166,    2.80427E-02,   2.03154E-02,  -27.56
  167,    2.28094E-02,   1.55519E-02,  -31.82
  168,    3.29446E+01,   1.37905E+01,  -58.14
  169,    5.95258E+00,   3.55708E+00,  -40.24
  170,    2.26191E+00,   1.53585E+00,  -32.10
  171,    9.77684E-01,   7.62807E-01,  -21.98
  172,    3.24570E-01,   4.80201E-01,  47.95
  173,    4.23618E-01,   2.59876E-01,  -38.65
  174,    1.53060E-01,   1.58884E-01,  3.81
  175,    9.56131E-02,   1.02776E-01,  7.49
  176,    2.82887E-01,   3.40138E-01,  20.24
  177,    1.58797E-01,   1.85981E-01,  17.12
  178,    1.07999E-01,   1.37961E-01,  27.74
  179,    7.42793E-02,   9.19474E-02,  23.79
  180,    5.51055E-02,   7.68915E-02,  39.54
  181,    8.47283E-02,   9.55589E-02,  12.78
  182,    5.42794E-02,   5.62182E-02,  3.57
  183,    3.04051E-02,   3.02460E-02,  -0.52
  184,    5.27314E-02,   4.97016E-02,  -5.75
  185,    4.60293E-02,   3.77780E-02,  -17.93
  186,    2.79294E-02,   2.53535E-02,  -9.22
  187,    3.38499E-02,   2.91334E-02,  -13.93
  188,    2.26353E-02,   2.04395E-02,  -9.70
  189,    2.78493E-02,   2.26601E-02,  -18.63
  190,    2.83924E+01,   1.08827E+01,  -61.67
  191,    6.10244E+00,   2.84877E+00,  -53.32
  192,    2.13197E+00,   1.10953E+00,  -47.96
  193,    9.54436E-01,   5.97865E-01,  -37.36
  194,    2.45200E-01,   2.87188E-01,  17.12
  195,    3.76698E-01,   1.58670E-01,  -57.88
  196,    1.33233E-01,   9.47203E-02,  -28.91
  197,    9.42898E-02,   7.62473E-02,  -19.14
  198,    2.82526E-01,   2.68049E-01,  -5.12
  199,    1.63757E-01,   1.53219E-01,  -6.44
  200,    1.10012E-01,   9.84829E-02,  -10.48
  201,    7.46303E-02,   7.52576E-02,  0.84
  202,    5.90355E-02,   6.10589E-02,  3.43
  203,    8.03295E-02,   8.53582E-02,  6.26
  204,    4.74987E-02,   4.81846E-02,  1.44
  205,    3.07734E-02,   3.07814E-02,  0.03
  206,    5.14108E-02,   4.54391E-02,  -11.62
  207,    4.45487E-02,   3.63904E-02,  -18.31
  208,    2.74163E-02,   2.59455E-02,  -5.36
  209,    3.06639E-02,   2.67724E-02,  -12.69
  210,    2.23371E-02,   1.99638E-02,  -10.62
  211,    2.72825E-02,   2.32160E-02,  -14.91
  212,    3.25904E+01,   1.32753E+01,  -59.27
  213,    6.03535E+00,   3.51908E+00,  -41.69
  214,    2.22474E+00,   1.59599E+00,  -28.26
  215,    7.89918E-01,   6.89817E-01,  -12.67
  216,    2.48124E-01,   3.51693E-01,  41.74
  217,    3.35292E-01,   1.97622E-01,  -41.06
  218,    1.32921E-01,   1.50780E-01,  13.44
  219,    8.68220E-02,   8.71948E-02,  0.43
  220,    2.64123E-01,   2.31947E-01,  -12.18
  221,    1.65569E-01,   1.51473E-01,  -8.51
  222,    1.07036E-01,   9.28239E-02,  -13.28
  223,    7.59017E-02,   7.37379E-02,  -2.85
  224,    5.40453E-02,   5.05641E-02,  -6.44
  225,    8.10408E-02,   7.74139E-02,  -4.48
  226,    4.27062E-02,   4.01920E-02,  -5.89
  227,    3.14016E-02,   2.79567E-02,  -10.97
  228,    5.61689E-02,   5.37981E-02,  -4.22
  229,    3.83145E-02,   3.41465E-02,  -10.88
  230,    2.56840E-02,   2.60384E-02,  1.38
  231,    2.82814E-02,   2.72940E-02,  -3.49
  232,    2.13449E-02,   2.07878E-02,  -2.61
  233,    2.72835E-02,   2.45885E-02,  -9.88
  234,    2.60792E+01,   1.24365E+01,  -52.31
  235,    5.43997E+00,   3.65446E+00,  -32.82
  236,    1.55118E+00,   1.28594E+00,  -17.10
  237,    6.28012E-01,   5.70302E-01,  -9.19
  238,    2.03822E-01,   2.90142E-01,  42.35
  239,    2.36711E-01,   2.03338E-01,  -14.10
  240,    1.01014E-01,   1.10321E-01,  9.21
  241,    7.10739E-02,   7.67806E-02,  8.03
  242,    2.37972E-01,   2.60844E-01,  9.61
  243,    1.50735E-01,   1.50542E-01,  -0.13
  244,    9.68624E-02,   1.07255E-01,  10.73
  245,    7.46612E-02,   8.32196E-02,  11.46
  246,    4.77969E-02,   5.19402E-02,  8.67
  247,    7.03605E-02,   6.33540E-02,  -9.96
  248,    3.70233E-02,   3.23005E-02,  -12.76
  249,    3.44764E-02,   3.00629E-02,  -12.80
  250,    5.95121E-02,   5.40020E-02,  -9.26
  251,    3.17637E-02,   2.81883E-02,  -11.26
  252,    2.44197E-02,   2.38410E-02,  -2.37
  253,    2.69293E-02,   2.86720E-02,  6.47
  254,    1.95159E-02,   2.08789E-02,  6.98
  255,    2.63180E-02,   2.46302E-02,  -6.41
  256,    3.70037E+01,   1.60295E+01,  -56.68
  257,    6.07736E+00,   3.79039E+00,  -37.63
  258,    1.93509E+00,   1.35837E+00,  -29.80
  259,    6.86918E-01,   5.98889E-01,  -12.82
  260,    2.31855E-01,   3.71560E-01,  60.26
  261,    2.85318E-01,   1.83518E-01,  -35.68
  262,    1.19573E-01,   1.17936E-01,  -1.37
  263,    8.72093E-02,   9.31536E-02,  6.82
  264,    2.50916E-01,   2.67309E-01,  6.53
  265,    1.50949E-01,   1.46739E-01,  -2.79
  266,    9.97042E-02,   1.09450E-01,  9.77
  267,    6.79016E-02,   7.21092E-02,  6.20
  268,    4.91152E-02,   4.91805E-02,  0.13
  269,    6.06553E-02,   5.99914E-02,  -1.09
  270,    3.72737E-02,   3.62747E-02,  -2.68
  271,    3.47560E-02,   3.12799E-02,  -10.00
  272,    5.53386E-02,   4.49446E-02,  -18.78
  273,    3.16469E-02,   2.87576E-02,  -9.13
  274,    2.13461E-02,   1.99661E-02,  -6.46
  275,    2.57171E-02,   2.65382E-02,  3.19
  276,    1.88288E-02,   1.94868E-02,  3.49
  277,    2.46788E-02,   2.50045E-02,  1.32
  278,    3.46072E+01,   1.43442E+01,  -58.55
  279,    6.78734E+00,   3.49035E+00,  -48.58
  280,    1.83269E+00,   1.26934E+00,  -30.74
  281,    6.79957E-01,   6.82895E-01,  0.43
  282,    1.85478E-01,   3.03699E-01,  63.74
  283,    3.07694E-01,   1.78539E-01,  -41.98
  284,    1.19004E-01,   1.31778E-01,  10.73
  285,    8.97034E-02,   8.53061E-02,  -4.90
  286,    2.70660E-01,   2.48914E-01,  -8.03
  287,    1.57234E-01,   1.57501E-01,  0.17
  288,    1.12358E-01,   1.13832E-01,  1.31
  289,    6.80839E-02,   6.73123E-02,  -1.13
  290,    4.72548E-02,   4.40509E-02,  -6.78
  291,    5.29234E-02,   5.03785E-02,  -4.81
  292,    3.74505E-02,   3.33284E-02,  -11.01
  293,    3.42883E-02,   2.94153E-02,  -14.21
  294,    5.42960E-02,   4.60515E-02,  -15.18
  295,    3.08836E-02,   3.11134E-02,  0.74
  296,    1.97530E-02,   2.00580E-02,  1.54
  297,    2.42351E-02,   2.39716E-02,  -1.09
  298,    1.85181E-02,   1.76634E-02,  -4.62
  299,    2.43974E-02,   2.42634E-02,  -0.55
  300,    4.23277E+01,   1.49552E+01,  -64.67
  301,    7.44763E+00,   3.72773E+00,  -49.95
  302,    2.09371E+00,   1.63690E+00,  -21.82
  303,    7.79404E-01,   6.38972E-01,  -18.02
  304,    1.91602E-01,   3.38177E-01,  76.50
  305,    3.78759E-01,   2.30603E-01,  -39.12
  306,    1.48487E-01,   1.40255E-01,  -5.54
  307,    9.99060E-02,   8.75334E-02,  -12.38
  308,    2.88083E-01,   2.65857E-01,  -7.72
  309,    1.73485E-01,   1.77761E-01,  2.46
  310,    1.09826E-01,   1.09516E-01,  -0.28
  311,    7.46354E-02,   6.98835E-02,  -6.37
  312,    4.36110E-02,   4.05328E-02,  -7.06
  313,    5.13951E-02,   4.59163E-02,  -10.66
  314,    4.50839E-02,   4.04773E-02,  -10.22
  315,    2.97197E-02,   2.33290E-02,  -21.50
  316,    4.69384E-02,   3.93585E-02,  -16.15
  317,    2.95880E-02,   2.83245E-02,  -4.27
  318,    1.92295E-02,   1.96158E-02,  2.01
  319,    2.35129E-02,   2.44973E-02,  4.19
  320,    1.79449E-02,   1.75863E-02,  -2.00
  321,    3.80804E+01,   1.39996E+01,  -63.24
  322,    6.76850E+00,   4.04795E+00,  -40.19
  323,    1.95633E+00,   1.29271E+00,  -33.92
  324,    7.22030E-01,   5.93444E-01,  -17.81
  325,    2.45501E-01,   3.65233E-01,  48.77
  326,    3.14589E-01,   2.05526E-01,  -34.67
  327,    1.32839E-01,   1.20286E-01,  -9.45
  328,    9.12254E-02,   9.65584E-02,  5.85
  329,    2.81530E-01,   2.95732E-01,  5.04
  330,    1.84205E-01,   1.93842E-01,  5.23
  331,    1.01430E-01,   1.06706E-01,  5.20
  332,    6.69656E-02,   6.50319E-02,  -2.89
  333,    3.76459E-02,   3.59578E-02,  -4.48
  334,    5.08173E-02,   4.78779E-02,  -5.78
  335,    4.43708E-02,   3.87319E-02,  -12.71
  336,    2.39373E-02,   2.05031E-02,  -14.35
  337,    3.91844E-02,   3.42527E-02,  -12.59
  338,    2.76876E-02,   2.72834E-02,  -1.46
  339,    1.84457E-02,   1.90376E-02,  3.21
  340,    2.23618E-02,   2.29152E-02,  2.47
  341,    1.70212E-02,   1.68932E-02,  -0.75
  342,    4.82802E+01,   1.47535E+01,  -69.44
  343,    8.77579E+00,   3.16644E+00,  -63.92
  344,    2.45714E+00,   1.17979E+00,  -51.99
  345,    9.03480E-01,   6.34630E-01,  -29.76
  346,    1.82202E-01,   3.24770E-01,  78.25
  347,    5.68158E-01,   1.76276E-01,  -68.97
  348,    1.66081E-01,   1.34588E-01,  -18.96
  349,    1.09426E-01,   9.43766E-02,  -13.75
  350,    3.16558E-01,   3.06107E-01,  -3.30
  351,    1.79875E-01,   1.73851E-01,  -3.35
  352,    1.09995E-01,   1.02748E-01,  -6.59
  353,    5.94460E-02,   5.53438E-02,  -6.90
  354,    3.31911E-02,   3.05873E-02,  -7.84
  355,    5.25062E-02,   4.67830E-02,  -10.90
  356,    4.42747E-02,   3.85438E-02,  -12.94
  357,    2.24154E-02,   2.10122E-02,  -6.26
  358,    3.92747E-02,   3.67010E-02,  -6.55
  359,    2.48500E-02,   2.37981E-02,  -4.23
  360,    1.74309E-02,   1.76942E-02,  1.51
  361,    2.08296E-02,   2.13505E-02,  2.50
  362,    1.74077E-02,   1.70696E-02,  -1.94
  363,    4.38445E+01,   1.17342E+01,  -73.24
  364,    7.49710E+00,   2.84234E+00,  -62.09
  365,    2.15001E+00,   1.22531E+00,  -43.01
  366,    9.91793E-01,   5.44648E-01,  -45.08
  367,    1.39811E-01,   2.65725E-01,  90.06
  368,    5.69839E-01,   1.89362E-01,  -66.77
  369,    1.61607E-01,   1.26297E-01,  -21.85
  370,    1.27958E-01,   1.03258E-01,  -19.30
  371,    3.73491E-01,   3.14243E-01,  -15.86
  372,    1.82501E-01,   1.59222E-01,  -12.76
  373,    1.07117E-01,   8.97719E-02,  -16.19
  374,    5.49832E-02,   4.60319E-02,  -16.28
  375,    3.14264E-02,   2.66054E-02,  -15.34
  376,    5.80390E-02,   5.31565E-02,  -8.41
  377,    3.50537E-02,   2.84824E-02,  -18.75
  378,    2.26806E-02,   2.26418E-02,  -0.17
  379,    3.84461E-02,   3.75425E-02,  -2.35
  380,    2.28213E-02,   2.23159E-02,  -2.21
  381,    1.63110E-02,   1.65194E-02,  1.28
  382,    2.02806E-02,   2.01624E-02,  -0.58
  383,    4.16206E+01,   1.41672E+01,  -65.96
  384,    6.32291E+00,   4.00099E+00,  -36.72
  385,    2.42941E+00,   1.43272E+00,  -41.03
  386,    9.34296E-01,   5.99138E-01,  -35.87
  387,    2.53052E-01,   3.86568E-01,  52.76
  388,    4.70146E-01,   2.40421E-01,  -48.86
  389,    2.05146E-01,   1.87130E-01,  -8.78
  390,    1.38997E-01,   1.28050E-01,  -7.88
  391,    3.64430E-01,   3.31771E-01,  -8.96
  392,    1.98949E-01,   1.78160E-01,  -10.45
  393,    9.42916E-02,   8.79279E-02,  -6.75
  394,    4.87184E-02,   4.50633E-02,  -7.50
  395,    3.58201E-02,   3.41314E-02,  -4.71
  396,    6.18732E-02,   5.48691E-02,  -11.32
  397,    3.14527E-02,   2.67908E-02,  -14.82
  398,    2.36043E-02,   2.28864E-02,  -3.04
  399,    3.66439E-02,   3.55963E-02,  -2.86
  400,    2.19586E-02,   2.26305E-02,  3.06
  401,    1.62634E-02,   1.66092E-02,  2.13
  402,    2.03385E-02,   2.00829E-02,  -1.26
  403,    3.15710E+01,   1.38205E+01,  -56.22
  404,    7.42207E+00,   3.23848E+00,  -56.37
  405,    2.14589E+00,   1.07095E+00,  -50.09
  406,    8.45372E-01,   5.98604E-01,  -29.19
  407,    2.44612E-01,   3.38403E-01,  38.34
  408,    4.92168E-01,   2.46800E-01,  -49.85
  409,    1.99963E-01,   1.61956E-01,  -19.01
  410,    1.13386E-01,   1.00787E-01,  -11.11
  411,    3.50445E-01,   3.25202E-01,  -7.20
  412,    1.83315E-01,   1.65649E-01,  -9.64
  413,    8.18915E-02,   7.71665E-02,  -5.77
  414,    4.43376E-02,   4.19208E-02,  -5.45
  415,    3.74022E-02,   3.61059E-02,  -3.47
  416,    6.16918E-02,   5.52206E-02,  -10.49
  417,    2.91736E-02,   2.77376E-02,  -4.92
  418,    2.26963E-02,   2.20621E-02,  -2.79
  419,    3.60432E-02,   3.46155E-02,  -3.96
  420,    2.23686E-02,   2.21926E-02,  -0.79
  421,    1.57647E-02,   1.56828E-02,  -0.52
  422,    1.92219E-02,   1.84431E-02,  -4.05
  423,    4.08932E+01,   1.30708E+01,  -68.04
  424,    6.90435E+00,   2.80834E+00,  -59.33
  425,    1.99952E+00,   1.26221E+00,  -36.87
  426,    8.46089E-01,   6.25603E-01,  -26.06
  427,    3.85740E-01,   4.18752E-01,  8.56
  428,    4.86175E-01,   2.60605E-01,  -46.40
  429,    1.78218E-01,   1.55715E-01,  -12.63
  430,    1.34689E-01,   1.14533E-01,  -14.96
  431,    3.74887E-01,   3.19670E-01,  -14.73
  432,    1.54621E-01,   1.41005E-01,  -8.81
  433,    7.03302E-02,   6.54809E-02,  -6.89
  434,    4.76763E-02,   4.69935E-02,  -1.43
  435,    3.89113E-02,   3.64723E-02,  -6.27
  436,    5.12519E-02,   4.43076E-02,  -13.55
  437,    3.10974E-02,   3.27025E-02,  5.16
  438,    1.97023E-02,   1.94643E-02,  -1.21
  439,    3.20080E-02,   3.11318E-02,  -2.74
  440,    2.10656E-02,   2.14355E-02,  1.76
  441,    1.54380E-02,   1.53654E-02,  -0.47
  442,    1.94699E-02,   1.83352E-02,  -5.83
  443,    3.69067E+01,   1.16855E+01,  -68.34
  444,    6.11714E+00,   3.40236E+00,  -44.38
  445,    1.96900E+00,   1.37603E+00,  -30.12
  446,    1.11223E+00,   8.17614E-01,  -26.49
  447,    4.54019E-01,   4.75198E-01,  4.66
  448,    4.47306E-01,   2.70451E-01,  -39.54
  449,    2.22446E-01,   1.90716E-01,  -14.26
  450,    1.42246E-01,   1.21538E-01,  -14.56
  451,    3.65735E-01,   3.24173E-01,  -11.36
  452,    1.39970E-01,   1.32947E-01,  -5.02
  453,    6.62039E-02,   6.63656E-02,  0.24
  454,    5.30261E-02,   5.44157E-02,  2.62
  455,    4.62791E-02,   4.75861E-02,  2.82
  456,    4.34874E-02,   4.00770E-02,  -7.84
  457,    3.12419E-02,   3.20872E-02,  2.71
  458,    1.85895E-02,   1.87398E-02,  0.81
  459,    3.09585E-02,   3.17190E-02,  2.46
  460,    2.11322E-02,   2.18084E-02,  3.20
  461,    1.56539E-02,   1.57118E-02,  0.37
  462,    2.06630E-02,   1.96570E-02,  -4.87
  463,    3.06150E+01,   1.24537E+01,  -59.32
  464,    5.59096E+00,   3.19844E+00,  -42.79
  465,    2.54020E+00,   1.53322E+00,  -39.64
  466,    1.17197E+00,   7.97973E-01,  -31.91
  467,    3.70809E-01,   4.22901E-01,  14.05
  468,    5.48992E-01,   2.81636E-01,  -48.70
  469,    2.29461E-01,   1.71430E-01,  -25.29
  470,    1.23286E-01,   1.04886E-01,  -14.92
  471,    3.23268E-01,   2.93303E-01,  -9.27
  472,    1.25831E-01,   1.20364E-01,  -4.34
  473,    7.66221E-02,   8.07693E-02,  5.41
  474,    5.95566E-02,   5.95760E-02,  0.03
  475,    3.93403E-02,   3.63973E-02,  -7.48
  476,    4.23110E-02,   4.35047E-02,  2.82
  477,    3.11593E-02,   3.23754E-02,  3.90
  478,    1.91772E-02,   2.00847E-02,  4.73
  479,    3.08001E-02,   3.16488E-02,  2.76
  480,    2.13899E-02,   2.15810E-02,  0.89
  481,    1.53893E-02,   1.49549E-02,  -2.82
  482,    2.96490E+01,   1.12852E+01,  -61.94
  483,    7.54684E+00,   3.41762E+00,  -54.71
  484,    2.69279E+00,   1.47074E+00,  -45.38
  485,    1.10216E+00,   7.00794E-01,  -36.42
  486,    3.55291E-01,   4.32151E-01,  21.63
  487,    7.24874E-01,   2.48433E-01,  -65.73
  488,    2.01173E-01,   1.45135E-01,  -27.86
  489,    1.09193E-01,   8.30392E-02,  -23.95
  490,    2.85219E-01,   2.34772E-01,  -17.69
  491,    1.14398E-01,   1.05371E-01,  -7.89
  492,    8.33429E-02,   8.14825E-02,  -2.23
  493,    6.73928E-02,   6.72978E-02,  -0.14
  494,    3.10131E-02,   2.53812E-02,  -18.16
  495,    4.63897E-02,   5.01732E-02,  8.16
  496,    2.79575E-02,   2.77137E-02,  -0.87
  497,    1.93758E-02,   1.97859E-02,  2.12
  498,    3.14156E-02,   3.16903E-02,  0.87
  499,    2.10809E-02,   2.08213E-02,  -1.23
  500,    1.58374E-02,   1.46531E-02,  -7.48
  501,    4.24601E+01,   1.27444E+01,  -69.99
  502,    7.85526E+00,   3.64084E+00,  -53.65
  503,    2.59148E+00,   1.45854E+00,  -43.72
  504,    1.40339E+00,   8.08879E-01,  -42.36
  505,    2.69711E-01,   4.33402E-01,  60.69
  506,    8.16428E-01,   2.40298E-01,  -70.57
  507,    1.79430E-01,   1.30897E-01,  -27.05
  508,    9.71550E-02,   7.48963E-02,  -22.91
  509,    2.52782E-01,   2.07905E-01,  -17.75
  510,    1.31542E-01,   1.27500E-01,  -3.07
  511,    9.25395E-02,   8.83751E-02,  -4.50
  512,    5.65087E-02,   5.11497E-02,  -9.48
  513,    3.04459E-02,   3.01394E-02,  -1.01
  514,    4.72243E-02,   4.87046E-02,  3.13
  515,    2.64648E-02,   2.63043E-02,  -0.61
  516,    1.95223E-02,   1.94155E-02,  -0.55
  517,    3.12206E-02,   3.14437E-02,  0.71
  518,    2.13894E-02,   2.09847E-02,  -1.89
  519,    1.68177E-02,   1.52228E-02,  -9.48
  520,    3.41563E+01,   1.30865E+01,  -61.69
  521,    6.58037E+00,   3.47148E+00,  -47.24
  522,    2.85394E+00,   1.58071E+00,  -44.61
  523,    1.32024E+00,   7.55014E-01,  -42.81
  524,    2.97713E-01,   3.87104E-01,  30.03
  525,    5.38794E-01,   1.96750E-01,  -63.48
  526,    1.39096E-01,   1.05820E-01,  -23.92
  527,    7.57013E-02,   6.71935E-02,  -11.24
  528,    2.18441E-01,   1.97198E-01,  -9.72
  529,    1.42850E-01,   1.41738E-01,  -0.78
  530,    1.04678E-01,   1.09737E-01,  4.83
  531,    4.50503E-02,   3.88997E-02,  -13.65
  532,    3.05649E-02,   3.45172E-02,  12.93
  533,    4.68946E-02,   4.81856E-02,  2.75
  534,    2.70807E-02,   2.75742E-02,  1.82
  535,    1.89779E-02,   1.85248E-02,  -2.39
  536,    3.05025E-02,   3.02144E-02,  -0.94
  537,    2.15553E-02,   2.02794E-02,  -5.92
  538,    1.75997E-02,   1.57048E-02,  -10.77
  539,    3.19448E+01,   1.34651E+01,  -57.85
  540,    7.93482E+00,   4.05811E+00,  -48.86
  541,    3.00330E+00,   1.61237E+00,  -46.31
  542,    1.13693E+00,   7.41700E-01,  -34.76
  543,    2.05482E-01,   3.45427E-01,  68.11
  544,    5.13137E-01,   1.72171E-01,  -66.45
  545,    1.19034E-01,   1.04033E-01,  -12.60
  546,    7.44040E-02,   6.88354E-02,  -7.48
  547,    2.40615E-01,   2.42801E-01,  0.91
  548,    1.56809E-01,   1.56324E-01,  -0.31
  549,    8.71872E-02,   8.52947E-02,  -2.17
  550,    4.46907E-02,   4.72551E-02,  5.74
  551,    3.42368E-02,   3.82540E-02,  11.73
  552,    4.33740E-02,   4.40717E-02,  1.61
  553,    2.79442E-02,   2.92423E-02,  4.65
  554,    1.95538E-02,   1.96824E-02,  0.66
  555,    3.21501E-02,   3.14727E-02,  -2.11
  556,    2.18782E-02,   2.03093E-02,  -7.17
  557,    3.82974E+01,   1.40400E+01,  -63.34
  558,    8.58222E+00,   3.65047E+00,  -57.46
  559,    2.70807E+00,   1.38098E+00,  -49.00
  560,    1.00591E+00,   5.59822E-01,  -44.35
  561,    1.33652E-01,   2.48058E-01,  85.60
  562,    4.86496E-01,   1.38810E-01,  -71.47
  563,    1.16760E-01,   8.78245E-02,  -24.78
  564,    1.05913E-01,   9.37732E-02,  -11.46
  565,    2.82124E-01,   2.58019E-01,  -8.54
  566,    1.88030E-01,   1.84574E-01,  -1.84
  567,    7.33085E-02,   6.09544E-02,  -16.85
  568,    4.74624E-02,   5.17397E-02,  9.01
  569,    3.83079E-02,   3.95094E-02,  3.14
  570,    4.16925E-02,   4.13358E-02,  -0.86
  571,    2.93357E-02,   2.85957E-02,  -2.52
  572,    2.03250E-02,   1.94009E-02,  -4.55
  573,    3.25848E-02,   3.08986E-02,  -5.17
  574,    2.32618E-02,   2.02912E-02,  -12.77
  575,    3.06917E+01,   1.45047E+01,  -52.74
  576,    5.57527E+00,   3.65158E+00,  -34.50
  577,    1.77954E+00,   1.17689E+00,  -33.87
  578,    6.51715E-01,   4.30427E-01,  -33.95
  579,    1.22119E-01,   2.10918E-01,  72.72
  580,    2.99050E-01,   1.23582E-01,  -58.68
  581,    1.29912E-01,   1.24592E-01,  -4.10
  582,    7.71218E-02,   6.18628E-02,  -19.79
  583,    2.81795E-01,   2.46361E-01,  -12.57
  584,    1.40823E-01,   1.24113E-01,  -11.87
  585,    6.60604E-02,   6.34962E-02,  -3.88
  586,    4.80322E-02,   4.92037E-02,  2.44
  587,    3.00191E-02,   2.84042E-02,  -5.38
  588,    4.15528E-02,   4.10979E-02,  -1.09
  589,    2.76315E-02,   2.59196E-02,  -6.20
  590,    2.04332E-02,   1.84438E-02,  -9.74
  591,    3.21279E-02,   2.93830E-02,  -8.54
  592,    2.37388E-02,   1.98417E-02,  -16.42
  593,    2.82199E+01,   1.83859E+01,  -34.85
  594,    5.21130E+00,   4.08415E+00,  -21.63
  595,    1.56605E+00,   1.17007E+00,  -25.29
  596,    5.72462E-01,   4.80657E-01,  -16.04
  597,    1.76971E-01,   2.53481E-01,  43.23
  598,    3.34841E-01,   2.36671E-01,  -29.32
  599,    1.32818E-01,   1.12472E-01,  -15.32
  600,    1.26665E-01,   1.30710E-01,  3.19
  601,    3.23660E-01,   3.29702E-01,  1.87
  602,    1.12088E-01,   9.63481E-02,  -14.04
  603,    6.67424E-02,   7.60601E-02,  13.96
  604,    5.08003E-02,   5.46878E-02,  7.65
  605,    2.72923E-02,   2.71648E-02,  -0.47
  606,    4.16490E-02,   4.08172E-02,  -2.00
  607,    2.77499E-02,   2.55439E-02,  -7.95
  608,    2.03417E-02,   1.74554E-02,  -14.19
  609,    3.29427E-02,   2.90279E-02,  -11.88
  610,    2.57314E-02,   2.07649E-02,  -19.30
  611,    2.38875E+01,   1.67373E+01,  -29.93
  612,    4.41358E+00,   3.22420E+00,  -26.95
  613,    1.29953E+00,   1.04840E+00,  -19.32
  614,    5.60187E-01,   4.82531E-01,  -13.86
  615,    3.87876E-01,   4.09890E-01,  5.68
  616,    2.58467E-01,   1.85138E-01,  -28.37
  617,    2.11006E-01,   2.04462E-01,  -3.10
  618,    1.19297E-01,   1.16851E-01,  -2.05
  619,    2.93383E-01,   2.78358E-01,  -5.12
  620,    1.22231E-01,   1.24933E-01,  2.21
  621,    8.06615E-02,   9.06074E-02,  12.33
  622,    4.70720E-02,   4.89723E-02,  4.04
  623,    3.13164E-02,   3.18083E-02,  1.57
  624,    4.31678E-02,   4.21725E-02,  -2.31
  625,    2.89400E-02,   2.63233E-02,  -9.04
  626,    1.97790E-02,   1.70934E-02,  -13.58
  627,    3.36847E-02,   2.80499E-02,  -16.73
  628,    1.67942E+01,   1.22679E+01,  -26.95
  629,    3.07161E+00,   2.55126E+00,  -16.94
  630,    1.08454E+00,   9.46006E-01,  -12.77
  631,    7.31747E-01,   7.02703E-01,  -3.97
  632,    3.66913E-01,   2.97145E-01,  -19.01
  633,    3.27837E-01,   3.08952E-01,  -5.76
  634,    1.69613E-01,   1.69653E-01,  0.02
  635,    8.09325E-02,   6.95635E-02,  -14.05
  636,    2.31591E-01,   2.01876E-01,  -12.83
  637,    1.24665E-01,   1.46430E-01,  17.46
  638,    8.57160E-02,   9.87007E-02,  15.15
  639,    4.33129E-02,   4.59456E-02,  6.08
  640,    3.19547E-02,   3.39260E-02,  6.17
  641,    4.37952E-02,   4.27201E-02,  -2.45
  642,    3.06382E-02,   2.79552E-02,  -8.76
  643,    2.15092E-02,   1.83223E-02,  -14.82
  644,    3.42349E-02,   2.81766E-02,  -17.70
  645,    9.89550E+00,   9.87046E+00,  -0.25
  646,    2.38184E+00,   2.24753E+00,  -5.64
  647,    1.39654E+00,   1.31273E+00,  -6.00
  648,    6.61919E-01,   5.00130E-01,  -24.44
  649,    5.03590E-01,   4.77771E-01,  -5.13
  650,    2.93625E-01,   2.49064E-01,  -15.18
  651,    1.16914E-01,   9.73850E-02,  -16.70
  652,    7.23241E-02,   6.38566E-02,  -11.71
  653,    2.19162E-01,   2.27155E-01,  3.65
  654,    1.30039E-01,   1.54290E-01,  18.65
  655,    6.85258E-02,   7.85784E-02,  14.67
  656,    4.31907E-02,   4.82476E-02,  11.71
  657,    2.99446E-02,   3.31039E-02,  10.55
  658,    4.31238E-02,   4.32799E-02,  0.36
  659,    2.98551E-02,   2.74109E-02,  -8.19
  660,    2.25431E-02,   1.84359E-02,  -18.22
  661,    3.65465E-02,   2.97576E-02,  -18.58
  662,    7.08428E+00,   8.42537E+00,  18.93
  663,    2.89216E+00,   2.78884E+00,  -3.57
  664,    1.21571E+00,   8.71805E-01,  -28.29
  665,    8.93043E-01,   7.28827E-01,  -18.39
  666,    2.57100E-01,   3.52787E-01,  37.22
  667,    3.13606E-01,   1.29646E-01,  -58.66
  668,    1.00731E-01,   8.09800E-02,  -19.61
  669,    7.36282E-02,   8.14152E-02,  10.58
  670,    2.12331E-01,   2.42974E-01,  14.43
  671,    1.30740E-01,   1.53658E-01,  17.53
  672,    6.02286E-02,   6.74810E-02,  12.04
  673,    4.17568E-02,   4.75761E-02,  13.94
  674,    2.89149E-02,   3.06872E-02,  6.13
  675,    4.07218E-02,   4.20128E-02,  3.17
  676,    2.70620E-02,   2.55335E-02,  -5.65
  677,    2.15469E-02,   1.81474E-02,  -15.78
  678,    3.70290E-02,   3.06219E-02,  -17.30
  679,    8.79268E+00,   1.00502E+01,  14.30
  680,    2.54118E+00,   1.89763E+00,  -25.32
  681,    1.74784E+00,   1.22599E+00,  -29.86
  682,    6.85082E-01,   5.21067E-01,  -23.94
  683,    9.80398E-02,   1.73128E-01,  76.59
  684,    3.19806E-01,   1.00213E-01,  -68.66
  685,    1.07180E-01,   9.70059E-02,  -9.49
  686,    6.78824E-02,   6.10786E-02,  -10.02
  687,    2.20046E-01,   2.24946E-01,  2.23
  688,    1.04101E-01,   1.08075E-01,  3.82
  689,    5.97977E-02,   6.30741E-02,  5.48
  690,    3.92570E-02,   4.16616E-02,  6.13
  691,    2.71704E-02,   2.69960E-02,  -0.64
  692,    4.00146E-02,   3.94160E-02,  -1.50
  693,    2.61179E-02,   2.43570E-02,  -6.74
  694,    2.11287E-02,   1.78163E-02,  -15.68
  695,    8.51856E+00,   8.25363E+00,  -3.11
  696,    3.76990E+00,   3.06762E+00,  -18.63
  697,    1.38552E+00,   1.01502E+00,  -26.74
  698,    4.72214E-01,   2.78327E-01,  -41.06
  699,    3.79685E-01,   1.24223E-01,  -67.28
  700,    1.03746E-01,   7.50873E-02,  -27.62
  701,    8.84052E-02,   7.05376E-02,  -20.21
  702,    6.38813E-02,   1.38218E-01,  116.37
  703,    2.34054E-01,   2.05867E-01,  -12.04
  704,    9.64497E-02,   8.45425E-02,  -12.35
  705,    6.11518E-02,   5.68208E-02,  -7.08
  706,    3.98833E-02,   3.53493E-02,  -11.37
  707,    2.58941E-02,   2.31795E-02,  -10.48
  708,    3.89861E-02,   3.44722E-02,  -11.58
  709,    2.69907E-02,   2.20618E-02,  -18.26
  710,    1.67956E+01,   2.26699E+01,  34.98
  711,    3.93603E+00,   5.02872E+00,  27.76
  712,    1.17817E+00,   1.06146E+00,  -9.91
  713,    5.67485E-01,   4.15259E-01,  -26.82
  714,    2.37236E-01,   3.28113E-01,  38.31
  715,    3.31717E-01,   1.85208E-01,  -44.17
  716,    1.69616E-01,   1.64732E-01,  -2.88
  717,    9.37500E-02,   9.14150E-02,  -2.49
  718,    2.30507E-01,   2.10463E-01,  -8.70
  719,    1.20047E-01,   1.12297E-01,  -6.46
  720,    7.20498E-02,   6.98982E-02,  -2.99
  721,    4.71842E-02,   4.31685E-02,  -8.51
  722,    3.35480E-02,   3.07430E-02,  -8.36
  723,    4.16027E-02,   3.72889E-02,  -10.37
  724,    3.09103E-02,   2.51777E-02,  -18.55
  725,    1.11676E+01,   1.51492E+01,  35.65
  726,    2.19845E+00,   2.17527E+00,  -1.05
  727,    9.13035E-01,   6.36761E-01,  -30.26
  728,    5.31806E-01,   4.23407E-01,  -20.38
  729,    2.15799E-01,   2.18492E-01,  1.25
  730,    2.88455E-01,   1.81557E-01,  -37.06
  731,    1.14386E-01,   9.59413E-02,  -16.12
  732,    6.52320E-02,   5.41288E-02,  -17.02
  733,    2.13195E-01,   1.91456E-01,  -10.20
  734,    1.23952E-01,   1.18096E-01,  -4.72
  735,    7.43755E-02,   6.91747E-02,  -6.99
  736,    4.60745E-02,   4.30934E-02,  -6.47
  737,    3.48140E-02,   3.07316E-02,  -11.73
  738,    4.40071E-02,   3.77735E-02,  -14.16
  739,    3.26938E-02,   2.61294E-02,  -20.08
  740,    1.45624E+01,   1.75316E+01,  20.39
  741,    3.87921E+00,   3.35083E+00,  -13.62
  742,    2.00283E+00,   1.75136E+00,  -12.56
  743,    9.35157E-01,   8.00301E-01,  -14.42
  744,    4.28887E-01,   6.09017E-01,  42.00
  745,    5.35372E-01,   3.02822E-01,  -43.44
  746,    1.69178E-01,   1.63080E-01,  -3.60
  747,    1.22778E-01,   1.20337E-01,  -1.99
  748,    2.95345E-01,   2.84542E-01,  -3.66
  749,    1.60030E-01,   1.61954E-01,  1.20
  750,    9.53733E-02,   9.32100E-02,  -2.27
  751,    6.40765E-02,   6.27973E-02,  -2.00
  752,    3.95353E-02,   3.84883E-02,  -2.65
  753,    5.81647E-02,   5.33553E-02,  -8.27
  754,    1.31056E+01,   1.15091E+01,  -12.18
  755,    4.77626E+00,   3.64516E+00,  -23.68
  756,    2.07477E+00,   1.36282E+00,  -34.31
  757,    1.30047E+00,   9.17226E-01,  -29.47
  758,    2.83145E-01,   4.23356E-01,  49.52
  759,    5.90093E-01,   2.16459E-01,  -63.32
  760,    2.04505E-01,   1.53713E-01,  -24.84
  761,    1.40413E-01,   1.12441E-01,  -19.92
  762,    3.94026E-01,   3.57057E-01,  -9.38
  763,    2.13369E-01,   1.93096E-01,  -9.50
  764,    1.18608E-01,   1.12510E-01,  -5.14
  765,    8.40657E-02,   7.65061E-02,  -8.99
  766,    5.06893E-02,   4.88964E-02,  -3.54
  767,    6.94621E-02,   6.05868E-02,  -12.78
  768,    1.21473E+01,   1.10172E+01,  -9.30
  769,    3.39929E+00,   2.47523E+00,  -27.18
  770,    1.98238E+00,   1.29862E+00,  -34.49
  771,    7.77106E-01,   5.24650E-01,  -32.49
  772,    1.71175E-01,   2.46360E-01,  43.92
  773,    4.39087E-01,   1.64879E-01,  -62.45
  774,    1.62261E-01,   1.15501E-01,  -28.82
  775,    1.13441E-01,   8.40183E-02,  -25.94
  776,    3.60388E-01,   2.83715E-01,  -21.28
  777,    1.96316E-01,   1.53030E-01,  -22.05
  778,    1.20394E-01,   9.80876E-02,  -18.53
  779,    6.97173E-02,   5.78393E-02,  -17.04
  780,    5.05887E-02,   4.24016E-02,  -16.18
  781,    7.48064E-02,   6.50732E-02,  -13.01
  782,    9.51800E+00,   9.42691E+00,  -0.96
  783,    3.52661E+00,   3.01930E+00,  -14.39
  784,    1.25238E+00,   9.91476E-01,  -20.83
  785,    5.38351E-01,   4.14619E-01,  -22.98
  786,    1.75711E-01,   2.57672E-01,  46.65
  787,    3.80979E-01,   1.71656E-01,  -54.94
  788,    1.47120E-01,   1.20708E-01,  -17.95
  789,    9.73818E-02,   7.97691E-02,  -18.09
  790,    3.10154E-01,   2.41085E-01,  -22.27
  791,    1.59645E-01,   1.30581E-01,  -18.21
  792,    1.04328E-01,   8.45386E-02,  -18.97
  793,    5.94718E-02,   5.17925E-02,  -12.91
  794,    4.46862E-02,   3.67201E-02,  -17.83
  795,    1.07297E+01,   1.27953E+01,  19.25
  796,    2.60551E+00,   2.68390E+00,  3.01
  797,    9.77850E-01,   9.25142E-01,  -5.39
  798,    5.65629E-01,   5.16488E-01,  -8.69
  799,    2.41966E-01,   3.22391E-01,  33.24
  800,    3.24049E-01,   2.17764E-01,  -32.80
  801,    1.42596E-01,   1.40153E-01,  -1.71
  802,    1.08078E-01,   1.03907E-01,  -3.86
  803,    3.00082E-01,   2.74305E-01,  -8.59
  804,    1.71920E-01,   1.64817E-01,  -4.13
  805,    9.15940E-02,   9.27767E-02,  1.29
  806,    6.33555E-02,   6.55988E-02,  3.54
  807,    4.34306E-02,   4.38321E-02,  0.92
  808,    7.77629E+00,   9.03384E+00,  16.17
  809,    1.92329E+00,   1.86191E+00,  -3.19
  810,    9.67088E-01,   8.16889E-01,  -15.53
  811,    5.37815E-01,   4.46922E-01,  -16.90
  812,    2.54371E-01,   2.80062E-01,  10.10
  813,    2.74375E-01,   1.72113E-01,  -37.27
  814,    1.47296E-01,   1.23064E-01,  -16.45
  815,    9.00716E-02,   7.94506E-02,  -11.79
  816,    2.80558E-01,   2.68529E-01,  -4.29
  817,    1.71164E-01,   1.65325E-01,  -3.41
  818,    9.03551E-02,   9.72569E-02,  7.64
  819,    6.50338E-02,   6.69896E-02,  3.01
  820,    4.61509E-02,   5.20247E-02,  12.73
  821,    8.37240E+00,   1.01641E+01,  21.40
  822,    2.79498E+00,   2.65659E+00,  -4.95
  823,    1.36425E+00,   1.15091E+00,  -15.64
  824,    7.50799E-01,   6.40736E-01,  -14.66
  825,    2.91485E-01,   3.68353E-01,  26.37
  826,    4.50793E-01,   2.50774E-01,  -44.37
  827,    1.78233E-01,   1.55862E-01,  -12.55
  828,    1.34518E-01,   1.21495E-01,  -9.68
  829,    3.70616E-01,   3.32805E-01,  -10.20
  830,    1.83500E-01,   1.76383E-01,  -3.88
  831,    1.16698E-01,   1.19366E-01,  2.29
  832,    7.58889E-02,   7.69908E-02,  1.45
  833,    7.66502E+00,   9.05644E+00,  18.15
  834,    2.48971E+00,   2.20956E+00,  -11.25
  835,    1.20641E+00,   9.76985E-01,  -19.02
  836,    6.49498E-01,   5.03161E-01,  -22.53
  837,    3.01735E-01,   3.18918E-01,  5.69
  838,    3.60084E-01,   1.88316E-01,  -47.70
  839,    1.74358E-01,   1.41936E-01,  -18.59
  840,    1.37061E-01,   1.09753E-01,  -19.92
  841,    4.00333E-01,   3.43192E-01,  -14.27
  842,    1.95263E-01,   1.89542E-01,  -2.93
  843,    1.29372E-01,   1.25201E-01,  -3.22
  844,    8.68967E-02,   9.34090E-02,  7.49
  845,    5.70547E+00,   7.24745E+00,  27.03
  846,    1.90659E+00,   1.79316E+00,  -5.95
  847,    9.01092E-01,   7.49433E-01,  -16.83
  848,    5.43620E-01,   4.24621E-01,  -21.89
  849,    2.11083E-01,   2.33314E-01,  10.53
  850,    2.80896E-01,   1.68203E-01,  -40.12
  851,    1.56031E-01,   1.26040E-01,  -19.22
  852,    9.48318E-02,   8.09445E-02,  -14.64
  853,    3.02120E-01,   2.66371E-01,  -11.83
  854,    1.80510E-01,   1.70599E-01,  -5.49
  855,    1.08508E-01,   1.05528E-01,  -2.75
  856,    5.52423E+00,   7.15930E+00,  29.60
  857,    1.79776E+00,   1.71353E+00,  -4.69
  858,    9.50088E-01,   7.82874E-01,  -17.60
  859,    4.61608E-01,   3.83664E-01,  -16.89
  860,    2.34349E-01,   2.59568E-01,  10.76
  861,    3.02701E-01,   1.86574E-01,  -38.36
  862,    1.34365E-01,   1.16088E-01,  -13.60
  863,    8.82631E-02,   8.28092E-02,  -6.18
  864,    2.71833E-01,   2.57100E-01,  -5.42
  865,    1.69750E-01,   1.60848E-01,  -5.24
  866,    1.05725E-01,   1.14301E-01,  8.11
  867,    5.70785E+00,   7.14544E+00,  25.19
  868,    1.97931E+00,   1.80231E+00,  -8.94
  869,    8.23320E-01,   6.95763E-01,  -15.49
  870,    5.05127E-01,   4.20971E-01,  -16.66
  871,    2.71757E-01,   2.83544E-01,  4.34
  872,    2.84022E-01,   1.68584E-01,  -40.64
  873,    1.27322E-01,   1.16306E-01,  -8.65
  874,    9.79994E-02,   9.14053E-02,  -6.73
  875,    3.00939E-01,   2.84741E-01,  -5.38
  876,    1.70370E-01,   1.66349E-01,  -2.36
  877,    6.07137E+00,   7.37771E+00,  21.52
  878,    1.60104E+00,   1.51816E+00,  -5.18
  879,    8.54563E-01,   7.30497E-01,  -14.52
  880,    5.53855E-01,   4.40896E-01,  -20.39
  881,    2.32038E-01,   2.45056E-01,  5.61
  882,    2.47654E-01,   1.61503E-01,  -34.79
  883,    1.35813E-01,   1.23078E-01,  -9.38
  884,    1.05678E-01,   9.56365E-02,  -9.50
  885,    3.11681E-01,   2.84872E-01,  -8.60
  886,    1.82920E-01,   1.90118E-01,  3.94
  887,    4.54372E+00,   5.67778E+00,  24.96
  888,    1.48054E+00,   1.42630E+00,  -3.66
  889,    8.25334E-01,   6.82937E-01,  -17.25
  890,    4.06646E-01,   3.38146E-01,  -16.85
  891,    1.89750E-01,   2.07919E-01,  9.58
  892,    2.15815E-01,   1.51715E-01,  -29.70
  893,    1.28207E-01,   1.14263E-01,  -10.88
  894,    8.74299E-02,   7.66402E-02,  -12.34
  895,    2.81295E-01,   2.60740E-01,  -7.31
  896,    5.34105E+00,   6.63211E+00,  24.17
  897,    1.86299E+00,   1.63847E+00,  -12.05
  898,    7.69549E-01,   6.30616E-01,  -18.05
  899,    4.03310E-01,   3.42234E-01,  -15.14
  900,    2.22646E-01,   2.32884E-01,  4.60
  901,    2.56071E-01,   1.67393E-01,  -34.63
  902,    1.32216E-01,   1.08561E-01,  -17.89
  903,    9.60375E-02,   8.64634E-02,  -9.97
  904,    2.95837E-01,   2.82044E-01,  -4.66
  905,    5.24726E+00,   6.59834E+00,  25.75
  906,    1.33018E+00,   1.30579E+00,  -1.83
  907,    5.80960E-01,   5.50795E-01,  -5.19
  908,    3.63987E-01,   3.33822E-01,  -8.29
  909,    2.21368E-01,   2.24106E-01,  1.24
  910,    1.86606E-01,   1.38898E-01,  -25.57
  911,    1.11113E-01,   1.06167E-01,  -4.45
  912,    9.01945E-02,   9.04046E-02,  0.23
  913,    4.30290E+00,   5.59716E+00,  30.08
  914,    1.10858E+00,   1.20108E+00,  8.34
  915,    6.05632E-01,   5.79684E-01,  -4.28
  916,    3.79821E-01,   3.49978E-01,  -7.86
  917,    1.98370E-01,   2.04075E-01,  2.88
  918,    1.83362E-01,   1.48364E-01,  -19.09
  919,    1.21171E-01,   1.22017E-01,  0.70
  920,    4.15210E+00,   5.55456E+00,  33.78
  921,    1.39602E+00,   1.31990E+00,  -5.45
  922,    7.37753E-01,   6.24453E-01,  -15.36
  923,    4.00083E-01,   3.25613E-01,  -18.61
  924,    2.10898E-01,   2.18793E-01,  3.74
  925,    2.38774E-01,   1.70898E-01,  -28.43
  926,    4.45874E+00,   5.74572E+00,  28.86
  927,    1.41375E+00,   1.31484E+00,  -7.00
  928,    6.50217E-01,   5.32490E-01,  -18.11
  929,    3.79948E-01,   3.11150E-01,  -18.11
  930,    2.15155E-01,   2.23741E-01,  3.99
  931,    4.53980E+00,   5.80987E+00,  27.98
  932,    1.23305E+00,   1.19782E+00,  -2.86
  933,    6.01100E-01,   5.39972E-01,  -10.17
  934,    3.91204E-01,   3.42586E-01,  -12.43
  935,    4.14627E+00,   5.37761E+00,  29.70
  936,    1.23464E+00,   1.20602E+00,  -2.32
  937,    6.81599E-01,   6.02683E-01,  -11.58
  938,    4.35325E+00,   5.53715E+00,  27.20
  939,    1.51930E+00,   1.36224E+00,  -10.34
  940,    4.05453E+00,   5.44940E+00,  34.40

;-Resistivity in Ohm-m in the elemental sequential order

 3.68152E+02,  3.86333E+02,  3.97318E+02,  4.16031E+02,  4.44316E+02
 4.85302E+02,  5.40891E+02,  6.11130E+02,  6.94211E+02,  7.86211E+02
 8.80736E+02,  9.69223E+02,  1.04231E+03,  1.09202E+03,  1.11368E+03
 1.18157E+03,  1.18157E+03,  7.30867E+02,  7.30867E+02,  7.30867E+02
 7.30867E+02,  7.30867E+02,  7.30867E+02,  3.68152E+02,  3.86333E+02
 3.97318E+02,  4.16031E+02,  4.44316E+02,  4.85302E+02,  5.40891E+02
 6.11130E+02,  6.94211E+02,  7.86211E+02,  8.80736E+02,  9.69223E+02
 1.04231E+03,  1.09202E+03,  1.11368E+03,  1.18157E+03,  1.18157E+03
 7.30867E+02,  7.30867E+02,  7.30867E+02,  7.30867E+02,  7.30867E+02
 7.30867E+02,  3.68152E+02,  3.86333E+02,  3.97318E+02,  4.16031E+02
 4.44316E+02,  4.85302E+02,  5.40891E+02,  6.11130E+02,  6.94211E+02
 7.86211E+02,  8.80736E+02,  9.69223E+02,  1.04231E+03,  1.09202E+03
 1.11368E+03,  1.18157E+03,  1.18157E+03,  7.30867E+02,  7.30867E+02
 7.30867E+02,  7.30867E+02,  7.30867E+02,  7.30867E+02,  3.68152E+02
 3.86333E+02,  3.97318E+02,  4.16031E+02,  4.44316E+02,  4.85302E+02
 5.40891E+02,  6.11130E+02,  6.94211E+02,  7.86211E+02,  8.80736E+02
 9.69223E+02,  1.04231E+03,  1.09202E+03,  1.11368E+03,  1.18157E+03
 1.18157E+03,  7.30867E+02,  7.30867E+02,  7.30867E+02,  7.30867E+02
 7.30867E+02,  7.30867E+02,  3.68152E+02,  3.86333E+02,  3.97318E+02
 4.16031E+02,  4.44316E+02,  4.85302E+02,  5.40891E+02,  6.11130E+02
 6.94211E+02,  7.86211E+02,  8.80736E+02,  9.69223E+02,  1.04231E+03
 1.09202E+03,  1.11368E+03,  1.18157E+03,  1.18157E+03,  7.30867E+02
 7.30867E+02,  7.30867E+02,  7.30867E+02,  7.30867E+02,  7.30867E+02
 3.68152E+02,  3.86333E+02,  3.97318E+02,  4.16031E+02,  4.44316E+02
 4.85302E+02,  5.40891E+02,  6.11130E+02,  6.94211E+02,  7.86211E+02
 8.80736E+02,  9.69223E+02,  1.04231E+03,  1.09202E+03,  1.11368E+03
 1.18157E+03,  1.18157E+03,  7.30867E+02,  7.30867E+02,  7.30867E+02
 7.30867E+02,  7.30867E+02,  7.30867E+02,  6.12764E+02,  6.47790E+02
 6.59498E+02,  6.30745E+02,  6.02179E+02,  5.88232E+02,  5.82762E+02
 5.78277E+02,  5.69878E+02,  5.55825E+02,  5.37009E+02,  5.15657E+02
 4.94178E+02,  4.74591E+02,  4.58922E+02,  4.50119E+02,  4.50119E+02
 4.23177E+02,  4.23177E+02,  4.23177E+02,  4.23177E+02,  4.23177E+02
 4.23177E+02,  6.12764E+02,  6.47790E+02,  6.59498E+02,  6.30745E+02
 6.02179E+02,  5.88232E+02,  5.82762E+02,  5.78277E+02,  5.69878E+02
 5.55825E+02,  5.37009E+02,  5.15657E+02,  4.94178E+02,  4.74591E+02
 4.58922E+02,  4.50119E+02,  4.50119E+02,  4.23177E+02,  4.23177E+02
 4.23177E+02,  4.23177E+02,  4.23177E+02,  4.23177E+02,  3.54001E+02
 4.31922E+02,  5.70313E+02,  6.83661E+02,  7.05614E+02,  6.75337E+02
 6.32916E+02,  5.93009E+02,  5.58752E+02,  5.29901E+02,  5.05646E+02
 4.85368E+02,  4.68710E+02,  4.55480E+02,  4.45682E+02,  4.43177E+02
 4.43177E+02,  4.36132E+02,  4.36132E+02,  4.36132E+02,  4.36132E+02
 4.36132E+02,  4.36132E+02,  3.18454E+02,  2.81082E+02,  4.10859E+02
 6.09514E+02,  7.05938E+02,  7.02235E+02,  6.59305E+02,  6.11005E+02
 5.68399E+02,  5.33357E+02,  5.05126E+02,  4.82601E+02,  4.64899E+02
 4.51401E+02,  4.41751E+02,  4.37651E+02,  4.37651E+02,  4.33929E+02
 4.33929E+02,  4.33929E+02,  4.33929E+02,  4.33929E+02,  4.33929E+02
 4.22757E+02,  1.70812E+02,  2.95516E+02,  5.41603E+02,  7.06777E+02
 7.36750E+02,  6.95731E+02,  6.37481E+02,  5.83898E+02,  5.40175E+02
 5.05895E+02,  4.79478E+02,  4.59493E+02,  4.44867E+02,  4.34892E+02
 4.27064E+02,  4.27064E+02,  4.26191E+02,  4.26191E+02,  4.26191E+02
 4.26191E+02,  4.26191E+02,  4.26191E+02,  3.27013E+02,  1.36648E+02
 2.28405E+02,  4.90916E+02,  7.08384E+02,  7.71297E+02,  7.34669E+02
 6.67468E+02,  6.02773E+02,  5.49864E+02,  5.08988E+02,  4.78198E+02
 4.55528E+02,  4.39454E+02,  4.28910E+02,  4.18186E+02,  4.18186E+02
 4.19974E+02,  4.19974E+02,  4.19974E+02,  4.19974E+02,  4.19974E+02
 4.19974E+02,  3.17177E+02,  1.16519E+02,  2.06010E+02,  4.67231E+02
 7.15371E+02,  8.03710E+02,  7.71057E+02,  6.95752E+02,  6.20556E+02
 5.58816E+02,  5.11574E+02,  4.76567E+02,  4.51327E+02,  4.33885E+02
 4.22830E+02,  4.09430E+02,  4.09430E+02,  4.13954E+02,  4.13954E+02
 4.13954E+02,  4.13954E+02,  4.13954E+02,  4.13954E+02,  3.49280E+02
 1.43263E+02,  2.11337E+02,  4.65296E+02,  7.28975E+02,  8.34161E+02
 8.03934E+02,  7.21184E+02,  6.36296E+02,  5.66342E+02,  5.13183E+02
 4.74290E+02,  4.46721E+02,  4.28084E+02,  4.16634E+02,  4.00780E+02
 4.00780E+02,  4.08152E+02,  4.08152E+02,  4.08152E+02,  4.08152E+02
 4.08152E+02,  4.08152E+02,  3.35657E+02,  1.35005E+02,  2.13698E+02
 4.70092E+02,  7.44698E+02,  8.61521E+02,  8.32789E+02,  7.43338E+02
 6.49629E+02,  5.72156E+02,  5.13609E+02,  4.71227E+02,  4.41615E+02
 4.21985E+02,  4.10281E+02,  3.92204E+02,  3.92204E+02,  4.02568E+02
 4.02568E+02,  4.02568E+02,  4.02568E+02,  4.02568E+02,  4.02568E+02
 3.74209E+02,  1.42704E+02,  2.13708E+02,  4.72109E+02,  7.55986E+02
 8.83369E+02,  8.56864E+02,  7.61828E+02,  6.60251E+02,  5.76014E+02
 5.12670E+02,  4.67248E+02,  4.35923E+02,  4.15532E+02,  4.03729E+02
 3.83668E+02,  3.83668E+02,  3.97200E+02,  3.97200E+02,  3.97200E+02
 3.97200E+02,  3.97200E+02,  3.97200E+02,  3.05181E+02,  1.35400E+02
 2.11096E+02,  4.66916E+02,  7.57041E+02,  8.96800E+02,  8.74957E+02
 7.76008E+02,  6.67739E+02,  5.77655E+02,  5.10231E+02,  4.62307E+02
 4.29656E+02,  4.08769E+02,  3.97045E+02,  3.75284E+02,  3.75284E+02
 3.92173E+02,  3.92173E+02,  3.92173E+02,  3.92173E+02,  3.92173E+02
 3.92173E+02,  3.46539E+02,  1.46363E+02,  2.08868E+02,  4.52672E+02
 7.47028E+02,  9.02612E+02,  8.88169E+02,  7.86576E+02,  6.72403E+02
 5.77165E+02,  5.06269E+02,  4.56325E+02,  4.22701E+02,  4.01568E+02
 3.90091E+02,  3.66862E+02,  3.66862E+02,  3.87332E+02,  3.87332E+02
 3.87332E+02,  3.87332E+02,  3.87332E+02,  3.87332E+02,  3.19585E+02
 1.38025E+02,  1.97830E+02,  4.30139E+02,  7.29514E+02,  9.03392E+02
 8.97754E+02,  7.93975E+02,  6.74321E+02,  5.74497E+02,  5.00699E+02
 4.49210E+02,  4.14970E+02,  3.93843E+02,  3.82789E+02,  3.58296E+02
 3.58296E+02,  3.82598E+02,  3.82598E+02,  3.82598E+02,  3.82598E+02
 3.82598E+02,  3.82598E+02,  3.14727E+02,  1.34617E+02,  1.84772E+02
 4.06730E+02,  7.11178E+02,  9.01487E+02,  9.03466E+02,  7.97367E+02
 6.72840E+02,  5.69297E+02,  4.93396E+02,  4.40979E+02,  4.06559E+02
 3.85733E+02,  3.75294E+02,  3.49817E+02,  3.49817E+02,  3.78177E+02
 3.78177E+02,  3.78177E+02,  3.78177E+02,  3.78177E+02,  3.78177E+02
 3.53991E+02,  1.29512E+02,  1.77248E+02,  3.93456E+02,  7.00939E+02
 9.01171E+02,  9.06473E+02,  7.96870E+02,  6.67907E+02,  5.61534E+02
 4.84353E+02,  4.31629E+02,  3.97463E+02,  3.77226E+02,  3.67589E+02
 3.41393E+02,  3.41393E+02,  3.74026E+02,  3.74026E+02,  3.74026E+02
 3.74026E+02,  3.74026E+02,  3.74026E+02,  3.43056E+02,  1.33770E+02
 1.80316E+02,  3.96239E+02,  7.03929E+02,  9.04921E+02,  9.07321E+02
 7.92489E+02,  6.59520E+02,  5.51250E+02,  4.73618E+02,  4.21197E+02
 3.87700E+02,  3.68327E+02,  3.59668E+02,  3.33003E+02,  3.33003E+02
 3.70113E+02,  3.70113E+02,  3.70113E+02,  3.70113E+02,  3.70113E+02
 3.70113E+02,  3.58650E+02,  1.44400E+02,  1.93933E+02,  4.14018E+02
 7.18573E+02,  9.10946E+02,  9.04577E+02,  7.83491E+02,  6.47470E+02
 5.38484E+02,  4.61319E+02,  4.09831E+02,  3.77419E+02,  3.59174E+02
 3.51661E+02,  3.24801E+02,  3.24801E+02,  3.66565E+02,  3.66565E+02
 3.66565E+02,  3.66565E+02,  3.66565E+02,  3.66565E+02,  4.10318E+02
 1.57704E+02,  2.13818E+02,  4.40306E+02,  7.38710E+02,  9.16291E+02
 8.97816E+02,  7.70371E+02,  6.32316E+02,  5.23607E+02,  4.47630E+02
 3.97558E+02,  3.66547E+02,  3.49641E+02,  3.43411E+02,  3.16555E+02
 3.16555E+02,  3.63177E+02,  3.63177E+02,  3.63177E+02,  3.63177E+02
 3.63177E+02,  3.63177E+02,  3.12497E+02,  1.66845E+02,  2.30899E+02
 4.63322E+02,  7.53662E+02,  9.15517E+02,  8.85513E+02,  7.53099E+02
 6.14340E+02,  5.06858E+02,  4.32686E+02,  3.84429E+02,  3.55082E+02
 3.39690E+02,  3.34862E+02,  3.08175E+02,  3.08175E+02,  3.59865E+02
 3.59865E+02,  3.59865E+02,  3.59865E+02,  3.59865E+02,  3.59865E+02
 3.48911E+02,  1.69085E+02,  2.38457E+02,  4.70553E+02,  7.52165E+02
 9.02246E+02,  8.64995E+02,  7.30802E+02,  5.93401E+02,  4.88374E+02
 4.16727E+02,  3.70718E+02,  3.43305E+02,  3.29597E+02,  3.26279E+02
 2.99978E+02,  2.99978E+02,  3.56877E+02,  3.56877E+02,  3.56877E+02
 3.56877E+02,  3.56877E+02,  3.56877E+02,  3.29578E+02,  1.69182E+02
 2.33081E+02,  4.58837E+02,  7.32606E+02,  8.76562E+02,  8.37158E+02
 7.04404E+02,  5.70186E+02,  4.68610E+02,  4.00038E+02,  3.56596E+02
 3.31310E+02,  3.19407E+02,  3.17675E+02,  2.91949E+02,  2.91949E+02
 3.54169E+02,  3.54169E+02,  3.54169E+02,  3.54169E+02,  3.54169E+02
 3.54169E+02,  3.10728E+02,  1.56663E+02,  2.20198E+02,  4.38703E+02
 7.03978E+02,  8.43828E+02,  8.04825E+02,  6.75427E+02,  5.45554E+02
 4.48064E+02,  3.82912E+02,  3.42234E+02,  3.19194E+02,  3.09169E+02
 3.09071E+02,  2.84081E+02,  2.84081E+02,  3.51707E+02,  3.51707E+02
 3.51707E+02,  3.51707E+02,  3.51707E+02,  3.51707E+02,  3.82351E+02
 1.59777E+02,  2.16292E+02,  4.25794E+02,  6.78863E+02,  8.10891E+02
 7.71010E+02,  6.45245E+02,  5.20249E+02,  4.27219E+02,  3.65702E+02
 3.27907E+02,  3.07182E+02,  2.99078E+02,  3.00636E+02,  2.76546E+02
 2.76546E+02,  3.49631E+02,  3.49631E+02,  3.49631E+02,  3.49631E+02
 3.49631E+02,  3.49631E+02,  3.84071E+02,  1.66387E+02,  2.25816E+02
 4.29538E+02,  6.67162E+02,  7.84793E+02,  7.39788E+02,  6.15959E+02
 4.95289E+02,  4.06534E+02,  3.48567E+02,  3.13606E+02,  2.95166E+02
 2.88965E+02,  2.92175E+02,  2.69078E+02,  2.69078E+02,  3.47715E+02
 3.47715E+02,  3.47715E+02,  3.47715E+02,  3.47715E+02,  3.47715E+02
 3.23656E+02,  1.82111E+02,  2.48043E+02,  4.51144E+02,  6.71415E+02
 7.68327E+02,  7.13165E+02,  5.88676E+02,  4.71241E+02,  3.86299E+02
 3.31649E+02,  2.99385E+02,  2.83146E+02,  2.78802E+02,  2.83639E+02
 2.61592E+02,  2.61592E+02,  3.45878E+02,  3.45878E+02,  3.45878E+02
 3.45878E+02,  3.45878E+02,  3.45878E+02,  3.39695E+02,  1.98298E+02
 2.77692E+02,  4.84837E+02,  6.87171E+02,  7.59589E+02,  6.90527E+02
 5.63298E+02,  4.48268E+02,  3.66805E+02,  3.15291E+02,  2.85601E+02
 2.71477E+02,  2.68928E+02,  2.75351E+02,  2.54445E+02,  2.54445E+02
 3.44397E+02,  3.44397E+02,  3.44397E+02,  3.44397E+02,  3.44397E+02
 3.44397E+02,  3.68404E+02,  2.10925E+02,  3.02797E+02,  5.18853E+02
 7.07258E+02,  7.55788E+02,  6.71244E+02,  5.39938E+02,  4.26635E+02
 3.48286E+02,  2.99662E+02,  2.72367E+02,  2.60228E+02,  2.59381E+02
 2.67324E+02,  2.47625E+02,  2.47625E+02,  3.43225E+02,  3.43225E+02
 3.43225E+02,  3.43225E+02,  3.43225E+02,  3.43225E+02,  3.47612E+02
 2.08290E+02,  3.14789E+02,  5.43483E+02,  7.24682E+02,  7.53129E+02
 6.53839E+02,  5.18288E+02,  4.06412E+02,  3.30870E+02,  2.84870E+02
 2.59760E+02,  2.49450E+02,  2.50191E+02,  2.59572E+02,  2.41119E+02
 2.41119E+02,  3.42332E+02,  3.42332E+02,  3.42332E+02,  3.42332E+02
 3.42332E+02,  3.42332E+02,  3.65946E+02,  2.06063E+02,  3.17809E+02
 5.56329E+02,  7.33740E+02,  7.46767E+02,  6.35895E+02,  4.97574E+02
 3.87487E+02,  3.14652E+02,  2.71068E+02,  2.47951E+02,  2.39314E+02
 2.41524E+02,  2.52256E+02,  2.35091E+02,  2.35091E+02,  3.41856E+02
 3.41856E+02,  3.41856E+02,  3.41856E+02,  3.41856E+02,  3.41856E+02
 3.62273E+02,  2.00928E+02,  3.17585E+02,  5.58820E+02,  7.30890E+02
 7.33307E+02,  6.16025E+02,  4.77471E+02,  3.69765E+02,  2.99515E+02
 2.58092E+02,  2.36738E+02,  2.29596E+02,  2.33144E+02,  2.45132E+02
 2.29248E+02,  2.29248E+02,  3.41566E+02,  3.41566E+02,  3.41566E+02
 3.41566E+02,  3.41566E+02,  3.41566E+02,  3.39322E+02,  2.06641E+02
 3.21488E+02,  5.51647E+02,  7.12273E+02,  7.09569E+02,  5.92960E+02
 4.57610E+02,  3.53114E+02,  2.85375E+02,  2.45872E+02,  2.26058E+02
 2.20235E+02,  2.24986E+02,  2.38134E+02,  2.23496E+02,  2.23496E+02
 3.41387E+02,  3.41387E+02,  3.41387E+02,  3.41387E+02,  3.41387E+02
 3.41387E+02,  3.59529E+02,  2.25031E+02,  3.30546E+02,  5.32355E+02
 6.74529E+02,  6.73310E+02,  5.65742E+02,  4.37687E+02,  3.37525E+02
 2.72381E+02,  2.34648E+02,  2.16206E+02,  2.11554E+02,  2.17385E+02
 2.31597E+02,  2.18202E+02,  2.18202E+02,  3.41601E+02,  3.41601E+02
 3.41601E+02,  3.41601E+02,  3.41601E+02,  3.41601E+02,  3.44916E+02
 2.43857E+02,  3.36361E+02,  5.01027E+02,  6.21326E+02,  6.27550E+02
 5.35841E+02,  4.18217E+02,  3.23131E+02,  2.60558E+02,  2.24426E+02
 2.07187E+02,  2.03556E+02,  2.10342E+02,  2.25513E+02,  2.13347E+02
 2.13347E+02,  3.42163E+02,  3.42163E+02,  3.42163E+02,  3.42163E+02
 3.42163E+02,  3.42163E+02,  3.17642E+02,  2.69674E+02,  3.44104E+02
 4.65688E+02,  5.63200E+02,  5.79090E+02,  5.06039E+02,  4.00028E+02
 3.10101E+02,  2.49908E+02,  2.15183E+02,  1.98980E+02,  1.96228E+02
 2.03846E+02,  2.19875E+02,  2.08907E+02,  2.08907E+02,  3.43041E+02
 3.43041E+02,  3.43041E+02,  3.43041E+02,  3.43041E+02,  3.43041E+02
 4.88059E+02,  3.25977E+02,  3.58466E+02,  4.36395E+02,  5.12238E+02
 5.35672E+02,  4.79430E+02,  3.83983E+02,  2.98621E+02,  2.40490E+02
 2.06983E+02,  1.91675E+02,  1.89680E+02,  1.98022E+02,  2.14817E+02
 2.05029E+02,  2.05029E+02,  3.44369E+02,  3.44369E+02,  3.44369E+02
 3.44369E+02,  3.44369E+02,  3.44369E+02,  3.95053E+02,  3.69010E+02
 3.79359E+02,  4.19912E+02,  4.77328E+02,  5.04212E+02,  4.59254E+02
 3.71012E+02,  2.88744E+02,  2.32107E+02,  1.99567E+02,  1.84995E+02
 1.83628E+02,  1.92588E+02,  2.10061E+02,  2.01405E+02,  2.01405E+02
 3.45921E+02,  3.45921E+02,  3.45921E+02,  3.45921E+02,  3.45921E+02
 3.45921E+02,  5.59153E+02,  4.27411E+02,  4.02255E+02,  4.17546E+02
 4.62606E+02,  4.88851E+02,  4.47636E+02,  3.61706E+02,  2.80513E+02
 2.24683E+02,  1.92839E+02,  1.78845E+02,  1.77985E+02,  1.87459E+02
 2.05527E+02,  1.97939E+02,  1.97939E+02,  3.47632E+02,  3.47632E+02
 3.47632E+02,  3.47632E+02,  3.47632E+02,  3.47632E+02,  5.90073E+02
 4.28229E+02,  4.11192E+02,  4.28744E+02,  4.70529E+02,  4.91707E+02
 4.45455E+02,  3.56279E+02,  2.74079E+02,  2.18425E+02,  1.87051E+02
 1.73504E+02,  1.73050E+02,  1.82953E+02,  2.01543E+02,  1.94990E+02
 1.94990E+02,  3.49775E+02,  3.49775E+02,  3.49775E+02,  3.49775E+02
 3.49775E+02,  3.49775E+02,  3.48718E+02,  3.56565E+02,  4.07425E+02
 4.57605E+02,  5.03537E+02,  5.13219E+02,  4.52376E+02,  3.54480E+02
 2.69367E+02,  2.13324E+02,  1.82196E+02,  1.68959E+02,  1.68805E+02
 1.79049E+02,  1.98086E+02,  1.92538E+02,  1.92538E+02,  3.52305E+02
 3.52305E+02,  3.52305E+02,  3.52305E+02,  3.52305E+02,  3.52305E+02
 4.07642E+02,  3.53158E+02,  4.31942E+02,  5.13431E+02,  5.60688E+02
 5.49883E+02,  4.65944E+02,  3.55373E+02,  2.66142E+02,  2.09323E+02
 1.78242E+02,  1.65176E+02,  1.65216E+02,  1.75719E+02,  1.95134E+02
 1.90552E+02,  1.90552E+02,  3.55190E+02,  3.55190E+02,  3.55190E+02
 3.55190E+02,  3.55190E+02,  3.55190E+02,  3.90101E+02,  3.96809E+02
 5.00262E+02,  5.89450E+02,  6.27856E+02,  5.90762E+02,  4.80940E+02
 3.57348E+02,  2.64083E+02,  2.06419E+02,  1.75246E+02,  1.62227E+02
 1.62370E+02,  1.73065E+02,  1.92802E+02,  1.89167E+02,  1.89167E+02
 3.58554E+02,  3.58554E+02,  3.58554E+02,  3.58554E+02,  3.58554E+02
 3.58554E+02,  4.38831E+02,  4.54405E+02,  5.46665E+02,  6.32953E+02
 6.69900E+02,  6.17171E+02,  4.90341E+02,  3.58444E+02,  2.62632E+02
 2.04314E+02,  1.72932E+02,  1.59827E+02,  1.59975E+02,  1.70791E+02
 1.90800E+02,  1.88077E+02,  1.88077E+02,  3.62196E+02,  3.62196E+02
 3.62196E+02,  3.62196E+02,  3.62196E+02,  3.62196E+02,  3.67820E+02
 3.63880E+02,  4.59707E+02,  5.78027E+02,  6.46552E+02,  6.09345E+02
 4.87404E+02,  3.56962E+02,  2.61403E+02,  2.02872E+02,  1.71197E+02
 1.57877E+02,  1.57936E+02,  1.68809E+02,  1.89044E+02,  1.87191E+02
 1.87191E+02,  3.66066E+02,  3.66066E+02,  3.66066E+02,  3.66066E+02
 3.66066E+02,  3.66066E+02,  3.17272E+02,  2.97042E+02,  3.51735E+02
 4.61291E+02,  5.56860E+02,  5.60272E+02,  4.68731E+02,  3.52022E+02
 2.60365E+02,  2.02277E+02,  1.70278E+02,  1.56638E+02,  1.56535E+02
 1.67422E+02,  1.87853E+02,  1.86859E+02,  1.86859E+02,  3.70408E+02
 3.70408E+02,  3.70408E+02,  3.70408E+02,  3.70408E+02,  3.70408E+02
 5.27762E+02,  3.48872E+02,  3.18805E+02,  3.67882E+02,  4.47024E+02
 4.84849E+02,  4.37274E+02,  3.44047E+02,  2.59557E+02,  2.02500E+02
 1.70134E+02,  1.56072E+02,  1.55740E+02,  1.66599E+02,  1.87198E+02
 1.87066E+02,  1.87066E+02,  3.75184E+02,  3.75184E+02,  3.75184E+02
 3.75184E+02,  3.75184E+02,  3.75184E+02,  3.80405E+02,  4.55260E+02
 3.52820E+02,  3.16280E+02,  3.55164E+02,  4.06790E+02,  4.00481E+02
 3.34631E+02,  2.59223E+02,  2.03515E+02,  1.70701E+02,  1.56122E+02
 1.55504E+02,  1.66307E+02,  1.87052E+02,  1.87785E+02,  1.87785E+02
 3.80363E+02,  3.80363E+02,  3.80363E+02,  3.80363E+02,  3.80363E+02
 3.80363E+02,  8.71667E+02,  7.81680E+02,  4.50183E+02,  2.92688E+02
 2.90378E+02,  3.42474E+02,  3.66370E+02,  3.25978E+02,  2.59783E+02
 2.05369E+02,  1.71991E+02,  1.56825E+02,  1.55894E+02,  1.66632E+02
 1.87520E+02,  1.89146E+02,  1.89146E+02,  3.86052E+02,  3.86052E+02
 3.86052E+02,  3.86052E+02,  3.86052E+02,  3.86052E+02,  7.06502E+02
 1.20788E+03,  5.87141E+02,  2.81192E+02,  2.48549E+02,  2.97875E+02
 3.40969E+02,  3.20304E+02,  2.61539E+02,  2.07836E+02,  1.73691E+02
 1.57872E+02,  1.56610E+02,  1.67281E+02,  1.88313E+02,  1.90855E+02
 1.90855E+02,  3.92095E+02,  3.92095E+02,  3.92095E+02,  3.92095E+02
 3.92095E+02,  3.92095E+02,  9.08774E+02,  1.32805E+03,  6.45219E+02
 2.70936E+02,  2.24868E+02,  2.73250E+02,  3.27688E+02,  3.19436E+02
 2.64852E+02,  2.10829E+02,  1.75656E+02,  1.59140E+02,  1.57551E+02
 1.68166E+02,  1.89353E+02,  1.92833E+02,  1.92833E+02,  3.98471E+02
 3.98471E+02,  3.98471E+02,  3.98471E+02,  3.98471E+02,  3.98471E+02
 9.78955E+02,  9.81253E+02,  5.74765E+02,  2.61914E+02,  2.17650E+02
 2.68211E+02,  3.28499E+02,  3.24651E+02,  2.70065E+02,  2.14481E+02
 1.78059E+02,  1.60855E+02,  1.58983E+02,  1.69582E+02,  1.90951E+02
 1.95430E+02,  1.95430E+02,  4.05375E+02,  4.05375E+02,  4.05375E+02
 4.05375E+02,  4.05375E+02,  4.05375E+02,  3.79095E+02,  6.08351E+02
 4.99317E+02,  2.60725E+02,  2.27216E+02,  2.83295E+02,  3.44536E+02
 3.36375E+02,  2.77075E+02,  2.18631E+02,  1.80794E+02,  1.62960E+02
 1.60870E+02,  1.71500E+02,  1.93083E+02,  1.98637E+02,  1.98637E+02
 4.12773E+02,  4.12773E+02,  4.12773E+02,  4.12773E+02,  4.12773E+02
 4.12773E+02,  4.85562E+02,  6.39135E+02,  4.65730E+02,  2.69048E+02
 2.55293E+02,  3.20402E+02,  3.76030E+02,  3.53944E+02,  2.85369E+02
 2.23017E+02,  1.83735E+02,  1.65384E+02,  1.63169E+02,  1.73892E+02
 1.95726E+02,  2.02441E+02,  2.02441E+02,  4.20641E+02,  4.20641E+02
 4.20641E+02,  4.20641E+02,  4.20641E+02,  4.20641E+02,  5.94416E+02
 6.69195E+02,  3.99221E+02,  2.83996E+02,  3.05242E+02,  3.81792E+02
 4.21110E+02,  3.75199E+02,  2.93988E+02,  2.27341E+02,  1.86822E+02
 1.68156E+02,  1.65946E+02,  1.76845E+02,  1.98982E+02,  2.06972E+02
 2.06972E+02,  4.29061E+02,  4.29061E+02,  4.29061E+02,  4.29061E+02
 4.29061E+02,  4.29061E+02,  6.56643E+02,  4.04465E+02,  3.09044E+02
 3.10804E+02,  3.82289E+02,  4.66597E+02,  4.74087E+02,  3.96525E+02
 3.01557E+02,  2.31042E+02,  1.89709E+02,  1.70980E+02,  1.68919E+02
 1.80081E+02,  2.02576E+02,  2.11958E+02,  2.11958E+02,  4.37952E+02
 4.37952E+02,  4.37952E+02,  4.37952E+02,  4.37952E+02,  4.37952E+02
 3.10753E+02,  2.62757E+02,  2.78085E+02,  3.64946E+02,  4.88884E+02
 5.63979E+02,  5.24060E+02,  4.13314E+02,  3.06731E+02,  2.33740E+02
 1.92246E+02,  1.73762E+02,  1.72011E+02,  1.83530E+02,  2.06447E+02
 2.17342E+02,  2.17342E+02,  4.47333E+02,  4.47333E+02,  4.47333E+02
 4.47333E+02,  4.47333E+02,  4.47333E+02,  3.76659E+02,  2.53130E+02
 2.99521E+02,  4.48515E+02,  6.03435E+02,  6.44464E+02,  5.55446E+02
 4.20741E+02,  3.08450E+02,  2.35375E+02,  1.94619E+02,  1.76755E+02
 1.75502E+02,  1.87492E+02,  2.10903E+02,  2.23473E+02,  2.23473E+02
 4.57323E+02,  4.57323E+02,  4.57323E+02,  4.57323E+02,  4.57323E+02
 4.57323E+02,  3.43668E+02,  2.58336E+02,  3.38999E+02,  5.18571E+02
 6.66414E+02,  6.70053E+02,  5.55821E+02,  4.16058E+02,  3.06209E+02
 2.35867E+02,  1.96815E+02,  1.79953E+02,  1.79384E+02,  1.91955E+02
 2.15928E+02,  2.30356E+02,  2.30356E+02,  4.67890E+02,  4.67890E+02
 4.67890E+02,  4.67890E+02,  4.67890E+02,  4.67890E+02,  3.39876E+02
 2.77002E+02,  3.59445E+02,  5.14953E+02,  6.30802E+02,  6.25709E+02
 5.23917E+02,  3.99789E+02,  3.00287E+02,  2.35306E+02,  1.98854E+02
 1.83351E+02,  1.83648E+02,  1.96909E+02,  2.21513E+02,  2.37990E+02
 2.37990E+02,  4.79019E+02,  4.79019E+02,  4.79019E+02,  4.79019E+02
 4.79019E+02,  4.79019E+02,  4.28583E+02,  3.29737E+02,  3.56411E+02
 4.43662E+02,  5.23065E+02,  5.34433E+02,  4.70223E+02,  3.75327E+02
 2.91643E+02,  2.33985E+02,  2.00862E+02,  1.87041E+02,  1.88382E+02
 2.02450E+02,  2.27756E+02,  2.46505E+02,  2.46505E+02,  4.90753E+02
 4.90753E+02,  4.90753E+02,  4.90753E+02,  4.90753E+02,  4.90753E+02
 3.82839E+02,  3.72432E+02,  3.46434E+02,  3.61312E+02,  4.07037E+02
 4.35215E+02,  4.10579E+02,  3.47680E+02,  2.81577E+02,  2.32100E+02
 2.02720E+02,  1.90811E+02,  1.93349E+02,  2.08330E+02,  2.34413E+02
 2.55668E+02,  2.55668E+02,  5.03127E+02,  5.03127E+02,  5.03127E+02
 5.03127E+02,  5.03127E+02,  5.03127E+02,  5.09929E+02,  4.70072E+02
 3.57160E+02,  3.04422E+02,  3.19495E+02,  3.53397E+02,  3.57100E+02
 3.21288E+02,  2.71467E+02,  2.30018E+02,  2.04497E+02,  1.94648E+02
 1.98512E+02,  2.14510E+02,  2.41448E+02,  2.65462E+02,  2.65462E+02
 5.16218E+02,  5.16218E+02,  5.16218E+02,  5.16218E+02,  5.16218E+02
 5.16218E+02,  4.97921E+02,  5.95194E+02,  4.03303E+02,  2.79669E+02
 2.66110E+02,  2.96814E+02,  3.15966E+02,  2.99277E+02,  2.62617E+02
 2.28335E+02,  2.06564E+02,  1.98864E+02,  2.04173E+02,  2.21291E+02
 2.49156E+02,  2.76213E+02,  2.76213E+02,  5.30020E+02,  5.30020E+02
 5.30020E+02,  5.30020E+02,  5.30020E+02,  5.30020E+02,  5.36856E+02
 7.03845E+02,  4.80138E+02,  2.80698E+02,  2.40175E+02,  2.63807E+02
 2.88881E+02,  2.83339E+02,  2.55890E+02,  2.27397E+02,  2.09053E+02
 2.03513E+02,  2.10354E+02,  2.28679E+02,  2.57529E+02,  2.87935E+02
 2.87935E+02,  5.44499E+02,  5.44499E+02,  5.44499E+02,  5.44499E+02
 5.44499E+02,  5.44499E+02,  5.76504E+02,  8.61118E+02,  5.71146E+02
 2.96590E+02,  2.33678E+02,  2.49914E+02,  2.74967E+02,  2.73890E+02
 2.51710E+02,  2.27432E+02,  2.12067E+02,  2.08640E+02,  2.17078E+02
 2.36682E+02,  2.66566E+02,  3.00642E+02,  3.00642E+02,  5.59653E+02
 5.59653E+02,  5.59653E+02,  5.59653E+02,  5.59653E+02,  5.59653E+02
 5.67808E+02,  9.12591E+02,  6.21151E+02,  3.15206E+02,  2.40973E+02
 2.51404E+02,  2.72590E+02,  2.70609E+02,  2.50190E+02,  2.28610E+02
 2.15750E+02,  2.14364E+02,  2.24448E+02,  2.45395E+02,  2.76352E+02
 3.14441E+02,  3.14441E+02,  5.75456E+02,  5.75456E+02,  5.75456E+02
 5.75456E+02,  5.75456E+02,  5.75456E+02,  6.01413E+02,  8.65145E+02
 6.01231E+02,  3.29729E+02,  2.59027E+02,  2.65701E+02,  2.79862E+02
 2.72577E+02,  2.51000E+02,  2.30780E+02,  2.19959E+02,  2.20513E+02
 2.32269E+02,  2.54614E+02,  2.86689E+02,  3.29172E+02,  3.29172E+02
 5.92119E+02,  5.92119E+02,  5.92119E+02,  5.92119E+02,  5.92119E+02
 5.92119E+02,  5.22497E+02,  7.65987E+02,  5.52448E+02,  3.44751E+02
 2.88145E+02,  2.91642E+02,  2.95105E+02,  2.78756E+02,  2.53779E+02
 2.33881E+02,  2.24706E+02,  2.27103E+02,  2.40545E+02,  2.64336E+02
 2.97576E+02,  3.44876E+02,  3.44876E+02,  6.09800E+02,  6.09800E+02
 6.09800E+02,  6.09800E+02,  6.09800E+02,  6.09800E+02,  6.46613E+02
 6.98058E+02,  5.12471E+02,  3.71561E+02,  3.31448E+02,  3.28816E+02
 3.16716E+02,  2.88175E+02,  2.58327E+02,  2.38083E+02,  2.30277E+02
 2.34433E+02,  2.49566E+02,  2.74828E+02,  3.09247E+02,  3.61796E+02
 3.61796E+02,  6.28287E+02,  6.28287E+02,  6.28287E+02,  6.28287E+02
 6.28287E+02,  6.28287E+02,  3.94714E+02,  5.37298E+02,  4.98468E+02
 4.20919E+02,  3.92033E+02,  3.75632E+02,  3.42405E+02,  2.99618E+02
 2.64255E+02,  2.43344E+02,  2.36723E+02,  2.42559E+02,  2.59365E+02
 2.86100E+02,  3.21692E+02,  3.79937E+02,  3.79937E+02,  6.47544E+02
 6.47544E+02,  6.47544E+02,  6.47544E+02,  6.47544E+02,  6.47544E+02
 5.20704E+02,  5.38799E+02,  5.35316E+02,  4.99908E+02,  4.69053E+02
 4.27972E+02,  3.69288E+02,  3.11877E+02,  2.71199E+02,  2.49612E+02
 2.44082E+02,  2.51525E+02,  2.69966E+02,  2.98156E+02,  3.34901E+02
 3.99310E+02,  3.99310E+02,  6.67571E+02,  6.67571E+02,  6.67571E+02
 6.67571E+02,  6.67571E+02,  6.67571E+02,  3.76512E+02,  5.35029E+02
 6.15479E+02,  6.02280E+02,  5.52329E+02,  4.78531E+02,  3.94219E+02
 3.23940E+02,  2.78914E+02,  2.56898E+02,  2.52434E+02,  2.61415E+02
 2.81438E+02,  3.11045E+02,  3.48901E+02,  4.19944E+02,  4.19944E+02
 6.88237E+02,  6.88237E+02,  6.88237E+02,  6.88237E+02,  6.88237E+02
 6.88237E+02,  5.01594E+02,  6.11185E+02,  7.11286E+02,  6.98149E+02
 6.22531E+02,  5.19118E+02,  4.14670E+02,  3.35048E+02,  2.87092E+02
 2.65013E+02,  2.61621E+02,  2.72068E+02,  2.93615E+02,  3.24607E+02
 3.63557E+02,  4.41811E+02,  4.41811E+02,  7.10003E+02,  7.10003E+02
 7.10003E+02,  7.10003E+02,  7.10003E+02,  7.10003E+02,  3.98611E+02
 6.06682E+02,  7.50268E+02,  7.45435E+02,  6.61997E+02,  5.44700E+02
 4.29616E+02,  3.45014E+02,  2.95692E+02,  2.73956E+02,  2.71654E+02
 2.83493E+02,  3.06501E+02,  3.38850E+02,  3.78890E+02,  4.65022E+02
 4.65022E+02,  7.33136E+02,  7.33136E+02,  7.33136E+02,  7.33136E+02
 7.33136E+02,  7.33136E+02,  4.84125E+02,  5.98184E+02,  7.12455E+02
 7.29843E+02,  6.67396E+02,  5.55290E+02,  4.39437E+02,  3.54113E+02
 3.04940E+02,  2.83946E+02,  2.82741E+02,  2.95883E+02,  3.20265E+02
 3.53908E+02,  3.94987E+02,  4.89605E+02,  4.89605E+02,  7.57104E+02
 7.57104E+02,  7.57104E+02,  7.57104E+02,  7.57104E+02,  7.57104E+02
 3.81137E+02,  5.11129E+02,  6.24111E+02,  6.79933E+02,  6.51769E+02
 5.55356E+02,  4.45490E+02,  3.62733E+02,  3.14943E+02,  2.95003E+02
 2.94873E+02,  3.09204E+02,  3.34859E+02,  3.69726E+02,  4.11790E+02
 5.15511E+02,  5.15511E+02,  7.81852E+02,  7.81852E+02,  7.81852E+02
 7.81852E+02,  7.81852E+02,  7.81852E+02,  4.12045E+02,  4.58117E+02
 5.61093E+02,  6.37597E+02,  6.30998E+02,  5.49747E+02,  4.49143E+02
 3.71240E+02,  3.25773E+02,  3.07109E+02,  3.07992E+02,  3.23389E+02
 3.50215E+02,  3.86242E+02,  4.29241E+02,  5.42710E+02,  5.42710E+02
 8.07374E+02,  8.07374E+02,  8.07374E+02,  8.07374E+02,  8.07374E+02
 8.07374E+02,  3.89444E+02,  4.68997E+02,  5.59072E+02,  6.18122E+02
 6.10562E+02,  5.40310E+02,  4.50974E+02,  3.79773E+02,  3.37412E+02
 3.20179E+02,  3.21991E+02,  3.38328E+02,  3.66229E+02,  4.03357E+02
 4.47242E+02,  5.71059E+02,  5.71059E+02,  8.33370E+02,  8.33370E+02
 8.33370E+02,  8.33370E+02,  8.33370E+02,  8.33370E+02,  4.21645E+02
 5.22193E+02,  5.79535E+02,  6.01152E+02,  5.84840E+02,  5.26319E+02
 4.50993E+02,  3.88254E+02,  3.49655E+02,  3.33941E+02,  3.36586E+02
 3.53765E+02,  3.82704E+02,  4.20947E+02,  4.65750E+02,  6.00750E+02
 6.00750E+02,  8.60656E+02,  8.60656E+02,  8.60656E+02,  8.60656E+02
 8.60656E+02,  8.60656E+02,  4.05400E+02,  4.90126E+02,  5.44819E+02
 5.57720E+02,  5.46355E+02,  5.06414E+02,  4.48967E+02,  3.96550E+02
 3.62326E+02,  3.48190E+02,  3.51585E+02,  3.69554E+02,  3.99551E+02
 4.38983E+02,  4.84788E+02,  6.31976E+02,  6.31976E+02,  8.89630E+02
 8.89630E+02,  8.89630E+02,  8.89630E+02,  8.89630E+02,  8.89630E+02
 3.52475E+02,  4.23563E+02,  4.75456E+02,  4.93282E+02,  4.97053E+02
 4.81149E+02,  4.44813E+02,  4.04395E+02,  3.75131E+02,  3.62656E+02
 3.66765E+02,  3.85521E+02,  4.16634E+02,  4.57335E+02,  5.04195E+02
 6.64345E+02,  6.64345E+02,  9.19278E+02,  9.19278E+02,  9.19278E+02
 9.19278E+02,  9.19278E+02,  9.19278E+02,  4.84159E+02,  4.67211E+02
 4.46782E+02,  4.38859E+02,  4.48403E+02,  4.54105E+02,  4.39200E+02
 4.11554E+02,  3.87611E+02,  3.76878E+02,  3.81739E+02,  4.01373E+02
 4.33737E+02,  4.75844E+02,  5.23849E+02,  6.97710E+02,  6.97710E+02
 9.49510E+02,  9.49510E+02,  9.49510E+02,  9.49510E+02,  9.49510E+02
 9.49510E+02,  4.27319E+02,  5.27194E+02,  4.63121E+02,  4.09213E+02
 4.10060E+02,  4.29387E+02,  4.33093E+02,  4.17781E+02,  3.99207E+02
 3.90311E+02,  3.96073E+02,  4.16794E+02,  4.50642E+02,  4.94362E+02
 5.43644E+02,  7.31963E+02,  7.31963E+02,  9.80300E+02,  9.80300E+02
 9.80300E+02,  9.80300E+02,  9.80300E+02,  9.80300E+02,  5.05979E+02
 5.92523E+02,  4.99750E+02,  3.98815E+02,  3.83950E+02,  4.09273E+02
 4.27085E+02,  4.22589E+02,  4.09135E+02,  4.02243E+02,  4.09219E+02
 4.31385E+02,  4.67055E+02,  5.12649E+02,  5.63358E+02,  7.66708E+02
 7.66708E+02,  1.01110E+03,  1.01110E+03,  1.01110E+03,  1.01110E+03
 1.01110E+03,  1.01110E+03,  4.74040E+02,  6.31475E+02,  5.26598E+02
 3.94163E+02,  3.66495E+02,  3.93897E+02,  4.21412E+02,  4.25562E+02
 4.16727E+02,  4.12070E+02,  4.20739E+02,  4.44876E+02,  4.82856E+02
 5.30723E+02,  5.83131E+02,  8.02507E+02,  8.02507E+02,  1.04320E+03
 1.04320E+03,  1.04320E+03,  1.04320E+03,  1.04320E+03,  1.04320E+03
 4.62835E+02,  5.92828E+02,  5.15763E+02,  3.84783E+02,  3.53206E+02
 3.82036E+02,  4.15746E+02,  4.26181E+02,  4.21371E+02,  4.19294E+02
 4.30299E+02,  4.57077E+02,  4.97969E+02,  5.48594E+02,  6.03037E+02
 8.39665E+02,  8.39665E+02,  1.07714E+03,  1.07714E+03,  1.07714E+03
 1.07714E+03,  1.07714E+03,  1.07714E+03,  4.09052E+02,  5.30765E+02
 4.83635E+02,  3.70381E+02,  3.41888E+02,  3.72400E+02,  4.09304E+02
 4.23642E+02,  4.22325E+02,  4.23349E+02,  4.37497E+02,  4.67685E+02
 5.12115E+02,  5.65945E+02,  6.22678E+02,  8.77178E+02,  8.77178E+02
 1.11125E+03,  1.11125E+03,  1.11125E+03,  1.11125E+03,  1.11125E+03
 1.11125E+03,  4.78713E+02,  5.40270E+02,  4.68136E+02,  3.57508E+02
 3.32989E+02,  3.64456E+02,  4.01561E+02,  4.17533E+02,  4.19285E+02
 4.24026E+02,  4.42187E+02,  4.76587E+02,  5.25197E+02,  5.82682E+02
 6.41956E+02,  9.14810E+02,  9.14810E+02,  1.14538E+03,  1.14538E+03
 1.14538E+03,  1.14538E+03,  1.14538E+03,  1.14538E+03,  4.16002E+02
 5.64844E+02,  4.72538E+02,  3.50968E+02,  3.28363E+02,  3.58201E+02
 3.92143E+02,  4.07727E+02,  4.12292E+02,  4.21390E+02,  4.44409E+02
 4.83789E+02,  5.37192E+02,  5.98759E+02,  6.60807E+02,  9.52402E+02
 9.52402E+02,  1.17948E+03,  1.17948E+03,  1.17948E+03,  1.17948E+03
 1.17948E+03,  1.17948E+03,  5.82403E+02,  6.58187E+02,  4.78801E+02
 3.52781E+02,  3.29734E+02,  3.53387E+02,  3.80608E+02,  3.94283E+02
 4.01637E+02,  4.15709E+02,  4.44326E+02,  4.89352E+02,  5.48060E+02
 6.14039E+02,  6.79002E+02,  9.89298E+02,  9.89298E+02,  1.21268E+03
 1.21268E+03,  1.21268E+03,  1.21268E+03,  1.21268E+03,  1.21268E+03
 5.22762E+02,  5.95170E+02,  4.73606E+02,  3.66208E+02,  3.37098E+02
 3.48888E+02,  3.66711E+02,  3.77835E+02,  3.88155E+02,  4.07664E+02
 4.42428E+02,  4.93639E+02,  5.58129E+02,  6.28882E+02,  6.96982E+02
 1.02661E+03,  1.02661E+03,  1.24687E+03,  1.24687E+03,  1.24687E+03
 1.24687E+03,  1.24687E+03,  1.24687E+03,  4.18094E+02,  5.17414E+02
 4.91301E+02,  3.93057E+02,  3.47034E+02,  3.42439E+02,  3.50234E+02
 3.59209E+02,  3.72825E+02,  3.98038E+02,  4.39258E+02,  4.97015E+02
 5.67653E+02,  6.43489E+02,  7.14932E+02,  1.06481E+03,  1.06481E+03
 1.28275E+03,  1.28275E+03,  1.28275E+03,  1.28275E+03,  1.28275E+03
 1.28275E+03,  4.41959E+02,  5.69871E+02,  5.48921E+02,  4.23669E+02
 3.52284E+02,  3.31539E+02,  3.31359E+02,  3.39481E+02,  3.56781E+02
 3.87732E+02,  4.35417E+02,  4.99775E+02,  5.76626E+02,  6.57564E+02
 7.32294E+02,  1.10216E+03,  1.10216E+03,  1.31779E+03,  1.31779E+03
 1.31779E+03,  1.31779E+03,  1.31779E+03,  1.31779E+03,  4.68881E+02
 6.25943E+02,  5.95450E+02,  4.36354E+02,  3.46028E+02,  3.15470E+02
 3.11246E+02,  3.20129E+02,  3.41349E+02,  3.77786E+02,  4.31643E+02
 5.02385E+02,  5.85290E+02,  6.71186E+02,  7.49048E+02,  1.13839E+03
 1.13839E+03,  1.35182E+03,  1.35182E+03,  1.35182E+03,  1.35182E+03
 1.35182E+03,  1.35182E+03,  4.38735E+02,  6.29018E+02,  5.89747E+02
 4.21463E+02,  3.28756E+02,  2.96356E+02,  2.91783E+02,  3.02658E+02
 3.27741E+02,  3.69159E+02,  4.28643E+02,  5.05309E+02,  5.93900E+02
 6.84451E+02,  7.65191E+02,  1.17334E+03,  1.17334E+03,  1.38478E+03
 1.38478E+03,  1.38478E+03,  1.38478E+03,  1.38478E+03,  1.38478E+03
 5.17259E+02,  6.48234E+02,  5.61945E+02,  3.95915E+02,  3.08705E+02
 2.78303E+02,  2.75213E+02,  2.88521E+02,  3.17081E+02,  3.62774E+02
 4.27133E+02,  5.09025E+02,  6.02677E+02,  6.97335E+02,  7.80498E+02
 1.20614E+03,  1.20614E+03,  1.41545E+03,  1.41545E+03,  1.41545E+03
 1.41545E+03,  1.41545E+03,  1.41545E+03,  4.75684E+02,  6.46311E+02
 5.54589E+02,  3.81751E+02,  2.94725E+02,  2.65179E+02,  2.63425E+02
 2.78802E+02,  3.10134E+02,  3.59248E+02,  4.27641E+02,  5.14005E+02
 6.12095E+02,  7.10382E+02,  7.95638E+02,  1.23853E+03,  1.23853E+03
 1.44641E+03,  1.44641E+03,  1.44641E+03,  1.44641E+03,  1.44641E+03
 1.44641E+03,  5.23218E+02,  7.09854E+02,  5.84974E+02,  3.86382E+02
 2.90935E+02,  2.59375E+02,  2.57840E+02,  2.74392E+02,  3.07533E+02
 3.59084E+02,  4.30571E+02,  5.20567E+02,  6.22397E+02,  7.23799E+02
 8.10815E+02,  1.27109E+03,  1.27109E+03,  1.47848E+03,  1.47848E+03
 1.47848E+03,  1.47848E+03,  1.47848E+03,  1.47848E+03,  5.56613E+02
 7.56963E+02,  6.20181E+02,  4.02531E+02,  2.97023E+02,  2.62207E+02
 2.59815E+02,  2.76373E+02,  3.10137E+02,  3.62973E+02,  4.36428E+02
 5.28953E+02,  6.33493E+02,  7.37130E+02,  8.25237E+02,  1.30137E+03
 1.30137E+03,  1.50826E+03,  1.50826E+03,  1.50826E+03,  1.50826E+03
 1.50826E+03,  1.50826E+03,  4.47551E+02,  6.62228E+02,  6.17433E+02
 4.16865E+02,  3.10595E+02,  2.74359E+02,  2.70405E+02,  2.85535E+02
 3.18462E+02,  3.71250E+02,  4.45417E+02,  5.39259E+02,  6.45386E+02
 7.50318E+02,  8.38834E+02,  1.32910E+03,  1.32910E+03,  1.53562E+03
 1.53562E+03,  1.53562E+03,  1.53562E+03,  1.53562E+03,  1.53562E+03
 4.77548E+02,  6.45981E+02,  5.91707E+02,  4.22128E+02,  3.30664E+02
 2.96969E+02,  2.90725E+02,  3.02547E+02,  3.32846E+02,  3.84061E+02
 4.57574E+02,  5.51453E+02,  6.58004E+02,  7.63277E+02,  8.51530E+02
 1.35413E+03,  1.35413E+03,  1.56053E+03,  1.56053E+03,  1.56053E+03
 1.56053E+03,  1.56053E+03,  1.56053E+03,  4.68569E+02,  6.11740E+02
 5.41256E+02,  4.23384E+02,  3.60267E+02,  3.32211E+02,  3.22061E+02
 3.28069E+02,  3.53615E+02,  4.01553E+02,  4.72936E+02,  5.65485E+02
 6.71206E+02,  7.75758E+02,  8.62970E+02,  1.37544E+03,  1.37544E+03
 1.58150E+03,  1.58150E+03,  1.58150E+03,  1.58150E+03,  1.58150E+03
 1.58150E+03,  4.75517E+02,  5.22976E+02,  4.87728E+02,  4.37396E+02
 4.05581E+02,  3.81996E+02,  3.64759E+02,  3.61926E+02,  3.80399E+02
 4.23288E+02,  4.91116E+02,  5.81149E+02,  6.85071E+02,  7.88184E+02
 8.73901E+02,  1.39536E+03,  1.39536E+03,  1.60180E+03,  1.60180E+03
 1.60180E+03,  1.60180E+03,  1.60180E+03,  1.60180E+03,  3.98481E+02
 4.62481E+02,  4.85265E+02,  4.83412E+02,  4.70500E+02,  4.45155E+02
 4.17405E+02,  4.03238E+02,  4.12561E+02,  4.48697E+02,  5.11612E+02
 5.98070E+02,  6.99400E+02,  8.00528E+02,  8.84444E+02,  1.41454E+03
 1.41454E+03,  1.62233E+03,  1.62233E+03,  1.62233E+03,  1.62233E+03
 1.62233E+03,  1.62233E+03,  4.37310E+02,  5.09710E+02,  5.56181E+02
 5.61236E+02,  5.43127E+02,  5.11637E+02,  4.75109E+02,  4.50086E+02
 4.49227E+02,  4.77183E+02,  5.33887E+02,  6.15685E+02,  7.13514E+02
 8.11926E+02,  8.93519E+02,  1.42997E+03,  1.42997E+03,  1.63898E+03
 1.63898E+03,  1.63898E+03,  1.63898E+03,  1.63898E+03,  1.63898E+03
 4.31222E+02,  5.52583E+02,  6.36380E+02,  6.10998E+02,  5.80662E+02
 5.58806E+02,  5.28320E+02,  4.98612E+02,  4.88402E+02,  5.07367E+02
 5.56889E+02,  6.33215E+02,  7.26887E+02,  8.22071E+02,  9.00994E+02
 1.44154E+03,  1.44154E+03,  1.65180E+03,  1.65180E+03,  1.65180E+03
 1.65180E+03,  1.65180E+03,  1.65180E+03,  4.42291E+02,  5.56006E+02
 5.79134E+02,  5.30009E+02,  5.33361E+02,  5.62263E+02,  5.66052E+02
 5.44029E+02,  5.27506E+02,  5.37525E+02,  5.79402E+02,  6.49835E+02
 7.39008E+02,  8.30686E+02,  9.06761E+02,  1.44925E+03,  1.44925E+03
 1.66090E+03,  1.66090E+03,  1.66090E+03,  1.66090E+03,  1.66090E+03
 1.66090E+03,  3.95549E+02,  3.65282E+02,  3.54803E+02,  3.62064E+02
 4.23269E+02,  5.20482E+02,  5.81750E+02,  5.81838E+02,  5.63744E+02
 5.65845E+02,  6.00250E+02,  6.64781E+02,  7.49348E+02,  8.37347E+02
 9.10409E+02,  1.45213E+03,  1.45213E+03,  1.66470E+03,  1.66470E+03
 1.66470E+03,  1.66470E+03,  1.66470E+03,  1.66470E+03,  3.65856E+02
 3.27468E+02,  2.83472E+02,  2.73491E+02,  3.34338E+02,  4.62847E+02
 5.77832E+02,  6.08887E+02,  5.94181E+02,  5.90301E+02,  6.18225E+02
 6.77519E+02,  7.57945E+02,  8.42581E+02,  9.12853E+02,  1.45298E+03
 1.45298E+03,  1.66696E+03,  1.66696E+03,  1.66696E+03,  1.66696E+03
 1.66696E+03,  1.66696E+03,  6.87442E+02,  4.81033E+02,  2.97136E+02
 2.54311E+02,  2.94339E+02,  4.18472E+02,  5.62911E+02,  6.23808E+02
 6.16272E+02,  6.09061E+02,  6.32237E+02,  6.87484E+02,  7.64591E+02
 8.46418E+02,  9.14276E+02,  1.45258E+03,  1.45258E+03,  1.66859E+03
 1.66859E+03,  1.66859E+03,  1.66859E+03,  1.66859E+03,  1.66859E+03
 9.60244E+02,  1.26953E+03,  4.20352E+02,  2.73778E+02,  2.88027E+02
 3.94045E+02,  5.43880E+02,  6.25875E+02,  6.27702E+02,  6.20443E+02
 6.41227E+02,  6.93897E+02,  7.68515E+02,  8.47938E+02,  9.13561E+02
 1.44784E+03,  1.44784E+03,  1.66525E+03,  1.66525E+03,  1.66525E+03
 1.66525E+03,  1.66525E+03,  1.66525E+03,  6.33768E+02,  1.46626E+03
 7.25739E+02,  3.20991E+02,  2.96917E+02,  3.81110E+02,  5.21953E+02
 6.14775E+02,  6.26918E+02,  6.23250E+02,  6.44481E+02,  6.96362E+02
 7.69522E+02,  8.47092E+02,  9.10773E+02,  1.43898E+03,  1.43898E+03
 1.65728E+03,  1.65728E+03,  1.65728E+03,  1.65728E+03,  1.65728E+03
 1.65728E+03,  6.82912E+02,  1.46755E+03,  1.01645E+03,  3.62158E+02
 3.00768E+02,  3.66486E+02,  4.93833E+02,  5.90500E+02,  6.13616E+02
 6.17178E+02,  6.41829E+02,  6.94815E+02,  7.67619E+02,  8.43940E+02
 9.06015E+02,  1.42632E+03,  1.42632E+03,  1.64495E+03,  1.64495E+03
 1.64495E+03,  1.64495E+03,  1.64495E+03,  1.64495E+03,  4.24200E+02
 6.27321E+02,  6.51840E+02,  3.36495E+02,  2.82205E+02,  3.40095E+02
 4.56087E+02,  5.53854E+02,  5.88820E+02,  6.02856E+02,  6.33648E+02
 6.89454E+02,  7.62849E+02,  8.38379E+02,  8.99058E+02,  1.40914E+03
 1.40914E+03,  1.62691E+03,  1.62691E+03,  1.62691E+03,  1.62691E+03
 1.62691E+03,  1.62691E+03,  4.00623E+02,  4.44412E+02,  4.04136E+02
 2.65222E+02,  2.43990E+02,  3.01910E+02,  4.09690E+02,  5.07927E+02
 5.55241E+02,  5.81967E+02,  6.21007E+02,  6.81122E+02,  7.56063E+02
 8.31389E+02,  8.91041E+02,  1.39040E+03,  1.39040E+03,  1.60695E+03
 1.60695E+03,  1.60695E+03,  1.60695E+03,  1.60695E+03,  1.60695E+03
 5.86702E+02,  5.62324E+02,  3.15166E+02,  2.07096E+02,  2.04763E+02
 2.60545E+02,  3.59674E+02,  4.57152E+02,  5.16231E+02,  5.56519E+02
 6.05056E+02,  6.70515E+02,  7.47733E+02,  8.23341E+02,  8.82289E+02
 1.37087E+03,  1.37087E+03,  1.58589E+03,  1.58589E+03,  1.58589E+03
 1.58589E+03,  1.58589E+03,  1.58589E+03,  5.68129E+02,  6.39016E+02
 2.53336E+02,  1.70816E+02,  1.75927E+02,  2.24492E+02,  3.12121E+02
 4.06368E+02,  4.75286E+02,  5.28593E+02,  5.86852E+02,  6.57985E+02
 7.37676E+02,  8.13621E+02,  8.71865E+02,  1.34781E+03,  1.34781E+03
 1.55978E+03,  1.55978E+03,  1.55978E+03,  1.55978E+03,  1.55978E+03
 1.55978E+03,  6.55770E+02,  6.60198E+02,  2.15961E+02,  1.55597E+02
 1.58331E+02,  1.96961E+02,  2.71444E+02,  3.60090E+02,  4.35950E+02
 5.00467E+02,  5.67735E+02,  6.44305E+02,  7.26354E+02,  8.02545E+02
 8.60038E+02,  1.32167E+03,  1.32167E+03,  1.52924E+03,  1.52924E+03
 1.52924E+03,  1.52924E+03,  1.52924E+03,  1.52924E+03,  7.24083E+02
 4.36166E+02,  2.18384E+02,  1.56170E+02,  1.48591E+02,  1.77182E+02
 2.39265E+02,  3.21155E+02,  4.00916E+02,  4.74098E+02,  5.48964E+02
 6.30249E+02,  7.14244E+02,  7.90427E+02,  8.47039E+02,  1.29291E+03
 1.29291E+03,  1.49475E+03,  1.49475E+03,  1.49475E+03,  1.49475E+03
 1.49475E+03,  1.49475E+03,  3.61182E+02,  3.24455E+02,  2.42930E+02
 1.61688E+02,  1.43049E+02,  1.63582E+02,  2.15613E+02,  2.90830E+02
 3.71913E+02,  4.50992E+02,  5.31593E+02,  6.16444E+02,  7.01631E+02
 7.77295E+02,  8.32718E+02,  1.26095E+03,  1.26095E+03,  1.45536E+03
 1.45536E+03,  1.45536E+03,  1.45536E+03,  1.45536E+03,  1.45536E+03
 3.75346E+02,  3.73959E+02,  2.81979E+02,  1.65550E+02,  1.40087E+02
 1.55205E+02,  1.99791E+02,  2.69108E+02,  3.49642E+02,  4.32086E+02
 5.16509E+02,  6.03704E+02,  6.89339E+02,  7.64057E+02,  8.18085E+02
 1.22828E+03,  1.22828E+03,  1.41449E+03,  1.41449E+03,  1.41449E+03
 1.41449E+03,  1.41449E+03,  1.41449E+03,  5.51290E+02,  6.49516E+02
 3.54291E+02,  1.69249E+02,  1.40770E+02,  1.51820E+02,  1.91020E+02
 2.55395E+02,  3.34134E+02,  4.17782E+02,  5.04167E+02,  5.92413E+02
 6.77671E+02,  7.50953E+02,  8.03338E+02,  1.19536E+03,  1.19536E+03
 1.37281E+03,  1.37281E+03,  1.37281E+03,  1.37281E+03,  1.37281E+03
 1.37281E+03,  6.13226E+02,  7.55829E+02,  3.45845E+02,  1.73903E+02
 1.45305E+02,  1.53270E+02,  1.88900E+02,  2.49285E+02,  3.25352E+02
 4.08297E+02,  4.94741E+02,  5.82514E+02,  6.66262E+02,  7.37332E+02
 7.87610E+02,  1.15989E+03,  1.15989E+03,  1.32742E+03,  1.32742E+03
 1.32742E+03,  1.32742E+03,  1.32742E+03,  1.32742E+03,  5.25963E+02
 5.38382E+02,  2.66628E+02,  1.75525E+02,  1.51866E+02,  1.59204E+02
 1.93092E+02,  2.50250E+02,  3.22937E+02,  4.03538E+02,  4.88279E+02
 5.74086E+02,  6.55202E+02,  7.23310E+02,  7.71060E+02,  1.12227E+03
 1.12227E+03,  1.27926E+03,  1.27926E+03,  1.27926E+03,  1.27926E+03
 1.27926E+03,  1.27926E+03,  5.04613E+02,  3.44878E+02,  2.32695E+02
 1.79659E+02,  1.61050E+02,  1.70237E+02,  2.03725E+02,  2.57917E+02
 3.26434E+02,  4.03214E+02,  4.84635E+02,  5.67062E+02,  6.44465E+02
 7.08896E+02,  7.53735E+02,  1.08276E+03,  1.08276E+03,  1.22907E+03
 1.22907E+03,  1.22907E+03,  1.22907E+03,  1.22907E+03,  1.22907E+03
 3.81254E+02,  3.17149E+02,  2.36259E+02,  1.89170E+02,  1.76115E+02
 1.88412E+02,  2.21622E+02,  2.72241E+02,  3.35475E+02,  4.06963E+02
 4.83511E+02,  5.61160E+02,  6.33758E+02,  6.93788E+02,  7.35331E+02
 1.04087E+03,  1.04087E+03,  1.17661E+03,  1.17661E+03,  1.17661E+03
 1.17661E+03,  1.17661E+03,  1.17661E+03,  3.63871E+02,  3.14894E+02
 2.46050E+02,  2.09875E+02,  2.02842E+02,  2.16838E+02,  2.47845E+02
 2.93081E+02,  3.49470E+02,  4.14209E+02,  4.84520E+02,  5.56241E+02
 6.23210E+02,  6.78376E+02,  7.16457E+02,  9.98475E+02,  9.98475E+02
 1.12483E+03,  1.12483E+03,  1.12483E+03,  1.12483E+03,  1.12483E+03
 1.12483E+03,  4.62026E+02,  3.77699E+02,  3.00381E+02,  2.62820E+02
 2.53074E+02,  2.61949E+02,  2.85532E+02,  3.21800E+02,  3.69032E+02
 4.25407E+02,  4.88262E+02,  5.53188E+02,  6.14022E+02,  6.64128E+02
 6.98733E+02,  9.60968E+02,  9.60968E+02,  1.08164E+03,  1.08164E+03
 1.08164E+03,  1.08164E+03,  1.08164E+03,  1.08164E+03,  4.31528E+02
 4.81072E+02,  4.55662E+02,  4.04384E+02,  3.65085E+02,  3.45292E+02
 3.44981E+02,  3.62628E+02,  3.96368E+02,  4.43946E+02,  5.01826E+02
 5.64460E+02,  6.24569E+02,  6.74613E+02,  7.09250E+02,  1.00542E+03
 1.00542E+03,  1.15695E+03,  1.15695E+03,  1.15695E+03,  1.15695E+03
 1.15695E+03,  1.15695E+03,  6.81596E+02,  8.37711E+02,  9.07421E+02
 8.05954E+02,  6.35707E+02,  4.96126E+02,  4.16478E+02,  3.88779E+02
 4.01810E+02,  4.48940E+02,  5.25363E+02,  6.23839E+02,  7.32097E+02
 8.33706E+02,  9.14371E+02,  1.62730E+03,  1.62730E+03,  2.18337E+03
 2.18337E+03,  2.18337E+03,  2.18337E+03,  2.18337E+03,  2.18337E+03
 6.81596E+02,  8.37711E+02,  9.07421E+02,  8.05954E+02,  6.35707E+02
 4.96126E+02,  4.16478E+02,  3.88779E+02,  4.01810E+02,  4.48940E+02
 5.25363E+02,  6.23839E+02,  7.32097E+02,  8.33706E+02,  9.14371E+02
 1.62730E+03,  1.62730E+03,  2.18337E+03,  2.18337E+03,  2.18337E+03
 2.18337E+03,  2.18337E+03,  2.18337E+03,  7.49534E+02,  7.46556E+02
 7.13808E+02,  6.37302E+02,  5.28709E+02,  4.11778E+02,  3.08768E+02
 2.30687E+02,  1.77617E+02,  1.44622E+02,  1.26353E+02,  1.18792E+02
 1.19344E+02,  1.26396E+02,  1.38869E+02,  1.35018E+02,  1.35018E+02
 2.28428E+02,  2.28428E+02,  2.28428E+02,  2.28428E+02,  2.28428E+02
 2.28428E+02,  7.49534E+02,  7.46556E+02,  7.13808E+02,  6.37302E+02
 5.28709E+02,  4.11778E+02,  3.08768E+02,  2.30687E+02,  1.77617E+02
 1.44622E+02,  1.26353E+02,  1.18792E+02,  1.19344E+02,  1.26396E+02
 1.38869E+02,  1.35018E+02,  1.35018E+02,  2.28428E+02,  2.28428E+02
 2.28428E+02,  2.28428E+02,  2.28428E+02,  2.28428E+02,  7.49534E+02
 7.46556E+02,  7.13808E+02,  6.37302E+02,  5.28709E+02,  4.11778E+02
 3.08768E+02,  2.30687E+02,  1.77617E+02,  1.44622E+02,  1.26353E+02
 1.18792E+02,  1.19344E+02,  1.26396E+02,  1.38869E+02,  1.35018E+02
 1.35018E+02,  2.28428E+02,  2.28428E+02,  2.28428E+02,  2.28428E+02
 2.28428E+02,  2.28428E+02,  7.49534E+02,  7.46556E+02,  7.13808E+02
 6.37302E+02,  5.28709E+02,  4.11778E+02,  3.08768E+02,  2.30687E+02
 1.77617E+02,  1.44622E+02,  1.26353E+02,  1.18792E+02,  1.19344E+02
 1.26396E+02,  1.38869E+02,  1.35018E+02,  1.35018E+02,  2.28428E+02
 2.28428E+02,  2.28428E+02,  2.28428E+02,  2.28428E+02,  2.28428E+02
 7.49534E+02,  7.46556E+02,  7.13808E+02,  6.37302E+02,  5.28709E+02
 4.11778E+02,  3.08768E+02,  2.30687E+02,  1.77617E+02,  1.44622E+02
 1.26353E+02,  1.18792E+02,  1.19344E+02,  1.26396E+02,  1.38869E+02
 1.35018E+02,  1.35018E+02,  2.28428E+02,  2.28428E+02,  2.28428E+02
 2.28428E+02,  2.28428E+02,  2.28428E+02,  7.49534E+02,  7.46556E+02
 7.13808E+02,  6.37302E+02,  5.28709E+02,  4.11778E+02,  3.08768E+02
 2.30687E+02,  1.77617E+02,  1.44622E+02,  1.26353E+02,  1.18792E+02
 1.19344E+02,  1.26396E+02,  1.38869E+02,  1.35018E+02,  1.35018E+02
 2.28428E+02,  2.28428E+02,  2.28428E+02,  2.28428E+02,  2.28428E+02
 2.28428E+02

;-Sensitivity in the elemental sequential order

 3.48236E-02,  3.43466E-02,  3.17703E-02,  2.61424E-02,  2.01624E-02
 1.51634E-02,  1.13950E-02,  8.65380E-03,  6.66196E-03,  5.20245E-03
 4.12518E-03,  3.32547E-03,  2.72812E-03,  2.27811E-03,  1.93419E-03
 4.28561E-03,  4.28561E-03,  7.83771E-03,  7.83771E-03,  7.83771E-03
 7.83771E-03,  7.83771E-03,  7.83771E-03,  3.48236E-02,  3.43466E-02
 3.17703E-02,  2.61424E-02,  2.01624E-02,  1.51634E-02,  1.13950E-02
 8.65380E-03,  6.66196E-03,  5.20245E-03,  4.12518E-03,  3.32547E-03
 2.72812E-03,  2.27811E-03,  1.93419E-03,  4.28561E-03,  4.28561E-03
 7.83771E-03,  7.83771E-03,  7.83771E-03,  7.83771E-03,  7.83771E-03
 7.83771E-03,  3.48236E-02,  3.43466E-02,  3.17703E-02,  2.61424E-02
 2.01624E-02,  1.51634E-02,  1.13950E-02,  8.65380E-03,  6.66196E-03
 5.20245E-03,  4.12518E-03,  3.32547E-03,  2.72812E-03,  2.27811E-03
 1.93419E-03,  4.28561E-03,  4.28561E-03,  7.83771E-03,  7.83771E-03
 7.83771E-03,  7.83771E-03,  7.83771E-03,  7.83771E-03,  3.48236E-02
 3.43466E-02,  3.17703E-02,  2.61424E-02,  2.01624E-02,  1.51634E-02
 1.13950E-02,  8.65380E-03,  6.66196E-03,  5.20245E-03,  4.12518E-03
 3.32547E-03,  2.72812E-03,  2.27811E-03,  1.93419E-03,  4.28561E-03
 4.28561E-03,  7.83771E-03,  7.83771E-03,  7.83771E-03,  7.83771E-03
 7.83771E-03,  7.83771E-03,  3.48236E-02,  3.43466E-02,  3.17703E-02
 2.61424E-02,  2.01624E-02,  1.51634E-02,  1.13950E-02,  8.65380E-03
 6.66196E-03,  5.20245E-03,  4.12518E-03,  3.32547E-03,  2.72812E-03
 2.27811E-03,  1.93419E-03,  4.28561E-03,  4.28561E-03,  7.83771E-03
 7.83771E-03,  7.83771E-03,  7.83771E-03,  7.83771E-03,  7.83771E-03
 3.48236E-02,  3.43466E-02,  3.17703E-02,  2.61424E-02,  2.01624E-02
 1.51634E-02,  1.13950E-02,  8.65380E-03,  6.66196E-03,  5.20245E-03
 4.12518E-03,  3.32547E-03,  2.72812E-03,  2.27811E-03,  1.93419E-03
 4.28561E-03,  4.28561E-03,  7.83771E-03,  7.83771E-03,  7.83771E-03
 7.83771E-03,  7.83771E-03,  7.83771E-03,  5.82201E-01,  1.74813E-01
 7.12921E-02,  3.27792E-02,  1.61762E-02,  8.87705E-03,  5.42686E-03
 3.62533E-03,  2.57969E-03,  1.90531E-03,  1.42571E-03,  1.06068E-03
 7.77071E-04,  5.61433E-04,  4.05236E-04,  6.72464E-04,  6.72464E-04
 5.79296E-04,  5.79296E-04,  5.79296E-04,  5.79296E-04,  5.79296E-04
 5.79296E-04,  5.82201E-01,  1.74813E-01,  7.12921E-02,  3.27792E-02
 1.61762E-02,  8.87705E-03,  5.42686E-03,  3.62533E-03,  2.57969E-03
 1.90531E-03,  1.42571E-03,  1.06068E-03,  7.77071E-04,  5.61433E-04
 4.05236E-04,  6.72464E-04,  6.72464E-04,  5.79296E-04,  5.79296E-04
 5.79296E-04,  5.79296E-04,  5.79296E-04,  5.79296E-04,  6.67119E-01
 1.38081E-01,  4.06494E-02,  1.63809E-02,  7.26512E-03,  3.65632E-03
 2.11150E-03,  1.35331E-03,  9.29841E-04,  6.66765E-04,  4.87714E-04
 3.57248E-04,  2.59164E-04,  1.85960E-04,  1.33117E-04,  2.07979E-04
 2.07979E-04,  1.83564E-04,  1.83564E-04,  1.83564E-04,  1.83564E-04
 1.83564E-04,  1.83564E-04,  2.20739E+00,  4.25518E-01,  9.26320E-02
 2.54900E-02,  9.91683E-03,  4.51548E-03,  2.37082E-03,  1.41912E-03
 9.36713E-04,  6.58567E-04,  4.78368E-04,  3.50407E-04,  2.54998E-04
 1.83624E-04,  1.31781E-04,  2.02710E-04,  2.02710E-04,  1.84031E-04
 1.84031E-04,  1.84031E-04,  1.84031E-04,  1.84031E-04,  1.84031E-04
 1.15224E+00,  6.15358E-01,  1.32784E-01,  3.33801E-02,  1.24240E-02
 5.45049E-03,  2.70067E-03,  1.51664E-03,  9.52730E-04,  6.51373E-04
 4.68468E-04,  3.43378E-04,  2.51167E-04,  1.81930E-04,  1.31200E-04
 2.00856E-04,  2.00856E-04,  1.87171E-04,  1.87171E-04,  1.87171E-04
 1.87171E-04,  1.87171E-04,  1.87171E-04,  1.99713E+00,  8.97895E-01
 1.77570E-01,  3.83461E-02,  1.40117E-02,  6.21738E-03,  3.04985E-03
 1.65085E-03,  9.89257E-04,  6.51788E-04,  4.60561E-04,  3.36744E-04
 2.47528E-04,  1.80528E-04,  1.30973E-04,  2.00125E-04,  2.00125E-04
 1.90495E-04,  1.90495E-04,  1.90495E-04,  1.90495E-04,  1.90495E-04
 1.90495E-04,  2.04722E+00,  9.54059E-01,  1.82552E-01,  3.91817E-02
 1.44956E-02,  6.70170E-03,  3.36741E-03,  1.81066E-03,  1.05051E-03
 6.65730E-04,  4.58492E-04,  3.32577E-04,  2.45180E-04,  1.80022E-04
 1.31445E-04,  2.01537E-04,  2.01537E-04,  1.94713E-04,  1.94713E-04
 1.94713E-04,  1.94713E-04,  1.94713E-04,  1.94713E-04,  2.18962E+00
 8.55207E-01,  1.86659E-01,  3.82464E-02,  1.42872E-02,  6.93664E-03
 3.62879E-03,  1.97740E-03,  1.12963E-03,  6.92284E-04,  4.62501E-04
 3.30887E-04,  2.43925E-04,  1.80158E-04,  1.32374E-04,  2.04747E-04
 2.04747E-04,  1.99344E-04,  1.99344E-04,  1.99344E-04,  1.99344E-04
 1.99344E-04,  1.99344E-04,  2.14448E+00,  9.00864E-01,  1.82019E-01
 3.77903E-02,  1.40463E-02,  7.07861E-03,  3.85895E-03,  2.14853E-03
 1.22316E-03,  7.31358E-04,  4.73913E-04,  3.32870E-04,  2.44565E-04
 1.81449E-04,  1.34088E-04,  2.10223E-04,  2.10223E-04,  2.04766E-04
 2.04766E-04,  2.04766E-04,  2.04766E-04,  2.04766E-04,  2.04766E-04
 2.23747E+00,  8.87066E-01,  1.86046E-01,  3.78908E-02,  1.40500E-02
 7.25709E-03,  4.09055E-03,  2.32519E-03,  1.32702E-03,  7.80744E-04
 4.92487E-04,  3.38852E-04,  2.47390E-04,  1.84070E-04,  1.36685E-04
 2.18023E-04,  2.18023E-04,  2.11052E-04,  2.11052E-04,  2.11052E-04
 2.11052E-04,  2.11052E-04,  2.11052E-04,  2.18806E+00,  9.39552E-01
 1.84470E-01,  3.82579E-02,  1.42541E-02,  7.51766E-03,  4.33937E-03
 2.50518E-03,  1.43552E-03,  8.36441E-04,  5.16486E-04,  3.48249E-04
 2.52142E-04,  1.87840E-04,  1.40019E-04,  2.27779E-04,  2.27779E-04
 2.17897E-04,  2.17897E-04,  2.17897E-04,  2.17897E-04,  2.17897E-04
 2.17897E-04,  2.34260E+00,  9.17030E-01,  1.89715E-01,  3.89613E-02
 1.46375E-02,  7.86662E-03,  4.61314E-03,  2.69113E-03,  1.54856E-03
 8.97923E-04,  5.46057E-04,  3.61720E-04,  2.59521E-04,  1.93317E-04
 1.44501E-04,  2.39995E-04,  2.39995E-04,  2.26018E-04,  2.26018E-04
 2.26018E-04,  2.26018E-04,  2.26018E-04,  2.26018E-04,  2.36961E+00
 9.46007E-01,  1.90966E-01,  4.01026E-02,  1.51837E-02,  8.25720E-03
 4.89194E-03,  2.87608E-03,  1.66279E-03,  9.63058E-04,  5.80001E-04
 3.78799E-04,  2.69386E-04,  2.00454E-04,  1.50107E-04,  2.54494E-04
 2.54494E-04,  2.35481E-04,  2.35481E-04,  2.35481E-04,  2.35481E-04
 2.35481E-04,  2.35481E-04,  2.26204E+00,  9.38704E-01,  1.97176E-01
 4.14917E-02,  1.57416E-02,  8.60347E-03,  5.13905E-03,  3.04531E-03
 1.77099E-03,  1.02738E-03,  6.15455E-04,  3.97776E-04,  2.80711E-04
 2.08578E-04,  1.56378E-04,  2.70393E-04,  2.70393E-04,  2.45550E-04
 2.45550E-04,  2.45550E-04,  2.45550E-04,  2.45550E-04,  2.45550E-04
 2.24706E+00,  9.24656E-01,  2.00642E-01,  4.27437E-02,  1.61332E-02
 8.84170E-03,  5.33681E-03,  3.19592E-03,  1.87319E-03,  1.09091E-03
 6.52268E-04,  4.18607E-04,  2.93586E-04,  2.17823E-04,  1.63448E-04
 2.87789E-04,  2.87789E-04,  2.56544E-04,  2.56544E-04,  2.56544E-04
 2.56544E-04,  2.56544E-04,  2.56544E-04,  2.22399E+00,  9.09809E-01
 2.04342E-01,  4.36156E-02,  1.62551E-02,  8.94179E-03,  5.47889E-03
 3.32711E-03,  1.96913E-03,  1.15311E-03,  6.89799E-04,  4.40800E-04
 3.07718E-04,  2.28023E-04,  1.71226E-04,  3.06425E-04,  3.06425E-04
 2.68426E-04,  2.68426E-04,  2.68426E-04,  2.68426E-04,  2.68426E-04
 2.68426E-04,  2.12503E+00,  9.05913E-01,  2.06156E-01,  4.39722E-02
 1.61832E-02,  8.94888E-03,  5.58263E-03,  3.44277E-03,  2.05818E-03
 1.21236E-03,  7.26546E-04,  4.63241E-04,  3.22361E-04,  2.38683E-04
 1.79385E-04,  3.25663E-04,  3.25663E-04,  2.80696E-04,  2.80696E-04
 2.80696E-04,  2.80696E-04,  2.80696E-04,  2.80696E-04,  2.47979E+00
 9.60287E-01,  2.09523E-01,  4.45105E-02,  1.62213E-02,  8.99972E-03
 5.70291E-03,  3.56362E-03,  2.14873E-03,  1.27253E-03,  7.64455E-04
 4.87013E-04,  3.38208E-04,  2.50300E-04,  1.88292E-04,  3.46066E-04
 3.46066E-04,  2.94124E-04,  2.94124E-04,  2.94124E-04,  2.94124E-04
 2.94124E-04,  2.94124E-04,  2.34451E+00,  1.01057E+00,  2.11538E-01
 4.53645E-02,  1.66060E-02,  9.22667E-03,  5.88957E-03,  3.70477E-03
 2.24498E-03,  1.33475E-03,  8.03788E-04,  5.12102E-04,  3.55179E-04
 2.62800E-04,  1.97891E-04,  3.67478E-04,  3.67478E-04,  3.08706E-04
 3.08706E-04,  3.08706E-04,  3.08706E-04,  3.08706E-04,  3.08706E-04
 2.69543E+00,  1.06273E+00,  2.13888E-01,  4.65336E-02,  1.73807E-02
 9.69242E-03,  6.16620E-03,  3.86967E-03,  2.34457E-03,  1.39604E-03
 8.42190E-04,  5.36840E-04,  3.72118E-04,  2.75369E-04,  2.07625E-04
 3.88870E-04,  3.88870E-04,  3.23436E-04,  3.23436E-04,  3.23436E-04
 3.23436E-04,  3.23436E-04,  3.23436E-04,  2.72351E+00,  1.05360E+00
 2.19294E-01,  4.84207E-02,  1.85388E-02,  1.03788E-02,  6.53245E-03
 4.06173E-03,  2.45022E-03,  1.45811E-03,  8.80668E-04,  5.61820E-04
 3.89404E-04,  2.88276E-04,  2.17695E-04,  4.10555E-04,  4.10555E-04
 3.38662E-04,  3.38662E-04,  3.38662E-04,  3.38662E-04,  3.38662E-04
 3.38662E-04,  2.39867E+00,  1.05977E+00,  2.22692E-01,  5.07593E-02
 1.98784E-02,  1.11612E-02,  6.94118E-03,  4.26684E-03,  2.55813E-03
 1.52002E-03,  9.18986E-04,  5.86946E-04,  4.06954E-04,  3.01444E-04
 2.28036E-04,  4.32364E-04,  4.32364E-04,  3.54295E-04,  3.54295E-04
 3.54295E-04,  3.54295E-04,  3.54295E-04,  3.54295E-04,  2.48186E+00
 9.97939E-01,  2.27684E-01,  5.28362E-02,  2.10758E-02,  1.18735E-02
 7.32167E-03,  4.45900E-03,  2.65884E-03,  1.57791E-03,  9.55265E-04
 6.11118E-04,  4.24037E-04,  3.14349E-04,  2.38267E-04,  4.53578E-04
 4.53578E-04,  3.69658E-04,  3.69658E-04,  3.69658E-04,  3.69658E-04
 3.69658E-04,  3.69658E-04,  2.72643E+00,  1.05245E+00,  2.34778E-01
 5.48833E-02,  2.20042E-02,  1.24131E-02,  7.62946E-03,  4.62662E-03
 2.75269E-03,  1.63475E-03,  9.92170E-04,  6.36200E-04,  4.41888E-04
 3.27835E-04,  2.48973E-04,  4.75206E-04,  4.75206E-04,  3.85760E-04
 3.85760E-04,  3.85760E-04,  3.85760E-04,  3.85760E-04,  3.85760E-04
 2.44180E+00,  1.12062E+00,  2.41248E-01,  5.65636E-02,  2.25969E-02
 1.27270E-02,  7.83225E-03,  4.75562E-03,  2.83544E-03,  1.68988E-03
 1.02991E-03,  6.62446E-04,  4.60651E-04,  3.41963E-04,  2.60179E-04
 4.97225E-04,  4.97225E-04,  4.02606E-04,  4.02606E-04,  4.02606E-04
 4.02606E-04,  4.02606E-04,  4.02606E-04,  2.98079E+00,  1.15364E+00
 2.42287E-01,  5.74037E-02,  2.28707E-02,  1.28406E-02,  7.92390E-03
 4.83440E-03,  2.89877E-03,  1.73813E-03,  1.06523E-03,  6.87716E-04
 4.78881E-04,  3.55709E-04,  2.71150E-04,  5.18290E-04,  5.18290E-04
 4.18875E-04,  4.18875E-04,  4.18875E-04,  4.18875E-04,  4.18875E-04
 4.18875E-04,  2.95101E+00,  1.13427E+00,  2.43091E-01,  5.82504E-02
 2.31823E-02,  1.29064E-02,  7.95745E-03,  4.88114E-03,  2.94994E-03
 1.78285E-03,  1.09982E-03,  7.12967E-04,  4.97191E-04,  3.69507E-04
 2.82197E-04,  5.38971E-04,  5.38971E-04,  4.35050E-04,  4.35050E-04
 4.35050E-04,  4.35050E-04,  4.35050E-04,  4.35050E-04,  2.87182E+00
 1.14450E+00,  2.45046E-01,  5.99155E-02,  2.38714E-02,  1.30753E-02
 7.99262E-03,  4.91747E-03,  2.99607E-03,  1.82608E-03,  1.13412E-03
 7.38239E-04,  5.15548E-04,  3.83315E-04,  2.93268E-04,  5.59164E-04
 5.59164E-04,  4.51048E-04,  4.51048E-04,  4.51048E-04,  4.51048E-04
 4.51048E-04,  4.51048E-04,  2.87814E+00,  1.13457E+00,  2.48655E-01
 6.19376E-02,  2.49194E-02,  1.34103E-02,  8.07792E-03,  4.96460E-03
 3.04266E-03,  1.86758E-03,  1.16667E-03,  7.62204E-04,  5.32983E-04
 3.96438E-04,  3.03841E-04,  5.77945E-04,  5.77945E-04,  4.66021E-04
 4.66021E-04,  4.66021E-04,  4.66021E-04,  4.66021E-04,  4.66021E-04
 2.92341E+00,  1.17323E+00,  2.53591E-01,  6.43130E-02,  2.61919E-02
 1.39270E-02,  8.26856E-03,  5.06005E-03,  3.10826E-03,  1.91600E-03
 1.20189E-03,  7.87475E-04,  5.51215E-04,  4.10081E-04,  3.14781E-04
 5.96868E-04,  5.96868E-04,  4.81332E-04,  4.81332E-04,  4.81332E-04
 4.81332E-04,  4.81332E-04,  4.81332E-04,  2.92484E+00,  1.19982E+00
 2.59687E-01,  6.71509E-02,  2.76228E-02,  1.46056E-02,  8.58517E-03
 5.22119E-03,  3.20016E-03,  1.97357E-03,  1.24042E-03,  8.14314E-04
 5.70404E-04,  4.24347E-04,  3.26152E-04,  6.16008E-04,  6.16008E-04
 4.97018E-04,  4.97018E-04,  4.97018E-04,  4.97018E-04,  4.97018E-04
 4.97018E-04,  3.65126E+00,  1.29885E+00,  2.74043E-01,  7.12947E-02
 2.93345E-02,  1.54360E-02,  9.01784E-03,  5.44065E-03,  3.31061E-03
 2.03365E-03,  1.27750E-03,  8.39555E-04,  5.88445E-04,  4.37760E-04
 3.36875E-04,  6.33505E-04,  6.33505E-04,  5.11407E-04,  5.11407E-04
 5.11407E-04,  5.11407E-04,  5.11407E-04,  5.11407E-04,  3.28604E+00
 1.39399E+00,  2.95906E-01,  7.77780E-02,  3.14843E-02,  1.64172E-02
 9.55534E-03,  5.71338E-03,  3.43840E-03,  2.09660E-03,  1.31391E-03
 8.63989E-04,  6.06003E-04,  4.50851E-04,  3.47351E-04,  6.50154E-04
 6.50154E-04,  5.25162E-04,  5.25162E-04,  5.25162E-04,  5.25162E-04
 5.25162E-04,  5.25162E-04,  4.37237E+00,  1.49712E+00,  3.25449E-01
 8.56514E-02,  3.37431E-02,  1.74274E-02,  1.01376E-02,  6.00921E-03
 3.57078E-03,  2.15792E-03,  1.34828E-03,  8.87220E-04,  6.22948E-04
 4.63556E-04,  3.57520E-04,  6.65896E-04,  6.65896E-04,  5.38238E-04
 5.38238E-04,  5.38238E-04,  5.38238E-04,  5.38238E-04,  5.38238E-04
 3.82828E+00,  1.48524E+00,  3.48497E-01,  9.20565E-02,  3.54487E-02
 1.82735E-02,  1.06711E-02,  6.27735E-03,  3.68465E-03,  2.20815E-03
 1.37657E-03,  9.07180E-04,  6.37987E-04,  4.74963E-04,  3.66689E-04
 6.79573E-04,  6.79573E-04,  5.49651E-04,  5.49651E-04,  5.49651E-04
 5.49651E-04,  5.49651E-04,  5.49651E-04,  3.84768E+00,  1.45659E+00
 3.58708E-01,  9.58490E-02,  3.63919E-02,  1.89159E-02,  1.11023E-02
 6.48823E-03,  3.77318E-03,  2.24954E-03,  1.40261E-03,  9.27053E-04
 6.53413E-04,  4.86719E-04,  3.76073E-04,  6.93332E-04,  6.93332E-04
 5.61125E-04,  5.61125E-04,  5.61125E-04,  5.61125E-04,  5.61125E-04
 5.61125E-04,  3.80843E+00,  1.35546E+00,  3.57244E-01,  9.77653E-02
 3.72773E-02,  1.94273E-02,  1.13636E-02,  6.59940E-03,  3.82172E-03
 2.27882E-03,  1.42630E-03,  9.47186E-04,  6.69486E-04,  4.98983E-04
 3.85773E-04,  7.07340E-04,  7.07340E-04,  5.72729E-04,  5.72729E-04
 5.72729E-04,  5.72729E-04,  5.72729E-04,  5.72729E-04,  4.34765E+00
 1.52519E+00,  3.91425E-01,  1.05199E-01,  3.90356E-02,  1.97452E-02
 1.13525E-02,  6.56129E-03,  3.80964E-03,  2.28652E-03,  1.44224E-03
 9.63967E-04,  6.83614E-04,  5.09843E-04,  3.94356E-04,  7.19175E-04
 7.19175E-04,  5.82501E-04,  5.82501E-04,  5.82501E-04,  5.82501E-04
 5.82501E-04,  5.82501E-04,  4.04986E+00,  1.77196E+00,  4.31485E-01
 1.12546E-01,  4.02257E-02,  1.95525E-02,  1.10258E-02,  6.38162E-03
 3.74750E-03,  2.27915E-03,  1.45380E-03,  9.79104E-04,  6.96799E-04
 5.20006E-04,  4.02352E-04,  7.29846E-04,  7.29846E-04,  5.91287E-04
 5.91287E-04,  5.91287E-04,  5.91287E-04,  5.91287E-04,  5.91287E-04
 4.39356E+00,  1.73086E+00,  4.10296E-01,  1.06543E-01,  3.85231E-02
 1.85811E-02,  1.04265E-02,  6.10592E-03,  3.65686E-03,  2.26463E-03
 1.46333E-03,  9.93143E-04,  7.09127E-04,  5.29476E-04,  4.09749E-04
 7.39369E-04,  7.39369E-04,  5.99099E-04,  5.99099E-04,  5.99099E-04
 5.99099E-04,  5.99099E-04,  5.99099E-04,  4.88984E+00,  1.58195E+00
 3.50525E-01,  9.30886E-02,  3.51403E-02,  1.72711E-02,  9.76983E-03
 5.82530E-03,  3.56868E-03,  2.25049E-03,  1.47106E-03,  1.00476E-03
 7.19310E-04,  5.37251E-04,  4.15775E-04,  7.46434E-04,  7.46434E-04
 6.04887E-04,  6.04887E-04,  6.04887E-04,  6.04887E-04,  6.04887E-04
 6.04887E-04,  4.73014E+00,  1.42711E+00,  3.25073E-01,  8.78597E-02
 3.39013E-02,  1.67040E-02,  9.43142E-03,  5.68399E-03,  3.53716E-03
 2.25679E-03,  1.48527E-03,  1.01830E-03,  7.30182E-04,  5.45393E-04
 4.21990E-04,  7.53724E-04,  7.53724E-04,  6.10648E-04,  6.10648E-04
 6.10648E-04,  6.10648E-04,  6.10648E-04,  6.10648E-04,  4.65783E+00
 1.59823E+00,  3.48603E-01,  9.48599E-02,  3.64832E-02,  1.74616E-02
 9.63527E-03,  5.77338E-03,  3.59405E-03,  2.29227E-03,  1.50793E-03
 1.03424E-03,  7.41973E-04,  5.54079E-04,  4.28541E-04,  7.61468E-04
 7.61468E-04,  6.16457E-04,  6.16457E-04,  6.16457E-04,  6.16457E-04
 6.16457E-04,  6.16457E-04,  5.20321E+00,  1.95708E+00,  4.27148E-01
 1.14754E-01,  4.19166E-02,  1.90634E-02,  1.02645E-02,  6.07950E-03
 3.73420E-03,  2.35008E-03,  1.53294E-03,  1.04816E-03,  7.51617E-04
 5.61107E-04,  4.33777E-04,  7.66850E-04,  7.66850E-04,  6.20215E-04
 6.20215E-04,  6.20215E-04,  6.20215E-04,  6.20215E-04,  6.20215E-04
 4.97733E+00,  1.99633E+00,  4.76109E-01,  1.36692E-01,  4.81424E-02
 2.06542E-02,  1.10277E-02,  6.52949E-03,  3.94136E-03,  2.42701E-03
 1.56039E-03,  1.06098E-03,  7.60118E-04,  5.67342E-04,  4.38387E-04
 7.71068E-04,  7.71068E-04,  6.22903E-04,  6.22903E-04,  6.22903E-04
 6.22903E-04,  6.22903E-04,  6.22903E-04,  7.95291E+00,  2.30532E+00
 5.27541E-01,  1.48162E-01,  5.18231E-02,  2.14443E-02,  1.16545E-02
 7.01712E-03,  4.17634E-03,  2.51047E-03,  1.58683E-03,  1.07199E-03
 7.67451E-04,  5.72881E-04,  4.42451E-04,  7.74234E-04,  7.74234E-04
 6.24584E-04,  6.24584E-04,  6.24584E-04,  6.24584E-04,  6.24584E-04
 6.24584E-04,  5.96008E+00,  2.33956E+00,  5.33723E-01,  1.41812E-01
 5.05453E-02,  2.10723E-02,  1.20279E-02,  7.44631E-03,  4.38883E-03
 2.58078E-03,  1.60531E-03,  1.07848E-03,  7.72234E-04,  5.76780E-04
 4.45234E-04,  7.75020E-04,  7.75020E-04,  6.24228E-04,  6.24228E-04
 6.24228E-04,  6.24228E-04,  6.24228E-04,  6.24228E-04,  6.53737E+00
 2.13365E+00,  4.86542E-01,  1.24837E-01,  4.56460E-02,  2.01044E-02
 1.22536E-02,  7.78412E-03,  4.55548E-03,  2.63354E-03,  1.61859E-03
 1.08428E-03,  7.77607E-04,  5.81407E-04,  4.48529E-04,  7.76415E-04
 7.76415E-04,  6.23921E-04,  6.23921E-04,  6.23921E-04,  6.23921E-04
 6.23921E-04,  6.23921E-04,  6.74635E+00,  1.92834E+00,  4.72701E-01
 1.14068E-01,  4.17902E-02,  1.96090E-02,  1.24499E-02,  7.99331E-03
 4.64897E-03,  2.65950E-03,  1.62511E-03,  1.08970E-03,  7.84029E-04
 5.87056E-04,  4.52524E-04,  7.78650E-04,  7.78650E-04,  6.23720E-04
 6.23720E-04,  6.23720E-04,  6.23720E-04,  6.23720E-04,  6.23720E-04
 7.12287E+00,  2.31426E+00,  5.88408E-01,  1.24881E-01,  4.22253E-02
 1.99333E-02,  1.25618E-02,  8.01247E-03,  4.63593E-03,  2.64389E-03
 1.61828E-03,  1.09112E-03,  7.88873E-04,  5.91628E-04,  4.55540E-04
 7.78760E-04,  7.78760E-04,  6.21559E-04,  6.21559E-04,  6.21559E-04
 6.21559E-04,  6.21559E-04,  6.21559E-04,  7.30815E+00,  3.40376E+00
 7.42424E-01,  1.35705E-01,  4.36247E-02,  2.03068E-02,  1.24513E-02
 7.82715E-03,  4.52079E-03,  2.59277E-03,  1.60284E-03,  1.09157E-03
 7.93948E-04,  5.96266E-04,  4.58377E-04,  7.78033E-04,  7.78033E-04
 6.18478E-04,  6.18478E-04,  6.18478E-04,  6.18478E-04,  6.18478E-04
 6.18478E-04,  5.31699E+00,  2.84753E+00,  6.79294E-01,  1.23556E-01
 4.26459E-02,  1.99783E-02,  1.20017E-02,  7.44476E-03,  4.31946E-03
 2.51571E-03,  1.58352E-03,  1.09303E-03,  7.99982E-04,  6.01235E-04
 4.61151E-04,  7.76609E-04,  7.76609E-04,  6.14565E-04,  6.14565E-04
 6.14565E-04,  6.14565E-04,  6.14565E-04,  6.14565E-04,  7.81331E+00
 2.08868E+00,  4.90655E-01,  1.09082E-01,  4.09763E-02,  1.90132E-02
 1.12405E-02,  6.90974E-03,  4.05977E-03,  2.42466E-03,  1.56402E-03
 1.09578E-03,  8.06230E-04,  6.05668E-04,  4.63115E-04,  7.73180E-04
 7.73180E-04,  6.08873E-04,  6.08873E-04,  6.08873E-04,  6.08873E-04
 6.08873E-04,  6.08873E-04,  3.95341E+00,  1.55545E+00,  3.76007E-01
 1.09784E-01,  3.94797E-02,  1.78360E-02,  1.03529E-02,  6.33216E-03
 3.80184E-03,  2.34806E-03,  1.55679E-03,  1.10561E-03,  8.16005E-04
 6.11852E-04,  4.66003E-04,  7.70695E-04,  7.70695E-04,  6.03383E-04
 6.03383E-04,  6.03383E-04,  6.03383E-04,  6.03383E-04,  6.03383E-04
 4.11460E+00,  1.65949E+00,  3.88653E-01,  1.05211E-01,  3.65835E-02
 1.66245E-02,  9.49784E-03,  5.81282E-03,  3.59641E-03,  2.30546E-03
 1.56748E-03,  1.12376E-03,  8.29513E-04,  6.19818E-04,  4.69844E-04
 7.69264E-04,  7.69264E-04,  5.98103E-04,  5.98103E-04,  5.98103E-04
 5.98103E-04,  5.98103E-04,  5.98103E-04,  3.85572E+00,  1.57706E+00
 3.48116E-01,  9.04734E-02,  3.30142E-02,  1.55343E-02,  8.80375E-03
 5.44142E-03,  3.48109E-03,  2.30456E-03,  1.59373E-03,  1.14639E-03
 8.43545E-04,  6.27129E-04,  4.72812E-04,  7.65942E-04,  7.65942E-04
 5.91163E-04,  5.91163E-04,  5.91163E-04,  5.91163E-04,  5.91163E-04
 5.91163E-04,  4.16693E+00,  1.49971E+00,  3.13932E-01,  8.13483E-02
 3.09484E-02,  1.48377E-02,  8.43104E-03,  5.31359E-03,  3.49277E-03
 2.35501E-03,  1.63741E-03,  1.17415E-03,  8.58763E-04,  6.34477E-04
 4.75539E-04,  7.61953E-04,  7.61953E-04,  5.83577E-04,  5.83577E-04
 5.83577E-04,  5.83577E-04,  5.83577E-04,  5.83577E-04,  4.30981E+00
 1.46555E+00,  3.11339E-01,  8.18570E-02,  3.09712E-02,  1.47694E-02
 8.50483E-03,  5.46450E-03,  3.63156E-03,  2.45096E-03,  1.69447E-03
 1.20506E-03,  8.74339E-04,  6.41555E-04,  4.77928E-04,  7.57369E-04
 7.57369E-04,  5.75432E-04,  5.75432E-04,  5.75432E-04,  5.75432E-04
 5.75432E-04,  5.75432E-04,  3.82864E+00,  1.50133E+00,  3.39788E-01
 8.96850E-02,  3.29983E-02,  1.55230E-02,  9.04079E-03,  5.84714E-03
 3.86034E-03,  2.57249E-03,  1.75529E-03,  1.23442E-03,  8.87785E-04
 6.46904E-04,  4.79037E-04,  7.50903E-04,  7.50903E-04,  5.65904E-04
 5.65904E-04,  5.65904E-04,  5.65904E-04,  5.65904E-04,  5.65904E-04
 5.22901E+00,  1.68530E+00,  3.85275E-01,  1.02024E-01,  3.67298E-02
 1.70237E-02,  9.92008E-03,  6.37751E-03,  4.14125E-03,  2.70760E-03
 1.81810E-03,  1.26360E-03,  9.01097E-04,  6.52381E-04,  4.80404E-04
 7.45259E-04,  7.45259E-04,  5.56727E-04,  5.56727E-04,  5.56727E-04
 5.56727E-04,  5.56727E-04,  5.56727E-04,  4.43641E+00,  1.80164E+00
 4.26308E-01,  1.12352E-01,  4.05403E-02,  1.87209E-02,  1.08918E-02
 6.93808E-03,  4.42491E-03,  2.83798E-03,  1.87663E-03,  1.29046E-03
 9.13505E-04,  6.57685E-04,  4.81908E-04,  7.40431E-04,  7.40431E-04
 5.47848E-04,  5.47848E-04,  5.47848E-04,  5.47848E-04,  5.47848E-04
 5.47848E-04,  6.85870E+00,  2.03191E+00,  4.71322E-01,  1.16687E-01
 4.24019E-02,  1.98993E-02,  1.16741E-02,  7.40190E-03,  4.65394E-03
 2.93819E-03,  1.91895E-03,  1.30860E-03,  9.21094E-04,  6.60200E-04
 4.81715E-04,  7.33695E-04,  7.33695E-04,  5.37698E-04,  5.37698E-04
 5.37698E-04,  5.37698E-04,  5.37698E-04,  5.37698E-04,  5.51416E+00
 2.28054E+00,  5.15120E-01,  1.15540E-01,  4.18042E-02,  2.02650E-02
 1.21312E-02,  7.70626E-03,  4.80441E-03,  3.00154E-03,  1.94431E-03
 1.31881E-03,  9.24823E-04,  6.60767E-04,  4.80503E-04,  7.26236E-04
 7.26236E-04,  5.27213E-04,  5.27213E-04,  5.27213E-04,  5.27213E-04
 5.27213E-04,  5.27213E-04,  7.70203E+00,  2.26711E+00,  5.22937E-01
 1.13235E-01,  4.03564E-02,  2.00990E-02,  1.22701E-02,  7.82852E-03
 4.86427E-03,  3.02419E-03,  1.95188E-03,  1.32095E-03,  9.24666E-04
 6.59378E-04,  4.78274E-04,  7.18136E-04,  7.18136E-04,  5.16462E-04
 5.16462E-04,  5.16462E-04,  5.16462E-04,  5.16462E-04,  5.16462E-04
 7.05405E+00,  2.32520E+00,  5.39346E-01,  1.15581E-01,  4.04939E-02
 1.99890E-02,  1.21885E-02,  7.77537E-03,  4.83002E-03,  3.00355E-03
 1.93987E-03,  1.31353E-03,  9.19379E-04,  6.55059E-04,  4.74294E-04
 7.08290E-04,  7.08290E-04,  5.04769E-04,  5.04769E-04,  5.04769E-04
 5.04769E-04,  5.04769E-04,  5.04769E-04,  6.51904E+00,  2.31041E+00
 5.53194E-01,  1.23253E-01,  4.31712E-02,  2.03726E-02,  1.20477E-02
 7.61348E-03,  4.73486E-03,  2.95786E-03,  1.91866E-03,  1.30262E-03
 9.12691E-04,  6.50244E-04,  4.70238E-04,  6.99156E-04,  6.99156E-04
 4.93541E-04,  4.93541E-04,  4.93541E-04,  4.93541E-04,  4.93541E-04
 4.93541E-04,  7.34830E+00,  2.23100E+00,  5.33974E-01,  1.33028E-01
 4.70277E-02,  2.10582E-02,  1.18836E-02,  7.38189E-03,  4.60064E-03
 2.89749E-03,  1.89274E-03,  1.29001E-03,  9.05265E-04,  6.45155E-04
 4.66165E-04,  6.90724E-04,  6.90724E-04,  4.82674E-04,  4.82674E-04
 4.82674E-04,  4.82674E-04,  4.82674E-04,  4.82674E-04,  6.12545E+00
 2.01734E+00,  5.29126E-01,  1.43236E-01,  4.99500E-02,  2.14763E-02
 1.16148E-02,  7.08622E-03,  4.43452E-03,  2.82327E-03,  1.85991E-03
 1.27292E-03,  8.94648E-04,  6.37858E-04,  4.60612E-04,  6.80713E-04
 6.80713E-04,  4.70952E-04,  4.70952E-04,  4.70952E-04,  4.70952E-04
 4.70952E-04,  4.70952E-04,  6.38688E+00,  2.18243E+00,  5.41910E-01
 1.47633E-01,  5.03684E-02,  2.12781E-02,  1.12201E-02,  6.76922E-03
 4.26812E-03,  2.75129E-03,  1.82783E-03,  1.25524E-03,  8.83044E-04
 6.29712E-04,  4.54471E-04,  6.70313E-04,  6.70313E-04,  4.59196E-04
 4.59196E-04,  4.59196E-04,  4.59196E-04,  4.59196E-04,  4.59196E-04
 6.02634E+00,  2.00764E+00,  5.10464E-01,  1.39746E-01,  4.79750E-02
 2.04436E-02,  1.07286E-02,  6.47041E-03,  4.12499E-03,  2.69183E-03
 1.80055E-03,  1.23867E-03,  8.71235E-04,  6.21094E-04,  4.47929E-04
 6.59655E-04,  6.59655E-04,  4.47451E-04,  4.47451E-04,  4.47451E-04
 4.47451E-04,  4.47451E-04,  4.47451E-04,  5.86942E+00,  1.96966E+00
 4.68533E-01,  1.26246E-01,  4.42096E-02,  1.93058E-02,  1.02400E-02
 6.22802E-03,  4.01836E-03,  2.64794E-03,  1.77798E-03,  1.22250E-03
 8.58511E-04,  6.11394E-04,  4.40483E-04,  6.47862E-04,  6.47862E-04
 4.35191E-04,  4.35191E-04,  4.35191E-04,  4.35191E-04,  4.35191E-04
 4.35191E-04,  5.99413E+00,  1.75853E+00,  4.24662E-01,  1.15088E-01
 4.12660E-02,  1.84817E-02,  9.94203E-03,  6.10363E-03,  3.97245E-03
 2.63139E-03,  1.76717E-03,  1.21147E-03,  8.48161E-04,  6.02877E-04
 4.33694E-04,  6.37039E-04,  6.37039E-04,  4.23480E-04,  4.23480E-04
 4.23480E-04,  4.23480E-04,  4.23480E-04,  4.23480E-04,  5.73381E+00
 1.74385E+00,  4.07509E-01,  1.10841E-01,  4.06031E-02,  1.84190E-02
 9.93761E-03,  6.11229E-03,  3.98677E-03,  2.64067E-03,  1.76744E-03
 1.20552E-03,  8.40315E-04,  5.95658E-04,  4.27617E-04,  6.27139E-04
 6.27139E-04,  4.12184E-04,  4.12184E-04,  4.12184E-04,  4.12184E-04
 4.12184E-04,  4.12184E-04,  5.60729E+00,  1.70818E+00,  4.06879E-01
 1.13281E-01,  4.22544E-02,  1.90543E-02,  1.01677E-02,  6.21491E-03
 4.03799E-03,  2.66244E-03,  1.77128E-03,  1.20031E-03,  8.32291E-04
 5.87951E-04,  4.20992E-04,  6.16323E-04,  6.16323E-04,  4.00424E-04
 4.00424E-04,  4.00424E-04,  4.00424E-04,  4.00424E-04,  4.00424E-04
 5.75334E+00,  1.76400E+00,  4.22341E-01,  1.19888E-01,  4.46641E-02
 1.98786E-02,  1.05002E-02,  6.37556E-03,  4.11519E-03,  2.69407E-03
 1.77905E-03,  1.19709E-03,  8.25367E-04,  5.80783E-04,  4.14575E-04
 6.05656E-04,  6.05656E-04,  3.88889E-04,  3.88889E-04,  3.88889E-04
 3.88889E-04,  3.88889E-04,  3.88889E-04,  5.08021E+00,  1.77447E+00
 4.29657E-01,  1.22543E-01,  4.55252E-02,  2.03132E-02,  1.07917E-02
 6.54986E-03,  4.20123E-03,  2.72878E-03,  1.78834E-03,  1.19516E-03
 8.19455E-04,  5.74214E-04,  4.08433E-04,  5.95209E-04,  5.95209E-04
 3.77597E-04,  3.77597E-04,  3.77597E-04,  3.77597E-04,  3.77597E-04
 3.77597E-04,  5.30330E+00,  1.71823E+00,  4.05239E-01,  1.16368E-01
 4.40595E-02,  2.02168E-02,  1.09812E-02,  6.70079E-03,  4.27604E-03
 2.75665E-03,  1.79431E-03,  1.19209E-03,  8.13204E-04,  5.67413E-04
 4.02001E-04,  5.84217E-04,  5.84217E-04,  3.66147E-04,  3.66147E-04
 3.66147E-04,  3.66147E-04,  3.66147E-04,  3.66147E-04,  5.41866E+00
 1.60431E+00,  3.80976E-01,  1.08557E-01,  4.21071E-02,  2.00066E-02
 1.11376E-02,  6.83737E-03,  4.34372E-03,  2.78213E-03,  1.80097E-03
 1.19101E-03,  8.08953E-04,  5.62064E-04,  3.96479E-04,  5.74314E-04
 5.74314E-04,  3.55304E-04,  3.55304E-04,  3.55304E-04,  3.55304E-04
 3.55304E-04,  3.55304E-04,  5.28471E+00,  1.68523E+00,  3.94719E-01
 1.09069E-01,  4.18114E-02,  2.00528E-02,  1.12984E-02,  6.95391E-03
 4.39900E-03,  2.80292E-03,  1.80740E-03,  1.19152E-03,  8.06476E-04
 5.58028E-04,  3.91758E-04,  5.65341E-04,  5.65341E-04,  3.44921E-04
 3.44921E-04,  3.44921E-04,  3.44921E-04,  3.44921E-04,  3.44921E-04
 5.11121E+00,  1.88124E+00,  4.33367E-01,  1.16576E-01,  4.29652E-02
 2.02611E-02,  1.14129E-02,  7.02179E-03,  4.42558E-03,  2.80958E-03
 1.80783E-03,  1.18982E-03,  8.03205E-04,  5.53549E-04,  3.86619E-04
 5.55800E-04,  5.55800E-04,  3.34390E-04,  3.34390E-04,  3.34390E-04
 3.34390E-04,  3.34390E-04,  3.34390E-04,  5.13075E+00,  1.77944E+00
 4.39718E-01,  1.20993E-01,  4.37906E-02,  2.03366E-02,  1.14466E-02
 7.04412E-03,  4.42966E-03,  2.80691E-03,  1.80535E-03,  1.18779E-03
 8.00300E-04,  5.49393E-04,  3.81601E-04,  5.46562E-04,  5.46562E-04
 3.24266E-04,  3.24266E-04,  3.24266E-04,  3.24266E-04,  3.24266E-04
 3.24266E-04,  5.51870E+00,  1.74170E+00,  4.31999E-01,  1.18300E-01
 4.30769E-02,  2.00873E-02,  1.13800E-02,  7.02255E-03,  4.41406E-03
 2.79672E-03,  1.80081E-03,  1.18566E-03,  7.97722E-04,  5.45468E-04
 3.76632E-04,  5.37599E-04,  5.37599E-04,  3.14546E-04,  3.14546E-04
 3.14546E-04,  3.14546E-04,  3.14546E-04,  3.14546E-04,  5.11481E+00
 1.77199E+00,  4.27478E-01,  1.12004E-01,  4.12213E-02,  1.96059E-02
 1.12356E-02,  6.96052E-03,  4.37829E-03,  2.77775E-03,  1.79273E-03
 1.18200E-03,  7.94287E-04,  5.40898E-04,  3.71103E-04,  5.28215E-04
 5.28215E-04,  3.04915E-04,  3.04915E-04,  3.04915E-04,  3.04915E-04
 3.04915E-04,  3.04915E-04,  5.74123E+00,  1.80685E+00,  4.30199E-01
 1.08796E-01,  3.98397E-02,  1.92380E-02,  1.11068E-02,  6.89485E-03
 4.34169E-03,  2.76116E-03,  1.78759E-03,  1.18058E-03,  7.92270E-04
 5.37134E-04,  3.65990E-04,  5.19625E-04,  5.19625E-04,  2.95920E-04
 2.95920E-04,  2.95920E-04,  2.95920E-04,  2.95920E-04,  2.95920E-04
 5.89380E+00,  1.87777E+00,  4.52198E-01,  1.12005E-01,  3.99084E-02
 1.91612E-02,  1.10323E-02,  6.83794E-03,  4.30968E-03,  2.74950E-03
 1.78634E-03,  1.18153E-03,  7.91522E-04,  5.33990E-04,  3.61140E-04
 5.11590E-04,  5.11590E-04,  2.87432E-04,  2.87432E-04,  2.87432E-04
 2.87432E-04,  2.87432E-04,  2.87432E-04,  5.95674E+00,  2.06826E+00
 4.83121E-01,  1.18020E-01,  4.08182E-02,  1.92591E-02,  1.09827E-02
 6.77812E-03,  4.27494E-03,  2.73722E-03,  1.78461E-03,  1.18154E-03
 7.89657E-04,  5.29853E-04,  3.55487E-04,  5.02943E-04,  5.02943E-04
 2.79007E-04,  2.79007E-04,  2.79007E-04,  2.79007E-04,  2.79007E-04
 2.79007E-04,  5.96753E+00,  2.03762E+00,  4.93223E-01,  1.20878E-01
 4.15131E-02,  1.93804E-02,  1.09511E-02,  6.72664E-03,  4.24701E-03
 2.73019E-03,  1.78560E-03,  1.18235E-03,  7.87741E-04,  5.25446E-04
 3.49564E-04,  4.94443E-04,  4.94443E-04,  2.71084E-04,  2.71084E-04
 2.71084E-04,  2.71084E-04,  2.71084E-04,  2.71084E-04,  5.33040E+00
 1.98326E+00,  4.74427E-01,  1.18165E-01,  4.14438E-02,  1.94082E-02
 1.09160E-02,  6.68283E-03,  4.22818E-03,  2.72962E-03,  1.78952E-03
 1.18385E-03,  7.85636E-04,  5.20702E-04,  3.43380E-04,  4.86047E-04
 4.86047E-04,  2.63639E-04,  2.63639E-04,  2.63639E-04,  2.63639E-04
 2.63639E-04,  2.63639E-04,  5.68858E+00,  1.71357E+00,  4.37925E-01
 1.14622E-01,  4.10354E-02,  1.93235E-02,  1.08540E-02,  6.63860E-03
 4.21492E-03,  2.73245E-03,  1.79370E-03,  1.18407E-03,  7.82088E-04
 5.14873E-04,  3.36518E-04,  4.77191E-04,  4.77191E-04,  2.56395E-04
 2.56395E-04,  2.56395E-04,  2.56395E-04,  2.56395E-04,  2.56395E-04
 5.59616E+00,  1.83985E+00,  4.65409E-01,  1.19168E-01,  4.11380E-02
 1.92308E-02,  1.07932E-02,  6.61518E-03,  4.22149E-03,  2.74690E-03
 1.80294E-03,  1.18605E-03,  7.79109E-04,  5.09322E-04,  3.29927E-04
 4.68800E-04,  4.68800E-04,  2.49795E-04,  2.49795E-04,  2.49795E-04
 2.49795E-04,  2.49795E-04,  2.49795E-04,  5.34372E+00,  2.09553E+00
 5.13849E-01,  1.24712E-01,  4.13669E-02,  1.91166E-02,  1.07354E-02
 6.61759E-03,  4.24985E-03,  2.77267E-03,  1.81647E-03,  1.18926E-03
 7.76438E-04,  5.03952E-04,  3.23604E-04,  4.60652E-04,  4.60652E-04
 2.43746E-04,  2.43746E-04,  2.43746E-04,  2.43746E-04,  2.43746E-04
 2.43746E-04,  6.27071E+00,  2.02754E+00,  4.93063E-01,  1.22277E-01
 4.09455E-02,  1.89065E-02,  1.06683E-02,  6.63508E-03,  4.28828E-03
 2.80015E-03,  1.82782E-03,  1.18977E-03,  7.71797E-04,  4.97490E-04
 3.16855E-04,  4.51939E-04,  4.51939E-04,  2.37833E-04,  2.37833E-04
 2.37833E-04,  2.37833E-04,  2.37833E-04,  2.37833E-04,  6.32941E+00
 1.95409E+00,  4.68738E-01,  1.18515E-01,  4.04459E-02,  1.87415E-02
 1.06497E-02,  6.68544E-03,  4.34083E-03,  2.83051E-03,  1.83807E-03
 1.18877E-03,  7.66261E-04,  4.90780E-04,  3.10335E-04,  4.43375E-04
 4.43375E-04,  2.32393E-04,  2.32393E-04,  2.32393E-04,  2.32393E-04
 2.32393E-04,  2.32393E-04,  6.42246E+00,  2.00401E+00,  4.83681E-01
 1.21445E-01,  4.09671E-02,  1.88152E-02,  1.07185E-02,  6.76879E-03
 4.40129E-03,  2.85952E-03,  1.84539E-03,  1.18572E-03,  7.59773E-04
 4.83919E-04,  3.04194E-04,  4.34943E-04,  4.34943E-04,  2.27376E-04
 2.27376E-04,  2.27376E-04,  2.27376E-04,  2.27376E-04,  2.27376E-04
 6.14580E+00,  2.01024E+00,  5.14686E-01,  1.28747E-01,  4.23439E-02
 1.90939E-02,  1.08459E-02,  6.85874E-03,  4.45155E-03,  2.87718E-03
 1.84486E-03,  1.17827E-03,  7.51212E-04,  4.76362E-04,  2.98176E-04
 4.26194E-04,  4.26194E-04,  2.22482E-04,  2.22482E-04,  2.22482E-04
 2.22482E-04,  2.22482E-04,  2.22482E-04,  6.15311E+00,  2.08416E+00
 5.28972E-01,  1.31565E-01,  4.30684E-02,  1.93626E-02,  1.09971E-02
 6.94696E-03,  4.49155E-03,  2.88685E-03,  1.84031E-03,  1.16943E-03
 7.42587E-04,  4.69388E-04,  2.93102E-04,  4.17873E-04,  4.17873E-04
 2.18165E-04,  2.18165E-04,  2.18165E-04,  2.18165E-04,  2.18165E-04
 2.18165E-04,  6.12567E+00,  1.98677E+00,  5.03691E-01,  1.26417E-01
 4.23919E-02,  1.94403E-02,  1.11039E-02,  7.00113E-03,  4.50783E-03
 2.88397E-03,  1.83051E-03,  1.15895E-03,  7.33853E-04,  4.62993E-04
 2.88998E-04,  4.09832E-04,  4.09832E-04,  2.14371E-04,  2.14371E-04
 2.14371E-04,  2.14371E-04,  2.14371E-04,  2.14371E-04,  6.54121E+00
 1.92890E+00,  4.92269E-01,  1.22399E-01,  4.16346E-02,  1.94206E-02
 1.10981E-02,  6.96886E-03,  4.47299E-03,  2.85513E-03,  1.80875E-03
 1.14332E-03,  7.23118E-04,  4.56112E-04,  2.85234E-04,  4.01427E-04
 4.01427E-04,  2.10575E-04,  2.10575E-04,  2.10575E-04,  2.10575E-04
 2.10575E-04,  2.10575E-04,  6.33607E+00,  2.14156E+00,  5.14062E-01
 1.23978E-01,  4.23245E-02,  1.95805E-02,  1.09922E-02,  6.84523E-03
 4.38844E-03,  2.80380E-03,  1.77804E-03,  1.12458E-03,  7.11634E-04
 4.49482E-04,  2.82226E-04,  3.93256E-04,  3.93256E-04,  2.07037E-04
 2.07037E-04,  2.07037E-04,  2.07037E-04,  2.07037E-04,  2.07037E-04
 5.77720E+00,  2.04631E+00,  5.02970E-01,  1.25255E-01,  4.41773E-02
 1.98444E-02,  1.07651E-02,  6.63095E-03,  4.25765E-03,  2.73227E-03
 1.73950E-03,  1.10318E-03,  6.99512E-04,  4.43072E-04,  2.79880E-04
 3.85254E-04,  3.85254E-04,  2.03692E-04,  2.03692E-04,  2.03692E-04
 2.03692E-04,  2.03692E-04,  2.03692E-04,  6.60719E+00,  1.89224E+00
 4.65934E-01,  1.27448E-01,  4.58571E-02,  1.97461E-02,  1.03609E-02
 6.33250E-03,  4.08461E-03,  2.64051E-03,  1.69188E-03,  1.07785E-03
 6.85765E-04,  4.36175E-04,  2.77641E-04,  3.76928E-04,  3.76928E-04
 2.00187E-04,  2.00187E-04,  2.00187E-04,  2.00187E-04,  2.00187E-04
 2.00187E-04,  5.45680E+00,  1.86398E+00,  4.67626E-01,  1.31302E-01
 4.54956E-02,  1.89428E-02,  9.83229E-03,  6.01044E-03,  3.90058E-03
 2.54353E-03,  1.64255E-03,  1.05225E-03,  6.72279E-04,  4.29786E-04
 2.76056E-04,  3.68992E-04,  3.68992E-04,  1.97077E-04,  1.97077E-04
 1.97077E-04,  1.97077E-04,  1.97077E-04,  1.97077E-04,  5.40037E+00
 1.94739E+00,  4.75935E-01,  1.25862E-01,  4.17360E-02,  1.75714E-02
 9.31585E-03,  5.71664E-03,  3.72271E-03,  2.44700E-03,  1.59320E-03
 1.02673E-03,  6.58978E-04,  4.23723E-04,  2.74958E-04,  3.61345E-04
 3.61345E-04,  1.94347E-04,  1.94347E-04,  1.94347E-04,  1.94347E-04
 1.94347E-04,  1.94347E-04,  5.13180E+00,  1.71992E+00,  4.20632E-01
 1.08180E-01,  3.66055E-02,  1.64923E-02,  9.00728E-03,  5.48189E-03
 3.55278E-03,  2.34771E-03,  1.54022E-03,  9.98459E-04,  6.43913E-04
 4.16655E-04,  2.73358E-04,  3.53183E-04,  3.53183E-04,  1.91320E-04
 1.91320E-04,  1.91320E-04,  1.91320E-04,  1.91320E-04,  1.91320E-04
 5.49895E+00,  1.63511E+00,  3.63179E-01,  9.53215E-02,  3.47792E-02
 1.66520E-02,  9.04073E-03,  5.33336E-03,  3.40411E-03,  2.25276E-03
 1.48697E-03,  9.69014E-04,  6.27862E-04,  4.08959E-04,  2.71390E-04
 3.44953E-04,  3.44953E-04,  1.88233E-04,  1.88233E-04,  1.88233E-04
 1.88233E-04,  1.88233E-04,  1.88233E-04,  5.55706E+00,  1.61979E+00
 3.64961E-01,  9.83102E-02,  3.73285E-02,  1.77450E-02,  9.26844E-03
 5.24259E-03,  3.27556E-03,  2.16311E-03,  1.43355E-03,  9.38129E-04
 6.10533E-04,  4.00374E-04,  2.68798E-04,  3.36550E-04,  3.36550E-04
 1.85044E-04,  1.85044E-04,  1.85044E-04,  1.85044E-04,  1.85044E-04
 1.85044E-04,  5.25669E+00,  2.04841E+00,  4.90477E-01,  1.27199E-01
 4.37450E-02,  1.89927E-02,  9.42788E-03,  5.15262E-03,  3.15630E-03
 2.07493E-03,  1.37745E-03,  9.04059E-04,  5.90754E-04,  3.90086E-04
 2.64929E-04,  3.27423E-04,  3.27423E-04,  1.81385E-04,  1.81385E-04
 1.81385E-04,  1.81385E-04,  1.81385E-04,  1.81385E-04,  5.67119E+00
 2.37562E+00,  5.86093E-01,  1.58202E-01,  5.13914E-02,  2.01134E-02
 9.43036E-03,  5.04524E-03,  3.04936E-03,  1.99297E-03,  1.32220E-03
 8.69241E-04,  5.70153E-04,  3.79157E-04,  2.60521E-04,  3.18452E-04
 3.18452E-04,  1.77929E-04,  1.77929E-04,  1.77929E-04,  1.77929E-04
 1.77929E-04,  1.77929E-04,  4.54437E+00,  2.28871E+00,  5.18577E-01
 1.53251E-01,  5.33647E-02,  2.04808E-02,  9.26063E-03,  4.91042E-03
 2.94856E-03,  1.91465E-03,  1.26682E-03,  8.33357E-04,  5.48633E-04
 3.67525E-04,  2.55546E-04,  3.09626E-04,  3.09626E-04,  1.74699E-04
 1.74699E-04,  1.74699E-04,  1.74699E-04,  1.74699E-04,  1.74699E-04
 8.24676E+00,  2.01494E+00,  4.38698E-01,  1.26829E-01,  4.93283E-02
 1.98151E-02,  8.91599E-03,  4.73806E-03,  2.84062E-03,  1.83196E-03
 1.20688E-03,  7.93796E-04,  5.24516E-04,  3.54019E-04,  2.49067E-04
 2.99987E-04,  2.99987E-04,  1.70938E-04,  1.70938E-04,  1.70938E-04
 1.70938E-04,  1.70938E-04,  1.70938E-04,  5.83103E+00,  2.40363E+00
 4.49670E-01,  1.01965E-01,  4.31542E-02,  1.84508E-02,  8.45397E-03
 4.54064E-03,  2.72687E-03,  1.74647E-03,  1.14432E-03,  7.52144E-04
 4.98877E-04,  3.39318E-04,  2.41499E-04,  2.90003E-04,  2.90003E-04
 1.66908E-04,  1.66908E-04,  1.66908E-04,  1.66908E-04,  1.66908E-04
 1.66908E-04,  7.70871E+00,  2.07531E+00,  4.27900E-01,  9.57111E-02
 3.69149E-02,  1.66490E-02,  7.90612E-03,  4.32323E-03,  2.60635E-03
 1.65819E-03,  1.07989E-03,  7.09075E-04,  4.72132E-04,  3.23639E-04
 2.32944E-04,  2.79690E-04,  2.79690E-04,  1.62610E-04,  1.62610E-04
 1.62610E-04,  1.62610E-04,  1.62610E-04,  1.62610E-04,  1.02248E+01
 2.81963E+00,  6.06088E-01,  1.04965E-01,  3.23003E-02,  1.47388E-02
 7.32120E-03,  4.09559E-03,  2.47925E-03,  1.56682E-03,  1.01368E-03
 6.64648E-04,  4.44182E-04,  3.06800E-04,  2.23169E-04,  2.68633E-04
 2.68633E-04,  1.57719E-04,  1.57719E-04,  1.57719E-04,  1.57719E-04
 1.57719E-04,  1.57719E-04,  6.21266E+00,  3.02312E+00,  7.44819E-01
 1.26343E-01,  3.24894E-02,  1.35581E-02,  6.86786E-03,  3.90210E-03
 2.36218E-03,  1.48102E-03,  9.51130E-04,  6.22333E-04,  4.17238E-04
 2.90260E-04,  2.13260E-04,  2.57872E-04,  2.57872E-04,  1.52955E-04
 1.52955E-04,  1.52955E-04,  1.52955E-04,  1.52955E-04,  1.52955E-04
 6.73604E+00,  2.35576E+00,  5.98880E-01,  1.29013E-01,  3.49839E-02
 1.35053E-02,  6.68707E-03,  3.77566E-03,  2.26484E-03,  1.40453E-03
 8.94148E-04,  5.83173E-04,  3.91868E-04,  2.74336E-04,  2.03450E-04
 2.47481E-04,  2.47481E-04,  1.48352E-04,  1.48352E-04,  1.48352E-04
 1.48352E-04,  1.48352E-04,  1.48352E-04,  4.70099E+00,  1.91770E+00
 4.32767E-01,  1.11628E-01,  3.52098E-02,  1.39296E-02,  6.74154E-03
 3.71427E-03,  2.18631E-03,  1.33622E-03,  8.41786E-04,  5.46379E-04
 3.67366E-04,  2.58408E-04,  1.93150E-04,  2.36577E-04,  2.36577E-04
 1.43200E-04,  1.43200E-04,  1.43200E-04,  1.43200E-04,  1.43200E-04
 1.43200E-04,  5.14859E+00,  1.59974E+00,  3.70449E-01,  9.69310E-02
 3.33932E-02,  1.41686E-02,  6.88267E-03,  3.69724E-03,  2.12733E-03
 1.27910E-03,  7.96563E-04,  5.13733E-04,  3.44924E-04,  2.43278E-04
 1.82929E-04,  2.25639E-04,  2.25639E-04,  1.37772E-04,  1.37772E-04
 1.37772E-04,  1.37772E-04,  1.37772E-04,  1.37772E-04,  4.93500E+00
 1.94150E+00,  4.28428E-01,  9.48774E-02,  3.14746E-02,  1.40615E-02
 6.95382E-03,  3.67928E-03,  2.07736E-03,  1.23110E-03,  7.58403E-04
 4.85590E-04,  3.24907E-04,  2.29232E-04,  1.73008E-04,  2.14751E-04
 2.14751E-04,  1.32109E-04,  1.32109E-04,  1.32109E-04,  1.32109E-04
 1.32109E-04,  1.32109E-04,  4.76969E+00,  2.57731E+00,  5.39280E-01
 9.98723E-02,  3.00854E-02,  1.36051E-02,  6.85093E-03,  3.61389E-03
 2.02031E-03,  1.18654E-03,  7.25175E-04,  4.61138E-04,  3.06990E-04
 2.16110E-04,  1.63259E-04,  2.03596E-04,  2.03596E-04,  1.25964E-04
 1.25964E-04,  1.25964E-04,  1.25964E-04,  1.25964E-04,  1.25964E-04
 5.47782E+00,  2.35142E+00,  5.14173E-01,  9.59534E-02,  2.81364E-02
 1.27780E-02,  6.55991E-03,  3.48881E-03,  1.95233E-03,  1.14503E-03
 6.97464E-04,  4.41240E-04,  2.92073E-04,  2.04741E-04,  1.54449E-04
 1.93040E-04,  1.93040E-04,  1.19985E-04,  1.19985E-04,  1.19985E-04
 1.19985E-04,  1.19985E-04,  1.19985E-04,  5.28017E+00,  1.71032E+00
 3.67608E-01,  7.87242E-02,  2.47649E-02,  1.15942E-02,  6.09723E-03
 3.30074E-03,  1.86893E-03,  1.10362E-03,  6.73540E-04,  4.25010E-04
 2.79791E-04,  1.95023E-04,  1.46595E-04,  1.83076E-04,  1.83076E-04
 1.14202E-04,  1.14202E-04,  1.14202E-04,  1.14202E-04,  1.14202E-04
 1.14202E-04,  4.82616E+00,  1.48162E+00,  3.06318E-01,  6.78412E-02
 2.17725E-02,  1.02767E-02,  5.51095E-03,  3.05454E-03,  1.76597E-03
 1.05788E-03,  6.50167E-04,  4.10354E-04,  2.68859E-04,  1.86149E-04
 1.39088E-04,  1.72930E-04,  1.72930E-04,  1.08062E-04,  1.08062E-04
 1.08062E-04,  1.08062E-04,  1.08062E-04,  1.08062E-04,  5.05970E+00
 1.67769E+00,  3.61381E-01,  7.41086E-02,  2.07594E-02,  9.14815E-03
 4.89956E-03,  2.78203E-03,  1.65272E-03,  1.01006E-03,  6.27597E-04
 3.97157E-04,  2.59262E-04,  1.78249E-04,  1.32113E-04,  1.62912E-04
 1.62912E-04,  1.01830E-04,  1.01830E-04,  1.01830E-04,  1.01830E-04
 1.01830E-04,  1.01830E-04,  4.07376E+00,  1.98934E+00,  3.88283E-01
 7.65806E-02,  2.00292E-02,  8.21189E-03,  4.32490E-03,  2.51058E-03
 1.53751E-03,  9.61669E-04,  6.05402E-04,  3.84716E-04,  2.50509E-04
 1.71095E-04,  1.25569E-04,  1.53008E-04,  1.53008E-04,  9.55860E-05
 9.55860E-05,  9.55860E-05,  9.55860E-05,  9.55860E-05,  9.55860E-05
 4.95044E+00,  1.77075E+00,  3.49629E-01,  6.72983E-02,  1.76439E-02
 7.24918E-03,  3.79916E-03,  2.25724E-03,  1.42613E-03,  9.13142E-04
 5.82502E-04,  3.71862E-04,  2.41738E-04,  1.64184E-04,  1.19100E-04
 1.42912E-04,  1.42912E-04,  8.92107E-05,  8.92107E-05,  8.92107E-05
 8.92107E-05,  8.92107E-05,  8.92107E-05,  1.47031E+00,  1.47122E+00
 2.68543E-01,  4.71840E-02,  1.40623E-02,  6.24166E-03,  3.33358E-03
 2.04020E-03,  1.32850E-03,  8.68659E-04,  5.60483E-04,  3.59199E-04
 2.33257E-04,  1.57876E-04,  1.13030E-04,  1.33177E-04,  1.33177E-04
 8.32308E-05,  8.32308E-05,  8.32308E-05,  8.32308E-05,  8.32308E-05
 8.32308E-05,  3.73503E+00,  8.30705E-01,  1.20481E-01,  2.64338E-02
 1.11292E-02,  5.27119E-03,  2.92417E-03,  1.86255E-03,  1.24729E-03
 8.29119E-04,  5.39354E-04,  3.46492E-04,  2.24831E-04,  1.52221E-04
 1.07533E-04,  1.24169E-04,  1.24169E-04,  7.81689E-05,  7.81689E-05
 7.81689E-05,  7.81689E-05,  7.81689E-05,  7.81689E-05,  8.72335E-01
 9.22890E-02,  4.00578E-02,  2.03773E-02,  8.76059E-03,  4.25259E-03
 2.55601E-03,  1.72095E-03,  1.18277E-03,  7.96574E-04,  5.21987E-04
 3.36799E-04,  2.19409E-04,  1.50119E-04,  1.07140E-04,  1.22925E-04
 1.22925E-04,  8.10049E-05,  8.10049E-05,  8.10049E-05,  8.10049E-05
 8.10049E-05,  8.10049E-05,  7.93570E-01,  2.20776E-01,  8.50438E-02
 3.49028E-02,  1.52701E-02,  8.19657E-03,  5.49015E-03,  4.08921E-03
 3.06854E-03,  2.22030E-03,  1.54084E-03,  1.04455E-03,  7.15540E-04
 5.17777E-04,  4.28205E-04,  5.64561E-04,  5.64561E-04,  4.59466E-04
 4.59466E-04,  4.59466E-04,  4.59466E-04,  4.59466E-04,  4.59466E-04
 7.93570E-01,  2.20776E-01,  8.50438E-02,  3.49028E-02,  1.52701E-02
 8.19657E-03,  5.49015E-03,  4.08921E-03,  3.06854E-03,  2.22030E-03
 1.54084E-03,  1.04455E-03,  7.15540E-04,  5.17777E-04,  4.28205E-04
 5.64561E-04,  5.64561E-04,  4.59466E-04,  4.59466E-04,  4.59466E-04
 4.59466E-04,  4.59466E-04,  4.59466E-04,  3.20090E-02,  3.33476E-02
 3.15009E-02,  2.50026E-02,  1.79624E-02,  1.27131E-02,  9.46760E-03
 7.60667E-03,  6.46593E-03,  5.61937E-03,  4.88820E-03,  4.22094E-03
 3.61202E-03,  3.07452E-03,  2.62947E-03,  5.81733E-03,  5.81733E-03
 8.68491E-03,  8.68491E-03,  8.68491E-03,  8.68491E-03,  8.68491E-03
 8.68491E-03,  3.20090E-02,  3.33476E-02,  3.15009E-02,  2.50026E-02
 1.79624E-02,  1.27131E-02,  9.46760E-03,  7.60667E-03,  6.46593E-03
 5.61937E-03,  4.88820E-03,  4.22094E-03,  3.61202E-03,  3.07452E-03
 2.62947E-03,  5.81733E-03,  5.81733E-03,  8.68491E-03,  8.68491E-03
 8.68491E-03,  8.68491E-03,  8.68491E-03,  8.68491E-03,  3.20090E-02
 3.33476E-02,  3.15009E-02,  2.50026E-02,  1.79624E-02,  1.27131E-02
 9.46760E-03,  7.60667E-03,  6.46593E-03,  5.61937E-03,  4.88820E-03
 4.22094E-03,  3.61202E-03,  3.07452E-03,  2.62947E-03,  5.81733E-03
 5.81733E-03,  8.68491E-03,  8.68491E-03,  8.68491E-03,  8.68491E-03
 8.68491E-03,  8.68491E-03,  3.20090E-02,  3.33476E-02,  3.15009E-02
 2.50026E-02,  1.79624E-02,  1.27131E-02,  9.46760E-03,  7.60667E-03
 6.46593E-03,  5.61937E-03,  4.88820E-03,  4.22094E-03,  3.61202E-03
 3.07452E-03,  2.62947E-03,  5.81733E-03,  5.81733E-03,  8.68491E-03
 8.68491E-03,  8.68491E-03,  8.68491E-03,  8.68491E-03,  8.68491E-03
 3.20090E-02,  3.33476E-02,  3.15009E-02,  2.50026E-02,  1.79624E-02
 1.27131E-02,  9.46760E-03,  7.60667E-03,  6.46593E-03,  5.61937E-03
 4.88820E-03,  4.22094E-03,  3.61202E-03,  3.07452E-03,  2.62947E-03
 5.81733E-03,  5.81733E-03,  8.68491E-03,  8.68491E-03,  8.68491E-03
 8.68491E-03,  8.68491E-03,  8.68491E-03,  3.20090E-02,  3.33476E-02
 3.15009E-02,  2.50026E-02,  1.79624E-02,  1.27131E-02,  9.46760E-03
 7.60667E-03,  6.46593E-03,  5.61937E-03,  4.88820E-03,  4.22094E-03
 3.61202E-03,  3.07452E-03,  2.62947E-03,  5.81733E-03,  5.81733E-03
 8.68491E-03,  8.68491E-03,  8.68491E-03,  8.68491E-03,  8.68491E-03
 8.68491E-03

;------ Iteration  2
;-Index  V/I_Meas      V/I_Calc    VI_%ERR
  1,    2.07243E+01,   1.69039E+01,  -18.43
  2,    6.65948E+00,   4.62215E+00,  -30.59
  3,    2.56875E+00,   1.04270E+00,  -59.41
  4,    1.24840E+00,   6.27658E-01,  -49.72
  5,    9.38865E-02,   2.13516E-01,  127.42
  6,    7.94650E-01,   1.03450E-01,  -86.98
  7,    1.51760E-01,   1.28874E-01,  -15.08
  8,    9.01102E-02,   1.02352E-01,  13.59
  9,    2.51083E+01,   1.59778E+01,  -36.36
  10,    6.05705E+00,   2.89713E+00,  -52.17
  11,    2.62075E+00,   1.41855E+00,  -45.87
  12,    1.10857E+00,   3.42756E-01,  -69.08
  13,    7.01832E-01,   7.92145E-02,  -88.71
  14,    1.39745E-01,   5.71208E-02,  -59.13
  15,    8.66431E-02,   1.65420E-02,  -80.91
  16,    3.66935E-02,   8.41928E-02,  129.45
  17,    2.42305E-01,   1.07976E-01,  -55.44
  18,    1.08723E-01,   8.88354E-02,  -18.29
  19,    6.45944E-02,   5.92194E-02,  -8.32
  20,    3.79840E-02,   3.48495E-02,  -8.25
  21,    2.77012E-02,   2.53778E-02,  -8.39
  22,    2.10235E+01,   2.90614E+01,  38.23
  23,    5.51175E+00,   1.17301E+01,  112.82
  24,    2.10442E+00,   2.53243E+00,  20.34
  25,    8.42778E-01,   4.78532E-01,  -43.22
  26,    7.01584E-01,   2.42886E-01,  -65.38
  27,    1.23720E-01,   5.71034E-02,  -53.84
  28,    8.03241E-02,   5.38669E-02,  -32.94
  29,    2.18757E-01,   1.23743E-01,  -43.43
  30,    1.03491E-01,   8.74320E-02,  -15.52
  31,    5.92737E-02,   4.95034E-02,  -16.48
  32,    3.80062E-02,   2.75058E-02,  -27.63
  33,    2.69831E-02,   2.08411E-02,  -22.76
  34,    4.16334E-02,   4.17630E-02,  0.31
  35,    3.13011E-02,   3.51651E-02,  12.34
  36,    2.56430E-02,   3.07661E-02,  19.98
  37,    2.12077E+01,   2.48274E+01,  17.07
  38,    5.34089E+00,   4.23978E+00,  -20.62
  39,    1.90316E+00,   6.97544E-01,  -63.35
  40,    7.61439E-01,   4.85092E-01,  -36.29
  41,    6.87240E-01,   6.62988E-02,  -90.35
  42,    1.40548E-01,   6.03697E-02,  -57.05
  43,    7.82689E-02,   4.38649E-02,  -43.96
  44,    2.08930E-01,   1.64073E-01,  -21.47
  45,    1.10353E-01,   9.93402E-02,  -9.98
  46,    5.87669E-02,   5.23177E-02,  -10.97
  47,    4.03443E-02,   3.47556E-02,  -13.85
  48,    2.84742E-02,   2.37146E-02,  -16.72
  49,    4.56410E-02,   3.59058E-02,  -21.33
  50,    3.47810E-02,   3.09231E-02,  -11.09
  51,    2.67499E-02,   2.37580E-02,  -11.18
  52,    4.41874E-02,   4.68502E-02,  6.03
  53,    2.76329E-02,   3.23587E-02,  17.10
  54,    2.43151E-02,   2.73352E-02,  12.42
  55,    2.33259E+01,   1.05853E+01,  -54.62
  56,    4.91551E+00,   1.12831E+00,  -77.05
  57,    1.71542E+00,   5.64406E-01,  -67.10
  58,    7.63683E-01,   3.07231E-01,  -59.77
  59,    6.25297E-01,   4.19224E-02,  -93.30
  60,    1.34355E-01,   2.88011E-02,  -78.56
  61,    8.57191E-02,   2.62790E-02,  -69.34
  62,    2.89493E-02,   5.15882E-02,  78.20
  63,    2.31722E-01,   1.13822E-01,  -50.88
  64,    1.18091E-01,   6.09754E-02,  -48.37
  65,    6.76859E-02,   3.18773E-02,  -52.90
  66,    4.56516E-02,   2.31405E-02,  -49.31
  67,    3.30751E-02,   1.69295E-02,  -48.81
  68,    5.05039E-02,   3.36310E-02,  -33.41
  69,    3.83803E-02,   3.05560E-02,  -20.39
  70,    2.78508E-02,   2.08061E-02,  -25.29
  71,    4.45802E-02,   3.18160E-02,  -28.63
  72,    2.72002E-02,   2.14127E-02,  -21.28
  73,    2.78031E-02,   2.08472E-02,  -25.02
  74,    3.00666E-02,   2.32481E-02,  -22.68
  75,    2.17111E-02,   1.45663E-02,  -32.91
  76,    2.51867E+01,   1.62828E+01,  -35.35
  77,    4.91285E+00,   5.59547E+00,  13.89
  78,    1.79343E+00,   2.59644E+00,  44.78
  79,    8.39700E-01,   3.23536E-01,  -61.47
  80,    1.49670E-01,   2.21124E-01,  47.74
  81,    5.44582E-01,   1.39293E-01,  -74.42
  82,    1.47258E-01,   1.19603E-01,  -18.78
  83,    9.33280E-02,   7.69708E-02,  -17.53
  84,    2.58679E-01,   1.66867E-01,  -35.49
  85,    1.22031E-01,   7.89187E-02,  -35.33
  86,    7.54422E-02,   4.81386E-02,  -36.19
  87,    5.03819E-02,   3.10595E-02,  -38.35
  88,    3.87900E-02,   2.60850E-02,  -32.75
  89,    5.76154E-02,   4.28867E-02,  -25.56
  90,    4.36995E-02,   3.54410E-02,  -18.90
  91,    3.19190E-02,   2.49371E-02,  -21.87
  92,    4.86561E-02,   4.17378E-02,  -14.22
  93,    3.01298E-02,   2.91862E-02,  -3.13
  94,    2.91209E-02,   2.48832E-02,  -14.55
  95,    3.00144E-02,   2.07827E-02,  -30.76
  96,    2.13417E-02,   1.30239E-02,  -38.97
  97,    2.58147E-02,   1.77555E-02,  -31.22
  98,    1.98618E-02,   1.37443E-02,  -30.80
  99,    2.75923E+01,   2.60969E+01,  -5.42
  100,    5.35987E+00,   9.07731E+00,  69.36
  101,    2.08741E+00,   8.40886E-01,  -59.72
  102,    1.02678E+00,   4.60627E-01,  -55.14
  103,    1.87425E-01,   2.57163E-01,  37.21
  104,    5.75910E-01,   2.02430E-01,  -64.85
  105,    1.72181E-01,   1.24155E-01,  -27.89
  106,    1.17447E-01,   9.13493E-02,  -22.22
  107,    2.90909E-01,   2.43771E-01,  -16.20
  108,    1.47621E-01,   1.12079E-01,  -24.08
  109,    8.99679E-02,   7.53864E-02,  -16.21
  110,    6.19399E-02,   5.23451E-02,  -15.49
  111,    4.74925E-02,   4.09126E-02,  -13.85
  112,    6.89750E-02,   6.00199E-02,  -12.98
  113,    4.92579E-02,   4.38854E-02,  -10.91
  114,    3.40743E-02,   3.03662E-02,  -10.88
  115,    5.22244E-02,   4.73653E-02,  -9.30
  116,    3.38687E-02,   3.53569E-02,  4.39
  117,    3.23105E-02,   2.61720E-02,  -19.00
  118,    3.19228E-02,   2.55097E-02,  -20.09
  119,    2.16338E-02,   1.55992E-02,  -27.89
  120,    2.66745E-02,   1.79868E-02,  -32.57
  121,    2.14036E-02,   1.41406E-02,  -33.93
  122,    2.84921E+01,   3.54480E+01,  24.41
  123,    5.72150E+00,   2.34371E+00,  -59.04
  124,    2.31320E+00,   9.97972E-01,  -56.86
  125,    9.68294E-01,   4.77994E-01,  -50.64
  126,    1.86464E-01,   3.34117E-01,  79.19
  127,    6.10218E-01,   1.91321E-01,  -68.65
  128,    1.88712E-01,   1.33839E-01,  -29.08
  129,    1.03236E-01,   7.83548E-02,  -24.10
  130,    2.96212E-01,   2.21858E-01,  -25.10
  131,    1.63627E-01,   1.22190E-01,  -25.32
  132,    1.00222E-01,   7.47135E-02,  -25.45
  133,    7.38560E-02,   6.06070E-02,  -17.94
  134,    5.39285E-02,   4.62420E-02,  -14.25
  135,    8.00984E-02,   8.46501E-02,  5.68
  136,    5.42293E-02,   5.46935E-02,  0.86
  137,    3.46281E-02,   3.99295E-02,  15.31
  138,    5.20586E-02,   5.46064E-02,  4.89
  139,    4.13181E-02,   4.47233E-02,  8.24
  140,    3.06594E-02,   2.77220E-02,  -9.58
  141,    3.37121E-02,   2.87842E-02,  -14.62
  142,    2.32575E-02,   1.83065E-02,  -21.29
  143,    2.79093E-02,   2.19561E-02,  -21.33
  144,    2.16048E-02,   1.66272E-02,  -23.04
  145,    2.88518E+01,   1.01540E+01,  -64.81
  146,    6.07769E+00,   3.04357E+00,  -49.92
  147,    2.01531E+00,   1.22964E+00,  -38.99
  148,    9.22482E-01,   7.58888E-01,  -17.73
  149,    2.93652E-01,   4.04111E-01,  37.62
  150,    4.42888E-01,   2.68221E-01,  -39.44
  151,    1.43564E-01,   1.49239E-01,  3.95
  152,    9.80310E-02,   9.00209E-02,  -8.17
  153,    2.89595E-01,   2.40841E-01,  -16.84
  154,    1.62090E-01,   1.46652E-01,  -9.52
  155,    1.02372E-01,   9.65864E-02,  -5.65
  156,    7.43722E-02,   7.28209E-02,  -2.09
  157,    5.26667E-02,   6.26211E-02,  18.90
  158,    8.48895E-02,   1.01007E-01,  18.99
  159,    5.70213E-02,   6.79630E-02,  19.19
  160,    3.24661E-02,   4.75738E-02,  46.53
  161,    5.09961E-02,   7.05504E-02,  38.34
  162,    4.73332E-02,   6.74440E-02,  42.49
  163,    2.71496E-02,   3.46510E-02,  27.63
  164,    3.33201E-02,   3.49996E-02,  5.04
  165,    2.30520E-02,   2.31163E-02,  0.28
  166,    2.80427E-02,   2.67390E-02,  -4.65
  167,    2.28094E-02,   2.12427E-02,  -6.87
  168,    3.29446E+01,   1.59474E+01,  -51.59
  169,    5.95258E+00,   4.38835E+00,  -26.28
  170,    2.26191E+00,   2.11699E+00,  -6.41
  171,    9.77684E-01,   9.67783E-01,  -1.01
  172,    3.24570E-01,   5.71370E-01,  76.04
  173,    4.23618E-01,   2.81176E-01,  -33.63
  174,    1.53060E-01,   1.47235E-01,  -3.81
  175,    9.56131E-02,   9.54959E-02,  -0.12
  176,    2.82887E-01,   2.86677E-01,  1.34
  177,    1.58797E-01,   1.54216E-01,  -2.88
  178,    1.07999E-01,   1.16921E-01,  8.26
  179,    7.42793E-02,   8.48626E-02,  14.25
  180,    5.51055E-02,   7.71178E-02,  39.95
  181,    8.47283E-02,   1.07158E-01,  26.47
  182,    5.42794E-02,   7.04687E-02,  29.83
  183,    3.04051E-02,   4.86023E-02,  59.85
  184,    5.27314E-02,   8.21930E-02,  55.87
  185,    4.60293E-02,   6.92461E-02,  50.44
  186,    2.79294E-02,   3.89149E-02,  39.33
  187,    3.38499E-02,   4.09690E-02,  21.03
  188,    2.26353E-02,   2.76574E-02,  22.19
  189,    2.78493E-02,   3.09596E-02,  11.17
  190,    2.83924E+01,   1.60545E+01,  -43.45
  191,    6.10244E+00,   5.45908E+00,  -10.54
  192,    2.13197E+00,   2.12954E+00,  -0.11
  193,    9.54436E-01,   1.12839E+00,  18.23
  194,    2.45200E-01,   5.00083E-01,  103.95
  195,    3.76698E-01,   2.29286E-01,  -39.13
  196,    1.33233E-01,   1.33251E-01,  0.01
  197,    9.42898E-02,   8.96909E-02,  -4.88
  198,    2.82526E-01,   2.65932E-01,  -5.87
  199,    1.63757E-01,   1.45793E-01,  -10.97
  200,    1.10012E-01,   9.77593E-02,  -11.14
  201,    7.46303E-02,   7.74565E-02,  3.79
  202,    5.90355E-02,   6.57217E-02,  11.33
  203,    8.03295E-02,   9.31904E-02,  16.01
  204,    4.74987E-02,   6.28253E-02,  32.27
  205,    3.07734E-02,   4.73781E-02,  53.96
  206,    5.14108E-02,   7.94461E-02,  54.53
  207,    4.45487E-02,   5.79429E-02,  30.07
  208,    2.74163E-02,   3.74807E-02,  36.71
  209,    3.06639E-02,   3.69457E-02,  20.49
  210,    2.23371E-02,   2.72426E-02,  21.96
  211,    2.72825E-02,   3.19832E-02,  17.23
  212,    3.25904E+01,   1.60187E+01,  -50.85
  213,    6.03535E+00,   4.61794E+00,  -23.49
  214,    2.22474E+00,   2.16629E+00,  -2.63
  215,    7.89918E-01,   8.96340E-01,  13.47
  216,    2.48124E-01,   3.87115E-01,  56.02
  217,    3.35292E-01,   2.15283E-01,  -35.79
  218,    1.32921E-01,   1.38806E-01,  4.43
  219,    8.68220E-02,   8.24282E-02,  -5.06
  220,    2.64123E-01,   2.33141E-01,  -11.73
  221,    1.65569E-01,   1.48869E-01,  -10.09
  222,    1.07036E-01,   9.42763E-02,  -11.92
  223,    7.59017E-02,   7.80753E-02,  2.86
  224,    5.40453E-02,   5.40108E-02,  -0.06
  225,    8.10408E-02,   8.17699E-02,  0.90
  226,    4.27062E-02,   5.08369E-02,  19.04
  227,    3.14016E-02,   4.24708E-02,  35.25
  228,    5.61689E-02,   8.13343E-02,  44.80
  229,    3.83145E-02,   4.91795E-02,  28.36
  230,    2.56840E-02,   3.35094E-02,  30.47
  231,    2.82814E-02,   3.40342E-02,  20.34
  232,    2.13449E-02,   2.68077E-02,  25.59
  233,    2.72835E-02,   3.32233E-02,  21.77
  234,    2.60792E+01,   1.47061E+01,  -43.61
  235,    5.43997E+00,   4.83856E+00,  -11.06
  236,    1.55118E+00,   1.69638E+00,  9.36
  237,    6.28012E-01,   6.35619E-01,  1.21
  238,    2.03822E-01,   3.17021E-01,  55.54
  239,    2.36711E-01,   1.82836E-01,  -22.76
  240,    1.01014E-01,   1.00556E-01,  -0.45
  241,    7.10739E-02,   6.60308E-02,  -7.10
  242,    2.37972E-01,   2.30254E-01,  -3.24
  243,    1.50735E-01,   1.38458E-01,  -8.14
  244,    9.68624E-02,   1.01610E-01,  4.90
  245,    7.46612E-02,   8.14604E-02,  9.11
  246,    4.77969E-02,   4.95205E-02,  3.61
  247,    7.03605E-02,   6.43398E-02,  -8.56
  248,    3.70233E-02,   3.93111E-02,  6.18
  249,    3.44764E-02,   4.00822E-02,  16.26
  250,    5.95121E-02,   7.47120E-02,  25.54
  251,    3.17637E-02,   3.67931E-02,  15.83
  252,    2.44197E-02,   2.61710E-02,  7.17
  253,    2.69293E-02,   3.28008E-02,  21.80
  254,    1.95159E-02,   2.42223E-02,  24.12
  255,    2.63180E-02,   3.20654E-02,  21.84
  256,    3.70037E+01,   2.26835E+01,  -38.70
  257,    6.07736E+00,   5.94620E+00,  -2.16
  258,    1.93509E+00,   1.84871E+00,  -4.46
  259,    6.86918E-01,   7.96560E-01,  15.96
  260,    2.31855E-01,   3.89238E-01,  67.88
  261,    2.85318E-01,   1.87626E-01,  -34.24
  262,    1.19573E-01,   1.11758E-01,  -6.54
  263,    8.72093E-02,   9.02079E-02,  3.44
  264,    2.50916E-01,   2.49466E-01,  -0.58
  265,    1.50949E-01,   1.43820E-01,  -4.72
  266,    9.97042E-02,   1.13352E-01,  13.69
  267,    6.79016E-02,   7.55727E-02,  11.30
  268,    4.91152E-02,   4.90992E-02,  -0.03
  269,    6.06553E-02,   6.40361E-02,  5.57
  270,    3.72737E-02,   4.43340E-02,  18.94
  271,    3.47560E-02,   4.08147E-02,  17.43
  272,    5.53386E-02,   6.14404E-02,  11.03
  273,    3.16469E-02,   3.25622E-02,  2.89
  274,    2.13461E-02,   2.09347E-02,  -1.93
  275,    2.57171E-02,   2.82085E-02,  9.69
  276,    1.88288E-02,   2.14342E-02,  13.84
  277,    2.46788E-02,   2.99549E-02,  21.38
  278,    3.46072E+01,   2.15092E+01,  -37.85
  279,    6.78734E+00,   4.99181E+00,  -26.45
  280,    1.83269E+00,   1.81560E+00,  -0.93
  281,    6.79957E-01,   7.43674E-01,  9.37
  282,    1.85478E-01,   3.04715E-01,  64.29
  283,    3.07694E-01,   1.58073E-01,  -48.63
  284,    1.19004E-01,   1.16301E-01,  -2.27
  285,    8.97034E-02,   7.41643E-02,  -17.32
  286,    2.70660E-01,   2.33905E-01,  -13.58
  287,    1.57234E-01,   1.55462E-01,  -1.13
  288,    1.12358E-01,   1.17961E-01,  4.99
  289,    6.80839E-02,   6.77953E-02,  -0.42
  290,    4.72548E-02,   4.33311E-02,  -8.30
  291,    5.29234E-02,   5.58199E-02,  5.47
  292,    3.74505E-02,   4.43128E-02,  18.32
  293,    3.42883E-02,   3.46182E-02,  0.96
  294,    5.42960E-02,   5.38036E-02,  -0.91
  295,    3.08836E-02,   3.29434E-02,  6.67
  296,    1.97530E-02,   1.97031E-02,  -0.25
  297,    2.42351E-02,   2.34423E-02,  -3.27
  298,    1.85181E-02,   1.88915E-02,  2.02
  299,    2.43974E-02,   2.65301E-02,  8.74
  300,    4.23277E+01,   2.13332E+01,  -49.60
  301,    7.44763E+00,   5.91266E+00,  -20.61
  302,    2.09371E+00,   2.03166E+00,  -2.96
  303,    7.79404E-01,   7.11303E-01,  -8.74
  304,    1.91602E-01,   3.17725E-01,  65.83
  305,    3.78759E-01,   2.08648E-01,  -44.91
  306,    1.48487E-01,   1.20690E-01,  -18.72
  307,    9.99060E-02,   7.84172E-02,  -21.51
  308,    2.88083E-01,   2.37023E-01,  -17.72
  309,    1.73485E-01,   1.69634E-01,  -2.22
  310,    1.09826E-01,   1.06456E-01,  -3.07
  311,    7.46354E-02,   6.36750E-02,  -14.69
  312,    4.36110E-02,   3.76662E-02,  -13.63
  313,    5.13951E-02,   5.11557E-02,  -0.47
  314,    4.50839E-02,   5.01330E-02,  11.20
  315,    2.97197E-02,   2.78028E-02,  -6.45
  316,    4.69384E-02,   4.51249E-02,  -3.86
  317,    2.95880E-02,   2.91881E-02,  -1.35
  318,    1.92295E-02,   1.84802E-02,  -3.90
  319,    2.35129E-02,   2.32694E-02,  -1.04
  320,    1.79449E-02,   1.78214E-02,  -0.69
  321,    3.80804E+01,   2.34476E+01,  -38.43
  322,    6.76850E+00,   6.04618E+00,  -10.67
  323,    1.95633E+00,   1.77312E+00,  -9.36
  324,    7.22030E-01,   6.74718E-01,  -6.55
  325,    2.45501E-01,   3.87973E-01,  58.03
  326,    3.14589E-01,   1.98398E-01,  -36.93
  327,    1.32839E-01,   1.16265E-01,  -12.48
  328,    9.12254E-02,   8.89519E-02,  -2.49
  329,    2.81530E-01,   2.76890E-01,  -1.65
  330,    1.84205E-01,   1.91733E-01,  4.09
  331,    1.01430E-01,   1.01659E-01,  0.23
  332,    6.69656E-02,   5.86162E-02,  -12.47
  333,    3.76459E-02,   3.43263E-02,  -8.82
  334,    5.08173E-02,   5.17075E-02,  1.75
  335,    4.43708E-02,   4.52399E-02,  1.96
  336,    2.39373E-02,   2.21635E-02,  -7.41
  337,    3.91844E-02,   3.88848E-02,  -0.76
  338,    2.76876E-02,   2.62455E-02,  -5.21
  339,    1.84457E-02,   1.79089E-02,  -2.91
  340,    2.23618E-02,   2.18778E-02,  -2.16
  341,    1.70212E-02,   1.64979E-02,  -3.07
  342,    4.82802E+01,   2.07212E+01,  -57.08
  343,    8.77579E+00,   4.54888E+00,  -48.17
  344,    2.45714E+00,   1.45161E+00,  -40.92
  345,    9.03480E-01,   7.27952E-01,  -19.43
  346,    1.82202E-01,   3.27384E-01,  79.68
  347,    5.68158E-01,   1.70588E-01,  -69.98
  348,    1.66081E-01,   1.22815E-01,  -26.05
  349,    1.09426E-01,   9.48993E-02,  -13.28
  350,    3.16558E-01,   3.05725E-01,  -3.42
  351,    1.79875E-01,   1.78029E-01,  -1.03
  352,    1.09995E-01,   9.71493E-02,  -11.68
  353,    5.94460E-02,   5.17218E-02,  -12.99
  354,    3.31911E-02,   3.15539E-02,  -4.93
  355,    5.25062E-02,   5.51651E-02,  5.06
  356,    4.42747E-02,   4.03071E-02,  -8.96
  357,    2.24154E-02,   2.11204E-02,  -5.78
  358,    3.92747E-02,   3.62587E-02,  -7.68
  359,    2.48500E-02,   2.19905E-02,  -11.51
  360,    1.74309E-02,   1.56310E-02,  -10.33
  361,    2.08296E-02,   1.98188E-02,  -4.85
  362,    1.74077E-02,   1.63949E-02,  -5.82
  363,    4.38445E+01,   1.72559E+01,  -60.64
  364,    7.49710E+00,   4.02651E+00,  -46.29
  365,    2.15001E+00,   1.66799E+00,  -22.42
  366,    9.91793E-01,   6.29727E-01,  -36.51
  367,    1.39811E-01,   2.73202E-01,  95.41
  368,    5.69839E-01,   1.77192E-01,  -68.90
  369,    1.61607E-01,   1.27264E-01,  -21.25
  370,    1.27958E-01,   1.01218E-01,  -20.90
  371,    3.73491E-01,   3.17631E-01,  -14.96
  372,    1.82501E-01,   1.55521E-01,  -14.78
  373,    1.07117E-01,   8.17240E-02,  -23.71
  374,    5.49832E-02,   4.31910E-02,  -21.45
  375,    3.14264E-02,   2.73578E-02,  -12.95
  376,    5.80390E-02,   6.09902E-02,  5.08
  377,    3.50537E-02,   3.13231E-02,  -10.64
  378,    2.26806E-02,   2.19610E-02,  -3.17
  379,    3.84461E-02,   3.60318E-02,  -6.28
  380,    2.28213E-02,   2.00710E-02,  -12.05
  381,    1.63110E-02,   1.42573E-02,  -12.59
  382,    2.02806E-02,   1.82504E-02,  -10.01
  383,    4.16206E+01,   2.13492E+01,  -48.71
  384,    6.32291E+00,   6.62517E+00,  4.78
  385,    2.42941E+00,   2.06241E+00,  -15.11
  386,    9.34296E-01,   7.17521E-01,  -23.20
  387,    2.53052E-01,   3.98871E-01,  57.62
  388,    4.70146E-01,   2.53713E-01,  -46.04
  389,    2.05146E-01,   1.88959E-01,  -7.89
  390,    1.38997E-01,   1.37735E-01,  -0.91
  391,    3.64430E-01,   3.43212E-01,  -5.82
  392,    1.98949E-01,   1.66670E-01,  -16.22
  393,    9.42916E-02,   7.84386E-02,  -16.81
  394,    4.87184E-02,   4.28032E-02,  -12.14
  395,    3.58201E-02,   3.35958E-02,  -6.21
  396,    6.18732E-02,   6.05392E-02,  -2.16
  397,    3.14527E-02,   2.75585E-02,  -12.38
  398,    2.36043E-02,   2.17177E-02,  -7.99
  399,    3.66439E-02,   3.36730E-02,  -8.11
  400,    2.19586E-02,   1.97414E-02,  -10.10
  401,    1.62634E-02,   1.45985E-02,  -10.24
  402,    2.03385E-02,   1.84234E-02,  -9.42
  403,    3.15710E+01,   2.20283E+01,  -30.23
  404,    7.42207E+00,   5.18935E+00,  -30.08
  405,    2.14589E+00,   1.48366E+00,  -30.86
  406,    8.45372E-01,   7.16528E-01,  -15.24
  407,    2.44612E-01,   4.04970E-01,  65.56
  408,    4.92168E-01,   2.81599E-01,  -42.78
  409,    1.99963E-01,   1.96442E-01,  -1.76
  410,    1.13386E-01,   1.11978E-01,  -1.24
  411,    3.50445E-01,   3.40606E-01,  -2.81
  412,    1.83315E-01,   1.53427E-01,  -16.30
  413,    8.18915E-02,   6.80754E-02,  -16.87
  414,    4.43376E-02,   3.95771E-02,  -10.74
  415,    3.74022E-02,   4.15265E-02,  11.03
  416,    6.16918E-02,   5.42520E-02,  -12.06
  417,    2.91736E-02,   2.66854E-02,  -8.53
  418,    2.26963E-02,   1.95121E-02,  -14.03
  419,    3.60432E-02,   3.07913E-02,  -14.57
  420,    2.23686E-02,   1.94681E-02,  -12.97
  421,    1.57647E-02,   1.36099E-02,  -13.67
  422,    1.92219E-02,   1.67837E-02,  -12.68
  423,    4.08932E+01,   1.89250E+01,  -53.72
  424,    6.90435E+00,   3.97242E+00,  -42.46
  425,    1.99952E+00,   1.62029E+00,  -18.97
  426,    8.46089E-01,   8.02924E-01,  -5.10
  427,    3.85740E-01,   5.16005E-01,  33.77
  428,    4.86175E-01,   3.42529E-01,  -29.55
  429,    1.78218E-01,   1.87862E-01,  5.41
  430,    1.34689E-01,   1.34862E-01,  0.13
  431,    3.74887E-01,   3.46274E-01,  -7.63
  432,    1.54621E-01,   1.35910E-01,  -12.10
  433,    7.03302E-02,   6.09988E-02,  -13.27
  434,    4.76763E-02,   4.52100E-02,  -5.17
  435,    3.89113E-02,   4.05134E-02,  4.12
  436,    5.12519E-02,   4.48602E-02,  -12.47
  437,    3.10974E-02,   2.97685E-02,  -4.27
  438,    1.97023E-02,   1.71399E-02,  -13.01
  439,    3.20080E-02,   2.77009E-02,  -13.46
  440,    2.10656E-02,   1.83602E-02,  -12.84
  441,    1.54380E-02,   1.33231E-02,  -13.70
  442,    1.94699E-02,   1.62095E-02,  -16.75
  443,    3.69067E+01,   1.45707E+01,  -60.52
  444,    6.11714E+00,   4.34007E+00,  -29.05
  445,    1.96900E+00,   1.81334E+00,  -7.91
  446,    1.11223E+00,   1.06146E+00,  -4.56
  447,    4.54019E-01,   6.67621E-01,  47.05
  448,    4.47306E-01,   3.52797E-01,  -21.13
  449,    2.22446E-01,   2.44289E-01,  9.82
  450,    1.42246E-01,   1.34949E-01,  -5.13
  451,    3.65735E-01,   3.49676E-01,  -4.39
  452,    1.39970E-01,   1.24039E-01,  -11.38
  453,    6.62039E-02,   6.30680E-02,  -4.74
  454,    5.30261E-02,   6.32535E-02,  19.29
  455,    4.62791E-02,   4.42448E-02,  -4.40
  456,    4.34874E-02,   4.04594E-02,  -6.96
  457,    3.12419E-02,   3.02800E-02,  -3.08
  458,    1.85895E-02,   1.68341E-02,  -9.44
  459,    3.09585E-02,   2.79957E-02,  -9.57
  460,    2.11322E-02,   1.85027E-02,  -12.44
  461,    1.56539E-02,   1.39662E-02,  -10.78
  462,    2.06630E-02,   1.74100E-02,  -15.74
  463,    3.06150E+01,   1.50498E+01,  -50.84
  464,    5.59096E+00,   4.28521E+00,  -23.35
  465,    2.54020E+00,   2.11377E+00,  -16.79
  466,    1.17197E+00,   1.21934E+00,  4.04
  467,    3.70809E-01,   6.11361E-01,  64.87
  468,    5.48992E-01,   4.04382E-01,  -26.34
  469,    2.29461E-01,   2.13838E-01,  -6.81
  470,    1.23286E-01,   1.31510E-01,  6.67
  471,    3.23268E-01,   3.30472E-01,  2.23
  472,    1.25831E-01,   1.18686E-01,  -5.68
  473,    7.66221E-02,   8.18044E-02,  6.76
  474,    5.95566E-02,   7.05019E-02,  18.38
  475,    3.93403E-02,   3.97025E-02,  0.92
  476,    4.23110E-02,   4.31322E-02,  1.94
  477,    3.11593E-02,   2.98628E-02,  -4.16
  478,    1.91772E-02,   1.86448E-02,  -2.78
  479,    3.08001E-02,   2.87620E-02,  -6.62
  480,    2.13899E-02,   1.96813E-02,  -7.99
  481,    1.53893E-02,   1.38926E-02,  -9.73
  482,    2.96490E+01,   1.35616E+01,  -54.26
  483,    7.54684E+00,   4.56986E+00,  -39.45
  484,    2.69279E+00,   2.26915E+00,  -15.73
  485,    1.10216E+00,   1.05444E+00,  -4.33
  486,    3.55291E-01,   6.59327E-01,  85.57
  487,    7.24874E-01,   3.32871E-01,  -54.08
  488,    2.01173E-01,   1.97043E-01,  -2.05
  489,    1.09193E-01,   9.40866E-02,  -13.83
  490,    2.85219E-01,   2.51748E-01,  -11.74
  491,    1.14398E-01,   1.09631E-01,  -4.17
  492,    8.33429E-02,   1.04640E-01,  25.55
  493,    6.73928E-02,   6.95805E-02,  3.25
  494,    3.10131E-02,   3.05191E-02,  -1.59
  495,    4.63897E-02,   5.10525E-02,  10.05
  496,    2.79575E-02,   2.77230E-02,  -0.84
  497,    1.93758E-02,   1.94234E-02,  0.25
  498,    3.14156E-02,   3.07036E-02,  -2.27
  499,    2.10809E-02,   1.97929E-02,  -6.11
  500,    1.58374E-02,   1.43890E-02,  -9.15
  501,    4.24601E+01,   1.40523E+01,  -66.90
  502,    7.85526E+00,   4.87619E+00,  -37.92
  503,    2.59148E+00,   1.97587E+00,  -23.76
  504,    1.40339E+00,   1.13560E+00,  -19.08
  505,    2.69711E-01,   5.39788E-01,  100.14
  506,    8.16428E-01,   3.05284E-01,  -62.61
  507,    1.79430E-01,   1.37250E-01,  -23.51
  508,    9.71550E-02,   7.05757E-02,  -27.36
  509,    2.52782E-01,   2.06184E-01,  -18.43
  510,    1.31542E-01,   1.29964E-01,  -1.20
  511,    9.25395E-02,   1.07599E-01,  16.27
  512,    5.65087E-02,   5.72894E-02,  1.38
  513,    3.04459E-02,   3.05417E-02,  0.31
  514,    4.72243E-02,   5.11711E-02,  8.36
  515,    2.64648E-02,   2.69511E-02,  1.84
  516,    1.95223E-02,   1.98037E-02,  1.44
  517,    3.12206E-02,   3.09444E-02,  -0.88
  518,    2.13894E-02,   2.07726E-02,  -2.88
  519,    1.68177E-02,   1.54333E-02,  -8.23
  520,    3.41563E+01,   1.75415E+01,  -48.64
  521,    6.58037E+00,   5.12157E+00,  -22.17
  522,    2.85394E+00,   2.52200E+00,  -11.63
  523,    1.32024E+00,   1.08869E+00,  -17.54
  524,    2.97713E-01,   5.74872E-01,  93.10
  525,    5.38794E-01,   2.37096E-01,  -56.00
  526,    1.39096E-01,   1.08746E-01,  -21.82
  527,    7.57013E-02,   6.79880E-02,  -10.19
  528,    2.18441E-01,   1.92352E-01,  -11.94
  529,    1.42850E-01,   1.71978E-01,  20.39
  530,    1.04678E-01,   1.08647E-01,  3.79
  531,    4.50503E-02,   4.52821E-02,  0.51
  532,    3.05649E-02,   3.65237E-02,  19.50
  533,    4.68946E-02,   4.92353E-02,  4.99
  534,    2.70807E-02,   2.93162E-02,  8.26
  535,    1.89779E-02,   1.95773E-02,  3.16
  536,    3.05025E-02,   3.09248E-02,  1.38
  537,    2.15553E-02,   2.17158E-02,  0.74
  538,    1.75997E-02,   1.67739E-02,  -4.69
  539,    3.19448E+01,   1.70336E+01,  -46.68
  540,    7.93482E+00,   6.08377E+00,  -23.33
  541,    3.00330E+00,   2.28031E+00,  -24.07
  542,    1.13693E+00,   1.10433E+00,  -2.87
  543,    2.05482E-01,   4.14636E-01,  101.79
  544,    5.13137E-01,   1.66340E-01,  -67.58
  545,    1.19034E-01,   9.49009E-02,  -20.27
  546,    7.44040E-02,   6.03297E-02,  -18.92
  547,    2.40615E-01,   2.32997E-01,  -3.17
  548,    1.56809E-01,   1.82414E-01,  16.33
  549,    8.71872E-02,   9.08590E-02,  4.21
  550,    4.46907E-02,   4.63271E-02,  3.66
  551,    3.42368E-02,   4.00129E-02,  16.87
  552,    4.33740E-02,   4.48571E-02,  3.42
  553,    2.79442E-02,   3.01873E-02,  8.03
  554,    1.95538E-02,   2.04568E-02,  4.62
  555,    3.21501E-02,   3.35189E-02,  4.26
  556,    2.18782E-02,   2.21548E-02,  1.26
  557,    3.82974E+01,   2.13616E+01,  -44.22
  558,    8.58222E+00,   5.92644E+00,  -30.95
  559,    2.70807E+00,   2.50123E+00,  -7.64
  560,    1.00591E+00,   8.34628E-01,  -17.03
  561,    1.33652E-01,   2.80581E-01,  109.93
  562,    4.86496E-01,   1.38460E-01,  -71.54
  563,    1.16760E-01,   8.23472E-02,  -29.47
  564,    1.05913E-01,   9.43364E-02,  -10.93
  565,    2.82124E-01,   2.95154E-01,  4.62
  566,    1.88030E-01,   1.72726E-01,  -8.14
  567,    7.33085E-02,   6.69119E-02,  -8.73
  568,    4.74624E-02,   5.20310E-02,  9.63
  569,    3.83079E-02,   3.80435E-02,  -0.69
  570,    4.16925E-02,   4.33477E-02,  3.97
  571,    2.93357E-02,   3.06279E-02,  4.41
  572,    2.03250E-02,   2.07433E-02,  2.06
  573,    3.25848E-02,   3.29037E-02,  0.98
  574,    2.32618E-02,   2.26027E-02,  -2.83
  575,    3.06917E+01,   2.15242E+01,  -29.87
  576,    5.57527E+00,   6.86128E+00,  23.07
  577,    1.77954E+00,   1.96521E+00,  10.43
  578,    6.51715E-01,   5.35544E-01,  -17.83
  579,    1.22119E-01,   2.12835E-01,  74.28
  580,    2.99050E-01,   1.12780E-01,  -62.29
  581,    1.29912E-01,   1.19502E-01,  -8.01
  582,    7.71218E-02,   8.83549E-02,  14.57
  583,    2.81795E-01,   2.84719E-01,  1.04
  584,    1.40823E-01,   1.25586E-01,  -10.82
  585,    6.60604E-02,   5.91997E-02,  -10.39
  586,    4.80322E-02,   4.92040E-02,  2.44
  587,    3.00191E-02,   2.79574E-02,  -6.87
  588,    4.15528E-02,   4.21004E-02,  1.32
  589,    2.76315E-02,   2.69438E-02,  -2.49
  590,    2.04332E-02,   1.98119E-02,  -3.04
  591,    3.21279E-02,   3.16616E-02,  -1.45
  592,    2.37388E-02,   2.23077E-02,  -6.03
  593,    2.82199E+01,   3.26796E+01,  15.80
  594,    5.21130E+00,   7.39891E+00,  41.98
  595,    1.56605E+00,   1.67709E+00,  7.09
  596,    5.72462E-01,   5.42667E-01,  -5.20
  597,    1.76971E-01,   2.51819E-01,  42.29
  598,    3.34841E-01,   2.42315E-01,  -27.63
  599,    1.32818E-01,   1.71812E-01,  29.36
  600,    1.26665E-01,   1.23653E-01,  -2.38
  601,    3.23660E-01,   3.06009E-01,  -5.45
  602,    1.12088E-01,   9.99206E-02,  -10.86
  603,    6.67424E-02,   7.16154E-02,  7.30
  604,    5.08003E-02,   4.93748E-02,  -2.81
  605,    2.72923E-02,   2.62554E-02,  -3.80
  606,    4.16490E-02,   4.17973E-02,  0.36
  607,    2.77499E-02,   2.68096E-02,  -3.39
  608,    2.03417E-02,   1.93595E-02,  -4.83
  609,    3.29427E-02,   3.17772E-02,  -3.54
  610,    2.57314E-02,   2.31919E-02,  -9.87
  611,    2.38875E+01,   2.65459E+01,  11.13
  612,    4.41358E+00,   4.58947E+00,  3.99
  613,    1.29953E+00,   1.21073E+00,  -6.83
  614,    5.60187E-01,   4.88977E-01,  -12.71
  615,    3.87876E-01,   4.23028E-01,  9.06
  616,    2.58467E-01,   2.86271E-01,  10.76
  617,    2.11006E-01,   1.95546E-01,  -7.33
  618,    1.19297E-01,   1.08480E-01,  -9.07
  619,    2.93383E-01,   2.74021E-01,  -6.60
  620,    1.22231E-01,   1.10095E-01,  -9.93
  621,    8.06615E-02,   8.49139E-02,  5.27
  622,    4.70720E-02,   4.50016E-02,  -4.40
  623,    3.13164E-02,   3.11041E-02,  -0.68
  624,    4.31678E-02,   4.25753E-02,  -1.37
  625,    2.89400E-02,   2.68602E-02,  -7.19
  626,    1.97790E-02,   1.78967E-02,  -9.52
  627,    3.36847E-02,   3.06680E-02,  -8.96
  628,    1.67942E+01,   1.54364E+01,  -8.08
  629,    3.07161E+00,   2.87122E+00,  -6.52
  630,    1.08454E+00,   9.64700E-01,  -11.05
  631,    7.31747E-01,   7.34937E-01,  0.44
  632,    3.66913E-01,   4.71596E-01,  28.53
  633,    3.27837E-01,   3.06712E-01,  -6.44
  634,    1.69613E-01,   1.61221E-01,  -4.95
  635,    8.09325E-02,   7.68001E-02,  -5.11
  636,    2.31591E-01,   2.05950E-01,  -11.07
  637,    1.24665E-01,   1.32639E-01,  6.40
  638,    8.57160E-02,   8.48818E-02,  -0.97
  639,    4.33129E-02,   4.25208E-02,  -1.83
  640,    3.19547E-02,   3.33808E-02,  4.46
  641,    4.37952E-02,   4.32234E-02,  -1.31
  642,    3.06382E-02,   2.94084E-02,  -4.01
  643,    2.15092E-02,   1.97367E-02,  -8.24
  644,    3.42349E-02,   3.07098E-02,  -10.30
  645,    9.89550E+00,   1.03520E+01,  4.61
  646,    2.38184E+00,   2.25777E+00,  -5.21
  647,    1.39654E+00,   1.37743E+00,  -1.37
  648,    6.61919E-01,   8.13750E-01,  22.94
  649,    5.03590E-01,   4.96763E-01,  -1.36
  650,    2.93625E-01,   2.44886E-01,  -16.60
  651,    1.16914E-01,   1.10568E-01,  -5.43
  652,    7.23241E-02,   6.00294E-02,  -17.00
  653,    2.19162E-01,   2.02249E-01,  -7.72
  654,    1.30039E-01,   1.44108E-01,  10.82
  655,    6.85258E-02,   7.11514E-02,  3.83
  656,    4.31907E-02,   4.69743E-02,  8.76
  657,    2.99446E-02,   3.25313E-02,  8.64
  658,    4.31238E-02,   4.41646E-02,  2.41
  659,    2.98551E-02,   2.95198E-02,  -1.12
  660,    2.25431E-02,   2.06649E-02,  -8.33
  661,    3.65465E-02,   3.28442E-02,  -10.13
  662,    7.08428E+00,   7.69845E+00,  8.67
  663,    2.89216E+00,   2.65522E+00,  -8.19
  664,    1.21571E+00,   1.33252E+00,  9.61
  665,    8.93043E-01,   7.45141E-01,  -16.56
  666,    2.57100E-01,   3.42450E-01,  33.20
  667,    3.13606E-01,   1.46666E-01,  -53.23
  668,    1.00731E-01,   7.65991E-02,  -23.96
  669,    7.36282E-02,   7.05873E-02,  -4.13
  670,    2.12331E-01,   2.26056E-01,  6.46
  671,    1.30740E-01,   1.34258E-01,  2.69
  672,    6.02286E-02,   6.34623E-02,  5.37
  673,    4.17568E-02,   4.80261E-02,  15.01
  674,    2.89149E-02,   3.19532E-02,  10.51
  675,    4.07218E-02,   4.36411E-02,  7.17
  676,    2.70620E-02,   2.71415E-02,  0.29
  677,    2.15469E-02,   2.07170E-02,  -3.85
  678,    3.70290E-02,   3.42201E-02,  -7.59
  679,    8.79268E+00,   8.59638E+00,  -2.23
  680,    2.54118E+00,   2.53495E+00,  -0.25
  681,    1.74784E+00,   1.16813E+00,  -33.17
  682,    6.85082E-01,   4.72797E-01,  -30.99
  683,    9.80398E-02,   1.85888E-01,  89.60
  684,    3.19806E-01,   9.14932E-02,  -71.39
  685,    1.07180E-01,   8.13088E-02,  -24.14
  686,    6.78824E-02,   6.09808E-02,  -10.17
  687,    2.20046E-01,   2.09017E-01,  -5.01
  688,    1.04101E-01,   9.63962E-02,  -7.40
  689,    5.97977E-02,   6.10434E-02,  2.08
  690,    3.92570E-02,   4.10042E-02,  4.45
  691,    2.71704E-02,   2.85193E-02,  4.96
  692,    4.00146E-02,   4.20125E-02,  4.99
  693,    2.61179E-02,   2.64859E-02,  1.41
  694,    2.11287E-02,   1.95065E-02,  -7.68
  695,    8.51856E+00,   9.18603E+00,  7.84
  696,    3.76990E+00,   2.59677E+00,  -31.12
  697,    1.38552E+00,   8.11212E-01,  -41.45
  698,    4.72214E-01,   2.70463E-01,  -42.72
  699,    3.79685E-01,   9.84648E-02,  -74.07
  700,    1.03746E-01,   7.02225E-02,  -32.31
  701,    8.84052E-02,   5.39200E-02,  -39.01
  702,    6.38813E-02,   1.18871E-01,  86.08
  703,    2.34054E-01,   1.65501E-01,  -29.29
  704,    9.64497E-02,   7.26412E-02,  -24.68
  705,    6.11518E-02,   5.27891E-02,  -13.68
  706,    3.98833E-02,   3.39725E-02,  -14.82
  707,    2.58941E-02,   2.14806E-02,  -17.04
  708,    3.89861E-02,   3.61746E-02,  -7.21
  709,    2.69907E-02,   2.40842E-02,  -10.77
  710,    1.67956E+01,   1.87696E+01,  11.75
  711,    3.93603E+00,   3.80434E+00,  -3.35
  712,    1.17817E+00,   1.01276E+00,  -14.04
  713,    5.67485E-01,   3.83877E-01,  -32.35
  714,    2.37236E-01,   2.88842E-01,  21.75
  715,    3.31717E-01,   1.91986E-01,  -42.12
  716,    1.69616E-01,   1.38146E-01,  -18.55
  717,    9.37500E-02,   7.73805E-02,  -17.46
  718,    2.30507E-01,   1.75330E-01,  -23.94
  719,    1.20047E-01,   1.00833E-01,  -16.01
  720,    7.20498E-02,   6.37653E-02,  -11.50
  721,    4.71842E-02,   4.20315E-02,  -10.92
  722,    3.35480E-02,   2.96439E-02,  -11.64
  723,    4.16027E-02,   3.64341E-02,  -12.42
  724,    3.09103E-02,   2.63494E-02,  -14.76
  725,    1.11676E+01,   1.33005E+01,  19.10
  726,    2.19845E+00,   2.26665E+00,  3.10
  727,    9.13035E-01,   7.08853E-01,  -22.36
  728,    5.31806E-01,   4.79140E-01,  -9.90
  729,    2.15799E-01,   2.96883E-01,  37.57
  730,    2.88455E-01,   2.01365E-01,  -30.19
  731,    1.14386E-01,   1.06738E-01,  -6.69
  732,    6.52320E-02,   6.11654E-02,  -6.23
  733,    2.13195E-01,   1.93998E-01,  -9.00
  734,    1.23952E-01,   1.29554E-01,  4.52
  735,    7.43755E-02,   7.79219E-02,  4.77
  736,    4.60745E-02,   4.64200E-02,  0.75
  737,    3.48140E-02,   3.67479E-02,  5.55
  738,    4.40071E-02,   4.12519E-02,  -6.26
  739,    3.26938E-02,   2.85246E-02,  -12.75
  740,    1.45624E+01,   1.42876E+01,  -1.89
  741,    3.87921E+00,   2.82516E+00,  -27.17
  742,    2.00283E+00,   1.54718E+00,  -22.75
  743,    9.35157E-01,   8.48212E-01,  -9.30
  744,    4.28887E-01,   5.23230E-01,  22.00
  745,    5.35372E-01,   2.54304E-01,  -52.50
  746,    1.69178E-01,   1.37644E-01,  -18.64
  747,    1.22778E-01,   1.06385E-01,  -13.35
  748,    2.95345E-01,   2.81188E-01,  -4.79
  749,    1.60030E-01,   1.64179E-01,  2.59
  750,    9.53733E-02,   1.00655E-01,  5.54
  751,    6.40765E-02,   6.64085E-02,  3.64
  752,    3.95353E-02,   3.96563E-02,  0.31
  753,    5.81647E-02,   5.66084E-02,  -2.68
  754,    1.31056E+01,   1.13101E+01,  -13.70
  755,    4.77626E+00,   4.02224E+00,  -15.79
  756,    2.07477E+00,   1.84085E+00,  -11.27
  757,    1.30047E+00,   1.01907E+00,  -21.64
  758,    2.83145E-01,   4.55519E-01,  60.88
  759,    5.90093E-01,   2.34056E-01,  -60.34
  760,    2.04505E-01,   1.75107E-01,  -14.38
  761,    1.40413E-01,   1.36900E-01,  -2.50
  762,    3.94026E-01,   3.90419E-01,  -0.92
  763,    2.13369E-01,   2.16259E-01,  1.35
  764,    1.18608E-01,   1.19702E-01,  0.92
  765,    8.40657E-02,   8.86279E-02,  5.43
  766,    5.06893E-02,   4.98586E-02,  -1.64
  767,    6.94621E-02,   6.88111E-02,  -0.94
  768,    1.21473E+01,   1.16751E+01,  -3.89
  769,    3.39929E+00,   3.31375E+00,  -2.52
  770,    1.98238E+00,   1.48488E+00,  -25.10
  771,    7.77106E-01,   5.78999E-01,  -25.49
  772,    1.71175E-01,   2.74857E-01,  60.57
  773,    4.39087E-01,   1.96332E-01,  -55.29
  774,    1.62261E-01,   1.48723E-01,  -8.34
  775,    1.13441E-01,   1.09566E-01,  -3.42
  776,    3.60388E-01,   3.54879E-01,  -1.53
  777,    1.96316E-01,   2.04642E-01,  4.24
  778,    1.20394E-01,   1.27793E-01,  6.15
  779,    6.97173E-02,   7.24693E-02,  3.95
  780,    5.05887E-02,   5.40356E-02,  6.81
  781,    7.48064E-02,   7.21423E-02,  -3.56
  782,    9.51800E+00,   9.94297E+00,  4.46
  783,    3.52661E+00,   2.73615E+00,  -22.41
  784,    1.25238E+00,   8.33695E-01,  -33.43
  785,    5.38351E-01,   3.45048E-01,  -35.91
  786,    1.75711E-01,   2.28573E-01,  30.08
  787,    3.80979E-01,   1.65137E-01,  -56.65
  788,    1.47120E-01,   1.18105E-01,  -19.72
  789,    9.73818E-02,   7.67726E-02,  -21.16
  790,    3.10154E-01,   2.78963E-01,  -10.06
  791,    1.59645E-01,   1.46558E-01,  -8.20
  792,    1.04328E-01,   1.04063E-01,  -0.25
  793,    5.94718E-02,   5.61306E-02,  -5.62
  794,    4.46862E-02,   4.44730E-02,  -0.48
  795,    1.07297E+01,   1.10235E+01,  2.74
  796,    2.60551E+00,   2.09324E+00,  -19.66
  797,    9.77850E-01,   6.92263E-01,  -29.21
  798,    5.65629E-01,   4.09125E-01,  -27.67
  799,    2.41966E-01,   2.77047E-01,  14.50
  800,    3.24049E-01,   1.90911E-01,  -41.09
  801,    1.42596E-01,   1.21046E-01,  -15.11
  802,    1.08078E-01,   1.01725E-01,  -5.88
  803,    3.00082E-01,   2.70637E-01,  -9.81
  804,    1.71920E-01,   1.59947E-01,  -6.96
  805,    9.15940E-02,   8.69272E-02,  -5.10
  806,    6.33555E-02,   6.24488E-02,  -1.43
  807,    4.34306E-02,   4.03039E-02,  -7.20
  808,    7.77629E+00,   8.63853E+00,  11.09
  809,    1.92329E+00,   1.66232E+00,  -13.57
  810,    9.67088E-01,   7.68484E-01,  -20.54
  811,    5.37815E-01,   4.57918E-01,  -14.86
  812,    2.54371E-01,   2.94945E-01,  15.95
  813,    2.74375E-01,   1.79231E-01,  -34.68
  814,    1.47296E-01,   1.45659E-01,  -1.11
  815,    9.00716E-02,   8.68045E-02,  -3.63
  816,    2.80558E-01,   2.66112E-01,  -5.15
  817,    1.71164E-01,   1.79231E-01,  4.71
  818,    9.03551E-02,   9.21455E-02,  1.98
  819,    6.50338E-02,   7.06574E-02,  8.65
  820,    4.61509E-02,   4.77803E-02,  3.53
  821,    8.37240E+00,   8.47111E+00,  1.18
  822,    2.79498E+00,   2.25523E+00,  -19.31
  823,    1.36425E+00,   1.06092E+00,  -22.23
  824,    7.50799E-01,   6.12335E-01,  -18.44
  825,    2.91485E-01,   3.49507E-01,  19.91
  826,    4.50793E-01,   2.71129E-01,  -39.86
  827,    1.78233E-01,   1.56202E-01,  -12.36
  828,    1.34518E-01,   1.18801E-01,  -11.68
  829,    3.70616E-01,   3.56067E-01,  -3.93
  830,    1.83500E-01,   1.81585E-01,  -1.04
  831,    1.16698E-01,   1.23609E-01,  5.92
  832,    7.58889E-02,   7.68250E-02,  1.23
  833,    7.66502E+00,   8.23715E+00,  7.46
  834,    2.48971E+00,   2.17388E+00,  -12.69
  835,    1.20641E+00,   1.02856E+00,  -14.74
  836,    6.49498E-01,   5.35681E-01,  -17.52
  837,    3.01735E-01,   3.91476E-01,  29.74
  838,    3.60084E-01,   2.16775E-01,  -39.80
  839,    1.74358E-01,   1.60405E-01,  -8.00
  840,    1.37061E-01,   1.41490E-01,  3.23
  841,    4.00333E-01,   4.03922E-01,  0.90
  842,    1.95263E-01,   1.93286E-01,  -1.01
  843,    1.29372E-01,   1.41325E-01,  9.24
  844,    8.68967E-02,   9.12388E-02,  5.00
  845,    5.70547E+00,   6.24937E+00,  9.53
  846,    1.90659E+00,   1.64626E+00,  -13.65
  847,    9.01092E-01,   7.15521E-01,  -20.59
  848,    5.43620E-01,   4.76694E-01,  -12.31
  849,    2.11083E-01,   2.50283E-01,  18.57
  850,    2.80896E-01,   1.79060E-01,  -36.25
  851,    1.56031E-01,   1.53986E-01,  -1.31
  852,    9.48318E-02,   9.35348E-02,  -1.37
  853,    3.02120E-01,   3.01011E-01,  -0.37
  854,    1.80510E-01,   1.93350E-01,  7.11
  855,    1.08508E-01,   1.15489E-01,  6.43
  856,    5.52423E+00,   6.08438E+00,  10.14
  857,    1.79776E+00,   1.49182E+00,  -17.02
  858,    9.50088E-01,   8.13363E-01,  -14.39
  859,    4.61608E-01,   3.89248E-01,  -15.68
  860,    2.34349E-01,   2.64316E-01,  12.79
  861,    3.02701E-01,   2.19131E-01,  -27.61
  862,    1.34365E-01,   1.29653E-01,  -3.51
  863,    8.82631E-02,   8.31660E-02,  -5.77
  864,    2.71833E-01,   2.63925E-01,  -2.91
  865,    1.69750E-01,   1.83891E-01,  8.33
  866,    1.05725E-01,   1.13613E-01,  7.46
  867,    5.70785E+00,   6.17751E+00,  8.23
  868,    1.97931E+00,   1.80439E+00,  -8.84
  869,    8.23320E-01,   7.03174E-01,  -14.59
  870,    5.05127E-01,   4.35013E-01,  -13.88
  871,    2.71757E-01,   3.40256E-01,  25.21
  872,    2.84022E-01,   1.93665E-01,  -31.81
  873,    1.27322E-01,   1.20396E-01,  -5.44
  874,    9.79994E-02,   9.65443E-02,  -1.48
  875,    3.00939E-01,   3.12068E-01,  3.70
  876,    1.70370E-01,   1.77317E-01,  4.08
  877,    6.07137E+00,   6.83096E+00,  12.51
  878,    1.60104E+00,   1.43250E+00,  -10.53
  879,    8.54563E-01,   7.29040E-01,  -14.69
  880,    5.53855E-01,   5.18131E-01,  -6.45
  881,    2.32038E-01,   2.78972E-01,  20.23
  882,    2.47654E-01,   1.66425E-01,  -32.80
  883,    1.35813E-01,   1.29687E-01,  -4.51
  884,    1.05678E-01,   1.12424E-01,  6.38
  885,    3.11681E-01,   3.31967E-01,  6.51
  886,    1.82920E-01,   1.93071E-01,  5.55
  887,    4.54372E+00,   4.86850E+00,  7.15
  888,    1.48054E+00,   1.32782E+00,  -10.32
  889,    8.25334E-01,   7.69773E-01,  -6.73
  890,    4.06646E-01,   3.77935E-01,  -7.06
  891,    1.89750E-01,   2.12372E-01,  11.92
  892,    2.15815E-01,   1.59146E-01,  -26.26
  893,    1.28207E-01,   1.33899E-01,  4.44
  894,    8.74299E-02,   8.81881E-02,  0.87
  895,    2.81295E-01,   2.82742E-01,  0.51
  896,    5.34105E+00,   6.14382E+00,  15.03
  897,    1.86299E+00,   1.86027E+00,  -0.15
  898,    7.69549E-01,   7.49723E-01,  -2.58
  899,    4.03310E-01,   3.81652E-01,  -5.37
  900,    2.22646E-01,   2.69921E-01,  21.23
  901,    2.56071E-01,   2.17852E-01,  -14.93
  902,    1.32216E-01,   1.39758E-01,  5.70
  903,    9.60375E-02,   9.76544E-02,  1.68
  904,    2.95837E-01,   3.07403E-01,  3.91
  905,    5.24726E+00,   6.10806E+00,  16.40
  906,    1.33018E+00,   1.29317E+00,  -2.78
  907,    5.80960E-01,   5.32875E-01,  -8.28
  908,    3.63987E-01,   3.41537E-01,  -6.17
  909,    2.21368E-01,   2.58820E-01,  16.92
  910,    1.86606E-01,   1.59947E-01,  -14.29
  911,    1.11113E-01,   1.07521E-01,  -3.23
  912,    9.01945E-02,   9.40487E-02,  4.27
  913,    4.30290E+00,   4.79340E+00,  11.40
  914,    1.10858E+00,   1.06265E+00,  -4.14
  915,    6.05632E-01,   5.65414E-01,  -6.64
  916,    3.79821E-01,   3.90391E-01,  2.78
  917,    1.98370E-01,   2.29578E-01,  15.73
  918,    1.83362E-01,   1.47276E-01,  -19.68
  919,    1.21171E-01,   1.24522E-01,  2.77
  920,    4.15210E+00,   4.87262E+00,  17.35
  921,    1.39602E+00,   1.36413E+00,  -2.28
  922,    7.37753E-01,   7.71226E-01,  4.54
  923,    4.00083E-01,   4.16878E-01,  4.20
  924,    2.10898E-01,   2.49801E-01,  18.45
  925,    2.38774E-01,   2.01372E-01,  -15.66
  926,    4.45874E+00,   5.14783E+00,  15.45
  927,    1.41375E+00,   1.41318E+00,  -0.04
  928,    6.50217E-01,   6.24603E-01,  -3.94
  929,    3.79948E-01,   3.31858E-01,  -12.66
  930,    2.15155E-01,   2.47524E-01,  15.04
  931,    4.53980E+00,   5.22194E+00,  15.03
  932,    1.23305E+00,   1.21613E+00,  -1.37
  933,    6.01100E-01,   5.18168E-01,  -13.80
  934,    3.91204E-01,   3.44040E-01,  -12.06
  935,    4.14627E+00,   4.72687E+00,  14.00
  936,    1.23464E+00,   1.06665E+00,  -13.61
  937,    6.81599E-01,   5.75991E-01,  -15.49
  938,    4.35325E+00,   4.69714E+00,  7.90
  939,    1.51930E+00,   1.29098E+00,  -15.03
  940,    4.05453E+00,   4.20638E+00,  3.75

;-Resistivity in Ohm-m in the elemental sequential order

 3.13489E+02,  3.25240E+02,  3.33445E+02,  3.52198E+02,  3.84781E+02
 4.34358E+02,  5.02187E+02,  5.87601E+02,  6.87348E+02,  7.94601E+02
 8.97965E+02,  9.84714E+02,  1.04551E+03,  1.07571E+03,  1.07756E+03
 1.07330E+03,  1.07330E+03,  5.80271E+02,  5.80271E+02,  5.80271E+02
 5.80271E+02,  5.80271E+02,  5.80271E+02,  3.13489E+02,  3.25240E+02
 3.33445E+02,  3.52198E+02,  3.84781E+02,  4.34358E+02,  5.02187E+02
 5.87601E+02,  6.87348E+02,  7.94601E+02,  8.97965E+02,  9.84714E+02
 1.04551E+03,  1.07571E+03,  1.07756E+03,  1.07330E+03,  1.07330E+03
 5.80271E+02,  5.80271E+02,  5.80271E+02,  5.80271E+02,  5.80271E+02
 5.80271E+02,  3.13489E+02,  3.25240E+02,  3.33445E+02,  3.52198E+02
 3.84781E+02,  4.34358E+02,  5.02187E+02,  5.87601E+02,  6.87348E+02
 7.94601E+02,  8.97965E+02,  9.84714E+02,  1.04551E+03,  1.07571E+03
 1.07756E+03,  1.07330E+03,  1.07330E+03,  5.80271E+02,  5.80271E+02
 5.80271E+02,  5.80271E+02,  5.80271E+02,  5.80271E+02,  3.13489E+02
 3.25240E+02,  3.33445E+02,  3.52198E+02,  3.84781E+02,  4.34358E+02
 5.02187E+02,  5.87601E+02,  6.87348E+02,  7.94601E+02,  8.97965E+02
 9.84714E+02,  1.04551E+03,  1.07571E+03,  1.07756E+03,  1.07330E+03
 1.07330E+03,  5.80271E+02,  5.80271E+02,  5.80271E+02,  5.80271E+02
 5.80271E+02,  5.80271E+02,  3.13489E+02,  3.25240E+02,  3.33445E+02
 3.52198E+02,  3.84781E+02,  4.34358E+02,  5.02187E+02,  5.87601E+02
 6.87348E+02,  7.94601E+02,  8.97965E+02,  9.84714E+02,  1.04551E+03
 1.07571E+03,  1.07756E+03,  1.07330E+03,  1.07330E+03,  5.80271E+02
 5.80271E+02,  5.80271E+02,  5.80271E+02,  5.80271E+02,  5.80271E+02
 3.13489E+02,  3.25240E+02,  3.33445E+02,  3.52198E+02,  3.84781E+02
 4.34358E+02,  5.02187E+02,  5.87601E+02,  6.87348E+02,  7.94601E+02
 8.97965E+02,  9.84714E+02,  1.04551E+03,  1.07571E+03,  1.07756E+03
 1.07330E+03,  1.07330E+03,  5.80271E+02,  5.80271E+02,  5.80271E+02
 5.80271E+02,  5.80271E+02,  5.80271E+02,  5.94400E+02,  5.73248E+02
 5.57824E+02,  5.37668E+02,  5.44048E+02,  5.67282E+02,  5.90693E+02
 6.03293E+02,  6.01658E+02,  5.83208E+02,  5.50388E+02,  5.13559E+02
 4.81270E+02,  4.57490E+02,  4.41006E+02,  4.30178E+02,  4.30178E+02
 3.60193E+02,  3.60193E+02,  3.60193E+02,  3.60193E+02,  3.60193E+02
 3.60193E+02,  5.94400E+02,  5.73248E+02,  5.57824E+02,  5.37668E+02
 5.44048E+02,  5.67282E+02,  5.90693E+02,  6.03293E+02,  6.01658E+02
 5.83208E+02,  5.50388E+02,  5.13559E+02,  4.81270E+02,  4.57490E+02
 4.41006E+02,  4.30178E+02,  4.30178E+02,  3.60193E+02,  3.60193E+02
 3.60193E+02,  3.60193E+02,  3.60193E+02,  3.60193E+02,  3.50531E+02
 4.35639E+02,  5.20628E+02,  5.84783E+02,  6.54975E+02,  7.06043E+02
 7.38667E+02,  6.93181E+02,  6.44969E+02,  6.04079E+02,  5.51958E+02
 5.15194E+02,  4.83390E+02,  4.60253E+02,  4.44731E+02,  4.35862E+02
 4.35862E+02,  3.69270E+02,  3.69270E+02,  3.69270E+02,  3.69270E+02
 3.69270E+02,  3.69270E+02,  2.74185E+02,  2.47642E+02,  3.73415E+02
 5.47602E+02,  6.69720E+02,  7.29574E+02,  7.93039E+02,  7.86695E+02
 7.19397E+02,  6.29927E+02,  5.55990E+02,  5.21357E+02,  4.88864E+02
 4.63091E+02,  4.44275E+02,  4.29619E+02,  4.29619E+02,  3.51006E+02
 3.51006E+02,  3.51006E+02,  3.51006E+02,  3.51006E+02,  3.51006E+02
 4.42071E+02,  1.21513E+02,  2.59363E+02,  5.54005E+02,  7.13127E+02
 8.12678E+02,  8.52273E+02,  8.36913E+02,  7.61438E+02,  6.60562E+02
 5.69181E+02,  5.21558E+02,  4.87928E+02,  4.59113E+02,  4.37388E+02
 4.12168E+02,  4.12168E+02,  3.33944E+02,  3.33944E+02,  3.33944E+02
 3.33944E+02,  3.33944E+02,  3.33944E+02,  2.66612E+02,  8.93766E+01
 2.17199E+02,  6.29299E+02,  7.92548E+02,  9.21353E+02,  9.23226E+02
 8.84094E+02,  7.94384E+02,  6.83240E+02,  5.82749E+02,  5.21967E+02
 4.85919E+02,  4.54263E+02,  4.30244E+02,  3.96749E+02,  3.96749E+02
 3.24449E+02,  3.24449E+02,  3.24449E+02,  3.24449E+02,  3.24449E+02
 3.24449E+02,  2.55221E+02,  8.38897E+01,  2.69303E+02,  7.38009E+02
 9.73722E+02,  1.05565E+03,  9.94904E+02,  9.19052E+02,  8.11492E+02
 6.90650E+02,  5.83396E+02,  5.23807E+02,  4.83247E+02,  4.48508E+02
 4.22523E+02,  3.81521E+02,  3.81521E+02,  3.15426E+02,  3.15426E+02
 3.15426E+02,  3.15426E+02,  3.15426E+02,  3.15426E+02,  3.22053E+02
 1.36360E+02,  3.30014E+02,  8.48885E+02,  1.24939E+03,  1.19395E+03
 1.05557E+03,  9.38181E+02,  8.14179E+02,  6.87209E+02,  5.77239E+02
 5.23285E+02,  4.78509E+02,  4.41374E+02,  4.14114E+02,  3.66573E+02
 3.66573E+02,  3.07111E+02,  3.07111E+02,  3.07111E+02,  3.07111E+02
 3.07111E+02,  3.07111E+02,  2.91333E+02,  1.21116E+02,  3.23946E+02
 9.76462E+02,  1.41927E+03,  1.28725E+03,  1.08940E+03,  9.37979E+02
 8.02757E+02,  6.74099E+02,  5.71610E+02,  5.19721E+02,  4.71618E+02
 4.32933E+02,  4.05094E+02,  3.52081E+02,  3.52081E+02,  2.99510E+02
 2.99510E+02,  2.99510E+02,  2.99510E+02,  2.99510E+02,  2.99510E+02
 3.53642E+02,  1.24961E+02,  3.08572E+02,  1.00899E+03,  1.29849E+03
 1.28349E+03,  1.08372E+03,  9.16808E+02,  7.78157E+02,  6.52896E+02
 5.67949E+02,  5.12516E+02,  4.62410E+02,  4.23179E+02,  3.95486E+02
 3.38079E+02,  3.38079E+02,  2.92676E+02,  2.92676E+02,  2.92676E+02
 2.92676E+02,  2.92676E+02,  2.92676E+02,  2.44470E+02,  1.06772E+02
 2.99670E+02,  1.09809E+03,  1.26204E+03,  1.19423E+03,  1.04279E+03
 8.79356E+02,  7.45131E+02,  6.30345E+02,  5.60133E+02,  5.01362E+02
 4.50967E+02,  4.12279E+02,  3.85425E+02,  3.24604E+02,  3.24604E+02
 2.86540E+02,  2.86540E+02,  2.86540E+02,  2.86540E+02,  2.86540E+02
 2.86540E+02,  3.08720E+02,  1.20784E+02,  2.85407E+02,  1.10655E+03
 1.30258E+03,  1.09558E+03,  9.86621E+02,  8.34882E+02,  7.10286E+02
 6.12520E+02,  5.45144E+02,  4.86334E+02,  4.37392E+02,  4.00267E+02
 3.74859E+02,  3.11341E+02,  3.11341E+02,  2.80632E+02,  2.80632E+02
 2.80632E+02,  2.80632E+02,  2.80632E+02,  2.80632E+02,  2.85579E+02
 1.11411E+02,  2.69627E+02,  9.65012E+02,  1.19911E+03,  1.02655E+03
 9.33455E+02,  7.91872E+02,  6.78685E+02,  5.90184E+02,  5.23292E+02
 4.67466E+02,  4.21664E+02,  3.87131E+02,  3.63785E+02,  2.98309E+02
 2.98309E+02,  2.75248E+02,  2.75248E+02,  2.75248E+02,  2.75248E+02
 2.75248E+02,  2.75248E+02,  2.58259E+02,  1.07638E+02,  2.42619E+02
 8.09475E+02,  1.03099E+03,  9.70335E+02,  8.90304E+02,  7.57861E+02
 6.42233E+02,  5.56487E+02,  4.95270E+02,  4.45240E+02,  4.04155E+02
 3.73178E+02,  3.52450E+02,  2.85781E+02,  2.85781E+02,  2.70703E+02
 2.70703E+02,  2.70703E+02,  2.70703E+02,  2.70703E+02,  2.70703E+02
 3.44245E+02,  1.05967E+02,  2.33679E+02,  6.75465E+02,  9.25117E+02
 9.31121E+02,  8.55763E+02,  7.16439E+02,  5.90490E+02,  5.14396E+02
 4.62609E+02,  4.20438E+02,  3.85283E+02,  3.58613E+02,  3.40920E+02
 2.73625E+02,  2.73625E+02,  2.66645E+02,  2.66645E+02,  2.66645E+02
 2.66645E+02,  2.66645E+02,  2.66645E+02,  3.20763E+02,  1.17573E+02
 2.53097E+02,  6.93867E+02,  9.16762E+02,  9.00509E+02,  8.27931E+02
 6.49309E+02,  5.31892E+02,  4.68095E+02,  4.27213E+02,  3.93919E+02
 3.65453E+02,  3.43645E+02,  3.29303E+02,  2.61941E+02,  2.61941E+02
 2.63248E+02,  2.63248E+02,  2.63248E+02,  2.63248E+02,  2.63248E+02
 2.63248E+02,  3.19319E+02,  1.32572E+02,  2.93542E+02,  8.68989E+02
 9.89817E+02,  8.93639E+02,  7.83095E+02,  5.81247E+02,  4.73766E+02
 4.21463E+02,  3.91061E+02,  3.66715E+02,  3.45232E+02,  3.28606E+02
 3.17786E+02,  2.50779E+02,  2.50779E+02,  2.60298E+02,  2.60298E+02
 2.60298E+02,  2.60298E+02,  2.60298E+02,  2.60298E+02,  4.46503E+02
 1.47377E+02,  3.05410E+02,  9.27261E+02,  1.05938E+03,  9.26416E+02
 7.30270E+02,  5.23317E+02,  4.21732E+02,  3.77410E+02,  3.55665E+02
 3.39555E+02,  3.24918E+02,  3.13555E+02,  3.06287E+02,  2.39808E+02
 2.39808E+02,  2.57211E+02,  2.57211E+02,  2.57211E+02,  2.57211E+02
 2.57211E+02,  2.57211E+02,  2.43431E+02,  1.34731E+02,  2.93474E+02
 8.68631E+02,  1.07306E+03,  9.47933E+02,  6.86876E+02,  4.75661E+02
 3.76684E+02,  3.37328E+02,  3.22187E+02,  3.13176E+02,  3.04923E+02
 2.98726E+02,  2.94957E+02,  2.29345E+02,  2.29345E+02,  2.54761E+02
 2.54761E+02,  2.54761E+02,  2.54761E+02,  2.54761E+02,  2.54761E+02
 3.30604E+02,  1.38731E+02,  2.84014E+02,  8.66277E+02,  1.13181E+03
 9.75777E+02,  6.61448E+02,  4.38903E+02,  3.39028E+02,  3.02116E+02
 2.91601E+02,  2.88363E+02,  2.85818E+02,  2.84554E+02,  2.84122E+02
 2.19760E+02,  2.19760E+02,  2.53354E+02,  2.53354E+02,  2.53354E+02
 2.53354E+02,  2.53354E+02,  2.53354E+02,  2.86070E+02,  1.38823E+02
 2.82040E+02,  9.44728E+02,  1.37044E+03,  1.03396E+03,  6.54933E+02
 4.13130E+02,  3.08584E+02,  2.71892E+02,  2.64217E+02,  2.65430E+02
 2.67825E+02,  2.71159E+02,  2.73795E+02,  2.10831E+02,  2.10831E+02
 2.52432E+02,  2.52432E+02,  2.52432E+02,  2.52432E+02,  2.52432E+02
 2.52432E+02,  2.75656E+02,  1.32386E+02,  2.91065E+02,  9.77591E+02
 1.44136E+03,  1.07064E+03,  6.54822E+02,  3.94345E+02,  2.83928E+02
 2.46298E+02,  2.40164E+02,  2.44649E+02,  2.51198E+02,  2.58683E+02
 2.64040E+02,  2.02696E+02,  2.02696E+02,  2.52314E+02,  2.52314E+02
 2.52314E+02,  2.52314E+02,  2.52314E+02,  2.52314E+02,  3.68725E+02
 1.44227E+02,  2.89061E+02,  8.30207E+02,  1.29638E+03,  1.06594E+03
 6.51695E+02,  3.79759E+02,  2.63945E+02,  2.24887E+02,  2.19377E+02
 2.26142E+02,  2.36059E+02,  2.46057E+02,  2.53987E+02,  1.95279E+02
 1.95279E+02,  2.52510E+02,  2.52510E+02,  2.52510E+02,  2.52510E+02
 2.52510E+02,  2.52510E+02,  3.80793E+02,  1.49979E+02,  2.93938E+02
 7.87974E+02,  1.11109E+03,  1.02367E+03,  6.42787E+02,  3.67353E+02
 2.47364E+02,  2.06867E+02,  2.01428E+02,  2.09711E+02,  2.22343E+02
 2.34121E+02,  2.44238E+02,  1.88175E+02,  1.88175E+02,  2.52297E+02
 2.52297E+02,  2.52297E+02,  2.52297E+02,  2.52297E+02,  2.52297E+02
 2.81608E+02,  1.49628E+02,  2.88877E+02,  8.09200E+02,  1.06085E+03
 9.68260E+02,  6.30685E+02,  3.55836E+02,  2.33394E+02,  1.91869E+02
 1.86240E+02,  1.95460E+02,  2.10241E+02,  2.23221E+02,  2.35086E+02
 1.81837E+02,  1.81837E+02,  2.53019E+02,  2.53019E+02,  2.53019E+02
 2.53019E+02,  2.53019E+02,  2.53019E+02,  3.11859E+02,  1.57523E+02
 2.90516E+02,  7.67597E+02,  1.08837E+03,  9.28472E+02,  6.21031E+02
 3.45937E+02,  2.22085E+02,  1.79799E+02,  1.73761E+02,  1.83450E+02
 1.99942E+02,  2.13646E+02,  2.26793E+02,  1.76608E+02,  1.76608E+02
 2.55097E+02,  2.55097E+02,  2.55097E+02,  2.55097E+02,  2.55097E+02
 2.55097E+02,  3.40655E+02,  1.70181E+02,  3.08422E+02,  7.82943E+02
 1.10711E+03,  9.18536E+02,  6.16688E+02,  3.38241E+02,  2.13262E+02
 1.70270E+02,  1.63624E+02,  1.73424E+02,  1.91273E+02,  2.05286E+02
 2.19239E+02,  1.72148E+02,  1.72148E+02,  2.57686E+02,  2.57686E+02
 2.57686E+02,  2.57686E+02,  2.57686E+02,  2.57686E+02,  3.21034E+02
 1.73650E+02,  3.34926E+02,  8.41109E+02,  1.12068E+03,  9.36526E+02
 6.16061E+02,  3.32592E+02,  2.06820E+02,  1.63115E+02,  1.55688E+02
 1.65279E+02,  1.83017E+02,  1.97402E+02,  2.12433E+02,  1.68587E+02
 1.68587E+02,  2.61215E+02,  2.61215E+02,  2.61215E+02,  2.61215E+02
 2.61215E+02,  2.61215E+02,  3.36616E+02,  1.69295E+02,  3.42969E+02
 8.48054E+02,  1.11990E+03,  9.80415E+02,  6.17717E+02,  3.29237E+02
 2.02853E+02,  1.58202E+02,  1.49757E+02,  1.58851E+02,  1.75103E+02
 1.89904E+02,  2.06383E+02,  1.65738E+02,  1.65738E+02,  2.64843E+02
 2.64843E+02,  2.64843E+02,  2.64843E+02,  2.64843E+02,  2.64843E+02
 3.38709E+02,  1.59841E+02,  3.44649E+02,  8.79416E+02,  1.17199E+03
 1.02823E+03,  6.18927E+02,  3.27939E+02,  2.01233E+02,  1.55306E+02
 1.45577E+02,  1.53917E+02,  1.68628E+02,  1.83391E+02,  2.00843E+02
 1.63116E+02,  1.63116E+02,  2.67509E+02,  2.67509E+02,  2.67509E+02
 2.67509E+02,  2.67509E+02,  2.67509E+02,  2.96566E+02,  1.56364E+02
 3.47451E+02,  9.62927E+02,  1.32549E+03,  1.05926E+03,  6.15237E+02
 3.28476E+02,  2.02139E+02,  1.54606E+02,  1.43294E+02,  1.50584E+02
 1.63678E+02,  1.78008E+02,  1.95975E+02,  1.61282E+02,  1.61282E+02
 2.69138E+02,  2.69138E+02,  2.69138E+02,  2.69138E+02,  2.69138E+02
 2.69138E+02,  3.24899E+02,  1.71357E+02,  3.54588E+02,  9.71433E+02
 1.25724E+03,  1.00902E+03,  6.03718E+02,  3.31628E+02,  2.05975E+02
 1.56237E+02,  1.42946E+02,  1.48878E+02,  1.60305E+02,  1.73927E+02
 1.92038E+02,  1.60593E+02,  1.60593E+02,  2.69379E+02,  2.69379E+02
 2.69379E+02,  2.69379E+02,  2.69379E+02,  2.69379E+02,  3.16469E+02
 1.92913E+02,  3.74325E+02,  8.45302E+02,  1.06280E+03,  9.04594E+02
 5.84184E+02,  3.38159E+02,  2.12955E+02,  1.60125E+02,  1.44368E+02
 1.48590E+02,  1.58287E+02,  1.70967E+02,  1.88859E+02,  1.60666E+02
 1.60666E+02,  2.68881E+02,  2.68881E+02,  2.68881E+02,  2.68881E+02
 2.68881E+02,  2.68881E+02,  2.73160E+02,  2.27740E+02,  3.91227E+02
 6.35058E+02,  7.82507E+02,  7.61431E+02,  5.60876E+02,  3.48907E+02
 2.23396E+02,  1.66397E+02,  1.47618E+02,  1.49706E+02,  1.57578E+02
 1.69124E+02,  1.86477E+02,  1.61638E+02,  1.61638E+02,  2.68675E+02
 2.68675E+02,  2.68675E+02,  2.68675E+02,  2.68675E+02,  2.68675E+02
 5.20707E+02,  2.92642E+02,  3.57071E+02,  4.29260E+02,  5.28016E+02
 6.22792E+02,  5.41354E+02,  3.64933E+02,  2.37459E+02,  1.74984E+02
 1.52586E+02,  1.52096E+02,  1.58061E+02,  1.68332E+02,  1.84849E+02
 1.63216E+02,  1.63216E+02,  2.69695E+02,  2.69695E+02,  2.69695E+02
 2.69695E+02,  2.69695E+02,  2.69695E+02,  3.65184E+02,  2.89656E+02
 3.08095E+02,  3.18730E+02,  3.73251E+02,  5.26212E+02,  5.30730E+02
 3.86126E+02,  2.54867E+02,  1.85682E+02,  1.59085E+02,  1.55487E+02
 1.59411E+02,  1.68259E+02,  1.83610E+02,  1.64872E+02,  1.64872E+02
 2.72169E+02,  2.72169E+02,  2.72169E+02,  2.72169E+02,  2.72169E+02
 2.72169E+02,  5.57229E+02,  3.57147E+02,  3.02473E+02,  2.74755E+02
 3.16836E+02,  4.92438E+02,  5.25414E+02,  4.08360E+02,  2.74520E+02
 1.98275E+02,  1.67140E+02,  1.59880E+02,  1.61628E+02,  1.68978E+02
 1.82921E+02,  1.67246E+02,  1.67246E+02,  2.74622E+02,  2.74622E+02
 2.74622E+02,  2.74622E+02,  2.74622E+02,  2.74622E+02,  5.85645E+02
 3.94358E+02,  3.37719E+02,  2.36781E+02,  3.01416E+02,  5.01667E+02
 5.48797E+02,  4.22050E+02,  2.93601E+02,  2.11823E+02,  1.76466E+02
 1.65264E+02,  1.64821E+02,  1.70707E+02,  1.83099E+02,  1.70659E+02
 1.70659E+02,  2.77337E+02,  2.77337E+02,  2.77337E+02,  2.77337E+02
 2.77337E+02,  2.77337E+02,  3.55046E+02,  3.71380E+02,  3.70056E+02
 2.64705E+02,  3.34593E+02,  5.67128E+02,  6.33370E+02,  4.31165E+02
 3.08211E+02,  2.24749E+02,  1.86386E+02,  1.71345E+02,  1.68772E+02
 1.73259E+02,  1.83965E+02,  1.74640E+02,  1.74640E+02,  2.81087E+02
 2.81087E+02,  2.81087E+02,  2.81087E+02,  2.81087E+02,  2.81087E+02
 4.84252E+02,  3.94823E+02,  4.65369E+02,  3.74410E+02,  4.52621E+02
 7.01407E+02,  7.38025E+02,  4.47197E+02,  3.15265E+02,  2.35079E+02
 1.95954E+02,  1.77805E+02,  1.73282E+02,  1.76476E+02,  1.85478E+02
 1.79184E+02,  1.79184E+02,  2.85607E+02,  2.85607E+02,  2.85607E+02
 2.85607E+02,  2.85607E+02,  2.85607E+02,  3.13155E+02,  3.71154E+02
 5.56796E+02,  5.32845E+02,  6.12438E+02,  8.45757E+02,  7.61186E+02
 4.53291E+02,  3.15246E+02,  2.41564E+02,  2.04407E+02,  1.84560E+02
 1.78383E+02,  1.80313E+02,  1.87571E+02,  1.83877E+02,  1.83877E+02
 2.91421E+02,  2.91421E+02,  2.91421E+02,  2.91421E+02,  2.91421E+02
 2.91421E+02,  3.98839E+02,  4.06625E+02,  5.60284E+02,  6.15191E+02
 7.18161E+02,  8.28389E+02,  6.69441E+02,  4.37871E+02,  3.09899E+02
 2.43805E+02,  2.11017E+02,  1.91017E+02,  1.83633E+02,  1.84446E+02
 1.89867E+02,  1.88308E+02,  1.88308E+02,  2.98494E+02,  2.98494E+02
 2.98494E+02,  2.98494E+02,  2.98494E+02,  2.98494E+02,  3.54652E+02
 3.62458E+02,  5.48805E+02,  6.34767E+02,  7.15454E+02,  7.57169E+02
 6.04644E+02,  4.15546E+02,  2.98943E+02,  2.40683E+02,  2.13505E+02
 1.95511E+02,  1.87879E+02,  1.88149E+02,  1.92215E+02,  1.92646E+02
 1.92646E+02,  3.05968E+02,  3.05968E+02,  3.05968E+02,  3.05968E+02
 3.05968E+02,  3.05968E+02,  2.45909E+02,  3.33403E+02,  5.41068E+02
 6.51844E+02,  6.36156E+02,  6.05400E+02,  4.84135E+02,  3.68528E+02
 2.83761E+02,  2.36416E+02,  2.11951E+02,  1.97457E+02,  1.90778E+02
 1.91184E+02,  1.94767E+02,  1.97126E+02,  1.97126E+02,  3.14279E+02
 3.14279E+02,  3.14279E+02,  3.14279E+02,  3.14279E+02,  3.14279E+02
 6.59056E+02,  4.42160E+02,  5.12173E+02,  6.06900E+02,  5.52037E+02
 4.25687E+02,  3.43331E+02,  3.03595E+02,  2.67123E+02,  2.38065E+02
 2.16131E+02,  1.98544E+02,  1.92751E+02,  1.93722E+02,  1.97567E+02
 2.02939E+02,  2.02939E+02,  3.23846E+02,  3.23846E+02,  3.23846E+02
 3.23846E+02,  3.23846E+02,  3.23846E+02,  3.30768E+02,  4.80660E+02
 5.36611E+02,  5.35294E+02,  4.51171E+02,  2.98376E+02,  2.53990E+02
 2.49173E+02,  2.53367E+02,  2.45237E+02,  2.30764E+02,  2.06390E+02
 1.97719E+02,  1.97860E+02,  2.01520E+02,  2.11729E+02,  2.11729E+02
 3.34523E+02,  3.34523E+02,  3.34523E+02,  3.34523E+02,  3.34523E+02
 3.34523E+02,  1.08949E+03,  7.41012E+02,  6.18045E+02,  4.71341E+02
 3.58233E+02,  2.10372E+02,  1.85333E+02,  2.17768E+02,  2.42292E+02
 2.52210E+02,  2.49281E+02,  2.24031E+02,  2.08752E+02,  2.06087E+02
 2.08035E+02,  2.23219E+02,  2.23219E+02,  3.46657E+02,  3.46657E+02
 3.46657E+02,  3.46657E+02,  3.46657E+02,  3.46657E+02,  6.63252E+02
 5.58599E+02,  5.94310E+02,  4.46698E+02,  2.86496E+02,  1.58304E+02
 1.55766E+02,  2.14267E+02,  2.31947E+02,  2.59000E+02,  2.65953E+02
 2.40856E+02,  2.22529E+02,  2.17141E+02,  2.15838E+02,  2.35734E+02
 2.35734E+02,  3.60055E+02,  3.60055E+02,  3.60055E+02,  3.60055E+02
 3.60055E+02,  3.60055E+02,  9.56830E+02,  5.97921E+02,  4.73731E+02
 3.87567E+02,  2.32218E+02,  1.42859E+02,  1.77318E+02,  2.06390E+02
 2.24728E+02,  2.68103E+02,  2.83777E+02,  2.59235E+02,  2.38384E+02
 2.30207E+02,  2.25067E+02,  2.49981E+02,  2.49981E+02,  3.74394E+02
 3.74394E+02,  3.74394E+02,  3.74394E+02,  3.74394E+02,  3.74394E+02
 1.03909E+03,  7.51241E+02,  3.99131E+02,  3.32425E+02,  2.11079E+02
 1.34360E+02,  1.73261E+02,  1.84907E+02,  2.24557E+02,  2.81785E+02
 3.05301E+02,  2.81729E+02,  2.58406E+02,  2.47023E+02,  2.37027E+02
 2.67740E+02,  2.67740E+02,  3.90158E+02,  3.90158E+02,  3.90158E+02
 3.90158E+02,  3.90158E+02,  3.90158E+02,  4.12548E+02,  4.26468E+02
 4.20784E+02,  3.54107E+02,  2.23200E+02,  1.27377E+02,  1.35615E+02
 1.74169E+02,  2.34633E+02,  3.00516E+02,  3.28728E+02,  3.05611E+02
 2.80004E+02,  2.65706E+02,  2.50983E+02,  2.88181E+02,  2.88181E+02
 4.07466E+02,  4.07466E+02,  4.07466E+02,  4.07466E+02,  4.07466E+02
 4.07466E+02,  7.05693E+02,  8.20823E+02,  8.20130E+02,  4.83531E+02
 2.71227E+02,  1.47800E+02,  1.45074E+02,  1.86354E+02,  2.57299E+02
 3.24508E+02,  3.53864E+02,  3.30658E+02,  3.03017E+02,  2.86235E+02
 2.67003E+02,  3.11330E+02,  3.11330E+02,  4.26252E+02,  4.26252E+02
 4.26252E+02,  4.26252E+02,  4.26252E+02,  4.26252E+02,  4.58185E+02
 6.95329E+02,  7.81014E+02,  5.22945E+02,  3.39214E+02,  1.99547E+02
 1.84867E+02,  2.22540E+02,  2.93845E+02,  3.51413E+02,  3.78133E+02
 3.54838E+02,  3.26095E+02,  3.07997E+02,  2.85024E+02,  3.37132E+02
 3.37132E+02,  4.46727E+02,  4.46727E+02,  4.46727E+02,  4.46727E+02
 4.46727E+02,  4.46727E+02,  6.43089E+02,  3.35635E+02,  4.10631E+02
 4.60100E+02,  4.37863E+02,  3.08389E+02,  2.76005E+02,  2.87650E+02
 3.40369E+02,  3.74067E+02,  3.96547E+02,  3.74041E+02,  3.45877E+02
 3.28582E+02,  3.03566E+02,  3.63759E+02,  3.63759E+02,  4.68723E+02
 4.68723E+02,  4.68723E+02,  4.68723E+02,  4.68723E+02,  4.68723E+02
 2.57432E+02,  1.85426E+02,  2.78333E+02,  5.14584E+02,  6.41518E+02
 5.01383E+02,  4.00873E+02,  3.84612E+02,  3.82363E+02,  3.85735E+02
 4.11832E+02,  3.91879E+02,  3.65187E+02,  3.50171E+02,  3.23676E+02
 3.92468E+02,  3.92468E+02,  4.92265E+02,  4.92265E+02,  4.92265E+02
 4.92265E+02,  4.92265E+02,  4.92265E+02,  3.49990E+02,  2.05230E+02
 3.04204E+02,  7.16161E+02,  1.00702E+03,  7.96227E+02,  5.83593E+02
 4.74827E+02,  4.19241E+02,  3.84505E+02,  4.26023E+02,  4.10369E+02
 3.85688E+02,  3.74648E+02,  3.46747E+02,  4.24986E+02,  4.24986E+02
 5.17650E+02,  5.17650E+02,  5.17650E+02,  5.17650E+02,  5.17650E+02
 5.17650E+02,  3.26257E+02,  2.26380E+02,  4.03368E+02,  8.30753E+02
 1.20826E+03,  9.75652E+02,  6.48233E+02,  5.49491E+02,  4.77583E+02
 3.89951E+02,  4.36762E+02,  4.26115E+02,  4.04368E+02,  4.00080E+02
 3.71762E+02,  4.60054E+02,  4.60054E+02,  5.44826E+02,  5.44826E+02
 5.44826E+02,  5.44826E+02,  5.44826E+02,  5.44826E+02,  3.20019E+02
 2.53589E+02,  4.43519E+02,  8.05598E+02,  1.10179E+03,  9.58898E+02
 7.79145E+02,  6.43584E+02,  5.56926E+02,  4.13705E+02,  4.45051E+02
 4.42753E+02,  4.24642E+02,  4.26278E+02,  3.98548E+02,  4.97445E+02
 4.97445E+02,  5.73754E+02,  5.73754E+02,  5.73754E+02,  5.73754E+02
 5.73754E+02,  5.73754E+02,  4.27542E+02,  3.35490E+02,  4.25877E+02
 5.95815E+02,  6.86022E+02,  6.93804E+02,  6.78317E+02,  6.44576E+02
 5.93999E+02,  4.44364E+02,  4.48877E+02,  4.64072E+02,  4.51583E+02
 4.52343E+02,  4.26516E+02,  5.36567E+02,  5.36567E+02,  6.04486E+02
 6.04486E+02,  6.04486E+02,  6.04486E+02,  6.04486E+02,  6.04486E+02
 3.84662E+02,  4.70523E+02,  4.03715E+02,  3.33636E+02,  3.23758E+02
 3.99267E+02,  5.02976E+02,  5.79446E+02,  5.85959E+02,  4.57830E+02
 4.47633E+02,  4.79015E+02,  4.74832E+02,  4.75819E+02,  4.53974E+02
 5.75573E+02,  5.75573E+02,  6.37140E+02,  6.37140E+02,  6.37140E+02
 6.37140E+02,  6.37140E+02,  6.37140E+02,  5.72712E+02,  7.55744E+02
 3.86973E+02,  2.00501E+02,  1.64032E+02,  2.36872E+02,  3.57336E+02
 4.93171E+02,  5.47361E+02,  4.44930E+02,  4.49385E+02,  4.90954E+02
 4.96133E+02,  4.98302E+02,  4.81625E+02,  6.15344E+02,  6.15344E+02
 6.71778E+02,  6.71778E+02,  6.71778E+02,  6.71778E+02,  6.71778E+02
 6.71778E+02,  5.49912E+02,  1.15364E+03,  4.08951E+02,  1.75602E+02
 1.06686E+02,  1.48319E+02,  2.74531E+02,  4.14304E+02,  4.93290E+02
 4.10914E+02,  4.55506E+02,  5.01233E+02,  5.16622E+02,  5.20595E+02
 5.09884E+02,  6.56456E+02,  6.56456E+02,  7.08101E+02,  7.08101E+02
 7.08101E+02,  7.08101E+02,  7.08101E+02,  7.08101E+02,  6.38466E+02
 1.65635E+03,  5.30576E+02,  1.75828E+02,  9.78623E+01,  1.22622E+02
 2.33953E+02,  3.52170E+02,  4.33167E+02,  3.73706E+02,  4.60041E+02
 5.06139E+02,  5.33764E+02,  5.40822E+02,  5.37296E+02,  6.97454E+02
 6.97454E+02,  7.46038E+02,  7.46038E+02,  7.46038E+02,  7.46038E+02
 7.46038E+02,  7.46038E+02,  7.34026E+02,  3.68075E+03,  9.13436E+02
 1.86774E+02,  1.09664E+02,  1.46170E+02,  2.30424E+02,  3.10932E+02
 3.74266E+02,  3.65924E+02,  4.60198E+02,  5.04303E+02,  5.46821E+02
 5.58291E+02,  5.63072E+02,  7.37581E+02,  7.37581E+02,  7.85461E+02
 7.85461E+02,  7.85461E+02,  7.85461E+02,  7.85461E+02,  7.85461E+02
 6.73240E+02,  3.82530E+03,  1.09962E+03,  2.37766E+02,  1.26010E+02
 1.57325E+02,  2.29168E+02,  2.95128E+02,  3.40948E+02,  3.80506E+02
 4.52845E+02,  4.93880E+02,  5.54213E+02,  5.71662E+02,  5.85920E+02
 7.75618E+02,  7.75618E+02,  8.26250E+02,  8.26250E+02,  8.26250E+02
 8.26250E+02,  8.26250E+02,  8.26250E+02,  7.25601E+02,  2.33597E+03
 8.93237E+02,  2.65359E+02,  1.50277E+02,  1.59487E+02,  2.24086E+02
 2.90959E+02,  3.32156E+02,  3.87283E+02,  4.41943E+02,  4.83605E+02
 5.55317E+02,  5.79980E+02,  6.04792E+02,  8.10843E+02,  8.10843E+02
 8.69145E+02,  8.69145E+02,  8.69145E+02,  8.69145E+02,  8.69145E+02
 8.69145E+02,  5.78913E+02,  1.98601E+03,  7.78593E+02,  2.82076E+02
 1.82288E+02,  1.94131E+02,  2.33236E+02,  2.88433E+02,  3.32997E+02
 3.83954E+02,  4.35926E+02,  4.85709E+02,  5.52139E+02,  5.84147E+02
 6.19888E+02,  8.43494E+02,  8.43494E+02,  9.13765E+02,  9.13765E+02
 9.13765E+02,  9.13765E+02,  9.13765E+02,  9.13765E+02,  8.31509E+02
 1.91232E+03,  8.75524E+02,  3.19461E+02,  2.15940E+02,  2.21074E+02
 2.42560E+02,  2.83803E+02,  3.25183E+02,  3.72270E+02,  4.23375E+02
 4.79792E+02,  5.43916E+02,  5.83846E+02,  6.30499E+02,  8.72551E+02
 8.72551E+02,  9.58789E+02,  9.58789E+02,  9.58789E+02,  9.58789E+02
 9.58789E+02,  9.58789E+02,  4.14773E+02,  1.40281E+03,  9.39639E+02
 3.82385E+02,  2.45542E+02,  2.36779E+02,  2.52906E+02,  2.77765E+02
 3.09975E+02,  3.53310E+02,  4.03640E+02,  4.65514E+02,  5.30226E+02
 5.78566E+02,  6.35951E+02,  8.97425E+02,  8.97425E+02,  1.00441E+03
 1.00441E+03,  1.00441E+03,  1.00441E+03,  1.00441E+03,  1.00441E+03
 6.00326E+02,  9.38420E+02,  1.01055E+03,  4.66557E+02,  2.84770E+02
 2.62759E+02,  2.66548E+02,  2.71954E+02,  2.91397E+02,  3.29826E+02
 3.78778E+02,  4.44715E+02,  5.11640E+02,  5.68444E+02,  6.36011E+02
 9.17668E+02,  9.17668E+02,  1.05034E+03,  1.05034E+03,  1.05034E+03
 1.05034E+03,  1.05034E+03,  1.05034E+03,  3.98085E+02,  1.29992E+03
 1.32322E+03,  5.77244E+02,  3.39561E+02,  3.05120E+02,  2.87469E+02
 2.67957E+02,  2.71996E+02,  3.04336E+02,  3.50868E+02,  4.19005E+02
 4.88702E+02,  5.53561E+02,  6.30418E+02,  9.32646E+02,  9.32646E+02
 1.09644E+03,  1.09644E+03,  1.09644E+03,  1.09644E+03,  1.09644E+03
 1.09644E+03,  5.84292E+02,  1.07811E+03,  1.42865E+03,  7.05968E+02
 4.37350E+02,  3.79750E+02,  3.19825E+02,  2.66746E+02,  2.53785E+02
 2.79693E+02,  3.22824E+02,  3.90970E+02,  4.63142E+02,  5.35126E+02
 6.20061E+02,  9.43513E+02,  9.43513E+02,  1.14429E+03,  1.14429E+03
 1.14429E+03,  1.14429E+03,  1.14429E+03,  1.14429E+03,  3.75974E+02
 1.08935E+03,  1.45050E+03,  8.56526E+02,  6.25874E+02,  4.95486E+02
 3.61958E+02,  2.67833E+02,  2.37768E+02,  2.57836E+02,  2.96869E+02
 3.62720E+02,  4.36386E+02,  5.14105E+02,  6.05542E+02,  9.50257E+02
 9.50257E+02,  1.19260E+03,  1.19260E+03,  1.19260E+03,  1.19260E+03
 1.19260E+03,  1.19260E+03,  4.92244E+02,  8.90190E+02,  1.36563E+03
 9.89797E+02,  7.79469E+02,  6.02755E+02,  4.02864E+02,  2.69546E+02
 2.24150E+02,  2.39498E+02,  2.73969E+02,  3.35195E+02,  4.09029E+02
 4.90880E+02,  5.87064E+02,  9.51979E+02,  9.51979E+02,  1.23912E+03
 1.23912E+03,  1.23912E+03,  1.23912E+03,  1.23912E+03,  1.23912E+03
 3.95825E+02,  9.78964E+02,  1.30363E+03,  1.20633E+03,  9.98691E+02
 6.56552E+02,  4.30028E+02,  2.70455E+02,  2.13420E+02,  2.25295E+02
 2.55022E+02,  3.09578E+02,  3.82171E+02,  4.66506E+02,  5.65726E+02
 9.49704E+02,  9.49704E+02,  1.28473E+03,  1.28473E+03,  1.28473E+03
 1.28473E+03,  1.28473E+03,  1.28473E+03,  4.12286E+02,  5.79822E+02
 8.88328E+02,  1.16486E+03,  1.07871E+03,  7.21257E+02,  4.40404E+02
 2.70650E+02,  2.06265E+02,  2.12822E+02,  2.38971E+02,  2.86665E+02
 3.56715E+02,  4.41913E+02,  5.42531E+02,  9.44030E+02,  9.44030E+02
 1.32913E+03,  1.32913E+03,  1.32913E+03,  1.32913E+03,  1.32913E+03
 1.32913E+03,  3.59808E+02,  5.92866E+02,  8.08058E+02,  9.78105E+02
 9.81038E+02,  7.13983E+02,  4.38432E+02,  2.72020E+02,  2.03728E+02
 2.04457E+02,  2.26038E+02,  2.67031E+02,  3.33392E+02,  4.17965E+02
 5.18502E+02,  9.35660E+02,  9.35660E+02,  1.37261E+03,  1.37261E+03
 1.37261E+03,  1.37261E+03,  1.37261E+03,  1.37261E+03,  4.01351E+02
 7.63063E+02,  8.59470E+02,  7.97688E+02,  7.93419E+02,  6.40097E+02
 4.30085E+02,  2.77224E+02,  2.06883E+02,  2.01115E+02,  2.16859E+02
 2.50960E+02,  3.12689E+02,  3.95382E+02,  4.94602E+02,  9.25920E+02
 9.25920E+02,  1.41740E+03,  1.41740E+03,  1.41740E+03,  1.41740E+03
 1.41740E+03,  1.41740E+03,  4.36923E+02,  8.51259E+02,  9.09277E+02
 6.62282E+02,  6.03436E+02,  5.43020E+02,  4.16196E+02,  2.88963E+02
 2.16706E+02,  2.02905E+02,  2.11393E+02,  2.38233E+02,  2.94621E+02
 3.74464E+02,  4.71354E+02,  9.14794E+02,  9.14794E+02,  1.46124E+03
 1.46124E+03,  1.46124E+03,  1.46124E+03,  1.46124E+03,  1.46124E+03
 3.28654E+02,  8.00491E+02,  8.28712E+02,  5.29919E+02,  4.64715E+02
 4.59241E+02,  4.06199E+02,  3.09482E+02,  2.34391E+02,  2.10011E+02
 2.09555E+02,  2.28720E+02,  2.79328E+02,  3.55667E+02,  4.49547E+02
 9.02844E+02,  9.02844E+02,  1.50183E+03,  1.50183E+03,  1.50183E+03
 1.50183E+03,  1.50183E+03,  1.50183E+03,  5.40677E+02,  6.88110E+02
 6.02651E+02,  3.89177E+02,  3.43799E+02,  3.95592E+02,  4.06010E+02
 3.39720E+02,  2.60828E+02,  2.22510E+02,  2.11094E+02,  2.22145E+02
 2.66728E+02,  3.39188E+02,  4.29716E+02,  8.91288E+02,  8.91288E+02
 1.54099E+03,  1.54099E+03,  1.54099E+03,  1.54099E+03,  1.54099E+03
 1.54099E+03,  4.29862E+02,  1.00194E+03,  5.71450E+02,  2.95012E+02
 2.65277E+02,  3.40833E+02,  4.12951E+02,  3.79010E+02,  2.96397E+02
 2.40512E+02,  2.15819E+02,  2.18319E+02,  2.56775E+02,  3.25209E+02
 4.12314E+02,  8.80902E+02,  8.80902E+02,  1.57867E+03,  1.57867E+03
 1.57867E+03,  1.57867E+03,  1.57867E+03,  1.57867E+03,  5.74435E+02
 1.23068E+03,  6.46419E+02,  2.53755E+02,  1.90402E+02,  2.97709E+02
 4.28721E+02,  4.20802E+02,  3.39708E+02,  2.63967E+02,  2.23579E+02
 2.17106E+02,  2.49408E+02,  3.13820E+02,  3.97631E+02,  8.72494E+02
 8.72494E+02,  1.61596E+03,  1.61596E+03,  1.61596E+03,  1.61596E+03
 1.61596E+03,  1.61596E+03,  5.04469E+02,  1.85359E+03,  7.35803E+02
 2.25071E+02,  1.59075E+02,  2.78679E+02,  4.55673E+02,  4.55752E+02
 3.85383E+02,  2.92101E+02,  2.33911E+02,  2.17918E+02,  2.43983E+02
 3.04434E+02,  3.85126E+02,  8.65704E+02,  8.65704E+02,  1.65521E+03
 1.65521E+03,  1.65521E+03,  1.65521E+03,  1.65521E+03,  1.65521E+03
 5.55924E+02,  1.79771E+03,  7.07467E+02,  1.82956E+02,  1.45617E+02
 2.79694E+02,  5.01207E+02,  4.97657E+02,  4.18969E+02,  3.23733E+02
 2.47134E+02,  2.20799E+02,  2.40511E+02,  2.97205E+02,  3.75133E+02
 8.60838E+02,  8.60838E+02,  1.69349E+03,  1.69349E+03,  1.69349E+03
 1.69349E+03,  1.69349E+03,  1.69349E+03,  4.19415E+02,  1.36460E+03
 5.84577E+02,  1.57883E+02,  1.44595E+02,  2.97676E+02,  5.68722E+02
 5.74425E+02,  4.45819E+02,  3.49534E+02,  2.63910E+02,  2.26051E+02
 2.39281E+02,  2.92585E+02,  3.68348E+02,  8.59460E+02,  8.59460E+02
 1.72917E+03,  1.72917E+03,  1.72917E+03,  1.72917E+03,  1.72917E+03
 1.72917E+03,  6.06075E+02,  1.28479E+03,  5.13948E+02,  1.58281E+02
 1.59927E+02,  3.28719E+02,  6.60315E+02,  6.84260E+02,  4.94411E+02
 3.60451E+02,  2.84029E+02,  2.33336E+02,  2.39827E+02,  2.90131E+02
 3.64372E+02,  8.61728E+02,  8.61728E+02,  1.76477E+03,  1.76477E+03
 1.76477E+03,  1.76477E+03,  1.76477E+03,  1.76477E+03,  4.76161E+02
 1.74412E+03,  5.00916E+02,  1.76751E+02,  1.88632E+02,  3.65379E+02
 7.65758E+02,  8.08081E+02,  5.50890E+02,  3.65202E+02,  3.03151E+02
 2.42450E+02,  2.42061E+02,  2.89897E+02,  3.63375E+02,  8.68242E+02
 8.68242E+02,  1.80036E+03,  1.80036E+03,  1.80036E+03,  1.80036E+03
 1.80036E+03,  1.80036E+03,  7.23048E+02,  1.71097E+03,  4.62706E+02
 1.65901E+02,  1.97178E+02,  3.99654E+02,  8.55844E+02,  9.00012E+02
 5.91595E+02,  3.63527E+02,  3.04346E+02,  2.52048E+02,  2.45354E+02
 2.91462E+02,  3.64991E+02,  8.78935E+02,  8.78935E+02,  1.83772E+03
 1.83772E+03,  1.83772E+03,  1.83772E+03,  1.83772E+03,  1.83772E+03
 5.81362E+02,  1.08138E+03,  3.52804E+02,  1.32455E+02,  1.99140E+02
 4.28503E+02,  8.86804E+02,  9.24538E+02,  6.02663E+02,  3.55528E+02
 2.89076E+02,  2.60404E+02,  2.48640E+02,  2.93895E+02,  3.68169E+02
 8.92141E+02,  8.92141E+02,  1.87915E+03,  1.87915E+03,  1.87915E+03
 1.87915E+03,  1.87915E+03,  1.87915E+03,  4.98368E+02,  9.81686E+02
 3.47067E+02,  1.51211E+02,  2.36143E+02,  4.42279E+02,  8.20830E+02
 8.73518E+02,  5.78769E+02,  3.40262E+02,  2.74945E+02,  2.66881E+02
 2.52499E+02,  2.98216E+02,  3.74213E+02,  9.09751E+02,  9.09751E+02
 1.92093E+03,  1.92093E+03,  1.92093E+03,  1.92093E+03,  1.92093E+03
 1.92093E+03,  5.59060E+02,  1.72935E+03,  6.23475E+02,  2.17463E+02
 2.54000E+02,  4.31804E+02,  6.53651E+02,  7.68620E+02,  5.25456E+02
 3.18904E+02,  2.65596E+02,  2.70213E+02,  2.57135E+02,  3.05082E+02
 3.84065E+02,  9.33741E+02,  9.33741E+02,  1.96137E+03,  1.96137E+03
 1.96137E+03,  1.96137E+03,  1.96137E+03,  1.96137E+03,  5.39425E+02
 1.74271E+03,  8.22821E+02,  2.50460E+02,  2.30902E+02,  3.80244E+02
 5.85999E+02,  6.43543E+02,  4.56821E+02,  2.95271E+02,  2.61922E+02
 2.69050E+02,  2.61700E+02,  3.13755E+02,  3.96929E+02,  9.63119E+02
 9.63119E+02,  2.00323E+03,  2.00323E+03,  2.00323E+03,  2.00323E+03
 2.00323E+03,  2.00323E+03,  5.21171E+02,  1.64832E+03,  7.07057E+02
 2.00338E+02,  1.72757E+02,  2.99632E+02,  4.67534E+02,  5.20297E+02
 3.87811E+02,  2.74597E+02,  2.65949E+02,  2.63601E+02,  2.66271E+02
 3.24539E+02,  4.13307E+02,  9.98870E+02,  9.98870E+02,  2.04610E+03
 2.04610E+03,  2.04610E+03,  2.04610E+03,  2.04610E+03,  2.04610E+03
 6.22928E+02,  1.50475E+03,  5.37501E+02,  1.46898E+02,  1.31815E+02
 2.35418E+02,  3.65817E+02,  4.15950E+02,  3.30225E+02,  2.63531E+02
 2.72053E+02,  2.55137E+02,  2.70569E+02,  3.36751E+02,  4.32252E+02
 1.03928E+03,  1.03928E+03,  2.09241E+03,  2.09241E+03,  2.09241E+03
 2.09241E+03,  2.09241E+03,  2.09241E+03,  6.13832E+02,  1.48962E+03
 4.74682E+02,  1.50873E+02,  1.30930E+02,  2.04964E+02,  2.99475E+02
 3.36544E+02,  2.89442E+02,  2.65087E+02,  2.62319E+02,  2.45724E+02
 2.74687E+02,  3.49802E+02,  4.52755E+02,  1.08231E+03,  1.08231E+03
 2.14569E+03,  2.14569E+03,  2.14569E+03,  2.14569E+03,  2.14569E+03
 2.14569E+03,  5.61690E+02,  1.80169E+03,  5.61069E+02,  1.66611E+02
 1.39960E+02,  2.02012E+02,  2.67073E+02,  2.90278E+02,  2.67051E+02
 2.54983E+02,  2.35273E+02,  2.37964E+02,  2.80756E+02,  3.66219E+02
 4.77919E+02,  1.13317E+03,  1.13317E+03,  2.19932E+03,  2.19932E+03
 2.19932E+03,  2.19932E+03,  2.19932E+03,  2.19932E+03,  6.71017E+02
 1.96106E+03,  7.34132E+02,  1.97707E+02,  1.49662E+02,  2.10498E+02
 2.66995E+02,  2.80001E+02,  2.51847E+02,  2.23930E+02,  2.13835E+02
 2.33771E+02,  2.90107E+02,  3.87154E+02,  5.08819E+02,  1.19302E+03
 1.19302E+03,  2.24855E+03,  2.24855E+03,  2.24855E+03,  2.24855E+03
 2.24855E+03,  2.24855E+03,  4.64302E+02,  1.52725E+03,  7.64274E+02
 2.76985E+02,  1.85304E+02,  2.40915E+02,  2.93941E+02,  2.83629E+02
 2.33700E+02,  2.02054E+02,  2.01768E+02,  2.33987E+02,  3.02801E+02
 4.11907E+02,  5.44077E+02,  1.25878E+03,  1.25878E+03,  2.29667E+03
 2.29667E+03,  2.29667E+03,  2.29667E+03,  2.29667E+03,  2.29667E+03
 5.43174E+02,  1.24011E+03,  7.76404E+02,  3.60619E+02,  2.61412E+02
 3.15112E+02,  3.39172E+02,  2.91875E+02,  2.25391E+02,  1.92465E+02
 1.97683E+02,  2.39084E+02,  3.19621E+02,  4.41298E+02,  5.84514E+02
 1.33175E+03,  1.33175E+03,  2.34122E+03,  2.34122E+03,  2.34122E+03
 2.34122E+03,  2.34122E+03,  2.34122E+03,  4.73710E+02,  1.16481E+03
 7.88871E+02,  4.25267E+02,  3.90487E+02,  4.35528E+02,  3.97745E+02
 3.08327E+02,  2.26218E+02,  1.91794E+02,  2.00817E+02,  2.49645E+02
 3.40819E+02,  4.74384E+02,  6.27818E+02,  1.40674E+03,  1.40674E+03
 2.38819E+03,  2.38819E+03,  2.38819E+03,  2.38819E+03,  2.38819E+03
 2.38819E+03,  5.56583E+02,  9.26156E+02,  7.52308E+02,  5.82727E+02
 5.75756E+02,  5.79316E+02,  4.52321E+02,  3.27886E+02,  2.34517E+02
 1.98649E+02,  2.10976E+02,  2.66288E+02,  3.66881E+02,  5.10896E+02
 6.72993E+02,  1.48207E+03,  1.48207E+03,  2.44583E+03,  2.44583E+03
 2.44583E+03,  2.44583E+03,  2.44583E+03,  2.44583E+03,  3.49388E+02
 7.09373E+02,  7.78255E+02,  7.45887E+02,  7.20832E+02,  6.58916E+02
 4.95153E+02,  3.39973E+02,  2.51463E+02,  2.13219E+02,  2.28681E+02
 2.90384E+02,  4.00399E+02,  5.54720E+02,  7.24918E+02,  1.56506E+03
 1.56506E+03,  2.49451E+03,  2.49451E+03,  2.49451E+03,  2.49451E+03
 2.49451E+03,  2.49451E+03,  4.21560E+02,  6.31076E+02,  9.63135E+02
 8.32965E+02,  6.72825E+02,  5.88675E+02,  4.70160E+02,  3.52162E+02
 2.82337E+02,  2.37738E+02,  2.55848E+02,  3.23803E+02,  4.42909E+02
 6.06401E+02,  7.82665E+02,  1.64905E+03,  1.64905E+03,  2.52018E+03
 2.52018E+03,  2.52018E+03,  2.52018E+03,  2.52018E+03,  2.52018E+03
 3.93908E+02,  8.15326E+02,  1.43234E+03,  7.74228E+02,  4.87822E+02
 4.38294E+02,  4.04349E+02,  3.48466E+02,  2.99520E+02,  2.75261E+02
 2.94798E+02,  3.67966E+02,  4.94319E+02,  6.63792E+02,  8.42288E+02
 1.72428E+03,  1.72428E+03,  2.52952E+03,  2.52952E+03,  2.52952E+03
 2.52952E+03,  2.52952E+03,  2.52952E+03,  3.84525E+02,  1.44591E+03
 1.77467E+03,  5.40309E+02,  3.06641E+02,  3.48875E+02,  3.60390E+02
 3.53239E+02,  3.42036E+02,  3.31180E+02,  3.48338E+02,  4.24335E+02
 5.54948E+02,  7.26437E+02,  9.02934E+02,  1.78842E+03,  1.78842E+03
 2.51449E+03,  2.51449E+03,  2.51449E+03,  2.51449E+03,  2.51449E+03
 2.51449E+03,  5.22461E+02,  1.09777E+03,  9.58677E+02,  2.64549E+02
 1.32951E+02,  1.74117E+02,  3.57392E+02,  3.91001E+02,  4.13770E+02
 4.11164E+02,  4.19415E+02,  4.93324E+02,  6.22333E+02,  7.89577E+02
 9.59169E+02,  1.84128E+03,  1.84128E+03,  2.50290E+03,  2.50290E+03
 2.50290E+03,  2.50290E+03,  2.50290E+03,  2.50290E+03,  2.90056E+02
 3.53374E+02,  2.39698E+02,  1.04934E+02,  7.58428E+01,  1.23909E+02
 3.30934E+02,  4.41654E+02,  5.01845E+02,  5.02660E+02,  5.09294E+02
 5.73722E+02,  6.93665E+02,  8.50531E+02,  1.01133E+03,  1.90243E+03
 1.90243E+03,  2.52192E+03,  2.52192E+03,  2.52192E+03,  2.52192E+03
 2.52192E+03,  2.52192E+03,  1.11229E+03,  4.84438E+02,  1.63204E+02
 7.86273E+01,  8.54953E+01,  1.33949E+02,  3.23860E+02,  5.71223E+02
 6.23069E+02,  6.17490E+02,  6.14212E+02,  6.62243E+02,  7.67594E+02
 9.12011E+02,  1.06363E+03,  1.99075E+03,  1.99075E+03,  2.57929E+03
 2.57929E+03,  2.57929E+03,  2.57929E+03,  2.57929E+03,  2.57929E+03
 1.19733E+03,  2.63362E+03,  3.13753E+02,  1.20639E+02,  1.25155E+02
 2.04475E+02,  4.19467E+02,  6.73503E+02,  7.59155E+02,  7.43549E+02
 7.22934E+02,  7.51205E+02,  8.40178E+02,  9.68673E+02,  1.11590E+03
 2.11643E+03,  2.11643E+03,  2.68142E+03,  2.68142E+03,  2.68142E+03
 2.68142E+03,  2.68142E+03,  2.68142E+03,  7.20292E+02,  1.94078E+03
 5.43254E+02,  2.82598E+02,  2.27438E+02,  3.34220E+02,  6.26608E+02
 8.83940E+02,  8.74307E+02,  8.47781E+02,  8.14292E+02,  8.26661E+02
 8.99871E+02,  1.02161E+03,  1.17835E+03,  2.25680E+03,  2.25680E+03
 2.81203E+03,  2.81203E+03,  2.81203E+03,  2.81203E+03,  2.81203E+03
 2.81203E+03,  7.75710E+02,  4.20712E+03,  1.37520E+03,  5.04648E+02
 3.58474E+02,  5.52159E+02,  9.77266E+02,  1.27469E+03,  1.16844E+03
 1.00334E+03,  9.03382E+02,  8.92938E+02,  9.59669E+02,  1.08505E+03
 1.24789E+03,  2.39831E+03,  2.39831E+03,  2.93791E+03,  2.93791E+03
 2.93791E+03,  2.93791E+03,  2.93791E+03,  2.93791E+03,  6.10436E+02
 2.40022E+03,  4.38584E+02,  4.95330E+02,  5.33837E+02,  8.44305E+02
 1.40905E+03,  1.72785E+03,  1.53824E+03,  1.23420E+03,  1.03844E+03
 9.82270E+02,  1.03468E+03,  1.15593E+03,  1.31656E+03,  2.52821E+03
 2.52821E+03,  3.03262E+03,  3.03262E+03,  3.03262E+03,  3.03262E+03
 3.03262E+03,  3.03262E+03,  4.22658E+02,  6.17901E+02,  2.16611E+02
 2.67442E+02,  4.79845E+02,  9.35772E+02,  1.64628E+03,  2.04166E+03
 1.83556E+03,  1.44219E+03,  1.17666E+03,  1.08102E+03,  1.11419E+03
 1.22567E+03,  1.38081E+03,  2.63927E+03,  2.63927E+03,  3.08622E+03
 3.08622E+03,  3.08622E+03,  3.08622E+03,  3.08622E+03,  3.08622E+03
 8.76500E+02,  1.09311E+03,  1.93842E+02,  1.48121E+02,  2.58600E+02
 6.78362E+02,  1.44525E+03,  2.01636E+03,  1.94524E+03,  1.57003E+03
 1.28508E+03,  1.17064E+03,  1.19105E+03,  1.29430E+03,  1.44440E+03
 2.75593E+03,  2.75593E+03,  3.14782E+03,  3.14782E+03,  3.14782E+03
 3.14782E+03,  3.14782E+03,  3.14782E+03,  9.25574E+02,  1.03784E+03
 1.50672E+02,  8.66262E+01,  1.36133E+02,  3.76859E+02,  9.83286E+02
 1.65746E+03,  1.82297E+03,  1.58801E+03,  1.34822E+03,  1.24227E+03
 1.26085E+03,  1.35964E+03,  1.50555E+03,  2.87607E+03,  2.87607E+03
 3.21313E+03,  3.21313E+03,  3.21313E+03,  3.21313E+03,  3.21313E+03
 3.21313E+03,  7.96792E+02,  1.38189E+03,  1.86069E+02,  7.77624E+01
 8.46908E+01,  2.03349E+02,  5.84230E+02,  1.19052E+03,  1.54339E+03
 1.50383E+03,  1.35978E+03,  1.28861E+03,  1.31739E+03,  1.41607E+03
 1.55806E+03,  2.97914E+03,  2.97914E+03,  3.25315E+03,  3.25315E+03
 3.25315E+03,  3.25315E+03,  3.25315E+03,  3.25315E+03,  1.37570E+03
 1.82739E+03,  2.42937E+02,  8.01692E+01,  6.33581E+01,  1.20562E+02
 3.41280E+02,  8.02554E+02,  1.22378E+03,  1.35270E+03,  1.32353E+03
 1.30632E+03,  1.35675E+03,  1.46058E+03,  1.59990E+03,  3.06209E+03
 3.06209E+03,  3.27086E+03,  3.27086E+03,  3.27086E+03,  3.27086E+03
 3.27086E+03,  3.27086E+03,  2.75765E+02,  4.39009E+02,  3.18895E+02
 7.55469E+01,  5.62581E+01,  8.14871E+01,  2.12738E+02,  5.43285E+02
 9.45292E+02,  1.17602E+03,  1.24989E+03,  1.29435E+03,  1.37465E+03
 1.48807E+03,  1.62542E+03,  3.10934E+03,  3.10934E+03,  3.25343E+03
 3.25343E+03,  3.25343E+03,  3.25343E+03,  3.25343E+03,  3.25343E+03
 3.74494E+02,  1.33404E+03,  6.76984E+02,  8.17147E+01,  5.91869E+01
 6.68462E+01,  1.49764E+02,  3.87874E+02,  7.34699E+02,  1.00553E+03
 1.15484E+03,  1.25876E+03,  1.37322E+03,  1.49963E+03,  1.63609E+03
 3.12513E+03,  3.12513E+03,  3.20810E+03,  3.20810E+03,  3.20810E+03
 3.20810E+03,  3.20810E+03,  3.20810E+03,  6.16175E+02,  9.81999E+03
 1.05952E+03,  8.45614E+01,  5.34548E+01,  6.65738E+01,  1.30726E+02
 3.00083E+02,  5.80851E+02,  8.51520E+02,  1.04994E+03,  1.20757E+03
 1.35879E+03,  1.50167E+03,  1.63930E+03,  3.13076E+03,  3.13076E+03
 3.15730E+03,  3.15730E+03,  3.15730E+03,  3.15730E+03,  3.15730E+03
 3.15730E+03,  6.34028E+02,  1.57080E+04,  9.52696E+02,  8.31196E+01
 3.87972E+01,  6.19874E+01,  1.24249E+02,  2.61357E+02,  4.68036E+02
 7.11860E+02,  9.41921E+02,  1.14537E+03,  1.33216E+03,  1.49243E+03
 1.63159E+03,  3.11312E+03,  3.11312E+03,  3.08874E+03,  3.08874E+03
 3.08874E+03,  3.08874E+03,  3.08874E+03,  3.08874E+03,  8.66689E+02
 8.81164E+03,  4.63085E+02,  7.31882E+01,  3.65703E+01,  5.19673E+01
 1.14833E+02,  2.52234E+02,  4.25860E+02,  5.95763E+02,  8.37562E+02
 1.07853E+03,  1.29573E+03,  1.47128E+03,  1.61090E+03,  3.06307E+03
 3.06307E+03,  2.99664E+03,  2.99664E+03,  2.99664E+03,  2.99664E+03
 2.99664E+03,  2.99664E+03,  6.86247E+02,  1.14565E+03,  1.92756E+02
 6.23024E+01,  4.14645E+01,  5.90939E+01,  1.20165E+02,  2.47113E+02
 4.14681E+02,  5.63740E+02,  7.46924E+02,  1.01338E+03,  1.25378E+03
 1.44089E+03,  1.57933E+03,  2.98394E+03,  2.98394E+03,  2.88629E+03
 2.88629E+03,  2.88629E+03,  2.88629E+03,  2.88629E+03,  2.88629E+03
 3.48098E+02,  3.83751E+02,  1.84411E+02,  7.52533E+01,  6.11505E+01
 8.49746E+01,  1.48245E+02,  2.60849E+02,  4.15511E+02,  5.69160E+02
 6.96677E+02,  9.51928E+02,  1.20637E+03,  1.39991E+03,  1.53484E+03
 2.86872E+03,  2.86872E+03,  2.75345E+03,  2.75345E+03,  2.75345E+03
 2.75345E+03,  2.75345E+03,  2.75345E+03,  2.71223E+02,  5.29413E+02
 2.50866E+02,  1.32267E+02,  1.20547E+02,  1.44546E+02,  1.96790E+02
 2.85245E+02,  4.16368E+02,  5.69787E+02,  6.87311E+02,  8.94346E+02
 1.15144E+03,  1.34644E+03,  1.47685E+03,  2.72016E+03,  2.72016E+03
 2.60188E+03,  2.60188E+03,  2.60188E+03,  2.60188E+03,  2.60188E+03
 2.60188E+03,  7.55155E+02,  7.53616E+02,  4.23577E+02,  3.00540E+02
 2.68789E+02,  2.52486E+02,  2.61422E+02,  3.15330E+02,  4.21306E+02
 5.67655E+02,  7.11934E+02,  8.88251E+02,  1.11203E+03,  1.28326E+03
 1.39854E+03,  2.60023E+03,  2.60023E+03,  2.50080E+03,  2.50080E+03
 2.50080E+03,  2.50080E+03,  2.50080E+03,  2.50080E+03,  5.45236E+02
 7.13263E+02,  6.66000E+02,  6.42258E+02,  5.23192E+02,  3.73162E+02
 3.27276E+02,  3.45175E+02,  4.05061E+02,  5.36831E+02,  7.54384E+02
 9.68447E+02,  1.17492E+03,  1.34767E+03,  1.47451E+03,  2.91067E+03
 2.91067E+03,  2.80446E+03,  2.80446E+03,  2.80446E+03,  2.80446E+03
 2.80446E+03,  2.80446E+03,  6.44771E+02,  9.04105E+02,  1.26841E+03
 1.25713E+03,  8.60546E+02,  5.23137E+02,  3.56650E+02,  3.17279E+02
 3.74682E+02,  5.53892E+02,  9.68537E+02,  1.70864E+03,  2.78400E+03
 4.01523E+03,  5.53306E+03,  2.44949E+04,  2.44949E+04,  1.99461E+04
 1.99461E+04,  1.99461E+04,  1.99461E+04,  1.99461E+04,  1.99461E+04
 6.44771E+02,  9.04105E+02,  1.26841E+03,  1.25713E+03,  8.60546E+02
 5.23137E+02,  3.56650E+02,  3.17279E+02,  3.74682E+02,  5.53892E+02
 9.68537E+02,  1.70864E+03,  2.78400E+03,  4.01523E+03,  5.53306E+03
 2.44949E+04,  2.44949E+04,  1.99461E+04,  1.99461E+04,  1.99461E+04
 1.99461E+04,  1.99461E+04,  1.99461E+04,  7.00226E+02,  6.90977E+02
 6.33761E+02,  5.44819E+02,  4.24112E+02,  2.98290E+02,  1.96234E+02
 1.28665E+02,  8.96143E+01,  6.89823E+01,  5.97789E+01,  5.98772E+01
 6.09400E+01,  6.20818E+01,  7.05689E+01,  6.68775E+01,  6.68775E+01
 1.24783E+02,  1.24783E+02,  1.24783E+02,  1.24783E+02,  1.24783E+02
 1.24783E+02,  7.00226E+02,  6.90977E+02,  6.33761E+02,  5.44819E+02
 4.24112E+02,  2.98290E+02,  1.96234E+02,  1.28665E+02,  8.96143E+01
 6.89823E+01,  5.97789E+01,  5.98772E+01,  6.09400E+01,  6.20818E+01
 7.05689E+01,  6.68775E+01,  6.68775E+01,  1.24783E+02,  1.24783E+02
 1.24783E+02,  1.24783E+02,  1.24783E+02,  1.24783E+02,  7.00226E+02
 6.90977E+02,  6.33761E+02,  5.44819E+02,  4.24112E+02,  2.98290E+02
 1.96234E+02,  1.28665E+02,  8.96143E+01,  6.89823E+01,  5.97789E+01
 5.98772E+01,  6.09400E+01,  6.20818E+01,  7.05689E+01,  6.68775E+01
 6.68775E+01,  1.24783E+02,  1.24783E+02,  1.24783E+02,  1.24783E+02
 1.24783E+02,  1.24783E+02,  7.00226E+02,  6.90977E+02,  6.33761E+02
 5.44819E+02,  4.24112E+02,  2.98290E+02,  1.96234E+02,  1.28665E+02
 8.96143E+01,  6.89823E+01,  5.97789E+01,  5.98772E+01,  6.09400E+01
 6.20818E+01,  7.05689E+01,  6.68775E+01,  6.68775E+01,  1.24783E+02
 1.24783E+02,  1.24783E+02,  1.24783E+02,  1.24783E+02,  1.24783E+02
 7.00226E+02,  6.90977E+02,  6.33761E+02,  5.44819E+02,  4.24112E+02
 2.98290E+02,  1.96234E+02,  1.28665E+02,  8.96143E+01,  6.89823E+01
 5.97789E+01,  5.98772E+01,  6.09400E+01,  6.20818E+01,  7.05689E+01
 6.68775E+01,  6.68775E+01,  1.24783E+02,  1.24783E+02,  1.24783E+02
 1.24783E+02,  1.24783E+02,  1.24783E+02,  7.00226E+02,  6.90977E+02
 6.33761E+02,  5.44819E+02,  4.24112E+02,  2.98290E+02,  1.96234E+02
 1.28665E+02,  8.96143E+01,  6.89823E+01,  5.97789E+01,  5.98772E+01
 6.09400E+01,  6.20818E+01,  7.05689E+01,  6.68775E+01,  6.68775E+01
 1.24783E+02,  1.24783E+02,  1.24783E+02,  1.24783E+02,  1.24783E+02
 1.24783E+02

;-Sensitivity in the elemental sequential order

 3.30967E-02,  3.31446E-02,  3.11950E-02,  2.61760E-02,  2.04693E-02
 1.54936E-02,  1.16746E-02,  8.87965E-03,  6.84539E-03,  5.34866E-03
 4.23485E-03,  3.40238E-03,  2.77842E-03,  2.30828E-03,  1.95136E-03
 4.28516E-03,  4.28516E-03,  8.70081E-03,  8.70081E-03,  8.70081E-03
 8.70081E-03,  8.70081E-03,  8.70081E-03,  3.30967E-02,  3.31446E-02
 3.11950E-02,  2.61760E-02,  2.04693E-02,  1.54936E-02,  1.16746E-02
 8.87965E-03,  6.84539E-03,  5.34866E-03,  4.23485E-03,  3.40238E-03
 2.77842E-03,  2.30828E-03,  1.95136E-03,  4.28516E-03,  4.28516E-03
 8.70081E-03,  8.70081E-03,  8.70081E-03,  8.70081E-03,  8.70081E-03
 8.70081E-03,  3.30967E-02,  3.31446E-02,  3.11950E-02,  2.61760E-02
 2.04693E-02,  1.54936E-02,  1.16746E-02,  8.87965E-03,  6.84539E-03
 5.34866E-03,  4.23485E-03,  3.40238E-03,  2.77842E-03,  2.30828E-03
 1.95136E-03,  4.28516E-03,  4.28516E-03,  8.70081E-03,  8.70081E-03
 8.70081E-03,  8.70081E-03,  8.70081E-03,  8.70081E-03,  3.30967E-02
 3.31446E-02,  3.11950E-02,  2.61760E-02,  2.04693E-02,  1.54936E-02
 1.16746E-02,  8.87965E-03,  6.84539E-03,  5.34866E-03,  4.23485E-03
 3.40238E-03,  2.77842E-03,  2.30828E-03,  1.95136E-03,  4.28516E-03
 4.28516E-03,  8.70081E-03,  8.70081E-03,  8.70081E-03,  8.70081E-03
 8.70081E-03,  8.70081E-03,  3.30967E-02,  3.31446E-02,  3.11950E-02
 2.61760E-02,  2.04693E-02,  1.54936E-02,  1.16746E-02,  8.87965E-03
 6.84539E-03,  5.34866E-03,  4.23485E-03,  3.40238E-03,  2.77842E-03
 2.30828E-03,  1.95136E-03,  4.28516E-03,  4.28516E-03,  8.70081E-03
 8.70081E-03,  8.70081E-03,  8.70081E-03,  8.70081E-03,  8.70081E-03
 3.30967E-02,  3.31446E-02,  3.11950E-02,  2.61760E-02,  2.04693E-02
 1.54936E-02,  1.16746E-02,  8.87965E-03,  6.84539E-03,  5.34866E-03
 4.23485E-03,  3.40238E-03,  2.77842E-03,  2.30828E-03,  1.95136E-03
 4.28516E-03,  4.28516E-03,  8.70081E-03,  8.70081E-03,  8.70081E-03
 8.70081E-03,  8.70081E-03,  8.70081E-03,  5.28601E-01,  1.65603E-01
 6.51371E-02,  2.94487E-02,  1.50757E-02,  8.58111E-03,  5.42926E-03
 3.73462E-03,  2.74320E-03,  2.06678E-03,  1.53286E-03,  1.11428E-03
 7.90740E-04,  5.50434E-04,  3.80801E-04,  5.85391E-04,  5.85391E-04
 6.61261E-04,  6.61261E-04,  6.61261E-04,  6.61261E-04,  6.61261E-04
 6.61261E-04,  5.28601E-01,  1.65603E-01,  6.51371E-02,  2.94487E-02
 1.50757E-02,  8.58111E-03,  5.42926E-03,  3.73462E-03,  2.74320E-03
 2.06678E-03,  1.53286E-03,  1.11428E-03,  7.90740E-04,  5.50434E-04
 3.80801E-04,  5.85391E-04,  5.85391E-04,  6.61261E-04,  6.61261E-04
 6.61261E-04,  6.61261E-04,  6.61261E-04,  6.61261E-04,  6.34479E-01
 1.45630E-01,  4.81600E-02,  1.89814E-02,  7.66699E-03,  3.59650E-03
 2.00225E-03,  1.31787E-03,  9.44939E-04,  6.83796E-04,  4.91513E-04
 3.52139E-04,  2.51091E-04,  1.76219E-04,  1.22156E-04,  1.76248E-04
 1.76248E-04,  2.33364E-04,  2.33364E-04,  2.33364E-04,  2.33364E-04
 2.33364E-04,  2.33364E-04,  1.72533E+00,  3.32927E-01,  9.37558E-02
 2.96193E-02,  1.02261E-02,  4.43300E-03,  2.22047E-03,  1.29356E-03
 8.80736E-04,  6.50765E-04,  4.74132E-04,  3.39790E-04,  2.44029E-04
 1.73216E-04,  1.21848E-04,  1.75237E-04,  1.75237E-04,  2.46788E-04
 2.46788E-04,  2.46788E-04,  2.46788E-04,  2.46788E-04,  2.46788E-04
 1.03035E+00,  4.84426E-01,  1.22386E-01,  3.54472E-02,  1.19468E-02
 4.95881E-03,  2.37763E-03,  1.34024E-03,  8.60129E-04,  6.10778E-04
 4.50344E-04,  3.30199E-04,  2.39083E-04,  1.71833E-04,  1.22538E-04
 1.79000E-04,  1.79000E-04,  2.60572E-04,  2.60572E-04,  2.60572E-04
 2.60572E-04,  2.60572E-04,  2.60572E-04,  1.57626E+00,  7.72557E-01
 1.47825E-01,  3.38810E-02,  1.23694E-02,  5.13499E-03,  2.45818E-03
 1.37221E-03,  8.53506E-04,  5.86335E-04,  4.28697E-04,  3.20879E-04
 2.35668E-04,  1.71347E-04,  1.23688E-04,  1.84829E-04,  1.84829E-04
 2.73689E-04,  2.73689E-04,  2.73689E-04,  2.73689E-04,  2.73689E-04
 2.73689E-04,  1.50286E+00,  8.46063E-01,  1.25598E-01,  2.90054E-02
 1.13603E-02,  4.96942E-03,  2.48875E-03,  1.40563E-03,  8.62202E-04
 5.77081E-04,  4.17346E-04,  3.12922E-04,  2.34072E-04,  1.71985E-04
 1.25387E-04,  1.93314E-04,  1.93314E-04,  2.88092E-04,  2.88092E-04
 2.88092E-04,  2.88092E-04,  2.88092E-04,  2.88092E-04,  1.94724E+00
 7.65978E-01,  1.34815E-01,  2.65561E-02,  1.00179E-02,  4.75611E-03
 2.52499E-03,  1.45375E-03,  8.85999E-04,  5.79331E-04,  4.14108E-04
 3.08823E-04,  2.33767E-04,  1.73422E-04,  1.27360E-04,  2.04008E-04
 2.04008E-04,  3.02864E-04,  3.02864E-04,  3.02864E-04,  3.02864E-04
 3.02864E-04,  3.02864E-04,  1.81305E+00,  7.97449E-01,  1.31642E-01
 2.56368E-02,  9.70153E-03,  4.87338E-03,  2.65104E-03,  1.54143E-03
 9.32213E-04,  5.97054E-04,  4.18431E-04,  3.09884E-04,  2.35539E-04
 1.76117E-04,  1.29962E-04,  2.17208E-04,  2.17208E-04,  3.18397E-04
 3.18397E-04,  3.18397E-04,  3.18397E-04,  3.18397E-04,  3.18397E-04
 1.94259E+00,  8.35991E-01,  1.40472E-01,  2.70513E-02,  1.08870E-02
 5.24943E-03,  2.91099E-03,  1.68477E-03,  1.00474E-03,  6.30855E-04
 4.29309E-04,  3.15884E-04,  2.39668E-04,  1.80238E-04,  1.33366E-04
 2.32856E-04,  2.32856E-04,  3.34631E-04,  3.34631E-04,  3.34631E-04
 3.34631E-04,  3.34631E-04,  3.34631E-04,  1.92567E+00,  8.82912E-01
 1.34330E-01,  2.68452E-02,  1.15463E-02,  5.74729E-03,  3.28231E-03
 1.87980E-03,  1.09915E-03,  6.73434E-04,  4.45880E-04,  3.25183E-04
 2.45955E-04,  1.85649E-04,  1.37533E-04,  2.50418E-04,  2.50418E-04
 3.51004E-04,  3.51004E-04,  3.51004E-04,  3.51004E-04,  3.51004E-04
 3.51004E-04,  2.14021E+00,  8.77401E-01,  1.46484E-01,  2.68122E-02
 1.18706E-02,  6.38895E-03,  3.73551E-03,  2.11218E-03,  1.20572E-03
 7.18113E-04,  4.69447E-04,  3.38136E-04,  2.55071E-04,  1.92943E-04
 1.42927E-04,  2.70205E-04,  2.70205E-04,  3.68682E-04,  3.68682E-04
 3.68682E-04,  3.68682E-04,  3.68682E-04,  3.68682E-04,  2.15311E+00
 9.05247E-01,  1.47353E-01,  2.93095E-02,  1.34115E-02,  7.27410E-03
 4.23202E-03,  2.35271E-03,  1.30431E-03,  7.66522E-04,  4.97840E-04
 3.54681E-04,  2.66798E-04,  2.02103E-04,  1.49640E-04,  2.92102E-04
 2.92102E-04,  3.87543E-04,  3.87543E-04,  3.87543E-04,  3.87543E-04
 3.87543E-04,  3.87543E-04,  1.98000E+00,  8.84952E-01,  1.56779E-01
 3.29072E-02,  1.57118E-02,  8.29597E-03,  4.70682E-03,  2.54963E-03
 1.39366E-03,  8.19920E-04,  5.28196E-04,  3.73368E-04,  2.80163E-04
 2.12514E-04,  1.57345E-04,  3.15191E-04,  3.15191E-04,  4.06175E-04
 4.06175E-04,  4.06175E-04,  4.06175E-04,  4.06175E-04,  4.06175E-04
 1.92124E+00,  8.65856E-01,  1.62139E-01,  3.79535E-02,  1.74738E-02
 9.04668E-03,  5.12571E-03,  2.71925E-03,  1.49661E-03,  8.77601E-04
 5.61192E-04,  3.94179E-04,  2.95305E-04,  2.24344E-04,  1.66229E-04
 3.39481E-04,  3.39481E-04,  4.25170E-04,  4.25170E-04,  4.25170E-04
 4.25170E-04,  4.25170E-04,  4.25170E-04,  1.86438E+00,  8.21723E-01
 1.63893E-01,  3.82037E-02,  1.74344E-02,  9.42873E-03,  5.42823E-03
 2.92170E-03,  1.60704E-03,  9.39161E-04,  5.96332E-04,  4.16753E-04
 3.11952E-04,  2.37442E-04,  1.76276E-04,  3.64796E-04,  3.64796E-04
 4.44262E-04,  4.44262E-04,  4.44262E-04,  4.44262E-04,  4.44262E-04
 4.44262E-04,  1.77599E+00,  8.14314E-01,  1.64048E-01,  3.41646E-02
 1.60597E-02,  9.49156E-03,  5.67419E-03,  3.09268E-03,  1.71638E-03
 1.00090E-03,  6.32101E-04,  4.40085E-04,  3.29372E-04,  2.51282E-04
 1.87150E-04,  3.90283E-04,  3.90283E-04,  4.62739E-04,  4.62739E-04
 4.62739E-04,  4.62739E-04,  4.62739E-04,  4.62739E-04,  2.15461E+00
 9.31116E-01,  1.76388E-01,  3.51901E-02,  1.62402E-02,  9.55976E-03
 5.85189E-03,  3.22559E-03,  1.81629E-03,  1.06303E-03,  6.69737E-04
 4.65176E-04,  3.48251E-04,  2.66373E-04,  1.99244E-04,  4.16615E-04
 4.16615E-04,  4.82269E-04,  4.82269E-04,  4.82269E-04,  4.82269E-04
 4.82269E-04,  4.82269E-04,  2.04002E+00,  9.63072E-01,  1.74403E-01
 3.94047E-02,  1.85095E-02,  1.02417E-02,  5.97445E-03,  3.32750E-03
 1.90297E-03,  1.12353E-03,  7.08777E-04,  4.91951E-04,  3.68526E-04
 2.82638E-04,  2.12627E-04,  4.44082E-04,  4.44082E-04,  5.02182E-04
 5.02182E-04,  5.02182E-04,  5.02182E-04,  5.02182E-04,  5.02182E-04
 2.53587E+00,  1.03624E+00,  1.81758E-01,  4.05679E-02,  2.02529E-02
 1.07602E-02,  6.01937E-03,  3.37877E-03,  1.96700E-03,  1.17668E-03
 7.46269E-04,  5.18675E-04,  3.88928E-04,  2.99060E-04,  2.26611E-04
 4.71381E-04,  4.71381E-04,  5.20415E-04,  5.20415E-04,  5.20415E-04
 5.20415E-04,  5.20415E-04,  5.20415E-04,  2.52124E+00,  1.02791E+00
 1.84191E-01,  3.78950E-02,  1.87518E-02,  1.05853E-02,  5.97469E-03
 3.38306E-03,  2.00891E-03,  1.22290E-03,  7.82808E-04,  5.45852E-04
 4.09732E-04,  3.15723E-04,  2.41276E-04,  4.98700E-04,  4.98700E-04
 5.37987E-04,  5.37987E-04,  5.37987E-04,  5.37987E-04,  5.37987E-04
 5.37987E-04,  2.12172E+00,  9.86915E-01,  1.77166E-01,  3.63334E-02
 1.87557E-02,  1.08062E-02,  6.02207E-03,  3.38311E-03,  2.03532E-03
 1.26248E-03,  8.18147E-04,  5.73297E-04,  4.30698E-04,  3.32273E-04
 2.56509E-04,  5.25890E-04,  5.25890E-04,  5.54362E-04,  5.54362E-04
 5.54362E-04,  5.54362E-04,  5.54362E-04,  5.54362E-04,  2.20487E+00
 9.37474E-01,  1.87775E-01,  4.04531E-02,  2.04351E-02,  1.18184E-02
 6.29930E-03,  3.41467E-03,  2.05211E-03,  1.29475E-03,  8.51063E-04
 5.99973E-04,  4.50887E-04,  3.48696E-04,  2.71855E-04,  5.51559E-04
 5.51559E-04,  5.69075E-04,  5.69075E-04,  5.69075E-04,  5.69075E-04
 5.69075E-04,  5.69075E-04,  2.39212E+00,  9.85447E-01,  1.94200E-01
 4.30756E-02,  2.27802E-02,  1.31228E-02,  6.77763E-03,  3.50002E-03
 2.07418E-03,  1.32669E-03,  8.85017E-04,  6.27826E-04,  4.71904E-04
 3.65699E-04,  2.87725E-04,  5.77198E-04,  5.77198E-04,  5.84593E-04
 5.84593E-04,  5.84593E-04,  5.84593E-04,  5.84593E-04,  5.84593E-04
 2.11986E+00,  1.03375E+00,  1.99585E-01,  4.47269E-02,  2.38904E-02
 1.40707E-02,  7.28850E-03,  3.61777E-03,  2.10468E-03,  1.36029E-03
 9.20359E-04,  6.56725E-04,  4.93480E-04,  3.83074E-04,  3.04067E-04
 6.02989E-04,  6.02989E-04,  5.99160E-04,  5.99160E-04,  5.99160E-04
 5.99160E-04,  5.99160E-04,  5.99160E-04,  2.61045E+00,  1.07808E+00
 2.07163E-01,  4.82053E-02,  2.43117E-02,  1.44096E-02,  7.63210E-03
 3.71052E-03,  2.13302E-03,  1.39223E-03,  9.54366E-04,  6.84321E-04
 5.13445E-04,  3.99325E-04,  3.19695E-04,  6.26665E-04,  6.26665E-04
 6.10250E-04,  6.10250E-04,  6.10250E-04,  6.10250E-04,  6.10250E-04
 6.10250E-04,  2.64517E+00,  1.05901E+00,  2.08934E-01,  4.80502E-02
 2.44194E-02,  1.43940E-02,  7.74010E-03,  3.75276E-03,  2.16083E-03
 1.42680E-03,  9.89258E-04,  7.11695E-04,  5.31933E-04,  4.14945E-04
 3.34898E-04,  6.48771E-04,  6.48771E-04,  6.19792E-04,  6.19792E-04
 6.19792E-04,  6.19792E-04,  6.19792E-04,  6.19792E-04,  2.45297E+00
 1.01913E+00,  2.03433E-01,  4.69835E-02,  2.41656E-02,  1.43378E-02
 7.64375E-03,  3.75065E-03,  2.19334E-03,  1.46640E-03,  1.02530E-03
 7.38572E-04,  5.50833E-04,  4.30424E-04,  3.49370E-04,  6.68989E-04
 6.68989E-04,  6.27088E-04,  6.27088E-04,  6.27088E-04,  6.27088E-04
 6.27088E-04,  6.27088E-04,  2.47806E+00,  1.01244E+00,  2.01667E-01
 4.86972E-02,  2.47590E-02,  1.41451E-02,  7.38508E-03,  3.73479E-03
 2.24058E-03,  1.51219E-03,  1.06127E-03,  7.63920E-04,  5.69850E-04
 4.44879E-04,  3.62128E-04,  6.86150E-04,  6.86150E-04,  6.32452E-04
 6.32452E-04,  6.32452E-04,  6.32452E-04,  6.32452E-04,  6.32452E-04
 2.47249E+00,  1.05968E+00,  2.01829E-01,  4.98255E-02,  2.49312E-02
 1.36349E-02,  7.10903E-03,  3.79193E-03,  2.33150E-03,  1.57287E-03
 1.10072E-03,  7.90109E-04,  5.88328E-04,  4.58735E-04,  3.74377E-04
 7.02856E-04,  7.02856E-04,  6.39388E-04,  6.39388E-04,  6.39388E-04
 6.39388E-04,  6.39388E-04,  6.39388E-04,  2.48696E+00,  1.08597E+00
 2.03092E-01,  4.88810E-02,  2.29118E-02,  1.28010E-02,  7.08703E-03
 4.02426E-03,  2.48625E-03,  1.64896E-03,  1.14198E-03,  8.15748E-04
 6.05911E-04,  4.71878E-04,  3.86054E-04,  7.18497E-04,  7.18497E-04
 6.48320E-04,  6.48320E-04,  6.48320E-04,  6.48320E-04,  6.48320E-04
 6.48320E-04,  3.27959E+00,  1.21376E+00,  2.17706E-01,  5.08626E-02
 2.31963E-02,  1.27935E-02,  7.64552E-03,  4.50018E-03,  2.70215E-03
 1.73198E-03,  1.17956E-03,  8.37274E-04,  6.20385E-04,  4.82666E-04
 3.95614E-04,  7.30324E-04,  7.30324E-04,  6.58247E-04,  6.58247E-04
 6.58247E-04,  6.58247E-04,  6.58247E-04,  6.58247E-04,  2.86083E+00
 1.30280E+00,  2.35773E-01,  5.85491E-02,  2.38861E-02,  1.38481E-02
 8.98594E-03,  5.22689E-03,  2.96503E-03,  1.81717E-03,  1.21352E-03
 8.55843E-04,  6.33041E-04,  4.92194E-04,  4.03777E-04,  7.40322E-04
 7.40322E-04,  6.69164E-04,  6.69164E-04,  6.69164E-04,  6.69164E-04
 6.69164E-04,  6.69164E-04,  3.78392E+00,  1.32473E+00,  2.66222E-01
 7.04984E-02,  2.60725E-02,  1.62663E-02,  1.09530E-02,  6.09031E-03
 3.23206E-03,  1.89257E-03,  1.24145E-03,  8.71331E-04,  6.44171E-04
 5.00686E-04,  4.10654E-04,  7.48407E-04,  7.48407E-04,  6.79324E-04
 6.79324E-04,  6.79324E-04,  6.79324E-04,  6.79324E-04,  6.79324E-04
 3.42759E+00,  1.28726E+00,  3.07228E-01,  8.29911E-02,  3.02500E-02
 1.95425E-02,  1.29801E-02,  6.87380E-03,  3.44246E-03,  1.94449E-03
 1.26104E-03,  8.83409E-04,  6.53582E-04,  5.07829E-04,  4.15861E-04
 7.54224E-04,  7.54224E-04,  6.85759E-04,  6.85759E-04,  6.85759E-04
 6.85759E-04,  6.85759E-04,  6.85759E-04,  3.48552E+00,  1.37053E+00
 3.45441E-01,  9.29095E-02,  3.51964E-02,  2.25337E-02,  1.44632E-02
 7.38742E-03,  3.55861E-03,  1.97311E-03,  1.27798E-03,  8.97031E-04
 6.64786E-04,  5.16131E-04,  4.21461E-04,  7.61203E-04,  7.61203E-04
 6.89799E-04,  6.89799E-04,  6.89799E-04,  6.89799E-04,  6.89799E-04
 6.89799E-04,  3.21681E+00,  1.27119E+00,  3.62531E-01,  9.53976E-02
 3.75880E-02,  2.38696E-02,  1.54002E-02,  7.49668E-03,  3.56149E-03
 1.98007E-03,  1.29611E-03,  9.14645E-04,  6.78809E-04,  5.25879E-04
 4.27600E-04,  7.67737E-04,  7.67737E-04,  6.94495E-04,  6.94495E-04
 6.94495E-04,  6.94495E-04,  6.94495E-04,  6.94495E-04,  3.88917E+00
 1.41113E+00,  3.75327E-01,  1.03861E-01,  3.91940E-02,  2.38721E-02
 1.53847E-02,  7.24061E-03,  3.45599E-03,  1.97431E-03,  1.31907E-03
 9.36563E-04,  6.94399E-04,  5.35458E-04,  4.32698E-04,  7.70983E-04
 7.70983E-04,  6.97328E-04,  6.97328E-04,  6.97328E-04,  6.97328E-04
 6.97328E-04,  6.97328E-04,  3.63477E+00,  1.60024E+00,  4.20849E-01
 1.05268E-01,  3.79743E-02,  2.19408E-02,  1.37478E-02,  6.64273E-03
 3.29523E-03,  1.98274E-03,  1.35801E-03,  9.67565E-04,  7.13664E-04
 5.46122E-04,  4.37744E-04,  7.73407E-04,  7.73407E-04,  6.97746E-04
 6.97746E-04,  6.97746E-04,  6.97746E-04,  6.97746E-04,  6.97746E-04
 4.44591E+00,  1.55210E+00,  3.85514E-01,  9.63641E-02,  3.32470E-02
 1.88809E-02,  1.15149E-02,  5.77838E-03,  3.15646E-03,  2.02922E-03
 1.42046E-03,  1.00952E-03,  7.36991E-04,  5.58037E-04,  4.42887E-04
 7.75026E-04,  7.75026E-04,  6.96352E-04,  6.96352E-04,  6.96352E-04
 6.96352E-04,  6.96352E-04,  6.96352E-04,  4.66689E+00,  1.57505E+00
 3.41625E-01,  9.04309E-02,  3.13882E-02,  1.67075E-02,  9.89141E-03
 5.10313E-03,  3.10262E-03,  2.12749E-03,  1.50638E-03,  1.05985E-03
 7.62438E-04,  5.70090E-04,  4.47511E-04,  7.75685E-04,  7.75685E-04
 6.91087E-04,  6.91087E-04,  6.91087E-04,  6.91087E-04,  6.91087E-04
 6.91087E-04,  5.18932E+00,  1.57487E+00,  3.47944E-01,  9.33544E-02
 3.21613E-02,  1.66704E-02,  9.09219E-03,  4.81070E-03,  3.19526E-03
 2.29284E-03,  1.61668E-03,  1.11947E-03,  7.91458E-04,  5.83823E-04
 4.53419E-04,  7.78431E-04,  7.78431E-04,  6.84179E-04,  6.84179E-04
 6.84179E-04,  6.84179E-04,  6.84179E-04,  6.84179E-04,  5.09297E+00
 1.69466E+00,  3.74692E-01,  1.04322E-01,  3.64423E-02,  1.67775E-02
 8.25540E-03,  4.84611E-03,  3.48409E-03,  2.52969E-03,  1.74871E-03
 1.18558E-03,  8.23502E-04,  5.99239E-04,  4.60462E-04,  7.82643E-04
 7.82643E-04,  6.77369E-04,  6.77369E-04,  6.77369E-04,  6.77369E-04
 6.77369E-04,  6.77369E-04,  5.30546E+00,  1.89601E+00,  4.06436E-01
 1.16155E-01,  4.34330E-02,  1.77470E-02,  8.05005E-03,  5.20021E-03
 3.93858E-03,  2.81692E-03,  1.90158E-03,  1.24847E-03,  8.53875E-04
 6.13362E-04,  4.66329E-04,  7.85506E-04,  7.85506E-04,  6.67872E-04
 6.67872E-04,  6.67872E-04,  6.67872E-04,  6.67872E-04,  6.67872E-04
 5.21438E+00,  1.88814E+00,  4.59961E-01,  1.32833E-01,  4.84017E-02
 1.89526E-02,  8.48024E-03,  5.84750E-03,  4.44380E-03,  3.09798E-03
 2.04337E-03,  1.31154E-03,  8.80379E-04,  6.25389E-04,  4.70916E-04
 7.85634E-04,  7.85634E-04,  6.56270E-04,  6.56270E-04,  6.56270E-04
 6.56270E-04,  6.56270E-04,  6.56270E-04,  6.09802E+00,  1.97151E+00
 5.21154E-01,  1.47658E-01,  5.11896E-02,  1.88152E-02,  9.04431E-03
 6.68226E-03,  4.80019E-03,  3.30677E-03,  2.13686E-03,  1.35222E-03
 8.95116E-04,  6.31926E-04,  4.72752E-04,  7.80017E-04,  7.80017E-04
 6.43343E-04,  6.43343E-04,  6.43343E-04,  6.43343E-04,  6.43343E-04
 6.43343E-04,  5.49447E+00,  1.62131E+00,  5.34729E-01,  1.52502E-01
 5.06497E-02,  1.85381E-02,  1.03698E-02,  7.26425E-03,  4.93280E-03
 3.43663E-03,  2.18487E-03,  1.35121E-03,  8.93322E-04,  6.29421E-04
 4.69956E-04,  7.69671E-04,  7.69671E-04,  6.28016E-04,  6.28016E-04
 6.28016E-04,  6.28016E-04,  6.28016E-04,  6.28016E-04,  4.91458E+00
 2.22745E+00,  5.71313E-01,  1.54400E-01,  4.95610E-02,  1.92962E-02
 1.15227E-02,  7.04792E-03,  5.01484E-03,  3.49109E-03,  2.20496E-03
 1.35077E-03,  8.86389E-04,  6.24026E-04,  4.66932E-04,  7.60990E-04
 7.60990E-04,  6.12808E-04,  6.12808E-04,  6.12808E-04,  6.12808E-04
 6.12808E-04,  6.12808E-04,  5.02596E+00,  2.05425E+00,  6.04908E-01
 1.72848E-01,  5.41926E-02,  1.97199E-02,  1.03404E-02,  6.93414E-03
 5.09559E-03,  3.46108E-03,  2.17901E-03,  1.33445E-03,  8.76204E-04
 6.18787E-04,  4.64775E-04,  7.53381E-04,  7.53381E-04,  5.98486E-04
 5.98486E-04,  5.98486E-04,  5.98486E-04,  5.98486E-04,  5.98486E-04
 5.87491E+00,  1.92696E+00,  6.83897E-01,  2.02543E-01,  5.91493E-02
 2.00899E-02,  1.03426E-02,  7.36617E-03,  5.06875E-03,  3.32705E-03
 2.08993E-03,  1.29159E-03,  8.57941E-04,  6.11625E-04,  4.62707E-04
 7.43537E-04,  7.43537E-04,  5.83068E-04,  5.83068E-04,  5.83068E-04
 5.83068E-04,  5.83068E-04,  5.83068E-04,  5.53059E+00,  3.44862E+00
 8.12858E-01,  1.91412E-01,  5.34534E-02,  2.03664E-02,  1.22544E-02
 7.60040E-03,  4.86512E-03,  3.11349E-03,  1.96487E-03,  1.23994E-03
 8.41223E-04,  6.07741E-04,  4.63005E-04,  7.35311E-04,  7.35311E-04
 5.67764E-04,  5.67764E-04,  5.67764E-04,  5.67764E-04,  5.67764E-04
 5.67764E-04,  6.22043E+00,  1.61897E+00,  4.59151E-01,  1.23535E-01
 4.13623E-02,  1.84094E-02,  1.12042E-02,  7.10704E-03,  4.50307E-03
 2.85420E-03,  1.82339E-03,  1.18775E-03,  8.28817E-04,  6.08104E-04
 4.66312E-04,  7.29703E-04,  7.29703E-04,  5.53093E-04,  5.53093E-04
 5.53093E-04,  5.53093E-04,  5.53093E-04,  5.53093E-04,  7.57289E+00
 1.72337E+00,  3.79675E-01,  1.11628E-01,  4.78161E-02,  1.80913E-02
 9.48543E-03,  6.21610E-03,  4.08211E-03,  2.60189E-03,  1.69418E-03
 1.14541E-03,  8.23007E-04,  6.12557E-04,  4.72037E-04,  7.26359E-04
 7.26359E-04,  5.38435E-04,  5.38435E-04,  5.38435E-04,  5.38435E-04
 5.38435E-04,  5.38435E-04,  3.89521E+00,  1.71597E+00,  3.71643E-01
 1.42128E-01,  5.74088E-02,  1.75863E-02,  7.72015E-03,  5.44254E-03
 3.75632E-03,  2.42868E-03,  1.61099E-03,  1.12592E-03,  8.28198E-04
 6.22607E-04,  4.80775E-04,  7.28289E-04,  7.28289E-04,  5.25795E-04
 5.25795E-04,  5.25795E-04,  5.25795E-04,  5.25795E-04,  5.25795E-04
 4.39984E+00,  1.65816E+00,  3.85889E-01,  1.29951E-01,  4.99116E-02
 1.49210E-02,  6.99912E-03,  4.97299E-03,  3.61126E-03,  2.34742E-03
 1.56861E-03,  1.12426E-03,  8.41426E-04,  6.36161E-04,  4.92060E-04
 7.34395E-04,  7.34395E-04,  5.15385E-04,  5.15385E-04,  5.15385E-04
 5.15385E-04,  5.15385E-04,  5.15385E-04,  3.64856E+00,  1.44307E+00
 3.17375E-01,  8.67235E-02,  3.40455E-02,  1.19087E-02,  6.99207E-03
 5.04802E-03,  3.47148E-03,  2.34540E-03,  1.55351E-03,  1.13772E-03
 8.59479E-04,  6.50450E-04,  5.04636E-04,  7.42158E-04,  7.42158E-04
 5.05797E-04,  5.05797E-04,  5.05797E-04,  5.05797E-04,  5.05797E-04
 5.05797E-04,  3.66850E+00,  1.42119E+00,  2.70941E-01,  7.24757E-02
 2.70298E-02,  1.07846E-02,  7.62754E-03,  5.15024E-03,  3.42085E-03
 2.40555E-03,  1.57510E-03,  1.16892E-03,  8.82029E-04,  6.64901E-04
 5.18677E-04,  7.53028E-04,  7.53028E-04,  4.98027E-04,  4.98027E-04
 4.98027E-04,  4.98027E-04,  4.98027E-04,  4.98027E-04,  4.58046E+00
 1.47298E+00,  2.81182E-01,  7.52805E-02,  2.54389E-02,  1.08359E-02
 8.28131E-03,  5.89924E-03,  3.62672E-03,  2.52715E-03,  1.64175E-03
 1.21099E-03,  9.04707E-04,  6.79281E-04,  5.33647E-04,  7.66666E-04
 7.66666E-04,  4.92216E-04,  4.92216E-04,  4.92216E-04,  4.92216E-04
 4.92216E-04,  4.92216E-04,  3.80975E+00,  1.62594E+00,  3.44740E-01
 9.22026E-02,  2.77379E-02,  1.06719E-02,  8.32227E-03,  6.14520E-03
 3.87444E-03,  2.63150E-03,  1.74651E-03,  1.24899E-03,  9.23731E-04
 6.95365E-04,  5.47553E-04,  7.81393E-04,  7.81393E-04,  4.87602E-04
 4.87602E-04,  4.87602E-04,  4.87602E-04,  4.87602E-04,  4.87602E-04
 7.07011E+00,  1.94461E+00,  4.18988E-01,  1.18739E-01,  3.30782E-02
 1.19569E-02,  8.33752E-03,  6.19279E-03,  4.05404E-03,  2.71047E-03
 1.85096E-03,  1.27900E-03,  9.41138E-04,  7.11414E-04,  5.60769E-04
 7.98610E-04,  7.98610E-04,  4.85397E-04,  4.85397E-04,  4.85397E-04
 4.85397E-04,  4.85397E-04,  4.85397E-04,  5.69025E+00,  2.27194E+00
 4.61622E-01,  1.28603E-01,  4.12369E-02,  1.48837E-02,  9.15267E-03
 6.31056E-03,  4.20226E-03,  2.78705E-03,  1.92201E-03,  1.29647E-03
 9.54490E-04,  7.25995E-04,  5.73275E-04,  8.17681E-04,  8.17681E-04
 4.85516E-04,  4.85516E-04,  4.85516E-04,  4.85516E-04,  4.85516E-04
 4.85516E-04,  1.15624E+01,  2.90149E+00,  5.11634E-01,  1.13464E-01
 4.48642E-02,  1.90528E-02,  1.02391E-02,  6.59406E-03,  4.37133E-03
 2.87362E-03,  1.92788E-03,  1.29655E-03,  9.59923E-04,  7.36386E-04
 5.83401E-04,  8.35726E-04,  8.35726E-04,  4.86511E-04,  4.86511E-04
 4.86511E-04,  4.86511E-04,  4.86511E-04,  4.86511E-04,  7.92021E+00
 3.60630E+00,  5.20739E-01,  9.20301E-02,  3.80384E-02,  2.02207E-02
 1.10892E-02,  6.97485E-03,  4.58088E-03,  2.97267E-03,  1.87622E-03
 1.28424E-03,  9.57731E-04,  7.42641E-04,  5.91258E-04,  8.53337E-04
 8.53337E-04,  4.88809E-04,  4.88809E-04,  4.88809E-04,  4.88809E-04
 4.88809E-04,  4.88809E-04,  1.43542E+01,  2.37433E+00,  3.84164E-01
 7.08623E-02,  3.19554E-02,  1.72367E-02,  1.07410E-02,  7.25797E-03
 4.79191E-03,  2.94215E-03,  1.81731E-03,  1.26269E-03,  9.47154E-04
 7.44396E-04,  5.96521E-04,  8.69939E-04,  8.69939E-04,  4.92124E-04
 4.92124E-04,  4.92124E-04,  4.92124E-04,  4.92124E-04,  4.92124E-04
 1.19101E+01,  2.61173E+00,  4.57180E-01,  7.51797E-02,  3.16088E-02
 1.65166E-02,  1.02716E-02,  7.15709E-03,  4.76092E-03,  2.80372E-03
 1.77800E-03,  1.23723E-03,  9.25723E-04,  7.40701E-04,  5.97853E-04
 8.83602E-04,  8.83602E-04,  4.95342E-04,  4.95342E-04,  4.95342E-04
 4.95342E-04,  4.95342E-04,  4.95342E-04,  1.05679E+01,  3.67901E+00
 6.38160E-01,  1.01136E-01,  3.44928E-02,  1.70561E-02,  1.03051E-02
 6.97346E-03,  4.57965E-03,  2.73549E-03,  1.75025E-03,  1.20927E-03
 9.00961E-04,  7.34080E-04,  5.96842E-04,  8.96483E-04,  8.96483E-04
 4.99419E-04,  4.99419E-04,  4.99419E-04,  4.99419E-04,  4.99419E-04
 4.99419E-04,  1.31183E+01,  3.24104E+00,  6.67101E-01,  1.18678E-01
 3.85260E-02,  1.69589E-02,  1.03551E-02,  6.93095E-03,  4.44133E-03
 2.71910E-03,  1.71166E-03,  1.16964E-03,  8.82165E-04,  7.24885E-04
 5.93883E-04,  9.08271E-04,  9.08271E-04,  5.04224E-04,  5.04224E-04
 5.04224E-04,  5.04224E-04,  5.04224E-04,  5.04224E-04,  1.08048E+01
 2.44548E+00,  6.05683E-01,  1.31054E-01,  4.10798E-02,  1.76466E-02
 1.04523E-02,  6.99559E-03,  4.45336E-03,  2.72154E-03,  1.68776E-03
 1.14128E-03,  8.63659E-04,  7.12292E-04,  5.87285E-04,  9.15945E-04
 9.15945E-04,  5.08173E-04,  5.08173E-04,  5.08173E-04,  5.08173E-04
 5.08173E-04,  5.08173E-04,  1.04451E+01,  2.57569E+00,  7.44096E-01
 1.49611E-01,  4.36506E-02,  1.88868E-02,  1.06954E-02,  7.12900E-03
 4.53679E-03,  2.74687E-03,  1.68166E-03,  1.12312E-03,  8.46798E-04
 6.97880E-04,  5.78207E-04,  9.20736E-04,  9.20736E-04,  5.11651E-04
 5.11651E-04,  5.11651E-04,  5.11651E-04,  5.11651E-04,  5.11651E-04
 8.79344E+00,  2.80114E+00,  7.80261E-01,  1.50346E-01,  4.44176E-02
 1.95943E-02,  1.09843E-02,  7.25567E-03,  4.62559E-03,  2.78174E-03
 1.68754E-03,  1.11257E-03,  8.31718E-04,  6.82128E-04,  5.66983E-04
 9.22615E-04,  9.22615E-04,  5.14445E-04,  5.14445E-04,  5.14445E-04
 5.14445E-04,  5.14445E-04,  5.14445E-04,  9.16627E+00,  1.88482E+00
 5.92279E-01,  1.36159E-01,  4.43321E-02,  1.96443E-02,  1.09842E-02
 7.27215E-03,  4.66850E-03,  2.80645E-03,  1.69817E-03,  1.10713E-03
 8.17697E-04,  6.64652E-04,  5.53162E-04,  9.20332E-04,  9.20332E-04
 5.15542E-04,  5.15542E-04,  5.15542E-04,  5.15542E-04,  5.15542E-04
 5.15542E-04,  8.52823E+00,  2.00475E+00,  5.37353E-01,  1.33074E-01
 4.47950E-02,  1.87798E-02,  1.05434E-02,  7.10926E-03,  4.64404E-03
 2.81500E-03,  1.71369E-03,  1.10918E-03,  8.07533E-04,  6.48172E-04
 5.38971E-04,  9.16675E-04,  9.16675E-04,  5.16101E-04,  5.16101E-04
 5.16101E-04,  5.16101E-04,  5.16101E-04,  5.16101E-04,  7.91080E+00
 1.78655E+00,  5.22328E-01,  1.34924E-01,  4.37584E-02,  1.76008E-02
 9.77878E-03,  6.74920E-03,  4.54121E-03,  2.80137E-03,  1.73094E-03
 1.11808E-03,  8.01588E-04,  6.33347E-04,  5.24802E-04,  9.11729E-04
 9.11729E-04,  5.16277E-04,  5.16277E-04,  5.16277E-04,  5.16277E-04
 5.16277E-04,  5.16277E-04,  7.15427E+00,  1.91550E+00,  4.82752E-01
 1.33533E-01,  4.58987E-02,  1.71516E-02,  9.06940E-03,  6.27207E-03
 4.37081E-03,  2.76205E-03,  1.74398E-03,  1.13073E-03,  7.98206E-04
 6.19126E-04,  5.09613E-04,  9.03244E-04,  9.03244E-04,  5.14830E-04
 5.14830E-04,  5.14830E-04,  5.14830E-04,  5.14830E-04,  5.14830E-04
 8.08233E+00,  1.58942E+00,  4.16912E-01,  1.26614E-01,  4.52304E-02
 1.78925E-02,  8.75492E-03,  5.88863E-03,  4.19547E-03,  2.71432E-03
 1.75519E-03,  1.14827E-03,  7.98745E-04,  6.07097E-04,  4.94806E-04
 8.92861E-04,  8.92861E-04,  5.12367E-04,  5.12367E-04,  5.12367E-04
 5.12367E-04,  5.12367E-04,  5.12367E-04,  6.14976E+00,  1.95850E+00
 4.63490E-01,  1.33939E-01,  4.71784E-02,  1.81743E-02,  9.01538E-03
 5.78367E-03,  4.07053E-03,  2.68652E-03,  1.76774E-03,  1.16916E-03
 8.02948E-04,  5.97627E-04,  4.80854E-04,  8.80916E-04,  8.80916E-04
 5.08983E-04,  5.08983E-04,  5.08983E-04,  5.08983E-04,  5.08983E-04
 5.08983E-04,  6.29379E+00,  1.87066E+00,  4.72136E-01,  1.43865E-01
 4.91356E-02,  1.91099E-02,  9.78000E-03,  6.03900E-03,  4.04462E-03
 2.67568E-03,  1.78389E-03,  1.18980E-03,  8.08809E-04,  5.89900E-04
 4.67439E-04,  8.66458E-04,  8.66458E-04,  5.03920E-04,  5.03920E-04
 5.03920E-04,  5.03920E-04,  5.03920E-04,  5.03920E-04,  7.13995E+00
 1.67764E+00,  4.38303E-01,  1.42120E-01,  4.92299E-02,  2.01245E-02
 1.09601E-02,  6.61952E-03,  4.13488E-03,  2.68707E-03,  1.80378E-03
 1.21147E-03,  8.17461E-04,  5.85418E-04,  4.56215E-04,  8.52128E-04
 8.52128E-04,  4.98303E-04,  4.98303E-04,  4.98303E-04,  4.98303E-04
 4.98303E-04,  4.98303E-04,  6.85991E+00,  1.72136E+00,  4.20985E-01
 1.27618E-01,  4.70267E-02,  2.07864E-02,  1.22992E-02,  7.35316E-03
 4.29954E-03,  2.70987E-03,  1.82116E-03,  1.23167E-03,  8.27771E-04
 5.83801E-04,  4.47275E-04,  8.38287E-04,  8.38287E-04,  4.92685E-04
 4.92685E-04,  4.92685E-04,  4.92685E-04,  4.92685E-04,  4.92685E-04
 6.64250E+00,  1.87568E+00,  4.56384E-01,  1.19891E-01,  4.34082E-02
 2.08657E-02,  1.33409E-02,  8.00351E-03,  4.46156E-03,  2.71964E-03
 1.82396E-03,  1.24363E-03,  8.35665E-04,  5.82580E-04,  4.39203E-04
 8.22681E-04,  8.22681E-04,  4.86228E-04,  4.86228E-04,  4.86228E-04
 4.86228E-04,  4.86228E-04,  4.86228E-04,  6.72026E+00,  2.22285E+00
 5.63015E-01,  1.30414E-01,  4.30578E-02,  2.03161E-02,  1.38484E-02
 8.41525E-03,  4.57161E-03,  2.70658E-03,  1.81018E-03,  1.24689E-03
 8.41098E-04,  5.81942E-04,  4.32548E-04,  8.06550E-04,  8.06550E-04
 4.79378E-04,  4.79378E-04,  4.79378E-04,  4.79378E-04,  4.79378E-04
 4.79378E-04,  8.42497E+00,  2.06888E+00,  5.51888E-01,  1.36125E-01
 4.19467E-02,  1.95544E-02,  1.38685E-02,  8.49439E-03,  4.59982E-03
 2.66261E-03,  1.77742E-03,  1.24001E-03,  8.42979E-04,  5.81144E-04
 4.26977E-04,  7.89912E-04,  7.89912E-04,  4.72262E-04,  4.72262E-04
 4.72262E-04,  4.72262E-04,  4.72262E-04,  4.72262E-04,  7.25288E+00
 2.37069E+00,  4.82822E-01,  1.12809E-01,  4.13594E-02,  1.85731E-02
 1.33991E-02,  8.30120E-03,  4.52960E-03,  2.58265E-03,  1.72384E-03
 1.22113E-03,  8.39492E-04,  5.78735E-04,  4.21501E-04,  7.71544E-04
 7.71544E-04,  4.64023E-04,  4.64023E-04,  4.64023E-04,  4.64023E-04
 4.64023E-04,  4.64023E-04,  9.60917E+00,  2.05884E+00,  4.23208E-01
 8.48844E-02,  3.73042E-02,  1.73305E-02,  1.26687E-02,  8.07279E-03
 4.37388E-03,  2.48088E-03,  1.65970E-03,  1.19655E-03,  8.34211E-04
 5.76791E-04,  4.17506E-04,  7.54404E-04,  7.54404E-04,  4.55539E-04
 4.55539E-04,  4.55539E-04,  4.55539E-04,  4.55539E-04,  4.55539E-04
 9.64990E+00,  2.28023E+00,  4.49737E-01,  7.54130E-02,  3.48121E-02
 1.61028E-02,  1.17057E-02,  7.76473E-03,  4.22478E-03,  2.35228E-03
 1.59078E-03,  1.16850E-03,  8.27658E-04,  5.74996E-04,  4.14481E-04
 7.38444E-04,  7.38444E-04,  4.47563E-04,  4.47563E-04,  4.47563E-04
 4.47563E-04,  4.47563E-04,  4.47563E-04,  9.38905E+00,  3.02115E+00
 5.50645E-01,  8.04486E-02,  3.38132E-02,  1.48517E-02,  1.05347E-02
 7.14972E-03,  4.04111E-03,  2.22304E-03,  1.51797E-03,  1.13763E-03
 8.18181E-04,  5.71198E-04,  4.10427E-04,  7.20623E-04,  7.20623E-04
 4.39212E-04,  4.39212E-04,  4.39212E-04,  4.39212E-04,  4.39212E-04
 4.39212E-04,  9.88137E+00,  3.10120E+00,  5.45498E-01,  8.04500E-02
 3.29016E-02,  1.38377E-02,  9.31616E-03,  6.40057E-03,  3.68355E-03
 2.13528E-03,  1.45090E-03,  1.11307E-03,  8.09107E-04,  5.66969E-04
 4.06038E-04,  7.02303E-04,  7.02303E-04,  4.30609E-04,  4.30609E-04
 4.30609E-04,  4.30609E-04,  4.30609E-04,  4.30609E-04,  8.15266E+00
 2.51481E+00,  4.40055E-01,  7.68156E-02,  3.34014E-02,  1.34228E-02
 8.31643E-03,  5.69414E-03,  3.32462E-03,  2.06088E-03,  1.41077E-03
 1.10034E-03,  8.01898E-04,  5.62577E-04,  4.00985E-04,  6.83309E-04
 6.83309E-04,  4.21791E-04,  4.21791E-04,  4.21791E-04,  4.21791E-04
 4.21791E-04,  4.21791E-04,  9.45092E+00,  2.23461E+00,  3.71085E-01
 8.30365E-02,  3.34201E-02,  1.29007E-02,  7.66976E-03,  5.19449E-03
 3.06092E-03,  2.00533E-03,  1.42005E-03,  1.09157E-03,  7.97194E-04
 5.57779E-04,  3.94798E-04,  6.62963E-04,  6.62963E-04,  4.11784E-04
 4.11784E-04,  4.11784E-04,  4.11784E-04,  4.11784E-04,  4.11784E-04
 8.23914E+00,  3.03327E+00,  5.07476E-01,  1.00753E-01,  3.22044E-02
 1.28603E-02,  7.40853E-03,  4.93253E-03,  2.93077E-03,  1.98544E-03
 1.47347E-03,  1.08697E-03,  7.98348E-04,  5.55018E-04,  3.89278E-04
 6.44640E-04,  6.44640E-04,  4.01384E-04,  4.01384E-04,  4.01384E-04
 4.01384E-04,  4.01384E-04,  4.01384E-04,  7.98474E+00,  3.54155E+00
 6.12484E-01,  9.71591E-02,  3.14926E-02,  1.42246E-02,  7.48482E-03
 4.91029E-03,  2.94966E-03,  2.03849E-03,  1.54115E-03,  1.09312E-03
 8.04266E-04,  5.53241E-04,  3.83370E-04,  6.27038E-04,  6.27038E-04
 3.91462E-04,  3.91462E-04,  3.91462E-04,  3.91462E-04,  3.91462E-04
 3.91462E-04,  1.09310E+01,  2.36873E+00,  4.34061E-01,  8.20535E-02
 3.60594E-02,  1.48391E-02,  8.03057E-03,  5.08150E-03,  3.12230E-03
 2.16635E-03,  1.60620E-03,  1.10469E-03,  8.11636E-04,  5.49857E-04
 3.75298E-04,  6.07213E-04,  6.07213E-04,  3.81224E-04,  3.81224E-04
 3.81224E-04,  3.81224E-04,  3.81224E-04,  3.81224E-04,  9.74873E+00
 2.63829E+00,  4.29992E-01,  7.37245E-02,  3.70215E-02,  1.46516E-02
 7.78674E-03,  5.48495E-03,  3.43887E-03,  2.35142E-03,  1.65719E-03
 1.12310E-03,  8.20681E-04,  5.45712E-04,  3.66271E-04,  5.87126E-04
 5.87126E-04,  3.70730E-04,  3.70730E-04,  3.70730E-04,  3.70730E-04
 3.70730E-04,  3.70730E-04,  9.84453E+00,  2.85089E+00,  5.11141E-01
 7.33617E-02,  3.25874E-02,  1.41680E-02,  8.55906E-03,  6.12966E-03
 3.86891E-03,  2.54487E-03,  1.67156E-03,  1.15380E-03,  8.28901E-04
 5.39897E-04,  3.56084E-04,  5.66469E-04,  5.66469E-04,  3.60118E-04
 3.60118E-04,  3.60118E-04,  3.60118E-04,  3.60118E-04,  3.60118E-04
 1.02337E+01,  2.97358E+00,  5.58178E-01,  9.02702E-02,  3.36778E-02
 1.58171E-02,  1.01374E-02,  7.03072E-03,  4.31286E-03,  2.66244E-03
 1.65501E-03,  1.19787E-03,  8.32858E-04,  5.31711E-04,  3.44986E-04
 5.45623E-04,  5.45623E-04,  3.48483E-04,  3.48483E-04,  3.48483E-04
 3.48483E-04,  3.48483E-04,  3.48483E-04,  9.67821E+00,  3.06955E+00
 5.64643E-01,  8.96551E-02,  3.43205E-02,  1.78456E-02,  1.18587E-02
 8.01819E-03,  4.66088E-03,  2.64359E-03,  1.69437E-03,  1.24529E-03
 8.34411E-04,  5.23065E-04,  3.34789E-04,  5.27299E-04,  5.27299E-04
 3.36411E-04,  3.36411E-04,  3.36411E-04,  3.36411E-04,  3.36411E-04
 3.36411E-04,  9.24479E+00,  2.72792E+00,  4.91897E-01,  8.53982E-02
 3.39175E-02,  1.83672E-02,  1.29526E-02,  8.68543E-03,  4.80541E-03
 2.66807E-03,  1.81342E-03,  1.27831E-03,  8.30344E-04,  5.11668E-04
 3.24063E-04,  5.08987E-04,  5.08987E-04,  3.25131E-04,  3.25131E-04
 3.25131E-04,  3.25131E-04,  3.25131E-04,  3.25131E-04,  1.00693E+01
 2.36562E+00,  4.70103E-01,  9.35117E-02,  3.51667E-02,  1.85858E-02
 1.29872E-02,  8.56479E-03,  4.80474E-03,  2.83779E-03,  1.90195E-03
 1.29023E-03,  8.15112E-04,  4.95544E-04,  3.11947E-04,  4.89066E-04
 4.89066E-04,  3.14359E-04,  3.14359E-04,  3.14359E-04,  3.14359E-04
 3.14359E-04,  3.14359E-04,  9.90772E+00,  2.68049E+00,  5.82799E-01
 1.11979E-01,  3.80390E-02,  1.83782E-02,  1.22376E-02,  8.02564E-03
 4.73362E-03,  2.90306E-03,  1.93798E-03,  1.27926E-03,  7.91363E-04
 4.77269E-04,  3.00320E-04,  4.69829E-04,  4.69829E-04,  3.04005E-04
 3.04005E-04,  3.04005E-04,  3.04005E-04,  3.04005E-04,  3.04005E-04
 7.83180E+00,  2.62105E+00,  5.88035E-01,  1.24713E-01,  4.25235E-02
 1.72699E-02,  1.10607E-02,  7.20979E-03,  4.41367E-03,  2.84823E-03
 1.92243E-03,  1.24646E-03,  7.60255E-04,  4.57511E-04,  2.89437E-04
 4.50915E-04,  4.50915E-04,  2.94360E-04,  2.94360E-04,  2.94360E-04
 2.94360E-04,  2.94360E-04,  2.94360E-04,  9.53046E+00,  2.09964E+00
 5.11962E-01,  1.42583E-01,  4.27532E-02,  1.59108E-02,  9.67057E-03
 6.22433E-03,  4.01817E-03,  2.73203E-03,  1.86162E-03,  1.19335E-03
 7.23726E-04,  4.37887E-04,  2.80184E-04,  4.33168E-04,  4.33168E-04
 2.84164E-04,  2.84164E-04,  2.84164E-04,  2.84164E-04,  2.84164E-04
 2.84164E-04,  7.26248E+00,  1.96442E+00,  5.28896E-01,  1.44780E-01
 3.89030E-02,  1.46471E-02,  8.72809E-03,  5.55969E-03,  3.77052E-03
 2.61569E-03,  1.77444E-03,  1.12875E-03,  6.86821E-04,  4.21018E-04
 2.73798E-04,  4.17970E-04,  4.17970E-04,  2.73486E-04,  2.73486E-04
 2.73486E-04,  2.73486E-04,  2.73486E-04,  2.73486E-04,  7.12014E+00
 2.01970E+00,  5.83718E-01,  1.39934E-01,  3.55691E-02,  1.43223E-02
 8.65484E-03,  5.76134E-03,  3.79325E-03,  2.53027E-03,  1.67142E-03
 1.05629E-03,  6.49305E-04,  4.05620E-04,  2.69214E-04,  4.03388E-04
 4.03388E-04,  2.64570E-04,  2.64570E-04,  2.64570E-04,  2.64570E-04
 2.64570E-04,  2.64570E-04,  7.46461E+00,  2.09455E+00,  5.60011E-01
 1.37982E-01,  3.70115E-02,  1.45755E-02,  9.76527E-03,  6.67979E-03
 4.03863E-03,  2.48154E-03,  1.55015E-03,  9.77521E-04,  6.12025E-04
 3.91896E-04,  2.66095E-04,  3.89149E-04,  3.89149E-04,  2.57538E-04
 2.57538E-04,  2.57538E-04,  2.57538E-04,  2.57538E-04,  2.57538E-04
 7.03921E+00,  1.89868E+00,  4.64461E-01,  1.30635E-01,  3.61650E-02
 1.54361E-02,  1.17616E-02,  7.83975E-03,  4.46243E-03,  2.39556E-03
 1.42045E-03,  9.01565E-04,  5.80327E-04,  3.82208E-04,  2.64991E-04
 3.76525E-04,  3.76525E-04,  2.51673E-04,  2.51673E-04,  2.51673E-04
 2.51673E-04,  2.51673E-04,  2.51673E-04,  7.56769E+00,  1.31422E+00
 3.55317E-01,  9.44662E-02,  3.06861E-02,  1.74443E-02,  1.54518E-02
 8.74112E-03,  4.56811E-03,  2.24482E-03,  1.28942E-03,  8.35390E-04
 5.56494E-04,  3.76541E-04,  2.64981E-04,  3.64616E-04,  3.64616E-04
 2.47373E-04,  2.47373E-04,  2.47373E-04,  2.47373E-04,  2.47373E-04
 2.47373E-04,  8.62139E+00,  1.67196E+00,  3.57156E-01,  6.86542E-02
 3.60997E-02,  2.42013E-02,  1.55434E-02,  8.87324E-03,  4.28252E-03
 2.02083E-03,  1.16731E-03,  7.83387E-04,  5.41224E-04,  3.74030E-04
 2.64820E-04,  3.52125E-04,  3.52125E-04,  2.41965E-04,  2.41965E-04
 2.41965E-04,  2.41965E-04,  2.41965E-04,  2.41965E-04,  5.09130E+00
 3.70699E+00,  7.89744E-01,  1.47831E-01,  6.35479E-02,  2.86288E-02
 1.48509E-02,  8.33486E-03,  3.78721E-03,  1.80623E-03,  1.06587E-03
 7.50860E-04,  5.34539E-04,  3.74186E-04,  2.64696E-04,  3.38678E-04
 3.38678E-04,  2.34681E-04,  2.34681E-04,  2.34681E-04,  2.34681E-04
 2.34681E-04,  2.34681E-04,  4.68774E+00,  2.60172E+00,  6.56135E-01
 1.64617E-01,  5.79218E-02,  2.54187E-02,  1.30981E-02,  6.52973E-03
 3.17672E-03,  1.59239E-03,  9.99805E-04,  7.35577E-04,  5.33857E-04
 3.75411E-04,  2.65048E-04,  3.24231E-04,  3.24231E-04,  2.25795E-04
 2.25795E-04,  2.25795E-04,  2.25795E-04,  2.25795E-04,  2.25795E-04
 1.23805E+01,  2.45237E+00,  4.01438E-01,  9.79466E-02,  4.02405E-02
 1.71445E-02,  9.29220E-03,  5.42038E-03,  2.65230E-03,  1.43313E-03
 9.65443E-04,  7.30694E-04,  5.33771E-04,  3.75744E-04,  2.65284E-04
 3.09212E-04,  3.09212E-04,  2.15227E-04,  2.15227E-04,  2.15227E-04
 2.15227E-04,  2.15227E-04,  2.15227E-04,  6.14793E+00,  5.29021E+00
 5.02427E-01,  6.50669E-02,  3.35831E-02,  1.37017E-02,  6.50931E-03
 4.06814E-03,  2.33691E-03,  1.34410E-03,  9.50115E-04,  7.26483E-04
 5.31388E-04,  3.74639E-04,  2.65752E-04,  2.96304E-04,  2.96304E-04
 2.04760E-04,  2.04760E-04,  2.04760E-04,  2.04760E-04,  2.04760E-04
 2.04760E-04,  1.22141E+01,  2.40025E+00,  2.21024E-01,  1.06065E-01
 4.23086E-02,  1.45194E-02,  5.73989E-03,  3.14193E-03,  1.95321E-03
 1.30067E-03,  9.53190E-04,  7.23964E-04,  5.28397E-04,  3.73885E-04
 2.67285E-04,  2.84961E-04,  2.84961E-04,  1.95759E-04,  1.95759E-04
 1.95759E-04,  1.95759E-04,  1.95759E-04,  1.95759E-04,  1.83206E+01
 2.80830E+00,  3.91272E-01,  8.73148E-02,  4.07295E-02,  1.67824E-02
 6.30025E-03,  3.02897E-03,  1.86172E-03,  1.31242E-03,  9.85166E-04
 7.36833E-04,  5.29957E-04,  3.73727E-04,  2.67831E-04,  2.73567E-04
 2.73567E-04,  1.88056E-04,  1.88056E-04,  1.88056E-04,  1.88056E-04
 1.88056E-04,  1.88056E-04,  8.15543E+00,  6.67640E+00,  6.78358E-01
 1.11871E-01,  2.45901E-02,  1.35167E-02,  6.03821E-03,  3.03691E-03
 1.88869E-03,  1.35373E-03,  1.01776E-03,  7.50453E-04,  5.31796E-04
 3.72260E-04,  2.66565E-04,  2.61963E-04,  2.61963E-04,  1.81646E-04
 1.81646E-04,  1.81646E-04,  1.81646E-04,  1.81646E-04,  1.81646E-04
 9.11322E+00,  3.01078E+00,  6.03572E-01,  1.49214E-01,  2.58236E-02
 7.76629E-03,  4.34587E-03,  2.66545E-03,  1.82701E-03,  1.35741E-03
 1.02612E-03,  7.51525E-04,  5.28335E-04,  3.68286E-04,  2.63994E-04
 2.50873E-04,  2.50873E-04,  1.75668E-04,  1.75668E-04,  1.75668E-04
 1.75668E-04,  1.75668E-04,  1.75668E-04,  5.90687E+00,  3.02658E+00
 3.95858E-01,  1.41091E-01,  3.70457E-02,  7.43480E-03,  2.87194E-03
 2.05638E-03,  1.62575E-03,  1.28757E-03,  9.94509E-04,  7.32581E-04
 5.15545E-04,  3.59727E-04,  2.58952E-04,  2.39427E-04,  2.39427E-04
 1.69678E-04,  1.69678E-04,  1.69678E-04,  1.69678E-04,  1.69678E-04
 1.69678E-04,  6.02386E+00,  2.32293E+00,  2.93624E-01,  1.10162E-01
 4.40108E-02,  1.06925E-02,  2.68255E-03,  1.59483E-03,  1.37328E-03
 1.15806E-03,  9.24176E-04,  6.93043E-04,  4.92565E-04,  3.45912E-04
 2.50696E-04,  2.26922E-04,  2.26922E-04,  1.63826E-04,  1.63826E-04
 1.63826E-04,  1.63826E-04,  1.63826E-04,  1.63826E-04,  7.71690E+00
 1.73545E+00,  8.09979E-01,  7.80130E-02,  3.97642E-02,  1.37179E-02
 3.33998E-03,  1.43168E-03,  1.16399E-03,  1.00382E-03,  8.25727E-04
 6.35619E-04,  4.59849E-04,  3.26799E-04,  2.39108E-04,  2.13224E-04
 2.13224E-04,  1.57892E-04,  1.57892E-04,  1.57892E-04,  1.57892E-04
 1.57892E-04,  1.57892E-04,  6.90470E+00,  6.97265E+00,  1.27346E+00
 8.15588E-02,  3.19572E-02,  1.52014E-02,  4.12174E-03,  1.51275E-03
 1.04498E-03,  8.59589E-04,  7.14128E-04,  5.64869E-04,  4.18132E-04
 3.02030E-04,  2.23480E-04,  1.97379E-04,  1.97379E-04,  1.51368E-04
 1.51368E-04,  1.51368E-04,  1.51368E-04,  1.51368E-04,  1.51368E-04
 1.70681E+01,  3.40693E+00,  6.88553E-01,  7.19689E-02,  2.70970E-02
 1.46556E-02,  4.64037E-03,  1.71515E-03,  1.02708E-03,  7.53469E-04
 6.08045E-04,  4.90510E-04,  3.72351E-04,  2.74305E-04,  2.05499E-04
 1.80503E-04,  1.80503E-04,  1.44713E-04,  1.44713E-04,  1.44713E-04
 1.44713E-04,  1.44713E-04,  1.44713E-04,  9.93962E+00,  1.05373E+00
 2.79006E-01,  4.23709E-02,  2.37974E-02,  1.20581E-02,  4.51284E-03
 1.93724E-03,  1.10064E-03,  6.99610E-04,  5.18166E-04,  4.18628E-04
 3.26161E-04,  2.45945E-04,  1.86878E-04,  1.63827E-04,  1.63827E-04
 1.38208E-04,  1.38208E-04,  1.38208E-04,  1.38208E-04,  1.38208E-04
 1.38208E-04,  8.41741E+00,  8.86646E-01,  6.96639E-02,  2.36649E-02
 1.98644E-02,  9.02397E-03,  3.90692E-03,  2.03274E-03,  1.25396E-03
 7.06444E-04,  4.50499E-04,  3.52180E-04,  2.80648E-04,  2.17116E-04
 1.67301E-04,  1.46517E-04,  1.46517E-04,  1.31277E-04,  1.31277E-04
 1.31277E-04,  1.31277E-04,  1.31277E-04,  1.31277E-04,  1.31577E+01
 1.08835E+00,  9.89784E-02,  4.56430E-02,  2.05123E-02,  8.30699E-03
 3.62955E-03,  2.07522E-03,  1.34144E-03,  7.71782E-04,  4.12091E-04
 2.96002E-04,  2.38557E-04,  1.89380E-04,  1.47642E-04,  1.28865E-04
 1.28865E-04,  1.24083E-04,  1.24083E-04,  1.24083E-04,  1.24083E-04
 1.24083E-04,  1.24083E-04,  6.55264E+00,  3.02994E+00,  4.04520E-01
 8.57256E-02,  2.34293E-02,  7.69228E-03,  3.74471E-03,  2.27778E-03
 1.39543E-03,  7.96657E-04,  4.08038E-04,  2.52075E-04,  2.01968E-04
 1.63937E-04,  1.28874E-04,  1.11432E-04,  1.11432E-04,  1.16786E-04
 1.16786E-04,  1.16786E-04,  1.16786E-04,  1.16786E-04,  1.16786E-04
 8.82391E+00,  3.87898E+00,  6.00536E-01,  9.13031E-02,  1.87491E-02
 6.27875E-03,  3.78292E-03,  2.52195E-03,  1.48446E-03,  7.98583E-04
 4.11728E-04,  2.23830E-04,  1.71155E-04,  1.41139E-04,  1.11350E-04
 9.43377E-05,  9.43377E-05,  1.09259E-04,  1.09259E-04,  1.09259E-04
 1.09259E-04,  1.09259E-04,  1.09259E-04,  1.28621E+00,  2.42699E+00
 3.84154E-01,  3.90693E-02,  9.14147E-03,  4.96285E-03,  3.93644E-03
 2.79007E-03,  1.61530E-03,  8.14750E-04,  4.06673E-04,  2.10001E-04
 1.46550E-04,  1.21688E-04,  9.60332E-05,  7.85711E-05,  7.85711E-05
 1.02049E-04,  1.02049E-04,  1.02049E-04,  1.02049E-04,  1.02049E-04
 1.02049E-04,  4.67676E+00,  1.26102E+00,  8.21188E-02,  2.56017E-02
 7.65108E-03,  4.63516E-03,  4.14210E-03,  3.02978E-03,  1.75626E-03
 8.54475E-04,  4.00758E-04,  2.01097E-04,  1.29805E-04,  1.06167E-04
 8.36761E-05,  6.54595E-05,  6.54595E-05,  9.61937E-05,  9.61937E-05
 9.61937E-05,  9.61937E-05,  9.61937E-05,  9.61937E-05,  1.18569E+00
 7.52024E-02,  7.10863E-02,  2.80325E-02,  7.21655E-03,  4.36096E-03
 4.09142E-03,  3.09480E-03,  1.84509E-03,  8.98860E-04,  4.04531E-04
 1.98726E-04,  1.22265E-04,  9.84341E-05,  7.95842E-05,  5.91895E-05
 5.91895E-05,  9.72512E-05,  9.72512E-05,  9.72512E-05,  9.72512E-05
 9.72512E-05,  9.72512E-05,  1.22261E+00,  3.55463E-01,  1.30672E-01
 4.88450E-02,  1.56945E-02,  7.98660E-03,  8.17971E-03,  7.54461E-03
 5.56811E-03,  3.38348E-03,  1.77748E-03,  9.68800E-04,  6.53939E-04
 6.26268E-04,  6.88442E-04,  7.99431E-04,  7.99431E-04,  1.63101E-03
 1.63101E-03,  1.63101E-03,  1.63101E-03,  1.63101E-03,  1.63101E-03
 1.22261E+00,  3.55463E-01,  1.30672E-01,  4.88450E-02,  1.56945E-02
 7.98660E-03,  8.17971E-03,  7.54461E-03,  5.56811E-03,  3.38348E-03
 1.77748E-03,  9.68800E-04,  6.53939E-04,  6.26268E-04,  6.88442E-04
 7.99431E-04,  7.99431E-04,  1.63101E-03,  1.63101E-03,  1.63101E-03
 1.63101E-03,  1.63101E-03,  1.63101E-03,  4.55750E-02,  4.90115E-02
 4.75379E-02,  3.50994E-02,  2.20351E-02,  1.32683E-02,  8.55688E-03
 6.43124E-03,  5.46852E-03,  4.73439E-03,  4.01022E-03,  3.30981E-03
 2.76669E-03,  2.35729E-03,  1.98179E-03,  4.40457E-03,  4.40457E-03
 6.60601E-03,  6.60601E-03,  6.60601E-03,  6.60601E-03,  6.60601E-03
 6.60601E-03,  4.55750E-02,  4.90115E-02,  4.75379E-02,  3.50994E-02
 2.20351E-02,  1.32683E-02,  8.55688E-03,  6.43124E-03,  5.46852E-03
 4.73439E-03,  4.01022E-03,  3.30981E-03,  2.76669E-03,  2.35729E-03
 1.98179E-03,  4.40457E-03,  4.40457E-03,  6.60601E-03,  6.60601E-03
 6.60601E-03,  6.60601E-03,  6.60601E-03,  6.60601E-03,  4.55750E-02
 4.90115E-02,  4.75379E-02,  3.50994E-02,  2.20351E-02,  1.32683E-02
 8.55688E-03,  6.43124E-03,  5.46852E-03,  4.73439E-03,  4.01022E-03
 3.30981E-03,  2.76669E-03,  2.35729E-03,  1.98179E-03,  4.40457E-03
 4.40457E-03,  6.60601E-03,  6.60601E-03,  6.60601E-03,  6.60601E-03
 6.60601E-03,  6.60601E-03,  4.55750E-02,  4.90115E-02,  4.75379E-02
 3.50994E-02,  2.20351E-02,  1.32683E-02,  8.55688E-03,  6.43124E-03
 5.46852E-03,  4.73439E-03,  4.01022E-03,  3.30981E-03,  2.76669E-03
 2.35729E-03,  1.98179E-03,  4.40457E-03,  4.40457E-03,  6.60601E-03
 6.60601E-03,  6.60601E-03,  6.60601E-03,  6.60601E-03,  6.60601E-03
 4.55750E-02,  4.90115E-02,  4.75379E-02,  3.50994E-02,  2.20351E-02
 1.32683E-02,  8.55688E-03,  6.43124E-03,  5.46852E-03,  4.73439E-03
 4.01022E-03,  3.30981E-03,  2.76669E-03,  2.35729E-03,  1.98179E-03
 4.40457E-03,  4.40457E-03,  6.60601E-03,  6.60601E-03,  6.60601E-03
 6.60601E-03,  6.60601E-03,  6.60601E-03,  4.55750E-02,  4.90115E-02
 4.75379E-02,  3.50994E-02,  2.20351E-02,  1.32683E-02,  8.55688E-03
 6.43124E-03,  5.46852E-03,  4.73439E-03,  4.01022E-03,  3.30981E-03
 2.76669E-03,  2.35729E-03,  1.98179E-03,  4.40457E-03,  4.40457E-03
 6.60601E-03,  6.60601E-03,  6.60601E-03,  6.60601E-03,  6.60601E-03
 6.60601E-03

;------ Iteration  3
;-Index  V/I_Meas      V/I_Calc    VI_%ERR
  1,    2.07243E+01,   1.50575E+01,  -27.34
  2,    6.65948E+00,   5.49290E+00,  -17.52
  3,    2.56875E+00,   7.29672E-01,  -71.59
  4,    1.24840E+00,   3.81461E-01,  -69.44
  5,    9.38865E-02,   1.59261E-01,  69.63
  6,    7.94650E-01,   8.32755E-02,  -89.52
  7,    1.51760E-01,   1.10929E-01,  -26.91
  8,    9.01102E-02,   7.50277E-02,  -16.74
  9,    2.51083E+01,   1.96197E+01,  -21.86
  10,    6.05705E+00,   2.05609E+00,  -66.05
  11,    2.62075E+00,   7.79002E-01,  -70.28
  12,    1.10857E+00,   2.01872E-01,  -81.79
  13,    7.01832E-01,   6.95906E-02,  -90.08
  14,    1.39745E-01,   4.30451E-02,  -69.20
  15,    8.66431E-02,   1.58136E-02,  -81.75
  16,    3.66935E-02,   6.27495E-02,  71.01
  17,    2.42305E-01,   1.02252E-01,  -57.80
  18,    1.08723E-01,   8.01331E-02,  -26.30
  19,    6.45944E-02,   5.91423E-02,  -8.44
  20,    3.79840E-02,   3.71037E-02,  -2.32
  21,    2.77012E-02,   2.85415E-02,  3.03
  22,    2.10235E+01,   1.91419E+01,  -8.95
  23,    5.51175E+00,   5.70368E+00,  3.48
  24,    2.10442E+00,   1.24377E+00,  -40.90
  25,    8.42778E-01,   3.02969E-01,  -64.05
  26,    7.01584E-01,   1.71037E-01,  -75.62
  27,    1.23720E-01,   5.64523E-02,  -54.37
  28,    8.03241E-02,   6.00696E-02,  -25.22
  29,    2.18757E-01,   1.35096E-01,  -38.24
  30,    1.03491E-01,   8.89172E-02,  -14.08
  31,    5.92737E-02,   5.50901E-02,  -7.06
  32,    3.80062E-02,   3.56233E-02,  -6.27
  33,    2.69831E-02,   2.69006E-02,  -0.31
  34,    4.16334E-02,   4.79989E-02,  15.29
  35,    3.13011E-02,   3.32201E-02,  6.13
  36,    2.56430E-02,   2.66432E-02,  3.90
  37,    2.12077E+01,   2.48730E+01,  17.28
  38,    5.34089E+00,   4.03893E+00,  -24.38
  39,    1.90316E+00,   7.78246E-01,  -59.11
  40,    7.61439E-01,   6.70747E-01,  -11.91
  41,    6.87240E-01,   1.13739E-01,  -83.45
  42,    1.40548E-01,   1.17596E-01,  -16.33
  43,    7.82689E-02,   8.48962E-02,  8.47
  44,    2.08930E-01,   2.36781E-01,  13.33
  45,    1.10353E-01,   1.58772E-01,  43.88
  46,    5.87669E-02,   8.92795E-02,  51.92
  47,    4.03443E-02,   6.36401E-02,  57.74
  48,    2.84742E-02,   4.46645E-02,  56.86
  49,    4.56410E-02,   5.58214E-02,  22.31
  50,    3.47810E-02,   4.00316E-02,  15.10
  51,    2.67499E-02,   2.90005E-02,  8.41
  52,    4.41874E-02,   5.13965E-02,  16.31
  53,    2.76329E-02,   3.31940E-02,  20.12
  54,    2.43151E-02,   2.69234E-02,  10.73
  55,    2.33259E+01,   9.48370E+00,  -59.34
  56,    4.91551E+00,   9.41581E-01,  -80.84
  57,    1.71542E+00,   5.11646E-01,  -70.17
  58,    7.63683E-01,   2.29647E-01,  -69.93
  59,    6.25297E-01,   5.19842E-02,  -91.69
  60,    1.34355E-01,   3.57767E-02,  -73.37
  61,    8.57191E-02,   2.86716E-02,  -66.55
  62,    2.89493E-02,   5.56722E-02,  92.31
  63,    2.31722E-01,   1.79529E-01,  -22.52
  64,    1.18091E-01,   1.06756E-01,  -9.60
  65,    6.76859E-02,   6.61154E-02,  -2.32
  66,    4.56516E-02,   4.85155E-02,  6.27
  67,    3.30751E-02,   3.49076E-02,  5.54
  68,    5.05039E-02,   5.16173E-02,  2.20
  69,    3.83803E-02,   3.90787E-02,  1.82
  70,    2.78508E-02,   2.74339E-02,  -1.50
  71,    4.45802E-02,   3.94153E-02,  -11.59
  72,    2.72002E-02,   2.41362E-02,  -11.26
  73,    2.78031E-02,   2.29983E-02,  -17.28
  74,    3.00666E-02,   2.54743E-02,  -15.27
  75,    2.17111E-02,   1.79108E-02,  -17.50
  76,    2.51867E+01,   1.45676E+01,  -42.16
  77,    4.91285E+00,   4.98812E+00,  1.53
  78,    1.79343E+00,   1.78249E+00,  -0.61
  79,    8.39700E-01,   3.14751E-01,  -62.52
  80,    1.49670E-01,   2.47510E-01,  65.37
  81,    5.44582E-01,   1.56903E-01,  -71.19
  82,    1.47258E-01,   1.17576E-01,  -20.16
  83,    9.33280E-02,   8.98303E-02,  -3.75
  84,    2.58679E-01,   1.99818E-01,  -22.75
  85,    1.22031E-01,   1.02863E-01,  -15.71
  86,    7.54422E-02,   6.93410E-02,  -8.09
  87,    5.03819E-02,   4.69071E-02,  -6.90
  88,    3.87900E-02,   3.63882E-02,  -6.19
  89,    5.76154E-02,   5.99353E-02,  4.03
  90,    4.36995E-02,   4.50702E-02,  3.14
  91,    3.19190E-02,   3.26645E-02,  2.34
  92,    4.86561E-02,   5.04133E-02,  3.61
  93,    3.01298E-02,   3.21584E-02,  6.73
  94,    2.91209E-02,   2.71211E-02,  -6.87
  95,    3.00144E-02,   2.50302E-02,  -16.61
  96,    2.13417E-02,   1.68572E-02,  -21.01
  97,    2.58147E-02,   2.18983E-02,  -15.17
  98,    1.98618E-02,   1.71095E-02,  -13.86
  99,    2.75923E+01,   2.42111E+01,  -12.25
  100,    5.35987E+00,   6.11806E+00,  14.15
  101,    2.08741E+00,   7.58671E-01,  -63.65
  102,    1.02678E+00,   4.64082E-01,  -54.80
  103,    1.87425E-01,   2.58414E-01,  37.88
  104,    5.75910E-01,   1.73096E-01,  -69.94
  105,    1.72181E-01,   1.24220E-01,  -27.85
  106,    1.17447E-01,   9.22514E-02,  -21.45
  107,    2.90909E-01,   2.61719E-01,  -10.03
  108,    1.47621E-01,   1.46366E-01,  -0.85
  109,    8.99679E-02,   1.01819E-01,  13.17
  110,    6.19399E-02,   7.05679E-02,  13.93
  111,    4.74925E-02,   4.96169E-02,  4.47
  112,    6.89750E-02,   6.43220E-02,  -6.75
  113,    4.92579E-02,   4.42181E-02,  -10.23
  114,    3.40743E-02,   3.11690E-02,  -8.53
  115,    5.22244E-02,   5.35247E-02,  2.49
  116,    3.38687E-02,   3.52678E-02,  4.13
  117,    3.23105E-02,   2.99121E-02,  -7.42
  118,    3.19228E-02,   3.05331E-02,  -4.35
  119,    2.16338E-02,   1.97006E-02,  -8.94
  120,    2.66745E-02,   2.22768E-02,  -16.49
  121,    2.14036E-02,   1.77688E-02,  -16.98
  122,    2.84921E+01,   2.68980E+01,  -5.59
  123,    5.72150E+00,   2.23736E+00,  -60.90
  124,    2.31320E+00,   1.00370E+00,  -56.61
  125,    9.68294E-01,   4.62709E-01,  -52.21
  126,    1.86464E-01,   2.56346E-01,  37.48
  127,    6.10218E-01,   1.62787E-01,  -73.32
  128,    1.88712E-01,   1.12067E-01,  -40.61
  129,    1.03236E-01,   6.38192E-02,  -38.18
  130,    2.96212E-01,   2.16403E-01,  -26.94
  131,    1.63627E-01,   1.34828E-01,  -17.60
  132,    1.00222E-01,   8.77188E-02,  -12.48
  133,    7.38560E-02,   6.62038E-02,  -10.36
  134,    5.39285E-02,   4.56447E-02,  -15.36
  135,    8.00984E-02,   7.67440E-02,  -4.19
  136,    5.42293E-02,   5.07288E-02,  -6.46
  137,    3.46281E-02,   3.44178E-02,  -0.61
  138,    5.20586E-02,   4.75321E-02,  -8.70
  139,    4.13181E-02,   3.71638E-02,  -10.05
  140,    3.06594E-02,   2.54447E-02,  -17.01
  141,    3.37121E-02,   3.17596E-02,  -5.79
  142,    2.32575E-02,   2.10805E-02,  -9.36
  143,    2.79093E-02,   2.49442E-02,  -10.62
  144,    2.16048E-02,   1.99917E-02,  -7.47
  145,    2.88518E+01,   1.27784E+01,  -55.71
  146,    6.07769E+00,   4.00265E+00,  -34.14
  147,    2.01531E+00,   1.54960E+00,  -23.11
  148,    9.22482E-01,   7.22493E-01,  -21.68
  149,    2.93652E-01,   4.03346E-01,  37.36
  150,    4.42888E-01,   2.54790E-01,  -42.47
  151,    1.43564E-01,   1.33707E-01,  -6.87
  152,    9.80310E-02,   9.73750E-02,  -0.67
  153,    2.89595E-01,   2.51560E-01,  -13.13
  154,    1.62090E-01,   1.59396E-01,  -1.66
  155,    1.02372E-01,   1.05486E-01,  3.04
  156,    7.43722E-02,   7.16432E-02,  -3.67
  157,    5.26667E-02,   5.43302E-02,  3.16
  158,    8.48895E-02,   8.46795E-02,  -0.25
  159,    5.70213E-02,   5.76605E-02,  1.12
  160,    3.24661E-02,   3.60449E-02,  11.02
  161,    5.09961E-02,   5.65489E-02,  10.89
  162,    4.73332E-02,   5.24369E-02,  10.78
  163,    2.71496E-02,   2.97101E-02,  9.43
  164,    3.33201E-02,   3.27650E-02,  -1.67
  165,    2.30520E-02,   2.24661E-02,  -2.54
  166,    2.80427E-02,   2.81182E-02,  0.27
  167,    2.28094E-02,   2.40071E-02,  5.25
  168,    3.29446E+01,   1.82056E+01,  -44.74
  169,    5.95258E+00,   5.11101E+00,  -14.14
  170,    2.26191E+00,   1.88927E+00,  -16.47
  171,    9.77684E-01,   8.69858E-01,  -11.03
  172,    3.24570E-01,   4.74547E-01,  46.21
  173,    4.23618E-01,   2.13033E-01,  -49.71
  174,    1.53060E-01,   1.32986E-01,  -13.12
  175,    9.56131E-02,   8.56076E-02,  -10.46
  176,    2.82887E-01,   2.82058E-01,  -0.29
  177,    1.58797E-01,   1.65950E-01,  4.50
  178,    1.07999E-01,   1.18823E-01,  10.02
  179,    7.42793E-02,   7.83975E-02,  5.54
  180,    5.51055E-02,   6.17493E-02,  12.06
  181,    8.47283E-02,   8.26903E-02,  -2.41
  182,    5.42794E-02,   5.44162E-02,  0.25
  183,    3.04051E-02,   3.38721E-02,  11.40
  184,    5.27314E-02,   5.94341E-02,  12.71
  185,    4.60293E-02,   4.87580E-02,  5.93
  186,    2.79294E-02,   3.21778E-02,  15.21
  187,    3.38499E-02,   3.68721E-02,  8.93
  188,    2.26353E-02,   2.52049E-02,  11.35
  189,    2.78493E-02,   2.83161E-02,  1.68
  190,    2.83924E+01,   1.73568E+01,  -38.87
  191,    6.10244E+00,   4.65816E+00,  -23.67
  192,    2.13197E+00,   1.78789E+00,  -16.14
  193,    9.54436E-01,   8.56894E-01,  -10.22
  194,    2.45200E-01,   3.36309E-01,  37.16
  195,    3.76698E-01,   1.79713E-01,  -52.29
  196,    1.33233E-01,   1.04334E-01,  -21.69
  197,    9.42898E-02,   7.58362E-02,  -19.57
  198,    2.82526E-01,   2.44520E-01,  -13.45
  199,    1.63757E-01,   1.44471E-01,  -11.78
  200,    1.10012E-01,   9.12316E-02,  -17.07
  201,    7.46303E-02,   6.52421E-02,  -12.58
  202,    5.90355E-02,   5.14659E-02,  -12.82
  203,    8.03295E-02,   7.47437E-02,  -6.95
  204,    4.74987E-02,   4.63837E-02,  -2.35
  205,    3.07734E-02,   3.34274E-02,  8.62
  206,    5.14108E-02,   5.26601E-02,  2.43
  207,    4.45487E-02,   4.30184E-02,  -3.44
  208,    2.74163E-02,   2.96438E-02,  8.12
  209,    3.06639E-02,   3.13731E-02,  2.31
  210,    2.23371E-02,   2.32351E-02,  4.02
  211,    2.72825E-02,   2.91307E-02,  6.77
  212,    3.25904E+01,   1.62927E+01,  -50.01
  213,    6.03535E+00,   4.69061E+00,  -22.28
  214,    2.22474E+00,   1.98187E+00,  -10.92
  215,    7.89918E-01,   7.14515E-01,  -9.55
  216,    2.48124E-01,   3.50920E-01,  41.43
  217,    3.35292E-01,   1.92496E-01,  -42.59
  218,    1.32921E-01,   1.32621E-01,  -0.23
  219,    8.68220E-02,   8.65760E-02,  -0.28
  220,    2.64123E-01,   2.39470E-01,  -9.33
  221,    1.65569E-01,   1.54519E-01,  -6.67
  222,    1.07036E-01,   9.38402E-02,  -12.33
  223,    7.59017E-02,   6.90987E-02,  -8.96
  224,    5.40453E-02,   4.66484E-02,  -13.69
  225,    8.10408E-02,   6.86815E-02,  -15.25
  226,    4.27062E-02,   3.80534E-02,  -10.89
  227,    3.14016E-02,   2.90510E-02,  -7.49
  228,    5.61689E-02,   5.81171E-02,  3.47
  229,    3.83145E-02,   3.78077E-02,  -1.32
  230,    2.56840E-02,   2.71751E-02,  5.81
  231,    2.82814E-02,   2.89002E-02,  2.19
  232,    2.13449E-02,   2.21324E-02,  3.69
  233,    2.72835E-02,   2.92521E-02,  7.22
  234,    2.60792E+01,   1.54488E+01,  -40.76
  235,    5.43997E+00,   4.65186E+00,  -14.49
  236,    1.55118E+00,   1.39987E+00,  -9.75
  237,    6.28012E-01,   5.74559E-01,  -8.51
  238,    2.03822E-01,   2.76679E-01,  35.75
  239,    2.36711E-01,   1.67445E-01,  -29.26
  240,    1.01014E-01,   1.01881E-01,  0.86
  241,    7.10739E-02,   7.19363E-02,  1.21
  242,    2.37972E-01,   2.51630E-01,  5.74
  243,    1.50735E-01,   1.48207E-01,  -1.68
  244,    9.68624E-02,   1.00688E-01,  3.95
  245,    7.46612E-02,   7.58012E-02,  1.53
  246,    4.77969E-02,   4.56554E-02,  -4.48
  247,    7.03605E-02,   5.82414E-02,  -17.22
  248,    3.70233E-02,   3.23706E-02,  -12.57
  249,    3.44764E-02,   3.08988E-02,  -10.38
  250,    5.95121E-02,   5.48534E-02,  -7.83
  251,    3.17637E-02,   2.89053E-02,  -9.00
  252,    2.44197E-02,   2.25103E-02,  -7.82
  253,    2.69293E-02,   2.82011E-02,  4.72
  254,    1.95159E-02,   2.08267E-02,  6.72
  255,    2.63180E-02,   2.77372E-02,  5.39
  256,    3.70037E+01,   2.20323E+01,  -40.46
  257,    6.07736E+00,   4.93740E+00,  -18.76
  258,    1.93509E+00,   1.61539E+00,  -16.52
  259,    6.86918E-01,   6.47516E-01,  -5.74
  260,    2.31855E-01,   3.15657E-01,  36.14
  261,    2.85318E-01,   1.66891E-01,  -41.51
  262,    1.19573E-01,   1.08268E-01,  -9.45
  263,    8.72093E-02,   8.74185E-02,  0.24
  264,    2.50916E-01,   2.53986E-01,  1.22
  265,    1.50949E-01,   1.44461E-01,  -4.30
  266,    9.97042E-02,   1.02196E-01,  2.50
  267,    6.79016E-02,   6.65435E-02,  -2.00
  268,    4.91152E-02,   4.51093E-02,  -8.16
  269,    6.06553E-02,   5.53516E-02,  -8.74
  270,    3.72737E-02,   3.66636E-02,  -1.64
  271,    3.47560E-02,   3.17579E-02,  -8.63
  272,    5.53386E-02,   4.67148E-02,  -15.58
  273,    3.16469E-02,   2.83623E-02,  -10.38
  274,    2.13461E-02,   1.85039E-02,  -13.31
  275,    2.57171E-02,   2.40892E-02,  -6.33
  276,    1.88288E-02,   1.84108E-02,  -2.22
  277,    2.46788E-02,   2.67671E-02,  8.46
  278,    3.46072E+01,   2.08082E+01,  -39.87
  279,    6.78734E+00,   5.03678E+00,  -25.79
  280,    1.83269E+00,   1.67580E+00,  -8.56
  281,    6.79957E-01,   6.55466E-01,  -3.60
  282,    1.85478E-01,   2.89520E-01,  56.09
  283,    3.07694E-01,   1.66001E-01,  -46.05
  284,    1.19004E-01,   1.25031E-01,  5.06
  285,    8.97034E-02,   8.40903E-02,  -6.26
  286,    2.70660E-01,   2.48572E-01,  -8.16
  287,    1.57234E-01,   1.57361E-01,  0.08
  288,    1.12358E-01,   1.12946E-01,  0.52
  289,    6.80839E-02,   6.44123E-02,  -5.39
  290,    4.72548E-02,   4.32160E-02,  -8.55
  291,    5.29234E-02,   4.93326E-02,  -6.78
  292,    3.74505E-02,   3.56728E-02,  -4.75
  293,    3.42883E-02,   3.02565E-02,  -11.76
  294,    5.42960E-02,   4.72449E-02,  -12.99
  295,    3.08836E-02,   3.00744E-02,  -2.62
  296,    1.97530E-02,   1.84729E-02,  -6.48
  297,    2.42351E-02,   2.16343E-02,  -10.73
  298,    1.85181E-02,   1.73395E-02,  -6.36
  299,    2.43974E-02,   2.45563E-02,  0.65
  300,    4.23277E+01,   2.29953E+01,  -45.67
  301,    7.44763E+00,   5.75103E+00,  -22.78
  302,    2.09371E+00,   1.78854E+00,  -14.58
  303,    7.79404E-01,   6.37762E-01,  -18.17
  304,    1.91602E-01,   3.06962E-01,  60.21
  305,    3.78759E-01,   2.07058E-01,  -45.33
  306,    1.48487E-01,   1.29276E-01,  -12.94
  307,    9.99060E-02,   8.52927E-02,  -14.63
  308,    2.88083E-01,   2.65000E-01,  -8.01
  309,    1.73485E-01,   1.74981E-01,  0.86
  310,    1.09826E-01,   1.08373E-01,  -1.32
  311,    7.46354E-02,   6.86596E-02,  -8.01
  312,    4.36110E-02,   3.95020E-02,  -9.42
  313,    5.13951E-02,   4.81737E-02,  -6.27
  314,    4.50839E-02,   4.35595E-02,  -3.38
  315,    2.97197E-02,   2.49335E-02,  -16.10
  316,    4.69384E-02,   4.08503E-02,  -12.97
  317,    2.95880E-02,   2.73180E-02,  -7.67
  318,    1.92295E-02,   1.80187E-02,  -6.30
  319,    2.35129E-02,   2.20206E-02,  -6.35
  320,    1.79449E-02,   1.74706E-02,  -2.64
  321,    3.80804E+01,   2.33291E+01,  -38.74
  322,    6.76850E+00,   5.33059E+00,  -21.24
  323,    1.95633E+00,   1.51368E+00,  -22.63
  324,    7.22030E-01,   5.94420E-01,  -17.67
  325,    2.45501E-01,   3.45613E-01,  40.78
  326,    3.14589E-01,   1.93757E-01,  -38.41
  327,    1.32839E-01,   1.17802E-01,  -11.32
  328,    9.12254E-02,   9.42741E-02,  3.34
  329,    2.81530E-01,   2.87396E-01,  2.08
  330,    1.84205E-01,   1.92373E-01,  4.43
  331,    1.01430E-01,   1.02926E-01,  1.47
  332,    6.69656E-02,   6.43271E-02,  -3.94
  333,    3.76459E-02,   3.53373E-02,  -6.13
  334,    5.08173E-02,   5.24759E-02,  3.26
  335,    4.43708E-02,   4.23462E-02,  -4.56
  336,    2.39373E-02,   2.21555E-02,  -7.44
  337,    3.91844E-02,   3.63389E-02,  -7.26
  338,    2.76876E-02,   2.64505E-02,  -4.47
  339,    1.84457E-02,   1.76796E-02,  -4.15
  340,    2.23618E-02,   2.08884E-02,  -6.59
  341,    1.70212E-02,   1.69288E-02,  -0.54
  342,    4.82802E+01,   2.05889E+01,  -57.36
  343,    8.77579E+00,   4.26673E+00,  -51.38
  344,    2.45714E+00,   1.35505E+00,  -44.85
  345,    9.03480E-01,   6.70473E-01,  -25.79
  346,    1.82202E-01,   3.32299E-01,  82.38
  347,    5.68158E-01,   1.82959E-01,  -67.80
  348,    1.66081E-01,   1.39531E-01,  -15.99
  349,    1.09426E-01,   9.84321E-02,  -10.05
  350,    3.16558E-01,   3.13063E-01,  -1.10
  351,    1.79875E-01,   1.82335E-01,  1.37
  352,    1.09995E-01,   1.07645E-01,  -2.14
  353,    5.94460E-02,   5.79279E-02,  -2.55
  354,    3.31911E-02,   3.49001E-02,  5.15
  355,    5.25062E-02,   5.52200E-02,  5.17
  356,    4.42747E-02,   4.32176E-02,  -2.39
  357,    2.24154E-02,   2.31452E-02,  3.26
  358,    3.92747E-02,   3.96161E-02,  0.87
  359,    2.48500E-02,   2.40618E-02,  -3.17
  360,    1.74309E-02,   1.71507E-02,  -1.61
  361,    2.08296E-02,   2.04685E-02,  -1.73
  362,    1.74077E-02,   1.77128E-02,  1.75
  363,    4.38445E+01,   1.71081E+01,  -60.98
  364,    7.49710E+00,   3.76788E+00,  -49.74
  365,    2.15001E+00,   1.44510E+00,  -32.79
  366,    9.91793E-01,   5.78376E-01,  -41.68
  367,    1.39811E-01,   2.59903E-01,  85.90
  368,    5.69839E-01,   1.77880E-01,  -68.78
  369,    1.61607E-01,   1.16633E-01,  -27.83
  370,    1.27958E-01,   9.70569E-02,  -24.15
  371,    3.73491E-01,   3.18042E-01,  -14.85
  372,    1.82501E-01,   1.59010E-01,  -12.87
  373,    1.07117E-01,   9.31516E-02,  -13.04
  374,    5.49832E-02,   4.82784E-02,  -12.19
  375,    3.14264E-02,   3.16561E-02,  0.73
  376,    5.80390E-02,   6.27337E-02,  8.09
  377,    3.50537E-02,   3.32093E-02,  -5.26
  378,    2.26806E-02,   2.49755E-02,  10.12
  379,    3.84461E-02,   4.00238E-02,  4.10
  380,    2.28213E-02,   2.27426E-02,  -0.34
  381,    1.63110E-02,   1.61548E-02,  -0.96
  382,    2.02806E-02,   2.01871E-02,  -0.46
  383,    4.16206E+01,   2.25532E+01,  -45.81
  384,    6.32291E+00,   6.28630E+00,  -0.58
  385,    2.42941E+00,   2.00473E+00,  -17.48
  386,    9.34296E-01,   6.95611E-01,  -25.55
  387,    2.53052E-01,   3.98541E-01,  57.49
  388,    4.70146E-01,   2.27248E-01,  -51.66
  389,    2.05146E-01,   1.74349E-01,  -15.01
  390,    1.38997E-01,   1.22036E-01,  -12.20
  391,    3.64430E-01,   3.11813E-01,  -14.44
  392,    1.98949E-01,   1.63939E-01,  -17.60
  393,    9.42916E-02,   8.06816E-02,  -14.43
  394,    4.87184E-02,   4.55936E-02,  -6.41
  395,    3.58201E-02,   3.65672E-02,  2.09
  396,    6.18732E-02,   6.20970E-02,  0.36
  397,    3.14527E-02,   3.03366E-02,  -3.55
  398,    2.36043E-02,   2.44274E-02,  3.49
  399,    3.66439E-02,   3.73940E-02,  2.05
  400,    2.19586E-02,   2.29019E-02,  4.30
  401,    1.62634E-02,   1.63723E-02,  0.67
  402,    2.03385E-02,   2.07220E-02,  1.89
  403,    3.15710E+01,   2.29530E+01,  -27.30
  404,    7.42207E+00,   5.50432E+00,  -25.84
  405,    2.14589E+00,   1.54385E+00,  -28.06
  406,    8.45372E-01,   7.54794E-01,  -10.71
  407,    2.44612E-01,   3.74836E-01,  53.24
  408,    4.92168E-01,   2.63106E-01,  -46.54
  409,    1.99963E-01,   1.74060E-01,  -12.95
  410,    1.13386E-01,   9.94345E-02,  -12.30
  411,    3.50445E-01,   3.05628E-01,  -12.79
  412,    1.83315E-01,   1.52149E-01,  -17.00
  413,    8.18915E-02,   6.94924E-02,  -15.14
  414,    4.43376E-02,   4.31162E-02,  -2.75
  415,    3.74022E-02,   3.90066E-02,  4.29
  416,    6.16918E-02,   5.79401E-02,  -6.08
  417,    2.91736E-02,   2.92297E-02,  0.19
  418,    2.26963E-02,   2.21211E-02,  -2.53
  419,    3.60432E-02,   3.58401E-02,  -0.56
  420,    2.23686E-02,   2.23874E-02,  0.08
  421,    1.57647E-02,   1.55847E-02,  -1.14
  422,    1.92219E-02,   1.97198E-02,  2.59
  423,    4.08932E+01,   2.17154E+01,  -46.90
  424,    6.90435E+00,   4.56031E+00,  -33.95
  425,    1.99952E+00,   1.88955E+00,  -5.50
  426,    8.46089E-01,   8.18785E-01,  -3.23
  427,    3.85740E-01,   5.23103E-01,  35.61
  428,    4.86175E-01,   3.25465E-01,  -33.06
  429,    1.78218E-01,   1.75955E-01,  -1.27
  430,    1.34689E-01,   1.24182E-01,  -7.80
  431,    3.74887E-01,   3.25489E-01,  -13.18
  432,    1.54621E-01,   1.32331E-01,  -14.42
  433,    7.03302E-02,   6.48396E-02,  -7.81
  434,    4.76763E-02,   4.96078E-02,  4.05
  435,    3.89113E-02,   3.93886E-02,  1.23
  436,    5.12519E-02,   4.63089E-02,  -9.64
  437,    3.10974E-02,   3.29095E-02,  5.83
  438,    1.97023E-02,   1.90850E-02,  -3.13
  439,    3.20080E-02,   3.09872E-02,  -3.19
  440,    2.10656E-02,   2.07699E-02,  -1.40
  441,    1.54380E-02,   1.49965E-02,  -2.86
  442,    1.94699E-02,   1.97795E-02,  1.59
  443,    3.69067E+01,   1.54248E+01,  -58.21
  444,    6.11714E+00,   4.76363E+00,  -22.13
  445,    1.96900E+00,   1.76488E+00,  -10.37
  446,    1.11223E+00,   1.02462E+00,  -7.88
  447,    4.54019E-01,   6.02122E-01,  32.62
  448,    4.47306E-01,   3.11358E-01,  -30.39
  449,    2.22446E-01,   2.09898E-01,  -5.64
  450,    1.42246E-01,   1.24300E-01,  -12.62
  451,    3.65735E-01,   3.26875E-01,  -10.63
  452,    1.39970E-01,   1.21948E-01,  -12.88
  453,    6.62039E-02,   6.87682E-02,  3.87
  454,    5.30261E-02,   5.94120E-02,  12.04
  455,    4.62791E-02,   4.77517E-02,  3.18
  456,    4.34874E-02,   4.18173E-02,  -3.84
  457,    3.12419E-02,   3.18204E-02,  1.85
  458,    1.85895E-02,   1.84410E-02,  -0.80
  459,    3.09585E-02,   3.08726E-02,  -0.28
  460,    2.11322E-02,   2.05404E-02,  -2.80
  461,    1.56539E-02,   1.54097E-02,  -1.56
  462,    2.06630E-02,   2.04597E-02,  -0.98
  463,    3.06150E+01,   1.59269E+01,  -47.98
  464,    5.59096E+00,   4.13068E+00,  -26.12
  465,    2.54020E+00,   2.01496E+00,  -20.68
  466,    1.17197E+00,   1.08170E+00,  -7.70
  467,    3.70809E-01,   5.25976E-01,  41.85
  468,    5.48992E-01,   3.34498E-01,  -39.07
  469,    2.29461E-01,   1.86758E-01,  -18.61
  470,    1.23286E-01,   1.09395E-01,  -11.27
  471,    3.23268E-01,   2.86946E-01,  -11.24
  472,    1.25831E-01,   1.19107E-01,  -5.34
  473,    7.66221E-02,   8.61480E-02,  12.43
  474,    5.95566E-02,   6.49452E-02,  9.05
  475,    3.93403E-02,   3.77453E-02,  -4.05
  476,    4.23110E-02,   4.46059E-02,  5.42
  477,    3.11593E-02,   3.16553E-02,  1.59
  478,    1.91772E-02,   1.97185E-02,  2.82
  479,    3.08001E-02,   3.09727E-02,  0.56
  480,    2.13899E-02,   2.05535E-02,  -3.91
  481,    1.53893E-02,   1.51980E-02,  -1.24
  482,    2.96490E+01,   1.31400E+01,  -55.68
  483,    7.54684E+00,   4.39164E+00,  -41.81
  484,    2.69279E+00,   2.02228E+00,  -24.90
  485,    1.10216E+00,   9.02328E-01,  -18.13
  486,    3.55291E-01,   5.34583E-01,  50.46
  487,    7.24874E-01,   2.79501E-01,  -61.44
  488,    2.01173E-01,   1.55736E-01,  -22.59
  489,    1.09193E-01,   7.84883E-02,  -28.12
  490,    2.85219E-01,   2.23657E-01,  -21.58
  491,    1.14398E-01,   1.13680E-01,  -0.63
  492,    8.33429E-02,   9.38505E-02,  12.61
  493,    6.73928E-02,   7.09151E-02,  5.23
  494,    3.10131E-02,   2.81439E-02,  -9.25
  495,    4.63897E-02,   5.14026E-02,  10.81
  496,    2.79575E-02,   2.77686E-02,  -0.68
  497,    1.93758E-02,   1.95999E-02,  1.16
  498,    3.14156E-02,   3.12584E-02,  -0.50
  499,    2.10809E-02,   2.00222E-02,  -5.02
  500,    1.58374E-02,   1.53998E-02,  -2.76
  501,    4.24601E+01,   1.42354E+01,  -66.47
  502,    7.85526E+00,   4.62278E+00,  -41.15
  503,    2.59148E+00,   1.78422E+00,  -31.15
  504,    1.40339E+00,   9.55567E-01,  -31.91
  505,    2.69711E-01,   4.58378E-01,  69.95
  506,    8.16428E-01,   2.39695E-01,  -70.64
  507,    1.79430E-01,   1.13031E-01,  -37.01
  508,    9.71550E-02,   6.64070E-02,  -31.65
  509,    2.52782E-01,   1.99497E-01,  -21.08
  510,    1.31542E-01,   1.35251E-01,  2.82
  511,    9.25395E-02,   9.70509E-02,  4.88
  512,    5.65087E-02,   5.31041E-02,  -6.02
  513,    3.04459E-02,   3.11383E-02,  2.27
  514,    4.72243E-02,   4.93614E-02,  4.53
  515,    2.64648E-02,   2.67841E-02,  1.21
  516,    1.95223E-02,   1.93119E-02,  -1.08
  517,    3.12206E-02,   3.07708E-02,  -1.44
  518,    2.13894E-02,   2.04058E-02,  -4.60
  519,    1.68177E-02,   1.60534E-02,  -4.54
  520,    3.41563E+01,   1.70411E+01,  -50.11
  521,    6.58037E+00,   4.73892E+00,  -27.98
  522,    2.85394E+00,   2.13040E+00,  -25.35
  523,    1.32024E+00,   8.89335E-01,  -32.64
  524,    2.97713E-01,   4.18383E-01,  40.53
  525,    5.38794E-01,   1.76404E-01,  -67.26
  526,    1.39096E-01,   9.35807E-02,  -32.72
  527,    7.57013E-02,   6.44515E-02,  -14.86
  528,    2.18441E-01,   1.93773E-01,  -11.29
  529,    1.42850E-01,   1.51598E-01,  6.12
  530,    1.04678E-01,   1.07937E-01,  3.11
  531,    4.50503E-02,   4.03478E-02,  -10.44
  532,    3.05649E-02,   3.42346E-02,  12.01
  533,    4.68946E-02,   4.75824E-02,  1.47
  534,    2.70807E-02,   2.79398E-02,  3.17
  535,    1.89779E-02,   1.84032E-02,  -3.03
  536,    3.05025E-02,   2.96293E-02,  -2.86
  537,    2.15553E-02,   2.04097E-02,  -5.31
  538,    1.75997E-02,   1.65836E-02,  -5.77
  539,    3.19448E+01,   1.74576E+01,  -45.35
  540,    7.93482E+00,   5.75936E+00,  -27.42
  541,    3.00330E+00,   2.03675E+00,  -32.18
  542,    1.13693E+00,   8.52120E-01,  -25.05
  543,    2.05482E-01,   3.18867E-01,  55.18
  544,    5.13137E-01,   1.50237E-01,  -70.72
  545,    1.19034E-01,   9.73056E-02,  -18.25
  546,    7.44040E-02,   6.79100E-02,  -8.73
  547,    2.40615E-01,   2.44025E-01,  1.42
  548,    1.56809E-01,   1.64618E-01,  4.98
  549,    8.71872E-02,   8.41603E-02,  -3.47
  550,    4.46907E-02,   4.67858E-02,  4.69
  551,    3.42368E-02,   3.78337E-02,  10.51
  552,    4.33740E-02,   4.31246E-02,  -0.58
  553,    2.79442E-02,   2.89339E-02,  3.54
  554,    1.95538E-02,   1.92017E-02,  -1.80
  555,    3.21501E-02,   3.10337E-02,  -3.47
  556,    2.18782E-02,   2.11114E-02,  -3.50
  557,    3.82974E+01,   2.08989E+01,  -45.43
  558,    8.58222E+00,   5.35926E+00,  -37.55
  559,    2.70807E+00,   1.87574E+00,  -30.74
  560,    1.00591E+00,   5.95686E-01,  -40.78
  561,    1.33652E-01,   2.34481E-01,  75.44
  562,    4.86496E-01,   1.36815E-01,  -71.88
  563,    1.16760E-01,   9.15090E-02,  -21.63
  564,    1.05913E-01,   1.00204E-01,  -5.39
  565,    2.82124E-01,   2.80731E-01,  -0.49
  566,    1.88030E-01,   1.84994E-01,  -1.61
  567,    7.33085E-02,   6.41629E-02,  -12.48
  568,    4.74624E-02,   5.24916E-02,  10.60
  569,    3.83079E-02,   3.92738E-02,  2.52
  570,    4.16925E-02,   4.25281E-02,  2.00
  571,    2.93357E-02,   2.91889E-02,  -0.50
  572,    2.03250E-02,   1.94665E-02,  -4.22
  573,    3.25848E-02,   3.08144E-02,  -5.43
  574,    2.32618E-02,   2.19872E-02,  -5.48
  575,    3.06917E+01,   2.07496E+01,  -32.39
  576,    5.57527E+00,   5.27620E+00,  -5.36
  577,    1.77954E+00,   1.34943E+00,  -24.17
  578,    6.51715E-01,   4.11831E-01,  -36.81
  579,    1.22119E-01,   2.00657E-01,  64.31
  580,    2.99050E-01,   1.24308E-01,  -58.43
  581,    1.29912E-01,   1.29304E-01,  -0.47
  582,    7.71218E-02,   7.32339E-02,  -5.04
  583,    2.81795E-01,   2.71836E-01,  -3.53
  584,    1.40823E-01,   1.26567E-01,  -10.12
  585,    6.60604E-02,   6.54897E-02,  -0.86
  586,    4.80322E-02,   5.10705E-02,  6.33
  587,    3.00191E-02,   2.89441E-02,  -3.58
  588,    4.15528E-02,   4.34253E-02,  4.51
  589,    2.76315E-02,   2.71807E-02,  -1.63
  590,    2.04332E-02,   1.91389E-02,  -6.33
  591,    3.21279E-02,   3.02683E-02,  -5.79
  592,    2.37388E-02,   2.22267E-02,  -6.37
  593,    2.82199E+01,   2.64880E+01,  -6.14
  594,    5.21130E+00,   5.01331E+00,  -3.80
  595,    1.56605E+00,   1.16454E+00,  -25.64
  596,    5.72462E-01,   4.49074E-01,  -21.55
  597,    1.76971E-01,   2.48481E-01,  40.41
  598,    3.34841E-01,   2.40373E-01,  -28.21
  599,    1.32818E-01,   1.31203E-01,  -1.22
  600,    1.26665E-01,   1.31154E-01,  3.54
  601,    3.23660E-01,   3.27429E-01,  1.16
  602,    1.12088E-01,   9.95406E-02,  -11.19
  603,    6.67424E-02,   7.66780E-02,  14.89
  604,    5.08003E-02,   5.45522E-02,  7.39
  605,    2.72923E-02,   2.87444E-02,  5.32
  606,    4.16490E-02,   4.39775E-02,  5.59
  607,    2.77499E-02,   2.75593E-02,  -0.69
  608,    2.03417E-02,   1.92279E-02,  -5.48
  609,    3.29427E-02,   3.15814E-02,  -4.13
  610,    2.57314E-02,   2.40533E-02,  -6.52
  611,    2.38875E+01,   2.30088E+01,  -3.68
  612,    4.41358E+00,   3.71931E+00,  -15.73
  613,    1.29953E+00,   1.07327E+00,  -17.41
  614,    5.60187E-01,   5.05012E-01,  -9.85
  615,    3.87876E-01,   4.39811E-01,  13.39
  616,    2.58467E-01,   2.28010E-01,  -11.78
  617,    2.11006E-01,   2.14247E-01,  1.54
  618,    1.19297E-01,   1.14380E-01,  -4.12
  619,    2.93383E-01,   2.75389E-01,  -6.13
  620,    1.22231E-01,   1.24578E-01,  1.92
  621,    8.06615E-02,   9.14895E-02,  13.42
  622,    4.70720E-02,   4.89437E-02,  3.98
  623,    3.13164E-02,   3.47042E-02,  10.82
  624,    4.31678E-02,   4.59829E-02,  6.52
  625,    2.89400E-02,   2.87353E-02,  -0.71
  626,    1.97790E-02,   1.94590E-02,  -1.62
  627,    3.36847E-02,   3.23976E-02,  -3.82
  628,    1.67942E+01,   1.37456E+01,  -18.15
  629,    3.07161E+00,   2.59696E+00,  -15.45
  630,    1.08454E+00,   9.84786E-01,  -9.20
  631,    7.31747E-01,   7.51526E-01,  2.70
  632,    3.66913E-01,   3.66738E-01,  -0.05
  633,    3.27837E-01,   3.22834E-01,  -1.53
  634,    1.69613E-01,   1.62551E-01,  -4.16
  635,    8.09325E-02,   6.93865E-02,  -14.27
  636,    2.31591E-01,   2.02535E-01,  -12.55
  637,    1.24665E-01,   1.42227E-01,  14.09
  638,    8.57160E-02,   9.44008E-02,  10.13
  639,    4.33129E-02,   4.70010E-02,  8.51
  640,    3.19547E-02,   3.59582E-02,  12.53
  641,    4.37952E-02,   4.63582E-02,  5.85
  642,    3.06382E-02,   3.04593E-02,  -0.58
  643,    2.15092E-02,   2.15285E-02,  0.09
  644,    3.42349E-02,   3.34144E-02,  -2.40
  645,    9.89550E+00,   9.65053E+00,  -2.48
  646,    2.38184E+00,   2.30631E+00,  -3.17
  647,    1.39654E+00,   1.41984E+00,  1.67
  648,    6.61919E-01,   6.36232E-01,  -3.88
  649,    5.03590E-01,   5.17973E-01,  2.86
  650,    2.93625E-01,   2.44401E-01,  -16.76
  651,    1.16914E-01,   9.81787E-02,  -16.02
  652,    7.23241E-02,   6.21525E-02,  -14.06
  653,    2.19162E-01,   2.16546E-01,  -1.19
  654,    1.30039E-01,   1.46948E-01,  13.00
  655,    6.85258E-02,   7.31440E-02,  6.74
  656,    4.31907E-02,   4.94461E-02,  14.48
  657,    2.99446E-02,   3.39101E-02,  13.24
  658,    4.31238E-02,   4.59958E-02,  6.66
  659,    2.98551E-02,   2.97936E-02,  -0.21
  660,    2.25431E-02,   2.18937E-02,  -2.88
  661,    3.65465E-02,   3.54059E-02,  -3.12
  662,    7.08428E+00,   7.76592E+00,  9.62
  663,    2.89216E+00,   2.73749E+00,  -5.35
  664,    1.21571E+00,   1.04463E+00,  -14.07
  665,    8.93043E-01,   7.66190E-01,  -14.20
  666,    2.57100E-01,   3.37550E-01,  31.29
  667,    3.13606E-01,   1.28089E-01,  -59.16
  668,    1.00731E-01,   7.77457E-02,  -22.82
  669,    7.36282E-02,   7.53825E-02,  2.38
  670,    2.12331E-01,   2.29250E-01,  7.97
  671,    1.30740E-01,   1.40575E-01,  7.52
  672,    6.02286E-02,   6.56905E-02,  9.07
  673,    4.17568E-02,   4.82686E-02,  15.59
  674,    2.89149E-02,   3.17389E-02,  9.77
  675,    4.07218E-02,   4.36200E-02,  7.12
  676,    2.70620E-02,   2.73924E-02,  1.22
  677,    2.15469E-02,   2.12506E-02,  -1.37
  678,    3.70290E-02,   3.61404E-02,  -2.40
  679,    8.79268E+00,   9.04497E+00,  2.87
  680,    2.54118E+00,   2.09751E+00,  -17.46
  681,    1.74784E+00,   1.22997E+00,  -29.63
  682,    6.85082E-01,   4.78513E-01,  -30.15
  683,    9.80398E-02,   1.65389E-01,  68.70
  684,    3.19806E-01,   9.39324E-02,  -70.63
  685,    1.07180E-01,   8.80219E-02,  -17.87
  686,    6.78824E-02,   5.73584E-02,  -15.50
  687,    2.20046E-01,   2.08781E-01,  -5.12
  688,    1.04101E-01,   9.70909E-02,  -6.73
  689,    5.97977E-02,   6.28287E-02,  5.07
  690,    3.92570E-02,   4.16604E-02,  6.12
  691,    2.71704E-02,   2.78155E-02,  2.37
  692,    4.00146E-02,   4.04659E-02,  1.13
  693,    2.61179E-02,   2.65996E-02,  1.84
  694,    2.11287E-02,   2.01997E-02,  -4.40
  695,    8.51856E+00,   8.52149E+00,  0.03
  696,    3.76990E+00,   2.95087E+00,  -21.73
  697,    1.38552E+00,   8.99550E-01,  -35.07
  698,    4.72214E-01,   2.60565E-01,  -44.82
  699,    3.79685E-01,   1.13666E-01,  -70.06
  700,    1.03746E-01,   7.06245E-02,  -31.93
  701,    8.84052E-02,   6.26146E-02,  -29.17
  702,    6.38813E-02,   1.29832E-01,  103.24
  703,    2.34054E-01,   1.81045E-01,  -22.65
  704,    9.64497E-02,   7.84219E-02,  -18.69
  705,    6.11518E-02,   5.52482E-02,  -9.65
  706,    3.98833E-02,   3.50511E-02,  -12.12
  707,    2.58941E-02,   2.27248E-02,  -12.24
  708,    3.89861E-02,   3.50986E-02,  -9.97
  709,    2.69907E-02,   2.43103E-02,  -9.93
  710,    1.67956E+01,   2.17414E+01,  29.45
  711,    3.93603E+00,   4.44032E+00,  12.81
  712,    1.17817E+00,   1.02561E+00,  -12.95
  713,    5.67485E-01,   4.30247E-01,  -24.18
  714,    2.37236E-01,   3.41882E-01,  44.11
  715,    3.31717E-01,   1.98315E-01,  -40.22
  716,    1.69616E-01,   1.64327E-01,  -3.12
  717,    9.37500E-02,   8.53424E-02,  -8.97
  718,    2.30507E-01,   1.93589E-01,  -16.02
  719,    1.20047E-01,   1.13558E-01,  -5.41
  720,    7.20498E-02,   7.04966E-02,  -2.16
  721,    4.71842E-02,   4.43275E-02,  -6.05
  722,    3.35480E-02,   3.08158E-02,  -8.14
  723,    4.16027E-02,   3.76509E-02,  -9.50
  724,    3.09103E-02,   2.73924E-02,  -11.38
  725,    1.11676E+01,   1.26672E+01,  13.43
  726,    2.19845E+00,   1.93690E+00,  -11.90
  727,    9.13035E-01,   6.60329E-01,  -27.68
  728,    5.31806E-01,   4.71619E-01,  -11.32
  729,    2.15799E-01,   2.56037E-01,  18.65
  730,    2.88455E-01,   2.00065E-01,  -30.64
  731,    1.14386E-01,   9.87134E-02,  -13.70
  732,    6.52320E-02,   5.78306E-02,  -11.35
  733,    2.13195E-01,   2.00992E-01,  -5.72
  734,    1.23952E-01,   1.30081E-01,  4.94
  735,    7.43755E-02,   7.67565E-02,  3.20
  736,    4.60745E-02,   4.66239E-02,  1.19
  737,    3.48140E-02,   3.31918E-02,  -4.66
  738,    4.40071E-02,   4.02198E-02,  -8.61
  739,    3.26938E-02,   2.84924E-02,  -12.85
  740,    1.45624E+01,   1.45970E+01,  0.24
  741,    3.87921E+00,   3.15478E+00,  -18.67
  742,    2.00283E+00,   1.84230E+00,  -8.02
  743,    9.35157E-01,   8.97246E-01,  -4.05
  744,    4.28887E-01,   6.42828E-01,  49.88
  745,    5.35372E-01,   2.95317E-01,  -44.84
  746,    1.69178E-01,   1.64936E-01,  -2.51
  747,    1.22778E-01,   1.31909E-01,  7.44
  748,    2.95345E-01,   3.18944E-01,  7.99
  749,    1.60030E-01,   1.82999E-01,  14.35
  750,    9.53733E-02,   1.06951E-01,  12.14
  751,    6.40765E-02,   6.96526E-02,  8.70
  752,    3.95353E-02,   4.10274E-02,  3.77
  753,    5.81647E-02,   5.82256E-02,  0.10
  754,    1.31056E+01,   1.13230E+01,  -13.60
  755,    4.77626E+00,   4.16970E+00,  -12.70
  756,    2.07477E+00,   1.68159E+00,  -18.95
  757,    1.30047E+00,   1.06384E+00,  -18.20
  758,    2.83145E-01,   4.46530E-01,  57.70
  759,    5.90093E-01,   2.35555E-01,  -60.08
  760,    2.04505E-01,   1.82113E-01,  -10.95
  761,    1.40413E-01,   1.37096E-01,  -2.36
  762,    3.94026E-01,   4.19102E-01,  6.36
  763,    2.13369E-01,   2.29570E-01,  7.59
  764,    1.18608E-01,   1.30437E-01,  9.97
  765,    8.40657E-02,   8.71088E-02,  3.62
  766,    5.06893E-02,   5.26034E-02,  3.78
  767,    6.94621E-02,   6.82923E-02,  -1.68
  768,    1.21473E+01,   1.22235E+01,  0.63
  769,    3.39929E+00,   3.10159E+00,  -8.76
  770,    1.98238E+00,   1.55404E+00,  -21.61
  771,    7.77106E-01,   5.60759E-01,  -27.84
  772,    1.71175E-01,   2.69273E-01,  57.31
  773,    4.39087E-01,   1.97268E-01,  -55.07
  774,    1.62261E-01,   1.43309E-01,  -11.68
  775,    1.13441E-01,   1.04666E-01,  -7.73
  776,    3.60388E-01,   3.50459E-01,  -2.76
  777,    1.96316E-01,   1.93029E-01,  -1.67
  778,    1.20394E-01,   1.19559E-01,  -0.69
  779,    6.97173E-02,   6.65784E-02,  -4.50
  780,    5.05887E-02,   4.89637E-02,  -3.21
  781,    7.48064E-02,   7.24223E-02,  -3.19
  782,    9.51800E+00,   1.02431E+01,  7.62
  783,    3.52661E+00,   3.25089E+00,  -7.82
  784,    1.25238E+00,   9.42662E-01,  -24.73
  785,    5.38351E-01,   3.97356E-01,  -26.19
  786,    1.75711E-01,   2.70866E-01,  54.15
  787,    3.80979E-01,   1.88256E-01,  -50.59
  788,    1.47120E-01,   1.33596E-01,  -9.19
  789,    9.73818E-02,   8.94763E-02,  -8.12
  790,    3.10154E-01,   2.87772E-01,  -7.22
  791,    1.59645E-01,   1.53904E-01,  -3.60
  792,    1.04328E-01,   9.77810E-02,  -6.28
  793,    5.94718E-02,   5.57864E-02,  -6.20
  794,    4.46862E-02,   4.14539E-02,  -7.23
  795,    1.07297E+01,   1.24012E+01,  15.58
  796,    2.60551E+00,   2.32668E+00,  -10.70
  797,    9.77850E-01,   7.95992E-01,  -18.60
  798,    5.65629E-01,   4.87657E-01,  -13.78
  799,    2.41966E-01,   3.19463E-01,  32.03
  800,    3.24049E-01,   2.18881E-01,  -32.45
  801,    1.42596E-01,   1.43190E-01,  0.42
  802,    1.08078E-01,   1.09600E-01,  1.41
  803,    3.00082E-01,   2.97786E-01,  -0.76
  804,    1.71920E-01,   1.74395E-01,  1.44
  805,    9.15940E-02,   9.21609E-02,  0.62
  806,    6.33555E-02,   6.47148E-02,  2.15
  807,    4.34306E-02,   4.31494E-02,  -0.65
  808,    7.77629E+00,   8.29572E+00,  6.68
  809,    1.92329E+00,   1.67529E+00,  -12.89
  810,    9.67088E-01,   8.07813E-01,  -16.47
  811,    5.37815E-01,   4.68389E-01,  -12.91
  812,    2.54371E-01,   3.00087E-01,  17.97
  813,    2.74375E-01,   1.88130E-01,  -31.43
  814,    1.47296E-01,   1.39163E-01,  -5.52
  815,    9.00716E-02,   8.88416E-02,  -1.37
  816,    2.80558E-01,   2.87515E-01,  2.48
  817,    1.71164E-01,   1.73319E-01,  1.26
  818,    9.03551E-02,   9.35626E-02,  3.55
  819,    6.50338E-02,   6.69016E-02,  2.87
  820,    4.61509E-02,   4.85488E-02,  5.20
  821,    8.37240E+00,   9.04822E+00,  8.07
  822,    2.79498E+00,   2.58557E+00,  -7.49
  823,    1.36425E+00,   1.21348E+00,  -11.05
  824,    7.50799E-01,   7.03368E-01,  -6.32
  825,    2.91485E-01,   4.16292E-01,  42.82
  826,    4.50793E-01,   2.94914E-01,  -34.58
  827,    1.78233E-01,   1.82278E-01,  2.27
  828,    1.34518E-01,   1.39388E-01,  3.62
  829,    3.70616E-01,   3.77900E-01,  1.97
  830,    1.83500E-01,   1.85351E-01,  1.01
  831,    1.16698E-01,   1.21890E-01,  4.45
  832,    7.58889E-02,   7.75760E-02,  2.22
  833,    7.66502E+00,   8.44916E+00,  10.23
  834,    2.48971E+00,   2.25106E+00,  -9.59
  835,    1.20641E+00,   1.07453E+00,  -10.93
  836,    6.49498E-01,   5.81160E-01,  -10.52
  837,    3.01735E-01,   3.88109E-01,  28.63
  838,    3.60084E-01,   2.30353E-01,  -36.03
  839,    1.74358E-01,   1.71528E-01,  -1.62
  840,    1.37061E-01,   1.34819E-01,  -1.64
  841,    4.00333E-01,   4.01248E-01,  0.23
  842,    1.95263E-01,   1.99234E-01,  2.03
  843,    1.29372E-01,   1.34395E-01,  3.88
  844,    8.68967E-02,   9.26763E-02,  6.65
  845,    5.70547E+00,   6.44002E+00,  12.87
  846,    1.90659E+00,   1.76022E+00,  -7.68
  847,    9.01092E-01,   8.02154E-01,  -10.98
  848,    5.43620E-01,   4.90317E-01,  -9.81
  849,    2.11083E-01,   2.75815E-01,  30.67
  850,    2.80896E-01,   1.98802E-01,  -29.23
  851,    1.56031E-01,   1.52444E-01,  -2.30
  852,    9.48318E-02,   9.24850E-02,  -2.47
  853,    3.02120E-01,   2.97949E-01,  -1.38
  854,    1.80510E-01,   1.83469E-01,  1.64
  855,    1.08508E-01,   1.11363E-01,  2.63
  856,    5.52423E+00,   6.34025E+00,  14.77
  857,    1.79776E+00,   1.67703E+00,  -6.72
  858,    9.50088E-01,   8.52694E-01,  -10.25
  859,    4.61608E-01,   4.38529E-01,  -5.00
  860,    2.34349E-01,   3.01059E-01,  28.47
  861,    3.02701E-01,   2.23115E-01,  -26.29
  862,    1.34365E-01,   1.31800E-01,  -1.91
  863,    8.82631E-02,   8.83900E-02,  0.14
  864,    2.71833E-01,   2.73313E-01,  0.54
  865,    1.69750E-01,   1.74230E-01,  2.64
  866,    1.05725E-01,   1.14378E-01,  8.18
  867,    5.70785E+00,   6.44179E+00,  12.86
  868,    1.97931E+00,   1.80772E+00,  -8.67
  869,    8.23320E-01,   7.61353E-01,  -7.53
  870,    5.05127E-01,   4.78785E-01,  -5.22
  871,    2.71757E-01,   3.35995E-01,  23.64
  872,    2.84022E-01,   1.90818E-01,  -32.82
  873,    1.27322E-01,   1.23852E-01,  -2.73
  874,    9.79994E-02,   9.60442E-02,  -2.00
  875,    3.00939E-01,   3.02821E-01,  0.63
  876,    1.70370E-01,   1.73665E-01,  1.93
  877,    6.07137E+00,   6.68380E+00,  10.09
  878,    1.60104E+00,   1.53609E+00,  -4.06
  879,    8.54563E-01,   8.05896E-01,  -5.69
  880,    5.53855E-01,   5.18254E-01,  -6.43
  881,    2.32038E-01,   2.78661E-01,  20.09
  882,    2.47654E-01,   1.73464E-01,  -29.96
  883,    1.35813E-01,   1.30707E-01,  -3.76
  884,    1.05678E-01,   1.03894E-01,  -1.69
  885,    3.11681E-01,   3.08343E-01,  -1.07
  886,    1.82920E-01,   1.89734E-01,  3.72
  887,    4.54372E+00,   5.14919E+00,  13.33
  888,    1.48054E+00,   1.47885E+00,  -0.11
  889,    8.25334E-01,   7.90907E-01,  -4.17
  890,    4.06646E-01,   3.89307E-01,  -4.26
  891,    1.89750E-01,   2.28535E-01,  20.44
  892,    2.15815E-01,   1.65821E-01,  -23.17
  893,    1.28207E-01,   1.27810E-01,  -0.31
  894,    8.74299E-02,   8.60442E-02,  -1.58
  895,    2.81295E-01,   2.79279E-01,  -0.72
  896,    5.34105E+00,   6.13976E+00,  14.95
  897,    1.86299E+00,   1.76089E+00,  -5.48
  898,    7.69549E-01,   7.14180E-01,  -7.20
  899,    4.03310E-01,   3.79723E-01,  -5.85
  900,    2.22646E-01,   2.60226E-01,  16.88
  901,    2.56071E-01,   1.92018E-01,  -25.01
  902,    1.32216E-01,   1.25541E-01,  -5.05
  903,    9.60375E-02,   9.31235E-02,  -3.03
  904,    2.95837E-01,   2.97264E-01,  0.48
  905,    5.24726E+00,   5.98599E+00,  14.08
  906,    1.33018E+00,   1.30367E+00,  -1.99
  907,    5.80960E-01,   5.66010E-01,  -2.57
  908,    3.63987E-01,   3.53699E-01,  -2.83
  909,    2.21368E-01,   2.45208E-01,  10.77
  910,    1.86606E-01,   1.54109E-01,  -17.41
  911,    1.11113E-01,   1.09946E-01,  -1.05
  912,    9.01945E-02,   9.21100E-02,  2.12
  913,    4.30290E+00,   4.78893E+00,  11.30
  914,    1.10858E+00,   1.11744E+00,  0.80
  915,    6.05632E-01,   5.84811E-01,  -3.44
  916,    3.79821E-01,   3.69766E-01,  -2.65
  917,    1.98370E-01,   2.20534E-01,  11.17
  918,    1.83362E-01,   1.50081E-01,  -18.15
  919,    1.21171E-01,   1.21574E-01,  0.33
  920,    4.15210E+00,   4.76067E+00,  14.66
  921,    1.39602E+00,   1.32462E+00,  -5.11
  922,    7.37753E-01,   6.86396E-01,  -6.96
  923,    4.00083E-01,   3.73776E-01,  -6.58
  924,    2.10898E-01,   2.36807E-01,  12.29
  925,    2.38774E-01,   1.82621E-01,  -23.52
  926,    4.45874E+00,   5.17363E+00,  16.03
  927,    1.41375E+00,   1.36179E+00,  -3.68
  928,    6.50217E-01,   6.07118E-01,  -6.63
  929,    3.79948E-01,   3.41385E-01,  -10.15
  930,    2.15155E-01,   2.44019E-01,  13.42
  931,    4.53980E+00,   5.23570E+00,  15.33
  932,    1.23305E+00,   1.26440E+00,  2.54
  933,    6.01100E-01,   5.78076E-01,  -3.83
  934,    3.91204E-01,   3.71640E-01,  -5.00
  935,    4.14627E+00,   4.71942E+00,  13.82
  936,    1.23464E+00,   1.14799E+00,  -7.02
  937,    6.81599E-01,   6.08322E-01,  -10.75
  938,    4.35325E+00,   4.73012E+00,  8.66
  939,    1.51930E+00,   1.29702E+00,  -14.63
  940,    4.05453E+00,   4.22848E+00,  4.29

;-Resistivity in Ohm-m in the elemental sequential order

 3.06677E+02,  3.14350E+02,  3.20028E+02,  3.37367E+02,  3.70007E+02
 4.20138E+02,  4.88784E+02,  5.75036E+02,  6.72961E+02,  7.73954E+02
 8.63817E+02,  9.33328E+02,  9.79624E+02,  1.00516E+03,  1.00560E+03
 1.00926E+03,  1.00926E+03,  6.04007E+02,  6.04007E+02,  6.04007E+02
 6.04007E+02,  6.04007E+02,  6.04007E+02,  3.06677E+02,  3.14350E+02
 3.20028E+02,  3.37367E+02,  3.70007E+02,  4.20138E+02,  4.88784E+02
 5.75036E+02,  6.72961E+02,  7.73954E+02,  8.63817E+02,  9.33328E+02
 9.79624E+02,  1.00516E+03,  1.00560E+03,  1.00926E+03,  1.00926E+03
 6.04007E+02,  6.04007E+02,  6.04007E+02,  6.04007E+02,  6.04007E+02
 6.04007E+02,  3.06677E+02,  3.14350E+02,  3.20028E+02,  3.37367E+02
 3.70007E+02,  4.20138E+02,  4.88784E+02,  5.75036E+02,  6.72961E+02
 7.73954E+02,  8.63817E+02,  9.33328E+02,  9.79624E+02,  1.00516E+03
 1.00560E+03,  1.00926E+03,  1.00926E+03,  6.04007E+02,  6.04007E+02
 6.04007E+02,  6.04007E+02,  6.04007E+02,  6.04007E+02,  3.06677E+02
 3.14350E+02,  3.20028E+02,  3.37367E+02,  3.70007E+02,  4.20138E+02
 4.88784E+02,  5.75036E+02,  6.72961E+02,  7.73954E+02,  8.63817E+02
 9.33328E+02,  9.79624E+02,  1.00516E+03,  1.00560E+03,  1.00926E+03
 1.00926E+03,  6.04007E+02,  6.04007E+02,  6.04007E+02,  6.04007E+02
 6.04007E+02,  6.04007E+02,  3.06677E+02,  3.14350E+02,  3.20028E+02
 3.37367E+02,  3.70007E+02,  4.20138E+02,  4.88784E+02,  5.75036E+02
 6.72961E+02,  7.73954E+02,  8.63817E+02,  9.33328E+02,  9.79624E+02
 1.00516E+03,  1.00560E+03,  1.00926E+03,  1.00926E+03,  6.04007E+02
 6.04007E+02,  6.04007E+02,  6.04007E+02,  6.04007E+02,  6.04007E+02
 3.06677E+02,  3.14350E+02,  3.20028E+02,  3.37367E+02,  3.70007E+02
 4.20138E+02,  4.88784E+02,  5.75036E+02,  6.72961E+02,  7.73954E+02
 8.63817E+02,  9.33328E+02,  9.79624E+02,  1.00516E+03,  1.00560E+03
 1.00926E+03,  1.00926E+03,  6.04007E+02,  6.04007E+02,  6.04007E+02
 6.04007E+02,  6.04007E+02,  6.04007E+02,  5.87306E+02,  5.48033E+02
 5.21434E+02,  4.98555E+02,  5.02878E+02,  5.27692E+02,  5.58809E+02
 5.84370E+02,  5.96997E+02,  5.90686E+02,  5.62844E+02,  5.22685E+02
 4.83149E+02,  4.51919E+02,  4.30484E+02,  4.08974E+02,  4.08974E+02
 3.60672E+02,  3.60672E+02,  3.60672E+02,  3.60672E+02,  3.60672E+02
 3.60672E+02,  5.87306E+02,  5.48033E+02,  5.21434E+02,  4.98555E+02
 5.02878E+02,  5.27692E+02,  5.58809E+02,  5.84370E+02,  5.96997E+02
 5.90686E+02,  5.62844E+02,  5.22685E+02,  4.83149E+02,  4.51919E+02
 4.30484E+02,  4.08974E+02,  4.08974E+02,  3.60672E+02,  3.60672E+02
 3.60672E+02,  3.60672E+02,  3.60672E+02,  3.60672E+02,  3.49459E+02
 4.19976E+02,  4.68504E+02,  5.08228E+02,  5.71606E+02,  6.39783E+02
 7.18379E+02,  7.29271E+02,  6.95516E+02,  6.42097E+02,  5.70367E+02
 5.25460E+02,  4.87252E+02,  4.58811E+02,  4.40356E+02,  4.27569E+02
 4.27569E+02,  3.91583E+02,  3.91583E+02,  3.91583E+02,  3.91583E+02
 3.91583E+02,  3.91583E+02,  2.75819E+02,  2.51935E+02,  3.71469E+02
 5.27742E+02,  6.00244E+02,  6.64198E+02,  7.81837E+02,  8.24539E+02
 8.02810E+02,  7.07140E+02,  6.04508E+02,  5.51572E+02,  5.09412E+02
 4.73538E+02,  4.47444E+02,  4.28742E+02,  4.28742E+02,  3.87220E+02
 3.87220E+02,  3.87220E+02,  3.87220E+02,  3.87220E+02,  3.87220E+02
 4.42647E+02,  1.25108E+02,  2.81491E+02,  5.56565E+02,  6.68508E+02
 7.51239E+02,  8.43324E+02,  8.79337E+02,  8.44492E+02,  7.44467E+02
 6.32203E+02,  5.54939E+02,  5.13109E+02,  4.76554E+02,  4.46581E+02
 4.17903E+02,  4.17903E+02,  3.71418E+02,  3.71418E+02,  3.71418E+02
 3.71418E+02,  3.71418E+02,  3.71418E+02,  2.70352E+02,  9.24900E+01
 2.51808E+02,  7.26105E+02,  7.89824E+02,  8.89154E+02,  9.16353E+02
 9.30546E+02,  8.72381E+02,  7.60835E+02,  6.39280E+02,  5.61035E+02
 5.17448E+02,  4.77885E+02,  4.44745E+02,  4.09572E+02,  4.09572E+02
 3.62881E+02,  3.62881E+02,  3.62881E+02,  3.62881E+02,  3.62881E+02
 3.62881E+02,  2.42839E+02,  8.55826E+01,  3.24941E+02,  9.08654E+02
 9.99364E+02,  1.01685E+03,  9.86445E+02,  9.58179E+02,  8.71497E+02
 7.59356E+02,  6.41858E+02,  5.67268E+02,  5.21761E+02,  4.78178E+02
 4.41960E+02,  4.00751E+02,  4.00751E+02,  3.55040E+02,  3.55040E+02
 3.55040E+02,  3.55040E+02,  3.55040E+02,  3.55040E+02,  3.11692E+02
 1.32551E+02,  3.42457E+02,  9.89109E+02,  1.24944E+03,  1.13085E+03
 1.02458E+03,  9.57128E+02,  8.72745E+02,  7.60530E+02,  6.44633E+02
 5.72424E+02,  5.25405E+02,  4.77198E+02,  4.38362E+02,  3.91567E+02
 3.91567E+02,  3.47873E+02,  3.47873E+02,  3.47873E+02,  3.47873E+02
 3.47873E+02,  3.47873E+02,  2.84307E+02,  1.14051E+02,  3.27908E+02
 1.04498E+03,  1.32648E+03,  1.17563E+03,  1.02920E+03,  9.52258E+02
 8.58728E+02,  7.56975E+02,  6.39324E+02,  5.81018E+02,  5.26992E+02
 4.74830E+02,  4.34065E+02,  3.82204E+02,  3.82204E+02,  3.41243E+02
 3.41243E+02,  3.41243E+02,  3.41243E+02,  3.41243E+02,  3.41243E+02
 3.29818E+02,  1.19025E+02,  3.10186E+02,  9.86087E+02,  1.10583E+03
 1.14142E+03,  9.89352E+02,  8.85349E+02,  8.19904E+02,  7.35051E+02
 6.39128E+02,  5.86235E+02,  5.25864E+02,  4.70993E+02,  4.29115E+02
 3.72721E+02,  3.72721E+02,  3.35210E+02,  3.35210E+02,  3.35210E+02
 3.35210E+02,  3.35210E+02,  3.35210E+02,  2.50017E+02,  1.05419E+02
 3.25433E+02,  1.02489E+03,  9.98287E+02,  8.77294E+02,  8.36353E+02
 8.00768E+02,  7.65490E+02,  7.04599E+02,  6.42089E+02,  5.85298E+02
 5.21776E+02,  4.65767E+02,  4.23653E+02,  3.63215E+02,  3.63215E+02
 3.29861E+02,  3.29861E+02,  3.29861E+02,  3.29861E+02,  3.29861E+02
 3.29861E+02,  3.05156E+02,  1.26023E+02,  3.45974E+02,  1.01386E+03
 9.36437E+02,  7.49868E+02,  7.25196E+02,  7.15724E+02,  7.09719E+02
 6.79786E+02,  6.36183E+02,  5.77907E+02,  5.14860E+02,  4.59247E+02
 4.17698E+02,  3.53403E+02,  3.53403E+02,  3.24621E+02,  3.24621E+02
 3.24621E+02,  3.24621E+02,  3.24621E+02,  3.24621E+02,  2.89749E+02
 1.18569E+02,  3.37682E+02,  8.67582E+02,  7.94832E+02,  6.78000E+02
 6.46970E+02,  6.44009E+02,  6.59030E+02,  6.51106E+02,  6.17310E+02
 5.64242E+02,  5.04891E+02,  4.51257E+02,  4.11166E+02,  3.43160E+02
 3.43160E+02,  3.19312E+02,  3.19312E+02,  3.19312E+02,  3.19312E+02
 3.19312E+02,  3.19312E+02,  2.62803E+02,  1.11117E+02,  2.83965E+02
 7.05898E+02,  6.79387E+02,  6.34756E+02,  5.94375E+02,  5.86084E+02
 6.03468E+02,  6.08211E+02,  5.87578E+02,  5.44760E+02,  4.91912E+02
 4.41867E+02,  4.04192E+02,  3.32692E+02,  3.32692E+02,  3.14418E+02
 3.14418E+02,  3.14418E+02,  3.14418E+02,  3.14418E+02,  3.14418E+02
 3.24842E+02,  1.03345E+02,  2.49658E+02,  5.98005E+02,  6.86946E+02
 6.52059E+02,  5.56614E+02,  5.19802E+02,  5.35174E+02,  5.54540E+02
 5.50203E+02,  5.20563E+02,  4.76344E+02,  4.31244E+02,  3.96836E+02
 3.21812E+02,  3.21812E+02,  3.09703E+02,  3.09703E+02,  3.09703E+02
 3.09703E+02,  3.09703E+02,  3.09703E+02,  3.19517E+02,  1.12319E+02
 2.53590E+02,  6.36401E+02,  6.99257E+02,  6.58114E+02,  5.16998E+02
 4.44843E+02,  4.65781E+02,  4.96915E+02,  5.08281E+02,  4.92701E+02
 4.58429E+02,  4.19374E+02,  3.89063E+02,  3.11223E+02,  3.11223E+02
 3.05569E+02,  3.05569E+02,  3.05569E+02,  3.05569E+02,  3.05569E+02
 3.05569E+02,  2.97238E+02,  1.22178E+02,  2.81622E+02,  8.26452E+02
 7.50663E+02,  6.49001E+02,  4.66247E+02,  3.87736E+02,  4.02492E+02
 4.40660E+02,  4.64640E+02,  4.62289E+02,  4.38510E+02,  4.06353E+02
 3.80958E+02,  3.04387E+02,  3.04387E+02,  3.02645E+02,  3.02645E+02
 3.02645E+02,  3.02645E+02,  3.02645E+02,  3.02645E+02,  4.21979E+02
 1.38589E+02,  2.96600E+02,  9.16126E+02,  9.06146E+02,  6.59743E+02
 4.39724E+02,  3.46451E+02,  3.49952E+02,  3.89344E+02,  4.21547E+02
 4.30113E+02,  4.16635E+02,  3.91982E+02,  3.72284E+02,  2.97140E+02
 2.97140E+02,  2.99269E+02,  2.99269E+02,  2.99269E+02,  2.99269E+02
 2.99269E+02,  2.99269E+02,  2.45963E+02,  1.33124E+02,  3.13267E+02
 9.14276E+02,  9.66463E+02,  7.11570E+02,  4.41591E+02,  3.16834E+02
 3.07475E+02,  3.44312E+02,  3.80542E+02,  3.96427E+02,  3.92331E+02
 3.75696E+02,  3.62637E+02,  2.89507E+02,  2.89507E+02,  2.94353E+02
 2.94353E+02,  2.94353E+02,  2.94353E+02,  2.94353E+02,  2.94353E+02
 3.37568E+02,  1.44493E+02,  3.32671E+02,  9.89902E+02,  1.05872E+03
 7.47935E+02,  4.90568E+02,  2.98692E+02,  2.74110E+02,  3.05988E+02
 3.42834E+02,  3.61141E+02,  3.64780E+02,  3.56986E+02,  3.51902E+02
 2.82191E+02,  2.82191E+02,  2.89901E+02,  2.89901E+02,  2.89901E+02
 2.89901E+02,  2.89901E+02,  2.89901E+02,  2.81220E+02,  1.44148E+02
 3.38661E+02,  1.28209E+03,  1.39882E+03,  8.46779E+02,  5.49981E+02
 2.90659E+02,  2.48615E+02,  2.73889E+02,  3.09848E+02,  3.32348E+02
 3.47487E+02,  3.48228E+02,  3.46055E+02,  2.75049E+02,  2.75049E+02
 2.85867E+02,  2.85867E+02,  2.85867E+02,  2.85867E+02,  2.85867E+02
 2.85867E+02,  2.82543E+02,  1.34243E+02,  3.34968E+02,  1.34751E+03
 1.55350E+03,  9.84474E+02,  5.65256E+02,  2.87970E+02,  2.29158E+02
 2.47192E+02,  2.81877E+02,  3.15261E+02,  3.37113E+02,  3.42114E+02
 3.41304E+02,  2.68260E+02,  2.68260E+02,  2.84072E+02,  2.84072E+02
 2.84072E+02,  2.84072E+02,  2.84072E+02,  2.84072E+02,  3.44562E+02
 1.38468E+02,  3.10055E+02,  1.11089E+03,  1.42694E+03,  9.93158E+02
 5.57204E+02,  2.86388E+02,  2.14101E+02,  2.24983E+02,  2.57647E+02
 2.97033E+02,  3.24436E+02,  3.33717E+02,  3.35693E+02,  2.62127E+02
 2.62127E+02,  2.84703E+02,  2.84703E+02,  2.84703E+02,  2.84703E+02
 2.84703E+02,  2.84703E+02,  3.58712E+02,  1.43903E+02,  3.12737E+02
 9.97742E+02,  1.18755E+03,  9.47025E+02,  5.44116E+02,  2.82891E+02
 2.01912E+02,  2.06450E+02,  2.36946E+02,  2.79223E+02,  3.11306E+02
 3.24151E+02,  3.29074E+02,  2.55838E+02,  2.55838E+02,  2.87096E+02
 2.87096E+02,  2.87096E+02,  2.87096E+02,  2.87096E+02,  2.87096E+02
 2.89939E+02,  1.54076E+02,  3.23251E+02,  1.01243E+03,  1.10056E+03
 8.77198E+02,  5.36027E+02,  2.78015E+02,  1.91968E+02,  1.91157E+02
 2.19368E+02,  2.62569E+02,  2.98326E+02,  3.14103E+02,  3.21802E+02
 2.48932E+02,  2.48932E+02,  2.93009E+02,  2.93009E+02,  2.93009E+02
 2.93009E+02,  2.93009E+02,  2.93009E+02,  3.19418E+02,  1.67398E+02
 3.47951E+02,  9.52969E+02,  1.09345E+03,  8.38899E+02,  5.38598E+02
 2.74264E+02,  1.84325E+02,  1.78792E+02,  2.04617E+02,  2.47414E+02
 2.85932E+02,  3.04078E+02,  3.14317E+02,  2.42313E+02,  2.42313E+02
 3.01395E+02,  3.01395E+02,  3.01395E+02,  3.01395E+02,  3.01395E+02
 3.01395E+02,  3.34266E+02,  1.76663E+02,  3.73585E+02,  9.74168E+02
 1.08961E+03,  8.23437E+02,  5.49007E+02,  2.73098E+02,  1.79289E+02
 1.69040E+02,  1.92257E+02,  2.33781E+02,  2.75370E+02,  2.95105E+02
 3.06818E+02,  2.35686E+02,  2.35686E+02,  3.08378E+02,  3.08378E+02
 3.08378E+02,  3.08378E+02,  3.08378E+02,  3.08378E+02,  3.18908E+02
 1.77631E+02,  3.95751E+02,  1.00807E+03,  1.09760E+03,  8.06547E+02
 5.50395E+02,  2.76846E+02,  1.77912E+02,  1.61818E+02,  1.81914E+02
 2.21539E+02,  2.65695E+02,  2.87037E+02,  2.99356E+02,  2.29183E+02
 2.29183E+02,  3.14890E+02,  3.14890E+02,  3.14890E+02,  3.14890E+02
 3.14890E+02,  3.14890E+02,  3.32815E+02,  1.72508E+02,  4.00194E+02
 1.02127E+03,  1.09463E+03,  8.26284E+02,  5.51947E+02,  2.86281E+02
 1.81379E+02,  1.57119E+02,  1.73253E+02,  2.10515E+02,  2.54706E+02
 2.78335E+02,  2.92309E+02,  2.24284E+02,  2.24284E+02,  3.17155E+02
 3.17155E+02,  3.17155E+02,  3.17155E+02,  3.17155E+02,  3.17155E+02
 3.34065E+02,  1.65399E+02,  4.11567E+02,  1.12800E+03,  1.12393E+03
 8.82192E+02,  5.53375E+02,  2.95501E+02,  1.85178E+02,  1.55514E+02
 1.65531E+02,  1.99868E+02,  2.42871E+02,  2.68675E+02,  2.85067E+02
 2.18094E+02,  2.18094E+02,  3.14914E+02,  3.14914E+02,  3.14914E+02
 3.14914E+02,  3.14914E+02,  3.14914E+02,  3.00905E+02,  1.68558E+02
 4.38996E+02,  1.21546E+03,  1.29347E+03,  9.28824E+02,  5.50001E+02
 2.97711E+02,  1.84275E+02,  1.53602E+02,  1.58312E+02,  1.88405E+02
 2.30304E+02,  2.58004E+02,  2.76524E+02,  2.07380E+02,  2.07380E+02
 3.09308E+02,  3.09308E+02,  3.09308E+02,  3.09308E+02,  3.09308E+02
 3.09308E+02,  3.32781E+02,  1.85396E+02,  4.54027E+02,  1.19882E+03
 1.28745E+03,  9.51158E+02,  5.59845E+02,  3.02594E+02,  1.85430E+02
 1.53586E+02,  1.55047E+02,  1.76931E+02,  2.16960E+02,  2.46661E+02
 2.67443E+02,  1.98566E+02,  1.98566E+02,  3.06631E+02,  3.06631E+02
 3.06631E+02,  3.06631E+02,  3.06631E+02,  3.06631E+02,  3.13773E+02
 2.03917E+02,  4.50279E+02,  1.02559E+03,  1.15709E+03,  9.41167E+02
 5.81917E+02,  3.17514E+02,  1.92670E+02,  1.56157E+02,  1.58038E+02
 1.72948E+02,  2.02911E+02,  2.34417E+02,  2.58117E+02,  1.99349E+02
 1.99349E+02,  3.06171E+02,  3.06171E+02,  3.06171E+02,  3.06171E+02
 3.06171E+02,  3.06171E+02,  2.76665E+02,  2.34959E+02,  4.33049E+02
 7.20289E+02,  8.95082E+02,  8.56755E+02,  5.94563E+02,  3.39692E+02
 2.03850E+02,  1.60598E+02,  1.62542E+02,  1.76960E+02,  1.94730E+02
 2.21132E+02,  2.48425E+02,  2.09484E+02,  2.09484E+02,  3.08422E+02
 3.08422E+02,  3.08422E+02,  3.08422E+02,  3.08422E+02,  3.08422E+02
 5.05372E+02,  2.88076E+02,  3.86240E+02,  4.88936E+02,  6.30651E+02
 7.31797E+02,  5.91791E+02,  3.65958E+02,  2.17562E+02,  1.66569E+02
 1.66834E+02,  1.81154E+02,  1.95458E+02,  2.10060E+02,  2.40357E+02
 2.16164E+02,  2.16164E+02,  3.16106E+02,  3.16106E+02,  3.16106E+02
 3.16106E+02,  3.16106E+02,  3.16106E+02,  3.55538E+02,  3.06502E+02
 3.55287E+02,  3.72782E+02,  4.43624E+02,  6.18797E+02,  5.77971E+02
 3.93507E+02,  2.32475E+02,  1.73770E+02,  1.71844E+02,  1.88049E+02
 2.02078E+02,  2.08196E+02,  2.32831E+02,  2.21872E+02,  2.21872E+02
 3.23831E+02,  3.23831E+02,  3.23831E+02,  3.23831E+02,  3.23831E+02
 3.23831E+02,  5.74753E+02,  3.91794E+02,  3.68473E+02,  3.19451E+02
 3.57462E+02,  5.68460E+02,  5.81714E+02,  4.17511E+02,  2.47207E+02
 1.82076E+02,  1.77781E+02,  1.93218E+02,  2.06979E+02,  2.15990E+02
 2.25478E+02,  2.31366E+02,  2.31366E+02,  3.27840E+02,  3.27840E+02
 3.27840E+02,  3.27840E+02,  3.27840E+02,  3.27840E+02,  6.20631E+02
 4.44475E+02,  4.41322E+02,  2.70597E+02,  3.25769E+02,  5.66736E+02
 6.21999E+02,  4.27539E+02,  2.60967E+02,  1.91343E+02,  1.84689E+02
 1.97635E+02,  2.10701E+02,  2.24759E+02,  2.24777E+02,  2.40646E+02
 2.40646E+02,  3.33868E+02,  3.33868E+02,  3.33868E+02,  3.33868E+02
 3.33868E+02,  3.33868E+02,  3.29551E+02,  3.86155E+02,  4.62708E+02
 2.83971E+02,  3.30795E+02,  6.18729E+02,  7.09522E+02,  4.26381E+02
 2.74668E+02,  2.01597E+02,  1.92416E+02,  2.04138E+02,  2.16998E+02
 2.30409E+02,  2.30744E+02,  2.47424E+02,  2.47424E+02,  3.42017E+02
 3.42017E+02,  3.42017E+02,  3.42017E+02,  3.42017E+02,  3.42017E+02
 4.43709E+02,  3.63715E+02,  5.16778E+02,  3.64800E+02,  3.95582E+02
 7.01145E+02,  7.73679E+02,  4.24390E+02,  2.92082E+02,  2.12960E+02
 2.00473E+02,  2.09941E+02,  2.21627E+02,  2.34001E+02,  2.35533E+02
 2.52587E+02,  2.52587E+02,  3.50711E+02,  3.50711E+02,  3.50711E+02
 3.50711E+02,  3.50711E+02,  3.50711E+02,  3.36231E+02,  4.11722E+02
 6.56423E+02,  5.26003E+02,  5.24695E+02,  7.99265E+02,  7.63817E+02
 4.20211E+02,  2.92803E+02,  2.25229E+02,  2.08326E+02,  2.15252E+02
 2.24944E+02,  2.35936E+02,  2.37786E+02,  2.55025E+02,  2.55025E+02
 3.60755E+02,  3.60755E+02,  3.60755E+02,  3.60755E+02,  3.60755E+02
 3.60755E+02,  4.13287E+02,  5.01803E+02,  7.52321E+02,  6.55746E+02
 6.69562E+02,  8.13705E+02,  6.79505E+02,  4.10615E+02,  2.84193E+02
 2.30643E+02,  2.14768E+02,  2.18512E+02,  2.25703E+02,  2.35316E+02
 2.37535E+02,  2.55937E+02,  2.55937E+02,  3.70230E+02,  3.70230E+02
 3.70230E+02,  3.70230E+02,  3.70230E+02,  3.70230E+02,  3.69422E+02
 4.41686E+02,  7.11616E+02,  6.62811E+02,  6.88817E+02,  7.91865E+02
 6.49299E+02,  4.07376E+02,  2.80216E+02,  2.31543E+02,  2.16780E+02
 2.16886E+02,  2.23419E+02,  2.32839E+02,  2.37205E+02,  2.57630E+02
 2.57630E+02,  3.78976E+02,  3.78976E+02,  3.78976E+02,  3.78976E+02
 3.78976E+02,  3.78976E+02,  2.55998E+02,  3.51164E+02,  5.34467E+02
 5.76297E+02,  6.29847E+02,  7.20151E+02,  5.83734E+02,  3.85695E+02
 2.75555E+02,  2.32597E+02,  2.17404E+02,  2.13759E+02,  2.20034E+02
 2.30422E+02,  2.38885E+02,  2.64070E+02,  2.64070E+02,  3.89090E+02
 3.89090E+02,  3.89090E+02,  3.89090E+02,  3.89090E+02,  3.89090E+02
 6.31772E+02,  4.15786E+02,  4.19589E+02,  4.69572E+02,  5.45842E+02
 5.80656E+02,  4.71130E+02,  3.42095E+02,  2.69330E+02,  2.35551E+02
 2.22047E+02,  2.15869E+02,  2.21031E+02,  2.31430E+02,  2.42277E+02
 2.75175E+02,  2.75175E+02,  4.00406E+02,  4.00406E+02,  4.00406E+02
 4.00406E+02,  4.00406E+02,  4.00406E+02,  3.11636E+02,  4.33852E+02
 4.26816E+02,  4.17038E+02,  4.57150E+02,  4.50382E+02,  3.74498E+02
 2.95446E+02,  2.62359E+02,  2.42903E+02,  2.34851E+02,  2.28199E+02
 2.28233E+02,  2.36303E+02,  2.48695E+02,  2.89135E+02,  2.89135E+02
 4.12519E+02,  4.12519E+02,  4.12519E+02,  4.12519E+02,  4.12519E+02
 4.12519E+02,  1.12741E+03,  7.64194E+02,  5.65631E+02,  3.93358E+02
 3.84500E+02,  3.30758E+02,  2.82900E+02,  2.66089E+02,  2.62585E+02
 2.52722E+02,  2.46752E+02,  2.42741E+02,  2.40424E+02,  2.44504E+02
 2.55200E+02,  3.01429E+02,  3.01429E+02,  4.25719E+02,  4.25719E+02
 4.25719E+02,  4.25719E+02,  4.25719E+02,  4.25719E+02,  6.66017E+02
 6.72652E+02,  6.69736E+02,  4.29966E+02,  3.26394E+02,  2.31839E+02
 2.33244E+02,  2.69868E+02,  2.54288E+02,  2.58878E+02,  2.58648E+02
 2.51829E+02,  2.49389E+02,  2.51345E+02,  2.60247E+02,  3.11877E+02
 3.11877E+02,  4.39297E+02,  4.39297E+02,  4.39297E+02,  4.39297E+02
 4.39297E+02,  4.39297E+02,  1.01882E+03,  7.22484E+02,  6.31967E+02
 4.32386E+02,  2.71230E+02,  2.10688E+02,  2.70846E+02,  2.79038E+02
 2.36339E+02,  2.62797E+02,  2.68860E+02,  2.60005E+02,  2.57381E+02
 2.61187E+02,  2.67754E+02,  3.23484E+02,  3.23484E+02,  4.53323E+02
 4.53323E+02,  4.53323E+02,  4.53323E+02,  4.53323E+02,  4.53323E+02
 1.15591E+03,  9.17173E+02,  5.82978E+02,  4.01471E+02,  2.41869E+02
 1.85105E+02,  2.46465E+02,  2.29247E+02,  2.32783E+02,  2.67175E+02
 2.78107E+02,  2.69273E+02,  2.66811E+02,  2.71799E+02,  2.76018E+02
 3.37441E+02,  3.37441E+02,  4.68556E+02,  4.68556E+02,  4.68556E+02
 4.68556E+02,  4.68556E+02,  4.68556E+02,  3.54750E+02,  4.62034E+02
 5.82812E+02,  4.26469E+02,  2.32160E+02,  1.46414E+02,  1.59388E+02
 1.90730E+02,  2.32176E+02,  2.71432E+02,  2.84304E+02,  2.76168E+02
 2.74382E+02,  2.80590E+02,  2.83633E+02,  3.51748E+02,  3.51748E+02
 4.84723E+02,  4.84723E+02,  4.84723E+02,  4.84723E+02,  4.84723E+02
 4.84723E+02,  6.23201E+02,  6.39592E+02,  7.08918E+02,  4.30553E+02
 2.15560E+02,  1.34051E+02,  1.47918E+02,  1.87165E+02,  2.38303E+02
 2.75484E+02,  2.87315E+02,  2.80619E+02,  2.80420E+02,  2.88471E+02
 2.91387E+02,  3.66595E+02,  3.66595E+02,  5.01690E+02,  5.01690E+02
 5.01690E+02,  5.01690E+02,  5.01690E+02,  5.01690E+02,  5.11886E+02
 7.29309E+02,  6.72027E+02,  3.91514E+02,  2.24960E+02,  1.42793E+02
 1.62098E+02,  2.06876E+02,  2.55138E+02,  2.79451E+02,  2.87375E+02
 2.82255E+02,  2.84414E+02,  2.95261E+02,  2.99196E+02,  3.81516E+02
 3.81516E+02,  5.19565E+02,  5.19565E+02,  5.19565E+02,  5.19565E+02
 5.19565E+02,  5.19565E+02,  7.01977E+02,  4.05619E+02,  3.62137E+02
 3.41883E+02,  2.85899E+02,  2.01149E+02,  2.30924E+02,  2.57236E+02
 2.82421E+02,  2.85393E+02,  2.83327E+02,  2.79178E+02,  2.84495E+02
 2.99403E+02,  3.05855E+02,  3.94800E+02,  3.94800E+02,  5.37993E+02
 5.37993E+02,  5.37993E+02,  5.37993E+02,  5.37993E+02,  5.37993E+02
 2.63052E+02,  2.09620E+02,  2.68367E+02,  3.94739E+02,  4.28403E+02
 3.57443E+02,  3.52669E+02,  3.55819E+02,  3.16573E+02,  3.04130E+02
 2.78390E+02,  2.75387E+02,  2.84186E+02,  3.03832E+02,  3.12954E+02
 4.08175E+02,  4.08175E+02,  5.57137E+02,  5.57137E+02,  5.57137E+02
 5.57137E+02,  5.57137E+02,  5.57137E+02,  3.69743E+02,  2.25741E+02
 3.47714E+02,  6.93091E+02,  8.65263E+02,  7.32982E+02,  5.68410E+02
 4.30399E+02,  3.18156E+02,  2.99698E+02,  2.78607E+02,  2.76010E+02
 2.86753E+02,  3.11048E+02,  3.21769E+02,  4.22882E+02,  4.22882E+02
 5.77328E+02,  5.77328E+02,  5.77328E+02,  5.77328E+02,  5.77328E+02
 5.77328E+02,  3.09422E+02,  2.23474E+02,  4.39816E+02,  9.89484E+02
 1.39975E+03,  1.04466E+03,  6.57730E+02,  5.00710E+02,  3.54852E+02
 2.74772E+02,  2.87400E+02,  2.79083E+02,  2.91167E+02,  3.20865E+02
 3.31395E+02,  4.37598E+02,  4.37598E+02,  5.98380E+02,  5.98380E+02
 5.98380E+02,  5.98380E+02,  5.98380E+02,  5.98380E+02,  3.10986E+02
 2.31328E+02,  4.28467E+02,  9.03321E+02,  1.39567E+03,  1.10026E+03
 8.53039E+02,  6.42157E+02,  4.40791E+02,  2.79494E+02,  3.12033E+02
 2.88021E+02,  2.96805E+02,  3.31228E+02,  3.41806E+02,  4.52359E+02
 4.52359E+02,  6.20269E+02,  6.20269E+02,  6.20269E+02,  6.20269E+02
 6.20269E+02,  6.20269E+02,  4.13316E+02,  2.96234E+02,  3.94031E+02
 6.25773E+02,  8.36996E+02,  8.46973E+02,  7.65195E+02,  6.32682E+02
 5.04105E+02,  3.29837E+02,  3.33968E+02,  2.94256E+02,  3.09496E+02
 3.42567E+02,  3.52944E+02,  4.67066E+02,  4.67066E+02,  6.43033E+02
 6.43033E+02,  6.43033E+02,  6.43033E+02,  6.43033E+02,  6.43033E+02
 3.62173E+02,  3.85497E+02,  3.72409E+02,  3.39436E+02,  3.76855E+02
 5.00596E+02,  5.92459E+02,  6.07183E+02,  5.03723E+02,  3.48021E+02
 3.42382E+02,  3.09849E+02,  3.25297E+02,  3.52712E+02,  3.63847E+02
 4.80815E+02,  4.80815E+02,  6.66491E+02,  6.66491E+02,  6.66491E+02
 6.66491E+02,  6.66491E+02,  6.66491E+02,  5.77343E+02,  6.11794E+02
 3.41046E+02,  1.94765E+02,  1.78232E+02,  2.88452E+02,  4.36818E+02
 5.38181E+02,  4.84326E+02,  3.48294E+02,  3.37648E+02,  3.21975E+02
 3.35057E+02,  3.61275E+02,  3.75377E+02,  4.94412E+02,  4.94412E+02
 6.90618E+02,  6.90618E+02,  6.90618E+02,  6.90618E+02,  6.90618E+02
 6.90618E+02,  5.27096E+02,  8.34030E+02,  3.06804E+02,  1.64396E+02
 1.13742E+02,  1.75668E+02,  3.51647E+02,  4.90931E+02,  4.65539E+02
 3.18147E+02,  3.35431E+02,  3.41326E+02,  3.42166E+02,  3.70807E+02
 3.88847E+02,  5.08632E+02,  5.08632E+02,  7.15257E+02,  7.15257E+02
 7.15257E+02,  7.15257E+02,  7.15257E+02,  7.15257E+02,  6.83673E+02
 1.13595E+03,  3.14998E+02,  1.68611E+02,  1.15249E+02,  1.62470E+02
 3.16531E+02,  4.66853E+02,  4.48237E+02,  3.09620E+02,  3.59774E+02
 3.64206E+02,  3.53129E+02,  3.81829E+02,  4.04537E+02,  5.22982E+02
 5.22982E+02,  7.40076E+02,  7.40076E+02,  7.40076E+02,  7.40076E+02
 7.40076E+02,  7.40076E+02,  7.50214E+02,  2.11636E+03,  4.55591E+02
 2.05324E+02,  1.63116E+02,  2.66900E+02,  3.36062E+02,  4.64525E+02
 4.24624E+02,  3.21335E+02,  3.61037E+02,  3.59338E+02,  3.71545E+02
 3.91833E+02,  4.14447E+02,  5.37319E+02,  5.37319E+02,  7.64721E+02
 7.64721E+02,  7.64721E+02,  7.64721E+02,  7.64721E+02,  7.64721E+02
 7.46564E+02,  2.21208E+03,  5.54539E+02,  3.13031E+02,  2.17236E+02
 2.92068E+02,  3.77471E+02,  4.56932E+02,  4.23759E+02,  3.48490E+02
 3.31610E+02,  3.26815E+02,  4.03518E+02,  4.03684E+02,  4.19582E+02
 5.51482E+02,  5.51482E+02,  7.88840E+02,  7.88840E+02,  7.88840E+02
 7.88840E+02,  7.88840E+02,  7.88840E+02,  8.20033E+02,  1.54114E+03
 4.32282E+02,  3.00587E+02,  2.68524E+02,  3.05245E+02,  4.41323E+02
 4.41359E+02,  4.04139E+02,  3.67254E+02,  3.31245E+02,  3.44463E+02
 4.13311E+02,  4.20703E+02,  4.26426E+02,  5.64934E+02,  5.64934E+02
 8.12666E+02,  8.12666E+02,  8.12666E+02,  8.12666E+02,  8.12666E+02
 8.12666E+02,  5.63771E+02,  1.37425E+03,  4.20047E+02,  2.54052E+02
 2.99345E+02,  4.25192E+02,  4.80447E+02,  4.44229E+02,  4.07630E+02
 3.69922E+02,  3.30441E+02,  3.52794E+02,  3.90253E+02,  4.40993E+02
 4.36919E+02,  5.78236E+02,  5.78236E+02,  8.36269E+02,  8.36269E+02
 8.36269E+02,  8.36269E+02,  8.36269E+02,  8.36269E+02,  8.64106E+02
 1.70113E+03,  5.73731E+02,  2.44522E+02,  2.84101E+02,  4.10607E+02
 4.65868E+02,  4.33964E+02,  4.18074E+02,  3.53834E+02,  3.09204E+02
 3.25726E+02,  3.55736E+02,  4.38485E+02,  4.55278E+02,  5.92248E+02
 5.92248E+02,  8.59203E+02,  8.59203E+02,  8.59203E+02,  8.59203E+02
 8.59203E+02,  8.59203E+02,  4.19815E+02,  1.31977E+03,  7.03897E+02
 2.54750E+02,  2.52098E+02,  3.71548E+02,  4.22701E+02,  3.84259E+02
 3.74532E+02,  3.24696E+02,  2.87315E+02,  2.94296E+02,  3.27960E+02
 3.99753E+02,  4.81945E+02,  6.07693E+02,  6.07693E+02,  8.81872E+02
 8.81872E+02,  8.81872E+02,  8.81872E+02,  8.81872E+02,  8.81872E+02
 6.22012E+02,  9.47735E+02,  7.30011E+02,  2.66932E+02,  2.39573E+02
 3.42519E+02,  3.60709E+02,  3.22753E+02,  3.16495E+02,  2.89757E+02
 2.65602E+02,  2.74464E+02,  3.06381E+02,  3.66701E+02,  4.82098E+02
 6.26253E+02,  6.26253E+02,  9.04580E+02,  9.04580E+02,  9.04580E+02
 9.04580E+02,  9.04580E+02,  9.04580E+02,  3.97449E+02,  1.29493E+03
 9.27262E+02,  3.22171E+02,  2.53041E+02,  3.33920E+02,  3.34631E+02
 2.83512E+02,  2.64891E+02,  2.56064E+02,  2.44673E+02,  2.58267E+02
 2.88293E+02,  3.41159E+02,  4.40365E+02,  6.47352E+02,  6.47352E+02
 9.27304E+02,  9.27304E+02,  9.27304E+02,  9.27304E+02,  9.27304E+02
 9.27304E+02,  5.90430E+02,  1.07570E+03,  1.10823E+03,  4.40181E+02
 3.04549E+02,  3.46530E+02,  3.15800E+02,  2.62315E+02,  2.28582E+02
 2.28407E+02,  2.26615E+02,  2.44206E+02,  2.72797E+02,  3.21014E+02
 4.06726E+02,  6.71965E+02,  6.71965E+02,  9.51414E+02,  9.51414E+02
 9.51414E+02,  9.51414E+02,  9.51414E+02,  9.51414E+02,  3.79284E+02
 1.18531E+03,  1.20513E+03,  5.47729E+02,  3.87699E+02,  3.78293E+02
 3.14366E+02,  2.48775E+02,  2.01485E+02,  2.08476E+02,  2.12795E+02
 2.32029E+02,  2.59037E+02,  3.03537E+02,  3.80362E+02,  7.02981E+02
 7.02981E+02,  9.77313E+02,  9.77313E+02,  9.77313E+02,  9.77313E+02
 9.77313E+02,  9.77313E+02,  5.08074E+02,  9.80542E+02,  1.14314E+03
 6.15338E+02,  4.73184E+02,  4.40497E+02,  3.33415E+02,  2.42878E+02
 1.84702E+02,  1.96579E+02,  2.03966E+02,  2.21931E+02,  2.46872E+02
 2.87915E+02,  3.57829E+02,  7.17568E+02,  7.17568E+02,  1.00264E+03
 1.00264E+03,  1.00264E+03,  1.00264E+03,  1.00264E+03,  1.00264E+03
 3.83369E+02,  9.26631E+02,  8.81414E+02,  6.86445E+02,  5.86775E+02
 4.87876E+02,  3.74145E+02,  2.46515E+02,  1.78260E+02,  1.91873E+02
 2.00070E+02,  2.14128E+02,  2.36366E+02,  2.74059E+02,  3.38229E+02
 7.00594E+02,  7.00594E+02,  1.02750E+03,  1.02750E+03,  1.02750E+03
 1.02750E+03,  1.02750E+03,  1.02750E+03,  3.93921E+02,  5.45368E+02
 6.82637E+02,  7.31227E+02,  7.13209E+02,  5.86600E+02,  4.02414E+02
 2.52006E+02,  1.84532E+02,  1.93456E+02,  2.00719E+02,  2.08803E+02
 2.27423E+02,  2.61710E+02,  3.20624E+02,  6.67279E+02,  6.67279E+02
 1.05275E+03,  1.05275E+03,  1.05275E+03,  1.05275E+03,  1.05275E+03
 1.05275E+03,  3.66891E+02,  6.23364E+02,  7.02142E+02,  7.40026E+02
 7.88009E+02,  6.24182E+02,  4.12806E+02,  2.57868E+02,  1.96985E+02
 2.00973E+02,  2.05100E+02,  2.05920E+02,  2.19964E+02,  2.50792E+02
 3.04826E+02,  6.40442E+02,  6.40442E+02,  1.07834E+03,  1.07834E+03
 1.07834E+03,  1.07834E+03,  1.07834E+03,  1.07834E+03,  4.08327E+02
 8.72855E+02,  8.14511E+02,  6.73883E+02,  7.02065E+02,  5.85652E+02
 4.09477E+02,  2.71639E+02,  2.11730E+02,  2.12326E+02,  2.11899E+02
 2.05029E+02,  2.13660E+02,  2.40911E+02,  2.90376E+02,  6.19924E+02
 6.19924E+02,  1.10616E+03,  1.10616E+03,  1.10616E+03,  1.10616E+03
 1.10616E+03,  1.10616E+03,  4.34121E+02,  9.16875E+02,  8.74364E+02
 5.58905E+02,  5.29428E+02,  4.98467E+02,  3.98555E+02,  2.97040E+02
 2.44597E+02,  2.29664E+02,  2.18418E+02,  2.05742E+02,  2.08363E+02
 2.31983E+02,  2.77294E+02,  6.01655E+02,  6.01655E+02,  1.13687E+03
 1.13687E+03,  1.13687E+03,  1.13687E+03,  1.13687E+03,  1.13687E+03
 3.21655E+02,  9.10290E+02,  8.06372E+02,  4.38973E+02,  3.85366E+02
 3.95712E+02,  3.90860E+02,  3.30000E+02,  2.93209E+02,  2.57627E+02
 2.26235E+02,  2.07838E+02,  2.04176E+02,  2.24251E+02,  2.66080E+02
 5.88618E+02,  5.88618E+02,  1.16747E+03,  1.16747E+03,  1.16747E+03
 1.16747E+03,  1.16747E+03,  1.16747E+03,  5.48783E+02,  7.63920E+02
 6.43977E+02,  3.54939E+02,  2.84684E+02,  3.22206E+02,  3.81976E+02
 3.71949E+02,  3.55905E+02,  3.07208E+02,  2.38223E+02,  2.11108E+02
 2.01099E+02,  2.17690E+02,  2.56727E+02,  5.82261E+02,  5.82261E+02
 1.19737E+03,  1.19737E+03,  1.19737E+03,  1.19737E+03,  1.19737E+03
 1.19737E+03,  4.29008E+02,  1.26258E+03,  6.18596E+02,  2.96948E+02
 2.36556E+02,  2.66200E+02,  3.78369E+02,  4.30370E+02,  4.33798E+02
 3.61635E+02,  2.55353E+02,  2.16185E+02,  1.99521E+02,  2.12645E+02
 2.49571E+02,  5.82510E+02,  5.82510E+02,  1.22651E+03,  1.22651E+03
 1.22651E+03,  1.22651E+03,  1.22651E+03,  1.22651E+03,  6.01604E+02
 1.53255E+03,  6.81704E+02,  2.63555E+02,  1.82868E+02,  2.42097E+02
 4.06106E+02,  5.02624E+02,  5.30201E+02,  4.22508E+02,  2.78952E+02
 2.19570E+02,  1.99442E+02,  2.09023E+02,  2.44423E+02,  5.87343E+02
 5.87343E+02,  1.25400E+03,  1.25400E+03,  1.25400E+03,  1.25400E+03
 1.25400E+03,  1.25400E+03,  5.11420E+02,  2.40462E+03,  7.24127E+02
 2.24994E+02,  1.55656E+02,  2.60509E+02,  4.61416E+02,  5.78224E+02
 6.47994E+02,  4.89567E+02,  3.05957E+02,  2.22271E+02,  2.00952E+02
 2.06843E+02,  2.41226E+02,  5.96058E+02,  5.96058E+02,  1.28374E+03
 1.28374E+03,  1.28374E+03,  1.28374E+03,  1.28374E+03,  1.28374E+03
 6.28438E+02,  2.23401E+03,  4.93552E+02,  1.64013E+02,  1.46106E+02
 2.76793E+02,  5.43455E+02,  7.09494E+02,  7.72220E+02,  5.62692E+02
 3.33524E+02,  2.25527E+02,  2.06443E+02,  2.08482E+02,  2.42608E+02
 6.15666E+02,  6.15666E+02,  1.31731E+03,  1.31731E+03,  1.31731E+03
 1.31731E+03,  1.31731E+03,  1.31731E+03,  4.83097E+02,  1.34403E+03
 3.03131E+02,  1.41264E+02,  1.51791E+02,  3.54128E+02,  6.84086E+02
 9.03786E+02,  9.25073E+02,  6.10618E+02,  3.63119E+02,  2.31047E+02
 2.12369E+02,  2.15112E+02,  2.50219E+02,  6.25637E+02,  6.25637E+02
 1.34937E+03,  1.34937E+03,  1.34937E+03,  1.34937E+03,  1.34937E+03
 1.34937E+03,  6.65237E+02,  1.30708E+03,  2.84595E+02,  1.53605E+02
 1.93644E+02,  5.08761E+02,  9.43840E+02,  1.24398E+03,  1.16866E+03
 6.05050E+02,  3.94638E+02,  2.37424E+02,  2.12779E+02,  2.27357E+02
 2.65542E+02,  6.06972E+02,  6.06972E+02,  1.37921E+03,  1.37921E+03
 1.37921E+03,  1.37921E+03,  1.37921E+03,  1.37921E+03,  5.35417E+02
 1.60256E+03,  3.74650E+02,  2.03933E+02,  2.63339E+02,  7.09782E+02
 1.34031E+03,  1.67500E+03,  1.38911E+03,  5.82772E+02,  3.95453E+02
 2.43617E+02,  2.12247E+02,  2.29962E+02,  2.72632E+02,  5.75536E+02
 5.75536E+02,  1.40775E+03,  1.40775E+03,  1.40775E+03,  1.40775E+03
 1.40775E+03,  1.40775E+03,  7.76141E+02,  1.77688E+03,  3.55580E+02
 1.88239E+02,  2.60682E+02,  8.41224E+02,  1.69523E+03,  1.90187E+03
 1.34627E+03,  6.03183E+02,  3.95881E+02,  2.51012E+02,  2.07329E+02
 2.21010E+02,  2.66068E+02,  5.57788E+02,  5.57788E+02,  1.43513E+03
 1.43513E+03,  1.43513E+03,  1.43513E+03,  1.43513E+03,  1.43513E+03
 6.31413E+02,  9.24374E+02,  1.94740E+02,  1.18328E+02,  2.41002E+02
 8.53442E+02,  1.91446E+03,  1.98713E+03,  1.32102E+03,  6.88160E+02
 3.98773E+02,  2.55280E+02,  2.05365E+02,  2.13112E+02,  2.54868E+02
 5.49149E+02,  5.49149E+02,  1.46721E+03,  1.46721E+03,  1.46721E+03
 1.46721E+03,  1.46721E+03,  1.46721E+03,  5.31232E+02,  8.21517E+02
 1.79987E+02,  1.35145E+02,  3.04553E+02,  8.12556E+02,  2.03180E+03
 2.08918E+03,  1.40102E+03,  6.94381E+02,  3.60638E+02,  2.62163E+02
 2.03043E+02,  2.04101E+02,  2.44466E+02,  5.41095E+02,  5.41095E+02
 1.50509E+03,  1.50509E+03,  1.50509E+03,  1.50509E+03,  1.50509E+03
 1.50509E+03,  5.93481E+02,  1.63508E+03,  4.04577E+02,  2.28126E+02
 3.29591E+02,  7.98193E+02,  1.58364E+03,  1.77266E+03,  1.29860E+03
 6.37508E+02,  3.27956E+02,  2.65634E+02,  2.03316E+02,  1.99538E+02
 2.41068E+02,  5.40527E+02,  5.40527E+02,  1.54237E+03,  1.54237E+03
 1.54237E+03,  1.54237E+03,  1.54237E+03,  1.54237E+03,  5.83803E+02
 1.79789E+03,  5.54758E+02,  2.70071E+02,  3.00687E+02,  7.55986E+02
 1.41448E+03,  1.44868E+03,  1.07526E+03,  5.55936E+02,  3.11907E+02
 2.57138E+02,  2.06989E+02,  1.99275E+02,  2.43744E+02,  5.49101E+02
 5.49101E+02,  1.57918E+03,  1.57918E+03,  1.57918E+03,  1.57918E+03
 1.57918E+03,  1.57918E+03,  5.88659E+02,  1.77692E+03,  4.44464E+02
 1.98751E+02,  2.22358E+02,  5.42739E+02,  9.70591E+02,  1.08627E+03
 8.59261E+02,  4.54618E+02,  3.04611E+02,  2.43428E+02,  2.12353E+02
 2.01723E+02,  2.50522E+02,  5.65621E+02,  5.65621E+02,  1.61598E+03
 1.61598E+03,  1.61598E+03,  1.61598E+03,  1.61598E+03,  1.61598E+03
 6.24160E+02,  1.53885E+03,  3.41482E+02,  1.26419E+02,  1.46248E+02
 3.37779E+02,  6.17803E+02,  7.84918E+02,  6.77036E+02,  3.67860E+02
 3.00098E+02,  2.21189E+02,  2.07076E+02,  2.06843E+02,  2.60991E+02
 5.90343E+02,  5.90343E+02,  1.65269E+03,  1.65269E+03,  1.65269E+03
 1.65269E+03,  1.65269E+03,  1.65269E+03,  6.04383E+02,  1.37040E+03
 2.99150E+02,  1.24792E+02,  1.36977E+02,  2.46479E+02,  4.36543E+02
 5.71919E+02,  5.21021E+02,  3.41778E+02,  2.81263E+02,  2.07962E+02
 2.02217E+02,  2.11664E+02,  2.72190E+02,  6.16845E+02,  6.16845E+02
 1.69804E+03,  1.69804E+03,  1.69804E+03,  1.69804E+03,  1.69804E+03
 1.69804E+03,  6.18773E+02,  1.58462E+03,  3.38580E+02,  1.29766E+02
 1.40022E+02,  2.35219E+02,  3.23262E+02,  4.34459E+02,  4.08109E+02
 3.22902E+02,  2.32306E+02,  2.06932E+02,  1.94590E+02,  2.17316E+02
 2.85554E+02,  6.46801E+02,  6.46801E+02,  1.75272E+03,  1.75272E+03
 1.75272E+03,  1.75272E+03,  1.75272E+03,  1.75272E+03,  7.18483E+02
 1.87802E+03,  5.09539E+02,  1.51545E+02,  1.39261E+02,  2.46427E+02
 3.24752E+02,  3.72418E+02,  3.52487E+02,  2.63419E+02,  2.05273E+02
 2.05946E+02,  1.90742E+02,  2.27042E+02,  3.03764E+02,  6.85980E+02
 6.85980E+02,  1.80633E+03,  1.80633E+03,  1.80633E+03,  1.80633E+03
 1.80633E+03,  1.80633E+03,  4.94924E+02,  1.45108E+03,  5.98538E+02
 2.17187E+02,  1.64993E+02,  2.76498E+02,  3.92475E+02,  3.69888E+02
 3.10549E+02,  2.21939E+02,  1.96594E+02,  2.02848E+02,  1.91816E+02
 2.40263E+02,  3.25764E+02,  7.32046E+02,  7.32046E+02,  1.85914E+03
 1.85914E+03,  1.85914E+03,  1.85914E+03,  1.85914E+03,  1.85914E+03
 6.04903E+02,  1.39092E+03,  6.07714E+02,  2.66834E+02,  2.23649E+02
 3.42578E+02,  4.47025E+02,  4.11153E+02,  2.75969E+02,  2.06980E+02
 1.86387E+02,  1.79933E+02,  1.97009E+02,  2.57054E+02,  3.51937E+02
 7.85975E+02,  7.85975E+02,  1.90682E+03,  1.90682E+03,  1.90682E+03
 1.90682E+03,  1.90682E+03,  1.90682E+03,  4.50662E+02,  1.14752E+03
 5.64014E+02,  2.83998E+02,  2.88542E+02,  4.27537E+02,  5.12501E+02
 4.66748E+02,  2.86684E+02,  2.09745E+02,  1.81305E+02,  1.75051E+02
 2.06265E+02,  2.77182E+02,  3.81394E+02,  8.45630E+02,  8.45630E+02
 1.94861E+03,  1.94861E+03,  1.94861E+03,  1.94861E+03,  1.94861E+03
 1.94861E+03,  5.34065E+02,  8.04799E+02,  5.03932E+02,  3.17644E+02
 3.54433E+02,  4.95316E+02,  5.62576E+02,  5.04153E+02,  3.36684E+02
 2.16716E+02,  1.78153E+02,  1.78894E+02,  2.19061E+02,  2.99532E+02
 4.12188E+02,  9.05348E+02,  9.05348E+02,  2.00861E+03,  2.00861E+03
 2.00861E+03,  2.00861E+03,  2.00861E+03,  2.00861E+03,  3.62844E+02
 7.49747E+02,  5.19479E+02,  3.12860E+02,  3.53076E+02,  4.94275E+02
 5.82388E+02,  5.16905E+02,  3.86163E+02,  2.32781E+02,  1.86345E+02
 1.89326E+02,  2.36577E+02,  3.26221E+02,  4.47249E+02,  9.71949E+02
 9.71949E+02,  2.09392E+03,  2.09392E+03,  2.09392E+03,  2.09392E+03
 2.09392E+03,  2.09392E+03,  4.55356E+02,  8.93637E+02,  7.16997E+02
 3.77738E+02,  3.20843E+02,  4.31514E+02,  5.76812E+02,  4.94918E+02
 4.28823E+02,  2.58028E+02,  2.02714E+02,  2.06318E+02,  2.60149E+02
 3.58807E+02,  4.87881E+02,  1.04846E+03,  1.04846E+03,  2.17323E+03
 2.17323E+03,  2.17323E+03,  2.17323E+03,  2.17323E+03,  2.17323E+03
 4.20303E+02,  1.39028E+03,  1.14858E+03,  3.98738E+02,  2.29251E+02
 3.40384E+02,  5.40399E+02,  5.04858E+02,  4.73787E+02,  3.01317E+02
 2.27121E+02,  2.30239E+02,  2.89818E+02,  3.96277E+02,  5.31869E+02
 1.12832E+03,  1.12832E+03,  2.20579E+03,  2.20579E+03,  2.20579E+03
 2.20579E+03,  2.20579E+03,  2.20579E+03,  4.25057E+02,  1.75230E+03
 1.35267E+03,  2.51043E+02,  1.35141E+02,  2.51457E+02,  4.38115E+02
 5.39620E+02,  5.20780E+02,  3.56315E+02,  2.61710E+02,  2.61900E+02
 3.26089E+02,  4.38871E+02,  5.79494E+02,  1.20802E+03,  1.20802E+03
 2.20366E+03,  2.20366E+03,  2.20366E+03,  2.20366E+03,  2.20366E+03
 2.20366E+03,  4.95961E+02,  1.01399E+03,  8.08080E+02,  1.29712E+02
 1.05145E+02,  2.16526E+02,  4.89020E+02,  6.50543E+02,  5.91293E+02
 4.25093E+02,  3.12675E+02,  3.02612E+02,  3.68698E+02,  4.85098E+02
 6.27989E+02,  1.26985E+03,  1.26985E+03,  2.19833E+03,  2.19833E+03
 2.19833E+03,  2.19833E+03,  2.19833E+03,  2.19833E+03,  3.06274E+02
 4.47244E+02,  3.49127E+02,  1.32660E+02,  1.10312E+02,  2.42436E+02
 5.93839E+02,  7.96366E+02,  6.99597E+02,  5.00632E+02,  3.74485E+02
 3.52941E+02,  4.16655E+02,  5.32544E+02,  6.74962E+02,  1.31818E+03
 1.31818E+03,  2.18770E+03,  2.18770E+03,  2.18770E+03,  2.18770E+03
 2.18770E+03,  2.18770E+03,  9.64000E+02,  6.81733E+02,  2.60790E+02
 9.52497E+01,  1.06747E+02,  2.36305E+02,  6.38899E+02,  1.06426E+03
 8.15607E+02,  5.79153E+02,  4.53893E+02,  4.14298E+02,  4.70010E+02
 5.83665E+02,  7.22638E+02,  1.38273E+03,  1.38273E+03,  2.20318E+03
 2.20318E+03,  2.20318E+03,  2.20318E+03,  2.20318E+03,  2.20318E+03
 1.02755E+03,  1.77158E+03,  3.02903E+02,  9.54249E+01,  9.90928E+01
 2.02840E+02,  7.29660E+02,  1.25672E+03,  9.59473E+02,  6.71845E+02
 5.23927E+02,  4.87872E+02,  5.29993E+02,  6.36010E+02,  7.69861E+02
 1.48747E+03,  1.48747E+03,  2.28941E+03,  2.28941E+03,  2.28941E+03
 2.28941E+03,  2.28941E+03,  2.28941E+03,  8.65554E+02,  1.39160E+03
 2.68146E+02,  1.65492E+02,  1.36238E+02,  2.00332E+02,  6.43824E+02
 1.24096E+03,  1.05794E+03,  7.76679E+02,  6.09461E+02,  5.67912E+02
 5.87420E+02,  6.85202E+02,  8.25058E+02,  1.61570E+03,  1.61570E+03
 2.42026E+03,  2.42026E+03,  2.42026E+03,  2.42026E+03,  2.42026E+03
 2.42026E+03,  8.54312E+02,  2.20481E+03,  9.71199E+02,  3.68402E+02
 2.44441E+02,  3.33939E+02,  7.43907E+02,  1.31587E+03,  1.21348E+03
 8.91202E+02,  6.84538E+02,  6.35330E+02,  6.43737E+02,  7.42200E+02
 8.90947E+02,  1.75475E+03,  1.75475E+03,  2.56053E+03,  2.56053E+03
 2.56053E+03,  2.56053E+03,  2.56053E+03,  2.56053E+03,  6.23191E+02
 1.51325E+03,  2.56648E+02,  3.46393E+02,  4.03680E+02,  6.07156E+02
 1.06763E+03,  1.52006E+03,  1.39906E+03,  1.03967E+03,  7.78758E+02
 6.94310E+02,  7.14925E+02,  8.11191E+02,  9.62543E+02,  1.89639E+03
 1.89639E+03,  2.68732E+03,  2.68732E+03,  2.68732E+03,  2.68732E+03
 2.68732E+03,  2.68732E+03,  4.09501E+02,  4.96398E+02,  1.78947E+02
 2.41173E+02,  4.21625E+02,  7.96079E+02,  1.39315E+03,  1.81870E+03
 1.58875E+03,  1.17912E+03,  8.84913E+02,  7.80567E+02,  7.99850E+02
 8.85089E+02,  1.03428E+03,  2.02368E+03,  2.02368E+03,  2.76447E+03
 2.76447E+03,  2.76447E+03,  2.76447E+03,  2.76447E+03,  2.76447E+03
 8.85146E+02,  8.24038E+02,  1.99562E+02,  1.96916E+02,  4.00534E+02
 8.68650E+02,  1.49313E+03,  1.78863E+03,  1.67204E+03,  1.32407E+03
 9.87424E+02,  8.70918E+02,  8.89055E+02,  9.62452E+02,  1.10832E+03
 2.15358E+03,  2.15358E+03,  2.84203E+03,  2.84203E+03,  2.84203E+03
 2.84203E+03,  2.84203E+03,  2.84203E+03,  9.23815E+02,  8.21718E+02
 1.36441E+02,  1.21672E+02,  3.10472E+02,  1.00926E+03,  1.40601E+03
 1.64286E+03,  1.58806E+03,  1.32553E+03,  1.10976E+03,  9.60459E+02
 9.73913E+02,  1.04333E+03,  1.18666E+03,  2.29773E+03,  2.29773E+03
 2.93897E+03,  2.93897E+03,  2.93897E+03,  2.93897E+03,  2.93897E+03
 2.93897E+03,  8.46269E+02,  1.16115E+03,  1.52674E+02,  1.12879E+02
 1.82257E+02,  7.10296E+02,  1.19907E+03,  1.34728E+03,  1.40033E+03
 1.28515E+03,  1.13380E+03,  1.05596E+03,  1.05196E+03,  1.12437E+03
 1.26544E+03,  2.44105E+03,  2.44105E+03,  3.02262E+03,  3.02262E+03
 3.02262E+03,  3.02262E+03,  3.02262E+03,  3.02262E+03,  1.37761E+03
 1.33154E+03,  1.16963E+02,  1.24826E+02,  1.24831E+02,  3.56676E+02
 8.38547E+02,  1.06692E+03,  1.21667E+03,  1.19323E+03,  1.12910E+03
 1.12019E+03,  1.13317E+03,  1.20722E+03,  1.34673E+03,  2.58935E+03
 2.58935E+03,  3.06445E+03,  3.06445E+03,  3.06445E+03,  3.06445E+03
 3.06445E+03,  3.06445E+03,  2.89581E+02,  3.14786E+02,  1.44972E+02
 1.15821E+02,  1.01388E+02,  1.92679E+02,  5.13252E+02,  8.37562E+02
 1.05941E+03,  1.11982E+03,  1.09595E+03,  1.12280E+03,  1.21013E+03
 1.28802E+03,  1.42414E+03,  2.72809E+03,  2.72809E+03,  3.06100E+03
 3.06100E+03,  3.06100E+03,  3.06100E+03,  3.06100E+03,  3.06100E+03
 4.17666E+02,  7.44354E+02,  2.84534E+02,  1.31780E+02,  1.05521E+02
 1.16075E+02,  3.27410E+02,  6.50936E+02,  9.49158E+02,  1.05814E+03
 1.06969E+03,  1.10568E+03,  1.22808E+03,  1.34929E+03,  1.48006E+03
 2.81238E+03,  2.81238E+03,  3.03882E+03,  3.03882E+03,  3.03882E+03
 3.03882E+03,  3.03882E+03,  3.03882E+03,  9.41061E+02,  3.44912E+03
 6.45213E+02,  1.50413E+02,  9.57591E+01,  1.10473E+02,  2.59898E+02
 5.19915E+02,  8.45068E+02,  1.00402E+03,  1.04365E+03,  1.09998E+03
 1.22337E+03,  1.37163E+03,  1.50465E+03,  2.83665E+03,  2.83665E+03
 3.01079E+03,  3.01079E+03,  3.01079E+03,  3.01079E+03,  3.01079E+03
 3.01079E+03,  1.11239E+03,  3.67620E+03,  1.54653E+03,  1.74295E+02
 6.07310E+01,  1.02259E+02,  2.14280E+02,  4.16418E+02,  7.16519E+02
 9.34154E+02,  1.01321E+03,  1.09475E+03,  1.22373E+03,  1.37475E+03
 1.50839E+03,  2.81546E+03,  2.81546E+03,  2.96252E+03,  2.96252E+03
 2.96252E+03,  2.96252E+03,  2.96252E+03,  2.96252E+03,  7.54107E+02
 2.63199E+03,  2.09486E+03,  1.62882E+02,  4.66175E+01,  5.81193E+01
 1.47828E+02,  3.55915E+02,  6.30308E+02,  8.36898E+02,  9.78825E+02
 1.08789E+03,  1.22732E+03,  1.37464E+03,  1.50452E+03,  2.77483E+03
 2.77483E+03,  2.89015E+03,  2.89015E+03,  2.89015E+03,  2.89015E+03
 2.89015E+03,  2.89015E+03,  6.35249E+02,  1.00211E+03,  2.44794E+02
 5.91931E+01,  3.64895E+01,  5.18765E+01,  1.34859E+02,  3.37527E+02
 5.36811E+02,  7.64350E+02,  9.48547E+02,  1.08078E+03,  1.22961E+03
 1.37385E+03,  1.49732E+03,  2.72446E+03,  2.72446E+03,  2.80141E+03
 2.80141E+03,  2.80141E+03,  2.80141E+03,  2.80141E+03,  2.80141E+03
 3.47906E+02,  4.09557E+02,  1.50950E+02,  4.66473E+01,  4.21996E+01
 6.89393E+01,  1.62869E+02,  3.61338E+02,  5.15871E+02,  7.19213E+02
 9.02593E+02,  1.07411E+03,  1.22563E+03,  1.36538E+03,  1.47964E+03
 2.64583E+03,  2.64583E+03,  2.69087E+03,  2.69087E+03,  2.69087E+03
 2.69087E+03,  2.69087E+03,  2.69087E+03,  2.40812E+02,  4.79014E+02
 1.50260E+02,  8.54385E+01,  8.42603E+01,  1.22239E+02,  2.19073E+02
 3.93476E+02,  5.35731E+02,  7.18168E+02,  9.11798E+02,  1.03158E+03
 1.20778E+03,  1.34320E+03,  1.44648E+03,  2.53509E+03,  2.53509E+03
 2.56063E+03,  2.56063E+03,  2.56063E+03,  2.56063E+03,  2.56063E+03
 2.56063E+03,  7.53573E+02,  6.45524E+02,  3.08442E+02,  2.20833E+02
 2.00313E+02,  2.25294E+02,  2.90894E+02,  4.27234E+02,  5.86600E+02
 7.75864E+02,  1.00101E+03,  1.05555E+03,  1.20456E+03,  1.30865E+03
 1.39112E+03,  2.44192E+03,  2.44192E+03,  2.47702E+03,  2.47702E+03
 2.47702E+03,  2.47702E+03,  2.47702E+03,  2.47702E+03,  5.16462E+02
 6.22845E+02,  5.48094E+02,  5.07262E+02,  4.06085E+02,  3.38593E+02
 3.64737E+02,  4.53766E+02,  6.02077E+02,  8.16825E+02,  1.10677E+03
 1.25689E+03,  1.33011E+03,  1.41513E+03,  1.49583E+03,  2.76688E+03
 2.76688E+03,  2.79625E+03,  2.79625E+03,  2.79625E+03,  2.79625E+03
 2.79625E+03,  2.79625E+03,  6.77524E+02,  1.03685E+03,  1.40638E+03
 1.15613E+03,  7.23542E+02,  5.00637E+02,  3.88403E+02,  3.88451E+02
 5.31043E+02,  9.36372E+02,  1.93854E+03,  3.44052E+03,  5.01242E+03
 6.19430E+03,  7.48756E+03,  2.55926E+04,  2.55926E+04,  1.90896E+04
 1.90896E+04,  1.90896E+04,  1.90896E+04,  1.90896E+04,  1.90896E+04
 6.77524E+02,  1.03685E+03,  1.40638E+03,  1.15613E+03,  7.23542E+02
 5.00637E+02,  3.88403E+02,  3.88451E+02,  5.31043E+02,  9.36372E+02
 1.93854E+03,  3.44052E+03,  5.01242E+03,  6.19430E+03,  7.48756E+03
 2.55926E+04,  2.55926E+04,  1.90896E+04,  1.90896E+04,  1.90896E+04
 1.90896E+04,  1.90896E+04,  1.90896E+04,  7.57410E+02,  7.63288E+02
 6.95159E+02,  5.88977E+02,  4.49009E+02,  3.11853E+02,  2.08673E+02
 1.43231E+02,  1.04801E+02,  8.36888E+01,  7.27023E+01,  7.15694E+01
 7.41865E+01,  7.75044E+01,  8.86560E+01,  8.11345E+01,  8.11345E+01
 1.43259E+02,  1.43259E+02,  1.43259E+02,  1.43259E+02,  1.43259E+02
 1.43259E+02,  7.57410E+02,  7.63288E+02,  6.95159E+02,  5.88977E+02
 4.49009E+02,  3.11853E+02,  2.08673E+02,  1.43231E+02,  1.04801E+02
 8.36888E+01,  7.27023E+01,  7.15694E+01,  7.41865E+01,  7.75044E+01
 8.86560E+01,  8.11345E+01,  8.11345E+01,  1.43259E+02,  1.43259E+02
 1.43259E+02,  1.43259E+02,  1.43259E+02,  1.43259E+02,  7.57410E+02
 7.63288E+02,  6.95159E+02,  5.88977E+02,  4.49009E+02,  3.11853E+02
 2.08673E+02,  1.43231E+02,  1.04801E+02,  8.36888E+01,  7.27023E+01
 7.15694E+01,  7.41865E+01,  7.75044E+01,  8.86560E+01,  8.11345E+01
 8.11345E+01,  1.43259E+02,  1.43259E+02,  1.43259E+02,  1.43259E+02
 1.43259E+02,  1.43259E+02,  7.57410E+02,  7.63288E+02,  6.95159E+02
 5.88977E+02,  4.49009E+02,  3.11853E+02,  2.08673E+02,  1.43231E+02
 1.04801E+02,  8.36888E+01,  7.27023E+01,  7.15694E+01,  7.41865E+01
 7.75044E+01,  8.86560E+01,  8.11345E+01,  8.11345E+01,  1.43259E+02
 1.43259E+02,  1.43259E+02,  1.43259E+02,  1.43259E+02,  1.43259E+02
 7.57410E+02,  7.63288E+02,  6.95159E+02,  5.88977E+02,  4.49009E+02
 3.11853E+02,  2.08673E+02,  1.43231E+02,  1.04801E+02,  8.36888E+01
 7.27023E+01,  7.15694E+01,  7.41865E+01,  7.75044E+01,  8.86560E+01
 8.11345E+01,  8.11345E+01,  1.43259E+02,  1.43259E+02,  1.43259E+02
 1.43259E+02,  1.43259E+02,  1.43259E+02,  7.57410E+02,  7.63288E+02
 6.95159E+02,  5.88977E+02,  4.49009E+02,  3.11853E+02,  2.08673E+02
 1.43231E+02,  1.04801E+02,  8.36888E+01,  7.27023E+01,  7.15694E+01
 7.41865E+01,  7.75044E+01,  8.86560E+01,  8.11345E+01,  8.11345E+01
 1.43259E+02,  1.43259E+02,  1.43259E+02,  1.43259E+02,  1.43259E+02
 1.43259E+02

;-Sensitivity in the elemental sequential order

 3.20974E-02,  3.25515E-02,  3.09126E-02,  2.61017E-02,  2.04588E-02
 1.55124E-02,  1.17117E-02,  8.93591E-03,  6.92782E-03,  5.45184E-03
 4.34406E-03,  3.50392E-03,  2.86851E-03,  2.39073E-03,  2.02669E-03
 4.44587E-03,  4.44587E-03,  8.77724E-03,  8.77724E-03,  8.77724E-03
 8.77724E-03,  8.77724E-03,  8.77724E-03,  3.20974E-02,  3.25515E-02
 3.09126E-02,  2.61017E-02,  2.04588E-02,  1.55124E-02,  1.17117E-02
 8.93591E-03,  6.92782E-03,  5.45184E-03,  4.34406E-03,  3.50392E-03
 2.86851E-03,  2.39073E-03,  2.02669E-03,  4.44587E-03,  4.44587E-03
 8.77724E-03,  8.77724E-03,  8.77724E-03,  8.77724E-03,  8.77724E-03
 8.77724E-03,  3.20974E-02,  3.25515E-02,  3.09126E-02,  2.61017E-02
 2.04588E-02,  1.55124E-02,  1.17117E-02,  8.93591E-03,  6.92782E-03
 5.45184E-03,  4.34406E-03,  3.50392E-03,  2.86851E-03,  2.39073E-03
 2.02669E-03,  4.44587E-03,  4.44587E-03,  8.77724E-03,  8.77724E-03
 8.77724E-03,  8.77724E-03,  8.77724E-03,  8.77724E-03,  3.20974E-02
 3.25515E-02,  3.09126E-02,  2.61017E-02,  2.04588E-02,  1.55124E-02
 1.17117E-02,  8.93591E-03,  6.92782E-03,  5.45184E-03,  4.34406E-03
 3.50392E-03,  2.86851E-03,  2.39073E-03,  2.02669E-03,  4.44587E-03
 4.44587E-03,  8.77724E-03,  8.77724E-03,  8.77724E-03,  8.77724E-03
 8.77724E-03,  8.77724E-03,  3.20974E-02,  3.25515E-02,  3.09126E-02
 2.61017E-02,  2.04588E-02,  1.55124E-02,  1.17117E-02,  8.93591E-03
 6.92782E-03,  5.45184E-03,  4.34406E-03,  3.50392E-03,  2.86851E-03
 2.39073E-03,  2.02669E-03,  4.44587E-03,  4.44587E-03,  8.77724E-03
 8.77724E-03,  8.77724E-03,  8.77724E-03,  8.77724E-03,  8.77724E-03
 3.20974E-02,  3.25515E-02,  3.09126E-02,  2.61017E-02,  2.04588E-02
 1.55124E-02,  1.17117E-02,  8.93591E-03,  6.92782E-03,  5.45184E-03
 4.34406E-03,  3.50392E-03,  2.86851E-03,  2.39073E-03,  2.02669E-03
 4.44587E-03,  4.44587E-03,  8.77724E-03,  8.77724E-03,  8.77724E-03
 8.77724E-03,  8.77724E-03,  8.77724E-03,  5.23201E-01,  1.66164E-01
 6.54025E-02,  2.98721E-02,  1.53896E-02,  8.75548E-03,  5.53290E-03
 3.78946E-03,  2.74981E-03,  2.03835E-03,  1.48709E-03,  1.07538E-03
 7.71955E-04,  5.50601E-04,  3.92564E-04,  6.33709E-04,  6.33709E-04
 6.50728E-04,  6.50728E-04,  6.50728E-04,  6.50728E-04,  6.50728E-04
 6.50728E-04,  5.23201E-01,  1.66164E-01,  6.54025E-02,  2.98721E-02
 1.53896E-02,  8.75548E-03,  5.53290E-03,  3.78946E-03,  2.74981E-03
 2.03835E-03,  1.48709E-03,  1.07538E-03,  7.71955E-04,  5.50601E-04
 3.92564E-04,  6.33709E-04,  6.33709E-04,  6.50728E-04,  6.50728E-04
 6.50728E-04,  6.50728E-04,  6.50728E-04,  6.50728E-04,  6.32089E-01
 1.45138E-01,  4.86263E-02,  1.86356E-02,  7.43633E-03,  3.54073E-03
 1.94699E-03,  1.23427E-03,  8.83106E-04,  6.49396E-04,  4.70971E-04
 3.35363E-04,  2.41124E-04,  1.72919E-04,  1.22757E-04,  1.86346E-04
 1.86346E-04,  2.13356E-04,  2.13356E-04,  2.13356E-04,  2.13356E-04
 2.13356E-04,  2.13356E-04,  1.73322E+00,  3.44737E-01,  1.01250E-01
 3.00608E-02,  9.79291E-03,  4.12149E-03,  2.07688E-03,  1.21483E-03
 8.07436E-04,  5.89264E-04,  4.33862E-04,  3.12735E-04,  2.27498E-04
 1.66294E-04,  1.20356E-04,  1.83332E-04,  1.83332E-04,  2.21073E-04
 2.21073E-04,  2.21073E-04,  2.21073E-04,  2.21073E-04,  2.21073E-04
 1.03740E+00,  4.89747E-01,  1.25890E-01,  3.73479E-02,  1.11355E-02
 4.42009E-03,  2.16670E-03,  1.25038E-03,  8.00482E-04,  5.55478E-04
 4.04430E-04,  3.00329E-04,  2.20623E-04,  1.63059E-04,  1.19753E-04
 1.85905E-04,  1.85905E-04,  2.31918E-04,  2.31918E-04,  2.31918E-04
 2.31918E-04,  2.31918E-04,  2.31918E-04,  1.55896E+00,  7.76441E-01
 1.42710E-01,  3.32706E-02,  1.11160E-02,  4.41380E-03,  2.22601E-03
 1.28625E-03,  8.08334E-04,  5.44683E-04,  3.90726E-04,  2.89755E-04
 2.16473E-04,  1.61803E-04,  1.20297E-04,  1.90577E-04,  1.90577E-04
 2.42011E-04,  2.42011E-04,  2.42011E-04,  2.42011E-04,  2.42011E-04
 2.42011E-04,  1.52800E+00,  8.49820E-01,  1.14346E-01,  2.78886E-02
 1.03610E-02,  4.38599E-03,  2.29188E-03,  1.34598E-03,  8.41511E-04
 5.53422E-04,  3.89348E-04,  2.86566E-04,  2.15365E-04,  1.62545E-04
 1.22060E-04,  1.98190E-04,  1.98190E-04,  2.53107E-04,  2.53107E-04
 2.53107E-04,  2.53107E-04,  2.53107E-04,  2.53107E-04,  1.95443E+00
 7.80115E-01,  1.31407E-01,  2.62663E-02,  9.64351E-03,  4.41727E-03
 2.41584E-03,  1.44413E-03,  8.96291E-04,  5.83384E-04,  4.01598E-04
 2.90658E-04,  2.17278E-04,  1.65049E-04,  1.24716E-04,  2.08090E-04
 2.08090E-04,  2.64486E-04,  2.64486E-04,  2.64486E-04,  2.64486E-04
 2.64486E-04,  2.64486E-04,  1.83641E+00,  8.15405E-01,  1.27775E-01
 2.61717E-02,  9.68924E-03,  4.69420E-03,  2.60320E-03,  1.57544E-03
 9.91863E-04,  6.31957E-04,  4.28857E-04,  3.00016E-04,  2.23664E-04
 1.69592E-04,  1.28516E-04,  2.20406E-04,  2.20406E-04,  2.76554E-04
 2.76554E-04,  2.76554E-04,  2.76554E-04,  2.76554E-04,  2.76554E-04
 1.95489E+00,  8.45215E-01,  1.37908E-01,  2.95512E-02,  1.13067E-02
 4.88490E-03,  2.88495E-03,  1.78115E-03,  1.10184E-03,  6.99259E-04
 4.62061E-04,  3.16192E-04,  2.33587E-04,  1.76345E-04,  1.33487E-04
 2.34939E-04,  2.34939E-04,  2.89281E-04,  2.89281E-04,  2.89281E-04
 2.89281E-04,  2.89281E-04,  2.89281E-04,  1.89059E+00,  8.90273E-01
 1.30487E-01,  3.02392E-02,  1.19935E-02,  5.81584E-03,  3.32227E-03
 1.99134E-03,  1.22420E-03,  7.70690E-04,  4.95443E-04,  3.37625E-04
 2.46324E-04,  1.84985E-04,  1.39439E-04,  2.51084E-04,  2.51084E-04
 3.02154E-04,  3.02154E-04,  3.02154E-04,  3.02154E-04,  3.02154E-04
 3.02154E-04,  2.14254E+00,  8.72424E-01,  1.36320E-01,  3.04666E-02
 1.23392E-02,  6.55807E-03,  3.79568E-03,  2.21930E-03,  1.34199E-03
 8.32071E-04,  5.32034E-04,  3.62691E-04,  2.62288E-04,  1.95904E-04
 1.46724E-04,  2.69137E-04,  2.69137E-04,  3.16173E-04,  3.16173E-04
 3.16173E-04,  3.16173E-04,  3.16173E-04,  3.16173E-04,  2.14306E+00
 8.98625E-01,  1.36076E-01,  3.34930E-02,  1.44521E-02,  7.66627E-03
 4.28626E-03,  2.42926E-03,  1.43650E-03,  8.86806E-04,  5.71849E-04
 3.90025E-04,  2.80894E-04,  2.08885E-04,  1.55303E-04,  2.88829E-04
 2.88829E-04,  3.31419E-04,  3.31419E-04,  3.31419E-04,  3.31419E-04
 3.31419E-04,  3.31419E-04,  1.91246E+00,  8.78227E-01,  1.48709E-01
 3.86271E-02,  1.78243E-02,  9.01677E-03,  4.72574E-03,  2.58939E-03
 1.52159E-03,  9.42883E-04,  6.11123E-04,  4.17699E-04,  3.00617E-04
 2.23042E-04,  1.64716E-04,  3.09187E-04,  3.09187E-04,  3.46701E-04
 3.46701E-04,  3.46701E-04,  3.46701E-04,  3.46701E-04,  3.46701E-04
 1.92475E+00,  8.65501E-01,  1.57421E-01,  4.42645E-02,  1.89474E-02
 9.62806E-03,  5.07954E-03,  2.77636E-03,  1.62992E-03,  1.00261E-03
 6.49846E-04,  4.45387E-04,  3.21266E-04,  2.38377E-04,  1.75135E-04
 3.30266E-04,  3.30266E-04,  3.62465E-04,  3.62465E-04,  3.62465E-04
 3.62465E-04,  3.62465E-04,  3.62465E-04,  1.84861E+00,  8.24694E-01
 1.62155E-01,  4.38180E-02,  1.93360E-02,  1.01493E-02,  5.38292E-03
 3.03154E-03,  1.75279E-03,  1.06536E-03,  6.87547E-04,  4.72482E-04
 3.42357E-04,  2.54546E-04,  1.86613E-04,  3.52135E-04,  3.52135E-04
 3.78523E-04,  3.78523E-04,  3.78523E-04,  3.78523E-04,  3.78523E-04
 3.78523E-04,  1.76258E+00,  8.24114E-01,  1.61924E-01,  3.83805E-02
 1.87463E-02,  1.04563E-02,  5.73811E-03,  3.24044E-03,  1.87803E-03
 1.12698E-03,  7.23019E-04,  4.97933E-04,  3.63051E-04,  2.70767E-04
 1.99038E-04,  3.74984E-04,  3.74984E-04,  3.94362E-04,  3.94362E-04
 3.94362E-04,  3.94362E-04,  3.94362E-04,  3.94362E-04,  2.15812E+00
 9.36175E-01,  1.74189E-01,  3.90070E-02,  1.78247E-02,  1.03277E-02
 5.88541E-03,  3.39765E-03,  1.98643E-03,  1.18733E-03,  7.58397E-04
 5.23439E-04,  3.84362E-04,  2.87630E-04,  2.11892E-04,  3.98107E-04
 3.98107E-04,  4.11469E-04,  4.11469E-04,  4.11469E-04,  4.11469E-04
 4.11469E-04,  4.11469E-04,  2.00149E+00,  9.59584E-01,  1.69593E-01
 4.25694E-02,  1.99080E-02,  1.00402E-02,  5.87062E-03,  3.46301E-03
 2.06755E-03,  1.24313E-03,  7.94060E-04,  5.50380E-04,  4.06932E-04
 3.04978E-04,  2.24951E-04,  4.21372E-04,  4.21372E-04,  4.30612E-04
 4.30612E-04,  4.30612E-04,  4.30612E-04,  4.30612E-04,  4.30612E-04
 2.52141E+00,  1.02560E+00,  1.71892E-01,  4.31458E-02,  2.10617E-02
 1.00572E-02,  5.51721E-03,  3.37704E-03,  2.10681E-03,  1.28756E-03
 8.27099E-04,  5.80212E-04,  4.31000E-04,  3.21745E-04,  2.37189E-04
 4.43912E-04,  4.43912E-04,  4.49498E-04,  4.49498E-04,  4.49498E-04
 4.49498E-04,  4.49498E-04,  4.49498E-04,  2.48237E+00,  1.01579E+00
 1.72386E-01,  3.68183E-02,  1.82848E-02,  9.37643E-03,  5.12933E-03
 3.16636E-03,  2.10851E-03,  1.32196E-03,  8.56464E-04,  6.07932E-04
 4.49384E-04,  3.35276E-04,  2.48842E-04,  4.67021E-04,  4.67021E-04
 4.68653E-04,  4.68653E-04,  4.68653E-04,  4.68653E-04,  4.68653E-04
 4.68653E-04,  2.19391E+00,  1.00935E+00,  1.68715E-01,  3.55654E-02
 1.84988E-02,  9.17224E-03,  5.08790E-03,  2.99175E-03,  2.08650E-03
 1.34864E-03,  8.82054E-04,  6.22472E-04,  4.62568E-04,  3.47651E-04
 2.60663E-04,  4.90817E-04,  4.90817E-04,  4.86416E-04,  4.86416E-04
 4.86416E-04,  4.86416E-04,  4.86416E-04,  4.86416E-04,  2.26477E+00
 9.75173E-01,  1.82526E-01,  4.08736E-02,  2.07916E-02,  1.06566E-02
 5.42002E-03,  2.95550E-03,  2.06035E-03,  1.36981E-03,  9.04655E-04
 6.38041E-04,  4.75960E-04,  3.59892E-04,  2.72373E-04,  5.14088E-04
 5.14088E-04,  5.01424E-04,  5.01424E-04,  5.01424E-04,  5.01424E-04
 5.01424E-04,  5.01424E-04,  2.44023E+00,  1.01690E+00,  1.89545E-01
 4.52986E-02,  2.41013E-02,  1.23689E-02,  6.06834E-03,  3.04841E-03
 2.05655E-03,  1.39376E-03,  9.28881E-04,  6.55381E-04,  4.90144E-04
 3.72702E-04,  2.84627E-04,  5.37961E-04,  5.37961E-04,  5.15211E-04
 5.15211E-04,  5.15211E-04,  5.15211E-04,  5.15211E-04,  5.15211E-04
 2.18485E+00,  1.04247E+00,  1.96241E-01,  4.66690E-02,  2.52358E-02
 1.36923E-02,  6.75976E-03,  3.20963E-03,  2.07984E-03,  1.42297E-03
 9.55683E-04,  6.74148E-04,  5.05180E-04,  3.86017E-04,  2.97389E-04
 5.62821E-04,  5.62821E-04,  5.25738E-04,  5.25738E-04,  5.25738E-04
 5.25738E-04,  5.25738E-04,  5.25738E-04,  2.68057E+00,  1.08426E+00
 2.00121E-01,  5.05731E-02,  2.55920E-02,  1.40555E-02,  7.23748E-03
 3.36202E-03,  2.11739E-03,  1.45364E-03,  9.82193E-04,  6.92230E-04
 5.19510E-04,  3.98560E-04,  3.09756E-04,  5.86288E-04,  5.86288E-04
 5.32338E-04,  5.32338E-04,  5.32338E-04,  5.32338E-04,  5.32338E-04
 5.32338E-04,  2.65700E+00,  1.08184E+00,  2.01685E-01,  5.07058E-02
 2.59845E-02,  1.40254E-02,  7.46059E-03,  3.48645E-03,  2.16186E-03
 1.48702E-03,  1.00999E-03,  7.10896E-04,  5.32183E-04,  4.10427E-04
 3.22193E-04,  6.08512E-04,  6.08512E-04,  5.39213E-04,  5.39213E-04
 5.39213E-04,  5.39213E-04,  5.39213E-04,  5.39213E-04,  2.55049E+00
 1.07185E+00,  2.00053E-01,  5.17059E-02,  2.62358E-02,  1.42926E-02
 7.61126E-03,  3.57341E-03,  2.20224E-03,  1.52179E-03,  1.03939E-03
 7.30431E-04,  5.43871E-04,  4.21770E-04,  3.34972E-04,  6.29800E-04
 6.29800E-04,  5.45385E-04,  5.45385E-04,  5.45385E-04,  5.45385E-04
 5.45385E-04,  5.45385E-04,  2.57744E+00,  1.06791E+00,  1.99875E-01
 5.47454E-02,  2.68817E-02,  1.43148E-02,  7.52327E-03,  3.62370E-03
 2.22657E-03,  1.55722E-03,  1.06925E-03,  7.50049E-04,  5.56895E-04
 4.32966E-04,  3.47243E-04,  6.47691E-04,  6.47691E-04,  5.54007E-04
 5.54007E-04,  5.54007E-04,  5.54007E-04,  5.54007E-04,  5.54007E-04
 2.57579E+00,  1.11018E+00,  1.98600E-01,  5.36490E-02,  2.69029E-02
 1.37942E-02,  7.33081E-03,  3.72061E-03,  2.28341E-03,  1.59308E-03
 1.10690E-03,  7.73985E-04,  5.72672E-04,  4.45365E-04,  3.60007E-04
 6.67243E-04,  6.67243E-04,  5.66878E-04,  5.66878E-04,  5.66878E-04
 5.66878E-04,  5.66878E-04,  5.66878E-04,  2.57275E+00,  1.12619E+00
 1.96384E-01,  5.23455E-02,  2.42273E-02,  1.32541E-02,  7.39492E-03
 3.97290E-03,  2.41651E-03,  1.64829E-03,  1.15391E-03,  8.06177E-04
 5.91304E-04,  4.59006E-04,  3.74486E-04,  6.94713E-04,  6.94713E-04
 5.82816E-04,  5.82816E-04,  5.82816E-04,  5.82816E-04,  5.82816E-04
 5.82816E-04,  3.37077E+00,  1.25735E+00,  2.09098E-01,  5.31816E-02
 2.41959E-02,  1.34299E-02,  7.85106E-03,  4.36628E-03,  2.58338E-03
 1.70959E-03,  1.19350E-03,  8.46418E-04,  6.11265E-04,  4.72105E-04
 3.89624E-04,  7.23170E-04,  7.23170E-04,  5.94074E-04,  5.94074E-04
 5.94074E-04,  5.94074E-04,  5.94074E-04,  5.94074E-04,  2.96777E+00
 1.33052E+00,  2.32187E-01,  5.89197E-02,  2.50017E-02,  1.46622E-02
 8.93881E-03,  4.91760E-03,  2.75357E-03,  1.77067E-03,  1.21405E-03
 8.71631E-04,  6.37452E-04,  4.84938E-04,  4.04641E-04,  7.37384E-04
 7.37384E-04,  6.03601E-04,  6.03601E-04,  6.03601E-04,  6.03601E-04
 6.03601E-04,  6.03601E-04,  3.98457E+00,  1.37937E+00,  2.74746E-01
 7.32232E-02,  2.78884E-02,  1.71395E-02,  1.07280E-02,  5.64751E-03
 2.93168E-03,  1.82531E-03,  1.23562E-03,  8.76038E-04,  6.57349E-04
 4.99749E-04,  4.16545E-04,  7.34691E-04,  7.34691E-04,  6.11022E-04
 6.11022E-04,  6.11022E-04,  6.11022E-04,  6.11022E-04,  6.11022E-04
 3.55244E+00,  1.37607E+00,  3.22942E-01,  8.90379E-02,  3.21142E-02
 2.02079E-02,  1.27815E-02,  6.42326E-03,  3.09294E-03,  1.87009E-03
 1.25756E-03,  8.85490E-04,  6.60025E-04,  5.14496E-04,  4.19558E-04
 7.37009E-04,  7.37009E-04,  6.09618E-04,  6.09618E-04,  6.09618E-04
 6.09618E-04,  6.09618E-04,  6.09618E-04,  3.47872E+00,  1.37896E+00
 3.59233E-01,  9.95855E-02,  3.63353E-02,  2.31772E-02,  1.46878E-02
 7.01826E-03,  3.21971E-03,  1.91088E-03,  1.28109E-03,  8.91123E-04
 6.56909E-04,  5.19555E-04,  4.20471E-04,  7.40354E-04,  7.40354E-04
 6.08946E-04,  6.08946E-04,  6.08946E-04,  6.08946E-04,  6.08946E-04
 6.08946E-04,  3.30429E+00,  1.26023E+00,  3.66504E-01,  9.87622E-02
 3.80001E-02,  2.45324E-02,  1.58547E-02,  7.23435E-03,  3.29924E-03
 1.94694E-03,  1.30447E-03,  9.05140E-04,  6.64276E-04,  5.14153E-04
 4.24903E-04,  7.36042E-04,  7.36042E-04,  6.14749E-04,  6.14749E-04
 6.14749E-04,  6.14749E-04,  6.14749E-04,  6.14749E-04,  4.11700E+00
 1.46152E+00,  3.80844E-01,  1.03937E-01,  3.90847E-02,  2.45364E-02
 1.59280E-02,  7.08463E-03,  3.31765E-03,  1.97398E-03,  1.32676E-03
 9.22765E-04,  6.74785E-04,  5.12178E-04,  4.24224E-04,  7.31248E-04
 7.31248E-04,  6.17192E-04,  6.17192E-04,  6.17192E-04,  6.17192E-04
 6.17192E-04,  6.17192E-04,  3.69093E+00,  1.66112E+00,  4.63691E-01
 1.11051E-01,  3.96127E-02,  2.29809E-02,  1.46051E-02,  6.61696E-03
 3.27643E-03,  2.00112E-03,  1.35523E-03,  9.40245E-04,  6.82531E-04
 5.18875E-04,  4.19670E-04,  7.32060E-04,  7.32060E-04,  6.16746E-04
 6.16746E-04,  6.16746E-04,  6.16746E-04,  6.16746E-04,  6.16746E-04
 4.68530E+00,  1.73913E+00,  4.50006E-01,  1.04392E-01,  3.65712E-02
 2.10409E-02,  1.30171E-02,  5.98419E-03,  3.16184E-03,  2.05099E-03
 1.39153E-03,  9.63701E-04,  6.96223E-04,  5.28412E-04,  4.20472E-04
 7.36045E-04,  7.36045E-04,  6.15456E-04,  6.15456E-04,  6.15456E-04
 6.15456E-04,  6.15456E-04,  6.15456E-04,  4.98724E+00,  1.61637E+00
 3.60759E-01,  8.86235E-02,  3.33572E-02,  1.88838E-02,  1.15720E-02
 5.49956E-03,  3.16242E-03,  2.10768E-03,  1.44173E-03,  9.90466E-04
 7.13330E-04,  5.39286E-04,  4.25207E-04,  7.42871E-04,  7.42871E-04
 6.11087E-04,  6.11087E-04,  6.11087E-04,  6.11087E-04,  6.11087E-04
 6.11087E-04,  5.48650E+00,  1.51158E+00,  3.30085E-01,  8.70127E-02
 3.22780E-02,  1.78294E-02,  1.07365E-02,  5.26616E-03,  3.24628E-03
 2.20421E-03,  1.50157E-03,  1.02595E-03,  7.36543E-04,  5.53814E-04
 4.33832E-04,  7.52358E-04,  7.52358E-04,  6.07767E-04,  6.07767E-04
 6.07767E-04,  6.07767E-04,  6.07767E-04,  6.07767E-04,  5.37424E+00
 1.62521E+00,  3.48617E-01,  9.65015E-02,  3.50913E-02,  1.75766E-02
 9.62538E-03,  5.15591E-03,  3.40009E-03,  2.34441E-03,  1.57847E-03
 1.07410E-03,  7.64606E-04,  5.70782E-04,  4.43138E-04,  7.61499E-04
 7.61499E-04,  6.05827E-04,  6.05827E-04,  6.05827E-04,  6.05827E-04
 6.05827E-04,  6.05827E-04,  5.23264E+00,  1.99828E+00,  4.31561E-01
 1.15537E-01,  4.14436E-02,  1.87246E-02,  9.30914E-03,  5.31897E-03
 3.67399E-03,  2.51007E-03,  1.67119E-03,  1.12745E-03,  7.92364E-04
 5.85203E-04,  4.49092E-04,  7.62763E-04,  7.62763E-04,  6.01727E-04
 6.01727E-04,  6.01727E-04,  6.01727E-04,  6.01727E-04,  6.01727E-04
 5.40527E+00,  1.98111E+00,  5.07809E-01,  1.43391E-01,  5.02384E-02
 2.11933E-02,  9.73641E-03,  5.78340E-03,  4.01817E-03,  2.69135E-03
 1.76352E-03,  1.17206E-03,  8.11323E-04,  5.93522E-04,  4.52576E-04
 7.57941E-04,  7.57941E-04,  5.97024E-04,  5.97024E-04,  5.97024E-04
 5.97024E-04,  5.97024E-04,  5.97024E-04,  6.39473E+00,  2.15355E+00
 5.77988E-01,  1.61191E-01,  5.84328E-02,  2.27568E-02,  1.01206E-02
 6.47399E-03,  4.31324E-03,  2.83725E-03,  1.82459E-03,  1.19004E-03
 8.20341E-04,  5.96888E-04,  4.52322E-04,  7.51098E-04,  7.51098E-04
 5.92359E-04,  5.92359E-04,  5.92359E-04,  5.92359E-04,  5.92359E-04
 5.92359E-04,  5.62071E+00,  1.65658E+00,  5.65679E-01,  1.64442E-01
 6.06729E-02,  2.29808E-02,  1.09858E-02,  7.01342E-03,  4.36704E-03
 2.95154E-03,  1.87735E-03,  1.19578E-03,  8.20627E-04,  5.96859E-04
 4.51465E-04,  7.46519E-04,  7.46519E-04,  5.86230E-04,  5.86230E-04
 5.86230E-04,  5.86230E-04,  5.86230E-04,  5.86230E-04,  4.85950E+00
 2.12429E+00,  5.66873E-01,  1.52416E-01,  5.55160E-02,  2.24361E-02
 1.16726E-02,  6.74982E-03,  4.46551E-03,  3.07638E-03,  1.91035E-03
 1.21128E-03,  8.26314E-04,  6.00458E-04,  4.52384E-04,  7.45410E-04
 7.45410E-04,  5.81031E-04,  5.81031E-04,  5.81031E-04,  5.81031E-04
 5.81031E-04,  5.81031E-04,  5.01728E+00,  1.92001E+00,  5.76702E-01
 1.54027E-01,  4.99759E-02,  1.97452E-02,  9.79106E-03,  6.37489E-03
 4.84884E-03,  3.15777E-03,  1.93346E-03,  1.22057E-03,  8.32427E-04
 6.01568E-04,  4.53439E-04,  7.45127E-04,  7.45127E-04,  5.76971E-04
 5.76971E-04,  5.76971E-04,  5.76971E-04,  5.76971E-04,  5.76971E-04
 6.11610E+00,  1.98814E+00,  6.90007E-01,  1.74508E-01,  4.78216E-02
 1.91703E-02,  9.71104E-03,  7.40499E-03,  5.09362E-03,  3.18881E-03
 1.92801E-03,  1.21425E-03,  8.31104E-04,  6.01627E-04,  4.54834E-04
 7.42633E-04,  7.42633E-04,  5.71923E-04,  5.71923E-04,  5.71923E-04
 5.71923E-04,  5.71923E-04,  5.71923E-04,  5.72656E+00,  3.48611E+00
 8.52958E-01,  1.76619E-01,  4.50847E-02,  1.99153E-02,  1.28984E-02
 8.57777E-03,  5.27566E-03,  3.17902E-03,  1.90617E-03,  1.20373E-03
 8.29387E-04,  6.03260E-04,  4.56912E-04,  7.40770E-04,  7.40770E-04
 5.66976E-04,  5.66976E-04,  5.66976E-04,  5.66976E-04,  5.66976E-04
 5.66976E-04,  6.10279E+00,  2.18221E+00,  6.89295E-01,  1.51029E-01
 4.38501E-02,  2.09796E-02,  1.34721E-02,  8.74306E-03,  5.28994E-03
 3.13054E-03,  1.87171E-03,  1.19027E-03,  8.27150E-04,  6.05112E-04
 4.58809E-04,  7.39273E-04,  7.39273E-04,  5.62340E-04,  5.62340E-04
 5.62340E-04,  5.62340E-04,  5.62340E-04,  5.62340E-04,  7.95289E+00
 1.90066E+00,  5.05112E-01,  1.19646E-01,  5.01231E-02,  2.23104E-02
 1.30144E-02,  8.19462E-03,  5.05892E-03,  3.03967E-03,  1.82521E-03
 1.17542E-03,  8.24116E-04,  6.05969E-04,  4.59476E-04,  7.37236E-04
 7.37236E-04,  5.57106E-04,  5.57106E-04,  5.57106E-04,  5.57106E-04
 5.57106E-04,  5.57106E-04,  4.02722E+00,  1.63718E+00,  3.92149E-01
 1.45488E-01,  5.87708E-02,  2.07035E-02,  1.03377E-02,  7.11965E-03
 4.63491E-03,  2.89948E-03,  1.78381E-03,  1.17037E-03,  8.24823E-04
 6.07944E-04,  4.59974E-04,  7.37448E-04,  7.37448E-04,  5.53010E-04
 5.53010E-04,  5.53010E-04,  5.53010E-04,  5.53010E-04,  5.53010E-04
 4.25391E+00,  1.66255E+00,  4.18206E-01,  1.43937E-01,  5.20296E-02
 1.57486E-02,  8.10905E-03,  5.81430E-03,  4.17933E-03,  2.63761E-03
 1.74958E-03,  1.16636E-03,  8.25567E-04,  6.09081E-04,  4.60178E-04
 7.38814E-04,  7.38814E-04,  5.50026E-04,  5.50026E-04,  5.50026E-04
 5.50026E-04,  5.50026E-04,  5.50026E-04,  3.66794E+00,  1.45979E+00
 3.08866E-01,  8.50558E-02,  3.07197E-02,  1.06724E-02,  6.81862E-03
 5.18675E-03,  3.89506E-03,  2.47955E-03,  1.70238E-03,  1.15128E-03
 8.22293E-04,  6.06822E-04,  4.59285E-04,  7.38879E-04,  7.38879E-04
 5.46448E-04,  5.46448E-04,  5.46448E-04,  5.46448E-04,  5.46448E-04
 5.46448E-04,  3.85574E+00,  1.42297E+00,  2.57580E-01,  6.04455E-02
 2.13862E-02,  1.01208E-02,  7.23153E-03,  4.77592E-03,  3.49004E-03
 2.47564E-03,  1.64415E-03,  1.13872E-03,  8.19272E-04,  6.02773E-04
 4.59244E-04,  7.39590E-04,  7.39590E-04,  5.43132E-04,  5.43132E-04
 5.43132E-04,  5.43132E-04,  5.43132E-04,  5.43132E-04,  4.27029E+00
 1.44385E+00,  2.70570E-01,  6.46694E-02,  2.00564E-02,  1.13114E-02
 8.38359E-03,  5.50194E-03,  3.44154E-03,  2.46219E-03,  1.58054E-03
 1.13141E-03,  8.20596E-04,  5.98769E-04,  4.60219E-04,  7.41078E-04
 7.41078E-04,  5.40076E-04,  5.40076E-04,  5.40076E-04,  5.40076E-04
 5.40076E-04,  5.40076E-04,  3.67038E+00,  1.54026E+00,  3.31401E-01
 8.49120E-02,  2.34073E-02,  1.14476E-02,  9.26330E-03,  6.41009E-03
 3.69183E-03,  2.44717E-03,  1.58961E-03,  1.14347E-03,  8.13225E-04
 5.97847E-04,  4.61598E-04,  7.42363E-04,  7.42363E-04,  5.36411E-04
 5.36411E-04,  5.36411E-04,  5.36411E-04,  5.36411E-04,  5.36411E-04
 6.24600E+00,  1.80199E+00,  3.92076E-01,  1.12219E-01,  2.97892E-02
 1.31815E-02,  1.04426E-02,  7.13494E-03,  4.10458E-03,  2.46982E-03
 1.62742E-03,  1.15038E-03,  8.12070E-04,  6.02699E-04,  4.64411E-04
 7.45817E-04,  7.45817E-04,  5.33692E-04,  5.33692E-04,  5.33692E-04
 5.33692E-04,  5.33692E-04,  5.33692E-04,  5.06236E+00,  2.03642E+00
 4.19963E-01,  1.20510E-01,  3.99810E-02,  1.71264E-02,  1.22213E-02
 8.08636E-03,  4.50764E-03,  2.49755E-03,  1.69235E-03,  1.15231E-03
 8.18455E-04,  6.09768E-04,  4.68127E-04,  7.51219E-04,  7.51219E-04
 5.31917E-04,  5.31917E-04,  5.31917E-04,  5.31917E-04,  5.31917E-04
 5.31917E-04,  9.79104E+00,  2.70477E+00,  4.61865E-01,  1.14262E-01
 4.79507E-02,  2.34205E-02,  1.36242E-02,  8.72769E-03,  4.80508E-03
 2.63256E-03,  1.71190E-03,  1.13516E-03,  8.33933E-04,  6.14098E-04
 4.71669E-04,  7.56386E-04,  7.56386E-04,  5.29579E-04,  5.29579E-04
 5.29579E-04,  5.29579E-04,  5.29579E-04,  5.29579E-04,  6.84871E+00
 3.56109E+00,  4.83663E-01,  1.06897E-01,  4.28251E-02,  2.41222E-02
 1.40006E-02,  8.84954E-03,  4.92832E-03,  2.69683E-03,  1.64079E-03
 1.13431E-03,  8.54265E-04,  6.17791E-04,  4.75819E-04,  7.62990E-04
 7.62990E-04,  5.27533E-04,  5.27533E-04,  5.27533E-04,  5.27533E-04
 5.27533E-04,  5.27533E-04,  1.14279E+01,  2.73390E+00,  3.92047E-01
 9.71672E-02,  3.61292E-02,  1.68927E-02,  1.25806E-02,  8.36465E-03
 4.90228E-03,  2.65330E-03,  1.61130E-03,  1.15646E-03,  8.56192E-04
 6.24283E-04,  4.81917E-04,  7.69212E-04,  7.69212E-04,  5.25819E-04
 5.25819E-04,  5.25819E-04,  5.25819E-04,  5.25819E-04,  5.25819E-04
 9.94422E+00,  2.97897E+00,  4.08418E-01,  9.99307E-02,  3.88889E-02
 1.68804E-02,  1.09647E-02,  7.75961E-03,  4.52882E-03,  2.55080E-03
 1.65232E-03,  1.18819E-03,  8.16471E-04,  6.43104E-04,  4.88124E-04
 7.73035E-04,  7.73035E-04,  5.23681E-04,  5.23681E-04,  5.23681E-04
 5.23681E-04,  5.23681E-04,  5.23681E-04,  9.44210E+00,  3.78954E+00
 5.44986E-01,  1.13413E-01,  3.98476E-02,  1.78321E-02,  9.94964E-03
 7.17724E-03,  4.37569E-03,  2.48325E-03,  1.64222E-03,  1.15310E-03
 8.23545E-04,  6.55547E-04,  4.97801E-04,  7.77290E-04,  7.77290E-04
 5.22476E-04,  5.22476E-04,  5.22476E-04,  5.22476E-04,  5.22476E-04
 5.22476E-04,  1.06303E+01,  3.59062E+00,  5.74764E-01,  1.21554E-01
 3.89156E-02,  1.64219E-02,  9.85397E-03,  6.48922E-03,  4.12842E-03
 2.46078E-03,  1.63129E-03,  1.12676E-03,  8.52478E-04,  6.51274E-04
 5.12900E-04,  7.81900E-04,  7.81900E-04,  5.22151E-04,  5.22151E-04
 5.22151E-04,  5.22151E-04,  5.22151E-04,  5.22151E-04,  1.00970E+01
 2.44475E+00,  5.11425E-01,  1.14403E-01,  3.87598E-02,  1.75852E-02
 9.94772E-03,  6.21418E-03,  3.87058E-03,  2.46673E-03,  1.64165E-03
 1.13238E-03,  8.56091E-04,  6.43977E-04,  5.20289E-04,  7.86285E-04
 7.86285E-04,  5.21375E-04,  5.21375E-04,  5.21375E-04,  5.21375E-04
 5.21375E-04,  5.21375E-04,  9.72337E+00,  2.72718E+00,  6.25940E-01
 1.13092E-01,  4.13314E-02,  1.97112E-02,  1.08241E-02,  6.42490E-03
 3.92784E-03,  2.48773E-03,  1.66516E-03,  1.16526E-03,  8.42599E-04
 6.50110E-04,  5.05245E-04,  7.94591E-04,  7.94591E-04,  5.20917E-04
 5.20917E-04,  5.20917E-04,  5.20917E-04,  5.20917E-04,  5.20917E-04
 8.76644E+00,  2.91315E+00,  7.19572E-01,  1.20222E-01,  4.27674E-02
 2.17079E-02,  1.23571E-02,  7.00161E-03,  4.13017E-03,  2.57325E-03
 1.71602E-03,  1.19071E-03,  8.42743E-04,  6.40817E-04,  4.91270E-04
 7.98945E-04,  7.98945E-04,  5.20819E-04,  5.20819E-04,  5.20819E-04
 5.20819E-04,  5.20819E-04,  5.20819E-04,  8.95091E+00,  2.01369E+00
 6.02505E-01,  1.13933E-01,  4.17016E-02,  2.23187E-02,  1.28115E-02
 7.44617E-03,  4.37274E-03,  2.70105E-03,  1.78641E-03,  1.21864E-03
 8.48903E-04,  6.22768E-04,  4.89251E-04,  7.89279E-04,  7.89279E-04
 5.20323E-04,  5.20323E-04,  5.20323E-04,  5.20323E-04,  5.20323E-04
 5.20323E-04,  8.35782E+00,  2.09392E+00,  5.38037E-01,  1.04198E-01
 3.86945E-02,  2.13885E-02,  1.28360E-02,  7.53635E-03,  4.50512E-03
 2.84242E-03,  1.87069E-03,  1.25409E-03,  8.58745E-04,  6.13825E-04
 4.82136E-04,  7.72971E-04,  7.72971E-04,  5.20804E-04,  5.20804E-04
 5.20804E-04,  5.20804E-04,  5.20804E-04,  5.20804E-04,  7.90984E+00
 1.79128E+00,  5.03638E-01,  1.07948E-01,  3.90205E-02,  2.01895E-02
 1.22420E-02,  7.40147E-03,  4.55627E-03,  2.96122E-03,  1.95598E-03
 1.29458E-03,  8.72139E-04,  6.10598E-04,  4.70658E-04,  7.49963E-04
 7.49963E-04,  5.22532E-04,  5.22532E-04,  5.22532E-04,  5.22532E-04
 5.22532E-04,  5.22532E-04,  7.19708E+00,  1.89181E+00,  4.58657E-01
 1.23907E-01,  4.39050E-02,  1.92902E-02,  1.13119E-02,  7.00360E-03
 4.51649E-03,  3.03116E-03,  2.02248E-03,  1.33188E-03,  8.85501E-04
 6.09011E-04,  4.55570E-04,  7.28610E-04,  7.28610E-04,  5.23378E-04
 5.23378E-04,  5.23378E-04,  5.23378E-04,  5.23378E-04,  5.23378E-04
 8.04086E+00,  1.65175E+00,  4.72852E-01,  1.39208E-01,  4.76273E-02
 1.98966E-02,  1.02591E-02,  6.50377E-03,  4.44991E-03,  3.05547E-03
 2.06512E-03,  1.36289E-03,  8.98272E-04,  6.08700E-04,  4.41178E-04
 7.18884E-04,  7.18884E-04,  5.22441E-04,  5.22441E-04,  5.22441E-04
 5.22441E-04,  5.22441E-04,  5.22441E-04,  6.06407E+00,  2.08331E+00
 5.09132E-01,  1.39871E-01,  4.68296E-02,  1.85109E-02,  9.85766E-03
 6.34751E-03,  4.39352E-03,  3.05433E-03,  2.08105E-03,  1.38301E-03
 9.08809E-04,  6.09035E-04,  4.30881E-04,  7.17884E-04,  7.17884E-04
 5.19387E-04,  5.19387E-04,  5.19387E-04,  5.19387E-04,  5.19387E-04
 5.19387E-04,  6.26104E+00,  1.86058E+00,  4.66847E-01,  1.29647E-01
 4.29175E-02,  1.79479E-02,  1.01395E-02,  6.75895E-03,  4.47907E-03
 3.04187E-03,  2.07085E-03,  1.38743E-03,  9.14140E-04,  6.08513E-04
 4.24207E-04,  7.13216E-04,  7.13216E-04,  5.14535E-04,  5.14535E-04
 5.14535E-04,  5.14535E-04,  5.14535E-04,  5.14535E-04,  7.48687E+00
 1.61774E+00,  4.14055E-01,  1.21789E-01,  4.14942E-02,  1.81006E-02
 1.13436E-02,  7.60966E-03,  4.77505E-03,  3.05861E-03,  2.04754E-03
 1.38103E-03,  9.16361E-04,  6.08841E-04,  4.20889E-04,  7.05949E-04
 7.05949E-04,  5.08964E-04,  5.08964E-04,  5.08964E-04,  5.08964E-04
 5.08964E-04,  5.08964E-04,  6.92517E+00,  1.76707E+00,  4.20062E-01
 1.14339E-01,  4.13212E-02,  1.88211E-02,  1.30742E-02,  8.61714E-03
 5.05624E-03,  3.09083E-03,  2.02815E-03,  1.36450E-03,  9.14693E-04
 6.09383E-04,  4.19593E-04,  6.98551E-04,  6.98551E-04,  5.02373E-04
 5.02373E-04,  5.02373E-04,  5.02373E-04,  5.02373E-04,  5.02373E-04
 7.13949E+00,  1.90579E+00,  4.81428E-01,  1.16807E-01,  4.13912E-02
 1.98286E-02,  1.43035E-02,  9.45422E-03,  5.29225E-03,  3.09389E-03
 1.98786E-03,  1.33456E-03,  9.05181E-04,  6.07332E-04,  4.18044E-04
 6.86373E-04,  6.86373E-04,  4.94625E-04,  4.94625E-04,  4.94625E-04
 4.94625E-04,  4.94625E-04,  4.94625E-04,  7.26162E+00,  2.35702E+00
 5.66348E-01,  1.24424E-01,  4.22604E-02,  1.97569E-02,  1.49100E-02
 9.84266E-03,  5.41586E-03,  2.97893E-03,  1.90947E-03,  1.29255E-03
 8.88983E-04,  6.03314E-04,  4.16414E-04,  6.69105E-04,  6.69105E-04
 4.86916E-04,  4.86916E-04,  4.86916E-04,  4.86916E-04,  4.86916E-04
 4.86916E-04,  9.70442E+00,  2.11183E+00,  5.38607E-01,  1.22333E-01
 3.92112E-02,  1.97889E-02,  1.47823E-02,  9.55215E-03,  5.39093E-03
 2.88778E-03,  1.79727E-03,  1.23463E-03,  8.65803E-04,  5.96854E-04
 4.14202E-04,  6.46927E-04,  6.46927E-04,  4.79417E-04,  4.79417E-04
 4.79417E-04,  4.79417E-04,  4.79417E-04,  4.79417E-04,  7.98356E+00
 2.57746E+00,  4.49843E-01,  9.90089E-02,  3.74509E-02,  1.94509E-02
 1.34938E-02,  8.83931E-03,  5.22682E-03,  2.74913E-03,  1.65945E-03
 1.17288E-03,  8.34547E-04,  5.87705E-04,  4.10887E-04,  6.21023E-04
 6.21023E-04,  4.71787E-04,  4.71787E-04,  4.71787E-04,  4.71787E-04
 4.71787E-04,  4.71787E-04,  1.01220E+01,  2.16898E+00,  3.54998E-01
 7.56143E-02,  3.73029E-02,  1.81052E-02,  1.20566E-02,  8.17655E-03
 4.91694E-03,  2.55510E-03,  1.51721E-03,  1.10801E-03,  8.01584E-04
 5.78095E-04,  4.07916E-04,  5.94312E-04,  5.94312E-04,  4.64196E-04
 4.64196E-04,  4.64196E-04,  4.64196E-04,  4.64196E-04,  4.64196E-04
 1.06960E+01,  2.40933E+00,  3.41605E-01,  7.94636E-02,  3.77718E-02
 1.74723E-02,  1.06000E-02,  7.20905E-03,  4.60300E-03,  2.28980E-03
 1.37702E-03,  1.04732E-03,  7.68215E-04,  5.67822E-04,  4.04352E-04
 5.62031E-04,  5.62031E-04,  4.56456E-04,  4.56456E-04,  4.56456E-04
 4.56456E-04,  4.56456E-04,  4.56456E-04,  9.76176E+00,  3.80547E+00
 4.56318E-01,  9.37501E-02,  3.69266E-02,  1.46985E-02,  8.80365E-03
 6.22762E-03,  4.19448E-03,  2.03682E-03,  1.23414E-03,  9.93131E-04
 7.45120E-04,  5.55866E-04,  3.98297E-04,  5.38028E-04,  5.38028E-04
 4.48692E-04,  4.48692E-04,  4.48692E-04,  4.48692E-04,  4.48692E-04
 4.48692E-04,  1.02748E+01,  3.59501E+00,  4.47561E-01,  8.82180E-02
 3.33670E-02,  1.19253E-02,  6.96907E-03,  5.04398E-03,  3.49948E-03
 1.84740E-03,  1.10349E-03,  9.45381E-04,  7.39988E-04,  5.44450E-04
 3.90217E-04,  5.35122E-04,  5.35122E-04,  4.41298E-04,  4.41298E-04
 4.41298E-04,  4.41298E-04,  4.41298E-04,  4.41298E-04,  8.08392E+00
 3.04076E+00,  3.27483E-01,  8.42986E-02,  3.74616E-02,  1.12266E-02
 5.75485E-03,  4.18473E-03,  2.85160E-03,  1.64067E-03,  1.03593E-03
 8.96679E-04,  7.33591E-04,  5.40596E-04,  3.81858E-04,  5.43925E-04
 5.43925E-04,  4.33910E-04,  4.33910E-04,  4.33910E-04,  4.33910E-04
 4.33910E-04,  4.33910E-04,  9.73319E+00,  2.25083E+00,  2.91432E-01
 9.28249E-02,  3.70868E-02,  9.96916E-03,  5.32752E-03,  3.87519E-03
 2.58798E-03,  1.43851E-03,  9.94841E-04,  8.64274E-04,  7.21340E-04
 5.34232E-04,  3.75711E-04,  5.44919E-04,  5.44919E-04,  4.26080E-04
 4.26080E-04,  4.26080E-04,  4.26080E-04,  4.26080E-04,  4.26080E-04
 8.03751E+00,  3.45038E+00,  4.18398E-01,  1.12939E-01,  3.15964E-02
 9.27799E-03,  5.20805E-03,  3.66336E-03,  2.35531E-03,  1.29261E-03
 9.98789E-04,  8.63549E-04,  7.08969E-04,  5.30284E-04,  3.74940E-04
 5.42293E-04,  5.42293E-04,  4.17390E-04,  4.17390E-04,  4.17390E-04
 4.17390E-04,  4.17390E-04,  4.17390E-04,  7.85791E+00,  4.13746E+00
 5.06552E-01,  1.06183E-01,  2.94181E-02,  1.08911E-02,  5.04646E-03
 3.36491E-03,  2.12981E-03,  1.27801E-03,  1.05332E-03,  8.61270E-04
 7.09024E-04,  5.30548E-04,  3.75804E-04,  5.42634E-04,  5.42634E-04
 4.07595E-04,  4.07595E-04,  4.07595E-04,  4.07595E-04,  4.07595E-04
 4.07595E-04,  1.09270E+01,  2.58582E+00,  3.21852E-01,  9.06906E-02
 3.95365E-02,  1.21823E-02,  5.81070E-03,  3.53634E-03,  2.21414E-03
 1.37526E-03,  1.14466E-03,  8.74962E-04,  7.20027E-04,  5.33549E-04
 3.74036E-04,  5.37948E-04,  5.37948E-04,  3.97406E-04,  3.97406E-04
 3.97406E-04,  3.97406E-04,  3.97406E-04,  3.97406E-04,  9.44930E+00
 2.86358E+00,  3.08917E-01,  8.62400E-02,  4.45352E-02,  1.24749E-02
 5.57794E-03,  3.86150E-03,  2.59978E-03,  1.58725E-03,  1.25398E-03
 9.15950E-04,  7.33979E-04,  5.38819E-04,  3.69183E-04,  5.27400E-04
 5.27400E-04,  3.87420E-04,  3.87420E-04,  3.87420E-04,  3.87420E-04
 3.87420E-04,  3.87420E-04,  1.02849E+01,  3.02636E+00,  3.78935E-01
 7.46502E-02,  3.53904E-02,  1.16116E-02,  6.24685E-03,  4.65515E-03
 3.19145E-03,  1.91253E-03,  1.35477E-03,  9.71530E-04,  7.48258E-04
 5.45513E-04,  3.61640E-04,  5.12481E-04,  5.12481E-04,  3.77525E-04
 3.77525E-04,  3.77525E-04,  3.77525E-04,  3.77525E-04,  3.77525E-04
 1.05310E+01,  3.33588E+00,  4.24538E-01,  8.76484E-02,  3.31274E-02
 1.36312E-02,  8.34298E-03,  5.99299E-03,  3.92099E-03,  2.31416E-03
 1.40644E-03,  1.05362E-03,  7.65701E-04,  5.43973E-04,  3.51463E-04
 4.93000E-04,  4.93000E-04,  3.67214E-04,  3.67214E-04,  3.67214E-04
 3.67214E-04,  3.67214E-04,  3.67214E-04,  9.51373E+00,  3.64818E+00
 4.58783E-01,  8.75659E-02,  3.47595E-02,  1.76792E-02,  1.08305E-02
 7.66981E-03,  4.74892E-03,  2.50426E-03,  1.48919E-03,  1.14292E-03
 7.77767E-04,  5.42338E-04,  3.41048E-04,  4.76012E-04,  4.76012E-04
 3.55680E-04,  3.55680E-04,  3.55680E-04,  3.55680E-04,  3.55680E-04
 3.55680E-04,  9.54235E+00,  3.12859E+00,  4.29364E-01,  8.49279E-02
 3.41489E-02,  1.82047E-02,  1.37123E-02,  9.38612E-03,  5.49609E-03
 2.60412E-03,  1.72523E-03,  1.17200E-03,  8.02410E-04,  5.36241E-04
 3.29671E-04,  4.60144E-04,  4.60144E-04,  3.43093E-04,  3.43093E-04
 3.43093E-04,  3.43093E-04,  3.43093E-04,  3.43093E-04,  9.68205E+00
 2.49794E+00,  4.05673E-01,  8.17229E-02,  3.44009E-02,  1.73477E-02
 1.34860E-02,  1.01190E-02,  5.73052E-03,  2.97150E-03,  1.86439E-03
 1.17938E-03,  8.18202E-04,  5.21251E-04,  3.14945E-04,  4.40651E-04
 4.40651E-04,  3.30787E-04,  3.30787E-04,  3.30787E-04,  3.30787E-04
 3.30787E-04,  3.30787E-04,  9.33591E+00,  2.98463E+00,  4.79227E-01
 8.61332E-02,  3.48846E-02,  1.64088E-02,  1.15287E-02,  9.41629E-03
 5.68415E-03,  3.18982E-03,  1.87077E-03,  1.17277E-03,  8.21489E-04
 4.99566E-04,  2.98975E-04,  4.20630E-04,  4.20630E-04,  3.19157E-04
 3.19157E-04,  3.19157E-04,  3.19157E-04,  3.19157E-04,  3.19157E-04
 8.06943E+00,  2.53430E+00,  4.86310E-01,  9.81157E-02,  3.66423E-02
 1.53676E-02,  1.03055E-02,  7.81881E-03,  5.40069E-03,  3.13817E-03
 1.88946E-03,  1.25539E-03,  7.99198E-04,  4.73768E-04,  2.82311E-04
 4.00202E-04,  4.00202E-04,  3.08853E-04,  3.08853E-04,  3.08853E-04
 3.08853E-04,  3.08853E-04,  3.08853E-04,  9.70202E+00,  2.26591E+00
 4.80735E-01,  1.13166E-01,  3.59303E-02,  1.47028E-02,  9.08775E-03
 6.36681E-03,  4.58401E-03,  2.89069E-03,  1.85141E-03,  1.23374E-03
 7.59621E-04,  4.44849E-04,  2.66045E-04,  3.80222E-04,  3.80222E-04
 2.99321E-04,  2.99321E-04,  2.99321E-04,  2.99321E-04,  2.99321E-04
 2.99321E-04,  7.40590E+00,  2.36046E+00,  5.38556E-01,  1.14871E-01
 3.34796E-02,  1.45465E-02,  8.42889E-03,  5.57943E-03,  3.87264E-03
 2.64462E-03,  1.79547E-03,  1.16962E-03,  7.12933E-04,  4.17697E-04
 2.52456E-04,  3.63955E-04,  3.63955E-04,  2.87858E-04,  2.87858E-04
 2.87858E-04,  2.87858E-04,  2.87858E-04,  2.87858E-04,  7.18871E+00
 2.36597E+00,  6.01988E-01,  1.26945E-01,  3.49978E-02,  1.46623E-02
 8.30944E-03,  5.45621E-03,  3.74701E-03,  2.42382E-03,  1.66267E-03
 1.08464E-03,  6.61755E-04,  3.91444E-04,  2.40511E-04,  3.48883E-04
 3.48883E-04,  2.74340E-04,  2.74340E-04,  2.74340E-04,  2.74340E-04
 2.74340E-04,  2.74340E-04,  8.38514E+00,  2.13059E+00,  5.29191E-01
 1.13311E-01,  3.97479E-02,  1.53592E-02,  8.60245E-03,  6.03941E-03
 3.91491E-03,  2.28701E-03,  1.50790E-03,  9.86708E-04,  6.07157E-04
 3.65551E-04,  2.29749E-04,  3.33468E-04,  3.33468E-04,  2.62349E-04
 2.62349E-04,  2.62349E-04,  2.62349E-04,  2.62349E-04,  2.62349E-04
 7.47532E+00,  1.71747E+00,  4.01989E-01,  9.38828E-02,  4.01477E-02
 1.53204E-02,  9.37385E-03,  6.76863E-03,  4.04848E-03,  2.15004E-03
 1.35473E-03,  8.88395E-04,  5.56117E-04,  3.43351E-04,  2.21654E-04
 3.19560E-04,  3.19560E-04,  2.55840E-04,  2.55840E-04,  2.55840E-04
 2.55840E-04,  2.55840E-04,  2.55840E-04,  8.20685E+00,  1.46182E+00
 3.42826E-01,  6.30504E-02,  3.40264E-02,  1.53323E-02,  1.11116E-02
 7.08120E-03,  4.02494E-03,  2.01264E-03,  1.20741E-03,  7.97625E-04
 5.12002E-04,  3.25544E-04,  2.15981E-04,  3.07066E-04,  3.07066E-04
 2.52424E-04,  2.52424E-04,  2.52424E-04,  2.52424E-04,  2.52424E-04
 2.52424E-04,  9.15336E+00,  2.01651E+00,  4.90708E-01,  8.76590E-02
 3.54769E-02,  1.60608E-02,  9.87254E-03,  6.52429E-03,  3.74013E-03
 1.82646E-03,  1.06005E-03,  7.18637E-04,  4.76612E-04,  3.12305E-04
 2.11844E-04,  2.96996E-04,  2.96996E-04,  2.48188E-04,  2.48188E-04
 2.48188E-04,  2.48188E-04,  2.48188E-04,  2.48188E-04,  6.31385E+00
 3.82103E+00,  8.74434E-01,  9.36339E-02,  3.59168E-02,  1.37929E-02
 8.00169E-03,  5.94788E-03,  3.25371E-03,  1.63409E-03,  9.43088E-04
 6.56254E-04,  4.51932E-04,  3.04103E-04,  2.08796E-04,  2.88115E-04
 2.88115E-04,  2.44276E-04,  2.44276E-04,  2.44276E-04,  2.44276E-04
 2.44276E-04,  2.44276E-04,  5.80006E+00,  2.69292E+00,  6.75158E-01
 1.16926E-01,  3.64290E-02,  1.30002E-02,  7.07493E-03,  4.90221E-03
 2.83157E-03,  1.46056E-03,  8.42904E-04,  6.12330E-04,  4.36389E-04
 2.99008E-04,  2.06630E-04,  2.77550E-04,  2.77550E-04,  2.38632E-04
 2.38632E-04,  2.38632E-04,  2.38632E-04,  2.38632E-04,  2.38632E-04
 1.02127E+01,  2.23286E+00,  3.90269E-01,  1.06634E-01,  3.94291E-02
 1.41443E-02,  5.81065E-03,  4.30189E-03,  2.43856E-03,  1.29551E-03
 7.87334E-04,  5.78297E-04,  4.27390E-04,  2.95425E-04,  2.05244E-04
 2.64768E-04,  2.64768E-04,  2.28281E-04,  2.28281E-04,  2.28281E-04
 2.28281E-04,  2.28281E-04,  2.28281E-04,  6.97003E+00,  4.45898E+00
 5.57789E-01,  7.91204E-02,  3.26272E-02,  1.45929E-02,  6.35429E-03
 4.21185E-03,  2.22472E-03,  1.15675E-03,  7.47141E-04,  5.61509E-04
 4.21866E-04,  2.92533E-04,  2.04226E-04,  2.53449E-04,  2.53449E-04
 2.16825E-04,  2.16825E-04,  2.16825E-04,  2.16825E-04,  2.16825E-04
 2.16825E-04,  1.03596E+01,  2.87619E+00,  2.19872E-01,  1.34570E-01
 4.21893E-02,  1.29041E-02,  5.82764E-03,  3.72230E-03,  1.92852E-03
 1.05189E-03,  7.27907E-04,  5.51407E-04,  4.15352E-04,  2.90095E-04
 2.04596E-04,  2.44119E-04,  2.44119E-04,  2.06809E-04,  2.06809E-04
 2.06809E-04,  2.06809E-04,  2.06809E-04,  2.06809E-04,  1.39412E+01
 2.87990E+00,  4.73588E-01,  1.15026E-01,  4.10582E-02,  1.39233E-02
 5.17592E-03,  3.08504E-03,  1.65870E-03,  9.76256E-04,  7.21562E-04
 5.53666E-04,  4.08015E-04,  2.89990E-04,  2.05609E-04,  2.35675E-04
 2.35675E-04,  1.98491E-04,  1.98491E-04,  1.98491E-04,  1.98491E-04
 1.98491E-04,  1.98491E-04,  7.05085E+00,  5.97498E+00,  6.04895E-01
 1.17194E-01,  2.89895E-02,  1.14169E-02,  4.69289E-03,  2.60509E-03
 1.50064E-03,  9.62144E-04,  7.36618E-04,  5.64985E-04,  4.09045E-04
 2.90705E-04,  2.06043E-04,  2.27477E-04,  2.27477E-04,  1.92445E-04
 1.92445E-04,  1.92445E-04,  1.92445E-04,  1.92445E-04,  1.92445E-04
 7.93946E+00,  2.80828E+00,  5.27219E-01,  1.18563E-01,  2.40195E-02
 8.91429E-03,  3.99797E-03,  2.38706E-03,  1.41640E-03,  9.82586E-04
 7.70168E-04,  5.74747E-04,  4.10576E-04,  2.90679E-04,  2.05737E-04
 2.19665E-04,  2.19665E-04,  1.87087E-04,  1.87087E-04,  1.87087E-04
 1.87087E-04,  1.87087E-04,  1.87087E-04,  5.14339E+00,  2.68555E+00
 3.94405E-01,  1.20796E-01,  2.48666E-02,  6.69509E-03,  3.79489E-03
 2.13901E-03,  1.35875E-03,  1.00118E-03,  7.73954E-04,  5.88346E-04
 4.07323E-04,  2.87743E-04,  2.04244E-04,  2.12010E-04,  2.12010E-04
 1.81805E-04,  1.81805E-04,  1.81805E-04,  1.81805E-04,  1.81805E-04
 1.81805E-04,  5.32899E+00,  1.99349E+00,  3.02283E-01,  1.14408E-01
 3.57915E-02,  7.36429E-03,  3.21072E-03,  1.95376E-03,  1.28112E-03
 9.61032E-04,  7.61557E-04,  5.72340E-04,  4.03976E-04,  2.80795E-04
 2.01072E-04,  2.04006E-04,  2.04006E-04,  1.77070E-04,  1.77070E-04
 1.77070E-04,  1.77070E-04,  1.77070E-04,  1.77070E-04,  6.56656E+00
 1.61360E+00,  6.19936E-01,  1.01234E-01,  4.20099E-02,  1.16487E-02
 3.17961E-03,  1.77653E-03,  1.20310E-03,  9.08135E-04,  7.14196E-04
 5.44429E-04,  3.92107E-04,  2.72274E-04,  1.96318E-04,  1.95486E-04
 1.95486E-04,  1.72699E-04,  1.72699E-04,  1.72699E-04,  1.72699E-04
 1.72699E-04,  1.72699E-04,  5.98553E+00,  7.04005E+00,  9.20768E-01
 1.39398E-01,  4.50371E-02,  1.65893E-02,  3.81413E-03,  1.66112E-03
 1.14206E-03,  8.42198E-04,  6.50291E-04,  5.01799E-04,  3.65638E-04
 2.61190E-04,  1.88999E-04,  1.85491E-04,  1.85491E-04,  1.67780E-04
 1.67780E-04,  1.67780E-04,  1.67780E-04,  1.67780E-04,  1.67780E-04
 1.14396E+01,  3.75013E+00,  6.25220E-01,  1.36790E-01,  4.48571E-02
 2.01854E-02,  4.45087E-03,  1.64484E-03,  1.07391E-03,  7.85939E-04
 5.88916E-04,  4.50655E-04,  3.30867E-04,  2.40906E-04,  1.78211E-04
 1.73138E-04,  1.73138E-04,  1.62269E-04,  1.62269E-04,  1.62269E-04
 1.62269E-04,  1.62269E-04,  1.62269E-04,  8.01504E+00,  1.56974E+00
 3.15214E-01,  1.02017E-01,  4.45940E-02,  1.80650E-02,  4.75956E-03
 1.65181E-03,  1.02744E-03,  7.33203E-04,  5.36075E-04,  4.00407E-04
 2.94707E-04,  2.15773E-04,  1.62802E-04,  1.58558E-04,  1.58558E-04
 1.56350E-04,  1.56350E-04,  1.56350E-04,  1.56350E-04,  1.56350E-04
 1.56350E-04,  8.30960E+00,  1.60633E+00,  2.43018E-01,  4.78842E-02
 3.73945E-02,  1.30067E-02,  4.13312E-03,  1.66847E-03,  1.04566E-03
 6.85499E-04,  4.85984E-04,  3.53183E-04,  2.59099E-04,  1.90636E-04
 1.45000E-04,  1.42254E-04,  1.42254E-04,  1.49751E-04,  1.49751E-04
 1.49751E-04,  1.49751E-04,  1.49751E-04,  1.49751E-04,  9.48576E+00
 1.88424E+00,  1.76284E-01,  3.38499E-02,  2.56403E-02,  9.76460E-03
 3.38727E-03,  1.79372E-03,  1.08361E-03,  6.67941E-04,  4.36007E-04
 3.09597E-04,  2.26139E-04,  1.67378E-04,  1.27594E-04,  1.25805E-04
 1.25805E-04,  1.42980E-04,  1.42980E-04,  1.42980E-04,  1.42980E-04
 1.42980E-04,  1.42980E-04,  6.42609E+00,  3.23710E+00,  5.25403E-01
 7.55089E-02,  2.62527E-02,  9.47991E-03,  3.76842E-03,  2.03695E-03
 1.20906E-03,  6.54555E-04,  3.91495E-04,  2.70009E-04,  1.96326E-04
 1.46143E-04,  1.11462E-04,  1.09842E-04,  1.09842E-04,  1.36224E-04
 1.36224E-04,  1.36224E-04,  1.36224E-04,  1.36224E-04,  1.36224E-04
 1.04918E+01,  3.59903E+00,  5.40709E-01,  9.63769E-02,  2.46875E-02
 8.06920E-03,  3.73263E-03,  2.16535E-03,  1.25160E-03,  6.44526E-04
 3.60539E-04,  2.32324E-04,  1.70161E-04,  1.26362E-04,  9.63495E-05
 9.40007E-05,  9.40007E-05,  1.29150E-04,  1.29150E-04,  1.29150E-04
 1.29150E-04,  1.29150E-04,  1.29150E-04,  1.48129E+00,  2.52860E+00
 3.72196E-01,  4.03918E-02,  1.12511E-02,  5.78320E-03,  3.82121E-03
 2.32191E-03,  1.25731E-03,  6.21244E-04,  3.24963E-04,  2.06473E-04
 1.45477E-04,  1.08710E-04,  8.28137E-05,  7.90018E-05,  7.90018E-05
 1.22276E-04,  1.22276E-04,  1.22276E-04,  1.22276E-04,  1.22276E-04
 1.22276E-04,  4.16479E+00,  1.25380E+00,  5.84285E-02,  2.47503E-02
 7.34656E-03,  5.19159E-03,  4.18795E-03,  2.56771E-03,  1.29970E-03
 6.06188E-04,  2.86931E-04,  1.84305E-04,  1.25433E-04,  9.39053E-05
 7.15167E-05,  6.61612E-05,  6.61612E-05,  1.16793E-04,  1.16793E-04
 1.16793E-04,  1.16793E-04,  1.16793E-04,  1.16793E-04,  9.66446E-01
 1.27971E-01,  8.52637E-02,  2.51403E-02,  6.24469E-03,  5.12737E-03
 4.38137E-03,  2.83223E-03,  1.41031E-03,  6.19067E-04,  2.67452E-04
 1.59841E-04,  1.11531E-04,  8.47215E-05,  6.79460E-05,  6.06223E-05
 6.06223E-05,  1.20105E-04,  1.20105E-04,  1.20105E-04,  1.20105E-04
 1.20105E-04,  1.20105E-04,  1.04332E+00,  2.85584E-01,  1.04774E-01
 3.66123E-02,  1.20792E-02,  9.28757E-03,  9.57359E-03,  7.86161E-03
 4.98061E-03,  2.59515E-03,  1.20995E-03,  7.44194E-04,  6.65717E-04
 7.50618E-04,  8.45999E-04,  1.00686E-03,  1.00686E-03,  2.01932E-03
 2.01932E-03,  2.01932E-03,  2.01932E-03,  2.01932E-03,  2.01932E-03
 1.04332E+00,  2.85584E-01,  1.04774E-01,  3.66123E-02,  1.20792E-02
 9.28757E-03,  9.57359E-03,  7.86161E-03,  4.98061E-03,  2.59515E-03
 1.20995E-03,  7.44194E-04,  6.65717E-04,  7.50618E-04,  8.45999E-04
 1.00686E-03,  1.00686E-03,  2.01932E-03,  2.01932E-03,  2.01932E-03
 2.01932E-03,  2.01932E-03,  2.01932E-03,  3.98816E-02,  4.22133E-02
 3.99129E-02,  2.85701E-02,  1.84029E-02,  1.21777E-02,  8.75019E-03
 7.17446E-03,  6.18378E-03,  5.15983E-03,  4.21442E-03,  3.42424E-03
 2.82054E-03,  2.37353E-03,  1.99499E-03,  4.44266E-03,  4.44266E-03
 6.81032E-03,  6.81032E-03,  6.81032E-03,  6.81032E-03,  6.81032E-03
 6.81032E-03,  3.98816E-02,  4.22133E-02,  3.99129E-02,  2.85701E-02
 1.84029E-02,  1.21777E-02,  8.75019E-03,  7.17446E-03,  6.18378E-03
 5.15983E-03,  4.21442E-03,  3.42424E-03,  2.82054E-03,  2.37353E-03
 1.99499E-03,  4.44266E-03,  4.44266E-03,  6.81032E-03,  6.81032E-03
 6.81032E-03,  6.81032E-03,  6.81032E-03,  6.81032E-03,  3.98816E-02
 4.22133E-02,  3.99129E-02,  2.85701E-02,  1.84029E-02,  1.21777E-02
 8.75019E-03,  7.17446E-03,  6.18378E-03,  5.15983E-03,  4.21442E-03
 3.42424E-03,  2.82054E-03,  2.37353E-03,  1.99499E-03,  4.44266E-03
 4.44266E-03,  6.81032E-03,  6.81032E-03,  6.81032E-03,  6.81032E-03
 6.81032E-03,  6.81032E-03,  3.98816E-02,  4.22133E-02,  3.99129E-02
 2.85701E-02,  1.84029E-02,  1.21777E-02,  8.75019E-03,  7.17446E-03
 6.18378E-03,  5.15983E-03,  4.21442E-03,  3.42424E-03,  2.82054E-03
 2.37353E-03,  1.99499E-03,  4.44266E-03,  4.44266E-03,  6.81032E-03
 6.81032E-03,  6.81032E-03,  6.81032E-03,  6.81032E-03,  6.81032E-03
 3.98816E-02,  4.22133E-02,  3.99129E-02,  2.85701E-02,  1.84029E-02
 1.21777E-02,  8.75019E-03,  7.17446E-03,  6.18378E-03,  5.15983E-03
 4.21442E-03,  3.42424E-03,  2.82054E-03,  2.37353E-03,  1.99499E-03
 4.44266E-03,  4.44266E-03,  6.81032E-03,  6.81032E-03,  6.81032E-03
 6.81032E-03,  6.81032E-03,  6.81032E-03,  3.98816E-02,  4.22133E-02
 3.99129E-02,  2.85701E-02,  1.84029E-02,  1.21777E-02,  8.75019E-03
 7.17446E-03,  6.18378E-03,  5.15983E-03,  4.21442E-03,  3.42424E-03
 2.82054E-03,  2.37353E-03,  1.99499E-03,  4.44266E-03,  4.44266E-03
 6.81032E-03,  6.81032E-03,  6.81032E-03,  6.81032E-03,  6.81032E-03
 6.81032E-03

;------ Iteration  4
;-Index  V/I_Meas      V/I_Calc    VI_%ERR
  1,    2.07243E+01,   1.93434E+01,  -6.66
  2,    6.65948E+00,   6.82040E+00,  2.42
  3,    2.56875E+00,   1.28821E+00,  -49.85
  4,    1.24840E+00,   4.86254E-01,  -61.05
  5,    9.38865E-02,   1.60719E-01,  71.18
  6,    7.94650E-01,   7.06196E-02,  -91.11
  7,    1.51760E-01,   8.02616E-02,  -47.11
  8,    9.01102E-02,   5.55858E-02,  -38.31
  9,    2.51083E+01,   2.31911E+01,  -7.64
  10,    6.05705E+00,   3.63334E+00,  -40.01
  11,    2.62075E+00,   1.12244E+00,  -57.17
  12,    1.10857E+00,   2.78433E-01,  -74.88
  13,    7.01832E-01,   6.16530E-02,  -91.22
  14,    1.39745E-01,   3.82118E-02,  -72.66
  15,    8.66431E-02,   1.31383E-02,  -84.84
  16,    3.66935E-02,   7.05697E-02,  92.32
  17,    2.42305E-01,   7.74444E-02,  -68.04
  18,    1.08723E-01,   6.84690E-02,  -37.02
  19,    6.45944E-02,   5.10323E-02,  -21.00
  20,    3.79840E-02,   3.12466E-02,  -17.74
  21,    2.77012E-02,   2.34168E-02,  -15.47
  22,    2.10235E+01,   3.43277E+01,  63.28
  23,    5.51175E+00,   8.81797E+00,  59.99
  24,    2.10442E+00,   1.98278E+00,  -5.78
  25,    8.42778E-01,   4.31558E-01,  -48.79
  26,    7.01584E-01,   1.97750E-01,  -71.81
  27,    1.23720E-01,   6.09270E-02,  -50.75
  28,    8.03241E-02,   6.03150E-02,  -24.91
  29,    2.18757E-01,   1.31182E-01,  -40.03
  30,    1.03491E-01,   9.90339E-02,  -4.31
  31,    5.92737E-02,   6.15486E-02,  3.84
  32,    3.80062E-02,   3.60277E-02,  -5.21
  33,    2.69831E-02,   2.68859E-02,  -0.36
  34,    4.16334E-02,   4.13641E-02,  -0.65
  35,    3.13011E-02,   3.11426E-02,  -0.51
  36,    2.56430E-02,   2.67859E-02,  4.46
  37,    2.12077E+01,   2.42702E+01,  14.44
  38,    5.34089E+00,   4.19902E+00,  -21.38
  39,    1.90316E+00,   7.69652E-01,  -59.56
  40,    7.61439E-01,   5.40040E-01,  -29.08
  41,    6.87240E-01,   8.80560E-02,  -87.19
  42,    1.40548E-01,   8.42371E-02,  -40.07
  43,    7.82689E-02,   6.32083E-02,  -19.24
  44,    2.08930E-01,   2.16650E-01,  3.69
  45,    1.10353E-01,   1.47952E-01,  34.07
  46,    5.87669E-02,   8.21838E-02,  39.85
  47,    4.03443E-02,   5.63788E-02,  39.74
  48,    2.84742E-02,   3.69656E-02,  29.82
  49,    4.56410E-02,   4.56683E-02,  0.06
  50,    3.47810E-02,   3.53795E-02,  1.72
  51,    2.67499E-02,   2.68716E-02,  0.46
  52,    4.41874E-02,   4.85396E-02,  9.85
  53,    2.76329E-02,   3.11558E-02,  12.75
  54,    2.43151E-02,   2.52543E-02,  3.86
  55,    2.33259E+01,   1.27878E+01,  -45.18
  56,    4.91551E+00,   1.33992E+00,  -72.74
  57,    1.71542E+00,   5.81128E-01,  -66.12
  58,    7.63683E-01,   2.68284E-01,  -64.87
  59,    6.25297E-01,   4.96599E-02,  -92.06
  60,    1.34355E-01,   3.48011E-02,  -74.10
  61,    8.57191E-02,   3.22600E-02,  -62.37
  62,    2.89493E-02,   6.09055E-02,  110.39
  63,    2.31722E-01,   1.62846E-01,  -29.72
  64,    1.18091E-01,   9.77510E-02,  -17.22
  65,    6.76859E-02,   5.52236E-02,  -18.41
  66,    4.56516E-02,   4.00144E-02,  -12.35
  67,    3.30751E-02,   2.66740E-02,  -19.35
  68,    5.05039E-02,   4.36461E-02,  -13.58
  69,    3.83803E-02,   3.65976E-02,  -4.64
  70,    2.78508E-02,   2.62559E-02,  -5.73
  71,    4.45802E-02,   3.80276E-02,  -14.70
  72,    2.72002E-02,   2.17132E-02,  -20.17
  73,    2.78031E-02,   2.18047E-02,  -21.57
  74,    3.00666E-02,   2.65633E-02,  -11.65
  75,    2.17111E-02,   1.81091E-02,  -16.59
  76,    2.51867E+01,   1.86985E+01,  -25.76
  77,    4.91285E+00,   5.51131E+00,  12.18
  78,    1.79343E+00,   2.14051E+00,  19.35
  79,    8.39700E-01,   3.87996E-01,  -53.79
  80,    1.49670E-01,   2.60443E-01,  74.01
  81,    5.44582E-01,   1.65866E-01,  -69.54
  82,    1.47258E-01,   1.41560E-01,  -3.87
  83,    9.33280E-02,   9.81247E-02,  5.14
  84,    2.58679E-01,   2.22233E-01,  -14.09
  85,    1.22031E-01,   1.15127E-01,  -5.66
  86,    7.54422E-02,   7.50865E-02,  -0.47
  87,    5.03819E-02,   4.74256E-02,  -5.87
  88,    3.87900E-02,   3.58014E-02,  -7.70
  89,    5.76154E-02,   5.56412E-02,  -3.43
  90,    4.36995E-02,   4.42939E-02,  1.36
  91,    3.19190E-02,   3.31142E-02,  3.74
  92,    4.86561E-02,   5.17971E-02,  6.46
  93,    3.01298E-02,   2.99531E-02,  -0.59
  94,    2.91209E-02,   2.79761E-02,  -3.93
  95,    3.00144E-02,   2.59376E-02,  -13.58
  96,    2.13417E-02,   1.74378E-02,  -18.29
  97,    2.58147E-02,   2.25555E-02,  -12.63
  98,    1.98618E-02,   1.73499E-02,  -12.65
  99,    2.75923E+01,   2.43881E+01,  -11.61
  100,    5.35987E+00,   6.81099E+00,  27.07
  101,    2.08741E+00,   9.50058E-01,  -54.49
  102,    1.02678E+00,   4.82797E-01,  -52.98
  103,    1.87425E-01,   2.60552E-01,  39.02
  104,    5.75910E-01,   1.87788E-01,  -67.39
  105,    1.72181E-01,   1.19991E-01,  -30.31
  106,    1.17447E-01,   9.51778E-02,  -18.96
  107,    2.90909E-01,   2.87458E-01,  -1.19
  108,    1.47621E-01,   1.50373E-01,  1.86
  109,    8.99679E-02,   1.03949E-01,  15.54
  110,    6.19399E-02,   6.67838E-02,  7.82
  111,    4.74925E-02,   4.75268E-02,  0.07
  112,    6.89750E-02,   6.55262E-02,  -5.00
  113,    4.92579E-02,   4.69685E-02,  -4.65
  114,    3.40743E-02,   3.34848E-02,  -1.73
  115,    5.22244E-02,   5.28440E-02,  1.19
  116,    3.38687E-02,   3.30221E-02,  -2.50
  117,    3.23105E-02,   2.90309E-02,  -10.15
  118,    3.19228E-02,   3.09702E-02,  -2.98
  119,    2.16338E-02,   1.97755E-02,  -8.59
  120,    2.66745E-02,   2.23651E-02,  -16.16
  121,    2.14036E-02,   1.75961E-02,  -17.79
  122,    2.84921E+01,   3.44180E+01,  20.80
  123,    5.72150E+00,   3.60173E+00,  -37.05
  124,    2.31320E+00,   1.38991E+00,  -39.91
  125,    9.68294E-01,   6.11170E-01,  -36.88
  126,    1.86464E-01,   3.33582E-01,  78.90
  127,    6.10218E-01,   1.78358E-01,  -70.77
  128,    1.88712E-01,   1.27079E-01,  -32.66
  129,    1.03236E-01,   7.32493E-02,  -29.05
  130,    2.96212E-01,   2.29832E-01,  -22.41
  131,    1.63627E-01,   1.39313E-01,  -14.86
  132,    1.00222E-01,   8.48262E-02,  -15.36
  133,    7.38560E-02,   6.23273E-02,  -15.61
  134,    5.39285E-02,   4.44228E-02,  -17.63
  135,    8.00984E-02,   8.24370E-02,  2.92
  136,    5.42293E-02,   5.53576E-02,  2.08
  137,    3.46281E-02,   3.59864E-02,  3.92
  138,    5.20586E-02,   4.91376E-02,  -5.61
  139,    4.13181E-02,   3.68867E-02,  -10.73
  140,    3.06594E-02,   2.69577E-02,  -12.07
  141,    3.37121E-02,   3.21461E-02,  -4.65
  142,    2.32575E-02,   2.09486E-02,  -9.93
  143,    2.79093E-02,   2.52097E-02,  -9.67
  144,    2.16048E-02,   1.96537E-02,  -9.03
  145,    2.88518E+01,   1.85901E+01,  -35.57
  146,    6.07769E+00,   5.40961E+00,  -10.99
  147,    2.01531E+00,   2.04811E+00,  1.63
  148,    9.22482E-01,   9.25297E-01,  0.31
  149,    2.93652E-01,   4.22649E-01,  43.93
  150,    4.42888E-01,   2.68347E-01,  -39.41
  151,    1.43564E-01,   1.41833E-01,  -1.21
  152,    9.80310E-02,   9.54302E-02,  -2.65
  153,    2.89595E-01,   2.55498E-01,  -11.77
  154,    1.62090E-01,   1.60858E-01,  -0.76
  155,    1.02372E-01,   9.86428E-02,  -3.64
  156,    7.43722E-02,   6.78222E-02,  -8.81
  157,    5.26667E-02,   5.40619E-02,  2.65
  158,    8.48895E-02,   8.79669E-02,  3.63
  159,    5.70213E-02,   6.18000E-02,  8.38
  160,    3.24661E-02,   3.45125E-02,  6.30
  161,    5.09961E-02,   5.47249E-02,  7.31
  162,    4.73332E-02,   5.20292E-02,  9.92
  163,    2.71496E-02,   3.10929E-02,  14.52
  164,    3.33201E-02,   3.37997E-02,  1.44
  165,    2.30520E-02,   2.27997E-02,  -1.09
  166,    2.80427E-02,   2.73504E-02,  -2.47
  167,    2.28094E-02,   2.26904E-02,  -0.52
  168,    3.29446E+01,   2.10302E+01,  -36.16
  169,    5.95258E+00,   6.10854E+00,  2.62
  170,    2.26191E+00,   2.25714E+00,  -0.21
  171,    9.77684E-01,   8.59741E-01,  -12.06
  172,    3.24570E-01,   4.65458E-01,  43.41
  173,    4.23618E-01,   2.14070E-01,  -49.47
  174,    1.53060E-01,   1.27017E-01,  -17.02
  175,    9.56131E-02,   8.44210E-02,  -11.71
  176,    2.82887E-01,   2.79812E-01,  -1.09
  177,    1.58797E-01,   1.54809E-01,  -2.51
  178,    1.07999E-01,   1.08030E-01,  0.03
  179,    7.42793E-02,   7.39435E-02,  -0.45
  180,    5.51055E-02,   6.30492E-02,  14.42
  181,    8.47283E-02,   8.76398E-02,  3.44
  182,    5.42794E-02,   5.84864E-02,  7.75
  183,    3.04051E-02,   3.21141E-02,  5.62
  184,    5.27314E-02,   5.54141E-02,  5.09
  185,    4.60293E-02,   4.92517E-02,  7.00
  186,    2.79294E-02,   3.17712E-02,  13.76
  187,    3.38499E-02,   3.69768E-02,  9.24
  188,    2.26353E-02,   2.51335E-02,  11.04
  189,    2.78493E-02,   2.81232E-02,  0.98
  190,    2.83924E+01,   2.07572E+01,  -26.89
  191,    6.10244E+00,   5.75806E+00,  -5.64
  192,    2.13197E+00,   1.83984E+00,  -13.70
  193,    9.54436E-01,   8.55848E-01,  -10.33
  194,    2.45200E-01,   3.41329E-01,  39.20
  195,    3.76698E-01,   1.74110E-01,  -53.78
  196,    1.33233E-01,   1.04443E-01,  -21.61
  197,    9.42898E-02,   7.60888E-02,  -19.30
  198,    2.82526E-01,   2.40737E-01,  -14.79
  199,    1.63757E-01,   1.32231E-01,  -19.25
  200,    1.10012E-01,   8.51168E-02,  -22.63
  201,    7.46303E-02,   6.45879E-02,  -13.46
  202,    5.90355E-02,   5.48030E-02,  -7.17
  203,    8.03295E-02,   8.07870E-02,  0.57
  204,    4.74987E-02,   4.81309E-02,  1.33
  205,    3.07734E-02,   3.14234E-02,  2.11
  206,    5.14108E-02,   5.16767E-02,  0.52
  207,    4.45487E-02,   4.27688E-02,  -4.00
  208,    2.74163E-02,   3.00251E-02,  9.52
  209,    3.06639E-02,   3.15973E-02,  3.04
  210,    2.23371E-02,   2.28219E-02,  2.17
  211,    2.72825E-02,   2.86011E-02,  4.83
  212,    3.25904E+01,   1.91897E+01,  -41.12
  213,    6.03535E+00,   4.76642E+00,  -21.02
  214,    2.22474E+00,   1.94770E+00,  -12.45
  215,    7.89918E-01,   7.11951E-01,  -9.87
  216,    2.48124E-01,   3.34524E-01,  34.82
  217,    3.35292E-01,   1.89588E-01,  -43.46
  218,    1.32921E-01,   1.30667E-01,  -1.70
  219,    8.68220E-02,   8.26478E-02,  -4.81
  220,    2.64123E-01,   2.24011E-01,  -15.19
  221,    1.65569E-01,   1.40954E-01,  -14.87
  222,    1.07036E-01,   8.97520E-02,  -16.15
  223,    7.59017E-02,   7.26802E-02,  -4.24
  224,    5.40453E-02,   5.10779E-02,  -5.49
  225,    8.10408E-02,   7.90894E-02,  -2.41
  226,    4.27062E-02,   3.90190E-02,  -8.63
  227,    3.14016E-02,   2.92726E-02,  -6.78
  228,    5.61689E-02,   5.64462E-02,  0.49
  229,    3.83145E-02,   3.83062E-02,  -0.02
  230,    2.56840E-02,   2.77125E-02,  7.90
  231,    2.82814E-02,   2.89160E-02,  2.24
  232,    2.13449E-02,   2.20781E-02,  3.44
  233,    2.72835E-02,   2.86279E-02,  4.93
  234,    2.60792E+01,   1.64576E+01,  -36.89
  235,    5.43997E+00,   4.84953E+00,  -10.85
  236,    1.55118E+00,   1.47147E+00,  -5.14
  237,    6.28012E-01,   5.75324E-01,  -8.39
  238,    2.03822E-01,   2.83427E-01,  39.06
  239,    2.36711E-01,   1.67967E-01,  -29.04
  240,    1.01014E-01,   9.76821E-02,  -3.30
  241,    7.10739E-02,   6.38320E-02,  -10.19
  242,    2.37972E-01,   2.25761E-01,  -5.13
  243,    1.50735E-01,   1.35585E-01,  -10.05
  244,    9.68624E-02,   9.84637E-02,  1.65
  245,    7.46612E-02,   8.08781E-02,  8.33
  246,    4.77969E-02,   5.10069E-02,  6.72
  247,    7.03605E-02,   6.86172E-02,  -2.48
  248,    3.70233E-02,   3.32609E-02,  -10.16
  249,    3.44764E-02,   3.17237E-02,  -7.98
  250,    5.95121E-02,   5.59060E-02,  -6.06
  251,    3.17637E-02,   3.05148E-02,  -3.93
  252,    2.44197E-02,   2.28484E-02,  -6.43
  253,    2.69293E-02,   2.82994E-02,  5.09
  254,    1.95159E-02,   2.04484E-02,  4.78
  255,    2.63180E-02,   2.76328E-02,  5.00
  256,    3.70037E+01,   2.51523E+01,  -32.03
  257,    6.07736E+00,   5.79870E+00,  -4.59
  258,    1.93509E+00,   1.84418E+00,  -4.70
  259,    6.86918E-01,   7.62863E-01,  11.06
  260,    2.31855E-01,   3.59622E-01,  55.11
  261,    2.85318E-01,   1.78014E-01,  -37.61
  262,    1.19573E-01,   1.04027E-01,  -13.00
  263,    8.72093E-02,   8.37676E-02,  -3.95
  264,    2.50916E-01,   2.35185E-01,  -6.27
  265,    1.50949E-01,   1.39733E-01,  -7.43
  266,    9.97042E-02,   1.09527E-01,  9.85
  267,    6.79016E-02,   7.51883E-02,  10.73
  268,    4.91152E-02,   5.53620E-02,  12.72
  269,    6.06553E-02,   6.51379E-02,  7.39
  270,    3.72737E-02,   3.86609E-02,  3.72
  271,    3.47560E-02,   3.51298E-02,  1.08
  272,    5.53386E-02,   5.16938E-02,  -6.59
  273,    3.16469E-02,   3.03873E-02,  -3.98
  274,    2.13461E-02,   2.02071E-02,  -5.34
  275,    2.57171E-02,   2.55280E-02,  -0.74
  276,    1.88288E-02,   1.90613E-02,  1.23
  277,    2.46788E-02,   2.68907E-02,  8.96
  278,    3.46072E+01,   2.27706E+01,  -34.20
  279,    6.78734E+00,   5.47524E+00,  -19.33
  280,    1.83269E+00,   1.90664E+00,  4.04
  281,    6.79957E-01,   7.24491E-01,  6.55
  282,    1.85478E-01,   2.94354E-01,  58.70
  283,    3.07694E-01,   1.45310E-01,  -52.77
  284,    1.19004E-01,   1.05028E-01,  -11.74
  285,    8.97034E-02,   6.76847E-02,  -24.55
  286,    2.70660E-01,   2.18841E-01,  -19.15
  287,    1.57234E-01,   1.47416E-01,  -6.24
  288,    1.12358E-01,   1.16812E-01,  3.96
  289,    6.80839E-02,   7.11662E-02,  4.53
  290,    4.72548E-02,   5.29252E-02,  12.00
  291,    5.29234E-02,   5.36647E-02,  1.40
  292,    3.74505E-02,   3.79602E-02,  1.36
  293,    3.42883E-02,   3.23099E-02,  -5.77
  294,    5.42960E-02,   4.98119E-02,  -8.26
  295,    3.08836E-02,   3.23892E-02,  4.88
  296,    1.97530E-02,   1.98683E-02,  0.58
  297,    2.42351E-02,   2.29739E-02,  -5.20
  298,    1.85181E-02,   1.83857E-02,  -0.71
  299,    2.43974E-02,   2.50195E-02,  2.55
  300,    4.23277E+01,   2.67593E+01,  -36.78
  301,    7.44763E+00,   7.23849E+00,  -2.81
  302,    2.09371E+00,   2.28310E+00,  9.05
  303,    7.79404E-01,   7.71672E-01,  -0.99
  304,    1.91602E-01,   3.14462E-01,  64.12
  305,    3.78759E-01,   1.95240E-01,  -48.45
  306,    1.48487E-01,   1.13480E-01,  -23.58
  307,    9.99060E-02,   7.62059E-02,  -23.72
  308,    2.88083E-01,   2.28815E-01,  -20.57
  309,    1.73485E-01,   1.65910E-01,  -4.37
  310,    1.09826E-01,   1.09322E-01,  -0.46
  311,    7.46354E-02,   7.65592E-02,  2.58
  312,    4.36110E-02,   4.53095E-02,  3.89
  313,    5.13951E-02,   5.06010E-02,  -1.54
  314,    4.50839E-02,   4.55254E-02,  0.98
  315,    2.97197E-02,   2.70001E-02,  -9.15
  316,    4.69384E-02,   4.37827E-02,  -6.72
  317,    2.95880E-02,   2.97638E-02,  0.59
  318,    1.92295E-02,   1.92017E-02,  -0.14
  319,    2.35129E-02,   2.34363E-02,  -0.33
  320,    1.79449E-02,   1.84886E-02,  3.03
  321,    3.80804E+01,   2.84396E+01,  -25.32
  322,    6.76850E+00,   6.91740E+00,  2.20
  323,    1.95633E+00,   1.96357E+00,  0.37
  324,    7.22030E-01,   6.70379E-01,  -7.15
  325,    2.45501E-01,   3.52186E-01,  43.46
  326,    3.14589E-01,   1.79660E-01,  -42.89
  327,    1.32839E-01,   1.07233E-01,  -19.28
  328,    9.12254E-02,   8.19747E-02,  -10.14
  329,    2.81530E-01,   2.59362E-01,  -7.87
  330,    1.84205E-01,   1.90507E-01,  3.42
  331,    1.01430E-01,   1.09712E-01,  8.17
  332,    6.69656E-02,   7.70206E-02,  15.02
  333,    3.76459E-02,   3.79889E-02,  0.91
  334,    5.08173E-02,   5.24053E-02,  3.12
  335,    4.43708E-02,   4.36967E-02,  -1.52
  336,    2.39373E-02,   2.23906E-02,  -6.46
  337,    3.91844E-02,   3.88072E-02,  -0.96
  338,    2.76876E-02,   2.74661E-02,  -0.80
  339,    1.84457E-02,   1.89217E-02,  2.58
  340,    2.23618E-02,   2.23227E-02,  -0.17
  341,    1.70212E-02,   1.77635E-02,  4.36
  342,    4.82802E+01,   2.42921E+01,  -49.69
  343,    8.77579E+00,   5.29260E+00,  -39.69
  344,    2.45714E+00,   1.52617E+00,  -37.89
  345,    9.03480E-01,   6.87181E-01,  -23.94
  346,    1.82202E-01,   3.08267E-01,  69.19
  347,    5.68158E-01,   1.61598E-01,  -71.56
  348,    1.66081E-01,   1.15301E-01,  -30.58
  349,    1.09426E-01,   8.70894E-02,  -20.41
  350,    3.16558E-01,   2.87734E-01,  -9.11
  351,    1.79875E-01,   1.78284E-01,  -0.88
  352,    1.09995E-01,   1.17230E-01,  6.58
  353,    5.94460E-02,   6.56690E-02,  10.47
  354,    3.31911E-02,   3.49897E-02,  5.42
  355,    5.25062E-02,   5.53140E-02,  5.35
  356,    4.42747E-02,   4.22396E-02,  -4.60
  357,    2.24154E-02,   2.25991E-02,  0.82
  358,    3.92747E-02,   3.83928E-02,  -2.25
  359,    2.48500E-02,   2.39658E-02,  -3.56
  360,    1.74309E-02,   1.70609E-02,  -2.12
  361,    2.08296E-02,   2.09003E-02,  0.34
  362,    1.74077E-02,   1.80768E-02,  3.84
  363,    4.38445E+01,   2.17586E+01,  -50.37
  364,    7.49710E+00,   4.69395E+00,  -37.39
  365,    2.15001E+00,   1.70613E+00,  -20.65
  366,    9.91793E-01,   6.34835E-01,  -35.99
  367,    1.39811E-01,   2.64868E-01,  89.45
  368,    5.69839E-01,   1.63384E-01,  -71.33
  369,    1.61607E-01,   1.10966E-01,  -31.34
  370,    1.27958E-01,   9.32338E-02,  -27.14
  371,    3.73491E-01,   3.01969E-01,  -19.15
  372,    1.82501E-01,   1.61900E-01,  -11.29
  373,    1.07117E-01,   1.07038E-01,  -0.07
  374,    5.49832E-02,   5.00166E-02,  -9.03
  375,    3.14264E-02,   3.13128E-02,  -0.36
  376,    5.80390E-02,   6.13281E-02,  5.67
  377,    3.50537E-02,   3.25336E-02,  -7.19
  378,    2.26806E-02,   2.37381E-02,  4.66
  379,    3.84461E-02,   3.90545E-02,  1.58
  380,    2.28213E-02,   2.22141E-02,  -2.66
  381,    1.63110E-02,   1.56682E-02,  -3.94
  382,    2.02806E-02,   1.97853E-02,  -2.44
  383,    4.16206E+01,   2.63148E+01,  -36.77
  384,    6.32291E+00,   7.28940E+00,  15.29
  385,    2.42941E+00,   2.28265E+00,  -6.04
  386,    9.34296E-01,   7.61468E-01,  -18.50
  387,    2.53052E-01,   3.89275E-01,  53.83
  388,    4.70146E-01,   2.22722E-01,  -52.63
  389,    2.05146E-01,   1.70126E-01,  -17.07
  390,    1.38997E-01,   1.23019E-01,  -11.50
  391,    3.64430E-01,   3.14977E-01,  -13.57
  392,    1.98949E-01,   1.83403E-01,  -7.81
  393,    9.42916E-02,   9.53670E-02,  1.14
  394,    4.87184E-02,   4.78800E-02,  -1.72
  395,    3.58201E-02,   3.62347E-02,  1.16
  396,    6.18732E-02,   6.25204E-02,  1.05
  397,    3.14527E-02,   2.92024E-02,  -7.15
  398,    2.36043E-02,   2.38426E-02,  1.01
  399,    3.66439E-02,   3.67812E-02,  0.37
  400,    2.19586E-02,   2.19345E-02,  -0.11
  401,    1.62634E-02,   1.59722E-02,  -1.79
  402,    2.03385E-02,   2.04313E-02,  0.46
  403,    3.15710E+01,   2.63871E+01,  -16.42
  404,    7.42207E+00,   6.37857E+00,  -14.06
  405,    2.14589E+00,   1.76022E+00,  -17.97
  406,    8.45372E-01,   7.64421E-01,  -9.58
  407,    2.44612E-01,   3.68358E-01,  50.59
  408,    4.92168E-01,   2.51430E-01,  -48.91
  409,    1.99963E-01,   1.69961E-01,  -15.00
  410,    1.13386E-01,   9.77501E-02,  -13.79
  411,    3.50445E-01,   3.13535E-01,  -10.53
  412,    1.83315E-01,   1.76569E-01,  -3.68
  413,    8.18915E-02,   7.49700E-02,  -8.45
  414,    4.43376E-02,   4.45999E-02,  0.59
  415,    3.74022E-02,   4.05291E-02,  8.36
  416,    6.16918E-02,   5.70819E-02,  -7.47
  417,    2.91736E-02,   2.84237E-02,  -2.57
  418,    2.26963E-02,   2.12853E-02,  -6.22
  419,    3.60432E-02,   3.38302E-02,  -6.14
  420,    2.23686E-02,   2.16627E-02,  -3.16
  421,    1.57647E-02,   1.49249E-02,  -5.33
  422,    1.92219E-02,   1.90179E-02,  -1.06
  423,    4.08932E+01,   2.54079E+01,  -37.87
  424,    6.90435E+00,   5.45489E+00,  -20.99
  425,    1.99952E+00,   2.03671E+00,  1.86
  426,    8.46089E-01,   8.44911E-01,  -0.14
  427,    3.85740E-01,   5.15346E-01,  33.60
  428,    4.86175E-01,   3.23590E-01,  -33.44
  429,    1.78218E-01,   1.73677E-01,  -2.55
  430,    1.34689E-01,   1.26532E-01,  -6.06
  431,    3.74887E-01,   3.40535E-01,  -9.16
  432,    1.54621E-01,   1.47982E-01,  -4.29
  433,    7.03302E-02,   6.55523E-02,  -6.79
  434,    4.76763E-02,   4.74477E-02,  -0.48
  435,    3.89113E-02,   3.94514E-02,  1.39
  436,    5.12519E-02,   4.56644E-02,  -10.90
  437,    3.10974E-02,   3.14028E-02,  0.98
  438,    1.97023E-02,   1.84613E-02,  -6.30
  439,    3.20080E-02,   2.99947E-02,  -6.29
  440,    2.10656E-02,   2.00323E-02,  -4.91
  441,    1.54380E-02,   1.43850E-02,  -6.82
  442,    1.94699E-02,   1.86788E-02,  -4.06
  443,    3.69067E+01,   1.80796E+01,  -51.01
  444,    6.11714E+00,   5.21122E+00,  -14.81
  445,    1.96900E+00,   1.87003E+00,  -5.03
  446,    1.11223E+00,   1.03764E+00,  -6.71
  447,    4.54019E-01,   6.14099E-01,  35.26
  448,    4.47306E-01,   3.14093E-01,  -29.78
  449,    2.22446E-01,   2.16992E-01,  -2.45
  450,    1.42246E-01,   1.32988E-01,  -6.51
  451,    3.65735E-01,   3.57456E-01,  -2.26
  452,    1.39970E-01,   1.27262E-01,  -9.08
  453,    6.62039E-02,   6.88980E-02,  4.07
  454,    5.30261E-02,   5.97389E-02,  12.66
  455,    4.62791E-02,   4.49721E-02,  -2.82
  456,    4.34874E-02,   3.97245E-02,  -8.65
  457,    3.12419E-02,   3.07127E-02,  -1.69
  458,    1.85895E-02,   1.74304E-02,  -6.24
  459,    3.09585E-02,   2.96582E-02,  -4.20
  460,    2.11322E-02,   1.96396E-02,  -7.06
  461,    1.56539E-02,   1.49063E-02,  -4.78
  462,    2.06630E-02,   1.95899E-02,  -5.19
  463,    3.06150E+01,   1.70082E+01,  -44.45
  464,    5.59096E+00,   4.40094E+00,  -21.28
  465,    2.54020E+00,   2.06367E+00,  -18.76
  466,    1.17197E+00,   1.11325E+00,  -5.01
  467,    3.70809E-01,   5.32264E-01,  43.54
  468,    5.48992E-01,   3.42291E-01,  -37.65
  469,    2.29461E-01,   1.93546E-01,  -15.65
  470,    1.23286E-01,   1.19963E-01,  -2.70
  471,    3.23268E-01,   3.14109E-01,  -2.83
  472,    1.25831E-01,   1.19432E-01,  -5.09
  473,    7.66221E-02,   8.19693E-02,  6.98
  474,    5.95566E-02,   6.48802E-02,  8.94
  475,    3.93403E-02,   3.70654E-02,  -5.78
  476,    4.23110E-02,   4.16185E-02,  -1.64
  477,    3.11593E-02,   2.93832E-02,  -5.70
  478,    1.91772E-02,   1.85133E-02,  -3.46
  479,    3.08001E-02,   2.90602E-02,  -5.65
  480,    2.13899E-02,   1.98177E-02,  -7.35
  481,    1.53893E-02,   1.45806E-02,  -5.26
  482,    2.96490E+01,   1.45253E+01,  -51.01
  483,    7.54684E+00,   4.86907E+00,  -35.48
  484,    2.69279E+00,   2.27885E+00,  -15.37
  485,    1.10216E+00,   1.00110E+00,  -9.17
  486,    3.55291E-01,   5.93903E-01,  67.16
  487,    7.24874E-01,   3.06892E-01,  -57.66
  488,    2.01173E-01,   1.79145E-01,  -10.95
  489,    1.09193E-01,   8.63984E-02,  -20.88
  490,    2.85219E-01,   2.35034E-01,  -17.60
  491,    1.14398E-01,   1.14532E-01,  0.12
  492,    8.33429E-02,   9.50759E-02,  14.08
  493,    6.73928E-02,   6.73985E-02,  0.01
  494,    3.10131E-02,   2.73272E-02,  -11.89
  495,    4.63897E-02,   4.86185E-02,  4.80
  496,    2.79575E-02,   2.68061E-02,  -4.12
  497,    1.93758E-02,   1.89545E-02,  -2.17
  498,    3.14156E-02,   3.02779E-02,  -3.62
  499,    2.10809E-02,   1.94529E-02,  -7.72
  500,    1.58374E-02,   1.50827E-02,  -4.77
  501,    4.24601E+01,   1.57013E+01,  -63.02
  502,    7.85526E+00,   5.39234E+00,  -31.35
  503,    2.59148E+00,   2.07354E+00,  -19.99
  504,    1.40339E+00,   1.10476E+00,  -21.28
  505,    2.69711E-01,   5.06817E-01,  87.91
  506,    8.16428E-01,   2.71762E-01,  -66.71
  507,    1.79430E-01,   1.21953E-01,  -32.03
  508,    9.71550E-02,   6.62372E-02,  -31.82
  509,    2.52782E-01,   2.02852E-01,  -19.75
  510,    1.31542E-01,   1.30588E-01,  -0.73
  511,    9.25395E-02,   9.87896E-02,  6.75
  512,    5.65087E-02,   5.29341E-02,  -6.33
  513,    3.04459E-02,   2.85037E-02,  -6.38
  514,    4.72243E-02,   4.77388E-02,  1.09
  515,    2.64648E-02,   2.55349E-02,  -3.51
  516,    1.95223E-02,   1.88854E-02,  -3.26
  517,    3.12206E-02,   2.99410E-02,  -4.10
  518,    2.13894E-02,   2.00959E-02,  -6.05
  519,    1.68177E-02,   1.60498E-02,  -4.57
  520,    3.41563E+01,   2.09869E+01,  -38.56
  521,    6.58037E+00,   6.14886E+00,  -6.56
  522,    2.85394E+00,   2.80095E+00,  -1.86
  523,    1.32024E+00,   1.09324E+00,  -17.19
  524,    2.97713E-01,   5.14186E-01,  72.71
  525,    5.38794E-01,   2.04901E-01,  -61.97
  526,    1.39096E-01,   9.81364E-02,  -29.45
  527,    7.57013E-02,   6.72039E-02,  -11.22
  528,    2.18441E-01,   1.95691E-01,  -10.41
  529,    1.42850E-01,   1.54146E-01,  7.91
  530,    1.04678E-01,   1.03323E-01,  -1.29
  531,    4.50503E-02,   3.94645E-02,  -12.40
  532,    3.05649E-02,   3.33502E-02,  9.11
  533,    4.68946E-02,   4.56655E-02,  -2.62
  534,    2.70807E-02,   2.73210E-02,  0.89
  535,    1.89779E-02,   1.83064E-02,  -3.54
  536,    3.05025E-02,   2.91080E-02,  -4.57
  537,    2.15553E-02,   2.07238E-02,  -3.86
  538,    1.75997E-02,   1.69641E-02,  -3.61
  539,    3.19448E+01,   2.14118E+01,  -32.97
  540,    7.93482E+00,   7.48313E+00,  -5.69
  541,    3.00330E+00,   2.49278E+00,  -17.00
  542,    1.13693E+00,   1.03521E+00,  -8.95
  543,    2.05482E-01,   3.67834E-01,  79.01
  544,    5.13137E-01,   1.53697E-01,  -70.05
  545,    1.19034E-01,   9.69813E-02,  -18.53
  546,    7.44040E-02,   6.46661E-02,  -13.09
  547,    2.40615E-01,   2.33047E-01,  -3.15
  548,    1.56809E-01,   1.66633E-01,  6.26
  549,    8.71872E-02,   8.33082E-02,  -4.45
  550,    4.46907E-02,   4.26296E-02,  -4.61
  551,    3.42368E-02,   3.65991E-02,  6.90
  552,    4.33740E-02,   4.18504E-02,  -3.51
  553,    2.79442E-02,   2.83365E-02,  1.40
  554,    1.95538E-02,   1.92241E-02,  -1.69
  555,    3.21501E-02,   3.14632E-02,  -2.14
  556,    2.18782E-02,   2.18064E-02,  -0.33
  557,    3.82974E+01,   2.63140E+01,  -31.29
  558,    8.58222E+00,   6.60871E+00,  -23.00
  559,    2.70807E+00,   2.31270E+00,  -14.60
  560,    1.00591E+00,   7.11253E-01,  -29.29
  561,    1.33652E-01,   2.45930E-01,  84.01
  562,    4.86496E-01,   1.35320E-01,  -72.18
  563,    1.16760E-01,   8.57514E-02,  -26.56
  564,    1.05913E-01,   9.05514E-02,  -14.50
  565,    2.82124E-01,   2.72483E-01,  -3.42
  566,    1.88030E-01,   1.69613E-01,  -9.79
  567,    7.33085E-02,   6.01099E-02,  -18.00
  568,    4.74624E-02,   4.89765E-02,  3.19
  569,    3.83079E-02,   3.57856E-02,  -6.58
  570,    4.16925E-02,   4.04396E-02,  -3.01
  571,    2.93357E-02,   2.87011E-02,  -2.16
  572,    2.03250E-02,   1.94648E-02,  -4.23
  573,    3.25848E-02,   3.08960E-02,  -5.18
  574,    2.32618E-02,   2.27509E-02,  -2.20
  575,    3.06917E+01,   2.38009E+01,  -22.45
  576,    5.57527E+00,   6.22969E+00,  11.74
  577,    1.77954E+00,   1.60933E+00,  -9.56
  578,    6.51715E-01,   4.44193E-01,  -31.84
  579,    1.22119E-01,   1.98651E-01,  62.67
  580,    2.99050E-01,   1.15366E-01,  -61.42
  581,    1.29912E-01,   1.15114E-01,  -11.39
  582,    7.71218E-02,   7.63803E-02,  -0.96
  583,    2.81795E-01,   2.62268E-01,  -6.93
  584,    1.40823E-01,   1.18166E-01,  -16.09
  585,    6.60604E-02,   5.60361E-02,  -15.17
  586,    4.80322E-02,   4.64092E-02,  -3.38
  587,    3.00191E-02,   2.69467E-02,  -10.23
  588,    4.15528E-02,   4.01950E-02,  -3.27
  589,    2.76315E-02,   2.57818E-02,  -6.69
  590,    2.04332E-02,   1.89315E-02,  -7.35
  591,    3.21279E-02,   3.02089E-02,  -5.97
  592,    2.37388E-02,   2.30064E-02,  -3.09
  593,    2.82199E+01,   2.94971E+01,  4.53
  594,    5.21130E+00,   5.86793E+00,  12.60
  595,    1.56605E+00,   1.30189E+00,  -16.87
  596,    5.72462E-01,   4.61816E-01,  -19.33
  597,    1.76971E-01,   2.38792E-01,  34.93
  598,    3.34841E-01,   2.21268E-01,  -33.92
  599,    1.32818E-01,   1.41413E-01,  6.47
  600,    1.26665E-01,   1.19339E-01,  -5.78
  601,    3.23660E-01,   2.97757E-01,  -8.00
  602,    1.12088E-01,   9.12038E-02,  -18.63
  603,    6.67424E-02,   6.93657E-02,  3.93
  604,    5.08003E-02,   4.80606E-02,  -5.39
  605,    2.72923E-02,   2.57023E-02,  -5.83
  606,    4.16490E-02,   4.06548E-02,  -2.39
  607,    2.77499E-02,   2.61461E-02,  -5.78
  608,    2.03417E-02,   1.89413E-02,  -6.88
  609,    3.29427E-02,   3.14209E-02,  -4.62
  610,    2.57314E-02,   2.45281E-02,  -4.68
  611,    2.38875E+01,   2.61524E+01,  9.48
  612,    4.41358E+00,   4.26682E+00,  -3.33
  613,    1.29953E+00,   1.15378E+00,  -11.22
  614,    5.60187E-01,   5.09184E-01,  -9.10
  615,    3.87876E-01,   4.25852E-01,  9.79
  616,    2.58467E-01,   2.58841E-01,  0.14
  617,    2.11006E-01,   2.06902E-01,  -1.95
  618,    1.19297E-01,   1.13681E-01,  -4.71
  619,    2.93383E-01,   2.70637E-01,  -7.75
  620,    1.22231E-01,   1.10859E-01,  -9.30
  621,    8.06615E-02,   8.61462E-02,  6.80
  622,    4.70720E-02,   4.68601E-02,  -0.45
  623,    3.13164E-02,   3.19340E-02,  1.97
  624,    4.31678E-02,   4.35191E-02,  0.81
  625,    2.89400E-02,   2.76185E-02,  -4.57
  626,    1.97790E-02,   1.91736E-02,  -3.06
  627,    3.36847E-02,   3.24773E-02,  -3.58
  628,    1.67942E+01,   1.54751E+01,  -7.85
  629,    3.07161E+00,   2.83387E+00,  -7.74
  630,    1.08454E+00,   1.01867E+00,  -6.07
  631,    7.31747E-01,   7.49979E-01,  2.49
  632,    3.66913E-01,   4.29745E-01,  17.12
  633,    3.27837E-01,   3.24811E-01,  -0.92
  634,    1.69613E-01,   1.68114E-01,  -0.88
  635,    8.09325E-02,   7.40998E-02,  -8.44
  636,    2.31591E-01,   2.02605E-01,  -12.52
  637,    1.24665E-01,   1.39129E-01,  11.60
  638,    8.57160E-02,   8.95564E-02,  4.48
  639,    4.33129E-02,   4.49528E-02,  3.79
  640,    3.19547E-02,   3.53658E-02,  10.67
  641,    4.37952E-02,   4.46627E-02,  1.98
  642,    3.06382E-02,   3.04965E-02,  -0.46
  643,    2.15092E-02,   2.19838E-02,  2.21
  644,    3.42349E-02,   3.40894E-02,  -0.42
  645,    9.89550E+00,   1.01058E+01,  2.12
  646,    2.38184E+00,   2.35845E+00,  -0.98
  647,    1.39654E+00,   1.41773E+00,  1.52
  648,    6.61919E-01,   7.48144E-01,  13.03
  649,    5.03590E-01,   5.29281E-01,  5.10
  650,    2.93625E-01,   2.56964E-01,  -12.49
  651,    1.16914E-01,   1.06802E-01,  -8.65
  652,    7.23241E-02,   5.96544E-02,  -17.52
  653,    2.19162E-01,   2.06489E-01,  -5.78
  654,    1.30039E-01,   1.48109E-01,  13.90
  655,    6.85258E-02,   7.43442E-02,  8.49
  656,    4.31907E-02,   4.78980E-02,  10.90
  657,    2.99446E-02,   3.33503E-02,  11.37
  658,    4.31238E-02,   4.56388E-02,  5.83
  659,    2.98551E-02,   3.05258E-02,  2.25
  660,    2.25431E-02,   2.30642E-02,  2.31
  661,    3.65465E-02,   3.67678E-02,  0.61
  662,    7.08428E+00,   7.62894E+00,  7.69
  663,    2.89216E+00,   2.65389E+00,  -8.24
  664,    1.21571E+00,   1.19578E+00,  -1.64
  665,    8.93043E-01,   7.74913E-01,  -13.23
  666,    2.57100E-01,   3.53165E-01,  37.36
  667,    3.13606E-01,   1.39561E-01,  -55.50
  668,    1.00731E-01,   7.50608E-02,  -25.48
  669,    7.36282E-02,   7.30771E-02,  -0.75
  670,    2.12331E-01,   2.32768E-01,  9.63
  671,    1.30740E-01,   1.38434E-01,  5.89
  672,    6.02286E-02,   6.48793E-02,  7.72
  673,    4.17568E-02,   4.86434E-02,  16.49
  674,    2.89149E-02,   3.15378E-02,  9.07
  675,    4.07218E-02,   4.37016E-02,  7.32
  676,    2.70620E-02,   2.79454E-02,  3.26
  677,    2.15469E-02,   2.24630E-02,  4.25
  678,    3.70290E-02,   3.78698E-02,  2.27
  679,    8.79268E+00,   8.76656E+00,  -0.30
  680,    2.54118E+00,   2.35363E+00,  -7.38
  681,    1.74784E+00,   1.24993E+00,  -28.49
  682,    6.85082E-01,   5.05095E-01,  -26.27
  683,    9.80398E-02,   1.82899E-01,  86.56
  684,    3.19806E-01,   9.24864E-02,  -71.08
  685,    1.07180E-01,   8.72563E-02,  -18.59
  686,    6.78824E-02,   6.43053E-02,  -5.27
  687,    2.20046E-01,   2.17679E-01,  -1.08
  688,    1.04101E-01,   1.02296E-01,  -1.73
  689,    5.97977E-02,   6.29671E-02,  5.30
  690,    3.92570E-02,   4.22705E-02,  7.68
  691,    2.71704E-02,   2.87209E-02,  5.71
  692,    4.00146E-02,   4.17971E-02,  4.45
  693,    2.61179E-02,   2.77555E-02,  6.27
  694,    2.11287E-02,   2.11521E-02,  0.11
  695,    8.51856E+00,   8.73578E+00,  2.55
  696,    3.76990E+00,   2.81986E+00,  -25.20
  697,    1.38552E+00,   8.91890E-01,  -35.63
  698,    4.72214E-01,   2.70329E-01,  -42.75
  699,    3.79685E-01,   1.05711E-01,  -72.16
  700,    1.03746E-01,   7.45288E-02,  -28.16
  701,    8.84052E-02,   5.85785E-02,  -33.74
  702,    6.38813E-02,   1.19842E-01,  87.60
  703,    2.34054E-01,   1.79691E-01,  -23.23
  704,    9.64497E-02,   7.88065E-02,  -18.29
  705,    6.11518E-02,   5.66985E-02,  -7.28
  706,    3.98833E-02,   3.54629E-02,  -11.08
  707,    2.58941E-02,   2.26981E-02,  -12.34
  708,    3.89861E-02,   3.66093E-02,  -6.10
  709,    2.69907E-02,   2.59076E-02,  -4.01
  710,    1.67956E+01,   2.05693E+01,  22.47
  711,    3.93603E+00,   4.38714E+00,  11.46
  712,    1.17817E+00,   1.05834E+00,  -10.17
  713,    5.67485E-01,   3.92448E-01,  -30.84
  714,    2.37236E-01,   3.13090E-01,  31.97
  715,    3.31717E-01,   2.06439E-01,  -37.77
  716,    1.69616E-01,   1.53077E-01,  -9.75
  717,    9.37500E-02,   8.77972E-02,  -6.35
  718,    2.30507E-01,   1.97965E-01,  -14.12
  719,    1.20047E-01,   1.11189E-01,  -7.38
  720,    7.20498E-02,   6.99934E-02,  -2.85
  721,    4.71842E-02,   4.47309E-02,  -5.20
  722,    3.35480E-02,   3.11840E-02,  -7.05
  723,    4.16027E-02,   3.87401E-02,  -6.88
  724,    3.09103E-02,   2.91706E-02,  -5.63
  725,    1.11676E+01,   1.37869E+01,  23.45
  726,    2.19845E+00,   2.22126E+00,  1.04
  727,    9.13035E-01,   6.67596E-01,  -26.88
  728,    5.31806E-01,   4.76538E-01,  -10.39
  729,    2.15799E-01,   2.94078E-01,  36.27
  730,    2.88455E-01,   2.07315E-01,  -28.13
  731,    1.14386E-01,   1.13659E-01,  -0.64
  732,    6.52320E-02,   6.61106E-02,  1.35
  733,    2.13195E-01,   2.12433E-01,  -0.36
  734,    1.23952E-01,   1.40671E-01,  13.49
  735,    7.43755E-02,   8.17803E-02,  9.96
  736,    4.60745E-02,   4.90396E-02,  6.44
  737,    3.48140E-02,   3.71489E-02,  6.71
  738,    4.40071E-02,   4.37823E-02,  -0.51
  739,    3.26938E-02,   3.12599E-02,  -4.39
  740,    1.45624E+01,   1.48536E+01,  2.00
  741,    3.87921E+00,   2.74366E+00,  -29.27
  742,    2.00283E+00,   1.53742E+00,  -23.24
  743,    9.35157E-01,   8.28592E-01,  -11.40
  744,    4.28887E-01,   5.30405E-01,  23.67
  745,    5.35372E-01,   2.67845E-01,  -49.97
  746,    1.69178E-01,   1.48260E-01,  -12.36
  747,    1.22778E-01,   1.12577E-01,  -8.31
  748,    2.95345E-01,   2.98398E-01,  1.03
  749,    1.60030E-01,   1.74952E-01,  9.32
  750,    9.53733E-02,   1.04432E-01,  9.50
  751,    6.40765E-02,   6.85361E-02,  6.96
  752,    3.95353E-02,   4.09949E-02,  3.69
  753,    5.81647E-02,   6.06554E-02,  4.28
  754,    1.31056E+01,   1.17030E+01,  -10.70
  755,    4.77626E+00,   4.19358E+00,  -12.20
  756,    2.07477E+00,   1.83186E+00,  -11.71
  757,    1.30047E+00,   1.02296E+00,  -21.34
  758,    2.83145E-01,   4.61521E-01,  63.00
  759,    5.90093E-01,   2.38893E-01,  -59.52
  760,    2.04505E-01,   1.74452E-01,  -14.70
  761,    1.40413E-01,   1.37282E-01,  -2.23
  762,    3.94026E-01,   4.02914E-01,  2.26
  763,    2.13369E-01,   2.17190E-01,  1.79
  764,    1.18608E-01,   1.21837E-01,  2.72
  765,    8.40657E-02,   8.67998E-02,  3.25
  766,    5.06893E-02,   5.08721E-02,  0.36
  767,    6.94621E-02,   7.17406E-02,  3.28
  768,    1.21473E+01,   1.26128E+01,  3.83
  769,    3.39929E+00,   3.52586E+00,  3.72
  770,    1.98238E+00,   1.58569E+00,  -20.01
  771,    7.77106E-01,   6.08076E-01,  -21.75
  772,    1.71175E-01,   2.84964E-01,  66.48
  773,    4.39087E-01,   1.96641E-01,  -55.22
  774,    1.62261E-01,   1.49048E-01,  -8.14
  775,    1.13441E-01,   1.10178E-01,  -2.88
  776,    3.60388E-01,   3.54213E-01,  -1.71
  777,    1.96316E-01,   1.97606E-01,  0.66
  778,    1.20394E-01,   1.22386E-01,  1.65
  779,    6.97173E-02,   6.88562E-02,  -1.24
  780,    5.05887E-02,   5.18302E-02,  2.45
  781,    7.48064E-02,   7.41284E-02,  -0.91
  782,    9.51800E+00,   1.06656E+01,  12.06
  783,    3.52661E+00,   3.11261E+00,  -11.74
  784,    1.25238E+00,   9.50582E-01,  -24.10
  785,    5.38351E-01,   3.88004E-01,  -27.93
  786,    1.75711E-01,   2.47638E-01,  40.93
  787,    3.80979E-01,   1.78754E-01,  -53.08
  788,    1.47120E-01,   1.28198E-01,  -12.86
  789,    9.73818E-02,   8.11485E-02,  -16.67
  790,    3.10154E-01,   2.80484E-01,  -9.57
  791,    1.59645E-01,   1.47606E-01,  -7.54
  792,    1.04328E-01,   9.96776E-02,  -4.46
  793,    5.94718E-02,   5.48242E-02,  -7.81
  794,    4.46862E-02,   4.29908E-02,  -3.79
  795,    1.07297E+01,   1.18047E+01,  10.02
  796,    2.60551E+00,   2.37070E+00,  -9.01
  797,    9.77850E-01,   7.91855E-01,  -19.02
  798,    5.65629E-01,   4.54261E-01,  -19.69
  799,    2.41966E-01,   3.08334E-01,  27.43
  800,    3.24049E-01,   2.13515E-01,  -34.11
  801,    1.42596E-01,   1.32012E-01,  -7.42
  802,    1.08078E-01,   1.07640E-01,  -0.41
  803,    3.00082E-01,   2.84751E-01,  -5.11
  804,    1.71920E-01,   1.65850E-01,  -3.53
  805,    9.15940E-02,   8.82369E-02,  -3.67
  806,    6.33555E-02,   6.28737E-02,  -0.76
  807,    4.34306E-02,   4.18912E-02,  -3.54
  808,    7.77629E+00,   8.92455E+00,  14.77
  809,    1.92329E+00,   1.80840E+00,  -5.97
  810,    9.67088E-01,   8.27936E-01,  -14.39
  811,    5.37815E-01,   4.98087E-01,  -7.39
  812,    2.54371E-01,   3.23518E-01,  27.18
  813,    2.74375E-01,   1.92085E-01,  -29.99
  814,    1.47296E-01,   1.51500E-01,  2.85
  815,    9.00716E-02,   9.18667E-02,  1.99
  816,    2.80558E-01,   2.83704E-01,  1.12
  817,    1.71164E-01,   1.81137E-01,  5.83
  818,    9.03551E-02,   9.37109E-02,  3.71
  819,    6.50338E-02,   7.03256E-02,  8.14
  820,    4.61509E-02,   4.91494E-02,  6.50
  821,    8.37240E+00,   8.53222E+00,  1.91
  822,    2.79498E+00,   2.30533E+00,  -17.52
  823,    1.36425E+00,   1.11251E+00,  -18.45
  824,    7.50799E-01,   6.53074E-01,  -13.02
  825,    2.91485E-01,   3.66121E-01,  25.61
  826,    4.50793E-01,   2.76358E-01,  -38.70
  827,    1.78233E-01,   1.62282E-01,  -8.95
  828,    1.34518E-01,   1.23661E-01,  -8.07
  829,    3.70616E-01,   3.63745E-01,  -1.85
  830,    1.83500E-01,   1.80193E-01,  -1.80
  831,    1.16698E-01,   1.19657E-01,  2.54
  832,    7.58889E-02,   7.61302E-02,  0.32
  833,    7.66502E+00,   8.27492E+00,  7.96
  834,    2.48971E+00,   2.27474E+00,  -8.63
  835,    1.20641E+00,   1.10470E+00,  -8.43
  836,    6.49498E-01,   5.67550E-01,  -12.62
  837,    3.01735E-01,   4.03992E-01,  33.89
  838,    3.60084E-01,   2.28078E-01,  -36.66
  839,    1.74358E-01,   1.69235E-01,  -2.94
  840,    1.37061E-01,   1.41595E-01,  3.31
  841,    4.00333E-01,   4.01173E-01,  0.21
  842,    1.95263E-01,   1.90394E-01,  -2.49
  843,    1.29372E-01,   1.34113E-01,  3.66
  844,    8.68967E-02,   8.90183E-02,  2.44
  845,    5.70547E+00,   6.34197E+00,  11.16
  846,    1.90659E+00,   1.75875E+00,  -7.75
  847,    9.01092E-01,   7.63900E-01,  -15.23
  848,    5.43620E-01,   4.97481E-01,  -8.49
  849,    2.11083E-01,   2.66513E-01,  26.26
  850,    2.80896E-01,   1.91418E-01,  -31.85
  851,    1.56031E-01,   1.56214E-01,  0.12
  852,    9.48318E-02,   9.43764E-02,  -0.48
  853,    3.02120E-01,   3.01676E-01,  -0.15
  854,    1.80510E-01,   1.86324E-01,  3.22
  855,    1.08508E-01,   1.12883E-01,  4.03
  856,    5.52423E+00,   6.11383E+00,  10.67
  857,    1.79776E+00,   1.54607E+00,  -14.00
  858,    9.50088E-01,   8.34901E-01,  -12.12
  859,    4.61608E-01,   4.09090E-01,  -11.38
  860,    2.34349E-01,   2.79569E-01,  19.30
  861,    3.02701E-01,   2.20242E-01,  -27.24
  862,    1.34365E-01,   1.29674E-01,  -3.49
  863,    8.82631E-02,   8.29631E-02,  -6.00
  864,    2.71833E-01,   2.61946E-01,  -3.64
  865,    1.69750E-01,   1.74029E-01,  2.52
  866,    1.05725E-01,   1.10079E-01,  4.12
  867,    5.70785E+00,   6.17888E+00,  8.25
  868,    1.97931E+00,   1.84477E+00,  -6.80
  869,    8.23320E-01,   7.45793E-01,  -9.42
  870,    5.05127E-01,   4.67619E-01,  -7.43
  871,    2.71757E-01,   3.48918E-01,  28.39
  872,    2.84022E-01,   1.98060E-01,  -30.27
  873,    1.27322E-01,   1.22823E-01,  -3.53
  874,    9.79994E-02,   9.63389E-02,  -1.69
  875,    3.00939E-01,   3.01911E-01,  0.32
  876,    1.70370E-01,   1.72796E-01,  1.42
  877,    6.07137E+00,   6.75396E+00,  11.24
  878,    1.60104E+00,   1.49981E+00,  -6.32
  879,    8.54563E-01,   7.86080E-01,  -8.01
  880,    5.53855E-01,   5.37402E-01,  -2.97
  881,    2.32038E-01,   2.89860E-01,  24.92
  882,    2.47654E-01,   1.72774E-01,  -30.24
  883,    1.35813E-01,   1.31707E-01,  -3.02
  884,    1.05678E-01,   1.08604E-01,  2.77
  885,    3.11681E-01,   3.20810E-01,  2.93
  886,    1.82920E-01,   1.90616E-01,  4.21
  887,    4.54372E+00,   4.81282E+00,  5.92
  888,    1.48054E+00,   1.37832E+00,  -6.90
  889,    8.25334E-01,   7.81373E-01,  -5.33
  890,    4.06646E-01,   3.87306E-01,  -4.76
  891,    1.89750E-01,   2.18170E-01,  14.98
  892,    2.15815E-01,   1.60101E-01,  -25.82
  893,    1.28207E-01,   1.27914E-01,  -0.23
  894,    8.74299E-02,   8.55974E-02,  -2.10
  895,    2.81295E-01,   2.79797E-01,  -0.53
  896,    5.34105E+00,   6.02203E+00,  12.75
  897,    1.86299E+00,   1.82645E+00,  -1.96
  898,    7.69549E-01,   7.55024E-01,  -1.89
  899,    4.03310E-01,   3.87943E-01,  -3.81
  900,    2.22646E-01,   2.69421E-01,  21.01
  901,    2.56071E-01,   2.06208E-01,  -19.47
  902,    1.32216E-01,   1.34225E-01,  1.52
  903,    9.60375E-02,   9.69261E-02,  0.93
  904,    2.95837E-01,   3.00236E-01,  1.49
  905,    5.24726E+00,   5.82303E+00,  10.97
  906,    1.33018E+00,   1.29559E+00,  -2.60
  907,    5.80960E-01,   5.48409E-01,  -5.60
  908,    3.63987E-01,   3.47919E-01,  -4.41
  909,    2.21368E-01,   2.50177E-01,  13.01
  910,    1.86606E-01,   1.56764E-01,  -15.99
  911,    1.11113E-01,   1.09122E-01,  -1.79
  912,    9.01945E-02,   9.16170E-02,  1.58
  913,    4.30290E+00,   4.62901E+00,  7.58
  914,    1.10858E+00,   1.07562E+00,  -2.97
  915,    6.05632E-01,   5.75341E-01,  -5.00
  916,    3.79821E-01,   3.77892E-01,  -0.51
  917,    1.98370E-01,   2.25251E-01,  13.55
  918,    1.83362E-01,   1.50013E-01,  -18.19
  919,    1.21171E-01,   1.21978E-01,  0.67
  920,    4.15210E+00,   4.64391E+00,  11.84
  921,    1.39602E+00,   1.34708E+00,  -3.51
  922,    7.37753E-01,   7.31480E-01,  -0.85
  923,    4.00083E-01,   4.00771E-01,  0.17
  924,    2.10898E-01,   2.50115E-01,  18.60
  925,    2.38774E-01,   1.94379E-01,  -18.59
  926,    4.45874E+00,   4.99763E+00,  12.09
  927,    1.41375E+00,   1.37719E+00,  -2.59
  928,    6.50217E-01,   6.23983E-01,  -4.03
  929,    3.79948E-01,   3.48734E-01,  -8.22
  930,    2.15155E-01,   2.52577E-01,  17.39
  931,    4.53980E+00,   5.10479E+00,  12.45
  932,    1.23305E+00,   1.26719E+00,  2.77
  933,    6.01100E-01,   5.82141E-01,  -3.15
  934,    3.91204E-01,   3.81139E-01,  -2.57
  935,    4.14627E+00,   4.65816E+00,  12.35
  936,    1.23464E+00,   1.17906E+00,  -4.50
  937,    6.81599E-01,   6.47370E-01,  -5.02
  938,    4.35325E+00,   4.77558E+00,  9.70
  939,    1.51930E+00,   1.40694E+00,  -7.40
  940,    4.05453E+00,   4.32298E+00,  6.62

;-Resistivity in Ohm-m in the elemental sequential order

 3.21546E+02,  3.24047E+02,  3.26853E+02,  3.44306E+02,  3.79596E+02
 4.34293E+02,  5.08777E+02,  6.00528E+02,  7.00605E+02,  7.95526E+02
 8.68932E+02,  9.13993E+02,  9.36222E+02,  9.44026E+02,  9.32601E+02
 9.45754E+02,  9.45754E+02,  5.57190E+02,  5.57190E+02,  5.57190E+02
 5.57190E+02,  5.57190E+02,  5.57190E+02,  3.21546E+02,  3.24047E+02
 3.26853E+02,  3.44306E+02,  3.79596E+02,  4.34293E+02,  5.08777E+02
 6.00528E+02,  7.00605E+02,  7.95526E+02,  8.68932E+02,  9.13993E+02
 9.36222E+02,  9.44026E+02,  9.32601E+02,  9.45754E+02,  9.45754E+02
 5.57190E+02,  5.57190E+02,  5.57190E+02,  5.57190E+02,  5.57190E+02
 5.57190E+02,  3.21546E+02,  3.24047E+02,  3.26853E+02,  3.44306E+02
 3.79596E+02,  4.34293E+02,  5.08777E+02,  6.00528E+02,  7.00605E+02
 7.95526E+02,  8.68932E+02,  9.13993E+02,  9.36222E+02,  9.44026E+02
 9.32601E+02,  9.45754E+02,  9.45754E+02,  5.57190E+02,  5.57190E+02
 5.57190E+02,  5.57190E+02,  5.57190E+02,  5.57190E+02,  3.21546E+02
 3.24047E+02,  3.26853E+02,  3.44306E+02,  3.79596E+02,  4.34293E+02
 5.08777E+02,  6.00528E+02,  7.00605E+02,  7.95526E+02,  8.68932E+02
 9.13993E+02,  9.36222E+02,  9.44026E+02,  9.32601E+02,  9.45754E+02
 9.45754E+02,  5.57190E+02,  5.57190E+02,  5.57190E+02,  5.57190E+02
 5.57190E+02,  5.57190E+02,  3.21546E+02,  3.24047E+02,  3.26853E+02
 3.44306E+02,  3.79596E+02,  4.34293E+02,  5.08777E+02,  6.00528E+02
 7.00605E+02,  7.95526E+02,  8.68932E+02,  9.13993E+02,  9.36222E+02
 9.44026E+02,  9.32601E+02,  9.45754E+02,  9.45754E+02,  5.57190E+02
 5.57190E+02,  5.57190E+02,  5.57190E+02,  5.57190E+02,  5.57190E+02
 3.21546E+02,  3.24047E+02,  3.26853E+02,  3.44306E+02,  3.79596E+02
 4.34293E+02,  5.08777E+02,  6.00528E+02,  7.00605E+02,  7.95526E+02
 8.68932E+02,  9.13993E+02,  9.36222E+02,  9.44026E+02,  9.32601E+02
 9.45754E+02,  9.45754E+02,  5.57190E+02,  5.57190E+02,  5.57190E+02
 5.57190E+02,  5.57190E+02,  5.57190E+02,  5.73748E+02,  5.19883E+02
 4.85520E+02,  4.59111E+02,  4.56390E+02,  4.74097E+02,  4.98818E+02
 5.19173E+02,  5.24346E+02,  5.12229E+02,  4.89393E+02,  4.54769E+02
 4.20017E+02,  3.94763E+02,  3.77992E+02,  3.51415E+02,  3.51415E+02
 3.10479E+02,  3.10479E+02,  3.10479E+02,  3.10479E+02,  3.10479E+02
 3.10479E+02,  5.73748E+02,  5.19883E+02,  4.85520E+02,  4.59111E+02
 4.56390E+02,  4.74097E+02,  4.98818E+02,  5.19173E+02,  5.24346E+02
 5.12229E+02,  4.89393E+02,  4.54769E+02,  4.20017E+02,  3.94763E+02
 3.77992E+02,  3.51415E+02,  3.51415E+02,  3.10479E+02,  3.10479E+02
 3.10479E+02,  3.10479E+02,  3.10479E+02,  3.10479E+02,  3.55438E+02
 4.32536E+02,  4.43602E+02,  4.57233E+02,  4.25635E+02,  4.52713E+02
 5.19667E+02,  5.45082E+02,  5.32441E+02,  5.03194E+02,  4.73962E+02
 4.40585E+02,  4.05602E+02,  3.81348E+02,  3.69664E+02,  3.39745E+02
 3.39745E+02,  2.58920E+02,  2.58920E+02,  2.58920E+02,  2.58920E+02
 2.58920E+02,  2.58920E+02,  2.82595E+02,  2.60785E+02,  3.77967E+02
 4.81978E+02,  4.54273E+02,  4.61171E+02,  5.46780E+02,  6.18040E+02
 6.29811E+02,  5.61993E+02,  4.83257E+02,  4.59501E+02,  4.17855E+02
 3.86574E+02,  3.71496E+02,  3.17769E+02,  3.17769E+02,  2.39458E+02
 2.39458E+02,  2.39458E+02,  2.39458E+02,  2.39458E+02,  2.39458E+02
 4.25560E+02,  1.23168E+02,  2.97861E+02,  5.61183E+02,  5.56163E+02
 5.39123E+02,  6.14155E+02,  6.75669E+02,  6.83897E+02,  6.20591E+02
 5.37133E+02,  4.77386E+02,  4.35679E+02,  4.05314E+02,  3.76557E+02
 2.87219E+02,  2.87219E+02,  2.17409E+02,  2.17409E+02,  2.17409E+02
 2.17409E+02,  2.17409E+02,  2.17409E+02,  2.58882E+02,  9.07964E+01
 2.78099E+02,  8.48395E+02,  7.59173E+02,  7.17599E+02,  7.30970E+02
 7.53191E+02,  7.61775E+02,  6.75631E+02,  5.71388E+02,  4.90626E+02
 4.47401E+02,  4.17788E+02,  3.74863E+02,  2.81965E+02,  2.81965E+02
 2.18516E+02,  2.18516E+02,  2.18516E+02,  2.18516E+02,  2.18516E+02
 2.18516E+02,  2.34972E+02,  8.56067E+01,  4.08634E+02,  1.25125E+03
 1.07795E+03,  9.30681E+02,  8.37598E+02,  8.40352E+02,  7.96623E+02
 7.01188E+02,  5.89895E+02,  5.07663E+02,  4.60745E+02,  4.23272E+02
 3.73154E+02,  2.75993E+02,  2.75993E+02,  2.15857E+02,  2.15857E+02
 2.15857E+02,  2.15857E+02,  2.15857E+02,  2.15857E+02,  2.99124E+02
 1.32758E+02,  4.16015E+02,  1.50528E+03,  1.47225E+03,  1.08089E+03
 9.22413E+02,  8.77425E+02,  8.01209E+02,  7.10310E+02,  6.00281E+02
 5.21438E+02,  4.76502E+02,  4.23946E+02,  3.72037E+02,  2.71273E+02
 2.71273E+02,  2.13857E+02,  2.13857E+02,  2.13857E+02,  2.13857E+02
 2.13857E+02,  2.13857E+02,  2.85102E+02,  1.14641E+02,  4.13367E+02
 1.62049E+03,  1.58414E+03,  1.12277E+03,  9.50048E+02,  8.70886E+02
 7.79503E+02,  7.10412E+02,  6.12104E+02,  5.41562E+02,  4.87580E+02
 4.23334E+02,  3.71193E+02,  2.67278E+02,  2.67278E+02,  2.12616E+02
 2.12616E+02,  2.12616E+02,  2.12616E+02,  2.12616E+02,  2.12616E+02
 3.23045E+02,  1.18833E+02,  3.76428E+02,  1.36155E+03,  1.20388E+03
 1.06995E+03,  8.76745E+02,  7.74109E+02,  7.40897E+02,  6.92602E+02
 6.20754E+02,  5.60340E+02,  4.91109E+02,  4.23033E+02,  3.70627E+02
 2.63716E+02,  2.63716E+02,  2.12530E+02,  2.12530E+02,  2.12530E+02
 2.12530E+02,  2.12530E+02,  2.12530E+02,  2.39171E+02,  1.02603E+02
 3.79429E+02,  1.16866E+03,  1.00374E+03,  7.31316E+02,  6.88242E+02
 6.88223E+02,  6.92657E+02,  6.74946E+02,  6.27496E+02,  5.65923E+02
 4.92135E+02,  4.23261E+02,  3.70387E+02,  2.60184E+02,  2.60184E+02
 2.12173E+02,  2.12173E+02,  2.12173E+02,  2.12173E+02,  2.12173E+02
 2.12173E+02,  2.99208E+02,  1.22031E+02,  3.74365E+02,  1.06906E+03
 8.67042E+02,  6.13526E+02,  5.86488E+02,  6.15928E+02,  6.38996E+02
 6.58301E+02,  6.30676E+02,  5.69416E+02,  4.93628E+02,  4.23610E+02
 3.70190E+02,  2.56137E+02,  2.56137E+02,  2.10555E+02,  2.10555E+02
 2.10555E+02,  2.10555E+02,  2.10555E+02,  2.10555E+02,  2.76045E+02
 1.12226E+02,  3.50084E+02,  8.79405E+02,  7.26214E+02,  5.55025E+02
 5.17999E+02,  5.34818E+02,  5.99993E+02,  6.28694E+02,  6.25382E+02
 5.70515E+02,  4.95120E+02,  4.23906E+02,  3.70168E+02,  2.52017E+02
 2.52017E+02,  2.09831E+02,  2.09831E+02,  2.09831E+02,  2.09831E+02
 2.09831E+02,  2.09831E+02,  2.50658E+02,  1.04296E+02,  2.91307E+02
 7.36466E+02,  6.69782E+02,  5.37959E+02,  4.58021E+02,  4.70654E+02
 5.47439E+02,  5.88399E+02,  6.06761E+02,  5.67428E+02,  4.95727E+02
 4.24168E+02,  3.70535E+02,  2.48035E+02,  2.48035E+02,  2.10246E+02
 2.10246E+02,  2.10246E+02,  2.10246E+02,  2.10246E+02,  2.10246E+02
 3.12513E+02,  9.79203E+01,  2.68052E+02,  6.93894E+02,  6.98397E+02
 5.83988E+02,  4.10525E+02,  4.01052E+02,  4.67090E+02,  5.53457E+02
 5.70899E+02,  5.58361E+02,  4.94653E+02,  4.24111E+02,  3.71115E+02
 2.44419E+02,  2.44419E+02,  2.11842E+02,  2.11842E+02,  2.11842E+02
 2.11842E+02,  2.11842E+02,  2.11842E+02,  3.13326E+02,  1.10881E+02
 2.91275E+02,  8.15688E+02,  7.49445E+02,  6.04241E+02,  3.79765E+02
 3.31622E+02,  3.94801E+02,  4.97709E+02,  5.44227E+02,  5.41544E+02
 4.91183E+02,  4.23448E+02,  3.71785E+02,  2.44670E+02,  2.44670E+02
 2.16998E+02,  2.16998E+02,  2.16998E+02,  2.16998E+02,  2.16998E+02
 2.16998E+02,  2.88505E+02,  1.22934E+02,  3.31667E+02,  1.16052E+03
 8.70442E+02,  6.08442E+02,  3.51078E+02,  2.86959E+02,  3.30744E+02
 4.38502E+02,  5.15063E+02,  5.12206E+02,  4.84550E+02,  4.21977E+02
 3.72290E+02,  2.45111E+02,  2.45111E+02,  2.19352E+02,  2.19352E+02
 2.19352E+02,  2.19352E+02,  2.19352E+02,  2.19352E+02,  4.24488E+02
 1.37274E+02,  3.28121E+02,  1.09724E+03,  1.12638E+03,  6.30441E+02
 3.73954E+02,  2.61370E+02,  2.79946E+02,  3.83778E+02,  4.78896E+02
 4.96078E+02,  4.73647E+02,  4.19219E+02,  3.72620E+02,  2.42451E+02
 2.42451E+02,  2.14287E+02,  2.14287E+02,  2.14287E+02,  2.14287E+02
 2.14287E+02,  2.14287E+02,  2.30778E+02,  1.25153E+02,  3.23479E+02
 1.08810E+03,  1.12642E+03,  7.01892E+02,  3.72462E+02,  2.26617E+02
 2.39507E+02,  3.34956E+02,  4.40545E+02,  4.74601E+02,  4.55412E+02
 4.14106E+02,  3.72524E+02,  2.39999E+02,  2.39999E+02,  2.09309E+02
 2.09309E+02,  2.09309E+02,  2.09309E+02,  2.09309E+02,  2.09309E+02
 3.28548E+02,  1.35895E+02,  3.26342E+02,  1.14213E+03,  1.17527E+03
 7.31657E+02,  3.77688E+02,  2.12627E+02,  2.07439E+02,  2.92723E+02
 4.02997E+02,  4.48693E+02,  4.34986E+02,  4.00793E+02,  3.70099E+02
 2.38380E+02,  2.38380E+02,  2.09064E+02,  2.09064E+02,  2.09064E+02
 2.09064E+02,  2.09064E+02,  2.09064E+02,  2.72076E+02,  1.34977E+02
 3.32627E+02,  1.43381E+03,  1.52013E+03,  8.12516E+02,  4.38858E+02
 2.24753E+02,  1.84237E+02,  2.56835E+02,  3.67310E+02,  4.27789E+02
 4.23565E+02,  3.89659E+02,  3.68517E+02,  2.37161E+02,  2.37161E+02
 2.15474E+02,  2.15474E+02,  2.15474E+02,  2.15474E+02,  2.15474E+02
 2.15474E+02,  2.71513E+02,  1.28179E+02,  3.38758E+02,  1.45641E+03
 1.64615E+03,  9.81844E+02,  4.83145E+02,  2.36820E+02,  1.68361E+02
 2.26826E+02,  3.32634E+02,  4.11080E+02,  4.20378E+02,  3.89538E+02
 3.69327E+02,  2.36722E+02,  2.36722E+02,  2.25072E+02,  2.25072E+02
 2.25072E+02,  2.25072E+02,  2.25072E+02,  2.25072E+02,  3.45485E+02
 1.37861E+02,  3.25014E+02,  1.16454E+03,  1.47086E+03,  9.93662E+02
 5.02715E+02,  2.34694E+02,  1.58111E+02,  2.02057E+02,  3.01205E+02
 3.94471E+02,  4.19809E+02,  3.93311E+02,  3.72009E+02,  2.36228E+02
 2.36228E+02,  2.24559E+02,  2.24559E+02,  2.24559E+02,  2.24559E+02
 2.24559E+02,  2.24559E+02,  3.69147E+02,  1.43860E+02,  3.26804E+02
 1.01126E+03,  1.18045E+03,  9.64387E+02,  5.14407E+02,  2.27466E+02
 1.52636E+02,  1.81711E+02,  2.73922E+02,  3.75734E+02,  4.15132E+02
 3.95241E+02,  3.74644E+02,  2.35100E+02,  2.35100E+02,  2.14267E+02
 2.14267E+02,  2.14267E+02,  2.14267E+02,  2.14267E+02,  2.14267E+02
 2.71307E+02,  1.45963E+02,  3.22331E+02,  1.00932E+03,  1.06931E+03
 8.78365E+02,  5.24956E+02,  2.26116E+02,  1.50661E+02,  1.65642E+02
 2.50561E+02,  3.56460E+02,  4.08171E+02,  3.94846E+02,  3.75817E+02
 2.34242E+02,  2.34242E+02,  2.08338E+02,  2.08338E+02,  2.08338E+02
 2.08338E+02,  2.08338E+02,  2.08338E+02,  3.05837E+02,  1.56714E+02
 3.36433E+02,  9.32432E+02,  1.06053E+03,  8.22351E+02,  5.23614E+02
 2.33261E+02,  1.40578E+02,  1.54811E+02,  2.30714E+02,  3.37449E+02
 3.98438E+02,  3.91786E+02,  3.75492E+02,  2.33843E+02,  2.33843E+02
 2.15639E+02,  2.15639E+02,  2.15639E+02,  2.15639E+02,  2.15639E+02
 2.15639E+02,  3.33568E+02,  1.71282E+02,  3.72790E+02,  9.64170E+02
 1.05548E+03,  7.95144E+02,  5.39625E+02,  2.30086E+02,  1.43831E+02
 1.45536E+02,  2.13919E+02,  3.19301E+02,  3.88086E+02,  3.86339E+02
 3.73718E+02,  2.33217E+02,  2.33217E+02,  2.26887E+02,  2.26887E+02
 2.26887E+02,  2.26887E+02,  2.26887E+02,  2.26887E+02,  3.17095E+02
 1.75887E+02,  4.14248E+02,  1.02531E+03,  1.06036E+03,  7.80969E+02
 5.42494E+02,  2.20869E+02,  1.40323E+02,  1.38777E+02,  1.99706E+02
 3.02770E+02,  3.81390E+02,  3.82014E+02,  3.70120E+02,  2.32666E+02
 2.32666E+02,  2.46929E+02,  2.46929E+02,  2.46929E+02,  2.46929E+02
 2.46929E+02,  2.46929E+02,  3.25052E+02,  1.69525E+02,  4.26312E+02
 1.08315E+03,  1.07301E+03,  8.00286E+02,  5.42664E+02,  2.20323E+02
 1.34297E+02,  1.37522E+02,  1.87805E+02,  2.88926E+02,  3.76209E+02
 3.80013E+02,  3.66228E+02,  2.32476E+02,  2.32476E+02,  2.58136E+02
 2.58136E+02,  2.58136E+02,  2.58136E+02,  2.58136E+02,  2.58136E+02
 3.33368E+02,  1.59976E+02,  4.23641E+02,  1.16437E+03,  1.10850E+03
 8.60496E+02,  5.38122E+02,  2.42063E+02,  1.43804E+02,  1.35476E+02
 1.77237E+02,  2.78405E+02,  3.69172E+02,  3.77515E+02,  3.63592E+02
 2.31825E+02,  2.31825E+02,  2.53482E+02,  2.53482E+02,  2.53482E+02
 2.53482E+02,  2.53482E+02,  2.53482E+02,  2.84633E+02,  1.57512E+02
 4.19536E+02,  1.18363E+03,  1.20704E+03,  9.02253E+02,  5.40687E+02
 2.51032E+02,  1.48803E+02,  1.40465E+02,  1.68685E+02,  2.69630E+02
 3.61961E+02,  3.73108E+02,  3.58637E+02,  2.25671E+02,  2.25671E+02
 2.49898E+02,  2.49898E+02,  2.49898E+02,  2.49898E+02,  2.49898E+02
 2.49898E+02,  3.18246E+02,  1.72338E+02,  4.24621E+02,  1.08802E+03
 1.14904E+03,  9.36528E+02,  5.53694E+02,  2.52550E+02,  1.41979E+02
 1.37418E+02,  1.62342E+02,  2.49725E+02,  3.55359E+02,  3.67716E+02
 3.49123E+02,  2.16031E+02,  2.16031E+02,  2.61832E+02,  2.61832E+02
 2.61832E+02,  2.61832E+02,  2.61832E+02,  2.61832E+02,  3.12609E+02
 1.97606E+02,  4.42128E+02,  9.12035E+02,  1.00295E+03,  9.21344E+02
 5.79548E+02,  2.61231E+02,  1.34909E+02,  1.30967E+02,  1.59793E+02
 2.34806E+02,  3.36372E+02,  3.62588E+02,  3.38250E+02,  2.16199E+02
 2.16199E+02,  2.65003E+02,  2.65003E+02,  2.65003E+02,  2.65003E+02
 2.65003E+02,  2.65003E+02,  2.75033E+02,  2.37838E+02,  4.50051E+02
 6.71217E+02,  8.23256E+02,  8.80656E+02,  5.97332E+02,  2.81249E+02
 1.38711E+02,  1.28757E+02,  1.59038E+02,  2.30626E+02,  2.77938E+02
 3.51645E+02,  3.26903E+02,  2.43073E+02,  2.43073E+02,  2.58818E+02
 2.58818E+02,  2.58818E+02,  2.58818E+02,  2.58818E+02,  2.58818E+02
 5.07808E+02,  2.93733E+02,  4.00970E+02,  4.69034E+02,  6.12091E+02
 7.82098E+02,  5.95974E+02,  3.09219E+02,  1.45262E+02,  1.31648E+02
 1.57938E+02,  2.30789E+02,  2.67174E+02,  3.06111E+02,  3.18760E+02
 2.55294E+02,  2.55294E+02,  2.61551E+02,  2.61551E+02,  2.61551E+02
 2.61551E+02,  2.61551E+02,  2.61551E+02,  3.63604E+02,  2.99144E+02
 3.56366E+02,  3.57329E+02,  4.30533E+02,  6.80007E+02,  6.08158E+02
 3.43579E+02,  1.52766E+02,  1.30924E+02,  1.60533E+02,  2.35463E+02
 2.93746E+02,  2.98154E+02,  3.12840E+02,  2.69124E+02,  2.69124E+02
 2.79117E+02,  2.79117E+02,  2.79117E+02,  2.79117E+02,  2.79117E+02
 2.79117E+02,  5.26311E+02,  3.37798E+02,  3.65278E+02,  2.98333E+02
 3.22334E+02,  6.10633E+02,  6.23204E+02,  3.80884E+02,  1.60100E+02
 1.32521E+02,  1.65479E+02,  2.35835E+02,  2.90588E+02,  3.29782E+02
 2.87915E+02,  2.90931E+02,  2.90931E+02,  2.90065E+02,  2.90065E+02
 2.90065E+02,  2.90065E+02,  2.90065E+02,  2.90065E+02,  5.65683E+02
 3.99974E+02,  4.70672E+02,  2.51149E+02,  2.80824E+02,  6.05475E+02
 7.22729E+02,  4.04531E+02,  1.67445E+02,  1.37760E+02,  1.72794E+02
 2.39686E+02,  2.97063E+02,  3.23144E+02,  2.88376E+02,  3.13005E+02
 3.13005E+02,  2.98373E+02,  2.98373E+02,  2.98373E+02,  2.98373E+02
 2.98373E+02,  2.98373E+02,  3.49810E+02,  4.20499E+02,  5.65947E+02
 2.57758E+02,  2.78498E+02,  6.80034E+02,  8.65988E+02,  4.03575E+02
 1.76025E+02,  1.46684E+02,  1.82783E+02,  2.49546E+02,  3.09855E+02
 3.21988E+02,  3.21296E+02,  3.25953E+02,  3.25953E+02,  3.11160E+02
 3.11160E+02,  3.11160E+02,  3.11160E+02,  3.11160E+02,  3.11160E+02
 4.60866E+02,  3.97191E+02,  6.55940E+02,  3.18277E+02,  3.18193E+02
 8.17494E+02,  9.19980E+02,  3.91824E+02,  2.22560E+02,  1.58276E+02
 1.95622E+02,  2.56185E+02,  3.06663E+02,  3.15481E+02,  3.20392E+02
 3.27572E+02,  3.27572E+02,  3.25679E+02,  3.25679E+02,  3.25679E+02
 3.25679E+02,  3.25679E+02,  3.25679E+02,  3.19564E+02,  4.20897E+02
 7.86369E+02,  4.43340E+02,  4.39534E+02,  9.42786E+02,  8.98950E+02
 3.77633E+02,  2.33356E+02,  1.78586E+02,  2.09329E+02,  2.59281E+02
 2.91400E+02,  3.03203E+02,  3.03860E+02,  3.20021E+02,  3.20021E+02
 3.42174E+02,  3.42174E+02,  3.42174E+02,  3.42174E+02,  3.42174E+02
 3.42174E+02,  3.99810E+02,  4.88284E+02,  7.94414E+02,  5.56529E+02
 5.60962E+02,  9.01737E+02,  7.65206E+02,  3.79061E+02,  2.34991E+02
 2.02986E+02,  2.19729E+02,  2.54206E+02,  2.85646E+02,  3.02453E+02
 2.95901E+02,  3.21783E+02,  3.21783E+02,  3.58737E+02,  3.58737E+02
 3.58737E+02,  3.58737E+02,  3.58737E+02,  3.58737E+02,  3.68248E+02
 4.35575E+02,  7.04165E+02,  5.28746E+02,  5.53725E+02,  8.19479E+02
 7.36350E+02,  3.99707E+02,  2.50190E+02,  2.13809E+02,  2.21741E+02
 2.47266E+02,  2.90200E+02,  3.09768E+02,  3.03086E+02,  3.43413E+02
 3.43413E+02,  3.74456E+02,  3.74456E+02,  3.74456E+02,  3.74456E+02
 3.74456E+02,  3.74456E+02,  2.38429E+02,  3.80464E+02,  5.55652E+02
 4.13788E+02,  4.78970E+02,  7.71603E+02,  7.23809E+02,  4.07631E+02
 2.56445E+02,  2.18023E+02,  2.20846E+02,  2.44991E+02,  2.76533E+02
 3.01244E+02,  3.23758E+02,  3.90100E+02,  3.90100E+02,  3.93384E+02
 3.93384E+02,  3.93384E+02,  3.93384E+02,  3.93384E+02,  3.93384E+02
 6.96204E+02,  5.01745E+02,  4.38363E+02,  3.22003E+02,  4.10692E+02
 6.60498E+02,  6.19418E+02,  3.76890E+02,  2.58385E+02,  2.23004E+02
 2.25334E+02,  2.48850E+02,  2.78533E+02,  3.08666E+02,  3.53009E+02
 4.34808E+02,  4.34808E+02,  4.15976E+02,  4.15976E+02,  4.15976E+02
 4.15976E+02,  4.15976E+02,  4.15976E+02,  3.35216E+02,  5.47177E+02
 3.99287E+02,  3.01928E+02,  3.60818E+02,  5.60220E+02,  5.28604E+02
 3.34159E+02,  2.62616E+02,  2.39206E+02,  2.45163E+02,  2.74945E+02
 3.06454E+02,  3.46887E+02,  3.85769E+02,  4.75636E+02,  4.75636E+02
 4.41288E+02,  4.41288E+02,  4.41288E+02,  4.41288E+02,  4.41288E+02
 4.41288E+02,  1.18907E+03,  9.15854E+02,  5.68591E+02,  2.92459E+02
 3.17087E+02,  4.45866E+02,  3.82634E+02,  3.05287E+02,  2.75753E+02
 2.60530E+02,  2.63432E+02,  2.96734E+02,  3.34103E+02,  3.67442E+02
 3.98937E+02,  5.01801E+02,  5.01801E+02,  4.68414E+02,  4.68414E+02
 4.68414E+02,  4.68414E+02,  4.68414E+02,  4.68414E+02,  6.88335E+02
 7.08217E+02,  5.38577E+02,  3.28159E+02,  2.82246E+02,  2.99977E+02
 3.12138E+02,  3.37271E+02,  3.16839E+02,  2.67252E+02,  2.68354E+02
 3.07560E+02,  3.38833E+02,  3.75607E+02,  4.13383E+02,  5.25965E+02
 5.25965E+02,  4.96035E+02,  4.96035E+02,  4.96035E+02,  4.96035E+02
 4.96035E+02,  4.96035E+02,  9.51162E+02,  6.01852E+02,  5.13022E+02
 3.21870E+02,  2.56110E+02,  3.85692E+02,  5.88649E+02,  4.72201E+02
 2.86824E+02,  2.63066E+02,  2.78321E+02,  3.14885E+02,  3.49842E+02
 3.97206E+02,  4.41716E+02,  5.62182E+02,  5.62182E+02,  5.25669E+02
 5.25669E+02,  5.25669E+02,  5.25669E+02,  5.25669E+02,  5.25669E+02
 1.08712E+03,  8.77642E+02,  6.24610E+02,  3.33424E+02,  2.45731E+02
 3.51511E+02,  4.93259E+02,  3.21984E+02,  2.39496E+02,  2.55814E+02
 2.79370E+02,  3.19249E+02,  3.59720E+02,  4.08177E+02,  4.57893E+02
 6.03497E+02,  6.03497E+02,  5.58958E+02,  5.58958E+02,  5.58958E+02
 5.58958E+02,  5.58958E+02,  5.58958E+02,  3.77096E+02,  4.76281E+02
 6.77395E+02,  4.44184E+02,  2.49194E+02,  1.87042E+02,  1.66252E+02
 1.78013E+02,  2.16472E+02,  2.41925E+02,  2.72704E+02,  3.11925E+02
 3.56567E+02,  4.09509E+02,  4.67616E+02,  6.39358E+02,  6.39358E+02
 5.94351E+02,  5.94351E+02,  5.94351E+02,  5.94351E+02,  5.94351E+02
 5.94351E+02,  6.79495E+02,  7.31912E+02,  1.00811E+03,  5.01788E+02
 2.19084E+02,  1.36054E+02,  1.30637E+02,  1.53276E+02,  1.82046E+02
 2.25664E+02,  2.64218E+02,  2.97719E+02,  3.44314E+02,  4.08186E+02
 4.77744E+02,  6.73489E+02,  6.73489E+02,  6.31749E+02,  6.31749E+02
 6.31749E+02,  6.31749E+02,  6.31749E+02,  6.31749E+02,  4.64388E+02
 7.18373E+02,  7.74064E+02,  4.33873E+02,  2.20826E+02,  1.25359E+02
 1.22637E+02,  1.41701E+02,  1.66346E+02,  2.09764E+02,  2.52790E+02
 2.84766E+02,  3.21449E+02,  3.97570E+02,  4.81155E+02,  6.98404E+02
 6.98404E+02,  6.70791E+02,  6.70791E+02,  6.70791E+02,  6.70791E+02
 6.70791E+02,  6.70791E+02,  6.82729E+02,  3.68032E+02,  3.58897E+02
 3.49960E+02,  2.82881E+02,  1.76461E+02,  1.68320E+02,  1.69612E+02
 1.83201E+02,  1.94909E+02,  2.21871E+02,  2.62622E+02,  3.07155E+02
 3.86221E+02,  4.80948E+02,  7.14826E+02,  7.14826E+02,  7.10159E+02
 7.10159E+02,  7.10159E+02,  7.10159E+02,  7.10159E+02,  7.10159E+02
 2.51163E+02,  1.90961E+02,  2.61656E+02,  4.09233E+02,  4.52566E+02
 3.59739E+02,  3.15770E+02,  2.64300E+02,  2.32542E+02,  1.93872E+02
 2.17678E+02,  2.43115E+02,  2.98450E+02,  3.83431E+02,  4.86815E+02
 7.37275E+02,  7.37275E+02,  7.51364E+02,  7.51364E+02,  7.51364E+02
 7.51364E+02,  7.51364E+02,  7.51364E+02,  3.56817E+02,  2.20522E+02
 3.59187E+02,  8.36096E+02,  1.19837E+03,  1.05485E+03,  7.11899E+02
 3.59023E+02,  2.18020E+02,  1.78577E+02,  2.07295E+02,  2.32656E+02
 2.88961E+02,  3.84113E+02,  4.93285E+02,  7.60923E+02,  7.60923E+02
 7.94926E+02,  7.94926E+02,  7.94926E+02,  7.94926E+02,  7.94926E+02
 7.94926E+02,  3.17061E+02,  2.25318E+02,  4.87410E+02,  1.37921E+03
 2.03198E+03,  1.60443E+03,  8.99802E+02,  4.55968E+02,  1.93381E+02
 1.53152E+02,  1.59254E+02,  2.10753E+02,  2.78905E+02,  3.81516E+02
 4.94544E+02,  7.77667E+02,  7.77667E+02,  8.39484E+02,  8.39484E+02
 8.39484E+02,  8.39484E+02,  8.39484E+02,  8.39484E+02,  3.12277E+02
 2.33354E+02,  4.72918E+02,  1.15699E+03,  1.88501E+03,  1.64698E+03
 1.27397E+03,  7.79222E+02,  3.20069E+02,  1.65806E+02,  1.52182E+02
 2.07343E+02,  2.69730E+02,  3.76516E+02,  4.94639E+02,  7.91152E+02
 7.91152E+02,  8.85010E+02,  8.85010E+02,  8.85010E+02,  8.85010E+02
 8.85010E+02,  8.85010E+02,  4.11245E+02,  3.04102E+02,  4.15280E+02
 6.74694E+02,  1.00971E+03,  1.16550E+03,  1.06809E+03,  7.30767E+02
 4.54583E+02,  2.45242E+02,  1.97377E+02,  2.08349E+02,  2.65337E+02
 3.74600E+02,  4.92487E+02,  7.98333E+02,  7.98333E+02,  9.30971E+02
 9.30971E+02,  9.30971E+02,  9.30971E+02,  9.30971E+02,  9.30971E+02
 3.71883E+02,  4.37355E+02,  3.88976E+02,  3.25366E+02,  3.13116E+02
 5.14731E+02,  7.01942E+02,  6.33896E+02,  4.31216E+02,  2.89959E+02
 2.33779E+02,  2.19044E+02,  2.73479E+02,  3.73974E+02,  4.88915E+02
 8.01102E+02,  8.01102E+02,  9.76654E+02,  9.76654E+02,  9.76654E+02
 9.76654E+02,  9.76654E+02,  9.76654E+02,  5.91294E+02,  7.85283E+02
 3.62036E+02,  1.60619E+02,  1.09545E+02,  1.92930E+02,  3.92563E+02
 4.65107E+02,  3.57294E+02,  2.83758E+02,  2.53446E+02,  2.26846E+02
 2.80090E+02,  3.73590E+02,  4.87850E+02,  8.06531E+02,  8.06531E+02
 1.02198E+03,  1.02198E+03,  1.02198E+03,  1.02198E+03,  1.02198E+03
 1.02198E+03,  5.50267E+02,  1.15282E+03,  3.27769E+02,  1.21667E+02
 7.36085E+01,  1.02752E+02,  2.47624E+02,  3.72681E+02,  3.22503E+02
 2.28424E+02,  2.46781E+02,  2.45105E+02,  2.88767E+02,  3.72991E+02
 4.89156E+02,  8.12267E+02,  8.12267E+02,  1.06580E+03,  1.06580E+03
 1.06580E+03,  1.06580E+03,  1.06580E+03,  1.06580E+03,  7.24761E+02
 1.39704E+03,  3.46203E+02,  1.30045E+02,  8.22968E+01,  1.02233E+02
 2.05535E+02,  3.67274E+02,  3.22990E+02,  2.28470E+02,  2.61561E+02
 2.73758E+02,  2.93792E+02,  3.71742E+02,  4.85790E+02,  8.15400E+02
 8.15400E+02,  1.10690E+03,  1.10690E+03,  1.10690E+03,  1.10690E+03
 1.10690E+03,  1.10690E+03,  7.89638E+02,  2.90002E+03,  6.62670E+02
 2.10626E+02,  1.67834E+02,  2.51702E+02,  2.72112E+02,  3.80918E+02
 3.68711E+02,  2.29338E+02,  2.55479E+02,  2.80720E+02,  3.08538E+02
 3.71103E+02,  4.71921E+02,  8.15779E+02,  8.15779E+02,  1.14417E+03
 1.14417E+03,  1.14417E+03,  1.14417E+03,  1.14417E+03,  1.14417E+03
 7.76995E+02,  2.75712E+03,  7.88297E+02,  3.89943E+02,  2.64189E+02
 3.60086E+02,  4.21905E+02,  4.21016E+02,  4.05621E+02,  2.61245E+02
 2.39238E+02,  2.31114E+02,  3.32252E+02,  3.85470E+02,  4.65748E+02
 8.12002E+02,  8.12002E+02,  1.17788E+03,  1.17788E+03,  1.17788E+03
 1.17788E+03,  1.17788E+03,  1.17788E+03,  8.70051E+02,  1.75524E+03
 4.42047E+02,  3.20290E+02,  3.46714E+02,  4.50409E+02,  5.85267E+02
 4.91959E+02,  4.37389E+02,  3.09655E+02,  2.63496E+02,  2.32864E+02
 3.23801E+02,  3.99181E+02,  4.66774E+02,  8.06749E+02,  8.06749E+02
 1.20978E+03,  1.20978E+03,  1.20978E+03,  1.20978E+03,  1.20978E+03
 1.20978E+03,  5.98160E+02,  1.68332E+03,  3.38908E+02,  1.98876E+02
 3.36770E+02,  6.70667E+02,  7.86366E+02,  6.10615E+02,  4.78151E+02
 3.23385E+02,  2.52207E+02,  2.25839E+02,  2.79451E+02,  4.16980E+02
 4.74763E+02,  8.04151E+02,  8.04151E+02,  1.23869E+03,  1.23869E+03
 1.23869E+03,  1.23869E+03,  1.23869E+03,  1.23869E+03,  9.23999E+02
 2.80391E+03,  5.31755E+02,  1.65631E+02,  2.40493E+02,  6.32192E+02
 9.34201E+02,  7.73005E+02,  5.71890E+02,  3.32984E+02,  2.14627E+02
 2.02967E+02,  2.44685E+02,  4.16879E+02,  4.85691E+02,  8.05519E+02
 8.05519E+02,  1.26483E+03,  1.26483E+03,  1.26483E+03,  1.26483E+03
 1.26483E+03,  1.26483E+03,  4.48762E+02,  2.38271E+03,  6.97594E+02
 1.56776E+02,  1.77537E+02,  5.22918E+02,  9.11023E+02,  7.73924E+02
 6.00737E+02,  3.66504E+02,  2.27163E+02,  2.01474E+02,  2.22991E+02
 3.35587E+02,  4.89561E+02,  8.13342E+02,  8.13342E+02,  1.29138E+03
 1.29138E+03,  1.29138E+03,  1.29138E+03,  1.29138E+03,  1.29138E+03
 6.56243E+02,  1.50170E+03,  7.05880E+02,  1.43830E+02,  1.55984E+02
 4.34026E+02,  7.28329E+02,  6.52358E+02,  5.39433E+02,  3.87399E+02
 2.41314E+02,  2.02823E+02,  2.09290E+02,  2.83059E+02,  4.93150E+02
 8.27736E+02,  8.27736E+02,  1.31839E+03,  1.31839E+03,  1.31839E+03
 1.31839E+03,  1.31839E+03,  1.31839E+03,  4.36870E+02,  2.80537E+03
 9.96936E+02,  1.68766E+02,  1.54189E+02,  4.12263E+02,  5.86133E+02
 5.63810E+02,  4.69752E+02,  3.78342E+02,  2.53905E+02,  2.04699E+02
 1.99985E+02,  2.49051E+02,  4.10919E+02,  8.42230E+02,  8.42230E+02
 1.34863E+03,  1.34863E+03,  1.34863E+03,  1.34863E+03,  1.34863E+03
 1.34863E+03,  6.20940E+02,  1.71330E+03,  1.33208E+03,  2.44134E+02
 1.73615E+02,  4.20562E+02,  5.17753E+02,  5.06641E+02,  3.82715E+02
 3.33990E+02,  2.59503E+02,  2.07280E+02,  1.92990E+02,  2.26322E+02
 3.54794E+02,  8.48573E+02,  8.48573E+02,  1.38494E+03,  1.38494E+03
 1.38494E+03,  1.38494E+03,  1.38494E+03,  1.38494E+03,  3.97892E+02
 2.59331E+03,  1.52314E+03,  3.35186E+02,  2.33043E+02,  4.78092E+02
 5.23913E+02,  4.51757E+02,  3.48542E+02,  3.41588E+02,  2.62094E+02
 2.09642E+02,  1.87469E+02,  2.08650E+02,  3.05509E+02,  8.29048E+02
 8.29048E+02,  1.41814E+03,  1.41814E+03,  1.41814E+03,  1.41814E+03
 1.41814E+03,  1.41814E+03,  5.21408E+02,  1.56197E+03,  1.46704E+03
 4.23559E+02,  3.20234E+02,  5.89600E+02,  6.39969E+02,  4.08102E+02
 3.06418E+02,  3.23697E+02,  2.57796E+02,  2.11042E+02,  1.83215E+02
 1.94440E+02,  2.64429E+02,  8.09264E+02,  8.09264E+02,  1.44557E+03
 1.44557E+03,  1.44557E+03,  1.44557E+03,  1.44557E+03,  1.44557E+03
 4.04007E+02,  1.57408E+03,  9.66439E+02,  4.94483E+02,  4.35516E+02
 6.48552E+02,  6.73977E+02,  3.80583E+02,  2.84636E+02,  2.94747E+02
 2.47346E+02,  2.11388E+02,  1.79774E+02,  1.82681E+02,  2.33524E+02
 7.84146E+02,  7.84146E+02,  1.47601E+03,  1.47601E+03,  1.47601E+03
 1.47601E+03,  1.47601E+03,  1.47601E+03,  4.01960E+02,  7.35526E+02
 7.51235E+02,  5.34107E+02,  5.15230E+02,  6.06549E+02,  5.56573E+02
 3.60682E+02,  2.85267E+02,  3.00944E+02,  2.55819E+02,  2.11499E+02
 1.76907E+02,  1.72915E+02,  2.11083E+02,  7.36863E+02,  7.36863E+02
 1.50880E+03,  1.50880E+03,  1.50880E+03,  1.50880E+03,  1.50880E+03
 1.50880E+03,  3.69762E+02,  7.75267E+02,  6.84860E+02,  5.08791E+02
 5.20233E+02,  5.42141E+02,  4.66077E+02,  3.43876E+02,  3.06949E+02
 3.34985E+02,  2.71299E+02,  2.14293E+02,  1.74463E+02,  1.64757E+02
 1.93863E+02,  6.94909E+02,  6.94909E+02,  1.54516E+03,  1.54516E+03
 1.54516E+03,  1.54516E+03,  1.54516E+03,  1.54516E+03,  4.03631E+02
 1.10132E+03,  7.56145E+02,  4.72866E+02,  4.71834E+02,  4.70005E+02
 4.13293E+02,  3.36810E+02,  3.43123E+02,  3.54350E+02,  2.91721E+02
 2.14573E+02,  1.72893E+02,  1.57720E+02,  1.79922E+02,  6.58895E+02
 6.58895E+02,  1.58864E+03,  1.58864E+03,  1.58864E+03,  1.58864E+03
 1.58864E+03,  1.58864E+03,  4.59078E+02,  1.22569E+03,  8.06926E+02
 3.97961E+02,  3.69337E+02,  3.86211E+02,  3.66804E+02,  3.31569E+02
 4.20638E+02,  4.62547E+02,  3.19948E+02,  2.15980E+02,  1.74122E+02
 1.52027E+02,  1.69150E+02,  6.24069E+02,  6.24069E+02,  1.62831E+03
 1.62831E+03,  1.62831E+03,  1.62831E+03,  1.62831E+03,  1.62831E+03
 3.41829E+02,  1.30736E+03,  6.96399E+02,  2.96734E+02,  2.71789E+02
 3.08766E+02,  3.47949E+02,  3.46640E+02,  5.05547E+02,  5.68458E+02
 3.45730E+02,  2.17089E+02,  1.71676E+02,  1.47634E+02,  1.61121E+02
 5.94568E+02,  5.94568E+02,  1.65760E+03,  1.65760E+03,  1.65760E+03
 1.65760E+03,  1.65760E+03,  1.65760E+03,  5.73612E+02,  9.73222E+02
 5.62214E+02,  2.34512E+02,  1.98511E+02,  2.42321E+02,  3.42139E+02
 3.91937E+02,  6.04699E+02,  6.89135E+02,  3.66416E+02,  2.18516E+02
 1.68817E+02,  1.44842E+02,  1.55753E+02,  5.79017E+02,  5.79017E+02
 1.68275E+03,  1.68275E+03,  1.68275E+03,  1.68275E+03,  1.68275E+03
 1.68275E+03,  4.46689E+02,  1.85573E+03,  5.61262E+02,  2.10515E+02
 1.63429E+02,  1.96370E+02,  3.43062E+02,  4.87502E+02,  7.12790E+02
 8.18503E+02,  3.85232E+02,  2.16457E+02,  1.71968E+02,  1.44236E+02
 1.53581E+02,  5.78293E+02,  5.78293E+02,  1.70407E+03,  1.70407E+03
 1.70407E+03,  1.70407E+03,  1.70407E+03,  1.70407E+03,  6.62463E+02
 2.40845E+03,  6.22571E+02,  2.00204E+02,  1.30603E+02,  1.77647E+02
 3.76952E+02,  6.21543E+02,  9.93999E+02,  9.42706E+02,  4.03454E+02
 2.13142E+02,  1.70730E+02,  1.46384E+02,  1.55497E+02,  5.52284E+02
 5.52284E+02,  1.73149E+03,  1.73149E+03,  1.73149E+03,  1.73149E+03
 1.73149E+03,  1.73149E+03,  5.67564E+02,  3.86655E+03,  7.53490E+02
 1.71238E+02,  1.14089E+02,  1.89898E+02,  4.45707E+02,  8.07965E+02
 1.33131E+03,  1.04779E+03,  4.14323E+02,  2.05965E+02,  1.54079E+02
 1.49096E+02,  1.62973E+02,  5.25473E+02,  5.25473E+02,  1.77236E+03
 1.77236E+03,  1.77236E+03,  1.77236E+03,  1.77236E+03,  1.77236E+03
 6.77357E+02,  3.01593E+03,  3.70146E+02,  1.10587E+02,  1.07174E+02
 2.03147E+02,  5.57821E+02,  1.11900E+03,  1.68633E+03,  1.11772E+03
 4.10057E+02,  1.93378E+02,  1.40378E+02,  1.41466E+02,  1.54435E+02
 5.03250E+02,  5.03250E+02,  1.80585E+03,  1.80585E+03,  1.80585E+03
 1.80585E+03,  1.80585E+03,  1.80585E+03,  5.64687E+02,  1.54842E+03
 1.73921E+02,  9.07005E+01,  1.11661E+02,  2.63003E+02,  7.75321E+02
 1.53126E+03,  1.98921E+03,  9.57790E+02,  3.92098E+02,  1.79186E+02
 1.52328E+02,  1.19956E+02,  1.24957E+02,  4.89754E+02,  4.89754E+02
 1.82814E+03,  1.82814E+03,  1.82814E+03,  1.82814E+03,  1.82814E+03
 1.82814E+03,  7.36639E+02,  1.65410E+03,  1.88533E+02,  1.12936E+02
 1.59212E+02,  4.27606E+02,  1.21471E+03,  2.34254E+03,  2.55526E+03
 8.86197E+02,  3.82160E+02,  1.69454E+02,  1.58366E+02,  1.21026E+02
 1.25881E+02,  4.45426E+02,  4.45426E+02,  1.85597E+03,  1.85597E+03
 1.85597E+03,  1.85597E+03,  1.85597E+03,  1.85597E+03,  6.06376E+02
 2.11592E+03,  3.74126E+02,  1.93541E+02,  2.51967E+02,  6.74173E+02
 1.88042E+03,  3.30097E+03,  2.46535E+03,  7.95456E+02,  3.76816E+02
 1.60635E+02,  1.42217E+02,  1.20695E+02,  1.34481E+02,  4.22561E+02
 4.22561E+02,  1.88916E+03,  1.88916E+03,  1.88916E+03,  1.88916E+03
 1.88916E+03,  1.88916E+03,  8.25961E+02,  3.22720E+03,  4.03710E+02
 1.78174E+02,  2.35879E+02,  7.31116E+02,  2.07665E+03,  2.97146E+03
 1.78970E+03,  6.91203E+02,  3.55934E+02,  1.58090E+02,  1.23598E+02
 1.02906E+02,  1.29135E+02,  4.31808E+02,  4.31808E+02,  1.93446E+03
 1.93446E+03,  1.93446E+03,  1.93446E+03,  1.93446E+03,  1.93446E+03
 7.08278E+02,  1.42282E+03,  1.49562E+02,  7.82176E+01,  1.48570E+02
 6.33911E+02,  1.89327E+03,  2.41974E+03,  1.50642E+03,  6.93042E+02
 3.13230E+02,  1.51485E+02,  1.25996E+02,  1.01175E+02,  1.20037E+02
 4.39807E+02,  4.39807E+02,  1.99751E+03,  1.99751E+03,  1.99751E+03
 1.99751E+03,  1.99751E+03,  1.99751E+03,  5.95093E+02,  1.13118E+03
 1.22704E+02,  8.60996E+01,  2.00552E+02,  6.31866E+02,  1.87606E+03
 2.34634E+03,  1.45596E+03,  6.36774E+02,  2.20889E+02,  1.48206E+02
 1.31642E+02,  1.08497E+02,  1.31485E+02,  4.58527E+02,  4.58527E+02
 2.05382E+03,  2.05382E+03,  2.05382E+03,  2.05382E+03,  2.05382E+03
 2.05382E+03,  6.41061E+02,  2.68264E+03,  3.61864E+02,  1.95049E+02
 2.73878E+02,  6.41384E+02,  1.32786E+03,  1.69873E+03,  1.17660E+03
 4.89722E+02,  1.84685E+02,  1.41482E+02,  1.25408E+02,  1.24151E+02
 1.44715E+02,  4.67006E+02,  4.67006E+02,  2.09419E+03,  2.09419E+03
 2.09419E+03,  2.09419E+03,  2.09419E+03,  2.09419E+03,  6.08263E+02
 2.56074E+03,  4.63931E+02,  2.38636E+02,  2.65242E+02,  6.34503E+02
 1.29593E+03,  1.36075E+03,  8.76486E+02,  3.81901E+02,  1.78048E+02
 1.15452E+02,  9.91470E+01,  1.24727E+02,  1.40331E+02,  4.35309E+02
 4.35309E+02,  2.13308E+03,  2.13308E+03,  2.13308E+03,  2.13308E+03
 2.13308E+03,  2.13308E+03,  6.24615E+02,  2.61314E+03,  3.52358E+02
 1.63128E+02,  1.86156E+02,  4.29323E+02,  8.65889E+02,  9.86643E+02
 6.85886E+02,  2.98763E+02,  1.82145E+02,  9.82930E+01,  9.31306E+01
 1.03056E+02,  1.28353E+02,  4.27421E+02,  4.27421E+02,  2.17265E+03
 2.17265E+03,  2.17265E+03,  2.17265E+03,  2.17265E+03,  2.17265E+03
 6.97076E+02,  2.28440E+03,  2.79137E+02,  9.49212E+01,  1.10182E+02
 2.58071E+02,  5.55489E+02,  7.29756E+02,  5.67352E+02,  2.48309E+02
 1.73822E+02,  8.85724E+01,  9.81974E+01,  1.04983E+02,  1.28492E+02
 4.35147E+02,  4.35147E+02,  2.22787E+03,  2.22787E+03,  2.22787E+03
 2.22787E+03,  2.22787E+03,  2.22787E+03,  6.66581E+02,  1.80885E+03
 2.54159E+02,  9.96634E+01,  1.12316E+02,  2.11997E+02,  4.24325E+02
 5.71354E+02,  4.76648E+02,  2.49625E+02,  1.45825E+02,  1.12442E+02
 9.23606E+01,  9.73646E+01,  1.33833E+02,  4.52014E+02,  4.52014E+02
 2.30613E+03,  2.30613E+03,  2.30613E+03,  2.30613E+03,  2.30613E+03
 2.30613E+03,  6.86484E+02,  2.05021E+03,  2.87094E+02,  1.05375E+02
 1.23884E+02,  2.29464E+02,  3.43573E+02,  4.69201E+02,  4.12754E+02
 2.55566E+02,  1.22165E+02,  1.28485E+02,  8.61727E+01,  9.25551E+01
 1.39908E+02,  4.71184E+02,  4.71184E+02,  2.37510E+03,  2.37510E+03
 2.37510E+03,  2.37510E+03,  2.37510E+03,  2.37510E+03,  7.70539E+02
 2.46756E+03,  4.28180E+02,  1.21124E+02,  1.27720E+02,  2.76747E+02
 3.85039E+02,  4.28506E+02,  3.97472E+02,  2.25184E+02,  1.24681E+02
 1.30618E+02,  1.00141E+02,  9.11837E+01,  1.49016E+02,  4.96342E+02
 4.96342E+02,  2.42502E+03,  2.42502E+03,  2.42502E+03,  2.42502E+03
 2.42502E+03,  2.42502E+03,  5.10997E+02,  1.54117E+03,  4.13065E+02
 1.68925E+02,  1.55088E+02,  3.65078E+02,  6.25331E+02,  4.92690E+02
 3.96355E+02,  2.07279E+02,  1.26850E+02,  1.08773E+02,  1.00586E+02
 9.62340E+01,  1.62206E+02,  5.29651E+02,  5.29651E+02,  2.46625E+03
 2.46625E+03,  2.46625E+03,  2.46625E+03,  2.46625E+03,  2.46625E+03
 6.15468E+02,  1.53959E+03,  3.87058E+02,  2.02379E+02,  2.17096E+02
 5.26869E+02,  9.71621E+02,  8.04747E+02,  4.03077E+02,  2.08471E+02
 1.30075E+02,  9.29030E+01,  8.54540E+01,  1.04723E+02,  1.79214E+02
 5.71024E+02,  5.71024E+02,  2.49599E+03,  2.49599E+03,  2.49599E+03
 2.49599E+03,  2.49599E+03,  2.49599E+03,  5.18213E+02,  1.63796E+03
 3.96856E+02,  2.13121E+02,  2.84142E+02,  7.50416E+02,  1.58892E+03
 1.36567E+03,  5.16247E+02,  2.25682E+02,  1.35002E+02,  1.00485E+02
 8.52075E+01,  1.17134E+02,  2.00355E+02,  6.21388E+02,  6.21388E+02
 2.55747E+03,  2.55747E+03,  2.55747E+03,  2.55747E+03,  2.55747E+03
 2.55747E+03,  6.14391E+02,  1.20196E+03,  3.61959E+02,  2.25222E+02
 3.42612E+02,  7.53901E+02,  2.13437E+03,  1.83494E+03,  8.24029E+02
 2.58512E+02,  1.36097E+02,  1.08345E+02,  9.15725E+01,  1.32500E+02
 2.24619E+02,  6.76750E+02,  6.76750E+02,  2.67305E+03,  2.67305E+03
 2.67305E+03,  2.67305E+03,  2.67305E+03,  2.67305E+03,  3.78792E+02
 1.01249E+03,  3.50380E+02,  2.15045E+02,  3.53572E+02,  8.30545E+02
 1.99163E+03,  2.15849E+03,  1.09737E+03,  2.98027E+02,  1.37023E+02
 1.04960E+02,  1.01356E+02,  1.50975E+02,  2.52543E+02,  7.38835E+02
 7.38835E+02,  2.77731E+03,  2.77731E+03,  2.77731E+03,  2.77731E+03
 2.77731E+03,  2.77731E+03,  4.84682E+02,  1.27566E+03,  4.63339E+02
 2.57820E+02,  2.85189E+02,  7.44679E+02,  2.32569E+03,  2.00298E+03
 1.25950E+03,  3.38810E+02,  1.45127E+02,  1.12252E+02,  1.15133E+02
 1.74149E+02,  2.86006E+02,  8.12665E+02,  8.12665E+02,  2.75824E+03
 2.75824E+03,  2.75824E+03,  2.75824E+03,  2.75824E+03,  2.75824E+03
 4.35939E+02,  2.64789E+03,  8.18139E+02,  2.66763E+02,  1.92058E+02
 5.93511E+02,  2.79417E+03,  1.90095E+03,  1.32537E+03,  3.84242E+02
 1.56732E+02,  1.25910E+02,  1.33282E+02,  2.02386E+02,  3.24807E+02
 8.96895E+02,  8.96895E+02,  2.60771E+03,  2.60771E+03,  2.60771E+03
 2.60771E+03,  2.60771E+03,  2.60771E+03,  4.55817E+02,  4.12605E+03
 1.19354E+03,  1.41985E+02,  1.13784E+02,  5.58849E+02,  2.07830E+03
 2.19312E+03,  1.33141E+03,  4.18340E+02,  1.73025E+02,  1.50145E+02
 1.56585E+02,  2.36302E+02,  3.69568E+02,  9.91949E+02,  9.91949E+02
 2.56394E+03,  2.56394E+03,  2.56394E+03,  2.56394E+03,  2.56394E+03
 2.56394E+03,  5.19281E+02,  1.50558E+03,  7.26782E+02,  6.55706E+01
 8.07827E+01,  3.70709E+02,  1.89040E+03,  2.49047E+03,  1.40137E+03
 4.36357E+02,  1.85353E+02,  1.58861E+02,  1.86106E+02,  2.76323E+02
 4.19716E+02,  1.08374E+03,  1.08374E+03,  2.59419E+03,  2.59419E+03
 2.59419E+03,  2.59419E+03,  2.59419E+03,  2.59419E+03,  3.56764E+02
 5.81670E+02,  3.32704E+02,  4.29660E+01,  5.54658E+01,  2.23212E+02
 1.46218E+03,  2.29153E+03,  1.36095E+03,  4.30967E+02,  2.03696E+02
 1.82599E+02,  2.22453E+02,  3.21138E+02,  4.72253E+02,  1.16016E+03
 1.16016E+03,  2.65033E+03,  2.65033E+03,  2.65033E+03,  2.65033E+03
 2.65033E+03,  2.65033E+03,  9.07306E+02,  1.36785E+03,  3.22292E+02
 4.96908E+01,  5.37197E+01,  1.77176E+02,  1.01960E+03,  2.16189E+03
 1.15372E+03,  4.16387E+02,  2.34374E+02,  2.16282E+02,  2.66988E+02
 3.72646E+02,  5.27648E+02,  1.24481E+03,  1.24481E+03,  2.79397E+03
 2.79397E+03,  2.79397E+03,  2.79397E+03,  2.79397E+03,  2.79397E+03
 1.00111E+03,  5.74330E+03,  5.85930E+02,  6.05725E+01,  6.44793E+01
 1.81024E+02,  9.87528E+02,  1.55714E+03,  9.03024E+02,  4.14058E+02
 2.72440E+02,  2.69948E+02,  3.23278E+02,  4.30926E+02,  5.85186E+02
 1.37134E+03,  1.37134E+03,  3.10408E+03,  3.10408E+03,  3.10408E+03
 3.10408E+03,  3.10408E+03,  3.10408E+03,  9.37728E+02,  1.88252E+03
 3.18317E+02,  1.04914E+02,  9.29770E+01,  1.84145E+02,  9.04041E+02
 1.25726E+03,  7.41584E+02,  4.38410E+02,  3.34338E+02,  3.43075E+02
 3.91044E+02,  4.91430E+02,  6.54063E+02,  1.53075E+03,  1.53075E+03
 3.28982E+03,  3.28982E+03,  3.28982E+03,  3.28982E+03,  3.28982E+03
 3.28982E+03,  8.69982E+02,  3.02074E+03,  1.10789E+03,  3.46651E+02
 2.03854E+02,  2.92860E+02,  9.18789E+02,  1.12144E+03,  7.35249E+02
 4.98668E+02,  4.06651E+02,  4.21014E+02,  4.65488E+02,  5.64300E+02
 7.40937E+02,  1.71306E+03,  1.71306E+03,  3.44462E+03,  3.44462E+03
 3.44462E+03,  3.44462E+03,  3.44462E+03,  3.44462E+03,  7.27002E+02
 2.23626E+03,  2.46540E+02,  2.96575E+02,  3.74110E+02,  5.94741E+02
 1.11557E+03,  1.16604E+03,  8.39432E+02,  6.18595E+02,  5.05856E+02
 4.89211E+02,  5.43615E+02,  6.58447E+02,  8.43274E+02,  1.91114E+03
 1.91114E+03,  3.54131E+03,  3.54131E+03,  3.54131E+03,  3.54131E+03
 3.54131E+03,  3.54131E+03,  5.18552E+02,  4.78740E+02,  1.69831E+02
 2.24816E+02,  4.26503E+02,  8.46792E+02,  1.35516E+03,  1.47535E+03
 1.05745E+03,  7.77573E+02,  6.39822E+02,  6.05040E+02,  6.62283E+02
 7.69189E+02,  9.54617E+02,  2.10483E+03,  2.10483E+03,  3.59756E+03
 3.59756E+03,  3.59756E+03,  3.59756E+03,  3.59756E+03,  3.59756E+03
 9.21872E+02,  9.50663E+02,  1.99830E+02,  2.06287E+02,  4.78940E+02
 1.01189E+03,  1.39847E+03,  1.40312E+03,  1.22424E+03,  1.14653E+03
 7.96605E+02,  7.46335E+02,  8.00404E+02,  8.94181E+02,  1.07640E+03
 2.31209E+03,  2.31209E+03,  3.71957E+03,  3.71957E+03,  3.71957E+03
 3.71957E+03,  3.71957E+03,  3.71957E+03,  9.79303E+02,  1.03179E+03
 1.18469E+02,  1.18287E+02,  3.77933E+02,  1.28668E+03,  1.38207E+03
 1.32228E+03,  1.27335E+03,  1.16629E+03,  1.03260E+03,  9.04477E+02
 9.50482E+02,  1.03303E+03,  1.21180E+03,  2.54563E+03,  2.54563E+03
 3.85483E+03,  3.85483E+03,  3.85483E+03,  3.85483E+03,  3.85483E+03
 3.85483E+03,  9.08240E+02,  2.34106E+03,  1.63468E+02,  1.12014E+02
 1.86374E+02,  7.00957E+02,  9.86049E+02,  1.08244E+03,  1.18229E+03
 1.22503E+03,  1.14309E+03,  1.07841E+03,  1.10917E+03,  1.18219E+03
 1.35625E+03,  2.78384E+03,  2.78384E+03,  3.86881E+03,  3.86881E+03
 3.86881E+03,  3.86881E+03,  3.86881E+03,  3.86881E+03,  1.40269E+03
 3.82119E+03,  1.36967E+02,  1.09960E+02,  1.14567E+02,  2.76712E+02
 4.82847E+02,  8.00054E+02,  1.09912E+03,  1.27638E+03,  1.19061E+03
 1.21783E+03,  1.26970E+03,  1.34536E+03,  1.51183E+03,  3.02727E+03
 3.02727E+03,  3.71372E+03,  3.71372E+03,  3.71372E+03,  3.71372E+03
 3.71372E+03,  3.71372E+03,  3.17941E+02,  3.28281E+02,  1.09841E+02
 9.21506E+01,  8.60977E+01,  1.45071E+02,  2.46096E+02,  5.87893E+02
 1.09254E+03,  1.33999E+03,  1.33069E+03,  1.25866E+03,  1.40881E+03
 1.51055E+03,  1.66263E+03,  3.23021E+03,  3.23021E+03,  3.65807E+03
 3.65807E+03,  3.65807E+03,  3.65807E+03,  3.65807E+03,  3.65807E+03
 5.28769E+02,  1.02997E+03,  2.24042E+02,  1.11183E+02,  8.94521E+01
 8.89637E+01,  1.51423E+02,  4.85742E+02,  1.18097E+03,  1.45551E+03
 1.42121E+03,  1.34248E+03,  1.42115E+03,  1.61348E+03,  1.75469E+03
 3.28252E+03,  3.28252E+03,  3.76122E+03,  3.76122E+03,  3.76122E+03
 3.76122E+03,  3.76122E+03,  3.76122E+03,  8.66267E+02,  1.50051E+04
 6.75035E+02,  1.30792E+02,  8.41974E+01,  8.94767E+01,  1.62139E+02
 4.92223E+02,  1.31713E+03,  1.70923E+03,  1.57363E+03,  1.36180E+03
 1.41893E+03,  1.60078E+03,  1.74621E+03,  3.26064E+03,  3.26064E+03
 3.82234E+03,  3.82234E+03,  3.82234E+03,  3.82234E+03,  3.82234E+03
 3.82234E+03,  1.03248E+03,  1.91389E+04,  8.27525E+03,  1.54210E+02
 5.21238E+01,  7.82422E+01,  1.59547E+02,  4.70517E+02,  1.31114E+03
 1.96161E+03,  1.75323E+03,  1.42382E+03,  1.44855E+03,  1.58099E+03
 1.73129E+03,  3.29204E+03,  3.29204E+03,  3.89858E+03,  3.89858E+03
 3.89858E+03,  3.89858E+03,  3.89858E+03,  3.89858E+03,  9.06601E+02
 1.32307E+04,  7.90206E+03,  1.93068E+02,  3.65153E+01,  2.91571E+01
 7.81968E+01,  4.00209E+02,  1.30742E+03,  2.09264E+03,  1.87919E+03
 1.49779E+03,  1.50741E+03,  1.59800E+03,  1.76147E+03,  3.33737E+03
 3.33737E+03,  3.91760E+03,  3.91760E+03,  3.91760E+03,  3.91760E+03
 3.91760E+03,  3.91760E+03,  8.73262E+02,  1.89243E+03,  4.08669E+02
 2.40677E+01,  1.59272E+01,  1.91360E+01,  7.33119E+01,  3.80490E+02
 1.09597E+03,  2.05636E+03,  2.03696E+03,  1.55836E+03,  1.55072E+03
 1.65273E+03,  1.81710E+03,  3.33802E+03,  3.33802E+03,  3.88062E+03
 3.88062E+03,  3.88062E+03,  3.88062E+03,  3.88062E+03,  3.88062E+03
 3.51892E+02,  6.30415E+02,  1.47007E+02,  1.58941E+01,  1.44458E+01
 3.00273E+01,  1.22341E+02,  4.65660E+02,  1.07228E+03,  1.39759E+03
 1.86725E+03,  1.72174E+03,  1.64903E+03,  1.75620E+03,  1.88935E+03
 3.29803E+03,  3.29803E+03,  3.80153E+03,  3.80153E+03,  3.80153E+03
 3.80153E+03,  3.80153E+03,  3.80153E+03,  2.62192E+02,  7.55995E+02
 1.23779E+02,  4.41961E+01,  4.48426E+01,  8.48820E+01,  2.20439E+02
 5.75545E+02,  1.20762E+03,  1.47925E+03,  1.98259E+03,  1.95841E+03
 1.67076E+03,  1.84703E+03,  1.92962E+03,  3.16246E+03,  3.16246E+03
 3.63524E+03,  3.63524E+03,  3.63524E+03,  3.63524E+03,  3.63524E+03
 3.63524E+03,  7.69935E+02,  6.13060E+02,  2.33882E+02,  1.52798E+02
 1.50941E+02,  2.08161E+02,  3.36230E+02,  6.53977E+02,  1.25759E+03
 2.40308E+03,  2.89863E+03,  2.12607E+03,  1.72026E+03,  1.89706E+03
 1.91745E+03,  3.05319E+03,  3.05319E+03,  3.58299E+03,  3.58299E+03
 3.58299E+03,  3.58299E+03,  3.58299E+03,  3.58299E+03,  4.87094E+02
 5.10963E+02,  4.21108E+02,  3.86798E+02,  3.53498E+02,  3.46931E+02
 4.33928E+02,  6.95053E+02,  1.27347E+03,  2.55585E+03,  3.61806E+03
 2.96397E+03,  2.36667E+03,  2.21337E+03,  2.18263E+03,  3.57332E+03
 3.57332E+03,  4.20532E+03,  4.20532E+03,  4.20532E+03,  4.20532E+03
 4.20532E+03,  4.20532E+03,  7.11099E+02,  1.16338E+03,  1.40907E+03
 1.08622E+03,  7.30886E+02,  5.37869E+02,  4.39173E+02,  4.70627E+02
 8.19750E+02,  2.32808E+03,  9.37799E+03,  2.34288E+04,  3.38869E+04
 3.57039E+04,  3.71345E+04,  8.58123E+04,  8.58123E+04,  3.57166E+04
 3.57166E+04,  3.57166E+04,  3.57166E+04,  3.57166E+04,  3.57166E+04
 7.11099E+02,  1.16338E+03,  1.40907E+03,  1.08622E+03,  7.30886E+02
 5.37869E+02,  4.39173E+02,  4.70627E+02,  8.19750E+02,  2.32808E+03
 9.37799E+03,  2.34288E+04,  3.38869E+04,  3.57039E+04,  3.71345E+04
 8.58123E+04,  8.58123E+04,  3.57166E+04,  3.57166E+04,  3.57166E+04
 3.57166E+04,  3.57166E+04,  3.57166E+04,  8.23718E+02,  8.29662E+02
 7.42181E+02,  6.13159E+02,  4.53241E+02,  3.06412E+02,  2.02583E+02
 1.39118E+02,  1.01499E+02,  7.96136E+01,  6.74878E+01,  6.41185E+01
 6.41657E+01,  6.52177E+01,  7.21107E+01,  7.02655E+01,  7.02655E+01
 1.29272E+02,  1.29272E+02,  1.29272E+02,  1.29272E+02,  1.29272E+02
 1.29272E+02,  8.23718E+02,  8.29662E+02,  7.42181E+02,  6.13159E+02
 4.53241E+02,  3.06412E+02,  2.02583E+02,  1.39118E+02,  1.01499E+02
 7.96136E+01,  6.74878E+01,  6.41185E+01,  6.41657E+01,  6.52177E+01
 7.21107E+01,  7.02655E+01,  7.02655E+01,  1.29272E+02,  1.29272E+02
 1.29272E+02,  1.29272E+02,  1.29272E+02,  1.29272E+02,  8.23718E+02
 8.29662E+02,  7.42181E+02,  6.13159E+02,  4.53241E+02,  3.06412E+02
 2.02583E+02,  1.39118E+02,  1.01499E+02,  7.96136E+01,  6.74878E+01
 6.41185E+01,  6.41657E+01,  6.52177E+01,  7.21107E+01,  7.02655E+01
 7.02655E+01,  1.29272E+02,  1.29272E+02,  1.29272E+02,  1.29272E+02
 1.29272E+02,  1.29272E+02,  8.23718E+02,  8.29662E+02,  7.42181E+02
 6.13159E+02,  4.53241E+02,  3.06412E+02,  2.02583E+02,  1.39118E+02
 1.01499E+02,  7.96136E+01,  6.74878E+01,  6.41185E+01,  6.41657E+01
 6.52177E+01,  7.21107E+01,  7.02655E+01,  7.02655E+01,  1.29272E+02
 1.29272E+02,  1.29272E+02,  1.29272E+02,  1.29272E+02,  1.29272E+02
 8.23718E+02,  8.29662E+02,  7.42181E+02,  6.13159E+02,  4.53241E+02
 3.06412E+02,  2.02583E+02,  1.39118E+02,  1.01499E+02,  7.96136E+01
 6.74878E+01,  6.41185E+01,  6.41657E+01,  6.52177E+01,  7.21107E+01
 7.02655E+01,  7.02655E+01,  1.29272E+02,  1.29272E+02,  1.29272E+02
 1.29272E+02,  1.29272E+02,  1.29272E+02,  8.23718E+02,  8.29662E+02
 7.42181E+02,  6.13159E+02,  4.53241E+02,  3.06412E+02,  2.02583E+02
 1.39118E+02,  1.01499E+02,  7.96136E+01,  6.74878E+01,  6.41185E+01
 6.41657E+01,  6.52177E+01,  7.21107E+01,  7.02655E+01,  7.02655E+01
 1.29272E+02,  1.29272E+02,  1.29272E+02,  1.29272E+02,  1.29272E+02
 1.29272E+02

;-Sensitivity in the elemental sequential order

 3.13011E-02,  3.22259E-02,  3.07424E-02,  2.57444E-02,  1.98637E-02
 1.48295E-02,  1.10799E-02,  8.42388E-03,  6.53950E-03,  5.16843E-03
 4.14229E-03,  3.35152E-03,  2.74348E-03,  2.28054E-03,  1.91691E-03
 4.11194E-03,  4.11194E-03,  8.25427E-03,  8.25427E-03,  8.25427E-03
 8.25427E-03,  8.25427E-03,  8.25427E-03,  3.13011E-02,  3.22259E-02
 3.07424E-02,  2.57444E-02,  1.98637E-02,  1.48295E-02,  1.10799E-02
 8.42388E-03,  6.53950E-03,  5.16843E-03,  4.14229E-03,  3.35152E-03
 2.74348E-03,  2.28054E-03,  1.91691E-03,  4.11194E-03,  4.11194E-03
 8.25427E-03,  8.25427E-03,  8.25427E-03,  8.25427E-03,  8.25427E-03
 8.25427E-03,  3.13011E-02,  3.22259E-02,  3.07424E-02,  2.57444E-02
 1.98637E-02,  1.48295E-02,  1.10799E-02,  8.42388E-03,  6.53950E-03
 5.16843E-03,  4.14229E-03,  3.35152E-03,  2.74348E-03,  2.28054E-03
 1.91691E-03,  4.11194E-03,  4.11194E-03,  8.25427E-03,  8.25427E-03
 8.25427E-03,  8.25427E-03,  8.25427E-03,  8.25427E-03,  3.13011E-02
 3.22259E-02,  3.07424E-02,  2.57444E-02,  1.98637E-02,  1.48295E-02
 1.10799E-02,  8.42388E-03,  6.53950E-03,  5.16843E-03,  4.14229E-03
 3.35152E-03,  2.74348E-03,  2.28054E-03,  1.91691E-03,  4.11194E-03
 4.11194E-03,  8.25427E-03,  8.25427E-03,  8.25427E-03,  8.25427E-03
 8.25427E-03,  8.25427E-03,  3.13011E-02,  3.22259E-02,  3.07424E-02
 2.57444E-02,  1.98637E-02,  1.48295E-02,  1.10799E-02,  8.42388E-03
 6.53950E-03,  5.16843E-03,  4.14229E-03,  3.35152E-03,  2.74348E-03
 2.28054E-03,  1.91691E-03,  4.11194E-03,  4.11194E-03,  8.25427E-03
 8.25427E-03,  8.25427E-03,  8.25427E-03,  8.25427E-03,  8.25427E-03
 3.13011E-02,  3.22259E-02,  3.07424E-02,  2.57444E-02,  1.98637E-02
 1.48295E-02,  1.10799E-02,  8.42388E-03,  6.53950E-03,  5.16843E-03
 4.14229E-03,  3.35152E-03,  2.74348E-03,  2.28054E-03,  1.91691E-03
 4.11194E-03,  4.11194E-03,  8.25427E-03,  8.25427E-03,  8.25427E-03
 8.25427E-03,  8.25427E-03,  8.25427E-03,  5.31790E-01,  1.73114E-01
 6.74763E-02,  3.04442E-02,  1.51145E-02,  8.76826E-03,  5.78740E-03
 4.10669E-03,  3.02174E-03,  2.22599E-03,  1.61512E-03,  1.16426E-03
 8.36551E-04,  6.04938E-04,  4.38730E-04,  6.50391E-04,  6.50391E-04
 6.24227E-04,  6.24227E-04,  6.24227E-04,  6.24227E-04,  6.24227E-04
 6.24227E-04,  5.31790E-01,  1.73114E-01,  6.74763E-02,  3.04442E-02
 1.51145E-02,  8.76826E-03,  5.78740E-03,  4.10669E-03,  3.02174E-03
 2.22599E-03,  1.61512E-03,  1.16426E-03,  8.36551E-04,  6.04938E-04
 4.38730E-04,  6.50391E-04,  6.50391E-04,  6.24227E-04,  6.24227E-04
 6.24227E-04,  6.24227E-04,  6.24227E-04,  6.24227E-04,  6.50894E-01
 1.47322E-01,  5.13511E-02,  1.83153E-02,  7.70358E-03,  3.96199E-03
 2.33046E-03,  1.52833E-03,  1.08338E-03,  7.69380E-04,  5.30775E-04
 3.76691E-04,  2.71190E-04,  1.98346E-04,  1.45820E-04,  2.03319E-04
 2.03319E-04,  2.49645E-04,  2.49645E-04,  2.49645E-04,  2.49645E-04
 2.49645E-04,  2.49645E-04,  1.74047E+00,  3.56905E-01,  1.11856E-01
 3.43102E-02,  1.04227E-02,  4.39193E-03,  2.40587E-03,  1.43480E-03
 9.46364E-04,  6.81855E-04,  4.99932E-04,  3.47521E-04,  2.52951E-04
 1.90355E-04,  1.43235E-04,  2.06456E-04,  2.06456E-04,  2.70484E-04
 2.70484E-04,  2.70484E-04,  2.70484E-04,  2.70484E-04,  2.70484E-04
 1.03838E+00,  5.09461E-01,  1.35705E-01,  4.46402E-02,  1.19540E-02
 4.43523E-03,  2.31753E-03,  1.38649E-03,  8.93907E-04,  6.09168E-04
 4.37500E-04,  3.20457E-04,  2.33357E-04,  1.77207E-04,  1.36782E-04
 2.16026E-04,  2.16026E-04,  2.98276E-04,  2.98276E-04,  2.98276E-04
 2.98276E-04,  2.98276E-04,  2.98276E-04,  1.57527E+00,  8.04534E-01
 1.43737E-01,  3.69674E-02,  1.10358E-02,  4.03384E-03,  2.18035E-03
 1.35019E-03,  8.47378E-04,  5.70383E-04,  4.03595E-04,  2.97516E-04
 2.20842E-04,  1.67526E-04,  1.30917E-04,  2.08214E-04,  2.08214E-04
 2.97485E-04,  2.97485E-04,  2.97485E-04,  2.97485E-04,  2.97485E-04
 2.97485E-04,  1.55511E+00,  8.66891E-01,  1.01509E-01,  2.77843E-02
 9.48435E-03,  3.75352E-03,  2.22390E-03,  1.36772E-03,  8.68112E-04
 5.66283E-04,  3.91685E-04,  2.83173E-04,  2.12015E-04,  1.60781E-04
 1.25070E-04,  2.04135E-04,  2.04135E-04,  3.03019E-04,  3.03019E-04
 3.03019E-04,  3.03019E-04,  3.03019E-04,  3.03019E-04,  1.94724E+00
 7.96934E-01,  1.18479E-01,  2.43173E-02,  8.37713E-03,  3.86463E-03
 2.36531E-03,  1.46692E-03,  9.28954E-04,  5.95545E-04,  4.01161E-04
 2.82285E-04,  2.06447E-04,  1.56397E-04,  1.20101E-04,  2.02365E-04
 2.02365E-04,  3.08001E-04,  3.08001E-04,  3.08001E-04,  3.08001E-04
 3.08001E-04,  3.08001E-04,  1.83392E+00,  8.22401E-01,  1.12029E-01
 2.33622E-02,  8.43549E-03,  4.27944E-03,  2.55351E-03,  1.62064E-03
 1.03861E-03,  6.53250E-04,  4.32863E-04,  2.92537E-04,  2.07931E-04
 1.54907E-04,  1.17249E-04,  2.04251E-04,  2.04251E-04,  3.12829E-04
 3.12829E-04,  3.12829E-04,  3.12829E-04,  3.12829E-04,  3.12829E-04
 1.89161E+00,  8.44065E-01,  1.22579E-01,  2.80407E-02,  1.07174E-02
 4.45087E-03,  2.86133E-03,  1.82599E-03,  1.13702E-03,  7.29549E-04
 4.74501E-04,  3.11383E-04,  2.16908E-04,  1.57334E-04,  1.17086E-04
 2.10346E-04,  2.10346E-04,  3.17078E-04,  3.17078E-04,  3.17078E-04
 3.17078E-04,  3.17078E-04,  3.17078E-04,  1.85669E+00,  8.81962E-01
 1.17996E-01,  3.19612E-02,  1.23264E-02,  5.79487E-03,  3.29503E-03
 1.97674E-03,  1.23976E-03,  8.02526E-04,  5.18068E-04,  3.38145E-04
 2.31166E-04,  1.64309E-04,  1.19701E-04,  2.20289E-04,  2.20289E-04
 3.22191E-04,  3.22191E-04,  3.22191E-04,  3.22191E-04,  3.22191E-04
 3.22191E-04,  2.07947E+00,  8.68280E-01,  1.28814E-01,  3.26950E-02
 1.38379E-02,  6.83712E-03,  3.71299E-03,  2.10600E-03,  1.33563E-03
 8.57816E-04,  5.65349E-04,  3.71543E-04,  2.51618E-04,  1.76035E-04
 1.25489E-04,  2.34162E-04,  2.34162E-04,  3.30295E-04,  3.30295E-04
 3.30295E-04,  3.30295E-04,  3.30295E-04,  3.30295E-04,  2.10010E+00
 8.92268E-01,  1.29642E-01,  3.66277E-02,  1.67852E-02,  8.14292E-03
 4.10455E-03,  2.26344E-03,  1.37861E-03,  9.10784E-04,  6.09643E-04
 4.09123E-04,  2.76800E-04,  1.91906E-04,  1.34388E-04,  2.51645E-04
 2.51645E-04,  3.38676E-04,  3.38676E-04,  3.38676E-04,  3.38676E-04
 3.38676E-04,  3.38676E-04,  1.86140E+00,  8.69750E-01,  1.42099E-01
 4.22030E-02,  1.95234E-02,  9.45134E-03,  4.51689E-03,  2.37372E-03
 1.41347E-03,  9.59095E-04,  6.47482E-04,  4.46313E-04,  3.04305E-04
 2.10543E-04,  1.45774E-04,  2.71550E-04,  2.71550E-04,  3.46035E-04
 3.46035E-04,  3.46035E-04,  3.46035E-04,  3.46035E-04,  3.46035E-04
 1.84799E+00,  8.57049E-01,  1.47211E-01,  4.54771E-02,  2.00069E-02
 9.70390E-03,  4.84374E-03,  2.54945E-03,  1.49252E-03,  9.80206E-04
 6.91730E-04,  4.77468E-04,  3.33446E-04,  2.31229E-04,  1.59521E-04
 2.93701E-04,  2.93701E-04,  3.52866E-04,  3.52866E-04,  3.52866E-04
 3.52866E-04,  3.52866E-04,  3.52866E-04,  1.79702E+00,  8.15384E-01
 1.47656E-01,  4.21546E-02,  1.92504E-02,  9.84327E-03,  4.96138E-03
 2.79783E-03,  1.56717E-03,  1.01503E-03,  7.20199E-04,  5.07984E-04
 3.62035E-04,  2.53141E-04,  1.75465E-04,  3.18478E-04,  3.18478E-04
 3.57029E-04,  3.57029E-04,  3.57029E-04,  3.57029E-04,  3.57029E-04
 3.57029E-04,  1.70885E+00,  8.06609E-01,  1.47540E-01,  3.36882E-02
 1.79279E-02,  9.53465E-03,  5.12558E-03,  2.94539E-03,  1.66221E-03
 1.04483E-03,  7.40496E-04,  5.41398E-04,  3.85922E-04,  2.75550E-04
 1.92034E-04,  3.43105E-04,  3.43105E-04,  3.64869E-04,  3.64869E-04
 3.64869E-04,  3.64869E-04,  3.64869E-04,  3.64869E-04,  2.07714E+00
 9.30262E-01,  1.61954E-01,  3.83782E-02,  1.73077E-02,  9.15325E-03
 4.80836E-03,  2.97079E-03,  1.75548E-03,  1.07336E-03,  7.62906E-04
 5.63592E-04,  4.11044E-04,  2.97993E-04,  2.09137E-04,  3.66991E-04
 3.66991E-04,  3.81470E-04,  3.81470E-04,  3.81470E-04,  3.81470E-04
 3.81470E-04,  3.81470E-04,  1.94461E+00,  9.43303E-01,  1.59296E-01
 4.10502E-02,  2.07110E-02,  9.13932E-03,  4.81257E-03,  3.04079E-03
 1.84118E-03,  1.10721E-03,  7.81128E-04,  5.87265E-04,  4.38369E-04
 3.19219E-04,  2.27312E-04,  3.92210E-04,  3.92210E-04,  3.99658E-04
 3.99658E-04,  3.99658E-04,  3.99658E-04,  3.99658E-04,  3.99658E-04
 2.47212E+00,  1.01628E+00,  1.65894E-01,  4.20286E-02,  2.22398E-02
 9.68945E-03,  4.84832E-03,  3.01796E-03,  1.93935E-03,  1.14276E-03
 7.94813E-04,  6.13440E-04,  4.65222E-04,  3.40629E-04,  2.44748E-04
 4.17974E-04,  4.17974E-04,  4.12454E-04,  4.12454E-04,  4.12454E-04
 4.12454E-04,  4.12454E-04,  4.12454E-04,  2.41272E+00,  1.00886E+00
 1.65786E-01,  3.55437E-02,  1.89023E-02,  9.39727E-03,  4.49149E-03
 2.82051E-03,  2.01350E-03,  1.18339E-03,  8.07122E-04,  6.35041E-04
 4.88299E-04,  3.61147E-04,  2.60437E-04,  4.44706E-04,  4.44706E-04
 4.17760E-04,  4.17760E-04,  4.17760E-04,  4.17760E-04,  4.17760E-04
 4.17760E-04,  2.09042E+00,  9.80452E-01,  1.60529E-01,  3.42227E-02
 1.86508E-02,  9.09688E-03,  4.50408E-03,  2.63438E-03,  2.02290E-03
 1.22796E-03,  8.21580E-04,  6.48989E-04,  5.06428E-04,  3.76455E-04
 2.75153E-04,  4.71246E-04,  4.71246E-04,  4.20496E-04,  4.20496E-04
 4.20496E-04,  4.20496E-04,  4.20496E-04,  4.20496E-04,  2.17303E+00
 9.46324E-01,  1.74803E-01,  3.92131E-02,  2.05984E-02,  1.08309E-02
 4.97759E-03,  2.60517E-03,  1.99390E-03,  1.27222E-03,  8.36101E-04
 6.57045E-04,  5.19207E-04,  3.89375E-04,  2.88712E-04,  4.94797E-04
 4.94797E-04,  4.33614E-04,  4.33614E-04,  4.33614E-04,  4.33614E-04
 4.33614E-04,  4.33614E-04,  2.37610E+00,  1.00600E+00,  1.82577E-01
 4.41530E-02,  2.40365E-02,  1.24933E-02,  5.75969E-03,  2.70168E-03
 1.97400E-03,  1.32008E-03,  8.53449E-04,  6.64869E-04,  5.32458E-04
 4.02965E-04,  3.02601E-04,  5.18180E-04,  5.18180E-04,  4.59393E-04
 4.59393E-04,  4.59393E-04,  4.59393E-04,  4.59393E-04,  4.59393E-04
 2.08751E+00,  1.03525E+00,  1.89883E-01,  4.66540E-02,  2.55516E-02
 1.39633E-02,  6.53507E-03,  2.84140E-03,  1.96593E-03,  1.37106E-03
 8.74296E-04,  6.73521E-04,  5.45270E-04,  4.16975E-04,  3.17502E-04
 5.44439E-04,  5.44439E-04,  4.82559E-04,  4.82559E-04,  4.82559E-04
 4.82559E-04,  4.82559E-04,  4.82559E-04,  2.61526E+00,  1.07981E+00
 1.95769E-01,  5.15223E-02,  2.59446E-02,  1.43214E-02,  7.23670E-03
 2.89489E-03,  2.03108E-03,  1.39442E-03,  8.99600E-04,  6.81616E-04
 5.57841E-04,  4.30090E-04,  3.32033E-04,  5.72646E-04,  5.72646E-04
 4.86414E-04,  4.86414E-04,  4.86414E-04,  4.86414E-04,  4.86414E-04
 4.86414E-04,  2.61867E+00,  1.06741E+00,  1.95570E-01,  5.04978E-02
 2.58913E-02,  1.41247E-02,  7.48024E-03,  3.02243E-03,  2.01463E-03
 1.45066E-03,  9.24705E-04,  6.91300E-04,  5.70171E-04,  4.43002E-04
 3.45974E-04,  6.00986E-04,  6.00986E-04,  4.85095E-04,  4.85095E-04
 4.85095E-04,  4.85095E-04,  4.85095E-04,  4.85095E-04,  2.46152E+00
 1.03403E+00,  1.89331E-01,  5.01002E-02,  2.53890E-02,  1.40387E-02
 7.67184E-03,  3.18132E-03,  2.05453E-03,  1.48777E-03,  9.52916E-04
 7.02261E-04,  5.77761E-04,  4.54155E-04,  3.59905E-04,  6.29177E-04
 6.29177E-04,  4.74355E-04,  4.74355E-04,  4.74355E-04,  4.74355E-04
 4.74355E-04,  4.74355E-04,  2.48524E+00,  1.03243E+00,  1.86658E-01
 5.14733E-02,  2.52350E-02,  1.39401E-02,  7.61188E-03,  3.30951E-03
 2.14086E-03,  1.49905E-03,  9.86927E-04,  7.11275E-04,  5.81282E-04
 4.62548E-04,  3.72876E-04,  6.52565E-04,  6.52565E-04,  4.73355E-04
 4.73355E-04,  4.73355E-04,  4.73355E-04,  4.73355E-04,  4.73355E-04
 2.50431E+00,  1.09044E+00,  1.87893E-01,  5.17397E-02,  2.52593E-02
 1.35698E-02,  7.52848E-03,  3.30594E-03,  2.14096E-03,  1.55487E-03
 1.02174E-03,  7.19068E-04,  5.86418E-04,  4.71612E-04,  3.84985E-04
 6.74797E-04,  6.74797E-04,  4.88537E-04,  4.88537E-04,  4.88537E-04
 4.88537E-04,  4.88537E-04,  4.88537E-04,  2.50512E+00,  1.10944E+00
 1.91702E-01,  5.24835E-02,  2.40257E-02,  1.37029E-02,  7.63344E-03
 3.50794E-03,  2.19684E-03,  1.57384E-03,  1.07201E-03,  7.26119E-04
 5.92028E-04,  4.82515E-04,  3.99141E-04,  7.06396E-04,  7.06396E-04
 5.02451E-04,  5.02451E-04,  5.02451E-04,  5.02451E-04,  5.02451E-04
 5.02451E-04,  3.32422E+00,  1.24283E+00,  2.06932E-01,  5.55533E-02
 2.46012E-02,  1.42911E-02,  8.19646E-03,  3.88025E-03,  2.31520E-03
 1.61446E-03,  1.10700E-03,  7.60450E-04,  5.89016E-04,  4.95341E-04
 4.17418E-04,  7.48280E-04,  7.48280E-04,  4.94726E-04,  4.94726E-04
 4.94726E-04,  4.94726E-04,  4.94726E-04,  4.94726E-04,  2.88516E+00
 1.31452E+00,  2.28950E-01,  6.11768E-02,  2.55089E-02,  1.57955E-02
 9.27417E-03,  4.42069E-03,  2.46867E-03,  1.68096E-03,  1.13231E-03
 7.96953E-04,  5.93828E-04,  5.08249E-04,  4.39189E-04,  7.77439E-04
 7.77439E-04,  4.97497E-04,  4.97497E-04,  4.97497E-04,  4.97497E-04
 4.97497E-04,  4.97497E-04,  3.80170E+00,  1.31321E+00,  2.62797E-01
 7.14033E-02,  2.67603E-02,  1.76459E-02,  1.10156E-02,  5.13926E-03
 2.55545E-03,  1.74110E-03,  1.16159E-03,  8.15426E-04,  6.71349E-04
 5.10762E-04,  4.63555E-04,  7.62183E-04,  7.62183E-04,  5.15992E-04
 5.15992E-04,  5.15992E-04,  5.15992E-04,  5.15992E-04,  5.15992E-04
 3.45022E+00,  1.31355E+00,  3.06993E-01,  8.28307E-02,  2.94899E-02
 2.04717E-02,  1.33727E-02,  5.91489E-03,  2.62876E-03,  1.76272E-03
 1.19958E-03,  8.30322E-04,  6.80600E-04,  5.54379E-04,  4.64290E-04
 7.71990E-04,  7.71990E-04,  5.21502E-04,  5.21502E-04,  5.21502E-04
 5.21502E-04,  5.21502E-04,  5.21502E-04,  3.57196E+00,  1.35706E+00
 3.53825E-01,  9.37509E-02,  3.34216E-02,  2.32913E-02,  1.53984E-02
 6.53466E-03,  2.67595E-03,  1.82141E-03,  1.22014E-03,  8.35344E-04
 6.32757E-04,  5.55298E-04,  4.55168E-04,  7.81587E-04,  7.81587E-04
 5.09364E-04,  5.09364E-04,  5.09364E-04,  5.09364E-04,  5.09364E-04
 5.09364E-04,  3.27285E+00,  1.33715E+00,  3.88163E-01,  9.76317E-02
 3.64769E-02,  2.49737E-02,  1.71694E-02,  6.68498E-03,  2.72173E-03
 1.87020E-03,  1.23623E-03,  8.45149E-04,  6.47420E-04,  5.07684E-04
 4.77062E-04,  7.70257E-04,  7.70257E-04,  5.08344E-04,  5.08344E-04
 5.08344E-04,  5.08344E-04,  5.08344E-04,  5.08344E-04,  4.20493E+00
 1.51370E+00,  3.88979E-01,  9.93182E-02,  3.69427E-02,  2.42670E-02
 1.65850E-02,  6.38156E-03,  2.77712E-03,  1.89811E-03,  1.24909E-03
 8.51840E-04,  6.37391E-04,  5.19051E-04,  4.72768E-04,  7.56974E-04
 7.56974E-04,  5.10595E-04,  5.10595E-04,  5.10595E-04,  5.10595E-04
 5.10595E-04,  5.10595E-04,  3.81233E+00,  1.54018E+00,  4.40349E-01
 9.62790E-02,  3.60254E-02,  2.16733E-02,  1.46790E-02,  5.84390E-03
 2.88845E-03,  1.90497E-03,  1.26796E-03,  8.51727E-04,  6.24987E-04
 5.26252E-04,  4.41094E-04,  7.63044E-04,  7.63044E-04,  5.08073E-04
 5.08073E-04,  5.08073E-04,  5.08073E-04,  5.08073E-04,  5.08073E-04
 4.72079E+00,  1.65719E+00,  4.36204E-01,  9.14116E-02,  3.40611E-02
 1.90011E-02,  1.31669E-02,  5.29263E-03,  2.72219E-03,  2.00387E-03
 1.28041E-03,  8.63444E-04,  6.37915E-04,  5.33410E-04,  4.43815E-04
 7.80208E-04,  7.80208E-04,  5.02810E-04,  5.02810E-04,  5.02810E-04
 5.02810E-04,  5.02810E-04,  5.02810E-04,  4.91933E+00,  1.59443E+00
 3.71294E-01,  8.50694E-02,  3.24059E-02,  1.70419E-02,  1.14849E-02
 5.05461E-03,  2.84881E-03,  2.03974E-03,  1.31403E-03,  8.81551E-04
 6.68843E-04,  5.47619E-04,  4.59166E-04,  8.04716E-04,  8.04716E-04
 4.93282E-04,  4.93282E-04,  4.93282E-04,  4.93282E-04,  4.93282E-04
 4.93282E-04,  5.67554E+00,  1.57093E+00,  3.55057E-01,  8.40488E-02
 3.25533E-02,  1.68986E-02,  1.13056E-02,  5.02798E-03,  3.01371E-03
 2.05286E-03,  1.36591E-03,  9.21682E-04,  6.91528E-04,  5.56374E-04
 4.73310E-04,  8.16317E-04,  8.16317E-04,  4.84584E-04,  4.84584E-04
 4.84584E-04,  4.84584E-04,  4.84584E-04,  4.84584E-04,  5.60259E+00
 1.71567E+00,  3.89718E-01,  9.10832E-02,  3.38632E-02,  1.78287E-02
 1.07119E-02,  4.99546E-03,  3.11502E-03,  2.13477E-03,  1.41544E-03
 9.69844E-04,  7.00549E-04,  5.64627E-04,  4.79867E-04,  8.00042E-04
 8.00042E-04,  4.79351E-04,  4.79351E-04,  4.79351E-04,  4.79351E-04
 4.79351E-04,  4.79351E-04,  5.56990E+00,  2.03387E+00,  4.71377E-01
 1.09604E-01,  3.79894E-02,  1.88454E-02,  1.02769E-02,  5.11730E-03
 3.33265E-03,  2.22739E-03,  1.47448E-03,  1.00008E-03,  7.33184E-04
 5.84807E-04,  4.70310E-04,  7.59208E-04,  7.59208E-04,  4.74800E-04
 4.74800E-04,  4.74800E-04,  4.74800E-04,  4.74800E-04,  4.74800E-04
 5.59907E+00,  1.96497E+00,  5.20686E-01,  1.33304E-01,  4.36505E-02
 2.09802E-02,  1.08839E-02,  5.57168E-03,  3.60298E-03,  2.32505E-03
 1.52587E-03,  1.03361E-03,  7.49072E-04,  5.84547E-04,  4.52073E-04
 7.35399E-04,  7.35399E-04,  4.70313E-04,  4.70313E-04,  4.70313E-04
 4.70313E-04,  4.70313E-04,  4.70313E-04,  6.48298E+00,  2.16363E+00
 5.96033E-01,  1.41547E-01,  4.87108E-02,  2.21005E-02,  1.09113E-02
 6.31866E-03,  3.78988E-03,  2.36761E-03,  1.56596E-03,  1.04982E-03
 7.50112E-04,  5.64872E-04,  4.44079E-04,  7.24388E-04,  7.24388E-04
 4.66689E-04,  4.66689E-04,  4.66689E-04,  4.66689E-04,  4.66689E-04
 4.66689E-04,  5.95249E+00,  1.61271E+00,  5.17514E-01,  1.46892E-01
 5.11915E-02,  2.23738E-02,  1.25031E-02,  6.94829E-03,  3.71458E-03
 2.36268E-03,  1.61550E-03,  1.07287E-03,  7.52423E-04,  5.69713E-04
 4.47300E-04,  7.23381E-04,  7.23381E-04,  4.62542E-04,  4.62542E-04
 4.62542E-04,  4.62542E-04,  4.62542E-04,  4.62542E-04,  4.98494E+00
 2.25599E+00,  6.26940E-01,  1.44139E-01,  4.97057E-02,  2.49642E-02
 1.38027E-02,  6.24949E-03,  3.35626E-03,  2.51913E-03,  1.66269E-03
 1.08225E-03,  7.72142E-04,  5.80212E-04,  4.49669E-04,  7.25326E-04
 7.25326E-04,  4.60239E-04,  4.60239E-04,  4.60239E-04,  4.60239E-04
 4.60239E-04,  4.60239E-04,  5.20510E+00,  2.23754E+00,  6.80141E-01
 1.61955E-01,  4.95906E-02,  1.85756E-02,  7.95835E-03,  4.78388E-03
 3.82232E-03,  2.65101E-03,  1.67189E-03,  1.10024E-03,  7.86066E-04
 5.87130E-04,  4.53124E-04,  7.25273E-04,  7.25273E-04,  4.60370E-04
 4.60370E-04,  4.60370E-04,  4.60370E-04,  4.60370E-04,  4.60370E-04
 6.31448E+00,  2.03332E+00,  7.13331E-01,  1.73431E-01,  5.19323E-02
 2.01610E-02,  7.56474E-03,  5.58956E-03,  4.44246E-03,  2.70672E-03
 1.68072E-03,  1.10187E-03,  7.90948E-04,  5.95518E-04,  4.59143E-04
 7.22673E-04,  7.22673E-04,  4.60913E-04,  4.60913E-04,  4.60913E-04
 4.60913E-04,  4.60913E-04,  4.60913E-04,  5.87138E+00,  3.29925E+00
 8.56552E-01,  1.49474E-01,  4.66068E-02,  2.28057E-02,  1.32505E-02
 8.58193E-03,  4.76249E-03,  2.81774E-03,  1.68445E-03,  1.10113E-03
 7.93589E-04,  6.02066E-04,  4.61526E-04,  7.21749E-04,  7.21749E-04
 4.62316E-04,  4.62316E-04,  4.62316E-04,  4.62316E-04,  4.62316E-04
 4.62316E-04,  6.32598E+00,  1.86829E+00,  5.66018E-01,  1.22144E-01
 4.08593E-02,  2.18949E-02,  1.48804E-02,  9.57072E-03,  5.51314E-03
 2.93603E-03,  1.68605E-03,  1.10650E-03,  7.95162E-04,  6.03188E-04
 4.59398E-04,  7.20290E-04,  7.20290E-04,  4.64619E-04,  4.64619E-04
 4.64619E-04,  4.64619E-04,  4.64619E-04,  4.64619E-04,  7.97834E+00
 1.86490E+00,  4.78969E-01,  1.16258E-01,  5.28412E-02,  2.44823E-02
 1.60982E-02,  1.04183E-02,  6.04712E-03,  3.07254E-03,  1.68886E-03
 1.10616E-03,  8.05305E-04,  5.96800E-04,  4.52212E-04,  7.18245E-04
 7.18245E-04,  4.66220E-04,  4.66220E-04,  4.66220E-04,  4.66220E-04
 4.66220E-04,  4.66220E-04,  4.02656E+00,  1.72306E+00,  4.05909E-01
 1.64993E-01,  6.76569E-02,  2.33541E-02,  1.30281E-02,  9.13705E-03
 5.73062E-03,  3.17630E-03,  1.79356E-03,  1.12137E-03,  8.05267E-04
 5.90969E-04,  4.42239E-04,  7.16924E-04,  7.16924E-04,  4.68233E-04
 4.68233E-04,  4.68233E-04,  4.68233E-04,  4.68233E-04,  4.68233E-04
 4.30226E+00,  1.68428E+00,  4.21779E-01,  1.56212E-01,  5.80893E-02
 1.63438E-02,  8.43077E-03,  6.84367E-03,  4.84435E-03,  3.04789E-03
 1.74865E-03,  1.15392E-03,  7.98787E-04,  5.81556E-04,  4.30993E-04
 7.12494E-04,  7.12494E-04,  4.71385E-04,  4.71385E-04,  4.71385E-04
 4.71385E-04,  4.71385E-04,  4.71385E-04,  3.66862E+00,  1.43562E+00
 2.96623E-01,  7.84567E-02,  2.62338E-02,  8.26973E-03,  5.41871E-03
 5.46826E-03,  4.40615E-03,  2.87592E-03,  1.71599E-03,  1.16265E-03
 7.97041E-04,  5.66868E-04,  4.19378E-04,  7.04845E-04,  7.04845E-04
 4.73917E-04,  4.73917E-04,  4.73917E-04,  4.73917E-04,  4.73917E-04
 4.73917E-04,  3.75739E+00,  1.40650E+00,  2.43277E-01,  4.96391E-02
 1.70749E-02,  8.00384E-03,  5.76874E-03,  4.06885E-03,  3.77498E-03
 2.78266E-03,  1.91188E-03,  1.19488E-03,  7.92384E-04,  5.54600E-04
 4.08602E-04,  6.97369E-04,  6.97369E-04,  4.75904E-04,  4.75904E-04
 4.75904E-04,  4.75904E-04,  4.75904E-04,  4.75904E-04,  4.43288E+00
 1.46797E+00,  2.61351E-01,  5.88922E-02,  1.65427E-02,  9.22264E-03
 7.63569E-03,  5.38331E-03,  3.61033E-03,  2.64090E-03,  1.93355E-03
 1.19829E-03,  7.97692E-04,  5.44612E-04,  3.98043E-04,  6.89205E-04
 6.89205E-04,  4.77385E-04,  4.77385E-04,  4.77385E-04,  4.77385E-04
 4.77385E-04,  4.77385E-04,  3.71742E+00,  1.62535E+00,  3.47340E-01
 9.21595E-02,  2.01889E-02,  8.75222E-03,  8.68766E-03,  7.15487E-03
 4.28344E-03,  2.72653E-03,  1.78466E-03,  1.22710E-03,  7.98930E-04
 5.34663E-04,  3.89183E-04,  6.80296E-04,  6.80296E-04,  4.77242E-04
 4.77242E-04,  4.77242E-04,  4.77242E-04,  4.77242E-04,  4.77242E-04
 7.19624E+00,  1.96428E+00,  4.25372E-01,  1.26934E-01,  2.90265E-02
 1.01434E-02,  1.03096E-02,  8.38368E-03,  4.99078E-03,  2.83195E-03
 1.76209E-03,  1.21889E-03,  7.94064E-04,  5.31611E-04,  3.83008E-04
 6.72314E-04,  6.72314E-04,  4.76932E-04,  4.76932E-04,  4.76932E-04
 4.76932E-04,  4.76932E-04,  4.76932E-04,  5.67562E+00,  2.24297E+00
 4.30339E-01,  1.23160E-01,  4.27908E-02,  1.81029E-02,  1.37970E-02
 1.08301E-02,  5.84777E-03,  2.80293E-03,  1.75220E-03,  1.21043E-03
 7.93326E-04,  5.32472E-04,  3.78782E-04,  6.63679E-04,  6.63679E-04
 4.77040E-04,  4.77040E-04,  4.77040E-04,  4.77040E-04,  4.77040E-04
 4.77040E-04,  1.12869E+01,  2.84320E+00,  4.66863E-01,  1.09101E-01
 5.04817E-02,  2.86663E-02,  1.77961E-02,  1.30537E-02,  6.60413E-03
 3.09401E-03,  1.73991E-03,  1.16552E-03,  7.98464E-04,  5.35583E-04
 3.74687E-04,  6.53866E-04,  6.53866E-04,  4.76201E-04,  4.76201E-04
 4.76201E-04,  4.76201E-04,  4.76201E-04,  4.76201E-04,  7.81585E+00
 4.03382E+00,  5.35334E-01,  9.80508E-02,  4.24533E-02,  2.80985E-02
 1.88649E-02,  1.24147E-02,  6.86954E-03,  3.01211E-03,  1.69525E-03
 1.12803E-03,  8.13106E-04,  5.36163E-04,  3.73065E-04,  6.44386E-04
 6.44386E-04,  4.75059E-04,  4.75059E-04,  4.75059E-04,  4.75059E-04
 4.75059E-04,  4.75059E-04,  1.28642E+01,  2.69533E+00,  3.73938E-01
 8.09112E-02,  3.13124E-02,  1.45403E-02,  1.36832E-02,  1.06778E-02
 6.08464E-03,  3.00726E-03,  1.72137E-03,  1.11490E-03,  8.05697E-04
 5.39183E-04,  3.74251E-04,  6.34148E-04,  6.34148E-04,  4.73712E-04
 4.73712E-04,  4.73712E-04,  4.73712E-04,  4.73712E-04,  4.73712E-04
 1.13725E+01,  3.11967E+00,  3.72405E-01,  9.52846E-02,  4.31407E-02
 1.52576E-02,  9.27882E-03,  8.41244E-03,  5.32905E-03,  2.75262E-03
 1.77206E-03,  1.18587E-03,  7.45471E-04,  5.47561E-04,  3.75997E-04
 6.24066E-04,  6.24066E-04,  4.71346E-04,  4.71346E-04,  4.71346E-04
 4.71346E-04,  4.71346E-04,  4.71346E-04,  1.09393E+01,  4.43281E+00
 5.62231E-01,  9.96380E-02,  4.24671E-02,  1.78227E-02,  8.03715E-03
 6.52512E-03,  4.62679E-03,  2.49420E-03,  1.65984E-03,  1.21130E-03
 7.62158E-04,  5.38954E-04,  3.78754E-04,  6.16010E-04,  6.16010E-04
 4.69340E-04,  4.69340E-04,  4.69340E-04,  4.69340E-04,  4.69340E-04
 4.69340E-04,  1.18892E+01,  4.35667E+00,  5.86721E-01,  1.16288E-01
 3.44074E-02,  1.62177E-02,  8.28231E-03,  5.38146E-03,  4.00306E-03
 2.42620E-03,  1.62802E-03,  1.17724E-03,  8.02114E-04,  5.10643E-04
 3.86354E-04,  6.08926E-04,  6.08926E-04,  4.68256E-04,  4.68256E-04
 4.68256E-04,  4.68256E-04,  4.68256E-04,  4.68256E-04,  1.27983E+01
 2.52889E+00,  3.97506E-01,  1.04615E-01,  3.26531E-02,  1.45683E-02
 8.39799E-03,  4.87451E-03,  3.36861E-03,  2.29908E-03,  1.65560E-03
 1.15371E-03,  8.22480E-04,  4.95156E-04,  3.91150E-04,  6.00860E-04
 6.00860E-04,  4.66944E-04,  4.66944E-04,  4.66944E-04,  4.66944E-04
 4.66944E-04,  4.66944E-04,  1.14562E+01,  2.98358E+00,  5.30149E-01
 8.21925E-02,  3.47858E-02,  1.44390E-02,  8.77545E-03,  5.12958E-03
 3.26826E-03,  2.19584E-03,  1.57525E-03,  1.15101E-03,  8.26337E-04
 5.21284E-04,  3.66268E-04,  5.93432E-04,  5.93432E-04,  4.66006E-04
 4.66006E-04,  4.66006E-04,  4.66006E-04,  4.66006E-04,  4.66006E-04
 1.12348E+01,  3.77832E+00,  6.92878E-01,  8.10700E-02,  3.46511E-02
 1.61374E-02,  1.04149E-02,  5.94611E-03,  3.50553E-03,  2.24873E-03
 1.55229E-03,  1.13226E-03,  8.29762E-04,  5.49858E-04,  3.45751E-04
 5.86624E-04,  5.86624E-04,  4.65711E-04,  4.65711E-04,  4.65711E-04
 4.65711E-04,  4.65711E-04,  4.65711E-04,  1.15588E+01,  1.87956E+00
 5.67756E-01,  7.30753E-02,  3.45135E-02,  1.71138E-02,  1.18993E-02
 6.67503E-03,  3.70544E-03,  2.43326E-03,  1.57827E-03,  1.11243E-03
 8.28312E-04,  5.59567E-04,  3.48736E-04,  5.67355E-04,  5.67355E-04
 4.64430E-04,  4.64430E-04,  4.64430E-04,  4.64430E-04,  4.64430E-04
 4.64430E-04,  1.06391E+01,  2.49223E+00,  5.28491E-01,  6.55591E-02
 3.38930E-02,  1.72845E-02,  1.25410E-02,  6.97868E-03,  4.03486E-03
 2.77926E-03,  1.63251E-03,  1.10288E-03,  8.24840E-04,  5.72125E-04
 3.52709E-04,  5.48603E-04,  5.48603E-04,  4.62757E-04,  4.62757E-04
 4.62757E-04,  4.62757E-04,  4.62757E-04,  4.62757E-04,  1.00724E+01
 1.56903E+00,  4.95367E-01,  7.42322E-02,  3.46205E-02,  1.61319E-02
 1.21064E-02,  6.94973E-03,  4.04243E-03,  2.84680E-03,  1.73540E-03
 1.10999E-03,  8.20988E-04,  5.83032E-04,  3.60319E-04,  5.34457E-04
 5.34457E-04,  4.61061E-04,  4.61061E-04,  4.61061E-04,  4.61061E-04
 4.61061E-04,  4.61061E-04,  8.58771E+00,  2.09602E+00,  4.47504E-01
 9.97240E-02,  3.69341E-02,  1.50065E-02,  1.00006E-02,  6.50970E-03
 4.23429E-03,  3.08429E-03,  1.87325E-03,  1.13192E-03,  8.15433E-04
 5.89675E-04,  3.71246E-04,  5.17575E-04,  5.17575E-04,  4.59458E-04
 4.59458E-04,  4.59458E-04,  4.59458E-04,  4.59458E-04,  4.59458E-04
 1.02375E+01,  1.58936E+00,  5.04838E-01,  1.18952E-01,  3.62942E-02
 1.54091E-02,  9.04400E-03,  6.16379E-03,  4.50988E-03,  3.49869E-03
 2.06024E-03,  1.16104E-03,  8.10472E-04,  5.93632E-04,  3.83082E-04
 5.01772E-04,  5.01772E-04,  4.56708E-04,  4.56708E-04,  4.56708E-04
 4.56708E-04,  4.56708E-04,  4.56708E-04,  6.95423E+00,  2.28329E+00
 5.40580E-01,  1.20949E-01,  3.55994E-02,  1.63418E-02,  9.56509E-03
 6.55945E-03,  4.93679E-03,  3.69689E-03,  2.12222E-03,  1.18757E-03
 8.04594E-04,  5.95497E-04,  3.93665E-04,  4.94339E-04,  4.94339E-04
 4.51779E-04,  4.51779E-04,  4.51779E-04,  4.51779E-04,  4.51779E-04
 4.51779E-04,  7.25138E+00,  2.04242E+00,  5.26742E-01,  1.22441E-01
 3.71259E-02,  1.68271E-02,  1.01905E-02,  7.39587E-03,  5.40644E-03
 3.71898E-03,  2.13835E-03,  1.18055E-03,  7.96014E-04,  5.93724E-04
 4.03260E-04,  4.85758E-04,  4.85758E-04,  4.44785E-04,  4.44785E-04
 4.44785E-04,  4.44785E-04,  4.44785E-04,  4.44785E-04,  8.34298E+00
 1.70812E+00,  4.37196E-01,  1.14337E-01,  3.74525E-02,  1.67793E-02
 1.08046E-02,  8.19979E-03,  5.90427E-03,  4.05712E-03,  2.11122E-03
 1.16416E-03,  7.80441E-04,  5.90754E-04,  4.12575E-04,  4.76885E-04
 4.76885E-04,  4.36535E-04,  4.36535E-04,  4.36535E-04,  4.36535E-04
 4.36535E-04,  4.36535E-04,  7.79191E+00,  1.87030E+00,  3.99794E-01
 1.01585E-01,  3.66401E-02,  1.66905E-02,  1.17336E-02,  8.79693E-03
 5.93055E-03,  3.76527E-03,  2.00248E-03,  1.12384E-03,  7.54296E-04
 5.86461E-04,  4.20349E-04,  4.69656E-04,  4.69656E-04,  4.29166E-04
 4.29166E-04,  4.29166E-04,  4.29166E-04,  4.29166E-04,  4.29166E-04
 8.44312E+00,  1.98613E+00,  4.69054E-01,  9.92461E-02,  3.58006E-02
 1.67707E-02,  1.22514E-02,  8.82189E-03,  5.77104E-03,  3.73472E-03
 1.85946E-03,  1.06440E-03,  7.30060E-04,  5.75216E-04,  4.25319E-04
 4.60714E-04,  4.60714E-04,  4.22966E-04,  4.22966E-04,  4.22966E-04
 4.22966E-04,  4.22966E-04,  4.22966E-04,  8.37385E+00,  2.87965E+00
 5.63214E-01,  1.06410E-01,  3.69426E-02,  1.68302E-02,  1.21582E-02
 8.42926E-03,  5.51421E-03,  3.65647E-03,  1.71432E-03,  9.88636E-04
 7.02236E-04,  5.61595E-04,  4.28096E-04,  4.45960E-04,  4.45960E-04
 4.17811E-04,  4.17811E-04,  4.17811E-04,  4.17811E-04,  4.17811E-04
 4.17811E-04,  1.16888E+01,  2.38042E+00,  4.87753E-01,  9.89767E-02
 3.51550E-02,  1.69450E-02,  1.14411E-02,  7.49581E-03,  5.44111E-03
 3.46010E-03,  1.54574E-03,  9.22831E-04,  6.61509E-04,  5.50057E-04
 4.28314E-04,  4.24967E-04,  4.24967E-04,  4.13928E-04,  4.13928E-04
 4.13928E-04,  4.13928E-04,  4.13928E-04,  4.13928E-04,  9.43925E+00
 2.76203E+00,  3.61534E-01,  7.51084E-02,  3.34787E-02,  1.66180E-02
 9.80934E-03,  6.45375E-03,  4.75214E-03,  3.12451E-03,  1.35259E-03
 8.56709E-04,  6.32554E-04,  5.33538E-04,  4.23394E-04,  4.18777E-04
 4.18777E-04,  4.07550E-04,  4.07550E-04,  4.07550E-04,  4.07550E-04
 4.07550E-04,  4.07550E-04,  1.15615E+01,  2.21715E+00,  2.34001E-01
 5.67295E-02,  3.40623E-02,  1.55395E-02,  8.17708E-03,  5.48050E-03
 4.35950E-03,  2.68584E-03,  1.16343E-03,  7.74688E-04,  6.24018E-04
 5.12425E-04,  4.15868E-04,  4.16454E-04,  4.16454E-04,  3.98831E-04
 3.98831E-04,  3.98831E-04,  3.98831E-04,  3.98831E-04,  3.98831E-04
 1.24910E+01,  2.79610E+00,  2.42860E-01,  6.74408E-02,  3.35852E-02
 1.43247E-02,  6.62562E-03,  4.60511E-03,  4.10857E-03,  2.19585E-03
 9.87839E-04,  6.92367E-04,  6.03549E-04,  4.96941E-04,  4.09063E-04
 4.13183E-04,  4.13183E-04,  3.92160E-04,  3.92160E-04,  3.92160E-04
 3.92160E-04,  3.92160E-04,  3.92160E-04,  1.16798E+01,  4.96423E+00
 3.76669E-01,  8.66795E-02,  3.13300E-02,  1.13893E-02,  5.06194E-03
 4.09612E-03,  3.81629E-03,  1.94685E-03,  8.36297E-04,  6.50542E-04
 5.34208E-04,  5.06975E-04,  4.18255E-04,  4.04180E-04,  4.04180E-04
 3.87189E-04,  3.87189E-04,  3.87189E-04,  3.87189E-04,  3.87189E-04
 3.87189E-04,  1.20654E+01,  4.37476E+00,  3.64544E-01,  7.28757E-02
 2.61840E-02,  9.19574E-03,  3.89723E-03,  3.44179E-03,  2.88936E-03
 1.49294E-03,  7.22501E-04,  6.20540E-04,  5.01804E-04,  4.96138E-04
 4.08275E-04,  4.21628E-04,  4.21628E-04,  3.80512E-04,  3.80512E-04
 3.80512E-04,  3.80512E-04,  3.80512E-04,  3.80512E-04,  1.02789E+01
 3.71161E+00,  2.23082E-01,  7.16567E-02,  3.68964E-02,  1.07589E-02
 3.61880E-03,  2.98884E-03,  2.39447E-03,  1.14014E-03,  6.27567E-04
 5.82444E-04,  5.00875E-04,  4.80758E-04,  3.86991E-04,  4.27760E-04
 4.27760E-04,  3.72735E-04,  3.72735E-04,  3.72735E-04,  3.72735E-04
 3.72735E-04,  3.72735E-04,  1.17375E+01,  2.19425E+00,  2.00092E-01
 7.84180E-02,  3.64161E-02,  9.34116E-03,  3.67452E-03,  3.20930E-03
 2.27158E-03,  1.03812E-03,  5.74144E-04,  5.51687E-04,  5.05133E-04
 4.93444E-04,  3.77531E-04,  4.07644E-04,  4.07644E-04,  3.62372E-04
 3.62372E-04,  3.62372E-04,  3.62372E-04,  3.62372E-04,  3.62372E-04
 9.90984E+00,  4.23493E+00,  3.08065E-01,  9.32703E-02,  2.97012E-02
 7.72661E-03,  4.21982E-03,  3.57155E-03,  2.18513E-03,  9.64453E-04
 5.67691E-04,  5.64532E-04,  4.91263E-04,  4.88853E-04,  3.86842E-04
 3.91272E-04,  3.91272E-04,  3.49702E-04,  3.49702E-04,  3.49702E-04
 3.49702E-04,  3.49702E-04,  3.49702E-04,  1.01927E+01,  5.34568E+00
 3.94595E-01,  9.10343E-02,  2.60058E-02,  9.66686E-03,  4.52132E-03
 3.34908E-03,  2.05791E-03,  9.83709E-04,  6.75577E-04,  5.62444E-04
 4.86324E-04,  4.73170E-04,  3.60895E-04,  3.69998E-04,  3.69998E-04
 3.39286E-04,  3.39286E-04,  3.39286E-04,  3.39286E-04,  3.39286E-04
 3.39286E-04,  1.34689E+01,  2.73511E+00,  2.15227E-01,  6.99079E-02
 3.65449E-02,  1.19836E-02,  5.69427E-03,  4.03621E-03,  2.41106E-03
 1.22739E-03,  7.97227E-04,  5.60647E-04,  5.06206E-04,  4.37091E-04
 3.40042E-04,  3.57580E-04,  3.57580E-04,  3.31382E-04,  3.31382E-04
 3.31382E-04,  3.31382E-04,  3.31382E-04,  3.31382E-04,  1.14346E+01
 3.45967E+00,  2.22203E-01,  6.90448E-02,  4.18032E-02,  1.24846E-02
 5.19995E-03,  4.50025E-03,  3.18942E-03,  1.55683E-03,  9.12335E-04
 6.28902E-04,  5.64643E-04,  4.08964E-04,  3.38892E-04,  3.75222E-04
 3.75222E-04,  3.23874E-04,  3.23874E-04,  3.23874E-04,  3.23874E-04
 3.23874E-04,  3.23874E-04,  1.23956E+01,  3.49806E+00,  2.83431E-01
 5.82440E-02,  3.09304E-02,  1.06830E-02,  6.23056E-03,  5.86352E-03
 4.17138E-03,  1.95890E-03,  9.99827E-04,  7.21905E-04,  5.74769E-04
 4.54983E-04,  3.47646E-04,  3.77491E-04,  3.77491E-04,  3.16393E-04
 3.16393E-04,  3.16393E-04,  3.16393E-04,  3.16393E-04,  3.16393E-04
 1.28781E+01,  3.70013E+00,  3.11867E-01,  6.96616E-02,  2.90177E-02
 1.23978E-02,  8.90289E-03,  7.72675E-03,  5.17350E-03,  2.39750E-03
 1.07620E-03,  8.24073E-04,  5.40627E-04,  4.43272E-04,  3.43065E-04
 3.68230E-04,  3.68230E-04,  3.06314E-04,  3.06314E-04,  3.06314E-04
 3.06314E-04,  3.06314E-04,  3.06314E-04,  1.06892E+01,  4.33513E+00
 3.48786E-01,  6.71259E-02,  2.92578E-02,  1.51179E-02,  1.11274E-02
 9.49380E-03,  6.10451E-03,  2.56068E-03,  1.19185E-03,  7.17570E-04
 5.63963E-04,  4.63441E-04,  3.27427E-04,  3.54244E-04,  3.54244E-04
 2.93909E-04,  2.93909E-04,  2.93909E-04,  2.93909E-04,  2.93909E-04
 2.93909E-04,  1.12210E+01,  3.51952E+00,  3.28998E-01,  6.65682E-02
 2.86458E-02,  1.49317E-02,  1.35410E-02,  1.09876E-02,  6.82060E-03
 2.58868E-03,  1.27307E-03,  6.63559E-04,  5.92461E-04,  4.76482E-04
 3.12896E-04,  3.41275E-04,  3.41275E-04,  2.83751E-04,  2.83751E-04
 2.83751E-04,  2.83751E-04,  2.83751E-04,  2.83751E-04,  1.09285E+01
 2.62893E+00,  3.17910E-01,  7.26162E-02,  3.02671E-02,  1.37710E-02
 1.30446E-02,  1.13972E-02,  6.75608E-03,  2.75617E-03,  1.19146E-03
 6.45254E-04,  5.18249E-04,  4.80258E-04,  2.94130E-04,  3.26169E-04
 3.26169E-04,  2.75891E-04,  2.75891E-04,  2.75891E-04,  2.75891E-04
 2.75891E-04,  2.75891E-04,  1.05991E+01,  3.85580E+00,  4.26318E-01
 8.00320E-02,  3.29745E-02,  1.21880E-02,  9.42310E-03,  9.78051E-03
 6.13521E-03,  2.62405E-03,  1.16163E-03,  7.16453E-04,  5.08261E-04
 4.55521E-04,  2.72400E-04,  3.09028E-04,  3.09028E-04,  2.69224E-04
 2.69224E-04,  2.69224E-04,  2.69224E-04,  2.69224E-04,  2.69224E-04
 8.91342E+00,  3.28977E+00,  4.28386E-01,  8.16001E-02,  3.43057E-02
 1.07648E-02,  7.18256E-03,  6.31052E-03,  5.04831E-03,  2.26079E-03
 1.08333E-03,  7.66339E-04,  5.72049E-04,  4.18659E-04,  2.49749E-04
 2.91033E-04,  2.91033E-04,  2.63919E-04,  2.63919E-04,  2.63919E-04
 2.63919E-04,  2.63919E-04,  2.63919E-04,  1.06817E+01,  2.43609E+00
 3.48987E-01,  8.55239E-02,  3.12040E-02,  9.81131E-03,  5.35554E-03
 3.99052E-03,  3.26302E-03,  1.79944E-03,  9.49412E-04,  6.68618E-04
 5.62033E-04,  3.78234E-04,  2.26886E-04,  2.72424E-04,  2.72424E-04
 2.54885E-04,  2.54885E-04,  2.54885E-04,  2.54885E-04,  2.54885E-04
 2.54885E-04,  8.64702E+00,  2.56694E+00,  3.89419E-01,  8.52460E-02
 2.68455E-02,  1.00633E-02,  4.46397E-03,  3.24848E-03,  1.94428E-03
 1.30179E-03,  8.31928E-04,  5.93684E-04,  5.21358E-04,  3.40566E-04
 2.06711E-04,  2.56328E-04,  2.56328E-04,  2.41398E-04,  2.41398E-04
 2.41398E-04,  2.41398E-04,  2.41398E-04,  2.41398E-04,  8.08711E+00
 3.06556E+00,  4.89586E-01,  9.48400E-02,  2.82005E-02,  1.00554E-02
 4.90938E-03,  2.94443E-03,  1.64184E-03,  9.15479E-04,  7.20269E-04
 5.81491E-04,  4.73878E-04,  3.06757E-04,  1.89069E-04,  2.42140E-04
 2.42140E-04,  2.30350E-04,  2.30350E-04,  2.30350E-04,  2.30350E-04
 2.30350E-04,  2.30350E-04,  1.03490E+01,  2.73473E+00,  4.39835E-01
 9.61060E-02,  3.93432E-02,  1.01606E-02,  4.46272E-03,  3.13878E-03
 1.73282E-03,  7.36462E-04,  6.22325E-04,  5.37936E-04,  4.28114E-04
 2.74754E-04,  1.72920E-04,  2.27688E-04,  2.27688E-04,  2.29682E-04
 2.29682E-04,  2.29682E-04,  2.29682E-04,  2.29682E-04,  2.29682E-04
 8.85542E+00,  1.78588E+00,  2.87346E-01,  9.32855E-02,  4.39848E-02
 8.98045E-03,  3.80436E-03,  3.57031E-03,  1.88538E-03,  6.95534E-04
 5.75035E-04,  4.96283E-04,  3.86492E-04,  2.46856E-04,  1.59138E-04
 2.13476E-04,  2.13476E-04,  2.40011E-04,  2.40011E-04,  2.40011E-04
 2.40011E-04,  2.40011E-04,  2.40011E-04,  9.84571E+00,  1.19612E+00
 2.34445E-01,  5.66539E-02,  3.25292E-02,  6.39565E-03,  4.69050E-03
 3.76681E-03,  2.01733E-03,  7.25899E-04,  5.73359E-04,  4.58426E-04
 3.53122E-04,  2.23145E-04,  1.47769E-04,  2.00170E-04,  2.00170E-04
 2.40678E-04,  2.40678E-04,  2.40678E-04,  2.40678E-04,  2.40678E-04
 2.40678E-04,  1.12408E+01,  2.35479E+00,  4.98465E-01,  5.24614E-02
 2.66090E-02,  6.33450E-03,  4.40211E-03,  3.91733E-03,  2.02867E-03
 7.95380E-04,  5.93876E-04,  4.51827E-04,  3.15547E-04,  2.04361E-04
 1.38351E-04,  1.89113E-04,  1.89113E-04,  2.33997E-04,  2.33997E-04
 2.33997E-04,  2.33997E-04,  2.33997E-04,  2.33997E-04,  9.38131E+00
 5.11813E+00,  1.04240E+00,  8.21187E-02,  3.43293E-02,  8.81324E-03
 4.73523E-03,  4.64006E-03,  2.11789E-03,  9.29010E-04,  6.33221E-04
 4.31510E-04,  2.87287E-04,  1.89816E-04,  1.30970E-04,  1.80814E-04
 1.80814E-04,  2.25535E-04,  2.25535E-04,  2.25535E-04,  2.25535E-04
 2.25535E-04,  2.25535E-04,  8.03198E+00,  3.23089E+00,  6.68531E-01
 7.06858E-02,  3.60160E-02,  1.11051E-02,  6.13407E-03,  4.87023E-03
 2.36827E-03,  1.10089E-03,  6.56672E-04,  4.11271E-04,  2.64720E-04
 1.78820E-04,  1.25135E-04,  1.73015E-04,  1.73015E-04,  2.11828E-04
 2.11828E-04,  2.11828E-04,  2.11828E-04,  2.11828E-04,  2.11828E-04
 1.37509E+01,  1.45756E+00,  2.77401E-01,  6.77089E-02,  3.18478E-02
 1.17087E-02,  6.48400E-03,  5.99679E-03,  2.70078E-03,  1.22054E-03
 6.55438E-04,  3.84209E-04,  2.49727E-04,  1.70356E-04,  1.20577E-04
 1.64431E-04,  1.64431E-04,  1.90793E-04,  1.90793E-04,  1.90793E-04
 1.90793E-04,  1.90793E-04,  1.90793E-04,  9.74826E+00,  5.79077E+00
 6.85850E-01,  6.60251E-02,  2.81348E-02,  1.28714E-02,  7.38639E-03
 6.07115E-03,  2.82942E-03,  1.21017E-03,  6.16379E-04,  3.64042E-04
 2.40911E-04,  1.64844E-04,  1.16377E-04,  1.56127E-04,  1.56127E-04
 1.79814E-04,  1.79814E-04,  1.79814E-04,  1.79814E-04,  1.79814E-04
 1.79814E-04,  1.12150E+01,  3.42875E+00,  2.03485E-01,  1.42405E-01
 4.83120E-02,  1.28432E-02,  7.44066E-03,  5.36969E-03,  2.43604E-03
 1.08469E-03,  5.70126E-04,  3.50027E-04,  2.35523E-04,  1.60373E-04
 1.13292E-04,  1.48993E-04,  1.48993E-04,  1.71550E-04,  1.71550E-04
 1.71550E-04,  1.71550E-04,  1.71550E-04,  1.71550E-04,  1.73395E+01
 2.86248E+00,  4.59369E-01,  1.32776E-01,  4.36469E-02,  1.28965E-02
 6.21080E-03,  4.02937E-03,  1.84948E-03,  9.25774E-04,  5.36126E-04
 3.45907E-04,  2.28211E-04,  1.56086E-04,  1.11654E-04,  1.42363E-04
 1.42363E-04,  1.65725E-04,  1.65725E-04,  1.65725E-04,  1.65725E-04
 1.65725E-04,  1.65725E-04,  8.81990E+00,  6.97488E+00,  6.28040E-01
 1.19952E-01,  2.84167E-02,  9.69942E-03,  5.05438E-03,  2.75226E-03
 1.44410E-03,  8.80404E-04,  5.32854E-04,  3.55280E-04,  2.28404E-04
 1.55576E-04,  1.10427E-04,  1.36281E-04,  1.36281E-04,  1.61344E-04
 1.61344E-04,  1.61344E-04,  1.61344E-04,  1.61344E-04,  1.61344E-04
 8.95371E+00,  3.30998E+00,  5.46559E-01,  1.12607E-01,  2.12945E-02
 7.84351E-03,  4.27879E-03,  2.43811E-03,  1.43520E-03,  8.94210E-04
 6.13722E-04,  3.62990E-04,  2.32719E-04,  1.55898E-04,  1.09464E-04
 1.30857E-04,  1.30857E-04,  1.55662E-04,  1.55662E-04,  1.55662E-04
 1.55662E-04,  1.55662E-04,  1.55662E-04,  6.62542E+00,  3.71863E+00
 4.18694E-01,  1.24819E-01,  2.27740E-02,  5.86447E-03,  4.09062E-03
 2.34074E-03,  1.46508E-03,  1.00699E-03,  6.22245E-04,  3.88702E-04
 2.34547E-04,  1.55814E-04,  1.08210E-04,  1.25500E-04,  1.25500E-04
 1.50075E-04,  1.50075E-04,  1.50075E-04,  1.50075E-04,  1.50075E-04
 1.50075E-04,  6.33756E+00,  2.09949E+00,  2.77002E-01,  1.22331E-01
 3.65066E-02,  6.78085E-03,  3.00454E-03,  2.14368E-03,  1.50688E-03
 9.92735E-04,  6.13312E-04,  3.85053E-04,  2.37123E-04,  1.54163E-04
 1.06168E-04,  1.19389E-04,  1.19389E-04,  1.46756E-04,  1.46756E-04
 1.46756E-04,  1.46756E-04,  1.46756E-04,  1.46756E-04,  7.98524E+00
 1.01060E+00,  5.54817E-01,  9.93766E-02,  3.72220E-02,  1.16315E-02
 3.02188E-03,  1.83795E-03,  1.45932E-03,  9.28252E-04,  5.77913E-04
 3.55899E-04,  2.34279E-04,  1.50950E-04,  1.03318E-04,  1.12056E-04
 1.12056E-04,  1.45546E-04,  1.45546E-04,  1.45546E-04,  1.45546E-04
 1.45546E-04,  1.45546E-04,  8.12611E+00,  8.52792E+00,  9.36659E-01
 1.50957E-01,  4.18868E-02,  1.57931E-02,  3.93574E-03,  1.60834E-03
 1.28809E-03,  8.51564E-04,  5.07405E-04,  3.28874E-04,  2.15995E-04
 1.45357E-04,  9.85235E-05,  1.04077E-04,  1.04077E-04,  1.41839E-04
 1.41839E-04,  1.41839E-04,  1.41839E-04,  1.41839E-04,  1.41839E-04
 2.00519E+01,  4.97275E+00,  5.54383E-01,  1.41935E-01,  4.42198E-02
 1.86236E-02,  4.65957E-03,  1.35035E-03,  1.04444E-03,  7.57202E-04
 4.54440E-04,  2.88130E-04,  1.97753E-04,  1.29664E-04,  8.99914E-05
 9.46911E-05,  9.46911E-05,  1.35686E-04,  1.35686E-04,  1.35686E-04
 1.35686E-04,  1.35686E-04,  1.35686E-04,  9.55210E+00,  1.01891E+00
 1.72577E-01,  1.02520E-01,  4.43727E-02,  1.73346E-02,  4.99295E-03
 1.17137E-03,  8.20894E-04,  6.53663E-04,  4.05584E-04,  2.60658E-04
 1.73232E-04,  1.11667E-04,  7.69419E-05,  8.39709E-05,  8.39709E-05
 1.30592E-04,  1.30592E-04,  1.30592E-04,  1.30592E-04,  1.30592E-04
 1.30592E-04,  1.12820E+01,  9.20209E-01,  7.61478E-02,  4.06698E-02
 3.75802E-02,  1.41881E-02,  4.57384E-03,  1.03273E-03,  6.87727E-04
 5.57638E-04,  3.74255E-04,  2.40471E-04,  1.52577E-04,  9.59720E-05
 6.43519E-05,  7.41488E-05,  7.41488E-05,  1.26109E-04,  1.26109E-04
 1.26109E-04,  1.26109E-04,  1.26109E-04,  1.26109E-04,  1.51704E+01
 9.74435E-01,  8.20423E-02,  1.47066E-02,  2.11246E-02,  9.15178E-03
 2.67401E-03,  8.34954E-04,  5.73817E-04,  4.82518E-04,  3.60244E-04
 2.24302E-04,  1.35212E-04,  8.31780E-05,  5.33086E-05,  6.52748E-05
 6.52748E-05,  1.22589E-04,  1.22589E-04,  1.22589E-04,  1.22589E-04
 1.22589E-04,  1.22589E-04,  8.98483E+00,  3.58922E+00,  3.57620E-01
 2.83114E-02,  1.64651E-02,  9.58256E-03,  2.69064E-03,  9.31095E-04
 6.19611E-04,  4.07861E-04,  3.50310E-04,  2.15482E-04,  1.18870E-04
 7.12883E-05,  4.35861E-05,  5.70197E-05,  5.70197E-05,  1.19545E-04
 1.19545E-04,  1.19545E-04,  1.19545E-04,  1.19545E-04,  1.19545E-04
 1.33985E+01,  4.62896E+00,  5.34375E-01,  5.27781E-02,  1.91177E-02
 6.60179E-03,  1.99908E-03,  1.01472E-03,  6.39002E-04,  4.54946E-04
 3.52797E-04,  1.95323E-04,  1.03111E-04,  6.06288E-05,  3.53145E-05
 4.96336E-05,  4.96336E-05,  1.16715E-04,  1.16715E-04,  1.16715E-04
 1.16715E-04,  1.16715E-04,  1.16715E-04,  2.28124E+00,  3.02871E+00
 3.43262E-01,  2.04419E-02,  6.04865E-03,  3.13557E-03,  2.10424E-03
 1.31390E-03,  6.06382E-04,  3.65132E-04,  3.06625E-04,  1.69349E-04
 9.28386E-05,  5.02256E-05,  2.84455E-05,  4.35012E-05,  4.35012E-05
 1.14481E-04,  1.14481E-04,  1.14481E-04,  1.14481E-04,  1.14481E-04
 1.14481E-04,  5.74078E+00,  2.01082E+00,  7.98895E-02,  3.72452E-02
 7.05076E-03,  3.39779E-03,  2.98695E-03,  1.80847E-03,  7.60079E-04
 2.64901E-04,  2.25505E-04,  1.63868E-04,  8.32821E-05,  4.15788E-05
 2.32715E-05,  3.94956E-05,  3.94956E-05,  1.12686E-04,  1.12686E-04
 1.12686E-04,  1.12686E-04,  1.12686E-04,  1.12686E-04,  1.04322E+00
 2.64272E-01,  1.30510E-01,  3.00966E-02,  5.87627E-03,  4.01634E-03
 3.81741E-03,  2.38869E-03,  9.89484E-04,  2.96049E-04,  2.19839E-04
 1.41849E-04,  6.24028E-05,  3.34462E-05,  1.94632E-05,  3.59861E-05
 3.59861E-05,  1.13394E-04,  1.13394E-04,  1.13394E-04,  1.13394E-04
 1.13394E-04,  1.13394E-04,  1.08306E+00,  2.81825E-01,  1.00375E-01
 3.15901E-02,  1.06506E-02,  8.64733E-03,  9.13797E-03,  7.34113E-03
 3.80183E-03,  1.31389E-03,  4.28218E-04,  3.05461E-04,  3.29533E-04
 4.23377E-04,  5.04412E-04,  7.10716E-04,  7.10716E-04,  2.08957E-03
 2.08957E-03,  2.08957E-03,  2.08957E-03,  2.08957E-03,  2.08957E-03
 1.08306E+00,  2.81825E-01,  1.00375E-01,  3.15901E-02,  1.06506E-02
 8.64733E-03,  9.13797E-03,  7.34113E-03,  3.80183E-03,  1.31389E-03
 4.28218E-04,  3.05461E-04,  3.29533E-04,  4.23377E-04,  5.04412E-04
 7.10716E-04,  7.10716E-04,  2.08957E-03,  2.08957E-03,  2.08957E-03
 2.08957E-03,  2.08957E-03,  2.08957E-03,  3.35292E-02,  3.58649E-02
 3.31520E-02,  2.32312E-02,  1.48327E-02,  9.79115E-03,  7.25321E-03
 6.15403E-03,  5.25462E-03,  4.16262E-03,  3.26752E-03,  2.64576E-03
 2.20343E-03,  1.87837E-03,  1.59323E-03,  3.54888E-03,  3.54888E-03
 5.55268E-03,  5.55268E-03,  5.55268E-03,  5.55268E-03,  5.55268E-03
 5.55268E-03,  3.35292E-02,  3.58649E-02,  3.31520E-02,  2.32312E-02
 1.48327E-02,  9.79115E-03,  7.25321E-03,  6.15403E-03,  5.25462E-03
 4.16262E-03,  3.26752E-03,  2.64576E-03,  2.20343E-03,  1.87837E-03
 1.59323E-03,  3.54888E-03,  3.54888E-03,  5.55268E-03,  5.55268E-03
 5.55268E-03,  5.55268E-03,  5.55268E-03,  5.55268E-03,  3.35292E-02
 3.58649E-02,  3.31520E-02,  2.32312E-02,  1.48327E-02,  9.79115E-03
 7.25321E-03,  6.15403E-03,  5.25462E-03,  4.16262E-03,  3.26752E-03
 2.64576E-03,  2.20343E-03,  1.87837E-03,  1.59323E-03,  3.54888E-03
 3.54888E-03,  5.55268E-03,  5.55268E-03,  5.55268E-03,  5.55268E-03
 5.55268E-03,  5.55268E-03,  3.35292E-02,  3.58649E-02,  3.31520E-02
 2.32312E-02,  1.48327E-02,  9.79115E-03,  7.25321E-03,  6.15403E-03
 5.25462E-03,  4.16262E-03,  3.26752E-03,  2.64576E-03,  2.20343E-03
 1.87837E-03,  1.59323E-03,  3.54888E-03,  3.54888E-03,  5.55268E-03
 5.55268E-03,  5.55268E-03,  5.55268E-03,  5.55268E-03,  5.55268E-03
 3.35292E-02,  3.58649E-02,  3.31520E-02,  2.32312E-02,  1.48327E-02
 9.79115E-03,  7.25321E-03,  6.15403E-03,  5.25462E-03,  4.16262E-03
 3.26752E-03,  2.64576E-03,  2.20343E-03,  1.87837E-03,  1.59323E-03
 3.54888E-03,  3.54888E-03,  5.55268E-03,  5.55268E-03,  5.55268E-03
 5.55268E-03,  5.55268E-03,  5.55268E-03,  3.35292E-02,  3.58649E-02
 3.31520E-02,  2.32312E-02,  1.48327E-02,  9.79115E-03,  7.25321E-03
 6.15403E-03,  5.25462E-03,  4.16262E-03,  3.26752E-03,  2.64576E-03
 2.20343E-03,  1.87837E-03,  1.59323E-03,  3.54888E-03,  3.54888E-03
 5.55268E-03,  5.55268E-03,  5.55268E-03,  5.55268E-03,  5.55268E-03
 5.55268E-03

