Advanced Geosciences Inc. (AGI) Sting/SuperSting measured data (*.stg)   Type: XYZ
A trimmed data set by AGI EarthImager 2D. Version: 2.4.4 (Build 649). Records: 940
Raw data file: C:\Users\Tom\Desktop\CarvinsCove\20260528\20260528\trial1\20260528_trial1.stg

Number of Data = 940
Number of Electrodes = 64
Number of Surface Electrodes = 64
Number of IP Data = 0

Processing starts at 2026-05-28 13:49:30

;------ SETTINGS ------

Minimum Voltage (mv) = 0.2
Minimum V/I (ohm) = 0.0005
Minimum apparent resistivity (ohm-m)  = 1
Maximum apparent resistivity (ohm-m)  = 5000
Maximum repeat error (%)  = 3
Maximum reciprocal error (%)  = 5
Remove negative apparent resistivity in ERT data: Yes
Keep All Data (no data removal): No
Inversion Method:  Robust inversion
Vertical axis:  Positive Upward
Y Coordinate =  Depth
Min electrode spacing X (m)  = 0.003
Min electrode spacing Z (m)  = 0.003
Forward Modeling Method:  Finite element method
Forward system solver:  Cholesky decomposition method
Boundary condition type:  Dirichlet
Number cells or elements betwenn two electrodes = 2
Lower-layer-thickness / Upper-layer-thickness =  1.1
Depth of Inverted Model / Depth of Pseudosection =  1.1
Max number of iteration of nonlinear inversion = 8
Stop RMS error = 3%
Mininum error reduction between two iterations = 2%
Stop at Max number of iterations: Yes
Stop when RMS is small enough: Yes
Stop when RMS can not be reduced: Yes
Res Data reweighting: No
Use Reciprocal Error: No
Stop when L2 norm is small enough: No
Initial smoothness factor = 1
Roughness conditioner = 0.2
Starting model: Avg AppRes.
Start halfspace resistivity = 435.62 ohm-m
Minimum resistivity =        1.0 ohm-m
Maximum resistivity =   100000.0 ohm-m
Number of elements combined horizontally = 1
Number of elements combined verically = 1
Vertical / Horizontal roughness ratio = 0.5
Estimated noise of resistivity data  = 3%
Initial damping factor of resistivity = 1
Robust data conditioner:  1
Robust model conditioner:  1
Starting iteration of quasi Newton method = 20
IP inversion method: No IP Inversion

;------ ELECTRODE LOCATIONS ------

Electrode         X            Y
     0,         0.000,        0.000
     1,         2.001,        0.000
     2,         3.999,        0.000
     3,         6.000,        0.000
     4,         8.001,        0.000
     5,         9.999,        0.000
     6,        12.000,        0.000
     7,        14.001,        0.000
     8,        15.999,        0.000
     9,        18.000,        0.000
     10,        20.001,        0.000
     11,        21.999,        0.000
     12,        24.000,        0.000
     13,        26.001,        0.000
     14,        27.999,        0.000
     15,        30.000,        0.000
     16,        32.001,        0.000
     17,        33.999,        0.000
     18,        36.000,        0.000
     19,        38.001,        0.000
     20,        39.999,        0.000
     21,        42.000,        0.000
     22,        44.001,        0.000
     23,        45.999,        0.000
     24,        48.000,        0.000
     25,        50.001,        0.000
     26,        51.999,        0.000
     27,        54.000,        0.000
     28,        56.001,        0.000
     29,        57.999,        0.000
     30,        60.000,        0.000
     31,        62.001,        0.000
     32,        63.999,        0.000
     33,        66.000,        0.000
     34,        68.001,        0.000
     35,        69.999,        0.000
     36,        72.000,        0.000
     37,        74.001,        0.000
     38,        75.999,        0.000
     39,        78.000,        0.000
     40,        80.001,        0.000
     41,        81.999,        0.000
     42,        84.000,        0.000
     43,        86.001,        0.000
     44,        87.999,        0.000
     45,        90.000,        0.000
     46,        92.001,        0.000
     47,        93.999,        0.000
     48,        96.000,        0.000
     49,        98.001,        0.000
     50,        99.999,        0.000
     51,       102.000,        0.000
     52,       104.001,        0.000
     53,       105.999,        0.000
     54,       108.000,        0.000
     55,       110.001,        0.000
     56,       111.999,        0.000
     57,       114.000,        0.000
     58,       116.001,        0.000
     59,       117.999,        0.000
     60,       120.000,        0.000
     61,       122.001,        0.000
     62,       123.999,        0.000
     63,       126.000,        0.000


;------ Commands, Raw V/I, GeomFactor, AppRes ------

DataID   A   B   M   N       V/I           K           App-Res
  1,     62,  63,  61,  60,   2.07243E+01,   3.76144E+01,   7.79532E+02
  2,     62,  63,  60,  59,   6.65948E+00,   1.50627E+02,   1.00310E+03
  3,     62,  63,  59,  58,   2.56875E+00,   3.77119E+02,   9.68723E+02
  4,     62,  63,  58,  57,   1.24840E+00,   7.52965E+02,   9.40002E+02
  5,     62,  63,  57,  56,   9.38865E-02,   1.31811E+03,   1.23753E+02
  6,     62,  63,  56,  55,   7.94650E-01,   2.11200E+03,   1.67830E+03
  7,     62,  63,  55,  54,   1.51760E-01,   3.16291E+03,   4.80003E+02
  8,     62,  63,  54,  53,   9.01102E-02,   4.51932E+03,   4.07236E+02
  9,     61,  62,  60,  59,   2.51083E+01,   3.77416E+01,   9.47626E+02
  10,     61,  62,  59,  58,   6.05705E+00,   1.51136E+02,   9.15440E+02
  11,     61,  62,  58,  57,   2.62075E+00,   3.77119E+02,   9.88334E+02
  12,     61,  62,  57,  56,   1.10857E+00,   7.54492E+02,   8.36407E+02
  13,     61,  62,  55,  54,   7.01832E-01,   2.11200E+03,   1.48227E+03
  14,     61,  62,  54,  53,   1.39745E-01,   3.16864E+03,   4.42801E+02
  15,     61,  62,  53,  52,   8.66431E-02,   4.53307E+03,   3.92759E+02
  16,     61,  62,  56,  55,   3.66935E-02,   1.32219E+03,   4.85157E+01
  17,     61,  63,  53,  51,   2.42305E-01,   1.50898E+03,   3.65634E+02
  18,     61,  63,  51,  49,   1.08723E-01,   2.64030E+03,   2.87061E+02
  19,     61,  63,  49,  47,   6.45944E-02,   4.22145E+03,   2.72682E+02
  20,     61,  63,  47,  45,   3.79840E-02,   6.33727E+03,   2.40715E+02
  21,     61,  63,  45,  43,   2.77012E-02,   9.05237E+03,   2.50761E+02
  22,     60,  61,  59,  58,   2.10235E+01,   3.77416E+01,   7.93460E+02
  23,     60,  61,  58,  57,   5.51175E+00,   1.50627E+02,   8.30218E+02
  24,     60,  61,  57,  56,   2.10442E+00,   3.76737E+02,   7.92812E+02
  25,     60,  61,  56,  55,   8.42778E-01,   7.54492E+02,   6.35869E+02
  26,     60,  61,  54,  53,   7.01584E-01,   2.10945E+03,   1.47996E+03
  27,     60,  61,  53,  52,   1.23720E-01,   3.16864E+03,   3.92024E+02
  28,     60,  61,  52,  51,   8.03241E-02,   4.51932E+03,   3.63010E+02
  29,     60,  62,  52,  50,   2.18757E-01,   1.50746E+03,   3.29767E+02
  30,     60,  62,  50,  48,   1.03491E-01,   2.64030E+03,   2.73247E+02
  31,     60,  62,  48,  46,   5.92737E-02,   4.22400E+03,   2.50372E+02
  32,     60,  62,  46,  44,   3.80062E-02,   6.33154E+03,   2.40638E+02
  33,     60,  62,  44,  42,   2.69831E-02,   9.05237E+03,   2.44261E+02
  34,     60,  63,  42,  39,   4.16334E-02,   6.33345E+03,   2.63683E+02
  35,     60,  63,  39,  36,   3.13011E-02,   9.50018E+03,   2.97366E+02
  36,     60,  63,  36,  33,   2.56430E-02,   1.35717E+04,   3.48019E+02
  37,     59,  60,  58,  57,   2.12077E+01,   3.76144E+01,   7.97714E+02
  38,     59,  60,  57,  56,   5.34089E+00,   1.50627E+02,   8.04482E+02
  39,     59,  60,  56,  55,   1.90316E+00,   3.77119E+02,   7.17717E+02
  40,     59,  60,  55,  54,   7.61439E-01,   7.52965E+02,   5.73337E+02
  41,     59,  60,  53,  52,   6.87240E-01,   2.11200E+03,   1.45145E+03
  42,     59,  60,  52,  51,   1.40548E-01,   3.16291E+03,   4.44541E+02
  43,     59,  60,  51,  50,   7.82689E-02,   4.51932E+03,   3.53722E+02
  44,     59,  61,  51,  49,   2.08930E-01,   1.50746E+03,   3.14953E+02
  45,     59,  61,  49,  47,   1.10353E-01,   2.63623E+03,   2.90915E+02
  46,     59,  61,  47,  45,   5.87669E-02,   4.22145E+03,   2.48082E+02
  47,     59,  61,  45,  43,   4.03443E-02,   6.33154E+03,   2.55442E+02
  48,     59,  61,  43,  41,   2.84742E-02,   9.03863E+03,   2.57368E+02
  49,     59,  62,  41,  38,   4.56410E-02,   6.33345E+03,   2.89065E+02
  50,     59,  62,  38,  35,   3.47810E-02,   9.50018E+03,   3.30426E+02
  51,     59,  62,  35,  32,   2.67499E-02,   1.35717E+04,   3.63041E+02
  52,     59,  63,  35,  31,   4.41874E-02,   8.44545E+03,   3.73182E+02
  53,     59,  63,  31,  27,   2.76329E-02,   1.26631E+04,   3.49918E+02
  54,     59,  63,  27,  23,   2.43151E-02,   1.80910E+04,   4.39884E+02
  55,     58,  59,  57,  56,   2.33259E+01,   3.77416E+01,   8.80356E+02
  56,     58,  59,  56,  55,   4.91551E+00,   1.51136E+02,   7.42912E+02
  57,     58,  59,  55,  54,   1.71542E+00,   3.77119E+02,   6.46917E+02
  58,     58,  59,  54,  53,   7.63683E-01,   7.54492E+02,   5.76193E+02
  59,     58,  59,  52,  51,   6.25297E-01,   2.11200E+03,   1.32063E+03
  60,     58,  59,  51,  50,   1.34355E-01,   3.16864E+03,   4.25722E+02
  61,     58,  59,  50,  49,   8.57191E-02,   4.53307E+03,   3.88571E+02
  62,     58,  59,  53,  52,   2.89493E-02,   1.32219E+03,   3.82764E+01
  63,     58,  60,  50,  48,   2.31722E-01,   1.50898E+03,   3.49665E+02
  64,     58,  60,  48,  46,   1.18091E-01,   2.64030E+03,   3.11795E+02
  65,     58,  60,  46,  44,   6.76859E-02,   4.22145E+03,   2.85733E+02
  66,     58,  60,  44,  42,   4.56516E-02,   6.33727E+03,   2.89306E+02
  67,     58,  60,  42,  40,   3.30751E-02,   9.05237E+03,   2.99408E+02
  68,     58,  61,  40,  37,   5.05039E-02,   6.33345E+03,   3.19864E+02
  69,     58,  61,  37,  34,   3.83803E-02,   9.50018E+03,   3.64620E+02
  70,     58,  61,  34,  31,   2.78508E-02,   1.35717E+04,   3.77982E+02
  71,     58,  62,  34,  30,   4.45802E-02,   8.44545E+03,   3.76500E+02
  72,     58,  62,  30,  26,   2.72002E-02,   1.26688E+04,   3.44594E+02
  73,     58,  62,  26,  22,   2.78031E-02,   1.81047E+04,   5.03368E+02
  74,     58,  63,  23,  18,   3.00666E-02,   1.58374E+04,   4.76178E+02
  75,     58,  63,  18,  13,   2.17111E-02,   2.26240E+04,   4.91193E+02
  76,     57,  58,  56,  55,   2.51867E+01,   3.77416E+01,   9.50585E+02
  77,     57,  58,  55,  54,   4.91285E+00,   1.50627E+02,   7.40007E+02
  78,     57,  58,  54,  53,   1.79343E+00,   3.76737E+02,   6.75651E+02
  79,     57,  58,  53,  52,   8.39700E-01,   7.54492E+02,   6.33547E+02
  80,     57,  58,  52,  51,   1.49670E-01,   1.31811E+03,   1.97282E+02
  81,     57,  58,  51,  50,   5.44582E-01,   2.10945E+03,   1.14877E+03
  82,     57,  58,  50,  49,   1.47258E-01,   3.16864E+03,   4.66607E+02
  83,     57,  58,  49,  48,   9.33280E-02,   4.51932E+03,   4.21779E+02
  84,     57,  59,  49,  47,   2.58679E-01,   1.50746E+03,   3.89947E+02
  85,     57,  59,  47,  45,   1.22031E-01,   2.64030E+03,   3.22198E+02
  86,     57,  59,  45,  43,   7.54422E-02,   4.22400E+03,   3.18668E+02
  87,     57,  59,  43,  41,   5.03819E-02,   6.33154E+03,   3.18995E+02
  88,     57,  59,  41,  39,   3.87900E-02,   9.05237E+03,   3.51141E+02
  89,     57,  60,  39,  36,   5.76154E-02,   6.33345E+03,   3.64904E+02
  90,     57,  60,  36,  33,   4.36995E-02,   9.50018E+03,   4.15153E+02
  91,     57,  60,  33,  30,   3.19190E-02,   1.35717E+04,   4.33194E+02
  92,     57,  61,  33,  29,   4.86561E-02,   8.44290E+03,   4.10799E+02
  93,     57,  61,  29,  25,   3.01298E-02,   1.26688E+04,   3.81709E+02
  94,     57,  61,  25,  21,   2.91209E-02,   1.80910E+04,   5.26826E+02
  95,     57,  62,  22,  17,   3.00144E-02,   1.58317E+04,   4.75180E+02
  96,     57,  62,  17,  12,   2.13417E-02,   2.26240E+04,   4.82836E+02
  97,     57,  63,  15,  9,   2.58147E-02,   1.90004E+04,   4.90488E+02
  98,     57,  63,  9,  3,   1.98618E-02,   2.71434E+04,   5.39116E+02
  99,     56,  57,  55,  54,   2.75923E+01,   3.76144E+01,   1.03787E+03
  100,     56,  57,  54,  53,   5.35987E+00,   1.50627E+02,   8.07341E+02
  101,     56,  57,  53,  52,   2.08741E+00,   3.77119E+02,   7.87201E+02
  102,     56,  57,  52,  51,   1.02678E+00,   7.52965E+02,   7.73130E+02
  103,     56,  57,  51,  50,   1.87425E-01,   1.31811E+03,   2.47047E+02
  104,     56,  57,  50,  49,   5.75910E-01,   2.11200E+03,   1.21632E+03
  105,     56,  57,  49,  48,   1.72181E-01,   3.16291E+03,   5.44593E+02
  106,     56,  57,  48,  47,   1.17447E-01,   4.51932E+03,   5.30780E+02
  107,     56,  58,  48,  46,   2.90909E-01,   1.50746E+03,   4.38532E+02
  108,     56,  58,  46,  44,   1.47621E-01,   2.63623E+03,   3.89162E+02
  109,     56,  58,  44,  42,   8.99679E-02,   4.22145E+03,   3.79795E+02
  110,     56,  58,  42,  40,   6.19399E-02,   6.33154E+03,   3.92175E+02
  111,     56,  58,  40,  38,   4.74925E-02,   9.03863E+03,   4.29267E+02
  112,     56,  59,  38,  35,   6.89750E-02,   6.33345E+03,   4.36850E+02
  113,     56,  59,  35,  32,   4.92579E-02,   9.50018E+03,   4.67959E+02
  114,     56,  59,  32,  29,   3.40743E-02,   1.35717E+04,   4.62445E+02
  115,     56,  60,  32,  28,   5.22244E-02,   8.44545E+03,   4.41059E+02
  116,     56,  60,  28,  24,   3.38687E-02,   1.26631E+04,   4.28882E+02
  117,     56,  60,  24,  20,   3.23105E-02,   1.80910E+04,   5.84529E+02
  118,     56,  61,  21,  16,   3.19228E-02,   1.58317E+04,   5.05393E+02
  119,     56,  61,  16,  11,   2.16338E-02,   2.26103E+04,   4.89147E+02
  120,     56,  62,  14,  8,   2.66745E-02,   1.90004E+04,   5.06825E+02
  121,     56,  62,  8,  2,   2.14036E-02,   2.71434E+04,   5.80966E+02
  122,     55,  56,  54,  53,   2.84921E+01,   3.77416E+01,   1.07534E+03
  123,     55,  56,  53,  52,   5.72150E+00,   1.51136E+02,   8.64726E+02
  124,     55,  56,  52,  51,   2.31320E+00,   3.77119E+02,   8.72351E+02
  125,     55,  56,  51,  50,   9.68294E-01,   7.54492E+02,   7.30570E+02
  126,     55,  56,  50,  49,   1.86464E-01,   1.32219E+03,   2.46540E+02
  127,     55,  56,  49,  48,   6.10218E-01,   2.11200E+03,   1.28878E+03
  128,     55,  56,  48,  47,   1.88712E-01,   3.16864E+03,   5.97960E+02
  129,     55,  56,  47,  46,   1.03236E-01,   4.53307E+03,   4.67976E+02
  130,     55,  57,  47,  45,   2.96212E-01,   1.50898E+03,   4.46979E+02
  131,     55,  57,  45,  43,   1.63627E-01,   2.64030E+03,   4.32024E+02
  132,     55,  57,  43,  41,   1.00222E-01,   4.22145E+03,   4.23082E+02
  133,     55,  57,  41,  39,   7.38560E-02,   6.33727E+03,   4.68045E+02
  134,     55,  57,  39,  37,   5.39285E-02,   9.05237E+03,   4.88181E+02
  135,     55,  58,  37,  34,   8.00984E-02,   6.33345E+03,   5.07299E+02
  136,     55,  58,  34,  31,   5.42293E-02,   9.50018E+03,   5.15188E+02
  137,     55,  58,  31,  28,   3.46281E-02,   1.35717E+04,   4.69961E+02
  138,     55,  59,  31,  27,   5.20586E-02,   8.44545E+03,   4.39658E+02
  139,     55,  59,  27,  23,   4.13181E-02,   1.26688E+04,   5.23451E+02
  140,     55,  59,  23,  19,   3.06594E-02,   1.81047E+04,   5.55080E+02
  141,     55,  60,  20,  15,   3.37121E-02,   1.58374E+04,   5.33914E+02
  142,     55,  60,  15,  10,   2.32575E-02,   2.26240E+04,   5.26179E+02
  143,     55,  61,  13,  7,   2.79093E-02,   1.90004E+04,   5.30287E+02
  144,     55,  61,  7,  1,   2.16048E-02,   2.71434E+04,   5.86427E+02
  145,     54,  55,  53,  52,   2.88518E+01,   3.77416E+01,   1.08891E+03
  146,     54,  55,  52,  51,   6.07769E+00,   1.50627E+02,   9.15464E+02
  147,     54,  55,  51,  50,   2.01531E+00,   3.76737E+02,   7.59241E+02
  148,     54,  55,  50,  49,   9.22482E-01,   7.54492E+02,   6.96005E+02
  149,     54,  55,  49,  48,   2.93652E-01,   1.31811E+03,   3.87066E+02
  150,     54,  55,  48,  47,   4.42888E-01,   2.10945E+03,   9.34252E+02
  151,     54,  55,  47,  46,   1.43564E-01,   3.16864E+03,   4.54902E+02
  152,     54,  55,  46,  45,   9.80310E-02,   4.51932E+03,   4.43033E+02
  153,     54,  56,  46,  44,   2.89595E-01,   1.50746E+03,   4.36552E+02
  154,     54,  56,  44,  42,   1.62090E-01,   2.64030E+03,   4.27965E+02
  155,     54,  56,  42,  40,   1.02372E-01,   4.22400E+03,   4.32419E+02
  156,     54,  56,  40,  38,   7.43722E-02,   6.33154E+03,   4.70891E+02
  157,     54,  56,  38,  36,   5.26667E-02,   9.05237E+03,   4.76758E+02
  158,     54,  57,  36,  33,   8.48895E-02,   6.33345E+03,   5.37643E+02
  159,     54,  57,  33,  30,   5.70213E-02,   9.50018E+03,   5.41712E+02
  160,     54,  57,  30,  27,   3.24661E-02,   1.35717E+04,   4.40620E+02
  161,     54,  58,  30,  26,   5.09961E-02,   8.44290E+03,   4.30555E+02
  162,     54,  58,  26,  22,   4.73332E-02,   1.26688E+04,   5.99655E+02
  163,     54,  58,  22,  18,   2.71496E-02,   1.80910E+04,   4.91163E+02
  164,     54,  59,  19,  14,   3.33201E-02,   1.58317E+04,   5.27514E+02
  165,     54,  59,  14,  9,   2.30520E-02,   2.26240E+04,   5.21530E+02
  166,     54,  60,  12,  6,   2.80427E-02,   1.90004E+04,   5.32821E+02
  167,     54,  60,  6,  0,   2.28094E-02,   2.71434E+04,   6.19124E+02
  168,     53,  54,  52,  51,   3.29446E+01,   3.76144E+01,   1.23919E+03
  169,     53,  54,  51,  50,   5.95258E+00,   1.50627E+02,   8.96619E+02
  170,     53,  54,  50,  49,   2.26191E+00,   3.77119E+02,   8.53008E+02
  171,     53,  54,  49,  48,   9.77684E-01,   7.52965E+02,   7.36162E+02
  172,     53,  54,  48,  47,   3.24570E-01,   1.31811E+03,   4.27820E+02
  173,     53,  54,  47,  46,   4.23618E-01,   2.11200E+03,   8.94681E+02
  174,     53,  54,  46,  45,   1.53060E-01,   3.16291E+03,   4.84115E+02
  175,     53,  54,  45,  44,   9.56131E-02,   4.51932E+03,   4.32106E+02
  176,     53,  55,  45,  43,   2.82887E-01,   1.50746E+03,   4.26440E+02
  177,     53,  55,  43,  41,   1.58797E-01,   2.63623E+03,   4.18625E+02
  178,     53,  55,  41,  39,   1.07999E-01,   4.22145E+03,   4.55913E+02
  179,     53,  55,  39,  37,   7.42793E-02,   6.33154E+03,   4.70303E+02
  180,     53,  55,  37,  35,   5.51055E-02,   9.03863E+03,   4.98078E+02
  181,     53,  56,  35,  32,   8.47283E-02,   6.33345E+03,   5.36623E+02
  182,     53,  56,  32,  29,   5.42794E-02,   9.50018E+03,   5.15664E+02
  183,     53,  56,  29,  26,   3.04051E-02,   1.35717E+04,   4.12648E+02
  184,     53,  57,  29,  25,   5.27314E-02,   8.44545E+03,   4.45340E+02
  185,     53,  57,  25,  21,   4.60293E-02,   1.26631E+04,   5.82873E+02
  186,     53,  57,  21,  17,   2.79294E-02,   1.80910E+04,   5.05271E+02
  187,     53,  58,  18,  13,   3.38499E-02,   1.58317E+04,   5.35902E+02
  188,     53,  58,  13,  8,   2.26353E-02,   2.26103E+04,   5.11791E+02
  189,     53,  59,  11,  5,   2.78493E-02,   1.90004E+04,   5.29147E+02
  190,     52,  53,  51,  50,   2.83924E+01,   3.77416E+01,   1.07157E+03
  191,     52,  53,  50,  49,   6.10244E+00,   1.51136E+02,   9.22300E+02
  192,     52,  53,  49,  48,   2.13197E+00,   3.77119E+02,   8.04006E+02
  193,     52,  53,  48,  47,   9.54436E-01,   7.54492E+02,   7.20114E+02
  194,     52,  53,  47,  46,   2.45200E-01,   1.32219E+03,   3.24200E+02
  195,     52,  53,  46,  45,   3.76698E-01,   2.11200E+03,   7.95586E+02
  196,     52,  53,  45,  44,   1.33233E-01,   3.16864E+03,   4.22167E+02
  197,     52,  53,  44,  43,   9.42898E-02,   4.53307E+03,   4.27422E+02
  198,     52,  54,  44,  42,   2.82526E-01,   1.50898E+03,   4.26327E+02
  199,     52,  54,  42,  40,   1.63757E-01,   2.64030E+03,   4.32367E+02
  200,     52,  54,  40,  38,   1.10012E-01,   4.22145E+03,   4.64410E+02
  201,     52,  54,  38,  36,   7.46303E-02,   6.33727E+03,   4.72952E+02
  202,     52,  54,  36,  34,   5.90355E-02,   9.05237E+03,   5.34411E+02
  203,     52,  55,  34,  31,   8.03295E-02,   6.33345E+03,   5.08763E+02
  204,     52,  55,  31,  28,   4.74987E-02,   9.50018E+03,   4.51246E+02
  205,     52,  55,  28,  25,   3.07734E-02,   1.35717E+04,   4.17647E+02
  206,     52,  56,  28,  24,   5.14108E-02,   8.44545E+03,   4.34187E+02
  207,     52,  56,  24,  20,   4.45487E-02,   1.26688E+04,   5.64379E+02
  208,     52,  56,  20,  16,   2.74163E-02,   1.81047E+04,   4.96365E+02
  209,     52,  57,  17,  12,   3.06639E-02,   1.58374E+04,   4.85638E+02
  210,     52,  57,  12,  7,   2.23371E-02,   2.26240E+04,   5.05356E+02
  211,     52,  58,  10,  4,   2.72825E-02,   1.90004E+04,   5.18377E+02
  212,     51,  52,  50,  49,   3.25904E+01,   3.77416E+01,   1.23001E+03
  213,     51,  52,  49,  48,   6.03535E+00,   1.50627E+02,   9.09086E+02
  214,     51,  52,  48,  47,   2.22474E+00,   3.76737E+02,   8.38141E+02
  215,     51,  52,  47,  46,   7.89918E-01,   7.54492E+02,   5.95987E+02
  216,     51,  52,  46,  45,   2.48124E-01,   1.31811E+03,   3.27055E+02
  217,     51,  52,  45,  44,   3.35292E-01,   2.10945E+03,   7.07283E+02
  218,     51,  52,  44,  43,   1.32921E-01,   3.16864E+03,   4.21178E+02
  219,     51,  52,  43,  42,   8.68220E-02,   4.51932E+03,   3.92376E+02
  220,     51,  53,  43,  41,   2.64123E-01,   1.50746E+03,   3.98154E+02
  221,     51,  53,  41,  39,   1.65569E-01,   2.64030E+03,   4.37151E+02
  222,     51,  53,  39,  37,   1.07036E-01,   4.22400E+03,   4.52120E+02
  223,     51,  53,  37,  35,   7.59017E-02,   6.33154E+03,   4.80575E+02
  224,     51,  53,  35,  33,   5.40453E-02,   9.05237E+03,   4.89238E+02
  225,     51,  54,  33,  30,   8.10408E-02,   6.33345E+03,   5.13268E+02
  226,     51,  54,  30,  27,   4.27062E-02,   9.50018E+03,   4.05716E+02
  227,     51,  54,  27,  24,   3.14016E-02,   1.35717E+04,   4.26172E+02
  228,     51,  55,  27,  23,   5.61689E-02,   8.44290E+03,   4.74229E+02
  229,     51,  55,  23,  19,   3.83145E-02,   1.26688E+04,   4.85399E+02
  230,     51,  55,  19,  15,   2.56840E-02,   1.80910E+04,   4.64649E+02
  231,     51,  56,  16,  11,   2.82814E-02,   1.58317E+04,   4.47743E+02
  232,     51,  56,  11,  6,   2.13449E-02,   2.26240E+04,   4.82908E+02
  233,     51,  57,  9,  3,   2.72835E-02,   1.90004E+04,   5.18396E+02
  234,     50,  51,  49,  48,   2.60792E+01,   3.76144E+01,   9.80953E+02
  235,     50,  51,  48,  47,   5.43997E+00,   1.50627E+02,   8.19406E+02
  236,     50,  51,  47,  46,   1.55118E+00,   3.77119E+02,   5.84979E+02
  237,     50,  51,  46,  45,   6.28012E-01,   7.52965E+02,   4.72871E+02
  238,     50,  51,  45,  44,   2.03822E-01,   1.31811E+03,   2.68660E+02
  239,     50,  51,  44,  43,   2.36711E-01,   2.11200E+03,   4.99934E+02
  240,     50,  51,  43,  42,   1.01014E-01,   3.16291E+03,   3.19498E+02
  241,     50,  51,  42,  41,   7.10739E-02,   4.51932E+03,   3.21205E+02
  242,     50,  52,  42,  40,   2.37972E-01,   1.50746E+03,   3.58732E+02
  243,     50,  52,  40,  38,   1.50735E-01,   2.63623E+03,   3.97371E+02
  244,     50,  52,  38,  36,   9.68624E-02,   4.22145E+03,   4.08900E+02
  245,     50,  52,  36,  34,   7.46612E-02,   6.33154E+03,   4.72721E+02
  246,     50,  52,  34,  32,   4.77969E-02,   9.03863E+03,   4.32019E+02
  247,     50,  53,  32,  29,   7.03605E-02,   6.33345E+03,   4.45625E+02
  248,     50,  53,  29,  26,   3.70233E-02,   9.50018E+03,   3.51728E+02
  249,     50,  53,  26,  23,   3.44764E-02,   1.35717E+04,   4.67903E+02
  250,     50,  54,  26,  22,   5.95121E-02,   8.44545E+03,   5.02606E+02
  251,     50,  54,  22,  18,   3.17637E-02,   1.26631E+04,   4.02226E+02
  252,     50,  54,  18,  14,   2.44197E-02,   1.80910E+04,   4.41777E+02
  253,     50,  55,  15,  10,   2.69293E-02,   1.58317E+04,   4.26337E+02
  254,     50,  55,  10,  5,   1.95159E-02,   2.26103E+04,   4.41261E+02
  255,     50,  56,  8,  2,   2.63180E-02,   1.90004E+04,   5.00051E+02
  256,     49,  50,  48,  47,   3.70037E+01,   3.77416E+01,   1.39658E+03
  257,     49,  50,  47,  46,   6.07736E+00,   1.51136E+02,   9.18509E+02
  258,     49,  50,  46,  45,   1.93509E+00,   3.77119E+02,   7.29758E+02
  259,     49,  50,  45,  44,   6.86918E-01,   7.54492E+02,   5.18274E+02
  260,     49,  50,  44,  43,   2.31855E-01,   1.32219E+03,   3.06556E+02
  261,     49,  50,  43,  42,   2.85318E-01,   2.11200E+03,   6.02592E+02
  262,     49,  50,  42,  41,   1.19573E-01,   3.16864E+03,   3.78883E+02
  263,     49,  50,  41,  40,   8.72093E-02,   4.53307E+03,   3.95326E+02
  264,     49,  51,  41,  39,   2.50916E-01,   1.50898E+03,   3.78628E+02
  265,     49,  51,  39,  37,   1.50949E-01,   2.64030E+03,   3.98550E+02
  266,     49,  51,  37,  35,   9.97042E-02,   4.22145E+03,   4.20897E+02
  267,     49,  51,  35,  33,   6.79016E-02,   6.33727E+03,   4.30311E+02
  268,     49,  51,  33,  31,   4.91152E-02,   9.05237E+03,   4.44609E+02
  269,     49,  52,  31,  28,   6.06553E-02,   6.33345E+03,   3.84157E+02
  270,     49,  52,  28,  25,   3.72737E-02,   9.50018E+03,   3.54107E+02
  271,     49,  52,  25,  22,   3.47560E-02,   1.35717E+04,   4.71697E+02
  272,     49,  53,  25,  21,   5.53386E-02,   8.44545E+03,   4.67359E+02
  273,     49,  53,  21,  17,   3.16469E-02,   1.26688E+04,   4.00929E+02
  274,     49,  53,  17,  13,   2.13461E-02,   1.81047E+04,   3.86466E+02
  275,     49,  54,  14,  9,   2.57171E-02,   1.58374E+04,   4.07293E+02
  276,     49,  54,  9,  4,   1.88288E-02,   2.26240E+04,   4.25984E+02
  277,     49,  55,  7,  1,   2.46788E-02,   1.90004E+04,   4.68906E+02
  278,     48,  49,  47,  46,   3.46072E+01,   3.77416E+01,   1.30613E+03
  279,     48,  49,  46,  45,   6.78734E+00,   1.50627E+02,   1.02236E+03
  280,     48,  49,  45,  44,   1.83269E+00,   3.76737E+02,   6.90442E+02
  281,     48,  49,  44,  43,   6.79957E-01,   7.54492E+02,   5.13022E+02
  282,     48,  49,  43,  42,   1.85478E-01,   1.31811E+03,   2.44481E+02
  283,     48,  49,  42,  41,   3.07694E-01,   2.10945E+03,   6.49067E+02
  284,     48,  49,  41,  40,   1.19004E-01,   3.16864E+03,   3.77080E+02
  285,     48,  49,  40,  39,   8.97034E-02,   4.51932E+03,   4.05398E+02
  286,     48,  50,  40,  38,   2.70660E-01,   1.50746E+03,   4.08008E+02
  287,     48,  50,  38,  36,   1.57234E-01,   2.64030E+03,   4.15144E+02
  288,     48,  50,  36,  34,   1.12358E-01,   4.22400E+03,   4.74600E+02
  289,     48,  50,  34,  32,   6.80839E-02,   6.33154E+03,   4.31076E+02
  290,     48,  50,  32,  30,   4.72548E-02,   9.05237E+03,   4.27768E+02
  291,     48,  51,  30,  27,   5.29234E-02,   6.33345E+03,   3.35188E+02
  292,     48,  51,  27,  24,   3.74505E-02,   9.50018E+03,   3.55786E+02
  293,     48,  51,  24,  21,   3.42883E-02,   1.35717E+04,   4.65350E+02
  294,     48,  52,  24,  20,   5.42960E-02,   8.44290E+03,   4.58416E+02
  295,     48,  52,  20,  16,   3.08836E-02,   1.26688E+04,   3.91258E+02
  296,     48,  52,  16,  12,   1.97530E-02,   1.80910E+04,   3.57351E+02
  297,     48,  53,  13,  8,   2.42351E-02,   1.58317E+04,   3.83683E+02
  298,     48,  53,  8,  3,   1.85181E-02,   2.26240E+04,   4.18954E+02
  299,     48,  54,  6,  0,   2.43974E-02,   1.90004E+04,   4.63559E+02
  300,     47,  48,  46,  45,   4.23277E+01,   3.76144E+01,   1.59213E+03
  301,     47,  48,  45,  44,   7.44763E+00,   1.50627E+02,   1.12181E+03
  302,     47,  48,  44,  43,   2.09371E+00,   3.77119E+02,   7.89577E+02
  303,     47,  48,  43,  42,   7.79404E-01,   7.52965E+02,   5.86864E+02
  304,     47,  48,  42,  41,   1.91602E-01,   1.31811E+03,   2.52553E+02
  305,     47,  48,  41,  40,   3.78759E-01,   2.11200E+03,   7.99939E+02
  306,     47,  48,  40,  39,   1.48487E-01,   3.16291E+03,   4.69651E+02
  307,     47,  48,  39,  38,   9.99060E-02,   4.51932E+03,   4.51507E+02
  308,     47,  49,  39,  37,   2.88083E-01,   1.50746E+03,   4.34272E+02
  309,     47,  49,  37,  35,   1.73485E-01,   2.63623E+03,   4.57346E+02
  310,     47,  49,  35,  33,   1.09826E-01,   4.22145E+03,   4.63625E+02
  311,     47,  49,  33,  31,   7.46354E-02,   6.33154E+03,   4.72557E+02
  312,     47,  49,  31,  29,   4.36110E-02,   9.03863E+03,   3.94184E+02
  313,     47,  50,  29,  26,   5.13951E-02,   6.33345E+03,   3.25508E+02
  314,     47,  50,  26,  23,   4.50839E-02,   9.50018E+03,   4.28305E+02
  315,     47,  50,  23,  20,   2.97197E-02,   1.35717E+04,   4.03346E+02
  316,     47,  51,  23,  19,   4.69384E-02,   8.44545E+03,   3.96416E+02
  317,     47,  51,  19,  15,   2.95880E-02,   1.26631E+04,   3.74675E+02
  318,     47,  51,  15,  11,   1.92295E-02,   1.80910E+04,   3.47881E+02
  319,     47,  52,  12,  7,   2.35129E-02,   1.58317E+04,   3.72250E+02
  320,     47,  52,  7,  2,   1.79449E-02,   2.26103E+04,   4.05740E+02
  321,     46,  47,  45,  44,   3.80804E+01,   3.77416E+01,   1.43721E+03
  322,     46,  47,  44,  43,   6.76850E+00,   1.51136E+02,   1.02297E+03
  323,     46,  47,  43,  42,   1.95633E+00,   3.77119E+02,   7.37768E+02
  324,     46,  47,  42,  41,   7.22030E-01,   7.54492E+02,   5.44766E+02
  325,     46,  47,  41,  40,   2.45501E-01,   1.32219E+03,   3.24598E+02
  326,     46,  47,  40,  39,   3.14589E-01,   2.11200E+03,   6.64412E+02
  327,     46,  47,  39,  38,   1.32839E-01,   3.16864E+03,   4.20918E+02
  328,     46,  47,  38,  37,   9.12254E-02,   4.53307E+03,   4.13531E+02
  329,     46,  48,  38,  36,   2.81530E-01,   1.50898E+03,   4.24824E+02
  330,     46,  48,  36,  34,   1.84205E-01,   2.64030E+03,   4.86356E+02
  331,     46,  48,  34,  32,   1.01430E-01,   4.22145E+03,   4.28182E+02
  332,     46,  48,  32,  30,   6.69656E-02,   6.33727E+03,   4.24379E+02
  333,     46,  48,  30,  28,   3.76459E-02,   9.05237E+03,   3.40785E+02
  334,     46,  49,  28,  25,   5.08173E-02,   6.33345E+03,   3.21849E+02
  335,     46,  49,  25,  22,   4.43708E-02,   9.50018E+03,   4.21530E+02
  336,     46,  49,  22,  19,   2.39373E-02,   1.35717E+04,   3.24869E+02
  337,     46,  50,  22,  18,   3.91844E-02,   8.44545E+03,   3.30930E+02
  338,     46,  50,  18,  14,   2.76876E-02,   1.26688E+04,   3.50769E+02
  339,     46,  50,  14,  10,   1.84457E-02,   1.81047E+04,   3.33955E+02
  340,     46,  51,  11,  6,   2.23618E-02,   1.58374E+04,   3.54154E+02
  341,     46,  51,  6,  1,   1.70212E-02,   2.26240E+04,   3.85088E+02
  342,     45,  46,  44,  43,   4.82802E+01,   3.77416E+01,   1.82217E+03
  343,     45,  46,  43,  42,   8.77579E+00,   1.50627E+02,   1.32187E+03
  344,     45,  46,  42,  41,   2.45714E+00,   3.76737E+02,   9.25695E+02
  345,     45,  46,  41,  40,   9.03480E-01,   7.54492E+02,   6.81668E+02
  346,     45,  46,  40,  39,   1.82202E-01,   1.31811E+03,   2.40163E+02
  347,     45,  46,  39,  38,   5.68158E-01,   2.10945E+03,   1.19850E+03
  348,     45,  46,  38,  37,   1.66081E-01,   3.16864E+03,   5.26250E+02
  349,     45,  46,  37,  36,   1.09426E-01,   4.51932E+03,   4.94531E+02
  350,     45,  47,  37,  35,   3.16558E-01,   1.50746E+03,   4.77197E+02
  351,     45,  47,  35,  33,   1.79875E-01,   2.64030E+03,   4.74923E+02
  352,     45,  47,  33,  31,   1.09995E-01,   4.22400E+03,   4.64619E+02
  353,     45,  47,  31,  29,   5.94460E-02,   6.33154E+03,   3.76385E+02
  354,     45,  47,  29,  27,   3.31911E-02,   9.05237E+03,   3.00458E+02
  355,     45,  48,  27,  24,   5.25062E-02,   6.33345E+03,   3.32545E+02
  356,     45,  48,  24,  21,   4.42747E-02,   9.50018E+03,   4.20617E+02
  357,     45,  48,  21,  18,   2.24154E-02,   1.35717E+04,   3.04215E+02
  358,     45,  49,  21,  17,   3.92747E-02,   8.44290E+03,   3.31593E+02
  359,     45,  49,  17,  13,   2.48500E-02,   1.26688E+04,   3.14820E+02
  360,     45,  49,  13,  9,   1.74309E-02,   1.80910E+04,   3.15342E+02
  361,     45,  50,  10,  5,   2.08296E-02,   1.58317E+04,   3.29768E+02
  362,     45,  50,  5,  0,   1.74077E-02,   2.26240E+04,   3.93833E+02
  363,     44,  45,  43,  42,   4.38445E+01,   3.76144E+01,   1.64918E+03
  364,     44,  45,  42,  41,   7.49710E+00,   1.50627E+02,   1.12927E+03
  365,     44,  45,  41,  40,   2.15001E+00,   3.77119E+02,   8.10809E+02
  366,     44,  45,  40,  39,   9.91793E-01,   7.52965E+02,   7.46786E+02
  367,     44,  45,  39,  38,   1.39811E-01,   1.31811E+03,   1.84287E+02
  368,     44,  45,  38,  37,   5.69839E-01,   2.11200E+03,   1.20350E+03
  369,     44,  45,  37,  36,   1.61607E-01,   3.16291E+03,   5.11149E+02
  370,     44,  45,  36,  35,   1.27958E-01,   4.51932E+03,   5.78283E+02
  371,     44,  46,  36,  34,   3.73491E-01,   1.50746E+03,   5.63021E+02
  372,     44,  46,  34,  32,   1.82501E-01,   2.63623E+03,   4.81114E+02
  373,     44,  46,  32,  30,   1.07117E-01,   4.22145E+03,   4.52189E+02
  374,     44,  46,  30,  28,   5.49832E-02,   6.33154E+03,   3.48129E+02
  375,     44,  46,  28,  26,   3.14264E-02,   9.03863E+03,   2.84052E+02
  376,     44,  47,  26,  23,   5.80390E-02,   6.33345E+03,   3.67587E+02
  377,     44,  47,  23,  20,   3.50537E-02,   9.50018E+03,   3.33016E+02
  378,     44,  47,  20,  17,   2.26806E-02,   1.35717E+04,   3.07814E+02
  379,     44,  48,  20,  16,   3.84461E-02,   8.44545E+03,   3.24695E+02
  380,     44,  48,  16,  12,   2.28213E-02,   1.26631E+04,   2.88988E+02
  381,     44,  48,  12,  8,   1.63110E-02,   1.80910E+04,   2.95082E+02
  382,     44,  49,  9,  4,   2.02806E-02,   1.58317E+04,   3.21077E+02
  383,     43,  44,  42,  41,   4.16206E+01,   3.77416E+01,   1.57083E+03
  384,     43,  44,  41,  40,   6.32291E+00,   1.51136E+02,   9.55621E+02
  385,     43,  44,  40,  39,   2.42941E+00,   3.77119E+02,   9.16176E+02
  386,     43,  44,  39,  38,   9.34296E-01,   7.54492E+02,   7.04919E+02
  387,     43,  44,  38,  37,   2.53052E-01,   1.32219E+03,   3.34582E+02
  388,     43,  44,  37,  36,   4.70146E-01,   2.11200E+03,   9.92948E+02
  389,     43,  44,  36,  35,   2.05146E-01,   3.16864E+03,   6.50033E+02
  390,     43,  44,  35,  34,   1.38997E-01,   4.53307E+03,   6.30083E+02
  391,     43,  45,  35,  33,   3.64430E-01,   1.50898E+03,   5.49919E+02
  392,     43,  45,  33,  31,   1.98949E-01,   2.64030E+03,   5.25284E+02
  393,     43,  45,  31,  29,   9.42916E-02,   4.22145E+03,   3.98048E+02
  394,     43,  45,  29,  27,   4.87184E-02,   6.33727E+03,   3.08742E+02
  395,     43,  45,  27,  25,   3.58201E-02,   9.05237E+03,   3.24257E+02
  396,     43,  46,  25,  22,   6.18732E-02,   6.33345E+03,   3.91871E+02
  397,     43,  46,  22,  19,   3.14527E-02,   9.50018E+03,   2.98806E+02
  398,     43,  46,  19,  16,   2.36043E-02,   1.35717E+04,   3.20350E+02
  399,     43,  47,  19,  15,   3.66439E-02,   8.44545E+03,   3.09474E+02
  400,     43,  47,  15,  11,   2.19586E-02,   1.26688E+04,   2.78189E+02
  401,     43,  47,  11,  7,   1.62634E-02,   1.81047E+04,   2.94445E+02
  402,     43,  48,  8,  3,   2.03385E-02,   1.58374E+04,   3.22110E+02
  403,     42,  43,  41,  40,   3.15710E+01,   3.77416E+01,   1.19154E+03
  404,     42,  43,  40,  39,   7.42207E+00,   1.50627E+02,   1.11796E+03
  405,     42,  43,  39,  38,   2.14589E+00,   3.76737E+02,   8.08436E+02
  406,     42,  43,  38,  37,   8.45372E-01,   7.54492E+02,   6.37826E+02
  407,     42,  43,  37,  36,   2.44612E-01,   1.31811E+03,   3.22426E+02
  408,     42,  43,  36,  35,   4.92168E-01,   2.10945E+03,   1.03821E+03
  409,     42,  43,  35,  34,   1.99963E-01,   3.16864E+03,   6.33610E+02
  410,     42,  43,  34,  33,   1.13386E-01,   4.51932E+03,   5.12427E+02
  411,     42,  44,  34,  32,   3.50445E-01,   1.50746E+03,   5.28280E+02
  412,     42,  44,  32,  30,   1.83315E-01,   2.64030E+03,   4.84006E+02
  413,     42,  44,  30,  28,   8.18915E-02,   4.22400E+03,   3.45909E+02
  414,     42,  44,  28,  26,   4.43376E-02,   6.33154E+03,   2.80725E+02
  415,     42,  44,  26,  24,   3.74022E-02,   9.05237E+03,   3.38579E+02
  416,     42,  45,  24,  21,   6.16918E-02,   6.33345E+03,   3.90722E+02
  417,     42,  45,  21,  18,   2.91736E-02,   9.50018E+03,   2.77154E+02
  418,     42,  45,  18,  15,   2.26963E-02,   1.35717E+04,   3.08027E+02
  419,     42,  46,  18,  14,   3.60432E-02,   8.44290E+03,   3.04309E+02
  420,     42,  46,  14,  10,   2.23686E-02,   1.26688E+04,   2.83384E+02
  421,     42,  46,  10,  6,   1.57647E-02,   1.80910E+04,   2.85199E+02
  422,     42,  47,  7,  2,   1.92219E-02,   1.58317E+04,   3.04316E+02
  423,     41,  42,  40,  39,   4.08932E+01,   3.76144E+01,   1.53817E+03
  424,     41,  42,  39,  38,   6.90435E+00,   1.50627E+02,   1.03998E+03
  425,     41,  42,  38,  37,   1.99952E+00,   3.77119E+02,   7.54056E+02
  426,     41,  42,  37,  36,   8.46089E-01,   7.52965E+02,   6.37076E+02
  427,     41,  42,  36,  35,   3.85740E-01,   1.31811E+03,   5.08449E+02
  428,     41,  42,  35,  34,   4.86175E-01,   2.11200E+03,   1.02680E+03
  429,     41,  42,  34,  33,   1.78218E-01,   3.16291E+03,   5.63688E+02
  430,     41,  42,  33,  32,   1.34689E-01,   4.51932E+03,   6.08702E+02
  431,     41,  43,  33,  31,   3.74887E-01,   1.50746E+03,   5.65126E+02
  432,     41,  43,  31,  29,   1.54621E-01,   2.63623E+03,   4.07616E+02
  433,     41,  43,  29,  27,   7.03302E-02,   4.22145E+03,   2.96896E+02
  434,     41,  43,  27,  25,   4.76763E-02,   6.33154E+03,   3.01865E+02
  435,     41,  43,  25,  23,   3.89113E-02,   9.03863E+03,   3.51705E+02
  436,     41,  44,  23,  20,   5.12519E-02,   6.33345E+03,   3.24601E+02
  437,     41,  44,  20,  17,   3.10974E-02,   9.50018E+03,   2.95431E+02
  438,     41,  44,  17,  14,   1.97023E-02,   1.35717E+04,   2.67393E+02
  439,     41,  45,  17,  13,   3.20080E-02,   8.44545E+03,   2.70322E+02
  440,     41,  45,  13,  9,   2.10656E-02,   1.26631E+04,   2.66755E+02
  441,     41,  45,  9,  5,   1.54380E-02,   1.80910E+04,   2.79289E+02
  442,     41,  46,  6,  1,   1.94699E-02,   1.58317E+04,   3.08242E+02
  443,     40,  41,  39,  38,   3.69067E+01,   3.77416E+01,   1.39292E+03
  444,     40,  41,  38,  37,   6.11714E+00,   1.51136E+02,   9.24522E+02
  445,     40,  41,  37,  36,   1.96900E+00,   3.77119E+02,   7.42546E+02
  446,     40,  41,  36,  35,   1.11223E+00,   7.54492E+02,   8.39168E+02
  447,     40,  41,  35,  34,   4.54019E-01,   1.32219E+03,   6.00298E+02
  448,     40,  41,  34,  33,   4.47306E-01,   2.11200E+03,   9.44710E+02
  449,     40,  41,  33,  32,   2.22446E-01,   3.16864E+03,   7.04850E+02
  450,     40,  41,  32,  31,   1.42246E-01,   4.53307E+03,   6.44811E+02
  451,     40,  42,  32,  30,   3.65735E-01,   1.50898E+03,   5.51888E+02
  452,     40,  42,  30,  28,   1.39970E-01,   2.64030E+03,   3.69562E+02
  453,     40,  42,  28,  26,   6.62039E-02,   4.22145E+03,   2.79477E+02
  454,     40,  42,  26,  24,   5.30261E-02,   6.33727E+03,   3.36041E+02
  455,     40,  42,  24,  22,   4.62791E-02,   9.05237E+03,   4.18935E+02
  456,     40,  43,  22,  19,   4.34874E-02,   6.33345E+03,   2.75425E+02
  457,     40,  43,  19,  16,   3.12419E-02,   9.50018E+03,   2.96804E+02
  458,     40,  43,  16,  13,   1.85895E-02,   1.35717E+04,   2.52291E+02
  459,     40,  44,  16,  12,   3.09585E-02,   8.44545E+03,   2.61458E+02
  460,     40,  44,  12,  8,   2.11322E-02,   1.26688E+04,   2.67720E+02
  461,     40,  44,  8,  4,   1.56539E-02,   1.81047E+04,   2.83410E+02
  462,     40,  45,  5,  0,   2.06630E-02,   1.58374E+04,   3.27249E+02
  463,     39,  40,  38,  37,   3.06150E+01,   3.77416E+01,   1.15546E+03
  464,     39,  40,  37,  36,   5.59096E+00,   1.50627E+02,   8.42149E+02
  465,     39,  40,  36,  35,   2.54020E+00,   3.76737E+02,   9.56987E+02
  466,     39,  40,  35,  34,   1.17197E+00,   7.54492E+02,   8.84242E+02
  467,     39,  40,  34,  33,   3.70809E-01,   1.31811E+03,   4.88768E+02
  468,     39,  40,  33,  32,   5.48992E-01,   2.10945E+03,   1.15807E+03
  469,     39,  40,  32,  31,   2.29461E-01,   3.16864E+03,   7.27078E+02
  470,     39,  40,  31,  30,   1.23286E-01,   4.51932E+03,   5.57168E+02
  471,     39,  41,  31,  29,   3.23268E-01,   1.50746E+03,   4.87312E+02
  472,     39,  41,  29,  27,   1.25831E-01,   2.64030E+03,   3.32231E+02
  473,     39,  41,  27,  25,   7.66221E-02,   4.22400E+03,   3.23652E+02
  474,     39,  41,  25,  23,   5.95566E-02,   6.33154E+03,   3.77085E+02
  475,     39,  41,  23,  21,   3.93403E-02,   9.05237E+03,   3.56123E+02
  476,     39,  42,  21,  18,   4.23110E-02,   6.33345E+03,   2.67975E+02
  477,     39,  42,  18,  15,   3.11593E-02,   9.50018E+03,   2.96019E+02
  478,     39,  42,  15,  12,   1.91772E-02,   1.35717E+04,   2.60267E+02
  479,     39,  43,  15,  11,   3.08001E-02,   8.44290E+03,   2.60042E+02
  480,     39,  43,  11,  7,   2.13899E-02,   1.26688E+04,   2.70985E+02
  481,     39,  43,  7,  3,   1.53893E-02,   1.80910E+04,   2.78408E+02
  482,     38,  39,  37,  36,   2.96490E+01,   3.76144E+01,   1.11523E+03
  483,     38,  39,  36,  35,   7.54684E+00,   1.50627E+02,   1.13676E+03
  484,     38,  39,  35,  34,   2.69279E+00,   3.77119E+02,   1.01550E+03
  485,     38,  39,  34,  33,   1.10216E+00,   7.52965E+02,   8.29888E+02
  486,     38,  39,  33,  32,   3.55291E-01,   1.31811E+03,   4.68314E+02
  487,     38,  39,  32,  31,   7.24874E-01,   2.11200E+03,   1.53093E+03
  488,     38,  39,  31,  30,   2.01173E-01,   3.16291E+03,   6.36292E+02
  489,     38,  39,  30,  29,   1.09193E-01,   4.51932E+03,   4.93478E+02
  490,     38,  40,  30,  28,   2.85219E-01,   1.50746E+03,   4.29955E+02
  491,     38,  40,  28,  26,   1.14398E-01,   2.63623E+03,   3.01579E+02
  492,     38,  40,  26,  24,   8.33429E-02,   4.22145E+03,   3.51828E+02
  493,     38,  40,  24,  22,   6.73928E-02,   6.33154E+03,   4.26700E+02
  494,     38,  40,  22,  20,   3.10131E-02,   9.03863E+03,   2.80316E+02
  495,     38,  41,  20,  17,   4.63897E-02,   6.33345E+03,   2.93807E+02
  496,     38,  41,  17,  14,   2.79575E-02,   9.50018E+03,   2.65601E+02
  497,     38,  41,  14,  11,   1.93758E-02,   1.35717E+04,   2.62962E+02
  498,     38,  42,  14,  10,   3.14156E-02,   8.44545E+03,   2.65319E+02
  499,     38,  42,  10,  6,   2.10809E-02,   1.26631E+04,   2.66949E+02
  500,     38,  42,  6,  2,   1.58374E-02,   1.80910E+04,   2.86514E+02
  501,     37,  38,  36,  35,   4.24601E+01,   3.77416E+01,   1.60251E+03
  502,     37,  38,  35,  34,   7.85526E+00,   1.51136E+02,   1.18721E+03
  503,     37,  38,  34,  33,   2.59148E+00,   3.77119E+02,   9.77295E+02
  504,     37,  38,  33,  32,   1.40339E+00,   7.54492E+02,   1.05885E+03
  505,     37,  38,  32,  31,   2.69711E-01,   1.32219E+03,   3.56608E+02
  506,     37,  38,  31,  30,   8.16428E-01,   2.11200E+03,   1.72430E+03
  507,     37,  38,  30,  29,   1.79430E-01,   3.16864E+03,   5.68548E+02
  508,     37,  38,  29,  28,   9.71550E-02,   4.53307E+03,   4.40410E+02
  509,     37,  39,  29,  27,   2.52782E-01,   1.50898E+03,   3.81444E+02
  510,     37,  39,  27,  25,   1.31542E-01,   2.64030E+03,   3.47310E+02
  511,     37,  39,  25,  23,   9.25395E-02,   4.22145E+03,   3.90651E+02
  512,     37,  39,  23,  21,   5.65087E-02,   6.33727E+03,   3.58111E+02
  513,     37,  39,  21,  19,   3.04459E-02,   9.05237E+03,   2.75608E+02
  514,     37,  40,  19,  16,   4.72243E-02,   6.33345E+03,   2.99093E+02
  515,     37,  40,  16,  13,   2.64648E-02,   9.50018E+03,   2.51420E+02
  516,     37,  40,  13,  10,   1.95223E-02,   1.35717E+04,   2.64950E+02
  517,     37,  41,  13,  9,   3.12206E-02,   8.44545E+03,   2.63672E+02
  518,     37,  41,  9,  5,   2.13894E-02,   1.26688E+04,   2.70978E+02
  519,     37,  41,  5,  1,   1.68177E-02,   1.81047E+04,   3.04480E+02
  520,     36,  37,  35,  34,   3.41563E+01,   3.77416E+01,   1.28911E+03
  521,     36,  37,  34,  33,   6.58037E+00,   1.50627E+02,   9.91181E+02
  522,     36,  37,  33,  32,   2.85394E+00,   3.76737E+02,   1.07518E+03
  523,     36,  37,  32,  31,   1.32024E+00,   7.54492E+02,   9.96110E+02
  524,     36,  37,  31,  30,   2.97713E-01,   1.31811E+03,   3.92419E+02
  525,     36,  37,  30,  29,   5.38794E-01,   2.10945E+03,   1.13656E+03
  526,     36,  37,  29,  28,   1.39096E-01,   3.16864E+03,   4.40745E+02
  527,     36,  37,  28,  27,   7.57013E-02,   4.51932E+03,   3.42118E+02
  528,     36,  38,  28,  26,   2.18441E-01,   1.50746E+03,   3.29290E+02
  529,     36,  38,  26,  24,   1.42850E-01,   2.64030E+03,   3.77166E+02
  530,     36,  38,  24,  22,   1.04678E-01,   4.22400E+03,   4.42160E+02
  531,     36,  38,  22,  20,   4.50503E-02,   6.33154E+03,   2.85238E+02
  532,     36,  38,  20,  18,   3.05649E-02,   9.05237E+03,   2.76685E+02
  533,     36,  39,  18,  15,   4.68946E-02,   6.33345E+03,   2.97005E+02
  534,     36,  39,  15,  12,   2.70807E-02,   9.50018E+03,   2.57271E+02
  535,     36,  39,  12,  9,   1.89779E-02,   1.35717E+04,   2.57562E+02
  536,     36,  40,  12,  8,   3.05025E-02,   8.44290E+03,   2.57530E+02
  537,     36,  40,  8,  4,   2.15553E-02,   1.26688E+04,   2.73080E+02
  538,     36,  40,  4,  0,   1.75997E-02,   1.80910E+04,   3.18396E+02
  539,     35,  36,  34,  33,   3.19448E+01,   3.76144E+01,   1.20158E+03
  540,     35,  36,  33,  32,   7.93482E+00,   1.50627E+02,   1.19520E+03
  541,     35,  36,  32,  31,   3.00330E+00,   3.77119E+02,   1.13260E+03
  542,     35,  36,  31,  30,   1.13693E+00,   7.52965E+02,   8.56069E+02
  543,     35,  36,  30,  29,   2.05482E-01,   1.31811E+03,   2.70848E+02
  544,     35,  36,  29,  28,   5.13137E-01,   2.11200E+03,   1.08375E+03
  545,     35,  36,  28,  27,   1.19034E-01,   3.16291E+03,   3.76494E+02
  546,     35,  36,  27,  26,   7.44040E-02,   4.51932E+03,   3.36255E+02
  547,     35,  37,  27,  25,   2.40615E-01,   1.50746E+03,   3.62716E+02
  548,     35,  37,  25,  23,   1.56809E-01,   2.63623E+03,   4.13384E+02
  549,     35,  37,  23,  21,   8.71872E-02,   4.22145E+03,   3.68057E+02
  550,     35,  37,  21,  19,   4.46907E-02,   6.33154E+03,   2.82961E+02
  551,     35,  37,  19,  17,   3.42368E-02,   9.03863E+03,   3.09454E+02
  552,     35,  38,  17,  14,   4.33740E-02,   6.33345E+03,   2.74707E+02
  553,     35,  38,  14,  11,   2.79442E-02,   9.50018E+03,   2.65475E+02
  554,     35,  38,  11,  8,   1.95538E-02,   1.35717E+04,   2.65378E+02
  555,     35,  39,  11,  7,   3.21501E-02,   8.44545E+03,   2.71522E+02
  556,     35,  39,  7,  3,   2.18782E-02,   1.26631E+04,   2.77046E+02
  557,     34,  35,  33,  32,   3.82974E+01,   3.77416E+01,   1.44540E+03
  558,     34,  35,  32,  31,   8.58222E+00,   1.51136E+02,   1.29708E+03
  559,     34,  35,  31,  30,   2.70807E+00,   3.77119E+02,   1.02126E+03
  560,     34,  35,  30,  29,   1.00591E+00,   7.54492E+02,   7.58951E+02
  561,     34,  35,  29,  28,   1.33652E-01,   1.32219E+03,   1.76713E+02
  562,     34,  35,  28,  27,   4.86496E-01,   2.11200E+03,   1.02748E+03
  563,     34,  35,  27,  26,   1.16760E-01,   3.16864E+03,   3.69970E+02
  564,     34,  35,  26,  25,   1.05913E-01,   4.53307E+03,   4.80111E+02
  565,     34,  36,  26,  24,   2.82124E-01,   1.50898E+03,   4.25720E+02
  566,     34,  36,  24,  22,   1.88030E-01,   2.64030E+03,   4.96455E+02
  567,     34,  36,  22,  20,   7.33085E-02,   4.22145E+03,   3.09468E+02
  568,     34,  36,  20,  18,   4.74624E-02,   6.33727E+03,   3.00782E+02
  569,     34,  36,  18,  16,   3.83079E-02,   9.05237E+03,   3.46777E+02
  570,     34,  37,  16,  13,   4.16925E-02,   6.33345E+03,   2.64057E+02
  571,     34,  37,  13,  10,   2.93357E-02,   9.50018E+03,   2.78694E+02
  572,     34,  37,  10,  7,   2.03250E-02,   1.35717E+04,   2.75844E+02
  573,     34,  38,  10,  6,   3.25848E-02,   8.44545E+03,   2.75193E+02
  574,     34,  38,  6,  2,   2.32618E-02,   1.26688E+04,   2.94699E+02
  575,     33,  34,  32,  31,   3.06917E+01,   3.77416E+01,   1.15835E+03
  576,     33,  34,  31,  30,   5.57527E+00,   1.50627E+02,   8.39786E+02
  577,     33,  34,  30,  29,   1.77954E+00,   3.76737E+02,   6.70418E+02
  578,     33,  34,  29,  28,   6.51715E-01,   7.54492E+02,   4.91714E+02
  579,     33,  34,  28,  27,   1.22119E-01,   1.31811E+03,   1.60967E+02
  580,     33,  34,  27,  26,   2.99050E-01,   2.10945E+03,   6.30833E+02
  581,     33,  34,  26,  25,   1.29912E-01,   3.16864E+03,   4.11644E+02
  582,     33,  34,  25,  24,   7.71218E-02,   4.51932E+03,   3.48538E+02
  583,     33,  35,  25,  23,   2.81795E-01,   1.50746E+03,   4.24794E+02
  584,     33,  35,  23,  21,   1.40823E-01,   2.64030E+03,   3.71814E+02
  585,     33,  35,  21,  19,   6.60604E-02,   4.22400E+03,   2.79039E+02
  586,     33,  35,  19,  17,   4.80322E-02,   6.33154E+03,   3.04118E+02
  587,     33,  35,  17,  15,   3.00191E-02,   9.05237E+03,   2.71744E+02
  588,     33,  36,  15,  12,   4.15528E-02,   6.33345E+03,   2.63173E+02
  589,     33,  36,  12,  9,   2.76315E-02,   9.50018E+03,   2.62504E+02
  590,     33,  36,  9,  6,   2.04332E-02,   1.35717E+04,   2.77313E+02
  591,     33,  37,  9,  5,   3.21279E-02,   8.44290E+03,   2.71253E+02
  592,     33,  37,  5,  1,   2.37388E-02,   1.26688E+04,   3.00742E+02
  593,     32,  33,  31,  30,   2.82199E+01,   3.76144E+01,   1.06147E+03
  594,     32,  33,  30,  29,   5.21130E+00,   1.50627E+02,   7.84962E+02
  595,     32,  33,  29,  28,   1.56605E+00,   3.77119E+02,   5.90587E+02
  596,     32,  33,  28,  27,   5.72462E-01,   7.52965E+02,   4.31044E+02
  597,     32,  33,  27,  26,   1.76971E-01,   1.31811E+03,   2.33268E+02
  598,     32,  33,  26,  25,   3.34841E-01,   2.11200E+03,   7.07184E+02
  599,     32,  33,  25,  24,   1.32818E-01,   3.16291E+03,   4.20092E+02
  600,     32,  33,  24,  23,   1.26665E-01,   4.51932E+03,   5.72439E+02
  601,     32,  34,  24,  22,   3.23660E-01,   1.50746E+03,   4.87903E+02
  602,     32,  34,  22,  20,   1.12088E-01,   2.63623E+03,   2.95489E+02
  603,     32,  34,  20,  18,   6.67424E-02,   4.22145E+03,   2.81750E+02
  604,     32,  34,  18,  16,   5.08003E-02,   6.33154E+03,   3.21644E+02
  605,     32,  34,  16,  14,   2.72923E-02,   9.03863E+03,   2.46685E+02
  606,     32,  35,  14,  11,   4.16490E-02,   6.33345E+03,   2.63782E+02
  607,     32,  35,  11,  8,   2.77499E-02,   9.50018E+03,   2.63629E+02
  608,     32,  35,  8,  5,   2.03417E-02,   1.35717E+04,   2.76071E+02
  609,     32,  36,  8,  4,   3.29427E-02,   8.44545E+03,   2.78216E+02
  610,     32,  36,  4,  0,   2.57314E-02,   1.26631E+04,   3.25839E+02
  611,     31,  32,  30,  29,   2.38875E+01,   3.77416E+01,   9.01552E+02
  612,     31,  32,  29,  28,   4.41358E+00,   1.51136E+02,   6.67052E+02
  613,     31,  32,  28,  27,   1.29953E+00,   3.77119E+02,   4.90077E+02
  614,     31,  32,  27,  26,   5.60187E-01,   7.54492E+02,   4.22656E+02
  615,     31,  32,  26,  25,   3.87876E-01,   1.32219E+03,   5.12845E+02
  616,     31,  32,  25,  24,   2.58467E-01,   2.11200E+03,   5.45882E+02
  617,     31,  32,  24,  23,   2.11006E-01,   3.16864E+03,   6.68601E+02
  618,     31,  32,  23,  22,   1.19297E-01,   4.53307E+03,   5.40781E+02
  619,     31,  33,  23,  21,   2.93383E-01,   1.50898E+03,   4.42710E+02
  620,     31,  33,  21,  19,   1.22231E-01,   2.64030E+03,   3.22726E+02
  621,     31,  33,  19,  17,   8.06615E-02,   4.22145E+03,   3.40509E+02
  622,     31,  33,  17,  15,   4.70720E-02,   6.33727E+03,   2.98308E+02
  623,     31,  33,  15,  13,   3.13164E-02,   9.05237E+03,   2.83488E+02
  624,     31,  34,  13,  10,   4.31678E-02,   6.33345E+03,   2.73401E+02
  625,     31,  34,  10,  7,   2.89400E-02,   9.50018E+03,   2.74935E+02
  626,     31,  34,  7,  4,   1.97790E-02,   1.35717E+04,   2.68434E+02
  627,     31,  35,  7,  3,   3.36847E-02,   8.44545E+03,   2.84482E+02
  628,     30,  31,  29,  28,   1.67942E+01,   3.77416E+01,   6.33839E+02
  629,     30,  31,  28,  27,   3.07161E+00,   1.50627E+02,   4.62667E+02
  630,     30,  31,  27,  26,   1.08454E+00,   3.76737E+02,   4.08586E+02
  631,     30,  31,  26,  25,   7.31747E-01,   7.54492E+02,   5.52097E+02
  632,     30,  31,  25,  24,   3.66913E-01,   1.31811E+03,   4.83633E+02
  633,     30,  31,  24,  23,   3.27837E-01,   2.10945E+03,   6.91557E+02
  634,     30,  31,  23,  22,   1.69613E-01,   3.16864E+03,   5.37442E+02
  635,     30,  31,  22,  21,   8.09325E-02,   4.51932E+03,   3.65760E+02
  636,     30,  32,  22,  20,   2.31591E-01,   1.50746E+03,   3.49113E+02
  637,     30,  32,  20,  18,   1.24665E-01,   2.64030E+03,   3.29152E+02
  638,     30,  32,  18,  16,   8.57160E-02,   4.22400E+03,   3.62064E+02
  639,     30,  32,  16,  14,   4.33129E-02,   6.33154E+03,   2.74238E+02
  640,     30,  32,  14,  12,   3.19547E-02,   9.05237E+03,   2.89266E+02
  641,     30,  33,  12,  9,   4.37952E-02,   6.33345E+03,   2.77375E+02
  642,     30,  33,  9,  6,   3.06382E-02,   9.50018E+03,   2.91068E+02
  643,     30,  33,  6,  3,   2.15092E-02,   1.35717E+04,   2.91916E+02
  644,     30,  34,  6,  2,   3.42349E-02,   8.44290E+03,   2.89042E+02
  645,     29,  30,  28,  27,   9.89550E+00,   3.76144E+01,   3.72213E+02
  646,     29,  30,  27,  26,   2.38184E+00,   1.50627E+02,   3.58769E+02
  647,     29,  30,  26,  25,   1.39654E+00,   3.77119E+02,   5.26661E+02
  648,     29,  30,  25,  24,   6.61919E-01,   7.52965E+02,   4.98402E+02
  649,     29,  30,  24,  23,   5.03590E-01,   1.31811E+03,   6.63788E+02
  650,     29,  30,  23,  22,   2.93625E-01,   2.11200E+03,   6.20136E+02
  651,     29,  30,  22,  21,   1.16914E-01,   3.16291E+03,   3.69789E+02
  652,     29,  30,  21,  20,   7.23241E-02,   4.51932E+03,   3.26855E+02
  653,     29,  31,  21,  19,   2.19162E-01,   1.50746E+03,   3.30377E+02
  654,     29,  31,  19,  17,   1.30039E-01,   2.63623E+03,   3.42812E+02
  655,     29,  31,  17,  15,   6.85258E-02,   4.22145E+03,   2.89278E+02
  656,     29,  31,  15,  13,   4.31907E-02,   6.33154E+03,   2.73464E+02
  657,     29,  31,  13,  11,   2.99446E-02,   9.03863E+03,   2.70658E+02
  658,     29,  32,  11,  8,   4.31238E-02,   6.33345E+03,   2.73122E+02
  659,     29,  32,  8,  5,   2.98551E-02,   9.50018E+03,   2.83629E+02
  660,     29,  32,  5,  2,   2.25431E-02,   1.35717E+04,   3.05948E+02
  661,     29,  33,  5,  1,   3.65465E-02,   8.44545E+03,   3.08652E+02
  662,     28,  29,  27,  26,   7.08428E+00,   3.77416E+01,   2.67372E+02
  663,     28,  29,  26,  25,   2.89216E+00,   1.51136E+02,   4.37110E+02
  664,     28,  29,  25,  24,   1.21571E+00,   3.77119E+02,   4.58467E+02
  665,     28,  29,  24,  23,   8.93043E-01,   7.54492E+02,   6.73794E+02
  666,     28,  29,  23,  22,   2.57100E-01,   1.32219E+03,   3.39934E+02
  667,     28,  29,  22,  21,   3.13606E-01,   2.11200E+03,   6.62336E+02
  668,     28,  29,  21,  20,   1.00731E-01,   3.16864E+03,   3.19180E+02
  669,     28,  29,  20,  19,   7.36282E-02,   4.53307E+03,   3.33762E+02
  670,     28,  30,  20,  18,   2.12331E-01,   1.50898E+03,   3.20404E+02
  671,     28,  30,  18,  16,   1.30740E-01,   2.64030E+03,   3.45192E+02
  672,     28,  30,  16,  14,   6.02286E-02,   4.22145E+03,   2.54252E+02
  673,     28,  30,  14,  12,   4.17568E-02,   6.33727E+03,   2.64624E+02
  674,     28,  30,  12,  10,   2.89149E-02,   9.05237E+03,   2.61748E+02
  675,     28,  31,  10,  7,   4.07218E-02,   6.33345E+03,   2.57910E+02
  676,     28,  31,  7,  4,   2.70620E-02,   9.50018E+03,   2.57094E+02
  677,     28,  31,  4,  1,   2.15469E-02,   1.35717E+04,   2.92428E+02
  678,     28,  32,  4,  0,   3.70290E-02,   8.44545E+03,   3.12727E+02
  679,     27,  28,  26,  25,   8.79268E+00,   3.77416E+01,   3.31849E+02
  680,     27,  28,  25,  24,   2.54118E+00,   1.50627E+02,   3.82770E+02
  681,     27,  28,  24,  23,   1.74784E+00,   3.76737E+02,   6.58476E+02
  682,     27,  28,  23,  22,   6.85082E-01,   7.54492E+02,   5.16889E+02
  683,     27,  28,  22,  21,   9.80398E-02,   1.31811E+03,   1.29228E+02
  684,     27,  28,  21,  20,   3.19806E-01,   2.10945E+03,   6.74616E+02
  685,     27,  28,  20,  19,   1.07180E-01,   3.16864E+03,   3.39614E+02
  686,     27,  28,  19,  18,   6.78824E-02,   4.51932E+03,   3.06782E+02
  687,     27,  29,  19,  17,   2.20046E-01,   1.50746E+03,   3.31710E+02
  688,     27,  29,  17,  15,   1.04101E-01,   2.64030E+03,   2.74857E+02
  689,     27,  29,  15,  13,   5.97977E-02,   4.22400E+03,   2.52585E+02
  690,     27,  29,  13,  11,   3.92570E-02,   6.33154E+03,   2.48557E+02
  691,     27,  29,  11,  9,   2.71704E-02,   9.05237E+03,   2.45956E+02
  692,     27,  30,  9,  6,   4.00146E-02,   6.33345E+03,   2.53430E+02
  693,     27,  30,  6,  3,   2.61179E-02,   9.50018E+03,   2.48125E+02
  694,     27,  30,  3,  0,   2.11287E-02,   1.35717E+04,   2.86752E+02
  695,     26,  27,  25,  24,   8.51856E+00,   3.76144E+01,   3.20420E+02
  696,     26,  27,  24,  23,   3.76990E+00,   1.50627E+02,   5.67848E+02
  697,     26,  27,  23,  22,   1.38552E+00,   3.77119E+02,   5.22505E+02
  698,     26,  27,  22,  21,   4.72214E-01,   7.52965E+02,   3.55561E+02
  699,     26,  27,  20,  19,   3.79685E-01,   2.11200E+03,   8.01895E+02
  700,     26,  27,  19,  18,   1.03746E-01,   3.16291E+03,   3.28139E+02
  701,     26,  27,  18,  17,   8.84052E-02,   4.51932E+03,   3.99531E+02
  702,     26,  27,  21,  20,   6.38813E-02,   1.31811E+03,   8.42028E+01
  703,     26,  28,  18,  16,   2.34054E-01,   1.50746E+03,   3.52826E+02
  704,     26,  28,  16,  14,   9.64497E-02,   2.63623E+03,   2.54263E+02
  705,     26,  28,  14,  12,   6.11518E-02,   4.22145E+03,   2.58149E+02
  706,     26,  28,  12,  10,   3.98833E-02,   6.33154E+03,   2.52523E+02
  707,     26,  28,  10,  8,   2.58941E-02,   9.03863E+03,   2.34047E+02
  708,     26,  29,  8,  5,   3.89861E-02,   6.33345E+03,   2.46917E+02
  709,     26,  29,  5,  2,   2.69907E-02,   9.50018E+03,   2.56416E+02
  710,     25,  26,  24,  23,   1.67956E+01,   3.77416E+01,   6.33892E+02
  711,     25,  26,  23,  22,   3.93603E+00,   1.51136E+02,   5.94877E+02
  712,     25,  26,  22,  21,   1.17817E+00,   3.77119E+02,   4.44310E+02
  713,     25,  26,  21,  20,   5.67485E-01,   7.54492E+02,   4.28163E+02
  714,     25,  26,  20,  19,   2.37236E-01,   1.32219E+03,   3.13670E+02
  715,     25,  26,  19,  18,   3.31717E-01,   2.11200E+03,   7.00586E+02
  716,     25,  26,  18,  17,   1.69616E-01,   3.16864E+03,   5.37451E+02
  717,     25,  26,  17,  16,   9.37500E-02,   4.53307E+03,   4.24975E+02
  718,     25,  27,  17,  15,   2.30507E-01,   1.50898E+03,   3.47831E+02
  719,     25,  27,  15,  13,   1.20047E-01,   2.64030E+03,   3.16960E+02
  720,     25,  27,  13,  11,   7.20498E-02,   4.22145E+03,   3.04155E+02
  721,     25,  27,  11,  9,   4.71842E-02,   6.33727E+03,   2.99019E+02
  722,     25,  27,  9,  7,   3.35480E-02,   9.05237E+03,   3.03689E+02
  723,     25,  28,  7,  4,   4.16027E-02,   6.33345E+03,   2.63489E+02
  724,     25,  28,  4,  1,   3.09103E-02,   9.50018E+03,   2.93653E+02
  725,     24,  25,  23,  22,   1.11676E+01,   3.77416E+01,   4.21483E+02
  726,     24,  25,  22,  21,   2.19845E+00,   1.50627E+02,   3.31146E+02
  727,     24,  25,  21,  20,   9.13035E-01,   3.76737E+02,   3.43974E+02
  728,     24,  25,  20,  19,   5.31806E-01,   7.54492E+02,   4.01243E+02
  729,     24,  25,  19,  18,   2.15799E-01,   1.31811E+03,   2.84447E+02
  730,     24,  25,  18,  17,   2.88455E-01,   2.10945E+03,   6.08483E+02
  731,     24,  25,  17,  16,   1.14386E-01,   3.16864E+03,   3.62448E+02
  732,     24,  25,  16,  15,   6.52320E-02,   4.51932E+03,   2.94804E+02
  733,     24,  26,  16,  14,   2.13195E-01,   1.50746E+03,   3.21382E+02
  734,     24,  26,  14,  12,   1.23952E-01,   2.64030E+03,   3.27270E+02
  735,     24,  26,  12,  10,   7.43755E-02,   4.22400E+03,   3.14162E+02
  736,     24,  26,  10,  8,   4.60745E-02,   6.33154E+03,   2.91723E+02
  737,     24,  26,  8,  6,   3.48140E-02,   9.05237E+03,   3.15149E+02
  738,     24,  27,  6,  3,   4.40071E-02,   6.33345E+03,   2.78717E+02
  739,     24,  27,  3,  0,   3.26938E-02,   9.50018E+03,   3.10597E+02
  740,     23,  24,  22,  21,   1.45624E+01,   3.76144E+01,   5.47756E+02
  741,     23,  24,  21,  20,   3.87921E+00,   1.50627E+02,   5.84313E+02
  742,     23,  24,  20,  19,   2.00283E+00,   3.77119E+02,   7.55304E+02
  743,     23,  24,  19,  18,   9.35157E-01,   7.52965E+02,   7.04141E+02
  744,     23,  24,  18,  17,   4.28887E-01,   1.31811E+03,   5.65321E+02
  745,     23,  24,  17,  16,   5.35372E-01,   2.11200E+03,   1.13071E+03
  746,     23,  24,  16,  15,   1.69178E-01,   3.16291E+03,   5.35095E+02
  747,     23,  24,  15,  14,   1.22778E-01,   4.51932E+03,   5.54873E+02
  748,     23,  25,  15,  13,   2.95345E-01,   1.50746E+03,   4.45220E+02
  749,     23,  25,  13,  11,   1.60030E-01,   2.63623E+03,   4.21875E+02
  750,     23,  25,  11,  9,   9.53733E-02,   4.22145E+03,   4.02614E+02
  751,     23,  25,  9,  7,   6.40765E-02,   6.33154E+03,   4.05703E+02
  752,     23,  25,  7,  5,   3.95353E-02,   9.03863E+03,   3.57345E+02
  753,     23,  26,  5,  2,   5.81647E-02,   6.33345E+03,   3.68383E+02
  754,     22,  23,  21,  20,   1.31056E+01,   3.77416E+01,   4.94626E+02
  755,     22,  23,  20,  19,   4.77626E+00,   1.51136E+02,   7.21866E+02
  756,     22,  23,  19,  18,   2.07477E+00,   3.77119E+02,   7.82434E+02
  757,     22,  23,  18,  17,   1.30047E+00,   7.54492E+02,   9.81194E+02
  758,     22,  23,  17,  16,   2.83145E-01,   1.32219E+03,   3.74371E+02
  759,     22,  23,  16,  15,   5.90093E-01,   2.11200E+03,   1.24628E+03
  760,     22,  23,  15,  14,   2.04505E-01,   3.16864E+03,   6.48002E+02
  761,     22,  23,  14,  13,   1.40413E-01,   4.53307E+03,   6.36502E+02
  762,     22,  24,  14,  12,   3.94026E-01,   1.50898E+03,   5.94578E+02
  763,     22,  24,  12,  10,   2.13369E-01,   2.64030E+03,   5.63357E+02
  764,     22,  24,  10,  8,   1.18608E-01,   4.22145E+03,   5.00698E+02
  765,     22,  24,  8,  6,   8.40657E-02,   6.33727E+03,   5.32747E+02
  766,     22,  24,  6,  4,   5.06893E-02,   9.05237E+03,   4.58858E+02
  767,     22,  25,  4,  1,   6.94621E-02,   6.33345E+03,   4.39935E+02
  768,     21,  22,  20,  19,   1.21473E+01,   3.77416E+01,   4.58458E+02
  769,     21,  22,  19,  18,   3.39929E+00,   1.50627E+02,   5.12025E+02
  770,     21,  22,  18,  17,   1.98238E+00,   3.76737E+02,   7.46836E+02
  771,     21,  22,  17,  16,   7.77106E-01,   7.54492E+02,   5.86320E+02
  772,     21,  22,  16,  15,   1.71175E-01,   1.31811E+03,   2.25628E+02
  773,     21,  22,  15,  14,   4.39087E-01,   2.10945E+03,   9.26234E+02
  774,     21,  22,  14,  13,   1.62261E-01,   3.16864E+03,   5.14146E+02
  775,     21,  22,  13,  12,   1.13441E-01,   4.51932E+03,   5.12676E+02
  776,     21,  23,  13,  11,   3.60388E-01,   1.50746E+03,   5.43269E+02
  777,     21,  23,  11,  9,   1.96316E-01,   2.64030E+03,   5.18332E+02
  778,     21,  23,  9,  7,   1.20394E-01,   4.22400E+03,   5.08544E+02
  779,     21,  23,  7,  5,   6.97173E-02,   6.33154E+03,   4.41418E+02
  780,     21,  23,  5,  3,   5.05887E-02,   9.05237E+03,   4.57948E+02
  781,     21,  24,  3,  0,   7.48064E-02,   6.33345E+03,   4.73783E+02
  782,     20,  21,  19,  18,   9.51800E+00,   3.76144E+01,   3.58014E+02
  783,     20,  21,  18,  17,   3.52661E+00,   1.50627E+02,   5.31202E+02
  784,     20,  21,  17,  16,   1.25238E+00,   3.77119E+02,   4.72296E+02
  785,     20,  21,  16,  15,   5.38351E-01,   7.52965E+02,   4.05360E+02
  786,     20,  21,  15,  14,   1.75711E-01,   1.31811E+03,   2.31607E+02
  787,     20,  21,  14,  13,   3.80979E-01,   2.11200E+03,   8.04628E+02
  788,     20,  21,  13,  12,   1.47120E-01,   3.16291E+03,   4.65328E+02
  789,     20,  21,  12,  11,   9.73818E-02,   4.51932E+03,   4.40099E+02
  790,     20,  22,  12,  10,   3.10154E-01,   1.50746E+03,   4.67543E+02
  791,     20,  22,  10,  8,   1.59645E-01,   2.63623E+03,   4.20860E+02
  792,     20,  22,  8,  6,   1.04328E-01,   4.22145E+03,   4.40416E+02
  793,     20,  22,  6,  4,   5.94718E-02,   6.33154E+03,   3.76548E+02
  794,     20,  22,  4,  2,   4.46862E-02,   9.03863E+03,   4.03902E+02
  795,     19,  20,  18,  17,   1.07297E+01,   3.77416E+01,   4.04956E+02
  796,     19,  20,  17,  16,   2.60551E+00,   1.51136E+02,   3.93787E+02
  797,     19,  20,  16,  15,   9.77850E-01,   3.77119E+02,   3.68765E+02
  798,     19,  20,  15,  14,   5.65629E-01,   7.54492E+02,   4.26762E+02
  799,     19,  20,  14,  13,   2.41966E-01,   1.32219E+03,   3.19924E+02
  800,     19,  20,  13,  12,   3.24049E-01,   2.11200E+03,   6.84391E+02
  801,     19,  20,  12,  11,   1.42596E-01,   3.16864E+03,   4.51835E+02
  802,     19,  20,  11,  10,   1.08078E-01,   4.53307E+03,   4.89925E+02
  803,     19,  21,  11,  9,   3.00082E-01,   1.50898E+03,   4.52819E+02
  804,     19,  21,  9,  7,   1.71920E-01,   2.64030E+03,   4.53920E+02
  805,     19,  21,  7,  5,   9.15940E-02,   4.22145E+03,   3.86660E+02
  806,     19,  21,  5,  3,   6.33555E-02,   6.33727E+03,   4.01501E+02
  807,     19,  21,  3,  1,   4.34306E-02,   9.05237E+03,   3.93150E+02
  808,     18,  19,  17,  16,   7.77629E+00,   3.77416E+01,   2.93489E+02
  809,     18,  19,  16,  15,   1.92329E+00,   1.50627E+02,   2.89699E+02
  810,     18,  19,  15,  14,   9.67088E-01,   3.76737E+02,   3.64338E+02
  811,     18,  19,  14,  13,   5.37815E-01,   7.54492E+02,   4.05777E+02
  812,     18,  19,  13,  12,   2.54371E-01,   1.31811E+03,   3.35290E+02
  813,     18,  19,  12,  11,   2.74375E-01,   2.10945E+03,   5.78782E+02
  814,     18,  19,  11,  10,   1.47296E-01,   3.16864E+03,   4.66727E+02
  815,     18,  19,  10,  9,   9.00716E-02,   4.51932E+03,   4.07062E+02
  816,     18,  20,  10,  8,   2.80558E-01,   1.50746E+03,   4.22929E+02
  817,     18,  20,  8,  6,   1.71164E-01,   2.64030E+03,   4.51924E+02
  818,     18,  20,  6,  4,   9.03551E-02,   4.22400E+03,   3.81660E+02
  819,     18,  20,  4,  2,   6.50338E-02,   6.33154E+03,   4.11764E+02
  820,     18,  20,  2,  0,   4.61509E-02,   9.05237E+03,   4.17775E+02
  821,     17,  18,  16,  15,   8.37240E+00,   3.76144E+01,   3.14923E+02
  822,     17,  18,  15,  14,   2.79498E+00,   1.50627E+02,   4.20999E+02
  823,     17,  18,  14,  13,   1.36425E+00,   3.77119E+02,   5.14484E+02
  824,     17,  18,  13,  12,   7.50799E-01,   7.52965E+02,   5.65326E+02
  825,     17,  18,  12,  11,   2.91485E-01,   1.31811E+03,   3.84210E+02
  826,     17,  18,  11,  10,   4.50793E-01,   2.11200E+03,   9.52075E+02
  827,     17,  18,  10,  9,   1.78233E-01,   3.16291E+03,   5.63735E+02
  828,     17,  18,  9,  8,   1.34518E-01,   4.51932E+03,   6.07929E+02
  829,     17,  19,  9,  7,   3.70616E-01,   1.50746E+03,   5.58687E+02
  830,     17,  19,  7,  5,   1.83500E-01,   2.63623E+03,   4.83747E+02
  831,     17,  19,  5,  3,   1.16698E-01,   4.22145E+03,   4.92635E+02
  832,     17,  19,  3,  1,   7.58889E-02,   6.33154E+03,   4.80494E+02
  833,     16,  17,  15,  14,   7.66502E+00,   3.77416E+01,   2.89290E+02
  834,     16,  17,  14,  13,   2.48971E+00,   1.51136E+02,   3.76285E+02
  835,     16,  17,  13,  12,   1.20641E+00,   3.77119E+02,   4.54960E+02
  836,     16,  17,  12,  11,   6.49498E-01,   7.54492E+02,   4.90041E+02
  837,     16,  17,  11,  10,   3.01735E-01,   1.32219E+03,   3.98950E+02
  838,     16,  17,  10,  9,   3.60084E-01,   2.11200E+03,   7.60497E+02
  839,     16,  17,  9,  8,   1.74358E-01,   3.16864E+03,   5.52477E+02
  840,     16,  17,  8,  7,   1.37061E-01,   4.53307E+03,   6.21307E+02
  841,     16,  18,  8,  6,   4.00333E-01,   1.50898E+03,   6.04096E+02
  842,     16,  18,  6,  4,   1.95263E-01,   2.64030E+03,   5.15552E+02
  843,     16,  18,  4,  2,   1.29372E-01,   4.22145E+03,   5.46138E+02
  844,     16,  18,  2,  0,   8.68967E-02,   6.33727E+03,   5.50688E+02
  845,     15,  16,  14,  13,   5.70547E+00,   3.77416E+01,   2.15333E+02
  846,     15,  16,  13,  12,   1.90659E+00,   1.50627E+02,   2.87184E+02
  847,     15,  16,  12,  11,   9.01092E-01,   3.76737E+02,   3.39475E+02
  848,     15,  16,  11,  10,   5.43620E-01,   7.54492E+02,   4.10157E+02
  849,     15,  16,  10,  9,   2.11083E-01,   1.31811E+03,   2.78231E+02
  850,     15,  16,  9,  8,   2.80896E-01,   2.10945E+03,   5.92537E+02
  851,     15,  16,  8,  7,   1.56031E-01,   3.16864E+03,   4.94406E+02
  852,     15,  16,  7,  6,   9.48318E-02,   4.51932E+03,   4.28575E+02
  853,     15,  17,  7,  5,   3.02120E-01,   1.50746E+03,   4.55433E+02
  854,     15,  17,  5,  3,   1.80510E-01,   2.64030E+03,   4.76600E+02
  855,     15,  17,  3,  1,   1.08508E-01,   4.22400E+03,   4.58338E+02
  856,     14,  15,  13,  12,   5.52423E+00,   3.76144E+01,   2.07790E+02
  857,     14,  15,  12,  11,   1.79776E+00,   1.50627E+02,   2.70791E+02
  858,     14,  15,  11,  10,   9.50088E-01,   3.77119E+02,   3.58296E+02
  859,     14,  15,  10,  9,   4.61608E-01,   7.52965E+02,   3.47575E+02
  860,     14,  15,  9,  8,   2.34349E-01,   1.31811E+03,   3.08898E+02
  861,     14,  15,  8,  7,   3.02701E-01,   2.11200E+03,   6.39304E+02
  862,     14,  15,  7,  6,   1.34365E-01,   3.16291E+03,   4.24985E+02
  863,     14,  15,  6,  5,   8.82631E-02,   4.51932E+03,   3.98889E+02
  864,     14,  16,  6,  4,   2.71833E-01,   1.50746E+03,   4.09776E+02
  865,     14,  16,  4,  2,   1.69750E-01,   2.63623E+03,   4.47499E+02
  866,     14,  16,  2,  0,   1.05725E-01,   4.22145E+03,   4.46313E+02
  867,     13,  14,  12,  11,   5.70785E+00,   3.77416E+01,   2.15423E+02
  868,     13,  14,  11,  10,   1.97931E+00,   1.51136E+02,   2.99145E+02
  869,     13,  14,  10,  9,   8.23320E-01,   3.77119E+02,   3.10489E+02
  870,     13,  14,  9,  8,   5.05127E-01,   7.54492E+02,   3.81114E+02
  871,     13,  14,  8,  7,   2.71757E-01,   1.32219E+03,   3.59314E+02
  872,     13,  14,  7,  6,   2.84022E-01,   2.11200E+03,   5.99854E+02
  873,     13,  14,  6,  5,   1.27322E-01,   3.16864E+03,   4.03437E+02
  874,     13,  14,  5,  4,   9.79994E-02,   4.53307E+03,   4.44238E+02
  875,     13,  15,  5,  3,   3.00939E-01,   1.50898E+03,   4.54112E+02
  876,     13,  15,  3,  1,   1.70370E-01,   2.64030E+03,   4.49827E+02
  877,     12,  13,  11,  10,   6.07137E+00,   3.77416E+01,   2.29143E+02
  878,     12,  13,  10,  9,   1.60104E+00,   1.50627E+02,   2.41160E+02
  879,     12,  13,  9,  8,   8.54563E-01,   3.76737E+02,   3.21945E+02
  880,     12,  13,  8,  7,   5.53855E-01,   7.54492E+02,   4.17879E+02
  881,     12,  13,  7,  6,   2.32038E-01,   1.31811E+03,   3.05852E+02
  882,     12,  13,  6,  5,   2.47654E-01,   2.10945E+03,   5.22415E+02
  883,     12,  13,  5,  4,   1.35813E-01,   3.16864E+03,   4.30342E+02
  884,     12,  13,  4,  3,   1.05678E-01,   4.51932E+03,   4.77592E+02
  885,     12,  14,  4,  2,   3.11681E-01,   1.50746E+03,   4.69845E+02
  886,     12,  14,  2,  0,   1.82920E-01,   2.64030E+03,   4.82963E+02
  887,     11,  12,  10,  9,   4.54372E+00,   3.76144E+01,   1.70909E+02
  888,     11,  12,  9,  8,   1.48054E+00,   1.50627E+02,   2.23009E+02
  889,     11,  12,  8,  7,   8.25334E-01,   3.77119E+02,   3.11249E+02
  890,     11,  12,  7,  6,   4.06646E-01,   7.52965E+02,   3.06190E+02
  891,     11,  12,  6,  5,   1.89750E-01,   1.31811E+03,   2.50112E+02
  892,     11,  12,  5,  4,   2.15815E-01,   2.11200E+03,   4.55801E+02
  893,     11,  12,  4,  3,   1.28207E-01,   3.16291E+03,   4.05507E+02
  894,     11,  12,  3,  2,   8.74299E-02,   4.51932E+03,   3.95123E+02
  895,     11,  13,  3,  1,   2.81295E-01,   1.50746E+03,   4.24040E+02
  896,     10,  11,  9,  8,   5.34105E+00,   3.77416E+01,   2.01580E+02
  897,     10,  11,  8,  7,   1.86299E+00,   1.51136E+02,   2.81565E+02
  898,     10,  11,  7,  6,   7.69549E-01,   3.77119E+02,   2.90211E+02
  899,     10,  11,  6,  5,   4.03310E-01,   7.54492E+02,   3.04294E+02
  900,     10,  11,  5,  4,   2.22646E-01,   1.32219E+03,   2.94380E+02
  901,     10,  11,  4,  3,   2.56071E-01,   2.11200E+03,   5.40822E+02
  902,     10,  11,  3,  2,   1.32216E-01,   3.16864E+03,   4.18944E+02
  903,     10,  11,  2,  1,   9.60375E-02,   4.53307E+03,   4.35345E+02
  904,     10,  12,  2,  0,   2.95837E-01,   1.50898E+03,   4.46413E+02
  905,     9,  10,  8,  7,   5.24726E+00,   3.77416E+01,   1.98040E+02
  906,     9,  10,  7,  6,   1.33018E+00,   1.50627E+02,   2.00361E+02
  907,     9,  10,  6,  5,   5.80960E-01,   3.76737E+02,   2.18869E+02
  908,     9,  10,  5,  4,   3.63987E-01,   7.54492E+02,   2.74625E+02
  909,     9,  10,  4,  3,   2.21368E-01,   1.31811E+03,   2.91788E+02
  910,     9,  10,  3,  2,   1.86606E-01,   2.10945E+03,   3.93637E+02
  911,     9,  10,  2,  1,   1.11113E-01,   3.16864E+03,   3.52077E+02
  912,     9,  10,  1,  0,   9.01945E-02,   4.51932E+03,   4.07617E+02
  913,     8,  9,  7,  6,   4.30290E+00,   3.76144E+01,   1.61851E+02
  914,     8,  9,  6,  5,   1.10858E+00,   1.50627E+02,   1.66982E+02
  915,     8,  9,  5,  4,   6.05632E-01,   3.77119E+02,   2.28395E+02
  916,     8,  9,  4,  3,   3.79821E-01,   7.52965E+02,   2.85992E+02
  917,     8,  9,  3,  2,   1.98370E-01,   1.31811E+03,   2.61474E+02
  918,     8,  9,  2,  1,   1.83362E-01,   2.11200E+03,   3.87261E+02
  919,     8,  9,  1,  0,   1.21171E-01,   3.16291E+03,   3.83253E+02
  920,     7,  8,  6,  5,   4.15210E+00,   3.77416E+01,   1.56707E+02
  921,     7,  8,  5,  4,   1.39602E+00,   1.51136E+02,   2.10989E+02
  922,     7,  8,  4,  3,   7.37753E-01,   3.77119E+02,   2.78220E+02
  923,     7,  8,  3,  2,   4.00083E-01,   7.54492E+02,   3.01859E+02
  924,     7,  8,  2,  1,   2.10898E-01,   1.32219E+03,   2.78847E+02
  925,     7,  8,  1,  0,   2.38774E-01,   2.11200E+03,   5.04291E+02
  926,     6,  7,  5,  4,   4.45874E+00,   3.77416E+01,   1.68280E+02
  927,     6,  7,  4,  3,   1.41375E+00,   1.50627E+02,   2.12949E+02
  928,     6,  7,  3,  2,   6.50217E-01,   3.76737E+02,   2.44961E+02
  929,     6,  7,  2,  1,   3.79948E-01,   7.54492E+02,   2.86668E+02
  930,     6,  7,  1,  0,   2.15155E-01,   1.31811E+03,   2.83599E+02
  931,     5,  6,  4,  3,   4.53980E+00,   3.76144E+01,   1.70762E+02
  932,     5,  6,  3,  2,   1.23305E+00,   1.50627E+02,   1.85731E+02
  933,     5,  6,  2,  1,   6.01100E-01,   3.77119E+02,   2.26686E+02
  934,     5,  6,  1,  0,   3.91204E-01,   7.52965E+02,   2.94563E+02
  935,     4,  5,  3,  2,   4.14627E+00,   3.77416E+01,   1.56487E+02
  936,     4,  5,  2,  1,   1.23464E+00,   1.51136E+02,   1.86599E+02
  937,     4,  5,  1,  0,   6.81599E-01,   3.77119E+02,   2.57044E+02
  938,     3,  4,  2,  1,   4.35325E+00,   3.77416E+01,   1.64298E+02
  939,     3,  4,  1,  0,   1.51930E+00,   1.50627E+02,   2.28847E+02
  940,     2,  3,  1,  0,   4.05453E+00,   3.76144E+01,   1.52509E+02


;------ MESH SIZE ------

Number of nodes           = 3432
Number of nodes in X      = 143
Number of nodes in Y      = 24
Number of elements        = 3266
Number of elements in X   = 142
Number of elements in Y   = 23
Number of parameters      = 2210
Number of parameters in X = 130
Number of parameters in Y = 17
Number of left elements   = 8
Number of right elements  = 8
Number of top elements    = 0
Number of bottom elements = 8

;------ NODE LOCATION IN X (m) ------

Node         X
  1,     -255.000
  2,     -127.000
  3,      -63.000
  4,      -31.000
  5,      -15.000
  6,       -7.000
  7,       -3.000
  8,       -1.000
  9,        0.000
  10,        1.000
  11,        2.001
  12,        3.000
  13,        3.999
  14,        5.000
  15,        6.000
  16,        7.000
  17,        8.001
  18,        9.000
  19,        9.999
  20,       11.000
  21,       12.000
  22,       13.000
  23,       14.001
  24,       15.000
  25,       15.999
  26,       17.000
  27,       18.000
  28,       19.001
  29,       20.001
  30,       21.000
  31,       21.999
  32,       22.999
  33,       24.000
  34,       25.001
  35,       26.001
  36,       27.000
  37,       27.999
  38,       28.999
  39,       30.000
  40,       31.000
  41,       32.001
  42,       33.000
  43,       33.999
  44,       34.999
  45,       36.000
  46,       37.001
  47,       38.001
  48,       39.000
  49,       39.999
  50,       40.999
  51,       42.000
  52,       43.001
  53,       44.001
  54,       45.000
  55,       45.999
  56,       46.999
  57,       48.000
  58,       49.001
  59,       50.001
  60,       51.000
  61,       51.999
  62,       52.999
  63,       54.000
  64,       55.001
  65,       56.001
  66,       57.000
  67,       57.999
  68,       58.999
  69,       60.000
  70,       61.001
  71,       62.001
  72,       63.000
  73,       63.999
  74,       64.999
  75,       66.000
  76,       67.001
  77,       68.001
  78,       69.000
  79,       69.999
  80,       70.999
  81,       72.000
  82,       73.001
  83,       74.001
  84,       75.000
  85,       75.999
  86,       76.999
  87,       78.000
  88,       79.001
  89,       80.001
  90,       81.000
  91,       81.999
  92,       82.999
  93,       84.000
  94,       85.001
  95,       86.001
  96,       87.000
  97,       87.999
  98,       88.999
  99,       90.000
  100,       91.001
  101,       92.001
  102,       93.000
  103,       93.999
  104,       94.999
  105,       96.000
  106,       97.001
  107,       98.001
  108,       99.000
  109,       99.999
  110,      100.999
  111,      102.000
  112,      103.001
  113,      104.001
  114,      105.000
  115,      105.999
  116,      106.999
  117,      108.000
  118,      109.001
  119,      110.001
  120,      111.000
  121,      111.999
  122,      112.999
  123,      114.000
  124,      115.001
  125,      116.001
  126,      117.000
  127,      117.999
  128,      118.999
  129,      120.000
  130,      121.001
  131,      122.001
  132,      123.000
  133,      123.999
  134,      124.999
  135,      126.000
  136,      127.000
  137,      129.000
  138,      133.000
  139,      141.000
  140,      157.000
  141,      189.000
  142,      253.000
  143,      381.000

;------ NODE LOCATION IN Y (m) ------

Node          Y
  1,        0.000
  2,       -0.931
  3,       -1.954
  4,       -3.080
  5,       -4.319
  6,       -5.682
  7,       -7.180
  8,       -8.829
  9,      -10.642
  10,      -12.637
  11,      -14.832
  12,      -17.245
  13,      -19.901
  14,      -22.821
  15,      -26.034
  16,      -29.568
  17,      -33.455
  18,      -41.230
  19,      -56.780
  20,      -87.879
  21,     -150.078
  22,     -274.475
  23,     -523.270
  24,    -1020.859


;------ TIMING ------

Processing started at 13:49:30
Processing ended at 13:49:35
Processing took 0 hours  0 minutes  5 seconds  195 ms

;------ CONVERGENCE ------
3
Iteration  Res-RMS(%)    L2-Norm
    0,     64.23,     4.30144E+05
    1,     32.40,     1.09516E+05
    2,     32.08,     1.07399E+05

;------ OUTPUT OF DATA AND MODEL OF ALL ITERATIONS ------

;------ Iteration  0
;-Index  V/I_Meas      V/I_Calc    VI_%ERR
  1,    2.07243E+01,   1.15812E+01,  -44.12
  2,    6.65948E+00,   2.89205E+00,  -56.57
  3,    2.56875E+00,   1.15513E+00,  -55.03
  4,    1.24840E+00,   5.78539E-01,  -53.66
  5,    9.38865E-02,   3.30488E-01,  252.01
  6,    7.94650E-01,   2.06260E-01,  -74.04
  7,    1.51760E-01,   1.37728E-01,  -9.25
  8,    9.01102E-02,   9.63907E-02,  6.97
  9,    2.51083E+01,   1.15422E+01,  -54.03
  10,    6.05705E+00,   2.88230E+00,  -52.41
  11,    2.62075E+00,   1.15513E+00,  -55.92
  12,    1.10857E+00,   5.77369E-01,  -47.92
  13,    7.01832E-01,   2.06260E-01,  -70.61
  14,    1.39745E-01,   1.37479E-01,  -1.62
  15,    8.66431E-02,   9.60983E-02,  10.91
  16,    3.66935E-02,   3.29469E-01,  797.90
  17,    2.42305E-01,   2.88685E-01,  19.14
  18,    1.08723E-01,   1.64989E-01,  51.75
  19,    6.45944E-02,   1.03192E-01,  59.75
  20,    3.79840E-02,   6.87394E-02,  80.97
  21,    2.77012E-02,   4.81222E-02,  73.72
  22,    2.10235E+01,   1.15422E+01,  -45.10
  23,    5.51175E+00,   2.89205E+00,  -47.53
  24,    2.10442E+00,   1.15630E+00,  -45.05
  25,    8.42778E-01,   5.77369E-01,  -31.49
  26,    7.01584E-01,   2.06508E-01,  -70.57
  27,    1.23720E-01,   1.37479E-01,  11.12
  28,    8.03241E-02,   9.63907E-02,  20.00
  29,    2.18757E-01,   2.88977E-01,  32.10
  30,    1.03491E-01,   1.64989E-01,  59.42
  31,    5.92737E-02,   1.03130E-01,  73.99
  32,    3.80062E-02,   6.88016E-02,  81.03
  33,    2.69831E-02,   4.81222E-02,  78.34
  34,    4.16334E-02,   6.87808E-02,  65.21
  35,    3.13011E-02,   4.58539E-02,  46.49
  36,    2.56430E-02,   3.20977E-02,  25.17
  37,    2.12077E+01,   1.15812E+01,  -45.39
  38,    5.34089E+00,   2.89205E+00,  -45.85
  39,    1.90316E+00,   1.15513E+00,  -39.30
  40,    7.61439E-01,   5.78539E-01,  -24.02
  41,    6.87240E-01,   2.06260E-01,  -69.99
  42,    1.40548E-01,   1.37728E-01,  -2.01
  43,    7.82689E-02,   9.63907E-02,  23.15
  44,    2.08930E-01,   2.88977E-01,  38.31
  45,    1.10353E-01,   1.65244E-01,  49.74
  46,    5.87669E-02,   1.03192E-01,  75.60
  47,    4.03443E-02,   6.88016E-02,  70.54
  48,    2.84742E-02,   4.81954E-02,  69.26
  49,    4.56410E-02,   6.87808E-02,  50.70
  50,    3.47810E-02,   4.58539E-02,  31.84
  51,    2.67499E-02,   3.20977E-02,  19.99
  52,    4.41874E-02,   5.15805E-02,  16.73
  53,    2.76329E-02,   3.44008E-02,  24.49
  54,    2.43151E-02,   2.40794E-02,  -0.97
  55,    2.33259E+01,   1.15422E+01,  -50.52
  56,    4.91551E+00,   2.88230E+00,  -41.36
  57,    1.71542E+00,   1.15513E+00,  -32.66
  58,    7.63683E-01,   5.77369E-01,  -24.40
  59,    6.25297E-01,   2.06260E-01,  -67.01
  60,    1.34355E-01,   1.37479E-01,  2.32
  61,    8.57191E-02,   9.60983E-02,  12.11
  62,    2.89493E-02,   3.29469E-01,  1038.09
  63,    2.31722E-01,   2.88685E-01,  24.58
  64,    1.18091E-01,   1.64989E-01,  39.71
  65,    6.76859E-02,   1.03192E-01,  52.46
  66,    4.56516E-02,   6.87394E-02,  50.57
  67,    3.30751E-02,   4.81222E-02,  45.49
  68,    5.05039E-02,   6.87808E-02,  36.19
  69,    3.83803E-02,   4.58539E-02,  19.47
  70,    2.78508E-02,   3.20977E-02,  15.25
  71,    4.45802E-02,   5.15805E-02,  15.70
  72,    2.72002E-02,   3.43852E-02,  26.42
  73,    2.78031E-02,   2.40611E-02,  -13.46
  74,    3.00666E-02,   2.75057E-02,  -8.52
  75,    2.17111E-02,   1.92547E-02,  -11.31
  76,    2.51867E+01,   1.15422E+01,  -54.17
  77,    4.91285E+00,   2.89205E+00,  -41.13
  78,    1.79343E+00,   1.15630E+00,  -35.53
  79,    8.39700E-01,   5.77369E-01,  -31.24
  80,    1.49670E-01,   3.30488E-01,  120.81
  81,    5.44582E-01,   2.06508E-01,  -62.08
  82,    1.47258E-01,   1.37479E-01,  -6.64
  83,    9.33280E-02,   9.63907E-02,  3.28
  84,    2.58679E-01,   2.88977E-01,  11.71
  85,    1.22031E-01,   1.64989E-01,  35.20
  86,    7.54422E-02,   1.03130E-01,  36.70
  87,    5.03819E-02,   6.88016E-02,  36.56
  88,    3.87900E-02,   4.81222E-02,  24.06
  89,    5.76154E-02,   6.87808E-02,  19.38
  90,    4.36995E-02,   4.58539E-02,  4.93
  91,    3.19190E-02,   3.20977E-02,  0.56
  92,    4.86561E-02,   5.15960E-02,  6.04
  93,    3.01298E-02,   3.43852E-02,  14.12
  94,    2.91209E-02,   2.40794E-02,  -17.31
  95,    3.00144E-02,   2.75157E-02,  -8.33
  96,    2.13417E-02,   1.92547E-02,  -9.78
  97,    2.58147E-02,   2.29269E-02,  -11.19
  98,    1.98618E-02,   1.60489E-02,  -19.20
  99,    2.75923E+01,   1.15812E+01,  -58.03
  100,    5.35987E+00,   2.89205E+00,  -46.04
  101,    2.08741E+00,   1.15513E+00,  -44.66
  102,    1.02678E+00,   5.78539E-01,  -43.65
  103,    1.87425E-01,   3.30488E-01,  76.33
  104,    5.75910E-01,   2.06260E-01,  -64.19
  105,    1.72181E-01,   1.37728E-01,  -20.01
  106,    1.17447E-01,   9.63907E-02,  -17.93
  107,    2.90909E-01,   2.88977E-01,  -0.66
  108,    1.47621E-01,   1.65244E-01,  11.94
  109,    8.99679E-02,   1.03192E-01,  14.70
  110,    6.19399E-02,   6.88016E-02,  11.08
  111,    4.74925E-02,   4.81954E-02,  1.48
  112,    6.89750E-02,   6.87808E-02,  -0.28
  113,    4.92579E-02,   4.58539E-02,  -6.91
  114,    3.40743E-02,   3.20977E-02,  -5.80
  115,    5.22244E-02,   5.15805E-02,  -1.23
  116,    3.38687E-02,   3.44008E-02,  1.57
  117,    3.23105E-02,   2.40794E-02,  -25.48
  118,    3.19228E-02,   2.75157E-02,  -13.81
  119,    2.16338E-02,   1.92664E-02,  -10.94
  120,    2.66745E-02,   2.29269E-02,  -14.05
  121,    2.14036E-02,   1.60489E-02,  -25.02
  122,    2.84921E+01,   1.15422E+01,  -59.49
  123,    5.72150E+00,   2.88230E+00,  -49.62
  124,    2.31320E+00,   1.15513E+00,  -50.06
  125,    9.68294E-01,   5.77369E-01,  -40.37
  126,    1.86464E-01,   3.29469E-01,  76.69
  127,    6.10218E-01,   2.06260E-01,  -66.20
  128,    1.88712E-01,   1.37479E-01,  -27.15
  129,    1.03236E-01,   9.60983E-02,  -6.91
  130,    2.96212E-01,   2.88685E-01,  -2.54
  131,    1.63627E-01,   1.64989E-01,  0.83
  132,    1.00222E-01,   1.03192E-01,  2.96
  133,    7.38560E-02,   6.87394E-02,  -6.93
  134,    5.39285E-02,   4.81222E-02,  -10.77
  135,    8.00984E-02,   6.87808E-02,  -14.13
  136,    5.42293E-02,   4.58539E-02,  -15.44
  137,    3.46281E-02,   3.20977E-02,  -7.31
  138,    5.20586E-02,   5.15805E-02,  -0.92
  139,    4.13181E-02,   3.43852E-02,  -16.78
  140,    3.06594E-02,   2.40611E-02,  -21.52
  141,    3.37121E-02,   2.75057E-02,  -18.41
  142,    2.32575E-02,   1.92547E-02,  -17.21
  143,    2.79093E-02,   2.29269E-02,  -17.85
  144,    2.16048E-02,   1.60489E-02,  -25.72
  145,    2.88518E+01,   1.15422E+01,  -59.99
  146,    6.07769E+00,   2.89205E+00,  -52.42
  147,    2.01531E+00,   1.15630E+00,  -42.62
  148,    9.22482E-01,   5.77369E-01,  -37.41
  149,    2.93652E-01,   3.30488E-01,  12.54
  150,    4.42888E-01,   2.06508E-01,  -53.37
  151,    1.43564E-01,   1.37479E-01,  -4.24
  152,    9.80310E-02,   9.63907E-02,  -1.67
  153,    2.89595E-01,   2.88977E-01,  -0.21
  154,    1.62090E-01,   1.64989E-01,  1.79
  155,    1.02372E-01,   1.03130E-01,  0.74
  156,    7.43722E-02,   6.88016E-02,  -7.49
  157,    5.26667E-02,   4.81222E-02,  -8.63
  158,    8.48895E-02,   6.87808E-02,  -18.98
  159,    5.70213E-02,   4.58539E-02,  -19.58
  160,    3.24661E-02,   3.20977E-02,  -1.13
  161,    5.09961E-02,   5.15960E-02,  1.18
  162,    4.73332E-02,   3.43852E-02,  -27.35
  163,    2.71496E-02,   2.40794E-02,  -11.31
  164,    3.33201E-02,   2.75157E-02,  -17.42
  165,    2.30520E-02,   1.92547E-02,  -16.47
  166,    2.80427E-02,   2.29269E-02,  -18.24
  167,    2.28094E-02,   1.60489E-02,  -29.64
  168,    3.29446E+01,   1.15812E+01,  -64.85
  169,    5.95258E+00,   2.89205E+00,  -51.42
  170,    2.26191E+00,   1.15513E+00,  -48.93
  171,    9.77684E-01,   5.78539E-01,  -40.83
  172,    3.24570E-01,   3.30488E-01,  1.82
  173,    4.23618E-01,   2.06260E-01,  -51.31
  174,    1.53060E-01,   1.37728E-01,  -10.02
  175,    9.56131E-02,   9.63907E-02,  0.81
  176,    2.82887E-01,   2.88977E-01,  2.15
  177,    1.58797E-01,   1.65244E-01,  4.06
  178,    1.07999E-01,   1.03192E-01,  -4.45
  179,    7.42793E-02,   6.88016E-02,  -7.37
  180,    5.51055E-02,   4.81954E-02,  -12.54
  181,    8.47283E-02,   6.87808E-02,  -18.82
  182,    5.42794E-02,   4.58539E-02,  -15.52
  183,    3.04051E-02,   3.20977E-02,  5.57
  184,    5.27314E-02,   5.15805E-02,  -2.18
  185,    4.60293E-02,   3.44008E-02,  -25.26
  186,    2.79294E-02,   2.40794E-02,  -13.78
  187,    3.38499E-02,   2.75157E-02,  -18.71
  188,    2.26353E-02,   1.92664E-02,  -14.88
  189,    2.78493E-02,   2.29269E-02,  -17.67
  190,    2.83924E+01,   1.15422E+01,  -59.35
  191,    6.10244E+00,   2.88230E+00,  -52.77
  192,    2.13197E+00,   1.15513E+00,  -45.82
  193,    9.54436E-01,   5.77369E-01,  -39.51
  194,    2.45200E-01,   3.29469E-01,  34.37
  195,    3.76698E-01,   2.06260E-01,  -45.25
  196,    1.33233E-01,   1.37479E-01,  3.19
  197,    9.42898E-02,   9.60983E-02,  1.92
  198,    2.82526E-01,   2.88685E-01,  2.18
  199,    1.63757E-01,   1.64989E-01,  0.75
  200,    1.10012E-01,   1.03192E-01,  -6.20
  201,    7.46303E-02,   6.87394E-02,  -7.89
  202,    5.90355E-02,   4.81222E-02,  -18.49
  203,    8.03295E-02,   6.87808E-02,  -14.38
  204,    4.74987E-02,   4.58539E-02,  -3.46
  205,    3.07734E-02,   3.20977E-02,  4.30
  206,    5.14108E-02,   5.15805E-02,  0.33
  207,    4.45487E-02,   3.43852E-02,  -22.81
  208,    2.74163E-02,   2.40611E-02,  -12.24
  209,    3.06639E-02,   2.75057E-02,  -10.30
  210,    2.23371E-02,   1.92547E-02,  -13.80
  211,    2.72825E-02,   2.29269E-02,  -15.96
  212,    3.25904E+01,   1.15422E+01,  -64.58
  213,    6.03535E+00,   2.89205E+00,  -52.08
  214,    2.22474E+00,   1.15630E+00,  -48.03
  215,    7.89918E-01,   5.77369E-01,  -26.91
  216,    2.48124E-01,   3.30488E-01,  33.19
  217,    3.35292E-01,   2.06508E-01,  -38.41
  218,    1.32921E-01,   1.37479E-01,  3.43
  219,    8.68220E-02,   9.63907E-02,  11.02
  220,    2.64123E-01,   2.88977E-01,  9.41
  221,    1.65569E-01,   1.64989E-01,  -0.35
  222,    1.07036E-01,   1.03130E-01,  -3.65
  223,    7.59017E-02,   6.88016E-02,  -9.35
  224,    5.40453E-02,   4.81222E-02,  -10.96
  225,    8.10408E-02,   6.87808E-02,  -15.13
  226,    4.27062E-02,   4.58539E-02,  7.37
  227,    3.14016E-02,   3.20977E-02,  2.22
  228,    5.61689E-02,   5.15960E-02,  -8.14
  229,    3.83145E-02,   3.43852E-02,  -10.26
  230,    2.56840E-02,   2.40794E-02,  -6.25
  231,    2.82814E-02,   2.75157E-02,  -2.71
  232,    2.13449E-02,   1.92547E-02,  -9.79
  233,    2.72835E-02,   2.29269E-02,  -15.97
  234,    2.60792E+01,   1.15812E+01,  -55.59
  235,    5.43997E+00,   2.89205E+00,  -46.84
  236,    1.55118E+00,   1.15513E+00,  -25.53
  237,    6.28012E-01,   5.78539E-01,  -7.88
  238,    2.03822E-01,   3.30488E-01,  62.15
  239,    2.36711E-01,   2.06260E-01,  -12.86
  240,    1.01014E-01,   1.37728E-01,  36.35
  241,    7.10739E-02,   9.63907E-02,  35.62
  242,    2.37972E-01,   2.88977E-01,  21.43
  243,    1.50735E-01,   1.65244E-01,  9.63
  244,    9.68624E-02,   1.03192E-01,  6.53
  245,    7.46612E-02,   6.88016E-02,  -7.85
  246,    4.77969E-02,   4.81954E-02,  0.83
  247,    7.03605E-02,   6.87808E-02,  -2.25
  248,    3.70233E-02,   4.58539E-02,  23.85
  249,    3.44764E-02,   3.20977E-02,  -6.90
  250,    5.95121E-02,   5.15805E-02,  -13.33
  251,    3.17637E-02,   3.44008E-02,  8.30
  252,    2.44197E-02,   2.40794E-02,  -1.39
  253,    2.69293E-02,   2.75157E-02,  2.18
  254,    1.95159E-02,   1.92664E-02,  -1.28
  255,    2.63180E-02,   2.29269E-02,  -12.88
  256,    3.70037E+01,   1.15422E+01,  -68.81
  257,    6.07736E+00,   2.88230E+00,  -52.57
  258,    1.93509E+00,   1.15513E+00,  -40.31
  259,    6.86918E-01,   5.77369E-01,  -15.95
  260,    2.31855E-01,   3.29469E-01,  42.10
  261,    2.85318E-01,   2.06260E-01,  -27.71
  262,    1.19573E-01,   1.37479E-01,  14.97
  263,    8.72093E-02,   9.60983E-02,  10.19
  264,    2.50916E-01,   2.88685E-01,  15.05
  265,    1.50949E-01,   1.64989E-01,  9.30
  266,    9.97042E-02,   1.03192E-01,  3.50
  267,    6.79016E-02,   6.87394E-02,  1.23
  268,    4.91152E-02,   4.81222E-02,  -2.02
  269,    6.06553E-02,   6.87808E-02,  13.40
  270,    3.72737E-02,   4.58539E-02,  23.02
  271,    3.47560E-02,   3.20977E-02,  -7.65
  272,    5.53386E-02,   5.15805E-02,  -6.79
  273,    3.16469E-02,   3.43852E-02,  8.65
  274,    2.13461E-02,   2.40611E-02,  12.72
  275,    2.57171E-02,   2.75057E-02,  6.95
  276,    1.88288E-02,   1.92547E-02,  2.26
  277,    2.46788E-02,   2.29269E-02,  -7.10
  278,    3.46072E+01,   1.15422E+01,  -66.65
  279,    6.78734E+00,   2.89205E+00,  -57.39
  280,    1.83269E+00,   1.15630E+00,  -36.91
  281,    6.79957E-01,   5.77369E-01,  -15.09
  282,    1.85478E-01,   3.30488E-01,  78.18
  283,    3.07694E-01,   2.06508E-01,  -32.89
  284,    1.19004E-01,   1.37479E-01,  15.52
  285,    8.97034E-02,   9.63907E-02,  7.45
  286,    2.70660E-01,   2.88977E-01,  6.77
  287,    1.57234E-01,   1.64989E-01,  4.93
  288,    1.12358E-01,   1.03130E-01,  -8.21
  289,    6.80839E-02,   6.88016E-02,  1.05
  290,    4.72548E-02,   4.81222E-02,  1.84
  291,    5.29234E-02,   6.87808E-02,  29.96
  292,    3.74505E-02,   4.58539E-02,  22.44
  293,    3.42883E-02,   3.20977E-02,  -6.39
  294,    5.42960E-02,   5.15960E-02,  -4.97
  295,    3.08836E-02,   3.43852E-02,  11.34
  296,    1.97530E-02,   2.40794E-02,  21.90
  297,    2.42351E-02,   2.75157E-02,  13.54
  298,    1.85181E-02,   1.92547E-02,  3.98
  299,    2.43974E-02,   2.29269E-02,  -6.03
  300,    4.23277E+01,   1.15812E+01,  -72.64
  301,    7.44763E+00,   2.89205E+00,  -61.17
  302,    2.09371E+00,   1.15513E+00,  -44.83
  303,    7.79404E-01,   5.78539E-01,  -25.77
  304,    1.91602E-01,   3.30488E-01,  72.49
  305,    3.78759E-01,   2.06260E-01,  -45.54
  306,    1.48487E-01,   1.37728E-01,  -7.25
  307,    9.99060E-02,   9.63907E-02,  -3.52
  308,    2.88083E-01,   2.88977E-01,  0.31
  309,    1.73485E-01,   1.65244E-01,  -4.75
  310,    1.09826E-01,   1.03192E-01,  -6.04
  311,    7.46354E-02,   6.88016E-02,  -7.82
  312,    4.36110E-02,   4.81954E-02,  10.51
  313,    5.13951E-02,   6.87808E-02,  33.83
  314,    4.50839E-02,   4.58539E-02,  1.71
  315,    2.97197E-02,   3.20977E-02,  8.00
  316,    4.69384E-02,   5.15805E-02,  9.89
  317,    2.95880E-02,   3.44008E-02,  16.27
  318,    1.92295E-02,   2.40794E-02,  25.22
  319,    2.35129E-02,   2.75157E-02,  17.02
  320,    1.79449E-02,   1.92664E-02,  7.36
  321,    3.80804E+01,   1.15422E+01,  -69.69
  322,    6.76850E+00,   2.88230E+00,  -57.42
  323,    1.95633E+00,   1.15513E+00,  -40.95
  324,    7.22030E-01,   5.77369E-01,  -20.04
  325,    2.45501E-01,   3.29469E-01,  34.20
  326,    3.14589E-01,   2.06260E-01,  -34.44
  327,    1.32839E-01,   1.37479E-01,  3.49
  328,    9.12254E-02,   9.60983E-02,  5.34
  329,    2.81530E-01,   2.88685E-01,  2.54
  330,    1.84205E-01,   1.64989E-01,  -10.43
  331,    1.01430E-01,   1.03192E-01,  1.74
  332,    6.69656E-02,   6.87394E-02,  2.65
  333,    3.76459E-02,   4.81222E-02,  27.83
  334,    5.08173E-02,   6.87808E-02,  35.35
  335,    4.43708E-02,   4.58539E-02,  3.34
  336,    2.39373E-02,   3.20977E-02,  34.09
  337,    3.91844E-02,   5.15805E-02,  31.64
  338,    2.76876E-02,   3.43852E-02,  24.19
  339,    1.84457E-02,   2.40611E-02,  30.44
  340,    2.23618E-02,   2.75057E-02,  23.00
  341,    1.70212E-02,   1.92547E-02,  13.12
  342,    4.82802E+01,   1.15422E+01,  -76.09
  343,    8.77579E+00,   2.89205E+00,  -67.05
  344,    2.45714E+00,   1.15630E+00,  -52.94
  345,    9.03480E-01,   5.77369E-01,  -36.09
  346,    1.82202E-01,   3.30488E-01,  81.39
  347,    5.68158E-01,   2.06508E-01,  -63.65
  348,    1.66081E-01,   1.37479E-01,  -17.22
  349,    1.09426E-01,   9.63907E-02,  -11.91
  350,    3.16558E-01,   2.88977E-01,  -8.71
  351,    1.79875E-01,   1.64989E-01,  -8.28
  352,    1.09995E-01,   1.03130E-01,  -6.24
  353,    5.94460E-02,   6.88016E-02,  15.74
  354,    3.31911E-02,   4.81222E-02,  44.99
  355,    5.25062E-02,   6.87808E-02,  31.00
  356,    4.42747E-02,   4.58539E-02,  3.57
  357,    2.24154E-02,   3.20977E-02,  43.19
  358,    3.92747E-02,   5.15960E-02,  31.37
  359,    2.48500E-02,   3.43852E-02,  38.37
  360,    1.74309E-02,   2.40794E-02,  38.14
  361,    2.08296E-02,   2.75157E-02,  32.10
  362,    1.74077E-02,   1.92547E-02,  10.61
  363,    4.38445E+01,   1.15812E+01,  -73.59
  364,    7.49710E+00,   2.89205E+00,  -61.42
  365,    2.15001E+00,   1.15513E+00,  -46.27
  366,    9.91793E-01,   5.78539E-01,  -41.67
  367,    1.39811E-01,   3.30488E-01,  136.38
  368,    5.69839E-01,   2.06260E-01,  -63.80
  369,    1.61607E-01,   1.37728E-01,  -14.78
  370,    1.27958E-01,   9.63907E-02,  -24.67
  371,    3.73491E-01,   2.88977E-01,  -22.63
  372,    1.82501E-01,   1.65244E-01,  -9.46
  373,    1.07117E-01,   1.03192E-01,  -3.66
  374,    5.49832E-02,   6.88016E-02,  25.13
  375,    3.14264E-02,   4.81954E-02,  53.36
  376,    5.80390E-02,   6.87808E-02,  18.51
  377,    3.50537E-02,   4.58539E-02,  30.81
  378,    2.26806E-02,   3.20977E-02,  41.52
  379,    3.84461E-02,   5.15805E-02,  34.16
  380,    2.28213E-02,   3.44008E-02,  50.74
  381,    1.63110E-02,   2.40794E-02,  47.63
  382,    2.02806E-02,   2.75157E-02,  35.67
  383,    4.16206E+01,   1.15422E+01,  -72.27
  384,    6.32291E+00,   2.88230E+00,  -54.41
  385,    2.42941E+00,   1.15513E+00,  -52.45
  386,    9.34296E-01,   5.77369E-01,  -38.20
  387,    2.53052E-01,   3.29469E-01,  30.20
  388,    4.70146E-01,   2.06260E-01,  -56.13
  389,    2.05146E-01,   1.37479E-01,  -32.98
  390,    1.38997E-01,   9.60983E-02,  -30.86
  391,    3.64430E-01,   2.88685E-01,  -20.78
  392,    1.98949E-01,   1.64989E-01,  -17.07
  393,    9.42916E-02,   1.03192E-01,  9.44
  394,    4.87184E-02,   6.87394E-02,  41.10
  395,    3.58201E-02,   4.81222E-02,  34.34
  396,    6.18732E-02,   6.87808E-02,  11.16
  397,    3.14527E-02,   4.58539E-02,  45.79
  398,    2.36043E-02,   3.20977E-02,  35.98
  399,    3.66439E-02,   5.15805E-02,  40.76
  400,    2.19586E-02,   3.43852E-02,  56.59
  401,    1.62634E-02,   2.40611E-02,  47.95
  402,    2.03385E-02,   2.75057E-02,  35.24
  403,    3.15710E+01,   1.15422E+01,  -63.44
  404,    7.42207E+00,   2.89205E+00,  -61.03
  405,    2.14589E+00,   1.15630E+00,  -46.12
  406,    8.45372E-01,   5.77369E-01,  -31.70
  407,    2.44612E-01,   3.30488E-01,  35.11
  408,    4.92168E-01,   2.06508E-01,  -58.04
  409,    1.99963E-01,   1.37479E-01,  -31.25
  410,    1.13386E-01,   9.63907E-02,  -14.99
  411,    3.50445E-01,   2.88977E-01,  -17.54
  412,    1.83315E-01,   1.64989E-01,  -10.00
  413,    8.18915E-02,   1.03130E-01,  25.93
  414,    4.43376E-02,   6.88016E-02,  55.18
  415,    3.74022E-02,   4.81222E-02,  28.66
  416,    6.16918E-02,   6.87808E-02,  11.49
  417,    2.91736E-02,   4.58539E-02,  57.18
  418,    2.26963E-02,   3.20977E-02,  41.42
  419,    3.60432E-02,   5.15960E-02,  43.15
  420,    2.23686E-02,   3.43852E-02,  53.72
  421,    1.57647E-02,   2.40794E-02,  52.74
  422,    1.92219E-02,   2.75157E-02,  43.15
  423,    4.08932E+01,   1.15812E+01,  -71.68
  424,    6.90435E+00,   2.89205E+00,  -58.11
  425,    1.99952E+00,   1.15513E+00,  -42.23
  426,    8.46089E-01,   5.78539E-01,  -31.62
  427,    3.85740E-01,   3.30488E-01,  -14.32
  428,    4.86175E-01,   2.06260E-01,  -57.58
  429,    1.78218E-01,   1.37728E-01,  -22.72
  430,    1.34689E-01,   9.63907E-02,  -28.43
  431,    3.74887E-01,   2.88977E-01,  -22.92
  432,    1.54621E-01,   1.65244E-01,  6.87
  433,    7.03302E-02,   1.03192E-01,  46.72
  434,    4.76763E-02,   6.88016E-02,  44.31
  435,    3.89113E-02,   4.81954E-02,  23.86
  436,    5.12519E-02,   6.87808E-02,  34.20
  437,    3.10974E-02,   4.58539E-02,  47.45
  438,    1.97023E-02,   3.20977E-02,  62.91
  439,    3.20080E-02,   5.15805E-02,  61.15
  440,    2.10656E-02,   3.44008E-02,  63.30
  441,    1.54380E-02,   2.40794E-02,  55.97
  442,    1.94699E-02,   2.75157E-02,  41.32
  443,    3.69067E+01,   1.15422E+01,  -68.73
  444,    6.11714E+00,   2.88230E+00,  -52.88
  445,    1.96900E+00,   1.15513E+00,  -41.33
  446,    1.11223E+00,   5.77369E-01,  -48.09
  447,    4.54019E-01,   3.29469E-01,  -27.43
  448,    4.47306E-01,   2.06260E-01,  -53.89
  449,    2.22446E-01,   1.37479E-01,  -38.20
  450,    1.42246E-01,   9.60983E-02,  -32.44
  451,    3.65735E-01,   2.88685E-01,  -21.07
  452,    1.39970E-01,   1.64989E-01,  17.87
  453,    6.62039E-02,   1.03192E-01,  55.87
  454,    5.30261E-02,   6.87394E-02,  29.63
  455,    4.62791E-02,   4.81222E-02,  3.98
  456,    4.34874E-02,   6.87808E-02,  58.16
  457,    3.12419E-02,   4.58539E-02,  46.77
  458,    1.85895E-02,   3.20977E-02,  72.67
  459,    3.09585E-02,   5.15805E-02,  66.61
  460,    2.11322E-02,   3.43852E-02,  62.71
  461,    1.56539E-02,   2.40611E-02,  53.71
  462,    2.06630E-02,   2.75057E-02,  33.12
  463,    3.06150E+01,   1.15422E+01,  -62.30
  464,    5.59096E+00,   2.89205E+00,  -48.27
  465,    2.54020E+00,   1.15630E+00,  -54.48
  466,    1.17197E+00,   5.77369E-01,  -50.74
  467,    3.70809E-01,   3.30488E-01,  -10.87
  468,    5.48992E-01,   2.06508E-01,  -62.38
  469,    2.29461E-01,   1.37479E-01,  -40.09
  470,    1.23286E-01,   9.63907E-02,  -21.82
  471,    3.23268E-01,   2.88977E-01,  -10.61
  472,    1.25831E-01,   1.64989E-01,  31.12
  473,    7.66221E-02,   1.03130E-01,  34.60
  474,    5.95566E-02,   6.88016E-02,  15.52
  475,    3.93403E-02,   4.81222E-02,  22.32
  476,    4.23110E-02,   6.87808E-02,  62.56
  477,    3.11593E-02,   4.58539E-02,  47.16
  478,    1.91772E-02,   3.20977E-02,  67.37
  479,    3.08001E-02,   5.15960E-02,  67.52
  480,    2.13899E-02,   3.43852E-02,  60.75
  481,    1.53893E-02,   2.40794E-02,  56.47
  482,    2.96490E+01,   1.15812E+01,  -60.94
  483,    7.54684E+00,   2.89205E+00,  -61.68
  484,    2.69279E+00,   1.15513E+00,  -57.10
  485,    1.10216E+00,   5.78539E-01,  -47.51
  486,    3.55291E-01,   3.30488E-01,  -6.98
  487,    7.24874E-01,   2.06260E-01,  -71.55
  488,    2.01173E-01,   1.37728E-01,  -31.54
  489,    1.09193E-01,   9.63907E-02,  -11.72
  490,    2.85219E-01,   2.88977E-01,  1.32
  491,    1.14398E-01,   1.65244E-01,  44.45
  492,    8.33429E-02,   1.03192E-01,  23.82
  493,    6.73928E-02,   6.88016E-02,  2.09
  494,    3.10131E-02,   4.81954E-02,  55.40
  495,    4.63897E-02,   6.87808E-02,  48.27
  496,    2.79575E-02,   4.58539E-02,  64.01
  497,    1.93758E-02,   3.20977E-02,  65.66
  498,    3.14156E-02,   5.15805E-02,  64.19
  499,    2.10809E-02,   3.44008E-02,  63.18
  500,    1.58374E-02,   2.40794E-02,  52.04
  501,    4.24601E+01,   1.15422E+01,  -72.82
  502,    7.85526E+00,   2.88230E+00,  -63.31
  503,    2.59148E+00,   1.15513E+00,  -55.43
  504,    1.40339E+00,   5.77369E-01,  -58.86
  505,    2.69711E-01,   3.29469E-01,  22.16
  506,    8.16428E-01,   2.06260E-01,  -74.74
  507,    1.79430E-01,   1.37479E-01,  -23.38
  508,    9.71550E-02,   9.60983E-02,  -1.09
  509,    2.52782E-01,   2.88685E-01,  14.20
  510,    1.31542E-01,   1.64989E-01,  25.43
  511,    9.25395E-02,   1.03192E-01,  11.51
  512,    5.65087E-02,   6.87394E-02,  21.64
  513,    3.04459E-02,   4.81222E-02,  58.06
  514,    4.72243E-02,   6.87808E-02,  45.65
  515,    2.64648E-02,   4.58539E-02,  73.26
  516,    1.95223E-02,   3.20977E-02,  64.42
  517,    3.12206E-02,   5.15805E-02,  65.21
  518,    2.13894E-02,   3.43852E-02,  60.76
  519,    1.68177E-02,   2.40611E-02,  43.07
  520,    3.41563E+01,   1.15422E+01,  -66.21
  521,    6.58037E+00,   2.89205E+00,  -56.05
  522,    2.85394E+00,   1.15630E+00,  -59.48
  523,    1.32024E+00,   5.77369E-01,  -56.27
  524,    2.97713E-01,   3.30488E-01,  11.01
  525,    5.38794E-01,   2.06508E-01,  -61.67
  526,    1.39096E-01,   1.37479E-01,  -1.16
  527,    7.57013E-02,   9.63907E-02,  27.33
  528,    2.18441E-01,   2.88977E-01,  32.29
  529,    1.42850E-01,   1.64989E-01,  15.50
  530,    1.04678E-01,   1.03130E-01,  -1.48
  531,    4.50503E-02,   6.88016E-02,  52.72
  532,    3.05649E-02,   4.81222E-02,  57.44
  533,    4.68946E-02,   6.87808E-02,  46.67
  534,    2.70807E-02,   4.58539E-02,  69.32
  535,    1.89779E-02,   3.20977E-02,  69.13
  536,    3.05025E-02,   5.15960E-02,  69.15
  537,    2.15553E-02,   3.43852E-02,  59.52
  538,    1.75997E-02,   2.40794E-02,  36.82
  539,    3.19448E+01,   1.15812E+01,  -63.75
  540,    7.93482E+00,   2.89205E+00,  -63.55
  541,    3.00330E+00,   1.15513E+00,  -61.54
  542,    1.13693E+00,   5.78539E-01,  -49.11
  543,    2.05482E-01,   3.30488E-01,  60.84
  544,    5.13137E-01,   2.06260E-01,  -59.80
  545,    1.19034E-01,   1.37728E-01,  15.70
  546,    7.44040E-02,   9.63907E-02,  29.55
  547,    2.40615E-01,   2.88977E-01,  20.10
  548,    1.56809E-01,   1.65244E-01,  5.38
  549,    8.71872E-02,   1.03192E-01,  18.36
  550,    4.46907E-02,   6.88016E-02,  53.95
  551,    3.42368E-02,   4.81954E-02,  40.77
  552,    4.33740E-02,   6.87808E-02,  58.58
  553,    2.79442E-02,   4.58539E-02,  64.09
  554,    1.95538E-02,   3.20977E-02,  64.15
  555,    3.21501E-02,   5.15805E-02,  60.44
  556,    2.18782E-02,   3.44008E-02,  57.24
  557,    3.82974E+01,   1.15422E+01,  -69.86
  558,    8.58222E+00,   2.88230E+00,  -66.42
  559,    2.70807E+00,   1.15513E+00,  -57.34
  560,    1.00591E+00,   5.77369E-01,  -42.60
  561,    1.33652E-01,   3.29469E-01,  146.51
  562,    4.86496E-01,   2.06260E-01,  -57.60
  563,    1.16760E-01,   1.37479E-01,  17.74
  564,    1.05913E-01,   9.60983E-02,  -9.27
  565,    2.82124E-01,   2.88685E-01,  2.33
  566,    1.88030E-01,   1.64989E-01,  -12.25
  567,    7.33085E-02,   1.03192E-01,  40.76
  568,    4.74624E-02,   6.87394E-02,  44.83
  569,    3.83079E-02,   4.81222E-02,  25.62
  570,    4.16925E-02,   6.87808E-02,  64.97
  571,    2.93357E-02,   4.58539E-02,  56.31
  572,    2.03250E-02,   3.20977E-02,  57.92
  573,    3.25848E-02,   5.15805E-02,  58.30
  574,    2.32618E-02,   3.43852E-02,  47.82
  575,    3.06917E+01,   1.15422E+01,  -62.39
  576,    5.57527E+00,   2.89205E+00,  -48.13
  577,    1.77954E+00,   1.15630E+00,  -35.02
  578,    6.51715E-01,   5.77369E-01,  -11.41
  579,    1.22119E-01,   3.30488E-01,  170.63
  580,    2.99050E-01,   2.06508E-01,  -30.95
  581,    1.29912E-01,   1.37479E-01,  5.82
  582,    7.71218E-02,   9.63907E-02,  24.99
  583,    2.81795E-01,   2.88977E-01,  2.55
  584,    1.40823E-01,   1.64989E-01,  17.16
  585,    6.60604E-02,   1.03130E-01,  56.11
  586,    4.80322E-02,   6.88016E-02,  43.24
  587,    3.00191E-02,   4.81222E-02,  60.31
  588,    4.15528E-02,   6.87808E-02,  65.53
  589,    2.76315E-02,   4.58539E-02,  65.95
  590,    2.04332E-02,   3.20977E-02,  57.09
  591,    3.21279E-02,   5.15960E-02,  60.60
  592,    2.37388E-02,   3.43852E-02,  44.85
  593,    2.82199E+01,   1.15812E+01,  -58.96
  594,    5.21130E+00,   2.89205E+00,  -44.50
  595,    1.56605E+00,   1.15513E+00,  -26.24
  596,    5.72462E-01,   5.78539E-01,  1.06
  597,    1.76971E-01,   3.30488E-01,  86.75
  598,    3.34841E-01,   2.06260E-01,  -38.40
  599,    1.32818E-01,   1.37728E-01,  3.70
  600,    1.26665E-01,   9.63907E-02,  -23.90
  601,    3.23660E-01,   2.88977E-01,  -10.72
  602,    1.12088E-01,   1.65244E-01,  47.42
  603,    6.67424E-02,   1.03192E-01,  54.61
  604,    5.08003E-02,   6.88016E-02,  35.44
  605,    2.72923E-02,   4.81954E-02,  76.59
  606,    4.16490E-02,   6.87808E-02,  65.14
  607,    2.77499E-02,   4.58539E-02,  65.24
  608,    2.03417E-02,   3.20977E-02,  57.79
  609,    3.29427E-02,   5.15805E-02,  56.58
  610,    2.57314E-02,   3.44008E-02,  33.69
  611,    2.38875E+01,   1.15422E+01,  -51.68
  612,    4.41358E+00,   2.88230E+00,  -34.69
  613,    1.29953E+00,   1.15513E+00,  -11.11
  614,    5.60187E-01,   5.77369E-01,  3.07
  615,    3.87876E-01,   3.29469E-01,  -15.06
  616,    2.58467E-01,   2.06260E-01,  -20.20
  617,    2.11006E-01,   1.37479E-01,  -34.85
  618,    1.19297E-01,   9.60983E-02,  -19.45
  619,    2.93383E-01,   2.88685E-01,  -1.60
  620,    1.22231E-01,   1.64989E-01,  34.98
  621,    8.06615E-02,   1.03192E-01,  27.93
  622,    4.70720E-02,   6.87394E-02,  46.03
  623,    3.13164E-02,   4.81222E-02,  53.66
  624,    4.31678E-02,   6.87808E-02,  59.33
  625,    2.89400E-02,   4.58539E-02,  58.44
  626,    1.97790E-02,   3.20977E-02,  62.28
  627,    3.36847E-02,   5.15805E-02,  53.13
  628,    1.67942E+01,   1.15422E+01,  -31.27
  629,    3.07161E+00,   2.89205E+00,  -5.85
  630,    1.08454E+00,   1.15630E+00,  6.62
  631,    7.31747E-01,   5.77369E-01,  -21.10
  632,    3.66913E-01,   3.30488E-01,  -9.93
  633,    3.27837E-01,   2.06508E-01,  -37.01
  634,    1.69613E-01,   1.37479E-01,  -18.95
  635,    8.09325E-02,   9.63907E-02,  19.10
  636,    2.31591E-01,   2.88977E-01,  24.78
  637,    1.24665E-01,   1.64989E-01,  32.35
  638,    8.57160E-02,   1.03130E-01,  20.32
  639,    4.33129E-02,   6.88016E-02,  58.85
  640,    3.19547E-02,   4.81222E-02,  50.60
  641,    4.37952E-02,   6.87808E-02,  57.05
  642,    3.06382E-02,   4.58539E-02,  49.66
  643,    2.15092E-02,   3.20977E-02,  49.23
  644,    3.42349E-02,   5.15960E-02,  50.71
  645,    9.89550E+00,   1.15812E+01,  17.04
  646,    2.38184E+00,   2.89205E+00,  21.42
  647,    1.39654E+00,   1.15513E+00,  -17.29
  648,    6.61919E-01,   5.78539E-01,  -12.60
  649,    5.03590E-01,   3.30488E-01,  -34.37
  650,    2.93625E-01,   2.06260E-01,  -29.75
  651,    1.16914E-01,   1.37728E-01,  17.80
  652,    7.23241E-02,   9.63907E-02,  33.28
  653,    2.19162E-01,   2.88977E-01,  31.86
  654,    1.30039E-01,   1.65244E-01,  27.07
  655,    6.85258E-02,   1.03192E-01,  50.59
  656,    4.31907E-02,   6.88016E-02,  59.30
  657,    2.99446E-02,   4.81954E-02,  60.95
  658,    4.31238E-02,   6.87808E-02,  59.50
  659,    2.98551E-02,   4.58539E-02,  53.59
  660,    2.25431E-02,   3.20977E-02,  42.38
  661,    3.65465E-02,   5.15805E-02,  41.14
  662,    7.08428E+00,   1.15422E+01,  62.93
  663,    2.89216E+00,   2.88230E+00,  -0.34
  664,    1.21571E+00,   1.15513E+00,  -4.98
  665,    8.93043E-01,   5.77369E-01,  -35.35
  666,    2.57100E-01,   3.29469E-01,  28.15
  667,    3.13606E-01,   2.06260E-01,  -34.23
  668,    1.00731E-01,   1.37479E-01,  36.48
  669,    7.36282E-02,   9.60983E-02,  30.52
  670,    2.12331E-01,   2.88685E-01,  35.96
  671,    1.30740E-01,   1.64989E-01,  26.20
  672,    6.02286E-02,   1.03192E-01,  71.33
  673,    4.17568E-02,   6.87394E-02,  64.62
  674,    2.89149E-02,   4.81222E-02,  66.43
  675,    4.07218E-02,   6.87808E-02,  68.90
  676,    2.70620E-02,   4.58539E-02,  69.44
  677,    2.15469E-02,   3.20977E-02,  48.97
  678,    3.70290E-02,   5.15805E-02,  39.30
  679,    8.79268E+00,   1.15422E+01,  31.27
  680,    2.54118E+00,   2.89205E+00,  13.81
  681,    1.74784E+00,   1.15630E+00,  -33.84
  682,    6.85082E-01,   5.77369E-01,  -15.72
  683,    9.80398E-02,   3.30488E-01,  237.10
  684,    3.19806E-01,   2.06508E-01,  -35.43
  685,    1.07180E-01,   1.37479E-01,  28.27
  686,    6.78824E-02,   9.63907E-02,  42.00
  687,    2.20046E-01,   2.88977E-01,  31.33
  688,    1.04101E-01,   1.64989E-01,  58.49
  689,    5.97977E-02,   1.03130E-01,  72.46
  690,    3.92570E-02,   6.88016E-02,  75.26
  691,    2.71704E-02,   4.81222E-02,  77.11
  692,    4.00146E-02,   6.87808E-02,  71.89
  693,    2.61179E-02,   4.58539E-02,  75.57
  694,    2.11287E-02,   3.20977E-02,  51.92
  695,    8.51856E+00,   1.15812E+01,  35.95
  696,    3.76990E+00,   2.89205E+00,  -23.29
  697,    1.38552E+00,   1.15513E+00,  -16.63
  698,    4.72214E-01,   5.78539E-01,  22.52
  699,    3.79685E-01,   2.06260E-01,  -45.68
  700,    1.03746E-01,   1.37728E-01,  32.75
  701,    8.84052E-02,   9.63907E-02,  9.03
  702,    6.38813E-02,   3.30488E-01,  417.35
  703,    2.34054E-01,   2.88977E-01,  23.47
  704,    9.64497E-02,   1.65244E-01,  71.33
  705,    6.11518E-02,   1.03192E-01,  68.75
  706,    3.98833E-02,   6.88016E-02,  72.51
  707,    2.58941E-02,   4.81954E-02,  86.12
  708,    3.89861E-02,   6.87808E-02,  76.42
  709,    2.69907E-02,   4.58539E-02,  69.89
  710,    1.67956E+01,   1.15422E+01,  -31.28
  711,    3.93603E+00,   2.88230E+00,  -26.77
  712,    1.17817E+00,   1.15513E+00,  -1.96
  713,    5.67485E-01,   5.77369E-01,  1.74
  714,    2.37236E-01,   3.29469E-01,  38.88
  715,    3.31717E-01,   2.06260E-01,  -37.82
  716,    1.69616E-01,   1.37479E-01,  -18.95
  717,    9.37500E-02,   9.60983E-02,  2.50
  718,    2.30507E-01,   2.88685E-01,  25.24
  719,    1.20047E-01,   1.64989E-01,  37.44
  720,    7.20498E-02,   1.03192E-01,  43.22
  721,    4.71842E-02,   6.87394E-02,  45.68
  722,    3.35480E-02,   4.81222E-02,  43.44
  723,    4.16027E-02,   6.87808E-02,  65.33
  724,    3.09103E-02,   4.58539E-02,  48.35
  725,    1.11676E+01,   1.15422E+01,  3.35
  726,    2.19845E+00,   2.89205E+00,  31.55
  727,    9.13035E-01,   1.15630E+00,  26.64
  728,    5.31806E-01,   5.77369E-01,  8.57
  729,    2.15799E-01,   3.30488E-01,  53.15
  730,    2.88455E-01,   2.06508E-01,  -28.41
  731,    1.14386E-01,   1.37479E-01,  20.19
  732,    6.52320E-02,   9.63907E-02,  47.77
  733,    2.13195E-01,   2.88977E-01,  35.55
  734,    1.23952E-01,   1.64989E-01,  33.11
  735,    7.43755E-02,   1.03130E-01,  38.66
  736,    4.60745E-02,   6.88016E-02,  49.33
  737,    3.48140E-02,   4.81222E-02,  38.23
  738,    4.40071E-02,   6.87808E-02,  56.29
  739,    3.26938E-02,   4.58539E-02,  40.25
  740,    1.45624E+01,   1.15812E+01,  -20.47
  741,    3.87921E+00,   2.89205E+00,  -25.45
  742,    2.00283E+00,   1.15513E+00,  -42.33
  743,    9.35157E-01,   5.78539E-01,  -38.13
  744,    4.28887E-01,   3.30488E-01,  -22.94
  745,    5.35372E-01,   2.06260E-01,  -61.47
  746,    1.69178E-01,   1.37728E-01,  -18.59
  747,    1.22778E-01,   9.63907E-02,  -21.49
  748,    2.95345E-01,   2.88977E-01,  -2.16
  749,    1.60030E-01,   1.65244E-01,  3.26
  750,    9.53733E-02,   1.03192E-01,  8.20
  751,    6.40765E-02,   6.88016E-02,  7.37
  752,    3.95353E-02,   4.81954E-02,  21.90
  753,    5.81647E-02,   6.87808E-02,  18.25
  754,    1.31056E+01,   1.15422E+01,  -11.93
  755,    4.77626E+00,   2.88230E+00,  -39.65
  756,    2.07477E+00,   1.15513E+00,  -44.33
  757,    1.30047E+00,   5.77369E-01,  -55.60
  758,    2.83145E-01,   3.29469E-01,  16.36
  759,    5.90093E-01,   2.06260E-01,  -65.05
  760,    2.04505E-01,   1.37479E-01,  -32.77
  761,    1.40413E-01,   9.60983E-02,  -31.56
  762,    3.94026E-01,   2.88685E-01,  -26.73
  763,    2.13369E-01,   1.64989E-01,  -22.67
  764,    1.18608E-01,   1.03192E-01,  -13.00
  765,    8.40657E-02,   6.87394E-02,  -18.23
  766,    5.06893E-02,   4.81222E-02,  -5.06
  767,    6.94621E-02,   6.87808E-02,  -0.98
  768,    1.21473E+01,   1.15422E+01,  -4.98
  769,    3.39929E+00,   2.89205E+00,  -14.92
  770,    1.98238E+00,   1.15630E+00,  -41.67
  771,    7.77106E-01,   5.77369E-01,  -25.70
  772,    1.71175E-01,   3.30488E-01,  93.07
  773,    4.39087E-01,   2.06508E-01,  -52.97
  774,    1.62261E-01,   1.37479E-01,  -15.27
  775,    1.13441E-01,   9.63907E-02,  -15.03
  776,    3.60388E-01,   2.88977E-01,  -19.82
  777,    1.96316E-01,   1.64989E-01,  -15.96
  778,    1.20394E-01,   1.03130E-01,  -14.34
  779,    6.97173E-02,   6.88016E-02,  -1.31
  780,    5.05887E-02,   4.81222E-02,  -4.88
  781,    7.48064E-02,   6.87808E-02,  -8.05
  782,    9.51800E+00,   1.15812E+01,  21.68
  783,    3.52661E+00,   2.89205E+00,  -17.99
  784,    1.25238E+00,   1.15513E+00,  -7.77
  785,    5.38351E-01,   5.78539E-01,  7.47
  786,    1.75711E-01,   3.30488E-01,  88.09
  787,    3.80979E-01,   2.06260E-01,  -45.86
  788,    1.47120E-01,   1.37728E-01,  -6.38
  789,    9.73818E-02,   9.63907E-02,  -1.02
  790,    3.10154E-01,   2.88977E-01,  -6.83
  791,    1.59645E-01,   1.65244E-01,  3.51
  792,    1.04328E-01,   1.03192E-01,  -1.09
  793,    5.94718E-02,   6.88016E-02,  15.69
  794,    4.46862E-02,   4.81954E-02,  7.85
  795,    1.07297E+01,   1.15422E+01,  7.57
  796,    2.60551E+00,   2.88230E+00,  10.62
  797,    9.77850E-01,   1.15513E+00,  18.13
  798,    5.65629E-01,   5.77369E-01,  2.08
  799,    2.41966E-01,   3.29469E-01,  36.16
  800,    3.24049E-01,   2.06260E-01,  -36.35
  801,    1.42596E-01,   1.37479E-01,  -3.59
  802,    1.08078E-01,   9.60983E-02,  -11.08
  803,    3.00082E-01,   2.88685E-01,  -3.80
  804,    1.71920E-01,   1.64989E-01,  -4.03
  805,    9.15940E-02,   1.03192E-01,  12.66
  806,    6.33555E-02,   6.87394E-02,  8.50
  807,    4.34306E-02,   4.81222E-02,  10.80
  808,    7.77629E+00,   1.15422E+01,  48.43
  809,    1.92329E+00,   2.89205E+00,  50.37
  810,    9.67088E-01,   1.15630E+00,  19.56
  811,    5.37815E-01,   5.77369E-01,  7.35
  812,    2.54371E-01,   3.30488E-01,  29.92
  813,    2.74375E-01,   2.06508E-01,  -24.73
  814,    1.47296E-01,   1.37479E-01,  -6.66
  815,    9.00716E-02,   9.63907E-02,  7.02
  816,    2.80558E-01,   2.88977E-01,  3.00
  817,    1.71164E-01,   1.64989E-01,  -3.61
  818,    9.03551E-02,   1.03130E-01,  14.14
  819,    6.50338E-02,   6.88016E-02,  5.79
  820,    4.61509E-02,   4.81222E-02,  4.27
  821,    8.37240E+00,   1.15812E+01,  38.33
  822,    2.79498E+00,   2.89205E+00,  3.47
  823,    1.36425E+00,   1.15513E+00,  -15.33
  824,    7.50799E-01,   5.78539E-01,  -22.94
  825,    2.91485E-01,   3.30488E-01,  13.38
  826,    4.50793E-01,   2.06260E-01,  -54.25
  827,    1.78233E-01,   1.37728E-01,  -22.73
  828,    1.34518E-01,   9.63907E-02,  -28.34
  829,    3.70616E-01,   2.88977E-01,  -22.03
  830,    1.83500E-01,   1.65244E-01,  -9.95
  831,    1.16698E-01,   1.03192E-01,  -11.57
  832,    7.58889E-02,   6.88016E-02,  -9.34
  833,    7.66502E+00,   1.15422E+01,  50.58
  834,    2.48971E+00,   2.88230E+00,  15.77
  835,    1.20641E+00,   1.15513E+00,  -4.25
  836,    6.49498E-01,   5.77369E-01,  -11.11
  837,    3.01735E-01,   3.29469E-01,  9.19
  838,    3.60084E-01,   2.06260E-01,  -42.72
  839,    1.74358E-01,   1.37479E-01,  -21.15
  840,    1.37061E-01,   9.60983E-02,  -29.89
  841,    4.00333E-01,   2.88685E-01,  -27.89
  842,    1.95263E-01,   1.64989E-01,  -15.50
  843,    1.29372E-01,   1.03192E-01,  -20.24
  844,    8.68967E-02,   6.87394E-02,  -20.90
  845,    5.70547E+00,   1.15422E+01,  102.30
  846,    1.90659E+00,   2.89205E+00,  51.69
  847,    9.01092E-01,   1.15630E+00,  28.32
  848,    5.43620E-01,   5.77369E-01,  6.21
  849,    2.11083E-01,   3.30488E-01,  56.57
  850,    2.80896E-01,   2.06508E-01,  -26.48
  851,    1.56031E-01,   1.37479E-01,  -11.89
  852,    9.48318E-02,   9.63907E-02,  1.64
  853,    3.02120E-01,   2.88977E-01,  -4.35
  854,    1.80510E-01,   1.64989E-01,  -8.60
  855,    1.08508E-01,   1.03130E-01,  -4.96
  856,    5.52423E+00,   1.15812E+01,  109.64
  857,    1.79776E+00,   2.89205E+00,  60.87
  858,    9.50088E-01,   1.15513E+00,  21.58
  859,    4.61608E-01,   5.78539E-01,  25.33
  860,    2.34349E-01,   3.30488E-01,  41.02
  861,    3.02701E-01,   2.06260E-01,  -31.86
  862,    1.34365E-01,   1.37728E-01,  2.50
  863,    8.82631E-02,   9.63907E-02,  9.21
  864,    2.71833E-01,   2.88977E-01,  6.31
  865,    1.69750E-01,   1.65244E-01,  -2.65
  866,    1.05725E-01,   1.03192E-01,  -2.40
  867,    5.70785E+00,   1.15422E+01,  102.22
  868,    1.97931E+00,   2.88230E+00,  45.62
  869,    8.23320E-01,   1.15513E+00,  40.30
  870,    5.05127E-01,   5.77369E-01,  14.30
  871,    2.71757E-01,   3.29469E-01,  21.24
  872,    2.84022E-01,   2.06260E-01,  -27.38
  873,    1.27322E-01,   1.37479E-01,  7.98
  874,    9.79994E-02,   9.60983E-02,  -1.94
  875,    3.00939E-01,   2.88685E-01,  -4.07
  876,    1.70370E-01,   1.64989E-01,  -3.16
  877,    6.07137E+00,   1.15422E+01,  90.11
  878,    1.60104E+00,   2.89205E+00,  80.64
  879,    8.54563E-01,   1.15630E+00,  35.31
  880,    5.53855E-01,   5.77369E-01,  4.25
  881,    2.32038E-01,   3.30488E-01,  42.43
  882,    2.47654E-01,   2.06508E-01,  -16.61
  883,    1.35813E-01,   1.37479E-01,  1.23
  884,    1.05678E-01,   9.63907E-02,  -8.79
  885,    3.11681E-01,   2.88977E-01,  -7.28
  886,    1.82920E-01,   1.64989E-01,  -9.80
  887,    4.54372E+00,   1.15812E+01,  154.88
  888,    1.48054E+00,   2.89205E+00,  95.34
  889,    8.25334E-01,   1.15513E+00,  39.96
  890,    4.06646E-01,   5.78539E-01,  42.27
  891,    1.89750E-01,   3.30488E-01,  74.17
  892,    2.15815E-01,   2.06260E-01,  -4.43
  893,    1.28207E-01,   1.37728E-01,  7.43
  894,    8.74299E-02,   9.63907E-02,  10.25
  895,    2.81295E-01,   2.88977E-01,  2.73
  896,    5.34105E+00,   1.15422E+01,  116.10
  897,    1.86299E+00,   2.88230E+00,  54.71
  898,    7.69549E-01,   1.15513E+00,  50.10
  899,    4.03310E-01,   5.77369E-01,  43.16
  900,    2.22646E-01,   3.29469E-01,  47.98
  901,    2.56071E-01,   2.06260E-01,  -19.45
  902,    1.32216E-01,   1.37479E-01,  3.98
  903,    9.60375E-02,   9.60983E-02,  0.06
  904,    2.95837E-01,   2.88685E-01,  -2.42
  905,    5.24726E+00,   1.15422E+01,  119.97
  906,    1.33018E+00,   2.89205E+00,  117.42
  907,    5.80960E-01,   1.15630E+00,  99.03
  908,    3.63987E-01,   5.77369E-01,  58.62
  909,    2.21368E-01,   3.30488E-01,  49.29
  910,    1.86606E-01,   2.06508E-01,  10.67
  911,    1.11113E-01,   1.37479E-01,  23.73
  912,    9.01945E-02,   9.63907E-02,  6.87
  913,    4.30290E+00,   1.15812E+01,  169.15
  914,    1.10858E+00,   2.89205E+00,  160.88
  915,    6.05632E-01,   1.15513E+00,  90.73
  916,    3.79821E-01,   5.78539E-01,  52.32
  917,    1.98370E-01,   3.30488E-01,  66.60
  918,    1.83362E-01,   2.06260E-01,  12.49
  919,    1.21171E-01,   1.37728E-01,  13.66
  920,    4.15210E+00,   1.15422E+01,  177.98
  921,    1.39602E+00,   2.88230E+00,  106.47
  922,    7.37753E-01,   1.15513E+00,  56.57
  923,    4.00083E-01,   5.77369E-01,  44.31
  924,    2.10898E-01,   3.29469E-01,  56.22
  925,    2.38774E-01,   2.06260E-01,  -13.62
  926,    4.45874E+00,   1.15422E+01,  158.87
  927,    1.41375E+00,   2.89205E+00,  104.57
  928,    6.50217E-01,   1.15630E+00,  77.83
  929,    3.79948E-01,   5.77369E-01,  51.96
  930,    2.15155E-01,   3.30488E-01,  53.60
  931,    4.53980E+00,   1.15812E+01,  155.10
  932,    1.23305E+00,   2.89205E+00,  134.54
  933,    6.01100E-01,   1.15513E+00,  92.17
  934,    3.91204E-01,   5.78539E-01,  47.89
  935,    4.14627E+00,   1.15422E+01,  178.38
  936,    1.23464E+00,   2.88230E+00,  133.45
  937,    6.81599E-01,   1.15513E+00,  69.47
  938,    4.35325E+00,   1.15422E+01,  165.14
  939,    1.51930E+00,   2.89205E+00,  90.35
  940,    4.05453E+00,   1.15812E+01,  185.64

;-Resistivity in Ohm-m in the elemental sequential order

 4.35620E+02,  4.35620E+02,  4.35620E+02,  4.35620E+02,  4.35620E+02
 4.35620E+02,  4.35620E+02,  4.35620E+02,  4.35620E+02,  4.35620E+02
 4.35620E+02,  4.35620E+02,  4.35620E+02,  4.35620E+02,  4.35620E+02
 4.35620E+02,  4.35620E+02,  4.35620E+02,  4.35620E+02,  4.35620E+02
 4.35620E+02,  4.35620E+02,  4.35620E+02,  4.35620E+02,  4.35620E+02
 4.35620E+02,  4.35620E+02,  4.35620E+02,  4.35620E+02,  4.35620E+02
 4.35620E+02,  4.35620E+02,  4.35620E+02,  4.35620E+02,  4.35620E+02
 4.35620E+02,  4.35620E+02,  4.35620E+02,  4.35620E+02,  4.35620E+02
 4.35620E+02,  4.35620E+02,  4.35620E+02,  4.35620E+02,  4.35620E+02
 4.35620E+02,  4.35620E+02,  4.35620E+02,  4.35620E+02,  4.35620E+02
 4.35620E+02,  4.35620E+02,  4.35620E+02,  4.35620E+02,  4.35620E+02
 4.35620E+02,  4.35620E+02,  4.35620E+02,  4.35620E+02,  4.35620E+02
 4.35620E+02,  4.35620E+02,  4.35620E+02,  4.35620E+02,  4.35620E+02
 4.35620E+02,  4.35620E+02,  4.35620E+02,  4.35620E+02,  4.35620E+02
 4.35620E+02,  4.35620E+02,  4.35620E+02,  4.35620E+02,  4.35620E+02
 4.35620E+02,  4.35620E+02,  4.35620E+02,  4.35620E+02,  4.35620E+02
 4.35620E+02,  4.35620E+02,  4.35620E+02,  4.35620E+02,  4.35620E+02
 4.35620E+02,  4.35620E+02,  4.35620E+02,  4.35620E+02,  4.35620E+02
 4.35620E+02,  4.35620E+02,  4.35620E+02,  4.35620E+02,  4.35620E+02
 4.35620E+02,  4.35620E+02,  4.35620E+02,  4.35620E+02,  4.35620E+02
 4.35620E+02,  4.35620E+02,  4.35620E+02,  4.35620E+02,  4.35620E+02
 4.35620E+02,  4.35620E+02,  4.35620E+02,  4.35620E+02,  4.35620E+02
 4.35620E+02,  4.35620E+02,  4.35620E+02,  4.35620E+02,  4.35620E+02
 4.35620E+02,  4.35620E+02,  4.35620E+02,  4.35620E+02,  4.35620E+02
 4.35620E+02,  4.35620E+02,  4.35620E+02,  4.35620E+02,  4.35620E+02
 4.35620E+02,  4.35620E+02,  4.35620E+02,  4.35620E+02,  4.35620E+02
 4.35620E+02,  4.35620E+02,  4.35620E+02,  4.35620E+02,  4.35620E+02
 4.35620E+02,  4.35620E+02,  4.35620E+02,  4.35620E+02,  4.35620E+02
 4.35620E+02,  4.35620E+02,  4.35620E+02,  4.35620E+02,  4.35620E+02
 4.35620E+02,  4.35620E+02,  4.35620E+02,  4.35620E+02,  4.35620E+02
 4.35620E+02,  4.35620E+02,  4.35620E+02,  4.35620E+02,  4.35620E+02
 4.35620E+02,  4.35620E+02,  4.35620E+02,  4.35620E+02,  4.35620E+02
 4.35620E+02,  4.35620E+02,  4.35620E+02,  4.35620E+02,  4.35620E+02
 4.35620E+02,  4.35620E+02,  4.35620E+02,  4.35620E+02,  4.35620E+02
 4.35620E+02,  4.35620E+02,  4.35620E+02,  4.35620E+02,  4.35620E+02
 4.35620E+02,  4.35620E+02,  4.35620E+02,  4.35620E+02,  4.35620E+02
 4.35620E+02,  4.35620E+02,  4.35620E+02,  4.35620E+02,  4.35620E+02
 4.35620E+02,  4.35620E+02,  4.35620E+02,  4.35620E+02,  4.35620E+02
 4.35620E+02,  4.35620E+02,  4.35620E+02,  4.35620E+02,  4.35620E+02
 4.35620E+02,  4.35620E+02,  4.35620E+02,  4.35620E+02,  4.35620E+02
 4.35620E+02,  4.35620E+02,  4.35620E+02,  4.35620E+02,  4.35620E+02
 4.35620E+02,  4.35620E+02,  4.35620E+02,  4.35620E+02,  4.35620E+02
 4.35620E+02,  4.35620E+02,  4.35620E+02,  4.35620E+02,  4.35620E+02
 4.35620E+02,  4.35620E+02,  4.35620E+02,  4.35620E+02,  4.35620E+02
 4.35620E+02,  4.35620E+02,  4.35620E+02,  4.35620E+02,  4.35620E+02
 4.35620E+02,  4.35620E+02,  4.35620E+02,  4.35620E+02,  4.35620E+02
 4.35620E+02,  4.35620E+02,  4.35620E+02,  4.35620E+02,  4.35620E+02
 4.35620E+02,  4.35620E+02,  4.35620E+02,  4.35620E+02,  4.35620E+02
 4.35620E+02,  4.35620E+02,  4.35620E+02,  4.35620E+02,  4.35620E+02
 4.35620E+02,  4.35620E+02,  4.35620E+02,  4.35620E+02,  4.35620E+02
 4.35620E+02,  4.35620E+02,  4.35620E+02,  4.35620E+02,  4.35620E+02
 4.35620E+02,  4.35620E+02,  4.35620E+02,  4.35620E+02,  4.35620E+02
 4.35620E+02,  4.35620E+02,  4.35620E+02,  4.35620E+02,  4.35620E+02
 4.35620E+02,  4.35620E+02,  4.35620E+02,  4.35620E+02,  4.35620E+02
 4.35620E+02,  4.35620E+02,  4.35620E+02,  4.35620E+02,  4.35620E+02
 4.35620E+02,  4.35620E+02,  4.35620E+02,  4.35620E+02,  4.35620E+02
 4.35620E+02,  4.35620E+02,  4.35620E+02,  4.35620E+02,  4.35620E+02
 4.35620E+02,  4.35620E+02,  4.35620E+02,  4.35620E+02,  4.35620E+02
 4.35620E+02,  4.35620E+02,  4.35620E+02,  4.35620E+02,  4.35620E+02
 4.35620E+02,  4.35620E+02,  4.35620E+02,  4.35620E+02,  4.35620E+02
 4.35620E+02,  4.35620E+02,  4.35620E+02,  4.35620E+02,  4.35620E+02
 4.35620E+02,  4.35620E+02,  4.35620E+02,  4.35620E+02,  4.35620E+02
 4.35620E+02,  4.35620E+02,  4.35620E+02,  4.35620E+02,  4.35620E+02
 4.35620E+02,  4.35620E+02,  4.35620E+02,  4.35620E+02,  4.35620E+02
 4.35620E+02,  4.35620E+02,  4.35620E+02,  4.35620E+02,  4.35620E+02
 4.35620E+02,  4.35620E+02,  4.35620E+02,  4.35620E+02,  4.35620E+02
 4.35620E+02,  4.35620E+02,  4.35620E+02,  4.35620E+02,  4.35620E+02
 4.35620E+02,  4.35620E+02,  4.35620E+02,  4.35620E+02,  4.35620E+02
 4.35620E+02,  4.35620E+02,  4.35620E+02,  4.35620E+02,  4.35620E+02
 4.35620E+02,  4.35620E+02,  4.35620E+02,  4.35620E+02,  4.35620E+02
 4.35620E+02,  4.35620E+02,  4.35620E+02,  4.35620E+02,  4.35620E+02
 4.35620E+02,  4.35620E+02,  4.35620E+02,  4.35620E+02,  4.35620E+02
 4.35620E+02,  4.35620E+02,  4.35620E+02,  4.35620E+02,  4.35620E+02
 4.35620E+02,  4.35620E+02,  4.35620E+02,  4.35620E+02,  4.35620E+02
 4.35620E+02,  4.35620E+02,  4.35620E+02,  4.35620E+02,  4.35620E+02
 4.35620E+02,  4.35620E+02,  4.35620E+02,  4.35620E+02,  4.35620E+02
 4.35620E+02,  4.35620E+02,  4.35620E+02,  4.35620E+02,  4.35620E+02
 4.35620E+02,  4.35620E+02,  4.35620E+02,  4.35620E+02,  4.35620E+02
 4.35620E+02,  4.35620E+02,  4.35620E+02,  4.35620E+02,  4.35620E+02
 4.35620E+02,  4.35620E+02,  4.35620E+02,  4.35620E+02,  4.35620E+02
 4.35620E+02,  4.35620E+02,  4.35620E+02,  4.35620E+02,  4.35620E+02
 4.35620E+02,  4.35620E+02,  4.35620E+02,  4.35620E+02,  4.35620E+02
 4.35620E+02,  4.35620E+02,  4.35620E+02,  4.35620E+02,  4.35620E+02
 4.35620E+02,  4.35620E+02,  4.35620E+02,  4.35620E+02,  4.35620E+02
 4.35620E+02,  4.35620E+02,  4.35620E+02,  4.35620E+02,  4.35620E+02
 4.35620E+02,  4.35620E+02,  4.35620E+02,  4.35620E+02,  4.35620E+02
 4.35620E+02,  4.35620E+02,  4.35620E+02,  4.35620E+02,  4.35620E+02
 4.35620E+02,  4.35620E+02,  4.35620E+02,  4.35620E+02,  4.35620E+02
 4.35620E+02,  4.35620E+02,  4.35620E+02,  4.35620E+02,  4.35620E+02
 4.35620E+02,  4.35620E+02,  4.35620E+02,  4.35620E+02,  4.35620E+02
 4.35620E+02,  4.35620E+02,  4.35620E+02,  4.35620E+02,  4.35620E+02
 4.35620E+02,  4.35620E+02,  4.35620E+02,  4.35620E+02,  4.35620E+02
 4.35620E+02,  4.35620E+02,  4.35620E+02,  4.35620E+02,  4.35620E+02
 4.35620E+02,  4.35620E+02,  4.35620E+02,  4.35620E+02,  4.35620E+02
 4.35620E+02,  4.35620E+02,  4.35620E+02,  4.35620E+02,  4.35620E+02
 4.35620E+02,  4.35620E+02,  4.35620E+02,  4.35620E+02,  4.35620E+02
 4.35620E+02,  4.35620E+02,  4.35620E+02,  4.35620E+02,  4.35620E+02
 4.35620E+02,  4.35620E+02,  4.35620E+02,  4.35620E+02,  4.35620E+02
 4.35620E+02,  4.35620E+02,  4.35620E+02,  4.35620E+02,  4.35620E+02
 4.35620E+02,  4.35620E+02,  4.35620E+02,  4.35620E+02,  4.35620E+02
 4.35620E+02,  4.35620E+02,  4.35620E+02,  4.35620E+02,  4.35620E+02
 4.35620E+02,  4.35620E+02,  4.35620E+02,  4.35620E+02,  4.35620E+02
 4.35620E+02,  4.35620E+02,  4.35620E+02,  4.35620E+02,  4.35620E+02
 4.35620E+02,  4.35620E+02,  4.35620E+02,  4.35620E+02,  4.35620E+02
 4.35620E+02,  4.35620E+02,  4.35620E+02,  4.35620E+02,  4.35620E+02
 4.35620E+02,  4.35620E+02,  4.35620E+02,  4.35620E+02,  4.35620E+02
 4.35620E+02,  4.35620E+02,  4.35620E+02,  4.35620E+02,  4.35620E+02
 4.35620E+02,  4.35620E+02,  4.35620E+02,  4.35620E+02,  4.35620E+02
 4.35620E+02,  4.35620E+02,  4.35620E+02,  4.35620E+02,  4.35620E+02
 4.35620E+02,  4.35620E+02,  4.35620E+02,  4.35620E+02,  4.35620E+02
 4.35620E+02,  4.35620E+02,  4.35620E+02,  4.35620E+02,  4.35620E+02
 4.35620E+02,  4.35620E+02,  4.35620E+02,  4.35620E+02,  4.35620E+02
 4.35620E+02,  4.35620E+02,  4.35620E+02,  4.35620E+02,  4.35620E+02
 4.35620E+02,  4.35620E+02,  4.35620E+02,  4.35620E+02,  4.35620E+02
 4.35620E+02,  4.35620E+02,  4.35620E+02,  4.35620E+02,  4.35620E+02
 4.35620E+02,  4.35620E+02,  4.35620E+02,  4.35620E+02,  4.35620E+02
 4.35620E+02,  4.35620E+02,  4.35620E+02,  4.35620E+02,  4.35620E+02
 4.35620E+02,  4.35620E+02,  4.35620E+02,  4.35620E+02,  4.35620E+02
 4.35620E+02,  4.35620E+02,  4.35620E+02,  4.35620E+02,  4.35620E+02
 4.35620E+02,  4.35620E+02,  4.35620E+02,  4.35620E+02,  4.35620E+02
 4.35620E+02,  4.35620E+02,  4.35620E+02,  4.35620E+02,  4.35620E+02
 4.35620E+02,  4.35620E+02,  4.35620E+02,  4.35620E+02,  4.35620E+02
 4.35620E+02,  4.35620E+02,  4.35620E+02,  4.35620E+02,  4.35620E+02
 4.35620E+02,  4.35620E+02,  4.35620E+02,  4.35620E+02,  4.35620E+02
 4.35620E+02,  4.35620E+02,  4.35620E+02,  4.35620E+02,  4.35620E+02
 4.35620E+02,  4.35620E+02,  4.35620E+02,  4.35620E+02,  4.35620E+02
 4.35620E+02,  4.35620E+02,  4.35620E+02,  4.35620E+02,  4.35620E+02
 4.35620E+02,  4.35620E+02,  4.35620E+02,  4.35620E+02,  4.35620E+02
 4.35620E+02,  4.35620E+02,  4.35620E+02,  4.35620E+02,  4.35620E+02
 4.35620E+02,  4.35620E+02,  4.35620E+02,  4.35620E+02,  4.35620E+02
 4.35620E+02,  4.35620E+02,  4.35620E+02,  4.35620E+02,  4.35620E+02
 4.35620E+02,  4.35620E+02,  4.35620E+02,  4.35620E+02,  4.35620E+02
 4.35620E+02,  4.35620E+02,  4.35620E+02,  4.35620E+02,  4.35620E+02
 4.35620E+02,  4.35620E+02,  4.35620E+02,  4.35620E+02,  4.35620E+02
 4.35620E+02,  4.35620E+02,  4.35620E+02,  4.35620E+02,  4.35620E+02
 4.35620E+02,  4.35620E+02,  4.35620E+02,  4.35620E+02,  4.35620E+02
 4.35620E+02,  4.35620E+02,  4.35620E+02,  4.35620E+02,  4.35620E+02
 4.35620E+02,  4.35620E+02,  4.35620E+02,  4.35620E+02,  4.35620E+02
 4.35620E+02,  4.35620E+02,  4.35620E+02,  4.35620E+02,  4.35620E+02
 4.35620E+02,  4.35620E+02,  4.35620E+02,  4.35620E+02,  4.35620E+02
 4.35620E+02,  4.35620E+02,  4.35620E+02,  4.35620E+02,  4.35620E+02
 4.35620E+02,  4.35620E+02,  4.35620E+02,  4.35620E+02,  4.35620E+02
 4.35620E+02,  4.35620E+02,  4.35620E+02,  4.35620E+02,  4.35620E+02
 4.35620E+02,  4.35620E+02,  4.35620E+02,  4.35620E+02,  4.35620E+02
 4.35620E+02,  4.35620E+02,  4.35620E+02,  4.35620E+02,  4.35620E+02
 4.35620E+02,  4.35620E+02,  4.35620E+02,  4.35620E+02,  4.35620E+02
 4.35620E+02,  4.35620E+02,  4.35620E+02,  4.35620E+02,  4.35620E+02
 4.35620E+02,  4.35620E+02,  4.35620E+02,  4.35620E+02,  4.35620E+02
 4.35620E+02,  4.35620E+02,  4.35620E+02,  4.35620E+02,  4.35620E+02
 4.35620E+02,  4.35620E+02,  4.35620E+02,  4.35620E+02,  4.35620E+02
 4.35620E+02,  4.35620E+02,  4.35620E+02,  4.35620E+02,  4.35620E+02
 4.35620E+02,  4.35620E+02,  4.35620E+02,  4.35620E+02,  4.35620E+02
 4.35620E+02,  4.35620E+02,  4.35620E+02,  4.35620E+02,  4.35620E+02
 4.35620E+02,  4.35620E+02,  4.35620E+02,  4.35620E+02,  4.35620E+02
 4.35620E+02,  4.35620E+02,  4.35620E+02,  4.35620E+02,  4.35620E+02
 4.35620E+02,  4.35620E+02,  4.35620E+02,  4.35620E+02,  4.35620E+02
 4.35620E+02,  4.35620E+02,  4.35620E+02,  4.35620E+02,  4.35620E+02
 4.35620E+02,  4.35620E+02,  4.35620E+02,  4.35620E+02,  4.35620E+02
 4.35620E+02,  4.35620E+02,  4.35620E+02,  4.35620E+02,  4.35620E+02
 4.35620E+02,  4.35620E+02,  4.35620E+02,  4.35620E+02,  4.35620E+02
 4.35620E+02,  4.35620E+02,  4.35620E+02,  4.35620E+02,  4.35620E+02
 4.35620E+02,  4.35620E+02,  4.35620E+02,  4.35620E+02,  4.35620E+02
 4.35620E+02,  4.35620E+02,  4.35620E+02,  4.35620E+02,  4.35620E+02
 4.35620E+02,  4.35620E+02,  4.35620E+02,  4.35620E+02,  4.35620E+02
 4.35620E+02,  4.35620E+02,  4.35620E+02,  4.35620E+02,  4.35620E+02
 4.35620E+02,  4.35620E+02,  4.35620E+02,  4.35620E+02,  4.35620E+02
 4.35620E+02,  4.35620E+02,  4.35620E+02,  4.35620E+02,  4.35620E+02
 4.35620E+02,  4.35620E+02,  4.35620E+02,  4.35620E+02,  4.35620E+02
 4.35620E+02,  4.35620E+02,  4.35620E+02,  4.35620E+02,  4.35620E+02
 4.35620E+02,  4.35620E+02,  4.35620E+02,  4.35620E+02,  4.35620E+02
 4.35620E+02,  4.35620E+02,  4.35620E+02,  4.35620E+02,  4.35620E+02
 4.35620E+02,  4.35620E+02,  4.35620E+02,  4.35620E+02,  4.35620E+02
 4.35620E+02,  4.35620E+02,  4.35620E+02,  4.35620E+02,  4.35620E+02
 4.35620E+02,  4.35620E+02,  4.35620E+02,  4.35620E+02,  4.35620E+02
 4.35620E+02,  4.35620E+02,  4.35620E+02,  4.35620E+02,  4.35620E+02
 4.35620E+02,  4.35620E+02,  4.35620E+02,  4.35620E+02,  4.35620E+02
 4.35620E+02,  4.35620E+02,  4.35620E+02,  4.35620E+02,  4.35620E+02
 4.35620E+02,  4.35620E+02,  4.35620E+02,  4.35620E+02,  4.35620E+02
 4.35620E+02,  4.35620E+02,  4.35620E+02,  4.35620E+02,  4.35620E+02
 4.35620E+02,  4.35620E+02,  4.35620E+02,  4.35620E+02,  4.35620E+02
 4.35620E+02,  4.35620E+02,  4.35620E+02,  4.35620E+02,  4.35620E+02
 4.35620E+02,  4.35620E+02,  4.35620E+02,  4.35620E+02,  4.35620E+02
 4.35620E+02,  4.35620E+02,  4.35620E+02,  4.35620E+02,  4.35620E+02
 4.35620E+02,  4.35620E+02,  4.35620E+02,  4.35620E+02,  4.35620E+02
 4.35620E+02,  4.35620E+02,  4.35620E+02,  4.35620E+02,  4.35620E+02
 4.35620E+02,  4.35620E+02,  4.35620E+02,  4.35620E+02,  4.35620E+02
 4.35620E+02,  4.35620E+02,  4.35620E+02,  4.35620E+02,  4.35620E+02
 4.35620E+02,  4.35620E+02,  4.35620E+02,  4.35620E+02,  4.35620E+02
 4.35620E+02,  4.35620E+02,  4.35620E+02,  4.35620E+02,  4.35620E+02
 4.35620E+02,  4.35620E+02,  4.35620E+02,  4.35620E+02,  4.35620E+02
 4.35620E+02,  4.35620E+02,  4.35620E+02,  4.35620E+02,  4.35620E+02
 4.35620E+02,  4.35620E+02,  4.35620E+02,  4.35620E+02,  4.35620E+02
 4.35620E+02,  4.35620E+02,  4.35620E+02,  4.35620E+02,  4.35620E+02
 4.35620E+02,  4.35620E+02,  4.35620E+02,  4.35620E+02,  4.35620E+02
 4.35620E+02,  4.35620E+02,  4.35620E+02,  4.35620E+02,  4.35620E+02
 4.35620E+02,  4.35620E+02,  4.35620E+02,  4.35620E+02,  4.35620E+02
 4.35620E+02,  4.35620E+02,  4.35620E+02,  4.35620E+02,  4.35620E+02
 4.35620E+02,  4.35620E+02,  4.35620E+02,  4.35620E+02,  4.35620E+02
 4.35620E+02,  4.35620E+02,  4.35620E+02,  4.35620E+02,  4.35620E+02
 4.35620E+02,  4.35620E+02,  4.35620E+02,  4.35620E+02,  4.35620E+02
 4.35620E+02,  4.35620E+02,  4.35620E+02,  4.35620E+02,  4.35620E+02
 4.35620E+02,  4.35620E+02,  4.35620E+02,  4.35620E+02,  4.35620E+02
 4.35620E+02,  4.35620E+02,  4.35620E+02,  4.35620E+02,  4.35620E+02
 4.35620E+02,  4.35620E+02,  4.35620E+02,  4.35620E+02,  4.35620E+02
 4.35620E+02,  4.35620E+02,  4.35620E+02,  4.35620E+02,  4.35620E+02
 4.35620E+02,  4.35620E+02,  4.35620E+02,  4.35620E+02,  4.35620E+02
 4.35620E+02,  4.35620E+02,  4.35620E+02,  4.35620E+02,  4.35620E+02
 4.35620E+02,  4.35620E+02,  4.35620E+02,  4.35620E+02,  4.35620E+02
 4.35620E+02,  4.35620E+02,  4.35620E+02,  4.35620E+02,  4.35620E+02
 4.35620E+02,  4.35620E+02,  4.35620E+02,  4.35620E+02,  4.35620E+02
 4.35620E+02,  4.35620E+02,  4.35620E+02,  4.35620E+02,  4.35620E+02
 4.35620E+02,  4.35620E+02,  4.35620E+02,  4.35620E+02,  4.35620E+02
 4.35620E+02,  4.35620E+02,  4.35620E+02,  4.35620E+02,  4.35620E+02
 4.35620E+02,  4.35620E+02,  4.35620E+02,  4.35620E+02,  4.35620E+02
 4.35620E+02,  4.35620E+02,  4.35620E+02,  4.35620E+02,  4.35620E+02
 4.35620E+02,  4.35620E+02,  4.35620E+02,  4.35620E+02,  4.35620E+02
 4.35620E+02,  4.35620E+02,  4.35620E+02,  4.35620E+02,  4.35620E+02
 4.35620E+02,  4.35620E+02,  4.35620E+02,  4.35620E+02,  4.35620E+02
 4.35620E+02,  4.35620E+02,  4.35620E+02,  4.35620E+02,  4.35620E+02
 4.35620E+02,  4.35620E+02,  4.35620E+02,  4.35620E+02,  4.35620E+02
 4.35620E+02,  4.35620E+02,  4.35620E+02,  4.35620E+02,  4.35620E+02
 4.35620E+02,  4.35620E+02,  4.35620E+02,  4.35620E+02,  4.35620E+02
 4.35620E+02,  4.35620E+02,  4.35620E+02,  4.35620E+02,  4.35620E+02
 4.35620E+02,  4.35620E+02,  4.35620E+02,  4.35620E+02,  4.35620E+02
 4.35620E+02,  4.35620E+02,  4.35620E+02,  4.35620E+02,  4.35620E+02
 4.35620E+02,  4.35620E+02,  4.35620E+02,  4.35620E+02,  4.35620E+02
 4.35620E+02,  4.35620E+02,  4.35620E+02,  4.35620E+02,  4.35620E+02
 4.35620E+02,  4.35620E+02,  4.35620E+02,  4.35620E+02,  4.35620E+02
 4.35620E+02,  4.35620E+02,  4.35620E+02,  4.35620E+02,  4.35620E+02
 4.35620E+02,  4.35620E+02,  4.35620E+02,  4.35620E+02,  4.35620E+02
 4.35620E+02,  4.35620E+02,  4.35620E+02,  4.35620E+02,  4.35620E+02
 4.35620E+02,  4.35620E+02,  4.35620E+02,  4.35620E+02,  4.35620E+02
 4.35620E+02,  4.35620E+02,  4.35620E+02,  4.35620E+02,  4.35620E+02
 4.35620E+02,  4.35620E+02,  4.35620E+02,  4.35620E+02,  4.35620E+02
 4.35620E+02,  4.35620E+02,  4.35620E+02,  4.35620E+02,  4.35620E+02
 4.35620E+02,  4.35620E+02,  4.35620E+02,  4.35620E+02,  4.35620E+02
 4.35620E+02,  4.35620E+02,  4.35620E+02,  4.35620E+02,  4.35620E+02
 4.35620E+02,  4.35620E+02,  4.35620E+02,  4.35620E+02,  4.35620E+02
 4.35620E+02,  4.35620E+02,  4.35620E+02,  4.35620E+02,  4.35620E+02
 4.35620E+02,  4.35620E+02,  4.35620E+02,  4.35620E+02,  4.35620E+02
 4.35620E+02,  4.35620E+02,  4.35620E+02,  4.35620E+02,  4.35620E+02
 4.35620E+02,  4.35620E+02,  4.35620E+02,  4.35620E+02,  4.35620E+02
 4.35620E+02,  4.35620E+02,  4.35620E+02,  4.35620E+02,  4.35620E+02
 4.35620E+02,  4.35620E+02,  4.35620E+02,  4.35620E+02,  4.35620E+02
 4.35620E+02,  4.35620E+02,  4.35620E+02,  4.35620E+02,  4.35620E+02
 4.35620E+02,  4.35620E+02,  4.35620E+02,  4.35620E+02,  4.35620E+02
 4.35620E+02,  4.35620E+02,  4.35620E+02,  4.35620E+02,  4.35620E+02
 4.35620E+02,  4.35620E+02,  4.35620E+02,  4.35620E+02,  4.35620E+02
 4.35620E+02,  4.35620E+02,  4.35620E+02,  4.35620E+02,  4.35620E+02
 4.35620E+02,  4.35620E+02,  4.35620E+02,  4.35620E+02,  4.35620E+02
 4.35620E+02,  4.35620E+02,  4.35620E+02,  4.35620E+02,  4.35620E+02
 4.35620E+02,  4.35620E+02,  4.35620E+02,  4.35620E+02,  4.35620E+02
 4.35620E+02,  4.35620E+02,  4.35620E+02,  4.35620E+02,  4.35620E+02
 4.35620E+02,  4.35620E+02,  4.35620E+02,  4.35620E+02,  4.35620E+02
 4.35620E+02,  4.35620E+02,  4.35620E+02,  4.35620E+02,  4.35620E+02
 4.35620E+02,  4.35620E+02,  4.35620E+02,  4.35620E+02,  4.35620E+02
 4.35620E+02,  4.35620E+02,  4.35620E+02,  4.35620E+02,  4.35620E+02
 4.35620E+02,  4.35620E+02,  4.35620E+02,  4.35620E+02,  4.35620E+02
 4.35620E+02,  4.35620E+02,  4.35620E+02,  4.35620E+02,  4.35620E+02
 4.35620E+02,  4.35620E+02,  4.35620E+02,  4.35620E+02,  4.35620E+02
 4.35620E+02,  4.35620E+02,  4.35620E+02,  4.35620E+02,  4.35620E+02
 4.35620E+02,  4.35620E+02,  4.35620E+02,  4.35620E+02,  4.35620E+02
 4.35620E+02,  4.35620E+02,  4.35620E+02,  4.35620E+02,  4.35620E+02
 4.35620E+02,  4.35620E+02,  4.35620E+02,  4.35620E+02,  4.35620E+02
 4.35620E+02,  4.35620E+02,  4.35620E+02,  4.35620E+02,  4.35620E+02
 4.35620E+02,  4.35620E+02,  4.35620E+02,  4.35620E+02,  4.35620E+02
 4.35620E+02,  4.35620E+02,  4.35620E+02,  4.35620E+02,  4.35620E+02
 4.35620E+02,  4.35620E+02,  4.35620E+02,  4.35620E+02,  4.35620E+02
 4.35620E+02,  4.35620E+02,  4.35620E+02,  4.35620E+02,  4.35620E+02
 4.35620E+02,  4.35620E+02,  4.35620E+02,  4.35620E+02,  4.35620E+02
 4.35620E+02,  4.35620E+02,  4.35620E+02,  4.35620E+02,  4.35620E+02
 4.35620E+02,  4.35620E+02,  4.35620E+02,  4.35620E+02,  4.35620E+02
 4.35620E+02,  4.35620E+02,  4.35620E+02,  4.35620E+02,  4.35620E+02
 4.35620E+02,  4.35620E+02,  4.35620E+02,  4.35620E+02,  4.35620E+02
 4.35620E+02,  4.35620E+02,  4.35620E+02,  4.35620E+02,  4.35620E+02
 4.35620E+02,  4.35620E+02,  4.35620E+02,  4.35620E+02,  4.35620E+02
 4.35620E+02,  4.35620E+02,  4.35620E+02,  4.35620E+02,  4.35620E+02
 4.35620E+02,  4.35620E+02,  4.35620E+02,  4.35620E+02,  4.35620E+02
 4.35620E+02,  4.35620E+02,  4.35620E+02,  4.35620E+02,  4.35620E+02
 4.35620E+02,  4.35620E+02,  4.35620E+02,  4.35620E+02,  4.35620E+02
 4.35620E+02,  4.35620E+02,  4.35620E+02,  4.35620E+02,  4.35620E+02
 4.35620E+02,  4.35620E+02,  4.35620E+02,  4.35620E+02,  4.35620E+02
 4.35620E+02,  4.35620E+02,  4.35620E+02,  4.35620E+02,  4.35620E+02
 4.35620E+02,  4.35620E+02,  4.35620E+02,  4.35620E+02,  4.35620E+02
 4.35620E+02,  4.35620E+02,  4.35620E+02,  4.35620E+02,  4.35620E+02
 4.35620E+02,  4.35620E+02,  4.35620E+02,  4.35620E+02,  4.35620E+02
 4.35620E+02,  4.35620E+02,  4.35620E+02,  4.35620E+02,  4.35620E+02
 4.35620E+02,  4.35620E+02,  4.35620E+02,  4.35620E+02,  4.35620E+02
 4.35620E+02,  4.35620E+02,  4.35620E+02,  4.35620E+02,  4.35620E+02
 4.35620E+02,  4.35620E+02,  4.35620E+02,  4.35620E+02,  4.35620E+02
 4.35620E+02,  4.35620E+02,  4.35620E+02,  4.35620E+02,  4.35620E+02
 4.35620E+02,  4.35620E+02,  4.35620E+02,  4.35620E+02,  4.35620E+02
 4.35620E+02,  4.35620E+02,  4.35620E+02,  4.35620E+02,  4.35620E+02
 4.35620E+02,  4.35620E+02,  4.35620E+02,  4.35620E+02,  4.35620E+02
 4.35620E+02,  4.35620E+02,  4.35620E+02,  4.35620E+02,  4.35620E+02
 4.35620E+02,  4.35620E+02,  4.35620E+02,  4.35620E+02,  4.35620E+02
 4.35620E+02,  4.35620E+02,  4.35620E+02,  4.35620E+02,  4.35620E+02
 4.35620E+02,  4.35620E+02,  4.35620E+02,  4.35620E+02,  4.35620E+02
 4.35620E+02,  4.35620E+02,  4.35620E+02,  4.35620E+02,  4.35620E+02
 4.35620E+02,  4.35620E+02,  4.35620E+02,  4.35620E+02,  4.35620E+02
 4.35620E+02,  4.35620E+02,  4.35620E+02,  4.35620E+02,  4.35620E+02
 4.35620E+02,  4.35620E+02,  4.35620E+02,  4.35620E+02,  4.35620E+02
 4.35620E+02,  4.35620E+02,  4.35620E+02,  4.35620E+02,  4.35620E+02
 4.35620E+02,  4.35620E+02,  4.35620E+02,  4.35620E+02,  4.35620E+02
 4.35620E+02,  4.35620E+02,  4.35620E+02,  4.35620E+02,  4.35620E+02
 4.35620E+02,  4.35620E+02,  4.35620E+02,  4.35620E+02,  4.35620E+02
 4.35620E+02,  4.35620E+02,  4.35620E+02,  4.35620E+02,  4.35620E+02
 4.35620E+02,  4.35620E+02,  4.35620E+02,  4.35620E+02,  4.35620E+02
 4.35620E+02,  4.35620E+02,  4.35620E+02,  4.35620E+02,  4.35620E+02
 4.35620E+02,  4.35620E+02,  4.35620E+02,  4.35620E+02,  4.35620E+02
 4.35620E+02,  4.35620E+02,  4.35620E+02,  4.35620E+02,  4.35620E+02
 4.35620E+02,  4.35620E+02,  4.35620E+02,  4.35620E+02,  4.35620E+02
 4.35620E+02,  4.35620E+02,  4.35620E+02,  4.35620E+02,  4.35620E+02
 4.35620E+02,  4.35620E+02,  4.35620E+02,  4.35620E+02,  4.35620E+02
 4.35620E+02,  4.35620E+02,  4.35620E+02,  4.35620E+02,  4.35620E+02
 4.35620E+02,  4.35620E+02,  4.35620E+02,  4.35620E+02,  4.35620E+02
 4.35620E+02,  4.35620E+02,  4.35620E+02,  4.35620E+02,  4.35620E+02
 4.35620E+02,  4.35620E+02,  4.35620E+02,  4.35620E+02,  4.35620E+02
 4.35620E+02,  4.35620E+02,  4.35620E+02,  4.35620E+02,  4.35620E+02
 4.35620E+02,  4.35620E+02,  4.35620E+02,  4.35620E+02,  4.35620E+02
 4.35620E+02,  4.35620E+02,  4.35620E+02,  4.35620E+02,  4.35620E+02
 4.35620E+02,  4.35620E+02,  4.35620E+02,  4.35620E+02,  4.35620E+02
 4.35620E+02,  4.35620E+02,  4.35620E+02,  4.35620E+02,  4.35620E+02
 4.35620E+02,  4.35620E+02,  4.35620E+02,  4.35620E+02,  4.35620E+02
 4.35620E+02,  4.35620E+02,  4.35620E+02,  4.35620E+02,  4.35620E+02
 4.35620E+02,  4.35620E+02,  4.35620E+02,  4.35620E+02,  4.35620E+02
 4.35620E+02,  4.35620E+02,  4.35620E+02,  4.35620E+02,  4.35620E+02
 4.35620E+02,  4.35620E+02,  4.35620E+02,  4.35620E+02,  4.35620E+02
 4.35620E+02,  4.35620E+02,  4.35620E+02,  4.35620E+02,  4.35620E+02
 4.35620E+02,  4.35620E+02,  4.35620E+02,  4.35620E+02,  4.35620E+02
 4.35620E+02,  4.35620E+02,  4.35620E+02,  4.35620E+02,  4.35620E+02
 4.35620E+02,  4.35620E+02,  4.35620E+02,  4.35620E+02,  4.35620E+02
 4.35620E+02,  4.35620E+02,  4.35620E+02,  4.35620E+02,  4.35620E+02
 4.35620E+02,  4.35620E+02,  4.35620E+02,  4.35620E+02,  4.35620E+02
 4.35620E+02,  4.35620E+02,  4.35620E+02,  4.35620E+02,  4.35620E+02
 4.35620E+02,  4.35620E+02,  4.35620E+02,  4.35620E+02,  4.35620E+02
 4.35620E+02,  4.35620E+02,  4.35620E+02,  4.35620E+02,  4.35620E+02
 4.35620E+02,  4.35620E+02,  4.35620E+02,  4.35620E+02,  4.35620E+02
 4.35620E+02,  4.35620E+02,  4.35620E+02,  4.35620E+02,  4.35620E+02
 4.35620E+02,  4.35620E+02,  4.35620E+02,  4.35620E+02,  4.35620E+02
 4.35620E+02,  4.35620E+02,  4.35620E+02,  4.35620E+02,  4.35620E+02
 4.35620E+02,  4.35620E+02,  4.35620E+02,  4.35620E+02,  4.35620E+02
 4.35620E+02,  4.35620E+02,  4.35620E+02,  4.35620E+02,  4.35620E+02
 4.35620E+02,  4.35620E+02,  4.35620E+02,  4.35620E+02,  4.35620E+02
 4.35620E+02,  4.35620E+02,  4.35620E+02,  4.35620E+02,  4.35620E+02
 4.35620E+02,  4.35620E+02,  4.35620E+02,  4.35620E+02,  4.35620E+02
 4.35620E+02,  4.35620E+02,  4.35620E+02,  4.35620E+02,  4.35620E+02
 4.35620E+02,  4.35620E+02,  4.35620E+02,  4.35620E+02,  4.35620E+02
 4.35620E+02,  4.35620E+02,  4.35620E+02,  4.35620E+02,  4.35620E+02
 4.35620E+02,  4.35620E+02,  4.35620E+02,  4.35620E+02,  4.35620E+02
 4.35620E+02,  4.35620E+02,  4.35620E+02,  4.35620E+02,  4.35620E+02
 4.35620E+02,  4.35620E+02,  4.35620E+02,  4.35620E+02,  4.35620E+02
 4.35620E+02,  4.35620E+02,  4.35620E+02,  4.35620E+02,  4.35620E+02
 4.35620E+02,  4.35620E+02,  4.35620E+02,  4.35620E+02,  4.35620E+02
 4.35620E+02,  4.35620E+02,  4.35620E+02,  4.35620E+02,  4.35620E+02
 4.35620E+02,  4.35620E+02,  4.35620E+02,  4.35620E+02,  4.35620E+02
 4.35620E+02,  4.35620E+02,  4.35620E+02,  4.35620E+02,  4.35620E+02
 4.35620E+02,  4.35620E+02,  4.35620E+02,  4.35620E+02,  4.35620E+02
 4.35620E+02,  4.35620E+02,  4.35620E+02,  4.35620E+02,  4.35620E+02
 4.35620E+02,  4.35620E+02,  4.35620E+02,  4.35620E+02,  4.35620E+02
 4.35620E+02,  4.35620E+02,  4.35620E+02,  4.35620E+02,  4.35620E+02
 4.35620E+02,  4.35620E+02,  4.35620E+02,  4.35620E+02,  4.35620E+02
 4.35620E+02,  4.35620E+02,  4.35620E+02,  4.35620E+02,  4.35620E+02
 4.35620E+02,  4.35620E+02,  4.35620E+02,  4.35620E+02,  4.35620E+02
 4.35620E+02,  4.35620E+02,  4.35620E+02,  4.35620E+02,  4.35620E+02
 4.35620E+02,  4.35620E+02,  4.35620E+02,  4.35620E+02,  4.35620E+02
 4.35620E+02,  4.35620E+02,  4.35620E+02,  4.35620E+02,  4.35620E+02
 4.35620E+02,  4.35620E+02,  4.35620E+02,  4.35620E+02,  4.35620E+02
 4.35620E+02,  4.35620E+02,  4.35620E+02,  4.35620E+02,  4.35620E+02
 4.35620E+02,  4.35620E+02,  4.35620E+02,  4.35620E+02,  4.35620E+02
 4.35620E+02,  4.35620E+02,  4.35620E+02,  4.35620E+02,  4.35620E+02
 4.35620E+02,  4.35620E+02,  4.35620E+02,  4.35620E+02,  4.35620E+02
 4.35620E+02,  4.35620E+02,  4.35620E+02,  4.35620E+02,  4.35620E+02
 4.35620E+02,  4.35620E+02,  4.35620E+02,  4.35620E+02,  4.35620E+02
 4.35620E+02,  4.35620E+02,  4.35620E+02,  4.35620E+02,  4.35620E+02
 4.35620E+02,  4.35620E+02,  4.35620E+02,  4.35620E+02,  4.35620E+02
 4.35620E+02,  4.35620E+02,  4.35620E+02,  4.35620E+02,  4.35620E+02
 4.35620E+02,  4.35620E+02,  4.35620E+02,  4.35620E+02,  4.35620E+02
 4.35620E+02,  4.35620E+02,  4.35620E+02,  4.35620E+02,  4.35620E+02
 4.35620E+02,  4.35620E+02,  4.35620E+02,  4.35620E+02,  4.35620E+02
 4.35620E+02,  4.35620E+02,  4.35620E+02,  4.35620E+02,  4.35620E+02
 4.35620E+02,  4.35620E+02,  4.35620E+02,  4.35620E+02,  4.35620E+02
 4.35620E+02,  4.35620E+02,  4.35620E+02,  4.35620E+02,  4.35620E+02
 4.35620E+02,  4.35620E+02,  4.35620E+02,  4.35620E+02,  4.35620E+02
 4.35620E+02,  4.35620E+02,  4.35620E+02,  4.35620E+02,  4.35620E+02
 4.35620E+02,  4.35620E+02,  4.35620E+02,  4.35620E+02,  4.35620E+02
 4.35620E+02,  4.35620E+02,  4.35620E+02,  4.35620E+02,  4.35620E+02
 4.35620E+02,  4.35620E+02,  4.35620E+02,  4.35620E+02,  4.35620E+02
 4.35620E+02,  4.35620E+02,  4.35620E+02,  4.35620E+02,  4.35620E+02
 4.35620E+02,  4.35620E+02,  4.35620E+02,  4.35620E+02,  4.35620E+02
 4.35620E+02,  4.35620E+02,  4.35620E+02,  4.35620E+02,  4.35620E+02
 4.35620E+02,  4.35620E+02,  4.35620E+02,  4.35620E+02,  4.35620E+02
 4.35620E+02,  4.35620E+02,  4.35620E+02,  4.35620E+02,  4.35620E+02
 4.35620E+02,  4.35620E+02,  4.35620E+02,  4.35620E+02,  4.35620E+02
 4.35620E+02,  4.35620E+02,  4.35620E+02,  4.35620E+02,  4.35620E+02
 4.35620E+02,  4.35620E+02,  4.35620E+02,  4.35620E+02,  4.35620E+02
 4.35620E+02,  4.35620E+02,  4.35620E+02,  4.35620E+02,  4.35620E+02
 4.35620E+02,  4.35620E+02,  4.35620E+02,  4.35620E+02,  4.35620E+02
 4.35620E+02,  4.35620E+02,  4.35620E+02,  4.35620E+02,  4.35620E+02
 4.35620E+02,  4.35620E+02,  4.35620E+02,  4.35620E+02,  4.35620E+02
 4.35620E+02,  4.35620E+02,  4.35620E+02,  4.35620E+02,  4.35620E+02
 4.35620E+02,  4.35620E+02,  4.35620E+02,  4.35620E+02,  4.35620E+02
 4.35620E+02,  4.35620E+02,  4.35620E+02,  4.35620E+02,  4.35620E+02
 4.35620E+02,  4.35620E+02,  4.35620E+02,  4.35620E+02,  4.35620E+02
 4.35620E+02,  4.35620E+02,  4.35620E+02,  4.35620E+02,  4.35620E+02
 4.35620E+02,  4.35620E+02,  4.35620E+02,  4.35620E+02,  4.35620E+02
 4.35620E+02,  4.35620E+02,  4.35620E+02,  4.35620E+02,  4.35620E+02
 4.35620E+02,  4.35620E+02,  4.35620E+02,  4.35620E+02,  4.35620E+02
 4.35620E+02,  4.35620E+02,  4.35620E+02,  4.35620E+02,  4.35620E+02
 4.35620E+02,  4.35620E+02,  4.35620E+02,  4.35620E+02,  4.35620E+02
 4.35620E+02,  4.35620E+02,  4.35620E+02,  4.35620E+02,  4.35620E+02
 4.35620E+02,  4.35620E+02,  4.35620E+02,  4.35620E+02,  4.35620E+02
 4.35620E+02,  4.35620E+02,  4.35620E+02,  4.35620E+02,  4.35620E+02
 4.35620E+02,  4.35620E+02,  4.35620E+02,  4.35620E+02,  4.35620E+02
 4.35620E+02,  4.35620E+02,  4.35620E+02,  4.35620E+02,  4.35620E+02
 4.35620E+02,  4.35620E+02,  4.35620E+02,  4.35620E+02,  4.35620E+02
 4.35620E+02,  4.35620E+02,  4.35620E+02,  4.35620E+02,  4.35620E+02
 4.35620E+02,  4.35620E+02,  4.35620E+02,  4.35620E+02,  4.35620E+02
 4.35620E+02,  4.35620E+02,  4.35620E+02,  4.35620E+02,  4.35620E+02
 4.35620E+02,  4.35620E+02,  4.35620E+02,  4.35620E+02,  4.35620E+02
 4.35620E+02,  4.35620E+02,  4.35620E+02,  4.35620E+02,  4.35620E+02
 4.35620E+02,  4.35620E+02,  4.35620E+02,  4.35620E+02,  4.35620E+02
 4.35620E+02,  4.35620E+02,  4.35620E+02,  4.35620E+02,  4.35620E+02
 4.35620E+02,  4.35620E+02,  4.35620E+02,  4.35620E+02,  4.35620E+02
 4.35620E+02,  4.35620E+02,  4.35620E+02,  4.35620E+02,  4.35620E+02
 4.35620E+02,  4.35620E+02,  4.35620E+02,  4.35620E+02,  4.35620E+02
 4.35620E+02,  4.35620E+02,  4.35620E+02,  4.35620E+02,  4.35620E+02
 4.35620E+02,  4.35620E+02,  4.35620E+02,  4.35620E+02,  4.35620E+02
 4.35620E+02,  4.35620E+02,  4.35620E+02,  4.35620E+02,  4.35620E+02
 4.35620E+02,  4.35620E+02,  4.35620E+02,  4.35620E+02,  4.35620E+02
 4.35620E+02,  4.35620E+02,  4.35620E+02,  4.35620E+02,  4.35620E+02
 4.35620E+02,  4.35620E+02,  4.35620E+02,  4.35620E+02,  4.35620E+02
 4.35620E+02,  4.35620E+02,  4.35620E+02,  4.35620E+02,  4.35620E+02
 4.35620E+02,  4.35620E+02,  4.35620E+02,  4.35620E+02,  4.35620E+02
 4.35620E+02,  4.35620E+02,  4.35620E+02,  4.35620E+02,  4.35620E+02
 4.35620E+02,  4.35620E+02,  4.35620E+02,  4.35620E+02,  4.35620E+02
 4.35620E+02,  4.35620E+02,  4.35620E+02,  4.35620E+02,  4.35620E+02
 4.35620E+02,  4.35620E+02,  4.35620E+02,  4.35620E+02,  4.35620E+02
 4.35620E+02,  4.35620E+02,  4.35620E+02,  4.35620E+02,  4.35620E+02
 4.35620E+02,  4.35620E+02,  4.35620E+02,  4.35620E+02,  4.35620E+02
 4.35620E+02,  4.35620E+02,  4.35620E+02,  4.35620E+02,  4.35620E+02
 4.35620E+02,  4.35620E+02,  4.35620E+02,  4.35620E+02,  4.35620E+02
 4.35620E+02,  4.35620E+02,  4.35620E+02,  4.35620E+02,  4.35620E+02
 4.35620E+02,  4.35620E+02,  4.35620E+02,  4.35620E+02,  4.35620E+02
 4.35620E+02,  4.35620E+02,  4.35620E+02,  4.35620E+02,  4.35620E+02
 4.35620E+02,  4.35620E+02,  4.35620E+02,  4.35620E+02,  4.35620E+02
 4.35620E+02,  4.35620E+02,  4.35620E+02,  4.35620E+02,  4.35620E+02
 4.35620E+02,  4.35620E+02,  4.35620E+02,  4.35620E+02,  4.35620E+02
 4.35620E+02,  4.35620E+02,  4.35620E+02,  4.35620E+02,  4.35620E+02
 4.35620E+02,  4.35620E+02,  4.35620E+02,  4.35620E+02,  4.35620E+02
 4.35620E+02,  4.35620E+02,  4.35620E+02,  4.35620E+02,  4.35620E+02
 4.35620E+02,  4.35620E+02,  4.35620E+02,  4.35620E+02,  4.35620E+02
 4.35620E+02,  4.35620E+02,  4.35620E+02,  4.35620E+02,  4.35620E+02
 4.35620E+02,  4.35620E+02,  4.35620E+02,  4.35620E+02,  4.35620E+02
 4.35620E+02,  4.35620E+02,  4.35620E+02,  4.35620E+02,  4.35620E+02
 4.35620E+02,  4.35620E+02,  4.35620E+02,  4.35620E+02,  4.35620E+02
 4.35620E+02,  4.35620E+02,  4.35620E+02,  4.35620E+02,  4.35620E+02
 4.35620E+02,  4.35620E+02,  4.35620E+02,  4.35620E+02,  4.35620E+02
 4.35620E+02,  4.35620E+02,  4.35620E+02,  4.35620E+02,  4.35620E+02
 4.35620E+02,  4.35620E+02,  4.35620E+02,  4.35620E+02,  4.35620E+02
 4.35620E+02,  4.35620E+02,  4.35620E+02,  4.35620E+02,  4.35620E+02
 4.35620E+02,  4.35620E+02,  4.35620E+02,  4.35620E+02,  4.35620E+02
 4.35620E+02,  4.35620E+02,  4.35620E+02,  4.35620E+02,  4.35620E+02
 4.35620E+02,  4.35620E+02,  4.35620E+02,  4.35620E+02,  4.35620E+02
 4.35620E+02,  4.35620E+02,  4.35620E+02,  4.35620E+02,  4.35620E+02
 4.35620E+02,  4.35620E+02,  4.35620E+02,  4.35620E+02,  4.35620E+02
 4.35620E+02,  4.35620E+02,  4.35620E+02,  4.35620E+02,  4.35620E+02
 4.35620E+02,  4.35620E+02,  4.35620E+02,  4.35620E+02,  4.35620E+02
 4.35620E+02,  4.35620E+02,  4.35620E+02,  4.35620E+02,  4.35620E+02
 4.35620E+02,  4.35620E+02,  4.35620E+02,  4.35620E+02,  4.35620E+02
 4.35620E+02,  4.35620E+02,  4.35620E+02,  4.35620E+02,  4.35620E+02
 4.35620E+02,  4.35620E+02,  4.35620E+02,  4.35620E+02,  4.35620E+02
 4.35620E+02,  4.35620E+02,  4.35620E+02,  4.35620E+02,  4.35620E+02
 4.35620E+02,  4.35620E+02,  4.35620E+02,  4.35620E+02,  4.35620E+02
 4.35620E+02,  4.35620E+02,  4.35620E+02,  4.35620E+02,  4.35620E+02
 4.35620E+02,  4.35620E+02,  4.35620E+02,  4.35620E+02,  4.35620E+02
 4.35620E+02,  4.35620E+02,  4.35620E+02,  4.35620E+02,  4.35620E+02
 4.35620E+02,  4.35620E+02,  4.35620E+02,  4.35620E+02,  4.35620E+02
 4.35620E+02,  4.35620E+02,  4.35620E+02,  4.35620E+02,  4.35620E+02
 4.35620E+02,  4.35620E+02,  4.35620E+02,  4.35620E+02,  4.35620E+02
 4.35620E+02,  4.35620E+02,  4.35620E+02,  4.35620E+02,  4.35620E+02
 4.35620E+02,  4.35620E+02,  4.35620E+02,  4.35620E+02,  4.35620E+02
 4.35620E+02,  4.35620E+02,  4.35620E+02,  4.35620E+02,  4.35620E+02
 4.35620E+02,  4.35620E+02,  4.35620E+02,  4.35620E+02,  4.35620E+02
 4.35620E+02,  4.35620E+02,  4.35620E+02,  4.35620E+02,  4.35620E+02
 4.35620E+02,  4.35620E+02,  4.35620E+02,  4.35620E+02,  4.35620E+02
 4.35620E+02,  4.35620E+02,  4.35620E+02,  4.35620E+02,  4.35620E+02
 4.35620E+02,  4.35620E+02,  4.35620E+02,  4.35620E+02,  4.35620E+02
 4.35620E+02,  4.35620E+02,  4.35620E+02,  4.35620E+02,  4.35620E+02
 4.35620E+02,  4.35620E+02,  4.35620E+02,  4.35620E+02,  4.35620E+02
 4.35620E+02,  4.35620E+02,  4.35620E+02,  4.35620E+02,  4.35620E+02
 4.35620E+02,  4.35620E+02,  4.35620E+02,  4.35620E+02,  4.35620E+02
 4.35620E+02,  4.35620E+02,  4.35620E+02,  4.35620E+02,  4.35620E+02
 4.35620E+02,  4.35620E+02,  4.35620E+02,  4.35620E+02,  4.35620E+02
 4.35620E+02,  4.35620E+02,  4.35620E+02,  4.35620E+02,  4.35620E+02
 4.35620E+02,  4.35620E+02,  4.35620E+02,  4.35620E+02,  4.35620E+02
 4.35620E+02,  4.35620E+02,  4.35620E+02,  4.35620E+02,  4.35620E+02
 4.35620E+02,  4.35620E+02,  4.35620E+02,  4.35620E+02,  4.35620E+02
 4.35620E+02,  4.35620E+02,  4.35620E+02,  4.35620E+02,  4.35620E+02
 4.35620E+02,  4.35620E+02,  4.35620E+02,  4.35620E+02,  4.35620E+02
 4.35620E+02,  4.35620E+02,  4.35620E+02,  4.35620E+02,  4.35620E+02
 4.35620E+02,  4.35620E+02,  4.35620E+02,  4.35620E+02,  4.35620E+02
 4.35620E+02,  4.35620E+02,  4.35620E+02,  4.35620E+02,  4.35620E+02
 4.35620E+02,  4.35620E+02,  4.35620E+02,  4.35620E+02,  4.35620E+02
 4.35620E+02,  4.35620E+02,  4.35620E+02,  4.35620E+02,  4.35620E+02
 4.35620E+02,  4.35620E+02,  4.35620E+02,  4.35620E+02,  4.35620E+02
 4.35620E+02,  4.35620E+02,  4.35620E+02,  4.35620E+02,  4.35620E+02
 4.35620E+02,  4.35620E+02,  4.35620E+02,  4.35620E+02,  4.35620E+02
 4.35620E+02,  4.35620E+02,  4.35620E+02,  4.35620E+02,  4.35620E+02
 4.35620E+02,  4.35620E+02,  4.35620E+02,  4.35620E+02,  4.35620E+02
 4.35620E+02,  4.35620E+02,  4.35620E+02,  4.35620E+02,  4.35620E+02
 4.35620E+02,  4.35620E+02,  4.35620E+02,  4.35620E+02,  4.35620E+02
 4.35620E+02,  4.35620E+02,  4.35620E+02,  4.35620E+02,  4.35620E+02
 4.35620E+02,  4.35620E+02,  4.35620E+02,  4.35620E+02,  4.35620E+02
 4.35620E+02,  4.35620E+02,  4.35620E+02,  4.35620E+02,  4.35620E+02
 4.35620E+02,  4.35620E+02,  4.35620E+02,  4.35620E+02,  4.35620E+02
 4.35620E+02,  4.35620E+02,  4.35620E+02,  4.35620E+02,  4.35620E+02
 4.35620E+02,  4.35620E+02,  4.35620E+02,  4.35620E+02,  4.35620E+02
 4.35620E+02,  4.35620E+02,  4.35620E+02,  4.35620E+02,  4.35620E+02
 4.35620E+02,  4.35620E+02,  4.35620E+02,  4.35620E+02,  4.35620E+02
 4.35620E+02,  4.35620E+02,  4.35620E+02,  4.35620E+02,  4.35620E+02
 4.35620E+02,  4.35620E+02,  4.35620E+02,  4.35620E+02,  4.35620E+02
 4.35620E+02,  4.35620E+02,  4.35620E+02,  4.35620E+02,  4.35620E+02
 4.35620E+02,  4.35620E+02,  4.35620E+02,  4.35620E+02,  4.35620E+02
 4.35620E+02,  4.35620E+02,  4.35620E+02,  4.35620E+02,  4.35620E+02
 4.35620E+02,  4.35620E+02,  4.35620E+02,  4.35620E+02,  4.35620E+02
 4.35620E+02,  4.35620E+02,  4.35620E+02,  4.35620E+02,  4.35620E+02
 4.35620E+02,  4.35620E+02,  4.35620E+02,  4.35620E+02,  4.35620E+02
 4.35620E+02,  4.35620E+02,  4.35620E+02,  4.35620E+02,  4.35620E+02
 4.35620E+02,  4.35620E+02,  4.35620E+02,  4.35620E+02,  4.35620E+02
 4.35620E+02,  4.35620E+02,  4.35620E+02,  4.35620E+02,  4.35620E+02
 4.35620E+02,  4.35620E+02,  4.35620E+02,  4.35620E+02,  4.35620E+02
 4.35620E+02,  4.35620E+02,  4.35620E+02,  4.35620E+02,  4.35620E+02
 4.35620E+02,  4.35620E+02,  4.35620E+02,  4.35620E+02,  4.35620E+02
 4.35620E+02,  4.35620E+02,  4.35620E+02,  4.35620E+02,  4.35620E+02
 4.35620E+02,  4.35620E+02,  4.35620E+02,  4.35620E+02,  4.35620E+02
 4.35620E+02,  4.35620E+02,  4.35620E+02,  4.35620E+02,  4.35620E+02
 4.35620E+02,  4.35620E+02,  4.35620E+02,  4.35620E+02,  4.35620E+02
 4.35620E+02,  4.35620E+02,  4.35620E+02,  4.35620E+02,  4.35620E+02
 4.35620E+02,  4.35620E+02,  4.35620E+02,  4.35620E+02,  4.35620E+02
 4.35620E+02,  4.35620E+02,  4.35620E+02,  4.35620E+02,  4.35620E+02
 4.35620E+02,  4.35620E+02,  4.35620E+02,  4.35620E+02,  4.35620E+02
 4.35620E+02,  4.35620E+02,  4.35620E+02,  4.35620E+02,  4.35620E+02
 4.35620E+02,  4.35620E+02,  4.35620E+02,  4.35620E+02,  4.35620E+02
 4.35620E+02,  4.35620E+02,  4.35620E+02,  4.35620E+02,  4.35620E+02
 4.35620E+02,  4.35620E+02,  4.35620E+02,  4.35620E+02,  4.35620E+02
 4.35620E+02,  4.35620E+02,  4.35620E+02,  4.35620E+02,  4.35620E+02
 4.35620E+02,  4.35620E+02,  4.35620E+02,  4.35620E+02,  4.35620E+02
 4.35620E+02,  4.35620E+02,  4.35620E+02,  4.35620E+02,  4.35620E+02
 4.35620E+02,  4.35620E+02,  4.35620E+02,  4.35620E+02,  4.35620E+02
 4.35620E+02,  4.35620E+02,  4.35620E+02,  4.35620E+02,  4.35620E+02
 4.35620E+02,  4.35620E+02,  4.35620E+02,  4.35620E+02,  4.35620E+02
 4.35620E+02,  4.35620E+02,  4.35620E+02,  4.35620E+02,  4.35620E+02
 4.35620E+02,  4.35620E+02,  4.35620E+02,  4.35620E+02,  4.35620E+02
 4.35620E+02,  4.35620E+02,  4.35620E+02,  4.35620E+02,  4.35620E+02
 4.35620E+02,  4.35620E+02,  4.35620E+02,  4.35620E+02,  4.35620E+02
 4.35620E+02,  4.35620E+02,  4.35620E+02,  4.35620E+02,  4.35620E+02
 4.35620E+02,  4.35620E+02,  4.35620E+02,  4.35620E+02,  4.35620E+02
 4.35620E+02,  4.35620E+02,  4.35620E+02,  4.35620E+02,  4.35620E+02
 4.35620E+02,  4.35620E+02,  4.35620E+02,  4.35620E+02,  4.35620E+02
 4.35620E+02,  4.35620E+02,  4.35620E+02,  4.35620E+02,  4.35620E+02
 4.35620E+02,  4.35620E+02,  4.35620E+02,  4.35620E+02,  4.35620E+02
 4.35620E+02,  4.35620E+02,  4.35620E+02,  4.35620E+02,  4.35620E+02
 4.35620E+02,  4.35620E+02,  4.35620E+02,  4.35620E+02,  4.35620E+02
 4.35620E+02,  4.35620E+02,  4.35620E+02,  4.35620E+02,  4.35620E+02
 4.35620E+02,  4.35620E+02,  4.35620E+02,  4.35620E+02,  4.35620E+02
 4.35620E+02,  4.35620E+02,  4.35620E+02,  4.35620E+02,  4.35620E+02
 4.35620E+02,  4.35620E+02,  4.35620E+02,  4.35620E+02,  4.35620E+02
 4.35620E+02,  4.35620E+02,  4.35620E+02,  4.35620E+02,  4.35620E+02
 4.35620E+02,  4.35620E+02,  4.35620E+02,  4.35620E+02,  4.35620E+02
 4.35620E+02,  4.35620E+02,  4.35620E+02,  4.35620E+02,  4.35620E+02
 4.35620E+02,  4.35620E+02,  4.35620E+02,  4.35620E+02,  4.35620E+02
 4.35620E+02,  4.35620E+02,  4.35620E+02,  4.35620E+02,  4.35620E+02
 4.35620E+02,  4.35620E+02,  4.35620E+02,  4.35620E+02,  4.35620E+02
 4.35620E+02,  4.35620E+02,  4.35620E+02,  4.35620E+02,  4.35620E+02
 4.35620E+02,  4.35620E+02,  4.35620E+02,  4.35620E+02,  4.35620E+02
 4.35620E+02,  4.35620E+02,  4.35620E+02,  4.35620E+02,  4.35620E+02
 4.35620E+02,  4.35620E+02,  4.35620E+02,  4.35620E+02,  4.35620E+02
 4.35620E+02,  4.35620E+02,  4.35620E+02,  4.35620E+02,  4.35620E+02
 4.35620E+02,  4.35620E+02,  4.35620E+02,  4.35620E+02,  4.35620E+02
 4.35620E+02,  4.35620E+02,  4.35620E+02,  4.35620E+02,  4.35620E+02
 4.35620E+02,  4.35620E+02,  4.35620E+02,  4.35620E+02,  4.35620E+02
 4.35620E+02,  4.35620E+02,  4.35620E+02,  4.35620E+02,  4.35620E+02
 4.35620E+02,  4.35620E+02,  4.35620E+02,  4.35620E+02,  4.35620E+02
 4.35620E+02,  4.35620E+02,  4.35620E+02,  4.35620E+02,  4.35620E+02
 4.35620E+02,  4.35620E+02,  4.35620E+02,  4.35620E+02,  4.35620E+02
 4.35620E+02,  4.35620E+02,  4.35620E+02,  4.35620E+02,  4.35620E+02
 4.35620E+02,  4.35620E+02,  4.35620E+02,  4.35620E+02,  4.35620E+02
 4.35620E+02,  4.35620E+02,  4.35620E+02,  4.35620E+02,  4.35620E+02
 4.35620E+02,  4.35620E+02,  4.35620E+02,  4.35620E+02,  4.35620E+02
 4.35620E+02,  4.35620E+02,  4.35620E+02,  4.35620E+02,  4.35620E+02
 4.35620E+02,  4.35620E+02,  4.35620E+02,  4.35620E+02,  4.35620E+02
 4.35620E+02,  4.35620E+02,  4.35620E+02,  4.35620E+02,  4.35620E+02
 4.35620E+02,  4.35620E+02,  4.35620E+02,  4.35620E+02,  4.35620E+02
 4.35620E+02,  4.35620E+02,  4.35620E+02,  4.35620E+02,  4.35620E+02
 4.35620E+02,  4.35620E+02,  4.35620E+02,  4.35620E+02,  4.35620E+02
 4.35620E+02,  4.35620E+02,  4.35620E+02,  4.35620E+02,  4.35620E+02
 4.35620E+02,  4.35620E+02,  4.35620E+02,  4.35620E+02,  4.35620E+02
 4.35620E+02,  4.35620E+02,  4.35620E+02,  4.35620E+02,  4.35620E+02
 4.35620E+02,  4.35620E+02,  4.35620E+02,  4.35620E+02,  4.35620E+02
 4.35620E+02,  4.35620E+02,  4.35620E+02,  4.35620E+02,  4.35620E+02
 4.35620E+02,  4.35620E+02,  4.35620E+02,  4.35620E+02,  4.35620E+02
 4.35620E+02,  4.35620E+02,  4.35620E+02,  4.35620E+02,  4.35620E+02
 4.35620E+02,  4.35620E+02,  4.35620E+02,  4.35620E+02,  4.35620E+02
 4.35620E+02,  4.35620E+02,  4.35620E+02,  4.35620E+02,  4.35620E+02
 4.35620E+02,  4.35620E+02,  4.35620E+02,  4.35620E+02,  4.35620E+02
 4.35620E+02,  4.35620E+02,  4.35620E+02,  4.35620E+02,  4.35620E+02
 4.35620E+02,  4.35620E+02,  4.35620E+02,  4.35620E+02,  4.35620E+02
 4.35620E+02,  4.35620E+02,  4.35620E+02,  4.35620E+02,  4.35620E+02
 4.35620E+02,  4.35620E+02,  4.35620E+02,  4.35620E+02,  4.35620E+02
 4.35620E+02,  4.35620E+02,  4.35620E+02,  4.35620E+02,  4.35620E+02
 4.35620E+02,  4.35620E+02,  4.35620E+02,  4.35620E+02,  4.35620E+02
 4.35620E+02,  4.35620E+02,  4.35620E+02,  4.35620E+02,  4.35620E+02
 4.35620E+02,  4.35620E+02,  4.35620E+02,  4.35620E+02,  4.35620E+02
 4.35620E+02,  4.35620E+02,  4.35620E+02,  4.35620E+02,  4.35620E+02
 4.35620E+02,  4.35620E+02,  4.35620E+02,  4.35620E+02,  4.35620E+02
 4.35620E+02,  4.35620E+02,  4.35620E+02,  4.35620E+02,  4.35620E+02
 4.35620E+02,  4.35620E+02,  4.35620E+02,  4.35620E+02,  4.35620E+02
 4.35620E+02,  4.35620E+02,  4.35620E+02,  4.35620E+02,  4.35620E+02
 4.35620E+02,  4.35620E+02,  4.35620E+02,  4.35620E+02,  4.35620E+02
 4.35620E+02,  4.35620E+02,  4.35620E+02,  4.35620E+02,  4.35620E+02
 4.35620E+02,  4.35620E+02,  4.35620E+02,  4.35620E+02,  4.35620E+02
 4.35620E+02,  4.35620E+02,  4.35620E+02,  4.35620E+02,  4.35620E+02
 4.35620E+02,  4.35620E+02,  4.35620E+02,  4.35620E+02,  4.35620E+02
 4.35620E+02,  4.35620E+02,  4.35620E+02,  4.35620E+02,  4.35620E+02
 4.35620E+02,  4.35620E+02,  4.35620E+02,  4.35620E+02,  4.35620E+02
 4.35620E+02,  4.35620E+02,  4.35620E+02,  4.35620E+02,  4.35620E+02
 4.35620E+02,  4.35620E+02,  4.35620E+02,  4.35620E+02,  4.35620E+02
 4.35620E+02,  4.35620E+02,  4.35620E+02,  4.35620E+02,  4.35620E+02
 4.35620E+02,  4.35620E+02,  4.35620E+02,  4.35620E+02,  4.35620E+02
 4.35620E+02,  4.35620E+02,  4.35620E+02,  4.35620E+02,  4.35620E+02
 4.35620E+02,  4.35620E+02,  4.35620E+02,  4.35620E+02,  4.35620E+02
 4.35620E+02,  4.35620E+02,  4.35620E+02,  4.35620E+02,  4.35620E+02
 4.35620E+02,  4.35620E+02,  4.35620E+02,  4.35620E+02,  4.35620E+02
 4.35620E+02,  4.35620E+02,  4.35620E+02,  4.35620E+02,  4.35620E+02
 4.35620E+02,  4.35620E+02,  4.35620E+02,  4.35620E+02,  4.35620E+02
 4.35620E+02,  4.35620E+02,  4.35620E+02,  4.35620E+02,  4.35620E+02
 4.35620E+02,  4.35620E+02,  4.35620E+02,  4.35620E+02,  4.35620E+02
 4.35620E+02,  4.35620E+02,  4.35620E+02,  4.35620E+02,  4.35620E+02
 4.35620E+02,  4.35620E+02,  4.35620E+02,  4.35620E+02,  4.35620E+02
 4.35620E+02,  4.35620E+02,  4.35620E+02,  4.35620E+02,  4.35620E+02
 4.35620E+02,  4.35620E+02,  4.35620E+02,  4.35620E+02,  4.35620E+02
 4.35620E+02,  4.35620E+02,  4.35620E+02,  4.35620E+02,  4.35620E+02
 4.35620E+02,  4.35620E+02,  4.35620E+02,  4.35620E+02,  4.35620E+02
 4.35620E+02,  4.35620E+02,  4.35620E+02,  4.35620E+02,  4.35620E+02
 4.35620E+02,  4.35620E+02,  4.35620E+02,  4.35620E+02,  4.35620E+02
 4.35620E+02,  4.35620E+02,  4.35620E+02,  4.35620E+02,  4.35620E+02
 4.35620E+02,  4.35620E+02,  4.35620E+02,  4.35620E+02,  4.35620E+02
 4.35620E+02,  4.35620E+02,  4.35620E+02,  4.35620E+02,  4.35620E+02
 4.35620E+02,  4.35620E+02,  4.35620E+02,  4.35620E+02,  4.35620E+02
 4.35620E+02,  4.35620E+02,  4.35620E+02,  4.35620E+02,  4.35620E+02
 4.35620E+02,  4.35620E+02,  4.35620E+02,  4.35620E+02,  4.35620E+02
 4.35620E+02,  4.35620E+02,  4.35620E+02,  4.35620E+02,  4.35620E+02
 4.35620E+02

;-Sensitivity in the elemental sequential order

 4.44854E-02,  4.58581E-02,  4.30595E-02,  3.52893E-02,  2.66236E-02
 1.95719E-02,  1.45253E-02,  1.10195E-02,  8.55057E-03,  6.77189E-03
 5.46565E-03,  4.49240E-03,  3.75858E-03,  3.19795E-03,  2.76128E-03
 5.96537E-03,  5.96537E-03,  9.90482E-03,  9.90482E-03,  9.90482E-03
 9.90482E-03,  9.90482E-03,  9.90482E-03,  4.44854E-02,  4.58581E-02
 4.30595E-02,  3.52893E-02,  2.66236E-02,  1.95719E-02,  1.45253E-02
 1.10195E-02,  8.55057E-03,  6.77189E-03,  5.46565E-03,  4.49240E-03
 3.75858E-03,  3.19795E-03,  2.76128E-03,  5.96537E-03,  5.96537E-03
 9.90482E-03,  9.90482E-03,  9.90482E-03,  9.90482E-03,  9.90482E-03
 9.90482E-03,  4.44854E-02,  4.58581E-02,  4.30595E-02,  3.52893E-02
 2.66236E-02,  1.95719E-02,  1.45253E-02,  1.10195E-02,  8.55057E-03
 6.77189E-03,  5.46565E-03,  4.49240E-03,  3.75858E-03,  3.19795E-03
 2.76128E-03,  5.96537E-03,  5.96537E-03,  9.90482E-03,  9.90482E-03
 9.90482E-03,  9.90482E-03,  9.90482E-03,  9.90482E-03,  4.44854E-02
 4.58581E-02,  4.30595E-02,  3.52893E-02,  2.66236E-02,  1.95719E-02
 1.45253E-02,  1.10195E-02,  8.55057E-03,  6.77189E-03,  5.46565E-03
 4.49240E-03,  3.75858E-03,  3.19795E-03,  2.76128E-03,  5.96537E-03
 5.96537E-03,  9.90482E-03,  9.90482E-03,  9.90482E-03,  9.90482E-03
 9.90482E-03,  9.90482E-03,  4.44854E-02,  4.58581E-02,  4.30595E-02
 3.52893E-02,  2.66236E-02,  1.95719E-02,  1.45253E-02,  1.10195E-02
 8.55057E-03,  6.77189E-03,  5.46565E-03,  4.49240E-03,  3.75858E-03
 3.19795E-03,  2.76128E-03,  5.96537E-03,  5.96537E-03,  9.90482E-03
 9.90482E-03,  9.90482E-03,  9.90482E-03,  9.90482E-03,  9.90482E-03
 4.44854E-02,  4.58581E-02,  4.30595E-02,  3.52893E-02,  2.66236E-02
 1.95719E-02,  1.45253E-02,  1.10195E-02,  8.55057E-03,  6.77189E-03
 5.46565E-03,  4.49240E-03,  3.75858E-03,  3.19795E-03,  2.76128E-03
 5.96537E-03,  5.96537E-03,  9.90482E-03,  9.90482E-03,  9.90482E-03
 9.90482E-03,  9.90482E-03,  9.90482E-03,  9.23146E-01,  2.72654E-01
 1.07244E-01,  4.94764E-02,  2.50919E-02,  1.36822E-02,  7.85344E-03
 4.69829E-03,  2.92180E-03,  1.88386E-03,  1.25397E-03,  8.58290E-04
 6.02676E-04,  4.33716E-04,  3.19558E-04,  5.33606E-04,  5.33606E-04
 4.74236E-04,  4.74236E-04,  4.74236E-04,  4.74236E-04,  4.74236E-04
 4.74236E-04,  9.23146E-01,  2.72654E-01,  1.07244E-01,  4.94764E-02
 2.50919E-02,  1.36822E-02,  7.85344E-03,  4.69829E-03,  2.92180E-03
 1.88386E-03,  1.25397E-03,  8.58290E-04,  6.02676E-04,  4.33716E-04
 3.19558E-04,  5.33606E-04,  5.33606E-04,  4.74236E-04,  4.74236E-04
 4.74236E-04,  4.74236E-04,  4.74236E-04,  4.74236E-04,  1.23108E+00
 2.92092E-01,  7.74032E-02,  2.44258E-02,  1.05965E-02,  5.54708E-03
 3.12256E-03,  1.83894E-03,  1.12612E-03,  7.14788E-04,  4.68850E-04
 3.16999E-04,  2.20522E-04,  1.57553E-04,  1.15300E-04,  1.89947E-04
 1.89947E-04,  1.62085E-04,  1.62085E-04,  1.62085E-04,  1.62085E-04
 1.62085E-04,  1.62085E-04,  4.39803E+00,  1.02063E+00,  2.13261E-01
 4.69783E-02,  1.48342E-02,  6.66720E-03,  3.55597E-03,  2.04990E-03
 1.24000E-03,  7.78898E-04,  5.05790E-04,  3.38879E-04,  2.33984E-04
 1.66177E-04,  1.20983E-04,  1.97568E-04,  1.97568E-04,  1.64639E-04
 1.64639E-04,  1.64639E-04,  1.64639E-04,  1.64639E-04,  1.64639E-04
 2.08759E+00,  1.36547E+00,  3.13627E-01,  6.88748E-02,  2.03757E-02
 8.31019E-03,  4.17488E-03,  2.33752E-03,  1.39059E-03,  8.61996E-04
 5.52803E-04,  3.66125E-04,  2.50323E-04,  1.76373E-04,  1.27550E-04
 2.06147E-04,  2.06147E-04,  1.67406E-04,  1.67406E-04,  1.67406E-04
 1.67406E-04,  1.67406E-04,  1.67406E-04,  4.68611E+00,  1.66202E+00
 3.70420E-01,  8.44675E-02,  2.54483E-02,  1.01125E-02,  4.91418E-03
 2.69150E-03,  1.57791E-03,  9.65782E-04,  6.11489E-04,  3.99942E-04
 2.70386E-04,  1.88729E-04,  1.35417E-04,  2.16335E-04,  2.16335E-04
 1.70905E-04,  1.70905E-04,  1.70905E-04,  1.70905E-04,  1.70905E-04
 1.70905E-04,  4.70513E+00,  1.66947E+00,  3.85403E-01,  9.32204E-02
 2.93417E-02,  1.17794E-02,  5.68183E-03,  3.08384E-03,  1.79307E-03
 1.08738E-03,  6.80973E-04,  4.40121E-04,  2.94167E-04,  2.03285E-04
 1.44627E-04,  2.28204E-04,  2.28204E-04,  1.75173E-04,  1.75173E-04
 1.75173E-04,  1.75173E-04,  1.75173E-04,  1.75173E-04,  4.83439E+00
 1.69312E+00,  3.94359E-01,  9.83110E-02,  3.20733E-02,  1.31495E-02
 6.39145E-03,  3.47637E-03,  2.01905E-03,  1.21878E-03,  7.57262E-04
 4.84561E-04,  3.20485E-04,  2.19324E-04,  1.54709E-04,  2.41059E-04
 2.41059E-04,  1.79700E-04,  1.79700E-04,  1.79700E-04,  1.79700E-04
 1.79700E-04,  1.79700E-04,  4.83697E+00,  1.69630E+00,  3.98312E-01
 1.01380E-01,  3.39641E-02,  1.42238E-02,  7.01336E-03,  3.85088E-03
 2.24709E-03,  1.35607E-03,  8.38755E-04,  5.32707E-04,  3.49230E-04
 2.36904E-04,  1.65769E-04,  2.55153E-04,  2.55153E-04,  1.84739E-04
 1.84739E-04,  1.84739E-04,  1.84739E-04,  1.84739E-04,  1.84739E-04
 4.86689E+00,  1.70202E+00,  4.00712E-01,  1.03227E-01,  3.52441E-02
 1.50373E-02,  7.53700E-03,  4.19439E-03,  2.46875E-03,  1.49455E-03
 9.22981E-04,  5.83328E-04,  3.79819E-04,  2.55755E-04,  1.77682E-04
 2.70389E-04,  2.70389E-04,  1.90280E-04,  1.90280E-04,  1.90280E-04
 1.90280E-04,  1.90280E-04,  1.90280E-04,  4.85672E+00,  1.70206E+00
 4.01381E-01,  1.04171E-01,  3.60395E-02,  1.56154E-02,  7.95521E-03
 4.49460E-03,  2.67429E-03,  1.62786E-03,  1.00613E-03,  6.34227E-04
 4.11000E-04,  2.75154E-04,  1.90012E-04,  2.86210E-04,  2.86210E-04
 1.96008E-04,  1.96008E-04,  1.96008E-04,  1.96008E-04,  1.96008E-04
 1.96008E-04,  4.86086E+00,  1.70307E+00,  4.02025E-01,  1.04809E-01
 3.65919E-02,  1.60532E-02,  8.30396E-03,  4.76450E-03,  2.86836E-03
 1.75788E-03,  1.08920E-03,  6.86125E-04,  4.43364E-04,  2.95593E-04
 2.03159E-04,  3.03317E-04,  3.03317E-04,  2.02476E-04,  2.02476E-04
 2.02476E-04,  2.02476E-04,  2.02476E-04,  2.02476E-04,  4.87161E+00
 1.70389E+00,  4.02726E-01,  1.05321E-01,  3.70064E-02,  1.63980E-02
 8.60106E-03,  5.00882E-03,  3.05092E-03,  1.88345E-03,  1.17118E-03
 7.38376E-04,  4.76562E-04,  3.16903E-04,  2.17051E-04,  3.21675E-04
 3.21675E-04,  2.09696E-04,  2.09696E-04,  2.09696E-04,  2.09696E-04
 2.09696E-04,  2.09696E-04,  4.86172E+00,  1.70267E+00,  4.02840E-01
 1.05551E-01,  3.72489E-02,  1.66381E-02,  8.83687E-03,  5.21758E-03
 3.21315E-03,  1.99792E-03,  1.24755E-03,  7.88050E-04,  5.08734E-04
 3.37899E-04,  2.30912E-04,  3.40208E-04,  3.40208E-04,  2.17017E-04
 2.17017E-04,  2.17017E-04,  2.17017E-04,  2.17017E-04,  2.17017E-04
 4.86170E+00,  1.70272E+00,  4.02960E-01,  1.05707E-01,  3.74181E-02
 1.68244E-02,  9.03716E-03,  5.40257E-03,  3.35989E-03,  2.10320E-03
 1.31906E-03,  8.35513E-04,  5.40116E-04,  3.58766E-04,  2.44899E-04
 3.59219E-04,  3.59219E-04,  2.24703E-04,  2.24703E-04,  2.24703E-04
 2.24703E-04,  2.24703E-04,  2.24703E-04,  4.87336E+00,  1.70440E+00
 4.03156E-01,  1.05825E-01,  3.75425E-02,  1.69772E-02,  9.21302E-03
 5.56811E-03,  3.49210E-03,  2.19901E-03,  1.38519E-03,  8.80302E-04
 5.70379E-04,  3.79297E-04,  2.58889E-04,  3.78572E-04,  3.78572E-04
 2.32716E-04,  2.32716E-04,  2.32716E-04,  2.32716E-04,  2.32716E-04
 2.32716E-04,  4.86265E+00,  1.70377E+00,  4.02828E-01,  1.05768E-01
 3.75845E-02,  1.70859E-02,  9.35868E-03,  5.70880E-03,  3.60520E-03
 2.28188E-03,  1.44345E-03,  9.20696E-04,  5.98357E-04,  3.98706E-04
 2.72351E-04,  3.97528E-04,  3.97528E-04,  2.40648E-04,  2.40648E-04
 2.40648E-04,  2.40648E-04,  2.40648E-04,  2.40648E-04,  4.86290E+00
 1.70383E+00,  4.02869E-01,  1.05817E-01,  3.76633E-02,  1.72116E-02
 9.50706E-03,  5.84342E-03,  3.71050E-03,  2.35870E-03,  1.49799E-03
 9.59225E-04,  6.25632E-04,  4.18027E-04,  2.85988E-04,  4.17133E-04
 4.17133E-04,  2.49171E-04,  2.49171E-04,  2.49171E-04,  2.49171E-04
 2.49171E-04,  2.49171E-04,  4.87349E+00,  1.70447E+00,  4.03270E-01
 1.05982E-01,  3.77931E-02,  1.73631E-02,  9.66137E-03,  5.97347E-03
 3.80910E-03,  2.43020E-03,  1.54922E-03,  9.96057E-04,  6.52260E-04
 4.37273E-04,  2.99804E-04,  4.37396E-04,  4.37396E-04,  2.58295E-04
 2.58295E-04,  2.58295E-04,  2.58295E-04,  2.58295E-04,  2.58295E-04
 4.86250E+00,  1.70298E+00,  4.03182E-01,  1.06008E-01,  3.78821E-02
 1.74935E-02,  9.79237E-03,  6.08106E-03,  3.89014E-03,  2.48960E-03
 1.59277E-03,  1.02829E-03,  6.76273E-04,  4.55088E-04,  3.12854E-04
 4.56936E-04,  4.56936E-04,  2.67222E-04,  2.67222E-04,  2.67222E-04
 2.67222E-04,  2.67222E-04,  2.67222E-04,  4.86243E+00,  1.70296E+00
 4.03197E-01,  1.06069E-01,  3.79926E-02,  1.76243E-02,  9.91086E-03
 6.17420E-03,  3.95957E-03,  2.54092E-03,  1.63114E-03,  1.05745E-03
 6.98591E-04,  4.72043E-04,  3.25509E-04,  4.76279E-04,  4.76279E-04
 2.76282E-04,  2.76282E-04,  2.76282E-04,  2.76282E-04,  2.76282E-04
 2.76282E-04,  4.87376E+00,  1.70454E+00,  4.03350E-01,  1.06173E-01
 3.81150E-02,  1.77454E-02,  1.00129E-02,  6.25263E-03,  4.01811E-03
 2.58483E-03,  1.66475E-03,  1.08372E-03,  7.19259E-04,  4.88120E-04
 3.37732E-04,  4.95347E-04,  4.95347E-04,  2.85439E-04,  2.85439E-04
 2.85439E-04,  2.85439E-04,  2.85439E-04,  2.85439E-04,  4.86310E+00
 1.70393E+00,  4.03040E-01,  1.06141E-01,  3.81689E-02,  1.78195E-02
 1.00812E-02,  6.30751E-03,  4.06068E-03,  2.61817E-03,  1.69151E-03
 1.10564E-03,  7.37232E-04,  5.02556E-04,  3.48965E-04,  5.13291E-04
 5.13291E-04,  2.94209E-04,  2.94209E-04,  2.94209E-04,  2.94209E-04
 2.94209E-04,  2.94209E-04,  4.86314E+00,  1.70398E+00,  4.03092E-01
 1.06206E-01,  3.82441E-02,  1.78950E-02,  1.01465E-02,  6.35918E-03
 4.10068E-03,  2.64959E-03,  1.71695E-03,  1.12674E-03,  7.54793E-04
 5.16856E-04,  3.60225E-04,  5.31567E-04,  5.31567E-04,  3.03431E-04
 3.03431E-04,  3.03431E-04,  3.03431E-04,  3.03431E-04,  3.03431E-04
 4.87379E+00,  1.70462E+00,  4.03485E-01,  1.06366E-01,  3.83459E-02
 1.79770E-02,  1.02125E-02,  6.41016E-03,  4.13976E-03,  2.68016E-03
 1.74171E-03,  1.14742E-03,  7.72157E-04,  5.31135E-04,  3.71573E-04
 5.50238E-04,  5.50238E-04,  3.13127E-04,  3.13127E-04,  3.13127E-04
 3.13127E-04,  3.13127E-04,  3.13127E-04,  4.86270E+00,  1.70309E+00
 4.03388E-01,  1.06379E-01,  3.83830E-02,  1.80208E-02,  1.02528E-02
 6.44364E-03,  4.16695E-03,  2.70270E-03,  1.76110E-03,  1.16452E-03
 7.87149E-04,  5.43857E-04,  3.81909E-04,  5.67642E-04,  5.67642E-04
 3.22346E-04,  3.22346E-04,  3.22346E-04,  3.22346E-04,  3.22346E-04
 3.22346E-04,  4.86271E+00,  1.70310E+00,  4.03411E-01,  1.06411E-01
 3.84196E-02,  1.80575E-02,  1.02856E-02,  6.47101E-03,  4.18955E-03
 2.72191E-03,  1.77810E-03,  1.17995E-03,  8.01005E-04,  5.55830E-04
 3.91772E-04,  5.84531E-04,  5.84531E-04,  3.31509E-04,  3.31509E-04
 3.31509E-04,  3.31509E-04,  3.31509E-04,  3.31509E-04,  4.87388E+00
 1.70466E+00,  4.03539E-01,  1.06452E-01,  3.84526E-02,  1.80882E-02
 1.03127E-02,  6.49368E-03,  4.20853E-03,  2.73839E-03,  1.79310E-03
 1.19393E-03,  8.13838E-04,  5.67099E-04,  4.01169E-04,  6.00881E-04
 6.00881E-04,  3.40591E-04,  3.40591E-04,  3.40591E-04,  3.40591E-04
 3.40591E-04,  3.40591E-04,  4.86321E+00,  1.70402E+00,  4.03168E-01
 1.06339E-01,  3.84230E-02,  1.80867E-02,  1.03199E-02,  6.50296E-03
 4.21831E-03,  2.74855E-03,  1.80373E-03,  1.20486E-03,  8.24510E-04
 5.76837E-04,  4.09492E-04,  6.15737E-04,  6.15737E-04,  3.49038E-04
 3.49038E-04,  3.49038E-04,  3.49038E-04,  3.49038E-04,  3.49038E-04
 4.86324E+00,  1.70402E+00,  4.03172E-01,  1.06350E-01,  3.84412E-02
 1.81071E-02,  1.03387E-02,  6.51896E-03,  4.23204E-03,  2.76099E-03
 1.81566E-03,  1.21650E-03,  8.35575E-04,  5.86803E-04,  4.17972E-04
 6.30912E-04,  6.30912E-04,  3.57864E-04,  3.57864E-04,  3.57864E-04
 3.57864E-04,  3.57864E-04,  3.57864E-04,  4.87390E+00,  1.70467E+00
 4.03560E-01,  1.06492E-01,  3.85095E-02,  1.81503E-02,  1.03698E-02
 6.54230E-03,  4.25025E-03,  2.77613E-03,  1.82919E-03,  1.22908E-03
 8.47185E-04,  5.97099E-04,  4.26673E-04,  6.46488E-04,  6.46488E-04
 3.67104E-04,  3.67104E-04,  3.67104E-04,  3.67104E-04,  3.67104E-04
 3.67104E-04,  4.86275E+00,  1.70314E+00,  4.03461E-01,  1.06489E-01
 3.85199E-02,  1.81641E-02,  1.03831E-02,  6.55391E-03,  4.26058E-03
 2.78595E-03,  1.83906E-03,  1.23907E-03,  8.56896E-04,  6.05989E-04
 4.34344E-04,  6.60544E-04,  6.60544E-04,  3.75653E-04,  3.75653E-04
 3.75653E-04,  3.75653E-04,  3.75653E-04,  3.75653E-04,  4.86274E+00
 1.70314E+00,  4.03465E-01,  1.06496E-01,  3.85303E-02,  1.81760E-02
 1.03943E-02,  6.56387E-03,  4.26963E-03,  2.79479E-03,  1.84815E-03
 1.24839E-03,  8.66018E-04,  6.14380E-04,  4.41621E-04,  6.74013E-04
 6.74013E-04,  3.84023E-04,  3.84023E-04,  3.84023E-04,  3.84023E-04
 3.84023E-04,  3.84023E-04,  4.87391E+00,  1.70468E+00,  4.03574E-01
 1.06516E-01,  3.85421E-02,  1.81866E-02,  1.04040E-02,  6.57244E-03
 4.27763E-03,  2.80285E-03,  1.85660E-03,  1.25713E-03,  8.74609E-04
 6.22305E-04,  4.48518E-04,  6.86896E-04,  6.86896E-04,  3.92203E-04
 3.92203E-04,  3.92203E-04,  3.92203E-04,  3.92203E-04,  3.92203E-04
 4.86325E+00,  1.70404E+00,  4.03199E-01,  1.06394E-01,  3.84981E-02
 1.81690E-02,  1.03967E-02,  6.57003E-03,  4.27839E-03,  2.80608E-03
 1.86173E-03,  1.26347E-03,  8.81389E-04,  6.28843E-04,  4.54366E-04
 6.98141E-04,  6.98141E-04,  3.99573E-04,  3.99573E-04,  3.99573E-04
 3.99573E-04,  3.99573E-04,  3.99573E-04,  4.86325E+00,  1.70404E+00
 4.03203E-01,  1.06399E-01,  3.85047E-02,  1.81761E-02,  1.04035E-02
 6.57646E-03,  4.28487E-03,  2.81302E-03,  1.86921E-03,  1.27126E-03
 8.89030E-04,  6.35896E-04,  4.60531E-04,  7.09832E-04,  7.09832E-04
 4.07311E-04,  4.07311E-04,  4.07311E-04,  4.07311E-04,  4.07311E-04
 4.07311E-04,  4.87391E+00,  1.70468E+00,  4.03583E-01,  1.06530E-01
 3.85615E-02,  1.82079E-02,  1.04246E-02,  6.59198E-03,  4.29731E-03
 2.82382E-03,  1.87915E-03,  1.28057E-03,  8.97610E-04,  6.43529E-04
 4.67064E-04,  7.22048E-04,  7.22048E-04,  4.15452E-04,  4.15452E-04
 4.15452E-04,  4.15452E-04,  4.15452E-04,  4.15452E-04,  4.86276E+00
 1.70314E+00,  4.03477E-01,  1.06519E-01,  3.85624E-02,  1.82121E-02
 1.04294E-02,  6.59717E-03,  4.30303E-03,  2.83017E-03,  1.88600E-03
 1.28762E-03,  9.04475E-04,  6.49842E-04,  4.72588E-04,  7.32648E-04
 7.32648E-04,  4.22754E-04,  4.22754E-04,  4.22754E-04,  4.22754E-04
 4.22754E-04,  4.22754E-04,  4.86276E+00,  1.70315E+00,  4.03479E-01
 1.06522E-01,  3.85661E-02,  1.82162E-02,  1.04338E-02,  6.60209E-03
 4.30859E-03,  2.83633E-03,  1.89258E-03,  1.29434E-03,  9.10971E-04
 6.55800E-04,  4.77800E-04,  7.42700E-04,  7.42700E-04,  4.29814E-04
 4.29814E-04,  4.29814E-04,  4.29814E-04,  4.29814E-04,  4.29814E-04
 4.87392E+00,  1.70469E+00,  4.03588E-01,  1.06539E-01,  3.85724E-02
 1.82202E-02,  1.04380E-02,  6.60694E-03,  4.31409E-03,  2.84233E-03
 1.89890E-03,  1.30072E-03,  9.17112E-04,  6.61418E-04,  4.82713E-04
 7.52215E-04,  7.52215E-04,  4.36627E-04,  4.36627E-04,  4.36627E-04
 4.36627E-04,  4.36627E-04,  4.36627E-04,  4.86326E+00,  1.70405E+00
 4.03210E-01,  1.06412E-01,  3.85225E-02,  1.81971E-02,  1.04267E-02
 6.60201E-03,  4.31312E-03,  2.84391E-03,  1.90210E-03,  1.30481E-03
 9.21524E-04,  6.65709E-04,  4.86604E-04,  7.60058E-04,  7.60058E-04
 4.42517E-04,  4.42517E-04,  4.42517E-04,  4.42517E-04,  4.42517E-04
 4.42517E-04,  4.86326E+00,  1.70405E+00,  4.03210E-01,  1.06412E-01
 3.85239E-02,  1.82001E-02,  1.04310E-02,  6.60709E-03,  4.31855E-03
 2.84954E-03,  1.90784E-03,  1.31052E-03,  9.26973E-04,  6.70673E-04
 4.90938E-04,  7.68511E-04,  7.68511E-04,  4.48800E-04,  4.48800E-04
 4.48800E-04,  4.48800E-04,  4.48800E-04,  4.48800E-04,  4.87392E+00
 1.70469E+00,  4.03589E-01,  1.06541E-01,  3.85778E-02,  1.82299E-02
 1.04513E-02,  6.62217E-03,  4.33034E-03,  2.85919E-03,  1.91612E-03
 1.31786E-03,  9.33499E-04,  6.76354E-04,  4.95752E-04,  7.77638E-04
 7.77638E-04,  4.55509E-04,  4.55509E-04,  4.55509E-04,  4.55509E-04
 4.55509E-04,  4.55509E-04,  4.86277E+00,  1.70315E+00,  4.03482E-01
 1.06528E-01,  3.85779E-02,  1.82340E-02,  1.04564E-02,  6.62738E-03
 4.33543E-03,  2.86426E-03,  1.92122E-03,  1.32292E-03,  9.38326E-04
 6.80743E-04,  4.99575E-04,  7.85132E-04,  7.85132E-04,  4.61285E-04
 4.61285E-04,  4.61285E-04,  4.61285E-04,  4.61285E-04,  4.61285E-04
 4.86277E+00,  1.70315E+00,  4.03484E-01,  1.06531E-01,  3.85824E-02
 1.82393E-02,  1.04617E-02,  6.63235E-03,  4.34017E-03,  2.86894E-03
 1.92595E-03,  1.32764E-03,  9.42850E-04,  6.84854E-04,  5.03151E-04
 7.92153E-04,  7.92153E-04,  4.66794E-04,  4.66794E-04,  4.66794E-04
 4.66794E-04,  4.66794E-04,  4.66794E-04,  4.87392E+00,  1.70469E+00
 4.03593E-01,  1.06549E-01,  3.85904E-02,  1.82450E-02,  1.04667E-02
 6.63684E-03,  4.34444E-03,  2.87321E-03,  1.93033E-03,  1.33206E-03
 9.47086E-04,  6.88699E-04,  5.06488E-04,  7.98716E-04,  7.98716E-04
 4.72034E-04,  4.72034E-04,  4.72034E-04,  4.72034E-04,  4.72034E-04
 4.72034E-04,  4.86326E+00,  1.70405E+00,  4.03215E-01,  1.06424E-01
 3.85423E-02,  1.82231E-02,  1.04553E-02,  6.63082E-03,  4.34172E-03
 2.87277E-03,  1.93147E-03,  1.33417E-03,  9.49622E-04,  6.91249E-04
 5.08831E-04,  8.03624E-04,  8.03624E-04,  4.76286E-04,  4.76286E-04
 4.76286E-04,  4.76286E-04,  4.76286E-04,  4.76286E-04,  4.86326E+00
 1.70405E+00,  4.03216E-01,  1.06425E-01,  3.85448E-02,  1.82262E-02
 1.04586E-02,  6.63408E-03,  4.34502E-03,  2.87627E-03,  1.93521E-03
 1.33801E-03,  9.53317E-04,  6.94586E-04,  5.11710E-04,  8.09295E-04
 8.09295E-04,  4.80973E-04,  4.80973E-04,  4.80973E-04,  4.80973E-04
 4.80973E-04,  4.80973E-04,  4.87392E+00,  1.70469E+00,  4.03596E-01
 1.06554E-01,  3.85983E-02,  1.82547E-02,  1.04767E-02,  6.64675E-03
 4.35446E-03,  2.88379E-03,  1.94160E-03,  1.34362E-03,  9.58207E-04
 6.98738E-04,  5.15152E-04,  8.15777E-04,  8.15777E-04,  4.86122E-04
 4.86122E-04,  4.86122E-04,  4.86122E-04,  4.86122E-04,  4.86122E-04
 4.86277E+00,  1.70315E+00,  4.03488E-01,  1.06541E-01,  3.85966E-02
 1.82562E-02,  1.04790E-02,  6.64922E-03,  4.35714E-03,  2.88679E-03
 1.94489E-03,  1.34701E-03,  9.61443E-04,  7.01626E-04,  5.17622E-04
 8.20646E-04,  8.20646E-04,  4.90283E-04,  4.90283E-04,  4.90283E-04
 4.90283E-04,  4.90283E-04,  4.90283E-04,  4.86277E+00,  1.70315E+00
 4.03489E-01,  1.06542E-01,  3.85984E-02,  1.82583E-02,  1.04812E-02
 6.65151E-03,  4.35967E-03,  2.88965E-03,  1.94802E-03,  1.35021E-03
 9.64463E-04,  7.04298E-04,  5.19896E-04,  8.25125E-04,  8.25125E-04
 4.94175E-04,  4.94175E-04,  4.94175E-04,  4.94175E-04,  4.94175E-04
 4.94175E-04,  4.87393E+00,  1.70469E+00,  4.03597E-01,  1.06558E-01
 3.86037E-02,  1.82611E-02,  1.04834E-02,  6.65370E-03,  4.36211E-03
 2.89241E-03,  1.95102E-03,  1.35323E-03,  9.67275E-04,  7.06761E-04
 5.21978E-04,  8.29227E-04,  8.29227E-04,  4.97798E-04,  4.97798E-04
 4.97798E-04,  4.97798E-04,  4.97798E-04,  4.97798E-04,  4.86326E+00
 1.70405E+00,  4.03219E-01,  1.06431E-01,  3.85534E-02,  1.82367E-02
 1.04698E-02,  6.64589E-03,  4.35801E-03,  2.89081E-03,  1.95099E-03
 1.35405E-03,  9.68430E-04,  7.07956E-04,  5.23090E-04,  8.31716E-04
 8.31716E-04,  5.00400E-04,  5.00400E-04,  5.00400E-04,  5.00400E-04
 5.00400E-04,  5.00400E-04,  4.86326E+00,  1.70405E+00,  4.03220E-01
 1.06432E-01,  3.85544E-02,  1.82380E-02,  1.04715E-02,  6.64798E-03
 4.36045E-03,  2.89349E-03,  1.95376E-03,  1.35672E-03,  9.70832E-04
 7.10011E-04,  5.24806E-04,  8.35097E-04,  8.35097E-04,  5.03480E-04
 5.03480E-04,  5.03480E-04,  5.03480E-04,  5.03480E-04,  5.03480E-04
 4.87393E+00,  1.70469E+00,  4.03599E-01,  1.06560E-01,  3.86069E-02
 1.82653E-02,  1.04886E-02,  6.66006E-03,  4.36946E-03,  2.90048E-03
 1.95935E-03,  1.36125E-03,  9.74494E-04,  7.12942E-04,  5.27142E-04
 8.39401E-04,  8.39401E-04,  5.07059E-04,  5.07059E-04,  5.07059E-04
 5.07059E-04,  5.07059E-04,  5.07059E-04,  4.86277E+00,  1.70315E+00
 4.03491E-01,  1.06546E-01,  3.86042E-02,  1.82659E-02,  1.04905E-02
 6.66238E-03,  4.37199E-03,  2.90308E-03,  1.96187E-03,  1.36356E-03
 9.76499E-04,  7.14619E-04,  5.28525E-04,  8.42130E-04,  8.42130E-04
 5.09622E-04,  5.09622E-04,  5.09622E-04,  5.09622E-04,  5.09622E-04
 5.09622E-04,  4.86277E+00,  1.70315E+00,  4.03491E-01,  1.06546E-01
 3.86053E-02,  1.82677E-02,  1.04927E-02,  6.66488E-03,  4.37454E-03
 2.90557E-03,  1.96422E-03,  1.36566E-03,  9.78298E-04,  7.16109E-04
 5.29749E-04,  8.44547E-04,  8.44547E-04,  5.11922E-04,  5.11922E-04
 5.11922E-04,  5.11922E-04,  5.11922E-04,  5.11922E-04,  4.87393E+00
 1.70469E+00,  4.03599E-01,  1.06562E-01,  3.86103E-02,  1.82707E-02
 1.04955E-02,  6.66747E-03,  4.37701E-03,  2.90790E-03,  1.96635E-03
 1.36754E-03,  9.79889E-04,  7.17416E-04,  5.30818E-04,  8.46663E-04
 8.46663E-04,  5.13963E-04,  5.13963E-04,  5.13963E-04,  5.13963E-04
 5.13963E-04,  5.13963E-04,  4.86327E+00,  1.70405E+00,  4.03221E-01
 1.06435E-01,  3.85606E-02,  1.82472E-02,  1.04827E-02,  6.66002E-03
 4.37275E-03,  2.90564E-03,  1.96530E-03,  1.36714E-03,  9.79801E-04
 7.17469E-04,  5.30941E-04,  8.47215E-04,  8.47215E-04,  5.14970E-04
 5.14970E-04,  5.14970E-04,  5.14970E-04,  5.14970E-04,  5.14970E-04
 4.86327E+00,  1.70405E+00,  4.03222E-01,  1.06436E-01,  3.85627E-02
 1.82496E-02,  1.04850E-02,  6.66220E-03,  4.37472E-03,  2.90744E-03
 1.96691E-03,  1.36854E-03,  9.80971E-04,  7.18421E-04,  5.31717E-04
 8.48755E-04,  8.48755E-04,  5.16490E-04,  5.16490E-04,  5.16490E-04
 5.16490E-04,  5.16490E-04,  5.16490E-04,  4.87393E+00,  1.70469E+00
 4.03601E-01,  1.06565E-01,  3.86162E-02,  1.82777E-02,  1.05024E-02
 6.67385E-03,  4.38285E-03,  2.91326E-03,  1.97119E-03,  1.37176E-03
 9.83410E-04,  7.20285E-04,  5.33153E-04,  8.51301E-04,  8.51301E-04
 5.18533E-04,  5.18533E-04,  5.18533E-04,  5.18533E-04,  5.18533E-04
 5.18533E-04,  4.86277E+00,  1.70315E+00,  4.03494E-01,  1.06552E-01
 3.86138E-02,  1.82781E-02,  1.05035E-02,  6.67505E-03,  4.38403E-03
 2.91439E-03,  1.97224E-03,  1.37267E-03,  9.84176E-04,  7.20907E-04
 5.33658E-04,  8.52309E-04,  8.52309E-04,  5.19546E-04,  5.19546E-04
 5.19546E-04,  5.19546E-04,  5.19546E-04,  5.19546E-04,  4.86277E+00
 1.70315E+00,  4.03494E-01,  1.06552E-01,  3.86141E-02,  1.82786E-02
 1.05041E-02,  6.67579E-03,  4.38483E-03,  2.91520E-03,  1.97300E-03
 1.37335E-03,  9.84745E-04,  7.21369E-04,  5.34033E-04,  8.53060E-04
 8.53060E-04,  5.20305E-04,  5.20305E-04,  5.20305E-04,  5.20305E-04
 5.20305E-04,  5.20305E-04,  4.87393E+00,  1.70469E+00,  4.03601E-01
 1.06566E-01,  3.86173E-02,  1.82793E-02,  1.05044E-02,  6.67619E-03
 4.38530E-03,  2.91571E-03,  1.97350E-03,  1.37380E-03,  9.85121E-04
 7.21675E-04,  5.34282E-04,  8.53558E-04,  8.53558E-04,  5.20810E-04
 5.20810E-04,  5.20810E-04,  5.20810E-04,  5.20810E-04,  5.20810E-04
 4.86327E+00,  1.70405E+00,  4.03222E-01,  1.06438E-01,  3.85652E-02
 1.82530E-02,  1.04890E-02,  6.66640E-03,  4.37897E-03,  2.91160E-03
 1.97080E-03,  1.37197E-03,  9.83833E-04,  7.20745E-04,  5.33605E-04
 8.52526E-04,  8.52526E-04,  5.20282E-04,  5.20282E-04,  5.20282E-04
 5.20282E-04,  5.20282E-04,  5.20282E-04,  4.86327E+00,  1.70405E+00
 4.03222E-01,  1.06438E-01,  3.85652E-02,  1.82530E-02,  1.04890E-02
 6.66640E-03,  4.37897E-03,  2.91160E-03,  1.97080E-03,  1.37196E-03
 9.83833E-04,  7.20745E-04,  5.33604E-04,  8.52525E-04,  8.52525E-04
 5.20281E-04,  5.20281E-04,  5.20281E-04,  5.20281E-04,  5.20281E-04
 5.20281E-04,  4.87393E+00,  1.70469E+00,  4.03601E-01,  1.06566E-01
 3.86173E-02,  1.82793E-02,  1.05044E-02,  6.67619E-03,  4.38530E-03
 2.91571E-03,  1.97350E-03,  1.37380E-03,  9.85121E-04,  7.21674E-04
 5.34281E-04,  8.53556E-04,  8.53556E-04,  5.20809E-04,  5.20809E-04
 5.20809E-04,  5.20809E-04,  5.20809E-04,  5.20809E-04,  4.86277E+00
 1.70315E+00,  4.03494E-01,  1.06552E-01,  3.86141E-02,  1.82786E-02
 1.05041E-02,  6.67579E-03,  4.38483E-03,  2.91520E-03,  1.97300E-03
 1.37335E-03,  9.84744E-04,  7.21368E-04,  5.34033E-04,  8.53058E-04
 8.53058E-04,  5.20303E-04,  5.20303E-04,  5.20303E-04,  5.20303E-04
 5.20303E-04,  5.20303E-04,  4.86277E+00,  1.70315E+00,  4.03494E-01
 1.06552E-01,  3.86138E-02,  1.82781E-02,  1.05035E-02,  6.67505E-03
 4.38403E-03,  2.91439E-03,  1.97224E-03,  1.37267E-03,  9.84175E-04
 7.20906E-04,  5.33657E-04,  8.52307E-04,  8.52307E-04,  5.19543E-04
 5.19543E-04,  5.19543E-04,  5.19543E-04,  5.19543E-04,  5.19543E-04
 4.87393E+00,  1.70469E+00,  4.03601E-01,  1.06565E-01,  3.86162E-02
 1.82777E-02,  1.05024E-02,  6.67385E-03,  4.38285E-03,  2.91326E-03
 1.97119E-03,  1.37175E-03,  9.83409E-04,  7.20283E-04,  5.33152E-04
 8.51297E-04,  8.51297E-04,  5.18529E-04,  5.18529E-04,  5.18529E-04
 5.18529E-04,  5.18529E-04,  5.18529E-04,  4.86327E+00,  1.70405E+00
 4.03222E-01,  1.06436E-01,  3.85627E-02,  1.82496E-02,  1.04850E-02
 6.66220E-03,  4.37472E-03,  2.90744E-03,  1.96691E-03,  1.36854E-03
 9.80970E-04,  7.18420E-04,  5.31715E-04,  8.48751E-04,  8.48751E-04
 5.16486E-04,  5.16486E-04,  5.16486E-04,  5.16486E-04,  5.16486E-04
 5.16486E-04,  4.86327E+00,  1.70405E+00,  4.03221E-01,  1.06435E-01
 3.85606E-02,  1.82472E-02,  1.04827E-02,  6.66002E-03,  4.37275E-03
 2.90564E-03,  1.96530E-03,  1.36714E-03,  9.79799E-04,  7.17467E-04
 5.30939E-04,  8.47210E-04,  8.47210E-04,  5.14965E-04,  5.14965E-04
 5.14965E-04,  5.14965E-04,  5.14965E-04,  5.14965E-04,  4.87393E+00
 1.70469E+00,  4.03599E-01,  1.06562E-01,  3.86103E-02,  1.82707E-02
 1.04955E-02,  6.66747E-03,  4.37701E-03,  2.90790E-03,  1.96635E-03
 1.36754E-03,  9.79887E-04,  7.17414E-04,  5.30816E-04,  8.46657E-04
 8.46657E-04,  5.13957E-04,  5.13957E-04,  5.13957E-04,  5.13957E-04
 5.13957E-04,  5.13957E-04,  4.86277E+00,  1.70315E+00,  4.03491E-01
 1.06546E-01,  3.86053E-02,  1.82677E-02,  1.04927E-02,  6.66488E-03
 4.37454E-03,  2.90557E-03,  1.96422E-03,  1.36566E-03,  9.78295E-04
 7.16106E-04,  5.29746E-04,  8.44540E-04,  8.44540E-04,  5.11916E-04
 5.11916E-04,  5.11916E-04,  5.11916E-04,  5.11916E-04,  5.11916E-04
 4.86277E+00,  1.70315E+00,  4.03491E-01,  1.06546E-01,  3.86042E-02
 1.82659E-02,  1.04905E-02,  6.66238E-03,  4.37199E-03,  2.90308E-03
 1.96187E-03,  1.36356E-03,  9.76496E-04,  7.14615E-04,  5.28522E-04
 8.42122E-04,  8.42122E-04,  5.09615E-04,  5.09615E-04,  5.09615E-04
 5.09615E-04,  5.09615E-04,  5.09615E-04,  4.87393E+00,  1.70469E+00
 4.03599E-01,  1.06560E-01,  3.86069E-02,  1.82653E-02,  1.04886E-02
 6.66006E-03,  4.36945E-03,  2.90048E-03,  1.95935E-03,  1.36125E-03
 9.74490E-04,  7.12938E-04,  5.27137E-04,  8.39391E-04,  8.39391E-04
 5.07051E-04,  5.07051E-04,  5.07051E-04,  5.07051E-04,  5.07051E-04
 5.07051E-04,  4.86326E+00,  1.70405E+00,  4.03220E-01,  1.06432E-01
 3.85544E-02,  1.82380E-02,  1.04715E-02,  6.64798E-03,  4.36045E-03
 2.89349E-03,  1.95376E-03,  1.35671E-03,  9.70827E-04,  7.10006E-04
 5.24801E-04,  8.35085E-04,  8.35085E-04,  5.03472E-04,  5.03472E-04
 5.03472E-04,  5.03472E-04,  5.03472E-04,  5.03472E-04,  4.86326E+00
 1.70405E+00,  4.03219E-01,  1.06431E-01,  3.85534E-02,  1.82367E-02
 1.04698E-02,  6.64589E-03,  4.35801E-03,  2.89081E-03,  1.95098E-03
 1.35404E-03,  9.68425E-04,  7.07950E-04,  5.23085E-04,  8.31704E-04
 8.31704E-04,  5.00390E-04,  5.00390E-04,  5.00390E-04,  5.00390E-04
 5.00390E-04,  5.00390E-04,  4.87393E+00,  1.70469E+00,  4.03597E-01
 1.06558E-01,  3.86037E-02,  1.82611E-02,  1.04834E-02,  6.65369E-03
 4.36211E-03,  2.89241E-03,  1.95102E-03,  1.35322E-03,  9.67268E-04
 7.06753E-04,  5.21971E-04,  8.29213E-04,  8.29213E-04,  4.97787E-04
 4.97787E-04,  4.97787E-04,  4.97787E-04,  4.97787E-04,  4.97787E-04
 4.86277E+00,  1.70315E+00,  4.03489E-01,  1.06542E-01,  3.85984E-02
 1.82583E-02,  1.04812E-02,  6.65151E-03,  4.35966E-03,  2.88964E-03
 1.94801E-03,  1.35020E-03,  9.64454E-04,  7.04289E-04,  5.19888E-04
 8.25108E-04,  8.25108E-04,  4.94163E-04,  4.94163E-04,  4.94163E-04
 4.94163E-04,  4.94163E-04,  4.94163E-04,  4.86277E+00,  1.70315E+00
 4.03488E-01,  1.06541E-01,  3.85966E-02,  1.82562E-02,  1.04790E-02
 6.64921E-03,  4.35714E-03,  2.88678E-03,  1.94488E-03,  1.34700E-03
 9.61433E-04,  7.01616E-04,  5.17613E-04,  8.20627E-04,  8.20627E-04
 4.90271E-04,  4.90271E-04,  4.90271E-04,  4.90271E-04,  4.90271E-04
 4.90271E-04,  4.87392E+00,  1.70469E+00,  4.03596E-01,  1.06554E-01
 3.85983E-02,  1.82547E-02,  1.04767E-02,  6.64675E-03,  4.35445E-03
 2.88378E-03,  1.94159E-03,  1.34361E-03,  9.58194E-04,  6.98726E-04
 5.15141E-04,  8.15756E-04,  8.15756E-04,  4.86109E-04,  4.86109E-04
 4.86109E-04,  4.86109E-04,  4.86109E-04,  4.86109E-04,  4.86326E+00
 1.70405E+00,  4.03216E-01,  1.06425E-01,  3.85448E-02,  1.82262E-02
 1.04586E-02,  6.63407E-03,  4.34501E-03,  2.87626E-03,  1.93520E-03
 1.33799E-03,  9.53301E-04,  6.94571E-04,  5.11698E-04,  8.09272E-04
 8.09272E-04,  4.80958E-04,  4.80958E-04,  4.80958E-04,  4.80958E-04
 4.80958E-04,  4.80958E-04,  4.86326E+00,  1.70405E+00,  4.03215E-01
 1.06424E-01,  3.85423E-02,  1.82231E-02,  1.04553E-02,  6.63082E-03
 4.34171E-03,  2.87276E-03,  1.93146E-03,  1.33415E-03,  9.49603E-04
 6.91232E-04,  5.08816E-04,  8.03598E-04,  8.03598E-04,  4.76271E-04
 4.76271E-04,  4.76271E-04,  4.76271E-04,  4.76271E-04,  4.76271E-04
 4.87392E+00,  1.70469E+00,  4.03593E-01,  1.06549E-01,  3.85904E-02
 1.82450E-02,  1.04666E-02,  6.63683E-03,  4.34442E-03,  2.87319E-03
 1.93030E-03,  1.33203E-03,  9.47063E-04,  6.88678E-04,  5.06471E-04
 7.98687E-04,  7.98687E-04,  4.72018E-04,  4.72018E-04,  4.72018E-04
 4.72018E-04,  4.72018E-04,  4.72018E-04,  4.86277E+00,  1.70315E+00
 4.03484E-01,  1.06531E-01,  3.85824E-02,  1.82393E-02,  1.04617E-02
 6.63233E-03,  4.34015E-03,  2.86891E-03,  1.92592E-03,  1.32761E-03
 9.42822E-04,  6.84829E-04,  5.03131E-04,  7.92120E-04,  7.92120E-04
 4.66776E-04,  4.66776E-04,  4.66776E-04,  4.66776E-04,  4.66776E-04
 4.66776E-04,  4.86277E+00,  1.70315E+00,  4.03482E-01,  1.06528E-01
 3.85779E-02,  1.82340E-02,  1.04564E-02,  6.62736E-03,  4.33541E-03
 2.86423E-03,  1.92118E-03,  1.32288E-03,  9.38291E-04,  6.80714E-04
 4.99552E-04,  7.85095E-04,  7.85095E-04,  4.61267E-04,  4.61267E-04
 4.61267E-04,  4.61267E-04,  4.61267E-04,  4.61267E-04,  4.87392E+00
 1.70469E+00,  4.03589E-01,  1.06541E-01,  3.85778E-02,  1.82299E-02
 1.04512E-02,  6.62214E-03,  4.33030E-03,  2.85915E-03,  1.91608E-03
 1.31782E-03,  9.33457E-04,  6.76319E-04,  4.95725E-04,  7.77597E-04
 7.77597E-04,  4.55490E-04,  4.55490E-04,  4.55490E-04,  4.55490E-04
 4.55490E-04,  4.55490E-04,  4.86326E+00,  1.70405E+00,  4.03210E-01
 1.06412E-01,  3.85239E-02,  1.82001E-02,  1.04310E-02,  6.60705E-03
 4.31850E-03,  2.84949E-03,  1.90778E-03,  1.31046E-03,  9.26922E-04
 6.70632E-04,  4.90908E-04,  7.68466E-04,  7.68466E-04,  4.48780E-04
 4.48780E-04,  4.48780E-04,  4.48780E-04,  4.48780E-04,  4.48780E-04
 4.86326E+00,  1.70405E+00,  4.03210E-01,  1.06412E-01,  3.85225E-02
 1.81970E-02,  1.04267E-02,  6.60196E-03,  4.31306E-03,  2.84384E-03
 1.90202E-03,  1.30474E-03,  9.21463E-04,  6.65661E-04,  4.86569E-04
 7.60009E-04,  7.60009E-04,  4.42496E-04,  4.42496E-04,  4.42496E-04
 4.42496E-04,  4.42496E-04,  4.42496E-04,  4.87392E+00,  1.70469E+00
 4.03588E-01,  1.06539E-01,  3.85724E-02,  1.82202E-02,  1.04380E-02
 6.60687E-03,  4.31400E-03,  2.84224E-03,  1.89880E-03,  1.30063E-03
 9.17038E-04,  6.61362E-04,  4.82673E-04,  7.52161E-04,  7.52161E-04
 4.36604E-04,  4.36604E-04,  4.36604E-04,  4.36604E-04,  4.36604E-04
 4.36604E-04,  4.86276E+00,  1.70315E+00,  4.03479E-01,  1.06522E-01
 3.85661E-02,  1.82161E-02,  1.04338E-02,  6.60199E-03,  4.30848E-03
 2.83620E-03,  1.89246E-03,  1.29423E-03,  9.10882E-04,  6.55735E-04
 4.77755E-04,  7.42641E-04,  7.42641E-04,  4.29790E-04,  4.29790E-04
 4.29790E-04,  4.29790E-04,  4.29790E-04,  4.29790E-04,  4.86276E+00
 1.70314E+00,  4.03477E-01,  1.06519E-01,  3.85624E-02,  1.82120E-02
 1.04293E-02,  6.59704E-03,  4.30288E-03,  2.83001E-03,  1.88585E-03
 1.28749E-03,  9.04370E-04,  6.49767E-04,  4.72537E-04,  7.32583E-04
 7.32583E-04,  4.22729E-04,  4.22729E-04,  4.22729E-04,  4.22729E-04
 4.22729E-04,  4.22729E-04,  4.87391E+00,  1.70468E+00,  4.03583E-01
 1.06530E-01,  3.85615E-02,  1.82079E-02,  1.04244E-02,  6.59180E-03
 4.29710E-03,  2.82361E-03,  1.87896E-03,  1.28041E-03,  8.97486E-04
 6.43443E-04,  4.67007E-04,  7.21977E-04,  7.21977E-04,  4.15426E-04
 4.15426E-04,  4.15426E-04,  4.15426E-04,  4.15426E-04,  4.15426E-04
 4.86325E+00,  1.70404E+00,  4.03203E-01,  1.06399E-01,  3.85046E-02
 1.81760E-02,  1.04033E-02,  6.57621E-03,  4.28460E-03,  2.81275E-03
 1.86897E-03,  1.27106E-03,  8.88886E-04,  6.35798E-04,  4.60467E-04
 7.09756E-04,  7.09756E-04,  4.07283E-04,  4.07283E-04,  4.07283E-04
 4.07283E-04,  4.07283E-04,  4.07283E-04,  4.86325E+00,  1.70404E+00
 4.03199E-01,  1.06394E-01,  3.84980E-02,  1.81688E-02,  1.03964E-02
 6.56968E-03,  4.27802E-03,  2.80573E-03,  1.86143E-03,  1.26324E-03
 8.81223E-04,  6.28733E-04,  4.54296E-04,  6.98059E-04,  6.98059E-04
 3.99544E-04,  3.99544E-04,  3.99544E-04,  3.99544E-04,  3.99544E-04
 3.99544E-04,  4.87391E+00,  1.70468E+00,  4.03574E-01,  1.06515E-01
 3.85419E-02,  1.81863E-02,  1.04035E-02,  6.57194E-03,  4.27714E-03
 2.80241E-03,  1.85623E-03,  1.25686E-03,  8.74418E-04,  6.22182E-04
 4.48442E-04,  6.86808E-04,  6.86808E-04,  3.92173E-04,  3.92173E-04
 3.92173E-04,  3.92173E-04,  3.92173E-04,  3.92173E-04,  4.86274E+00
 1.70314E+00,  4.03465E-01,  1.06496E-01,  3.85300E-02,  1.81755E-02
 1.03937E-02,  6.56318E-03,  4.26898E-03,  2.79424E-03,  1.84771E-03
 1.24807E-03,  8.65804E-04,  6.14244E-04,  4.41538E-04,  6.73920E-04
 6.73920E-04,  3.83991E-04,  3.83991E-04,  3.83991E-04,  3.83991E-04
 3.83991E-04,  3.83991E-04,  4.86275E+00,  1.70314E+00,  4.03461E-01
 1.06489E-01,  3.85195E-02,  1.81633E-02,  1.03821E-02,  6.55297E-03
 4.25974E-03,  2.78527E-03,  1.83854E-03,  1.23871E-03,  8.56659E-04
 6.05842E-04,  4.34256E-04,  6.60446E-04,  6.60446E-04,  3.75619E-04
 3.75619E-04,  3.75619E-04,  3.75619E-04,  3.75619E-04,  3.75619E-04
 4.87390E+00,  1.70467E+00,  4.03560E-01,  1.06491E-01,  3.85087E-02
 1.81491E-02,  1.03684E-02,  6.54103E-03,  4.24919E-03,  2.77532E-03
 1.82859E-03,  1.22868E-03,  8.46927E-04,  5.96942E-04,  4.26579E-04
 6.46386E-04,  6.46386E-04,  3.67069E-04,  3.67069E-04,  3.67069E-04
 3.67069E-04,  3.67069E-04,  3.67069E-04,  4.86324E+00,  1.70402E+00
 4.03172E-01,  1.06350E-01,  3.84399E-02,  1.81052E-02,  1.03367E-02
 6.51730E-03,  4.23075E-03,  2.76005E-03,  1.81500E-03,  1.21606E-03
 8.35300E-04,  5.86637E-04,  4.17874E-04,  6.30805E-04,  6.30805E-04
 3.57828E-04,  3.57828E-04,  3.57828E-04,  3.57828E-04,  3.57828E-04
 3.57828E-04,  4.86321E+00,  1.70402E+00,  4.03167E-01,  1.06338E-01
 3.84208E-02,  1.80839E-02,  1.03173E-02,  6.50088E-03,  4.21679E-03
 2.74749E-03,  1.80302E-03,  1.20440E-03,  8.24224E-04,  5.76665E-04
 4.09391E-04,  6.15626E-04,  6.15626E-04,  3.48999E-04,  3.48999E-04
 3.48999E-04,  3.48999E-04,  3.48999E-04,  3.48999E-04,  4.87388E+00
 1.70466E+00,  4.03539E-01,  1.06449E-01,  3.84490E-02,  1.80842E-02
 1.03093E-02,  6.49121E-03,  4.20684E-03,  2.73726E-03,  1.79236E-03
 1.19346E-03,  8.13546E-04,  5.66924E-04,  4.01065E-04,  6.00767E-04
 6.00767E-04,  3.40550E-04,  3.40550E-04,  3.40550E-04,  3.40550E-04
 3.40550E-04,  3.40550E-04,  4.86271E+00,  1.70310E+00,  4.03410E-01
 1.06407E-01,  3.84139E-02,  1.80521E-02,  1.02816E-02,  6.46832E-03
 4.18782E-03,  2.72078E-03,  1.77737E-03,  1.17948E-03,  8.00716E-04
 5.55655E-04,  3.91667E-04,  5.84414E-04,  5.84414E-04,  3.31466E-04
 3.31466E-04,  3.31466E-04,  3.31466E-04,  3.31466E-04,  3.31466E-04
 4.86270E+00,  1.70309E+00,  4.03384E-01,  1.06372E-01,  3.83753E-02
 1.80146E-02,  1.02487E-02,  6.44107E-03,  4.16535E-03,  2.70168E-03
 1.76043E-03,  1.16408E-03,  7.86870E-04,  5.43685E-04,  3.81805E-04
 5.67523E-04,  5.67523E-04,  3.22302E-04,  3.22302E-04,  3.22302E-04
 3.22302E-04,  3.22302E-04,  3.22302E-04,  4.87379E+00,  1.70462E+00
 4.03476E-01,  1.06357E-01,  3.83379E-02,  1.79714E-02,  1.02091E-02
 6.40813E-03,  4.13849E-03,  2.67932E-03,  1.74114E-03,  1.14703E-03
 7.71896E-04,  5.30968E-04,  3.71469E-04,  5.50117E-04,  5.50117E-04
 3.13080E-04,  3.13080E-04,  3.13080E-04,  3.13080E-04,  3.13080E-04
 3.13080E-04,  4.86312E+00,  1.70396E+00,  4.03082E-01,  1.06199E-01
 3.82386E-02,  1.78914E-02,  1.01444E-02,  6.35795E-03,  4.09987E-03
 2.64901E-03,  1.71650E-03,  1.12641E-03,  7.54558E-04,  5.16698E-04
 3.60124E-04,  5.31444E-04,  5.31444E-04,  3.03381E-04,  3.03381E-04
 3.03381E-04,  3.03381E-04,  3.03381E-04,  3.03381E-04,  4.86298E+00
 1.70393E+00,  4.03032E-01,  1.06129E-01,  3.81600E-02,  1.78147E-02
 1.00792E-02,  6.30672E-03,  4.06027E-03,  2.61784E-03,  1.69121E-03
 1.10538E-03,  7.37027E-04,  5.02409E-04,  3.48867E-04,  5.13167E-04
 5.13167E-04,  2.94158E-04,  2.94158E-04,  2.94158E-04,  2.94158E-04
 2.94158E-04,  2.94158E-04,  4.87330E+00,  1.70439E+00,  4.03253E-01
 1.06101E-01,  3.80720E-02,  1.77256E-02,  1.00060E-02,  6.25079E-03
 4.01770E-03,  2.58467E-03,  1.66458E-03,  1.08353E-03,  7.19086E-04
 4.87985E-04,  3.37637E-04,  4.95222E-04,  4.95222E-04,  2.85385E-04
 2.85385E-04,  2.85385E-04,  2.85385E-04,  2.85385E-04,  2.85385E-04
 4.86123E+00,  1.70259E+00,  4.02929E-01,  1.05856E-01,  3.78613E-02
 1.75632E-02,  9.88942E-03,  6.16838E-03,  3.95839E-03,  2.54076E-03
 1.63107E-03,  1.05733E-03,  6.98451E-04,  4.71920E-04,  3.25417E-04
 4.76152E-04,  4.76152E-04,  2.76225E-04,  2.76225E-04,  2.76225E-04
 2.76225E-04,  2.76225E-04,  2.76225E-04,  4.86185E+00,  1.70278E+00
 4.02862E-01,  1.05641E-01,  3.76142E-02,  1.73590E-02,  9.74325E-03
 6.06718E-03,  3.88710E-03,  2.48916E-03,  1.59273E-03,  1.02822E-03
 6.76162E-04,  4.54977E-04,  3.12766E-04,  4.56808E-04,  4.56808E-04
 2.67163E-04,  2.67163E-04,  2.67163E-04,  2.67163E-04,  2.67163E-04
 2.67163E-04,  4.87238E+00,  1.70410E+00,  4.02925E-01,  1.05510E-01
 3.73776E-02,  1.71307E-02,  9.57163E-03,  5.94718E-03,  3.80301E-03
 2.42919E-03,  1.54915E-03,  9.96025E-04,  6.52175E-04,  4.37172E-04
 2.99718E-04,  4.37265E-04,  4.37265E-04,  2.58233E-04,  2.58233E-04
 2.58233E-04,  2.58233E-04,  2.58233E-04,  2.58233E-04,  4.86268E+00
 1.70376E+00,  4.02624E-01,  1.05339E-01,  3.71360E-02,  1.68762E-02
 9.36882E-03,  5.80148E-03,  3.70041E-03,  2.35687E-03,  1.49782E-03
 9.59214E-04,  6.25567E-04,  4.17936E-04,  2.85904E-04,  4.16999E-04
 4.16999E-04,  2.49106E-04,  2.49106E-04,  2.49106E-04,  2.49106E-04
 2.49106E-04,  2.49106E-04,  4.86259E+00,  1.70375E+00,  4.02747E-01
 1.05382E-01,  3.70069E-02,  1.66624E-02,  9.17180E-03,  5.65017E-03
 3.59072E-03,  2.27913E-03,  1.44314E-03,  9.20692E-04,  5.98307E-04
 3.98621E-04,  2.72267E-04,  3.97391E-04,  3.97391E-04,  2.40581E-04
 2.40581E-04,  2.40581E-04,  2.40581E-04,  2.40581E-04,  2.40581E-04
 4.87333E+00,  1.70438E+00,  4.03139E-01,  1.05546E-01,  3.69630E-02
 1.64924E-02,  8.98565E-03,  5.49464E-03,  3.47358E-03,  2.19537E-03
 1.38474E-03,  8.80296E-04,  5.70338E-04,  3.79214E-04,  2.58804E-04
 3.78429E-04,  3.78429E-04,  2.32645E-04,  2.32645E-04,  2.32645E-04
 2.32645E-04,  2.32645E-04,  2.32645E-04,  4.86168E+00,  1.70270E+00
 4.02956E-01,  1.05487E-01,  3.68504E-02,  1.63078E-02,  8.78481E-03
 5.31919E-03,  3.33855E-03,  2.09893E-03,  1.31852E-03,  8.35504E-04
 5.40079E-04,  3.58682E-04,  2.44812E-04,  3.59069E-04,  3.59069E-04
 2.24630E-04,  2.24630E-04,  2.24630E-04,  2.24630E-04,  2.24630E-04
 2.24630E-04,  4.86170E+00,  1.70265E+00,  4.02836E-01,  1.05330E-01
 3.66787E-02,  1.61156E-02,  8.57863E-03,  5.13117E-03,  3.19081E-03
 1.99342E-03,  1.24697E-03,  7.88041E-04,  5.08695E-04,  3.37810E-04
 2.30819E-04,  3.40050E-04,  3.40050E-04,  2.16941E-04,  2.16941E-04
 2.16941E-04,  2.16941E-04,  2.16941E-04,  2.16941E-04,  4.87158E+00
 1.70387E+00,  4.02710E-01,  1.05041E-01,  3.64189E-02,  1.58957E-02
 8.35704E-03,  4.92694E-03,  3.02965E-03,  1.87918E-03,  1.17065E-03
 7.38369E-04,  4.76514E-04,  3.16805E-04,  2.16950E-04,  3.21507E-04
 3.21507E-04,  2.09617E-04,  2.09617E-04,  2.09617E-04,  2.09617E-04
 2.09617E-04,  2.09617E-04,  4.86080E+00,  1.70305E+00,  4.01943E-01
 1.04420E-01,  3.59991E-02,  1.56020E-02,  8.09267E-03,  4.69395E-03
 2.85005E-03,  1.75426E-03,  1.08879E-03,  6.86120E-04,  4.43299E-04
 2.95478E-04,  2.03048E-04,  3.03137E-04,  3.03137E-04,  2.02395E-04
 2.02395E-04,  2.02395E-04,  2.02395E-04,  2.02395E-04,  2.02395E-04
 4.85650E+00,  1.70199E+00,  4.01136E-01,  1.03686E-01,  3.54889E-02
 1.52450E-02,  7.78930E-03,  4.43975E-03,  2.66016E-03,  1.62518E-03
 1.00586E-03,  6.34212E-04,  4.10904E-04,  2.75016E-04,  1.89887E-04
 2.86015E-04,  2.86015E-04,  1.95925E-04,  1.95925E-04,  1.95925E-04
 1.95925E-04,  1.95925E-04,  1.95925E-04,  4.86577E+00,  1.70165E+00
 4.00366E-01,  1.02743E-01,  3.47986E-02,  1.47682E-02,  7.42134E-03
 4.15663E-03,  2.45921E-03,  1.49287E-03,  9.22849E-04,  5.83278E-04
 3.79677E-04,  2.55586E-04,  1.77538E-04,  2.70177E-04,  2.70177E-04
 1.90195E-04,  1.90195E-04,  1.90195E-04,  1.90195E-04,  1.90195E-04
 1.90195E-04,  4.83632E+00,  1.69610E+00,  3.97989E-01,  1.00996E-01
 3.36651E-02,  1.40579E-02,  6.94427E-03,  3.82868E-03,  2.24171E-03
 1.35523E-03,  8.38680E-04,  5.32582E-04,  3.49022E-04,  2.36694E-04
 1.65603E-04,  2.54922E-04,  2.54922E-04,  1.84652E-04,  1.84652E-04
 1.84652E-04,  1.84652E-04,  1.84652E-04,  1.84652E-04,  4.83319E+00
 1.69275E+00,  3.94086E-01,  9.80816E-02,  3.19174E-02,  1.30672E-02
 6.35782E-03,  3.46582E-03,  2.01666E-03,  1.21842E-03,  7.57114E-04
 4.84307E-04,  3.20187E-04,  2.19065E-04,  1.54518E-04,  2.40809E-04
 2.40809E-04,  1.79612E-04,  1.79612E-04,  1.79612E-04,  1.79612E-04
 1.79612E-04,  1.79612E-04,  4.70465E+00,  1.66933E+00,  3.85301E-01
 9.31386E-02,  2.92857E-02,  1.17493E-02,  5.66943E-03,  3.07997E-03
 1.79213E-03,  1.08703E-03,  6.80589E-04,  4.39676E-04,  2.93756E-04
 2.02966E-04,  1.44406E-04,  2.27931E-04,  2.27931E-04,  1.75083E-04
 1.75083E-04,  1.75083E-04,  1.75083E-04,  1.75083E-04,  1.75083E-04
 4.68598E+00,  1.66201E+00,  3.70411E-01,  8.44533E-02,  2.54350E-02
 1.01039E-02,  4.90999E-03,  2.68967E-03,  1.57691E-03,  9.64954E-04
 6.10703E-04,  3.99249E-04,  2.69843E-04,  1.88344E-04,  1.35166E-04
 2.16041E-04,  2.16041E-04,  1.70814E-04,  1.70814E-04,  1.70814E-04
 1.70814E-04,  1.70814E-04,  1.70814E-04,  2.08756E+00,  1.36545E+00
 3.13614E-01,  6.88636E-02,  2.03656E-02,  8.30269E-03,  4.17003E-03
 2.33437E-03,  1.38837E-03,  8.60303E-04,  5.51489E-04,  3.65143E-04
 2.49634E-04,  1.75919E-04,  1.27266E-04,  2.05830E-04,  2.05830E-04
 1.67314E-04,  1.67314E-04,  1.67314E-04,  1.67314E-04,  1.67314E-04
 1.67314E-04,  4.39802E+00,  1.02062E+00,  2.13246E-01,  4.69570E-02
 1.48140E-02,  6.65279E-03,  3.54670E-03,  2.04392E-03,  1.23602E-03
 7.76163E-04,  5.03898E-04,  3.37596E-04,  2.33147E-04,  1.65654E-04
 1.20667E-04,  1.97230E-04,  1.97230E-04,  1.64548E-04,  1.64548E-04
 1.64548E-04,  1.64548E-04,  1.64548E-04,  1.64548E-04,  1.23108E+00
 2.92083E-01,  7.73821E-02,  2.43953E-02,  1.05690E-02,  5.52756E-03
 3.10958E-03,  1.83043E-03,  1.12052E-03,  7.11097E-04,  4.66429E-04
 3.15442E-04,  2.19550E-04,  1.56966E-04,  1.14955E-04,  1.89590E-04
 1.89590E-04,  1.61993E-04,  1.61993E-04,  1.61993E-04,  1.61993E-04
 1.61993E-04,  1.61993E-04,  9.23142E-01,  2.72638E-01,  1.07213E-01
 4.94309E-02,  2.50412E-02,  1.36356E-02,  7.81549E-03,  4.66985E-03
 2.90167E-03,  1.87022E-03,  1.24508E-03,  8.52689E-04,  5.99268E-04
 4.31709E-04,  3.18406E-04,  5.32453E-04,  5.32453E-04,  4.73964E-04
 4.73964E-04,  4.73964E-04,  4.73964E-04,  4.73964E-04,  4.73964E-04
 9.23142E-01,  2.72638E-01,  1.07213E-01,  4.94309E-02,  2.50412E-02
 1.36356E-02,  7.81549E-03,  4.66985E-03,  2.90167E-03,  1.87022E-03
 1.24508E-03,  8.52689E-04,  5.99268E-04,  4.31709E-04,  3.18406E-04
 5.32453E-04,  5.32453E-04,  4.73964E-04,  4.73964E-04,  4.73964E-04
 4.73964E-04,  4.73964E-04,  4.73964E-04,  4.44608E-02,  4.58307E-02
 4.30283E-02,  3.52515E-02,  2.65780E-02,  1.95202E-02,  1.44718E-02
 1.09692E-02,  8.50695E-03,  6.73670E-03,  5.43894E-03,  4.47316E-03
 3.74532E-03,  3.18910E-03,  2.75550E-03,  5.95803E-03,  5.95803E-03
 9.90180E-03,  9.90180E-03,  9.90180E-03,  9.90180E-03,  9.90180E-03
 9.90180E-03,  4.44608E-02,  4.58307E-02,  4.30283E-02,  3.52515E-02
 2.65780E-02,  1.95202E-02,  1.44718E-02,  1.09692E-02,  8.50695E-03
 6.73670E-03,  5.43894E-03,  4.47316E-03,  3.74532E-03,  3.18910E-03
 2.75550E-03,  5.95803E-03,  5.95803E-03,  9.90180E-03,  9.90180E-03
 9.90180E-03,  9.90180E-03,  9.90180E-03,  9.90180E-03,  4.44608E-02
 4.58307E-02,  4.30283E-02,  3.52515E-02,  2.65780E-02,  1.95202E-02
 1.44718E-02,  1.09692E-02,  8.50695E-03,  6.73670E-03,  5.43894E-03
 4.47316E-03,  3.74532E-03,  3.18910E-03,  2.75550E-03,  5.95803E-03
 5.95803E-03,  9.90180E-03,  9.90180E-03,  9.90180E-03,  9.90180E-03
 9.90180E-03,  9.90180E-03,  4.44608E-02,  4.58307E-02,  4.30283E-02
 3.52515E-02,  2.65780E-02,  1.95202E-02,  1.44718E-02,  1.09692E-02
 8.50695E-03,  6.73670E-03,  5.43894E-03,  4.47316E-03,  3.74532E-03
 3.18910E-03,  2.75550E-03,  5.95803E-03,  5.95803E-03,  9.90180E-03
 9.90180E-03,  9.90180E-03,  9.90180E-03,  9.90180E-03,  9.90180E-03
 4.44608E-02,  4.58307E-02,  4.30283E-02,  3.52515E-02,  2.65780E-02
 1.95202E-02,  1.44718E-02,  1.09692E-02,  8.50695E-03,  6.73670E-03
 5.43894E-03,  4.47316E-03,  3.74532E-03,  3.18910E-03,  2.75550E-03
 5.95803E-03,  5.95803E-03,  9.90180E-03,  9.90180E-03,  9.90180E-03
 9.90180E-03,  9.90180E-03,  9.90180E-03,  4.44608E-02,  4.58307E-02
 4.30283E-02,  3.52515E-02,  2.65780E-02,  1.95202E-02,  1.44718E-02
 1.09692E-02,  8.50695E-03,  6.73670E-03,  5.43894E-03,  4.47316E-03
 3.74532E-03,  3.18910E-03,  2.75550E-03,  5.95803E-03,  5.95803E-03
 9.90180E-03,  9.90180E-03,  9.90180E-03,  9.90180E-03,  9.90180E-03
 9.90180E-03

;------ Iteration  1
;-Index  V/I_Meas      V/I_Calc    VI_%ERR
  1,    2.07243E+01,   1.09240E+01,  -47.29
  2,    6.65948E+00,   3.04633E+00,  -54.26
  3,    2.56875E+00,   6.59473E-01,  -74.33
  4,    1.24840E+00,   3.03380E-01,  -75.70
  5,    9.38865E-02,   1.38545E-01,  47.57
  6,    7.94650E-01,   6.89941E-02,  -91.32
  7,    1.51760E-01,   7.26494E-02,  -52.13
  8,    9.01102E-02,   5.40541E-02,  -40.01
  9,    2.51083E+01,   1.32591E+01,  -47.19
  10,    6.05705E+00,   2.02508E+00,  -66.57
  11,    2.62075E+00,   7.20324E-01,  -72.51
  12,    1.10857E+00,   2.68481E-01,  -75.78
  13,    7.01832E-01,   9.75658E-02,  -86.10
  14,    1.39745E-01,   6.67741E-02,  -52.22
  15,    8.66431E-02,   2.71601E-02,  -68.65
  16,    3.66935E-02,   1.08840E-01,  196.62
  17,    2.42305E-01,   1.23761E-01,  -48.92
  18,    1.08723E-01,   9.39151E-02,  -13.62
  19,    6.45944E-02,   6.11893E-02,  -5.27
  20,    3.79840E-02,   3.67489E-02,  -3.25
  21,    2.77012E-02,   2.47678E-02,  -10.59
  22,    2.10235E+01,   1.21759E+01,  -42.08
  23,    5.51175E+00,   2.96961E+00,  -46.12
  24,    2.10442E+00,   8.96935E-01,  -57.38
  25,    8.42778E-01,   3.04741E-01,  -63.84
  26,    7.01584E-01,   1.49531E-01,  -78.69
  27,    1.23720E-01,   5.36434E-02,  -56.64
  28,    8.03241E-02,   6.58378E-02,  -18.03
  29,    2.18757E-01,   1.72638E-01,  -21.08
  30,    1.03491E-01,   1.00369E-01,  -3.02
  31,    5.92737E-02,   6.14512E-02,  3.67
  32,    3.80062E-02,   3.38806E-02,  -10.86
  33,    2.69831E-02,   2.49483E-02,  -7.54
  34,    4.16334E-02,   4.15494E-02,  -0.20
  35,    3.13011E-02,   3.17824E-02,  1.54
  36,    2.56430E-02,   2.64154E-02,  3.01
  37,    2.12077E+01,   1.36170E+01,  -35.79
  38,    5.34089E+00,   2.78061E+00,  -47.94
  39,    1.90316E+00,   7.69272E-01,  -59.58
  40,    7.61439E-01,   5.08894E-01,  -33.17
  41,    6.87240E-01,   9.59633E-02,  -86.04
  42,    1.40548E-01,   1.09470E-01,  -22.11
  43,    7.82689E-02,   7.37632E-02,  -5.76
  44,    2.08930E-01,   2.13357E-01,  2.12
  45,    1.10353E-01,   1.27287E-01,  15.35
  46,    5.87669E-02,   6.98107E-02,  18.79
  47,    4.03443E-02,   4.30320E-02,  6.66
  48,    2.84742E-02,   2.93598E-02,  3.11
  49,    4.56410E-02,   4.52977E-02,  -0.75
  50,    3.47810E-02,   3.78858E-02,  8.93
  51,    2.67499E-02,   2.54079E-02,  -5.02
  52,    4.41874E-02,   4.19017E-02,  -5.17
  53,    2.76329E-02,   2.22016E-02,  -19.66
  54,    2.43151E-02,   1.57674E-02,  -35.15
  55,    2.33259E+01,   1.00757E+01,  -56.80
  56,    4.91551E+00,   1.71997E+00,  -65.01
  57,    1.71542E+00,   8.18143E-01,  -52.31
  58,    7.63683E-01,   4.16439E-01,  -45.47
  59,    6.25297E-01,   1.01765E-01,  -83.73
  60,    1.34355E-01,   6.47067E-02,  -51.84
  61,    8.57191E-02,   4.87371E-02,  -43.14
  62,    2.89493E-02,   1.06115E-01,  266.55
  63,    2.31722E-01,   1.84388E-01,  -20.43
  64,    1.18091E-01,   1.05316E-01,  -10.82
  65,    6.76859E-02,   5.41524E-02,  -19.99
  66,    4.56516E-02,   3.75511E-02,  -17.74
  67,    3.30751E-02,   2.77531E-02,  -16.09
  68,    5.05039E-02,   4.38778E-02,  -13.12
  69,    3.83803E-02,   3.75364E-02,  -2.20
  70,    2.78508E-02,   2.29011E-02,  -17.77
  71,    4.45802E-02,   3.49929E-02,  -21.51
  72,    2.72002E-02,   1.78959E-02,  -34.21
  73,    2.78031E-02,   1.54913E-02,  -44.28
  74,    3.00666E-02,   1.48061E-02,  -50.76
  75,    2.17111E-02,   1.01280E-02,  -53.35
  76,    2.51867E+01,   1.35493E+01,  -46.20
  77,    4.91285E+00,   4.22417E+00,  -14.02
  78,    1.79343E+00,   1.83615E+00,  2.38
  79,    8.39700E-01,   3.77440E-01,  -55.05
  80,    1.49670E-01,   2.92811E-01,  95.64
  81,    5.44582E-01,   1.72009E-01,  -68.41
  82,    1.47258E-01,   1.23022E-01,  -16.46
  83,    9.33280E-02,   8.53675E-02,  -8.53
  84,    2.58679E-01,   2.13727E-01,  -17.38
  85,    1.22031E-01,   1.05865E-01,  -13.25
  86,    7.54422E-02,   5.93753E-02,  -21.30
  87,    5.03819E-02,   3.77531E-02,  -25.07
  88,    3.87900E-02,   3.13491E-02,  -19.18
  89,    5.76154E-02,   5.09525E-02,  -11.56
  90,    4.36995E-02,   4.06414E-02,  -7.00
  91,    3.19190E-02,   2.51081E-02,  -21.34
  92,    4.86561E-02,   3.85079E-02,  -20.86
  93,    3.01298E-02,   2.04771E-02,  -32.04
  94,    2.91209E-02,   1.59647E-02,  -45.18
  95,    3.00144E-02,   1.46439E-02,  -51.21
  96,    2.13417E-02,   9.93044E-03,  -53.47
  97,    2.58147E-02,   1.19606E-02,  -53.67
  98,    1.98618E-02,   7.45837E-03,  -62.45
  99,    2.75923E+01,   1.58813E+01,  -42.44
  100,    5.35987E+00,   5.04073E+00,  -5.95
  101,    2.08741E+00,   8.40791E-01,  -59.72
  102,    1.02678E+00,   5.21080E-01,  -49.25
  103,    1.87425E-01,   2.78443E-01,  48.56
  104,    5.75910E-01,   1.87593E-01,  -67.43
  105,    1.72181E-01,   1.25329E-01,  -27.21
  106,    1.17447E-01,   9.35860E-02,  -20.32
  107,    2.90909E-01,   2.62103E-01,  -9.90
  108,    1.47621E-01,   1.20631E-01,  -18.28
  109,    8.99679E-02,   7.63130E-02,  -15.18
  110,    6.19399E-02,   5.26662E-02,  -14.97
  111,    4.74925E-02,   3.79161E-02,  -20.16
  112,    6.89750E-02,   6.11835E-02,  -11.30
  113,    4.92579E-02,   3.95958E-02,  -19.62
  114,    3.40743E-02,   2.48413E-02,  -27.10
  115,    5.22244E-02,   3.92234E-02,  -24.89
  116,    3.38687E-02,   2.18596E-02,  -35.46
  117,    3.23105E-02,   1.70788E-02,  -47.14
  118,    3.19228E-02,   1.71083E-02,  -46.41
  119,    2.16338E-02,   1.08011E-02,  -50.07
  120,    2.66745E-02,   1.24609E-02,  -53.29
  121,    2.14036E-02,   7.64613E-03,  -64.28
  122,    2.84921E+01,   2.01261E+01,  -29.36
  123,    5.72150E+00,   2.38224E+00,  -58.36
  124,    2.31320E+00,   1.06682E+00,  -53.88
  125,    9.68294E-01,   4.88205E-01,  -49.58
  126,    1.86464E-01,   2.98135E-01,  59.89
  127,    6.10218E-01,   1.87462E-01,  -69.28
  128,    1.88712E-01,   1.33943E-01,  -29.02
  129,    1.03236E-01,   8.24891E-02,  -20.10
  130,    2.96212E-01,   2.38702E-01,  -19.42
  131,    1.63627E-01,   1.21499E-01,  -25.75
  132,    1.00222E-01,   7.20074E-02,  -28.15
  133,    7.38560E-02,   5.70285E-02,  -22.78
  134,    5.39285E-02,   4.10720E-02,  -23.84
  135,    8.00984E-02,   7.38692E-02,  -7.78
  136,    5.42293E-02,   4.34558E-02,  -19.87
  137,    3.46281E-02,   2.62645E-02,  -24.15
  138,    5.20586E-02,   3.71099E-02,  -28.72
  139,    4.13181E-02,   2.53452E-02,  -38.66
  140,    3.06594E-02,   1.61017E-02,  -47.48
  141,    3.37121E-02,   1.88282E-02,  -44.15
  142,    2.32575E-02,   1.20043E-02,  -48.39
  143,    2.79093E-02,   1.34224E-02,  -51.91
  144,    2.16048E-02,   8.40719E-03,  -61.09
  145,    2.88518E+01,   1.19263E+01,  -58.66
  146,    6.07769E+00,   3.46005E+00,  -43.07
  147,    2.01531E+00,   1.31163E+00,  -34.92
  148,    9.22482E-01,   7.16035E-01,  -22.38
  149,    2.93652E-01,   4.21413E-01,  43.51
  150,    4.42888E-01,   2.87762E-01,  -35.03
  151,    1.43564E-01,   1.70925E-01,  19.06
  152,    9.80310E-02,   1.10526E-01,  12.75
  153,    2.89595E-01,   2.72044E-01,  -6.06
  154,    1.62090E-01,   1.55259E-01,  -4.21
  155,    1.02372E-01,   9.95197E-02,  -2.79
  156,    7.43722E-02,   6.85732E-02,  -7.80
  157,    5.26667E-02,   5.84822E-02,  11.04
  158,    8.48895E-02,   8.88959E-02,  4.72
  159,    5.70213E-02,   5.29713E-02,  -7.10
  160,    3.24661E-02,   2.93988E-02,  -9.45
  161,    5.09961E-02,   4.34391E-02,  -14.82
  162,    4.73332E-02,   3.64899E-02,  -22.91
  163,    2.71496E-02,   1.88612E-02,  -30.53
  164,    3.33201E-02,   2.11133E-02,  -36.63
  165,    2.30520E-02,   1.41421E-02,  -38.65
  166,    2.80427E-02,   1.53678E-02,  -45.20
  167,    2.28094E-02,   1.09353E-02,  -52.06
  168,    3.29446E+01,   1.28520E+01,  -60.99
  169,    5.95258E+00,   2.97345E+00,  -50.05
  170,    2.26191E+00,   1.27644E+00,  -43.57
  171,    9.77684E-01,   6.59241E-01,  -32.57
  172,    3.24570E-01,   4.14418E-01,  27.68
  173,    4.23618E-01,   2.31404E-01,  -45.37
  174,    1.53060E-01,   1.41993E-01,  -7.23
  175,    9.56131E-02,   8.66605E-02,  -9.36
  176,    2.82887E-01,   2.90594E-01,  2.72
  177,    1.58797E-01,   1.56626E-01,  -1.37
  178,    1.07999E-01,   1.16666E-01,  8.02
  179,    7.42793E-02,   8.06422E-02,  8.57
  180,    5.51055E-02,   7.23941E-02,  31.37
  181,    8.47283E-02,   9.01623E-02,  6.41
  182,    5.42794E-02,   5.47215E-02,  0.81
  183,    3.04051E-02,   2.97296E-02,  -2.22
  184,    5.27314E-02,   4.85999E-02,  -7.84
  185,    4.60293E-02,   3.71140E-02,  -19.37
  186,    2.79294E-02,   2.32507E-02,  -16.75
  187,    3.38499E-02,   2.49073E-02,  -26.42
  188,    2.26353E-02,   1.62639E-02,  -28.15
  189,    2.78493E-02,   1.66374E-02,  -40.26
  190,    2.83924E+01,   1.04921E+01,  -63.05
  191,    6.10244E+00,   2.71731E+00,  -55.47
  192,    2.13197E+00,   1.09937E+00,  -48.43
  193,    9.54436E-01,   5.96968E-01,  -37.45
  194,    2.45200E-01,   2.99924E-01,  22.32
  195,    3.76698E-01,   1.68119E-01,  -55.37
  196,    1.33233E-01,   9.49509E-02,  -28.73
  197,    9.42898E-02,   7.35185E-02,  -22.03
  198,    2.82526E-01,   2.36492E-01,  -16.29
  199,    1.63757E-01,   1.34348E-01,  -17.96
  200,    1.10012E-01,   8.64785E-02,  -21.39
  201,    7.46303E-02,   7.04921E-02,  -5.54
  202,    5.90355E-02,   5.98317E-02,  1.35
  203,    8.03295E-02,   8.05844E-02,  0.32
  204,    4.74987E-02,   4.70227E-02,  -1.00
  205,    3.07734E-02,   3.01169E-02,  -2.13
  206,    5.14108E-02,   4.59201E-02,  -10.68
  207,    4.45487E-02,   3.52897E-02,  -20.78
  208,    2.74163E-02,   2.42610E-02,  -11.51
  209,    3.06639E-02,   2.34661E-02,  -23.47
  210,    2.23371E-02,   1.57624E-02,  -29.43
  211,    2.72825E-02,   1.69901E-02,  -37.73
  212,    3.25904E+01,   1.38020E+01,  -57.65
  213,    6.03535E+00,   3.81913E+00,  -36.72
  214,    2.22474E+00,   1.76684E+00,  -20.58
  215,    7.89918E-01,   8.10313E-01,  2.58
  216,    2.48124E-01,   4.24417E-01,  71.05
  217,    3.35292E-01,   2.27130E-01,  -32.26
  218,    1.32921E-01,   1.67292E-01,  25.86
  219,    8.68220E-02,   9.70123E-02,  11.74
  220,    2.64123E-01,   2.45248E-01,  -7.15
  221,    1.65569E-01,   1.58427E-01,  -4.31
  222,    1.07036E-01,   9.98089E-02,  -6.75
  223,    7.59017E-02,   8.49509E-02,  11.92
  224,    5.40453E-02,   5.73659E-02,  6.14
  225,    8.10408E-02,   8.14618E-02,  0.52
  226,    4.27062E-02,   4.32009E-02,  1.16
  227,    3.14016E-02,   3.03941E-02,  -3.21
  228,    5.61689E-02,   5.65692E-02,  0.71
  229,    3.83145E-02,   3.52995E-02,  -7.87
  230,    2.56840E-02,   2.48569E-02,  -3.22
  231,    2.82814E-02,   2.50890E-02,  -11.29
  232,    2.13449E-02,   1.69870E-02,  -20.42
  233,    2.72835E-02,   1.87602E-02,  -31.24
  234,    2.60792E+01,   1.21736E+01,  -53.32
  235,    5.43997E+00,   3.59503E+00,  -33.91
  236,    1.55118E+00,   1.35221E+00,  -12.83
  237,    6.28012E-01,   6.23055E-01,  -0.79
  238,    2.03822E-01,   3.03605E-01,  48.96
  239,    2.36711E-01,   2.05791E-01,  -13.06
  240,    1.01014E-01,   1.11841E-01,  10.72
  241,    7.10739E-02,   7.66032E-02,  7.78
  242,    2.37972E-01,   2.71949E-01,  14.28
  243,    1.50735E-01,   1.56209E-01,  3.63
  244,    9.68624E-02,   1.18145E-01,  21.97
  245,    7.46612E-02,   9.60809E-02,  28.69
  246,    4.77969E-02,   5.67224E-02,  18.67
  247,    7.03605E-02,   7.18127E-02,  2.06
  248,    3.70233E-02,   3.70335E-02,  0.03
  249,    3.44764E-02,   3.44773E-02,  0.00
  250,    5.95121E-02,   5.86619E-02,  -1.43
  251,    3.17637E-02,   2.95741E-02,  -6.89
  252,    2.44197E-02,   2.30231E-02,  -5.72
  253,    2.69293E-02,   2.64528E-02,  -1.77
  254,    1.95159E-02,   1.66951E-02,  -14.45
  255,    2.63180E-02,   1.88994E-02,  -28.19
  256,    3.70037E+01,   1.55017E+01,  -58.11
  257,    6.07736E+00,   3.97240E+00,  -34.64
  258,    1.93509E+00,   1.51112E+00,  -21.91
  259,    6.86918E-01,   6.47875E-01,  -5.68
  260,    2.31855E-01,   3.92638E-01,  69.35
  261,    2.85318E-01,   1.95027E-01,  -31.65
  262,    1.19573E-01,   1.22581E-01,  2.52
  263,    8.72093E-02,   9.51235E-02,  9.07
  264,    2.50916E-01,   2.68084E-01,  6.84
  265,    1.50949E-01,   1.48376E-01,  -1.70
  266,    9.97042E-02,   1.17513E-01,  17.86
  267,    6.79016E-02,   7.61202E-02,  12.10
  268,    4.91152E-02,   5.16585E-02,  5.18
  269,    6.06553E-02,   6.72245E-02,  10.83
  270,    3.72737E-02,   4.07572E-02,  9.35
  271,    3.47560E-02,   3.60793E-02,  3.81
  272,    5.53386E-02,   5.10529E-02,  -7.74
  273,    3.16469E-02,   3.08821E-02,  -2.42
  274,    2.13461E-02,   2.02138E-02,  -5.30
  275,    2.57171E-02,   2.46432E-02,  -4.18
  276,    1.88288E-02,   1.55948E-02,  -17.18
  277,    2.46788E-02,   1.91154E-02,  -22.54
  278,    3.46072E+01,   1.44428E+01,  -58.27
  279,    6.78734E+00,   3.79256E+00,  -44.12
  280,    1.83269E+00,   1.36988E+00,  -25.25
  281,    6.79957E-01,   7.35149E-01,  8.12
  282,    1.85478E-01,   3.34459E-01,  80.32
  283,    3.07694E-01,   1.93865E-01,  -36.99
  284,    1.19004E-01,   1.40921E-01,  18.42
  285,    8.97034E-02,   9.00232E-02,  0.36
  286,    2.70660E-01,   2.56631E-01,  -5.18
  287,    1.57234E-01,   1.68035E-01,  6.87
  288,    1.12358E-01,   1.26124E-01,  12.25
  289,    6.80839E-02,   7.00281E-02,  2.86
  290,    4.72548E-02,   4.81185E-02,  1.83
  291,    5.29234E-02,   5.44810E-02,  2.94
  292,    3.74505E-02,   3.63302E-02,  -2.99
  293,    3.42883E-02,   3.16183E-02,  -7.79
  294,    5.42960E-02,   5.07010E-02,  -6.62
  295,    3.08836E-02,   3.33627E-02,  8.03
  296,    1.97530E-02,   2.01003E-02,  1.76
  297,    2.42351E-02,   2.24422E-02,  -7.40
  298,    1.85181E-02,   1.44777E-02,  -21.82
  299,    2.43974E-02,   1.93279E-02,  -20.78
  300,    4.23277E+01,   1.47283E+01,  -65.20
  301,    7.44763E+00,   3.67035E+00,  -50.72
  302,    2.09371E+00,   1.63410E+00,  -21.95
  303,    7.79404E-01,   6.65205E-01,  -14.65
  304,    1.91602E-01,   3.51854E-01,  83.64
  305,    3.78759E-01,   2.38319E-01,  -37.08
  306,    1.48487E-01,   1.44136E-01,  -2.93
  307,    9.99060E-02,   8.94345E-02,  -10.48
  308,    2.88083E-01,   2.77792E-01,  -3.57
  309,    1.73485E-01,   1.95682E-01,  12.79
  310,    1.09826E-01,   1.18486E-01,  7.89
  311,    7.46354E-02,   7.46885E-02,  0.07
  312,    4.36110E-02,   4.38237E-02,  0.49
  313,    5.13951E-02,   4.93573E-02,  -3.96
  314,    4.50839E-02,   4.33697E-02,  -3.80
  315,    2.97197E-02,   2.47459E-02,  -16.74
  316,    4.69384E-02,   4.22065E-02,  -10.08
  317,    2.95880E-02,   2.81529E-02,  -4.85
  318,    1.92295E-02,   1.86544E-02,  -2.99
  319,    2.35129E-02,   2.19212E-02,  -6.77
  320,    1.79449E-02,   1.40772E-02,  -21.55
  321,    3.80804E+01,   1.30430E+01,  -65.75
  322,    6.76850E+00,   3.79649E+00,  -43.91
  323,    1.95633E+00,   1.27954E+00,  -34.60
  324,    7.22030E-01,   5.93170E-01,  -17.85
  325,    2.45501E-01,   3.65494E-01,  48.88
  326,    3.14589E-01,   2.06409E-01,  -34.39
  327,    1.32839E-01,   1.20721E-01,  -9.12
  328,    9.12254E-02,   9.98226E-02,  9.42
  329,    2.81530E-01,   3.11012E-01,  10.47
  330,    1.84205E-01,   2.13145E-01,  15.71
  331,    1.01430E-01,   1.10653E-01,  9.09
  332,    6.69656E-02,   7.08457E-02,  5.79
  333,    3.76459E-02,   3.82949E-02,  1.72
  334,    5.08173E-02,   5.08033E-02,  -0.03
  335,    4.43708E-02,   4.23227E-02,  -4.62
  336,    2.39373E-02,   2.16040E-02,  -9.75
  337,    3.91844E-02,   3.60074E-02,  -8.11
  338,    2.76876E-02,   2.63100E-02,  -4.98
  339,    1.84457E-02,   1.76760E-02,  -4.17
  340,    2.23618E-02,   1.91878E-02,  -14.19
  341,    1.70212E-02,   1.29445E-02,  -23.95
  342,    4.82802E+01,   1.37054E+01,  -71.61
  343,    8.77579E+00,   3.06808E+00,  -65.04
  344,    2.45714E+00,   1.15025E+00,  -53.19
  345,    9.03480E-01,   6.18091E-01,  -31.59
  346,    1.82202E-01,   3.18355E-01,  74.73
  347,    5.68158E-01,   1.72663E-01,  -69.61
  348,    1.66081E-01,   1.35508E-01,  -18.41
  349,    1.09426E-01,   9.75363E-02,  -10.87
  350,    3.16558E-01,   3.25601E-01,  2.86
  351,    1.79875E-01,   1.83888E-01,  2.23
  352,    1.09995E-01,   1.08100E-01,  -1.72
  353,    5.94460E-02,   5.92831E-02,  -0.27
  354,    3.31911E-02,   3.27573E-02,  -1.31
  355,    5.25062E-02,   4.98185E-02,  -5.12
  356,    4.42747E-02,   4.09361E-02,  -7.54
  357,    2.24154E-02,   2.20681E-02,  -1.55
  358,    3.92747E-02,   3.78679E-02,  -3.58
  359,    2.48500E-02,   2.28836E-02,  -7.91
  360,    1.74309E-02,   1.59039E-02,  -8.76
  361,    2.08296E-02,   1.70667E-02,  -18.07
  362,    1.74077E-02,   1.32602E-02,  -23.83
  363,    4.38445E+01,   1.14485E+01,  -73.89
  364,    7.49710E+00,   2.74404E+00,  -63.40
  365,    2.15001E+00,   1.16562E+00,  -45.79
  366,    9.91793E-01,   5.18893E-01,  -47.68
  367,    1.39811E-01,   2.50658E-01,  79.28
  368,    5.69839E-01,   1.81718E-01,  -68.11
  369,    1.61607E-01,   1.23975E-01,  -23.29
  370,    1.27958E-01,   1.05406E-01,  -17.62
  371,    3.73491E-01,   3.27634E-01,  -12.28
  372,    1.82501E-01,   1.58206E-01,  -13.31
  373,    1.07117E-01,   9.45581E-02,  -11.72
  374,    5.49832E-02,   4.76441E-02,  -13.35
  375,    3.14264E-02,   2.75286E-02,  -12.40
  376,    5.80390E-02,   5.55833E-02,  -4.23
  377,    3.50537E-02,   2.99997E-02,  -14.42
  378,    2.26806E-02,   2.33721E-02,  3.05
  379,    3.84461E-02,   3.83264E-02,  -0.31
  380,    2.28213E-02,   2.09068E-02,  -8.39
  381,    1.63110E-02,   1.40721E-02,  -13.73
  382,    2.02806E-02,   1.55361E-02,  -23.39
  383,    4.16206E+01,   1.32821E+01,  -68.09
  384,    6.32291E+00,   3.67265E+00,  -41.92
  385,    2.42941E+00,   1.32307E+00,  -45.54
  386,    9.34296E-01,   5.45515E-01,  -41.61
  387,    2.53052E-01,   3.53907E-01,  39.86
  388,    4.70146E-01,   2.24175E-01,  -52.32
  389,    2.05146E-01,   1.81340E-01,  -11.60
  390,    1.38997E-01,   1.23894E-01,  -10.87
  391,    3.64430E-01,   3.21477E-01,  -11.79
  392,    1.98949E-01,   1.72995E-01,  -13.05
  393,    9.42916E-02,   8.77839E-02,  -6.90
  394,    4.87184E-02,   4.50020E-02,  -7.63
  395,    3.58201E-02,   3.30126E-02,  -7.84
  396,    6.18732E-02,   5.71956E-02,  -7.56
  397,    3.14527E-02,   2.74008E-02,  -12.88
  398,    2.36043E-02,   2.23761E-02,  -5.20
  399,    3.66439E-02,   3.46196E-02,  -5.52
  400,    2.19586E-02,   2.07049E-02,  -5.71
  401,    1.62634E-02,   1.34696E-02,  -17.18
  402,    2.03385E-02,   1.48972E-02,  -26.75
  403,    3.15710E+01,   1.30037E+01,  -58.81
  404,    7.42207E+00,   3.06676E+00,  -58.68
  405,    2.14589E+00,   9.97015E-01,  -53.54
  406,    8.45372E-01,   5.51053E-01,  -34.82
  407,    2.44612E-01,   3.14525E-01,  28.58
  408,    4.92168E-01,   2.37517E-01,  -51.74
  409,    1.99963E-01,   1.55788E-01,  -22.09
  410,    1.13386E-01,   9.30436E-02,  -17.94
  411,    3.50445E-01,   3.01187E-01,  -14.06
  412,    1.83315E-01,   1.63913E-01,  -10.58
  413,    8.18915E-02,   7.53903E-02,  -7.94
  414,    4.43376E-02,   4.08200E-02,  -7.93
  415,    3.74022E-02,   3.56474E-02,  -4.69
  416,    6.16918E-02,   5.54891E-02,  -10.05
  417,    2.91736E-02,   2.80070E-02,  -4.00
  418,    2.26963E-02,   2.06773E-02,  -8.90
  419,    3.60432E-02,   3.25287E-02,  -9.75
  420,    2.23686E-02,   1.98156E-02,  -11.41
  421,    1.57647E-02,   1.21009E-02,  -23.24
  422,    1.92219E-02,   1.33255E-02,  -30.68
  423,    4.08932E+01,   1.27944E+01,  -68.71
  424,    6.90435E+00,   2.71927E+00,  -60.62
  425,    1.99952E+00,   1.18946E+00,  -40.51
  426,    8.46089E-01,   5.89209E-01,  -30.36
  427,    3.85740E-01,   4.06058E-01,  5.27
  428,    4.86175E-01,   2.52667E-01,  -48.03
  429,    1.78218E-01,   1.45055E-01,  -18.61
  430,    1.34689E-01,   1.07060E-01,  -20.51
  431,    3.74887E-01,   3.05844E-01,  -18.42
  432,    1.54621E-01,   1.39772E-01,  -9.60
  433,    7.03302E-02,   6.46360E-02,  -8.10
  434,    4.76763E-02,   4.47954E-02,  -6.04
  435,    3.89113E-02,   3.68591E-02,  -5.27
  436,    5.12519E-02,   4.50082E-02,  -12.18
  437,    3.10974E-02,   3.29496E-02,  5.96
  438,    1.97023E-02,   1.81884E-02,  -7.68
  439,    3.20080E-02,   2.90344E-02,  -9.29
  440,    2.10656E-02,   1.84977E-02,  -12.19
  441,    1.54380E-02,   1.14015E-02,  -26.15
  442,    1.94699E-02,   1.30630E-02,  -32.91
  443,    3.69067E+01,   1.15529E+01,  -68.70
  444,    6.11714E+00,   3.22462E+00,  -47.29
  445,    1.96900E+00,   1.29235E+00,  -34.37
  446,    1.11223E+00,   7.86601E-01,  -29.28
  447,    4.54019E-01,   4.57780E-01,  0.83
  448,    4.47306E-01,   2.50936E-01,  -43.90
  449,    2.22446E-01,   1.77802E-01,  -20.07
  450,    1.42246E-01,   1.21369E-01,  -14.68
  451,    3.65735E-01,   3.24385E-01,  -11.31
  452,    1.39970E-01,   1.31623E-01,  -5.96
  453,    6.62039E-02,   6.48874E-02,  -1.99
  454,    5.30261E-02,   5.39224E-02,  1.69
  455,    4.62791E-02,   4.81633E-02,  4.07
  456,    4.34874E-02,   4.12159E-02,  -5.22
  457,    3.12419E-02,   3.18776E-02,  2.03
  458,    1.85895E-02,   1.75238E-02,  -5.73
  459,    3.09585E-02,   2.93278E-02,  -5.27
  460,    2.11322E-02,   1.81985E-02,  -13.88
  461,    1.56539E-02,   1.14909E-02,  -26.59
  462,    2.06630E-02,   1.42767E-02,  -30.91
  463,    3.06150E+01,   1.19639E+01,  -60.92
  464,    5.59096E+00,   2.97489E+00,  -46.79
  465,    2.54020E+00,   1.44203E+00,  -43.23
  466,    1.17197E+00,   7.51440E-01,  -35.88
  467,    3.70809E-01,   3.84598E-01,  3.72
  468,    5.48992E-01,   2.57781E-01,  -53.04
  469,    2.29461E-01,   1.68603E-01,  -26.52
  470,    1.23286E-01,   1.04197E-01,  -15.48
  471,    3.23268E-01,   2.91465E-01,  -9.84
  472,    1.25831E-01,   1.18539E-01,  -5.80
  473,    7.66221E-02,   7.63716E-02,  -0.33
  474,    5.95566E-02,   6.01383E-02,  0.98
  475,    3.93403E-02,   3.82192E-02,  -2.85
  476,    4.23110E-02,   4.52540E-02,  6.96
  477,    3.11593E-02,   3.15922E-02,  1.39
  478,    1.91772E-02,   1.89431E-02,  -1.22
  479,    3.08001E-02,   2.93030E-02,  -4.86
  480,    2.13899E-02,   1.75805E-02,  -17.81
  481,    1.53893E-02,   1.08540E-02,  -29.47
  482,    2.96490E+01,   1.09751E+01,  -62.98
  483,    7.54684E+00,   3.26806E+00,  -56.70
  484,    2.69279E+00,   1.40063E+00,  -47.99
  485,    1.10216E+00,   6.45323E-01,  -41.45
  486,    3.55291E-01,   4.00720E-01,  12.79
  487,    7.24874E-01,   2.48222E-01,  -65.76
  488,    2.01173E-01,   1.47096E-01,  -26.88
  489,    1.09193E-01,   8.34872E-02,  -23.54
  490,    2.85219E-01,   2.33471E-01,  -18.14
  491,    1.14398E-01,   1.02398E-01,  -10.49
  492,    8.33429E-02,   8.00809E-02,  -3.91
  493,    6.73928E-02,   6.84049E-02,  1.50
  494,    3.10131E-02,   2.61626E-02,  -15.64
  495,    4.63897E-02,   5.28497E-02,  13.93
  496,    2.79575E-02,   2.72624E-02,  -2.49
  497,    1.93758E-02,   1.86599E-02,  -3.69
  498,    3.14156E-02,   2.93405E-02,  -6.61
  499,    2.10809E-02,   1.65034E-02,  -21.71
  500,    1.58374E-02,   1.05927E-02,  -33.12
  501,    4.24601E+01,   1.28068E+01,  -69.84
  502,    7.85526E+00,   3.59842E+00,  -54.19
  503,    2.59148E+00,   1.39443E+00,  -46.19
  504,    1.40339E+00,   7.78868E-01,  -44.50
  505,    2.69711E-01,   4.51215E-01,  67.30
  506,    8.16428E-01,   2.55192E-01,  -68.74
  507,    1.79430E-01,   1.38563E-01,  -22.78
  508,    9.71550E-02,   7.89911E-02,  -18.70
  509,    2.52782E-01,   2.14022E-01,  -15.33
  510,    1.31542E-01,   1.24782E-01,  -5.14
  511,    9.25395E-02,   9.28910E-02,  0.38
  512,    5.65087E-02,   5.67752E-02,  0.47
  513,    3.04459E-02,   3.34370E-02,  9.82
  514,    4.72243E-02,   5.18581E-02,  9.81
  515,    2.64648E-02,   2.63708E-02,  -0.36
  516,    1.95223E-02,   1.84662E-02,  -5.41
  517,    3.12206E-02,   2.91102E-02,  -6.76
  518,    2.13894E-02,   1.65135E-02,  -22.80
  519,    1.68177E-02,   1.12149E-02,  -33.31
  520,    3.41563E+01,   1.28217E+01,  -62.46
  521,    6.58037E+00,   3.26878E+00,  -50.33
  522,    2.85394E+00,   1.49387E+00,  -47.66
  523,    1.32024E+00,   7.74399E-01,  -41.34
  524,    2.97713E-01,   4.08477E-01,  37.21
  525,    5.38794E-01,   2.08750E-01,  -61.26
  526,    1.39096E-01,   1.12165E-01,  -19.36
  527,    7.57013E-02,   7.02544E-02,  -7.20
  528,    2.18441E-01,   2.02597E-01,  -7.25
  529,    1.42850E-01,   1.46847E-01,  2.80
  530,    1.04678E-01,   1.19193E-01,  13.87
  531,    4.50503E-02,   4.35947E-02,  -3.23
  532,    3.05649E-02,   4.10652E-02,  34.35
  533,    4.68946E-02,   5.20775E-02,  11.05
  534,    2.70807E-02,   2.87493E-02,  6.16
  535,    1.89779E-02,   1.76911E-02,  -6.78
  536,    3.05025E-02,   2.77522E-02,  -9.02
  537,    2.15553E-02,   1.61154E-02,  -25.24
  538,    1.75997E-02,   1.21418E-02,  -31.01
  539,    3.19448E+01,   1.27479E+01,  -60.09
  540,    7.93482E+00,   3.78136E+00,  -52.34
  541,    3.00330E+00,   1.62693E+00,  -45.83
  542,    1.13693E+00,   7.76099E-01,  -31.74
  543,    2.05482E-01,   3.66955E-01,  78.58
  544,    5.13137E-01,   1.83317E-01,  -64.28
  545,    1.19034E-01,   1.08839E-01,  -8.56
  546,    7.44040E-02,   6.88412E-02,  -7.48
  547,    2.40615E-01,   2.41892E-01,  0.53
  548,    1.56809E-01,   1.68646E-01,  7.55
  549,    8.71872E-02,   9.89628E-02,  13.51
  550,    4.46907E-02,   5.55284E-02,  24.25
  551,    3.42368E-02,   4.45091E-02,  30.00
  552,    4.33740E-02,   4.91417E-02,  13.30
  553,    2.79442E-02,   3.12538E-02,  11.84
  554,    1.95538E-02,   1.88674E-02,  -3.51
  555,    3.21501E-02,   2.90111E-02,  -9.76
  556,    2.18782E-02,   1.64523E-02,  -24.80
  557,    3.82974E+01,   1.29250E+01,  -66.25
  558,    8.58222E+00,   3.53308E+00,  -58.83
  559,    2.70807E+00,   1.38962E+00,  -48.69
  560,    1.00591E+00,   5.77221E-01,  -42.62
  561,    1.33652E-01,   2.56453E-01,  91.88
  562,    4.86496E-01,   1.39469E-01,  -71.33
  563,    1.16760E-01,   8.36252E-02,  -28.38
  564,    1.05913E-01,   8.81488E-02,  -16.77
  565,    2.82124E-01,   2.59020E-01,  -8.19
  566,    1.88030E-01,   1.97291E-01,  4.93
  567,    7.33085E-02,   6.87214E-02,  -6.26
  568,    4.74624E-02,   6.24446E-02,  31.57
  569,    3.83079E-02,   4.51361E-02,  17.82
  570,    4.16925E-02,   4.56010E-02,  9.37
  571,    2.93357E-02,   3.00754E-02,  2.52
  572,    2.03250E-02,   1.79770E-02,  -11.55
  573,    3.25848E-02,   2.78971E-02,  -14.39
  574,    2.32618E-02,   1.65086E-02,  -29.03
  575,    3.06917E+01,   1.35871E+01,  -55.73
  576,    5.57527E+00,   3.55026E+00,  -36.32
  577,    1.77954E+00,   1.19116E+00,  -33.06
  578,    6.51715E-01,   4.39008E-01,  -32.64
  579,    1.22119E-01,   2.04938E-01,  67.82
  580,    2.99050E-01,   1.11512E-01,  -62.71
  581,    1.29912E-01,   1.09676E-01,  -15.58
  582,    7.71218E-02,   6.09567E-02,  -20.96
  583,    2.81795E-01,   2.43609E-01,  -13.55
  584,    1.40823E-01,   1.34657E-01,  -4.38
  585,    6.60604E-02,   7.08427E-02,  7.24
  586,    4.80322E-02,   5.50121E-02,  14.53
  587,    3.00191E-02,   3.15283E-02,  5.03
  588,    4.15528E-02,   4.48242E-02,  7.87
  589,    2.76315E-02,   2.60861E-02,  -5.59
  590,    2.04332E-02,   1.63705E-02,  -19.88
  591,    3.21279E-02,   2.56530E-02,  -20.15
  592,    2.37388E-02,   1.60450E-02,  -32.41
  593,    2.82199E+01,   1.69010E+01,  -40.11
  594,    5.21130E+00,   4.02540E+00,  -22.76
  595,    1.56605E+00,   1.19938E+00,  -23.41
  596,    5.72462E-01,   4.69539E-01,  -17.98
  597,    1.76971E-01,   2.26436E-01,  27.95
  598,    3.34841E-01,   2.03797E-01,  -39.14
  599,    1.32818E-01,   1.07916E-01,  -18.75
  600,    1.26665E-01,   1.19871E-01,  -5.36
  601,    3.23660E-01,   3.19375E-01,  -1.32
  602,    1.12088E-01,   1.01439E-01,  -9.50
  603,    6.67424E-02,   8.65503E-02,  29.68
  604,    5.08003E-02,   5.99543E-02,  18.02
  605,    2.72923E-02,   2.91933E-02,  6.97
  606,    4.16490E-02,   4.37369E-02,  5.01
  607,    2.77499E-02,   2.47560E-02,  -10.79
  608,    2.03417E-02,   1.50118E-02,  -26.20
  609,    3.29427E-02,   2.49191E-02,  -24.36
  610,    2.57314E-02,   1.71067E-02,  -33.52
  611,    2.38875E+01,   1.57740E+01,  -33.97
  612,    4.41358E+00,   3.27207E+00,  -25.86
  613,    1.29953E+00,   1.03051E+00,  -20.70
  614,    5.60187E-01,   4.30724E-01,  -23.11
  615,    3.87876E-01,   3.49363E-01,  -9.93
  616,    2.58467E-01,   1.75084E-01,  -32.26
  617,    2.11006E-01,   1.85694E-01,  -12.00
  618,    1.19297E-01,   1.21130E-01,  1.54
  619,    2.93383E-01,   2.91678E-01,  -0.58
  620,    1.22231E-01,   1.37577E-01,  12.55
  621,    8.06615E-02,   1.01866E-01,  26.29
  622,    4.70720E-02,   5.58086E-02,  18.56
  623,    3.13164E-02,   3.57089E-02,  14.03
  624,    4.31678E-02,   4.51845E-02,  4.67
  625,    2.89400E-02,   2.50851E-02,  -13.32
  626,    1.97790E-02,   1.48623E-02,  -24.86
  627,    3.36847E-02,   2.40823E-02,  -28.51
  628,    1.67942E+01,   1.21152E+01,  -27.86
  629,    3.07161E+00,   2.46229E+00,  -19.84
  630,    1.08454E+00,   8.16455E-01,  -24.72
  631,    7.31747E-01,   5.66965E-01,  -22.52
  632,    3.66913E-01,   2.62948E-01,  -28.34
  633,    3.27837E-01,   2.62379E-01,  -19.97
  634,    1.69613E-01,   1.65468E-01,  -2.44
  635,    8.09325E-02,   7.10829E-02,  -12.17
  636,    2.31591E-01,   2.08644E-01,  -9.91
  637,    1.24665E-01,   1.65590E-01,  32.83
  638,    8.57160E-02,   1.09976E-01,  28.30
  639,    4.33129E-02,   5.12138E-02,  18.24
  640,    3.19547E-02,   3.86616E-02,  20.99
  641,    4.37952E-02,   4.50844E-02,  2.94
  642,    3.06382E-02,   2.63316E-02,  -14.06
  643,    2.15092E-02,   1.61646E-02,  -24.85
  644,    3.42349E-02,   2.42328E-02,  -29.22
  645,    9.89550E+00,   9.86793E+00,  -0.28
  646,    2.38184E+00,   1.97984E+00,  -16.88
  647,    1.39654E+00,   1.03990E+00,  -25.54
  648,    6.61919E-01,   4.24010E-01,  -35.94
  649,    5.03590E-01,   3.85352E-01,  -23.48
  650,    2.93625E-01,   2.31348E-01,  -21.21
  651,    1.16914E-01,   9.51921E-02,  -18.58
  652,    7.23241E-02,   6.05095E-02,  -16.34
  653,    2.19162E-01,   2.32530E-01,  6.10
  654,    1.30039E-01,   1.63871E-01,  26.02
  655,    6.85258E-02,   8.63822E-02,  26.06
  656,    4.31907E-02,   5.30351E-02,  22.79
  657,    2.99446E-02,   3.61216E-02,  20.63
  658,    4.31238E-02,   4.45181E-02,  3.23
  659,    2.98551E-02,   2.53865E-02,  -14.97
  660,    2.25431E-02,   1.63195E-02,  -27.61
  661,    3.65465E-02,   2.58144E-02,  -29.37
  662,    7.08428E+00,   8.35095E+00,  17.88
  663,    2.89216E+00,   2.39107E+00,  -17.33
  664,    1.21571E+00,   7.65992E-01,  -36.99
  665,    8.93043E-01,   5.96175E-01,  -33.24
  666,    2.57100E-01,   3.31462E-01,  28.92
  667,    3.13606E-01,   1.28078E-01,  -59.16
  668,    1.00731E-01,   7.66556E-02,  -23.90
  669,    7.36282E-02,   8.54063E-02,  16.00
  670,    2.12331E-01,   2.55797E-01,  20.47
  671,    1.30740E-01,   1.61904E-01,  23.84
  672,    6.02286E-02,   7.22868E-02,  20.02
  673,    4.17568E-02,   5.27015E-02,  26.21
  674,    2.89149E-02,   3.26178E-02,  12.81
  675,    4.07218E-02,   4.14595E-02,  1.81
  676,    2.70620E-02,   2.33339E-02,  -13.78
  677,    2.15469E-02,   1.58941E-02,  -26.23
  678,    3.70290E-02,   2.73346E-02,  -26.18
  679,    8.79268E+00,   9.96978E+00,  13.39
  680,    2.54118E+00,   1.84797E+00,  -27.28
  681,    1.74784E+00,   1.07285E+00,  -38.62
  682,    6.85082E-01,   5.19021E-01,  -24.24
  683,    9.80398E-02,   1.79750E-01,  83.34
  684,    3.19806E-01,   9.65708E-02,  -69.80
  685,    1.07180E-01,   1.02027E-01,  -4.81
  686,    6.78824E-02,   6.43804E-02,  -5.16
  687,    2.20046E-01,   2.34199E-01,  6.43
  688,    1.04101E-01,   1.17986E-01,  13.34
  689,    5.97977E-02,   6.94736E-02,  16.18
  690,    3.92570E-02,   4.59670E-02,  17.09
  691,    2.71704E-02,   2.86916E-02,  5.60
  692,    4.00146E-02,   3.80295E-02,  -4.96
  693,    2.61179E-02,   2.22988E-02,  -14.62
  694,    2.11287E-02,   1.61680E-02,  -23.48
  695,    8.51856E+00,   8.69951E+00,  2.12
  696,    3.76990E+00,   2.91088E+00,  -22.79
  697,    1.38552E+00,   1.10512E+00,  -20.24
  698,    4.72214E-01,   3.16764E-01,  -32.92
  699,    3.79685E-01,   1.28836E-01,  -66.07
  700,    1.03746E-01,   7.73549E-02,  -25.44
  701,    8.84052E-02,   7.08879E-02,  -19.81
  702,    6.38813E-02,   1.37090E-01,  114.60
  703,    2.34054E-01,   2.15006E-01,  -8.14
  704,    9.64497E-02,   9.05591E-02,  -6.11
  705,    6.11518E-02,   6.33462E-02,  3.59
  706,    3.98833E-02,   3.80784E-02,  -4.53
  707,    2.58941E-02,   2.36817E-02,  -8.54
  708,    3.89861E-02,   3.27511E-02,  -15.99
  709,    2.69907E-02,   2.02249E-02,  -25.07
  710,    1.67956E+01,   1.98030E+01,  17.91
  711,    3.93603E+00,   5.28748E+00,  34.34
  712,    1.17817E+00,   1.24252E+00,  5.46
  713,    5.67485E-01,   4.17824E-01,  -26.37
  714,    2.37236E-01,   3.30454E-01,  39.29
  715,    3.31717E-01,   1.83620E-01,  -44.65
  716,    1.69616E-01,   1.59324E-01,  -6.07
  717,    9.37500E-02,   9.55324E-02,  1.90
  718,    2.30507E-01,   2.20462E-01,  -4.36
  719,    1.20047E-01,   1.19264E-01,  -0.65
  720,    7.20498E-02,   7.50824E-02,  4.21
  721,    4.71842E-02,   4.50633E-02,  -4.49
  722,    3.35480E-02,   2.99181E-02,  -10.82
  723,    4.16027E-02,   3.49022E-02,  -16.11
  724,    3.09103E-02,   2.27742E-02,  -26.32
  725,    1.11676E+01,   1.64079E+01,  46.92
  726,    2.19845E+00,   2.81283E+00,  27.95
  727,    9.13035E-01,   7.26026E-01,  -20.48
  728,    5.31806E-01,   4.67539E-01,  -12.08
  729,    2.15799E-01,   2.35332E-01,  9.05
  730,    2.88455E-01,   1.90656E-01,  -33.90
  731,    1.14386E-01,   1.09426E-01,  -4.34
  732,    6.52320E-02,   6.06186E-02,  -7.07
  733,    2.13195E-01,   2.06218E-01,  -3.27
  734,    1.23952E-01,   1.33416E-01,  7.64
  735,    7.43755E-02,   7.63284E-02,  2.63
  736,    4.60745E-02,   4.55631E-02,  -1.11
  737,    3.48140E-02,   3.08711E-02,  -11.33
  738,    4.40071E-02,   3.65003E-02,  -17.06
  739,    3.26938E-02,   2.51652E-02,  -23.03
  740,    1.45624E+01,   1.71463E+01,  17.74
  741,    3.87921E+00,   3.07738E+00,  -20.67
  742,    2.00283E+00,   1.54962E+00,  -22.63
  743,    9.35157E-01,   6.91058E-01,  -26.10
  744,    4.28887E-01,   5.15683E-01,  20.24
  745,    5.35372E-01,   2.81316E-01,  -47.45
  746,    1.69178E-01,   1.49754E-01,  -11.48
  747,    1.22778E-01,   1.12330E-01,  -8.51
  748,    2.95345E-01,   2.85845E-01,  -3.22
  749,    1.60030E-01,   1.67860E-01,  4.89
  750,    9.53733E-02,   9.56265E-02,  0.27
  751,    6.40765E-02,   6.09732E-02,  -4.84
  752,    3.95353E-02,   3.62536E-02,  -8.30
  753,    5.81647E-02,   4.97076E-02,  -14.54
  754,    1.31056E+01,   1.06983E+01,  -18.37
  755,    4.77626E+00,   3.17076E+00,  -33.61
  756,    2.07477E+00,   1.14072E+00,  -45.02
  757,    1.30047E+00,   7.49554E-01,  -42.36
  758,    2.83145E-01,   3.81116E-01,  34.60
  759,    5.90093E-01,   1.93006E-01,  -67.29
  760,    2.04505E-01,   1.39331E-01,  -31.87
  761,    1.40413E-01,   1.07021E-01,  -23.78
  762,    3.94026E-01,   3.46723E-01,  -12.01
  763,    2.13369E-01,   1.86898E-01,  -12.41
  764,    1.18608E-01,   1.06406E-01,  -10.29
  765,    8.40657E-02,   6.97231E-02,  -17.06
  766,    5.06893E-02,   4.40217E-02,  -13.15
  767,    6.94621E-02,   5.52412E-02,  -20.47
  768,    1.21473E+01,   1.05188E+01,  -13.41
  769,    3.39929E+00,   2.16703E+00,  -36.25
  770,    1.98238E+00,   1.07401E+00,  -45.82
  771,    7.77106E-01,   4.72571E-01,  -39.19
  772,    1.71175E-01,   2.17507E-01,  27.07
  773,    4.39087E-01,   1.46415E-01,  -66.65
  774,    1.62261E-01,   1.07371E-01,  -33.83
  775,    1.13441E-01,   7.97749E-02,  -29.68
  776,    3.60388E-01,   2.70501E-01,  -24.94
  777,    1.96316E-01,   1.46143E-01,  -25.56
  778,    1.20394E-01,   8.96184E-02,  -25.56
  779,    6.97173E-02,   5.17519E-02,  -25.77
  780,    5.05887E-02,   3.83773E-02,  -24.14
  781,    7.48064E-02,   5.93362E-02,  -20.68
  782,    9.51800E+00,   9.17058E+00,  -3.65
  783,    3.52661E+00,   2.71211E+00,  -23.10
  784,    1.25238E+00,   9.56691E-01,  -23.61
  785,    5.38351E-01,   3.86115E-01,  -28.28
  786,    1.75711E-01,   2.37244E-01,  35.02
  787,    3.80979E-01,   1.64276E-01,  -56.88
  788,    1.47120E-01,   1.17826E-01,  -19.91
  789,    9.73818E-02,   7.65075E-02,  -21.44
  790,    3.10154E-01,   2.30497E-01,  -25.68
  791,    1.59645E-01,   1.23135E-01,  -22.87
  792,    1.04328E-01,   7.73954E-02,  -25.82
  793,    5.94718E-02,   4.71784E-02,  -20.67
  794,    4.46862E-02,   3.33241E-02,  -25.43
  795,    1.07297E+01,   1.30440E+01,  21.57
  796,    2.60551E+00,   2.96768E+00,  13.90
  797,    9.77850E-01,   9.80932E-01,  0.32
  798,    5.65629E-01,   5.32209E-01,  -5.91
  799,    2.41966E-01,   3.42846E-01,  41.69
  800,    3.24049E-01,   2.36061E-01,  -27.15
  801,    1.42596E-01,   1.49409E-01,  4.78
  802,    1.08078E-01,   1.13103E-01,  4.65
  803,    3.00082E-01,   2.86332E-01,  -4.58
  804,    1.71920E-01,   1.65588E-01,  -3.68
  805,    9.15940E-02,   9.18399E-02,  0.27
  806,    6.33555E-02,   6.59943E-02,  4.17
  807,    4.34306E-02,   4.31974E-02,  -0.54
  808,    7.77629E+00,   1.00984E+01,  29.86
  809,    1.92329E+00,   2.01204E+00,  4.61
  810,    9.67088E-01,   8.28394E-01,  -14.34
  811,    5.37815E-01,   4.58007E-01,  -14.84
  812,    2.54371E-01,   2.90793E-01,  14.32
  813,    2.74375E-01,   1.75555E-01,  -36.02
  814,    1.47296E-01,   1.28289E-01,  -12.90
  815,    9.00716E-02,   8.23628E-02,  -8.56
  816,    2.80558E-01,   2.80451E-01,  -0.04
  817,    1.71164E-01,   1.68787E-01,  -1.39
  818,    9.03551E-02,   9.94222E-02,  10.03
  819,    6.50338E-02,   6.85716E-02,  5.44
  820,    4.61509E-02,   5.59357E-02,  21.20
  821,    8.37240E+00,   1.06285E+01,  26.95
  822,    2.79498E+00,   2.59733E+00,  -7.07
  823,    1.36425E+00,   1.11148E+00,  -18.53
  824,    7.50799E-01,   6.20794E-01,  -17.32
  825,    2.91485E-01,   3.49560E-01,  19.92
  826,    4.50793E-01,   2.43214E-01,  -46.05
  827,    1.78233E-01,   1.50687E-01,  -15.45
  828,    1.34518E-01,   1.14724E-01,  -14.72
  829,    3.70616E-01,   3.21248E-01,  -13.32
  830,    1.83500E-01,   1.69492E-01,  -7.63
  831,    1.16698E-01,   1.17491E-01,  0.68
  832,    7.58889E-02,   7.47323E-02,  -1.52
  833,    7.66502E+00,   9.50698E+00,  24.03
  834,    2.48971E+00,   2.24193E+00,  -9.95
  835,    1.20641E+00,   9.73719E-01,  -19.29
  836,    6.49498E-01,   4.86870E-01,  -25.04
  837,    3.01735E-01,   3.14475E-01,  4.22
  838,    3.60084E-01,   1.85380E-01,  -48.52
  839,    1.74358E-01,   1.36684E-01,  -21.61
  840,    1.37061E-01,   1.05584E-01,  -22.97
  841,    4.00333E-01,   3.27144E-01,  -18.28
  842,    1.95263E-01,   1.82579E-01,  -6.50
  843,    1.29372E-01,   1.21694E-01,  -5.93
  844,    8.68967E-02,   9.58381E-02,  10.29
  845,    5.70547E+00,   8.06121E+00,  41.29
  846,    1.90659E+00,   1.89268E+00,  -0.73
  847,    9.01092E-01,   7.42605E-01,  -17.59
  848,    5.43620E-01,   4.20897E-01,  -22.58
  849,    2.11083E-01,   2.29255E-01,  8.61
  850,    2.80896E-01,   1.61167E-01,  -42.62
  851,    1.56031E-01,   1.20605E-01,  -22.70
  852,    9.48318E-02,   7.78709E-02,  -17.89
  853,    3.02120E-01,   2.56458E-01,  -15.11
  854,    1.80510E-01,   1.69332E-01,  -6.19
  855,    1.08508E-01,   1.03903E-01,  -4.24
  856,    5.52423E+00,   8.35418E+00,  51.23
  857,    1.79776E+00,   1.84831E+00,  2.81
  858,    9.50088E-01,   8.17579E-01,  -13.95
  859,    4.61608E-01,   3.91082E-01,  -15.28
  860,    2.34349E-01,   2.56187E-01,  9.32
  861,    3.02701E-01,   1.83604E-01,  -39.34
  862,    1.34365E-01,   1.14937E-01,  -14.46
  863,    8.82631E-02,   8.18169E-02,  -7.30
  864,    2.71833E-01,   2.54500E-01,  -6.38
  865,    1.69750E-01,   1.61569E-01,  -4.82
  866,    1.05725E-01,   1.21415E-01,  14.84
  867,    5.70785E+00,   8.16877E+00,  43.11
  868,    1.97931E+00,   1.96748E+00,  -0.60
  869,    8.23320E-01,   7.20208E-01,  -12.52
  870,    5.05127E-01,   4.15077E-01,  -17.83
  871,    2.71757E-01,   2.77546E-01,  2.13
  872,    2.84022E-01,   1.66130E-01,  -41.51
  873,    1.27322E-01,   1.14489E-01,  -10.08
  874,    9.79994E-02,   9.29667E-02,  -5.14
  875,    3.00939E-01,   2.90842E-01,  -3.36
  876,    1.70370E-01,   1.69349E-01,  -0.60
  877,    6.07137E+00,   8.48494E+00,  39.75
  878,    1.60104E+00,   1.62246E+00,  1.34
  879,    8.54563E-01,   7.09963E-01,  -16.92
  880,    5.53855E-01,   4.16890E-01,  -24.73
  881,    2.32038E-01,   2.31864E-01,  -0.08
  882,    2.47654E-01,   1.52271E-01,  -38.51
  883,    1.35813E-01,   1.19837E-01,  -11.76
  884,    1.05678E-01,   9.40203E-02,  -11.03
  885,    3.11681E-01,   2.83470E-01,  -9.05
  886,    1.82920E-01,   2.00379E-01,  9.54
  887,    4.54372E+00,   6.64402E+00,  46.22
  888,    1.48054E+00,   1.45523E+00,  -1.71
  889,    8.25334E-01,   6.38683E-01,  -22.62
  890,    4.06646E-01,   3.08013E-01,  -24.26
  891,    1.89750E-01,   1.86270E-01,  -1.83
  892,    2.15815E-01,   1.39573E-01,  -35.33
  893,    1.28207E-01,   1.06039E-01,  -17.29
  894,    8.74299E-02,   6.99899E-02,  -19.95
  895,    2.81295E-01,   2.47096E-01,  -12.16
  896,    5.34105E+00,   7.58338E+00,  41.98
  897,    1.86299E+00,   1.66259E+00,  -10.76
  898,    7.69549E-01,   5.89937E-01,  -23.34
  899,    4.03310E-01,   3.05055E-01,  -24.36
  900,    2.22646E-01,   2.10362E-01,  -5.52
  901,    2.56071E-01,   1.52092E-01,  -40.61
  902,    1.32216E-01,   9.69212E-02,  -26.69
  903,    9.60375E-02,   7.85719E-02,  -18.19
  904,    2.95837E-01,   2.69537E-01,  -8.89
  905,    5.24726E+00,   7.41913E+00,  41.39
  906,    1.33018E+00,   1.30859E+00,  -1.62
  907,    5.80960E-01,   4.89916E-01,  -15.67
  908,    3.63987E-01,   2.90432E-01,  -20.21
  909,    2.21368E-01,   1.94179E-01,  -12.28
  910,    1.86606E-01,   1.17779E-01,  -36.88
  911,    1.11113E-01,   9.12802E-02,  -17.85
  912,    9.01945E-02,   8.34118E-02,  -7.52
  913,    4.30290E+00,   6.45701E+00,  50.06
  914,    1.10858E+00,   1.17024E+00,  5.56
  915,    6.05632E-01,   5.07306E-01,  -16.24
  916,    3.79821E-01,   2.95539E-01,  -22.19
  917,    1.98370E-01,   1.66650E-01,  -15.99
  918,    1.83362E-01,   1.21874E-01,  -33.53
  919,    1.21171E-01,   1.06189E-01,  -12.36
  920,    4.15210E+00,   6.38190E+00,  53.70
  921,    1.39602E+00,   1.27869E+00,  -8.40
  922,    7.37753E-01,   5.40348E-01,  -26.76
  923,    4.00083E-01,   2.64011E-01,  -34.01
  924,    2.10898E-01,   1.75717E-01,  -16.68
  925,    2.38774E-01,   1.42670E-01,  -40.25
  926,    4.45874E+00,   6.51374E+00,  46.09
  927,    1.41375E+00,   1.26630E+00,  -10.43
  928,    6.50217E-01,   4.46820E-01,  -31.28
  929,    3.79948E-01,   2.49348E-01,  -34.37
  930,    2.15155E-01,   1.80422E-01,  -16.14
  931,    4.53980E+00,   6.56083E+00,  44.52
  932,    1.23305E+00,   1.12953E+00,  -8.40
  933,    6.01100E-01,   4.51995E-01,  -24.81
  934,    3.91204E-01,   2.72842E-01,  -30.26
  935,    4.14627E+00,   6.09036E+00,  46.89
  936,    1.23464E+00,   1.16129E+00,  -5.94
  937,    6.81599E-01,   4.99617E-01,  -26.70
  938,    4.35325E+00,   6.33976E+00,  45.63
  939,    1.51930E+00,   1.21175E+00,  -20.24
  940,    4.05453E+00,   5.76271E+00,  42.13

;-Resistivity in Ohm-m in the elemental sequential order

 5.36399E+02,  5.30198E+02,  5.31420E+02,  5.31834E+02,  5.34248E+02
 5.42841E+02,  5.60125E+02,  5.86665E+02,  6.21913E+02,  6.64732E+02
 7.13397E+02,  7.65434E+02,  8.17647E+02,  8.66450E+02,  9.08022E+02
 6.15637E+02,  6.15637E+02,  4.89502E+02,  4.89502E+02,  4.89502E+02
 4.89502E+02,  4.89502E+02,  4.89502E+02,  5.36399E+02,  5.30198E+02
 5.31420E+02,  5.31834E+02,  5.34248E+02,  5.42841E+02,  5.60125E+02
 5.86665E+02,  6.21913E+02,  6.64732E+02,  7.13397E+02,  7.65434E+02
 8.17647E+02,  8.66450E+02,  9.08022E+02,  6.15637E+02,  6.15637E+02
 4.89502E+02,  4.89502E+02,  4.89502E+02,  4.89502E+02,  4.89502E+02
 4.89502E+02,  5.36399E+02,  5.30198E+02,  5.31420E+02,  5.31834E+02
 5.34248E+02,  5.42841E+02,  5.60125E+02,  5.86665E+02,  6.21913E+02
 6.64732E+02,  7.13397E+02,  7.65434E+02,  8.17647E+02,  8.66450E+02
 9.08022E+02,  6.15637E+02,  6.15637E+02,  4.89502E+02,  4.89502E+02
 4.89502E+02,  4.89502E+02,  4.89502E+02,  4.89502E+02,  5.36399E+02
 5.30198E+02,  5.31420E+02,  5.31834E+02,  5.34248E+02,  5.42841E+02
 5.60125E+02,  5.86665E+02,  6.21913E+02,  6.64732E+02,  7.13397E+02
 7.65434E+02,  8.17647E+02,  8.66450E+02,  9.08022E+02,  6.15637E+02
 6.15637E+02,  4.89502E+02,  4.89502E+02,  4.89502E+02,  4.89502E+02
 4.89502E+02,  4.89502E+02,  5.36399E+02,  5.30198E+02,  5.31420E+02
 5.31834E+02,  5.34248E+02,  5.42841E+02,  5.60125E+02,  5.86665E+02
 6.21913E+02,  6.64732E+02,  7.13397E+02,  7.65434E+02,  8.17647E+02
 8.66450E+02,  9.08022E+02,  6.15637E+02,  6.15637E+02,  4.89502E+02
 4.89502E+02,  4.89502E+02,  4.89502E+02,  4.89502E+02,  4.89502E+02
 5.36399E+02,  5.30198E+02,  5.31420E+02,  5.31834E+02,  5.34248E+02
 5.42841E+02,  5.60125E+02,  5.86665E+02,  6.21913E+02,  6.64732E+02
 7.13397E+02,  7.65434E+02,  8.17647E+02,  8.66450E+02,  9.08022E+02
 6.15637E+02,  6.15637E+02,  4.89502E+02,  4.89502E+02,  4.89502E+02
 4.89502E+02,  4.89502E+02,  4.89502E+02,  6.15370E+02,  1.07043E+03
 1.71355E+03,  2.00192E+03,  1.92044E+03,  1.70627E+03,  1.46541E+03
 1.23097E+03,  1.01617E+03,  8.28648E+02,  6.73898E+02,  5.53767E+02
 4.65977E+02,  4.05754E+02,  3.67914E+02,  2.60002E+02,  2.60002E+02
 1.84267E+02,  1.84267E+02,  1.84267E+02,  1.84267E+02,  1.84267E+02
 1.84267E+02,  6.15370E+02,  1.07043E+03,  1.71355E+03,  2.00192E+03
 1.92044E+03,  1.70627E+03,  1.46541E+03,  1.23097E+03,  1.01617E+03
 8.28648E+02,  6.73898E+02,  5.53767E+02,  4.65977E+02,  4.05754E+02
 3.67914E+02,  2.60002E+02,  2.60002E+02,  1.84267E+02,  1.84267E+02
 1.84267E+02,  1.84267E+02,  1.84267E+02,  1.84267E+02,  3.43613E+02
 3.50713E+02,  5.24450E+02,  9.59312E+02,  1.32501E+03,  1.31304E+03
 1.11004E+03,  8.99948E+02,  7.35839E+02,  6.17447E+02,  5.33965E+02
 4.75793E+02,  4.36128E+02,  4.10334E+02,  3.95207E+02,  3.35715E+02
 3.35715E+02,  3.05455E+02,  3.05455E+02,  3.05455E+02,  3.05455E+02
 3.05455E+02,  3.05455E+02,  3.59997E+02,  2.62784E+02,  2.72867E+02
 5.13352E+02,  9.19204E+02,  1.15408E+03,  1.10009E+03,  9.26669E+02
 7.58600E+02,  6.29698E+02,  5.37974E+02,  4.74648E+02,  4.32110E+02
 4.04916E+02,  3.89314E+02,  3.31041E+02,  3.31041E+02,  3.06296E+02
 3.06296E+02,  3.06296E+02,  3.06296E+02,  3.06296E+02,  3.06296E+02
 4.52752E+02,  1.75260E+02,  1.90309E+02,  3.72328E+02,  7.47952E+02
 1.11023E+03,  1.17804E+03,  1.02256E+03,  8.25681E+02,  6.66057E+02
 5.52970E+02,  4.76819E+02,  4.27259E+02,  3.96681E+02,  3.79919E+02
 3.16354E+02,  3.16354E+02,  2.95442E+02,  2.95442E+02,  2.95442E+02
 2.95442E+02,  2.95442E+02,  2.95442E+02,  3.84621E+02,  1.81316E+02
 1.52053E+02,  3.08572E+02,  6.60939E+02,  1.07916E+03,  1.24282E+03
 1.11571E+03,  8.95740E+02,  7.05384E+02,  5.69731E+02,  4.79830E+02
 4.22718E+02,  3.88472E+02,  3.70402E+02,  3.02148E+02,  3.02148E+02
 2.84884E+02,  2.84884E+02,  2.84884E+02,  2.84884E+02,  2.84884E+02
 2.84884E+02,  3.66882E+02,  1.38010E+02,  1.37950E+02,  2.82842E+02
 6.25658E+02,  1.07240E+03,  1.30059E+03,  1.20114E+03,  9.63526E+02
 7.44466E+02,  5.86487E+02,  4.82729E+02,  4.17980E+02,  3.80024E+02
 3.60621E+02,  2.88208E+02,  2.88208E+02,  2.74529E+02,  2.74529E+02
 2.74529E+02,  2.74529E+02,  2.74529E+02,  2.74529E+02,  3.80552E+02
 1.78098E+02,  1.42548E+02,  2.79307E+02,  6.22758E+02,  1.08786E+03
 1.35528E+03,  1.27634E+03,  1.02504E+03,  7.80653E+02,  6.01893E+02
 4.84973E+02,  4.12941E+02,  3.71460E+02,  3.50806E+02,  2.74957E+02
 2.74957E+02,  2.64840E+02,  2.64840E+02,  2.64840E+02,  2.64840E+02
 2.64840E+02,  2.64840E+02,  3.97284E+02,  1.60173E+02,  1.45827E+02
 2.84879E+02,  6.35580E+02,  1.11521E+03,  1.40673E+03,  1.34135E+03
 1.07886E+03,  8.12628E+02,  6.15156E+02,  4.86150E+02,  4.07401E+02
 3.62681E+02,  3.40901E+02,  2.62310E+02,  2.62310E+02,  2.55717E+02
 2.55717E+02,  2.55717E+02,  2.55717E+02,  2.55717E+02,  2.55717E+02
 4.14332E+02,  1.82681E+02,  1.49963E+02,  2.90090E+02,  6.47796E+02
 1.14023E+03,  1.45095E+03,  1.39597E+03,  1.12423E+03,  8.39391E+02
 6.25564E+02,  4.85866E+02,  4.01173E+02,  3.53615E+02,  3.30890E+02
 2.50229E+02,  2.50229E+02,  2.47142E+02,  2.47142E+02,  2.47142E+02
 2.47142E+02,  2.47142E+02,  2.47142E+02,  3.63322E+02,  1.66923E+02
 1.48337E+02,  2.87578E+02,  6.44679E+02,  1.14923E+03,  1.48204E+03
 1.43842E+03,  1.15955E+03,  8.59505E+02,  6.32234E+02,  4.83743E+02
 3.94191E+02,  3.44361E+02,  3.20950E+02,  2.38951E+02,  2.38951E+02
 2.39370E+02,  2.39370E+02,  2.39370E+02,  2.39370E+02,  2.39370E+02
 2.39370E+02,  3.93584E+02,  1.81603E+02,  1.47154E+02,  2.73261E+02
 6.18997E+02,  1.13594E+03,  1.49899E+03,  1.47087E+03,  1.18657E+03
 8.73608E+02,  6.35228E+02,  4.79619E+02,  3.86208E+02,  3.34638E+02
 3.10787E+02,  2.28039E+02,  2.28039E+02,  2.31956E+02,  2.31956E+02
 2.31956E+02,  2.31956E+02,  2.31956E+02,  2.31956E+02,  3.67336E+02
 1.63818E+02,  1.35215E+02,  2.49310E+02,  5.77559E+02,  1.10634E+03
 1.50567E+03,  1.49573E+03,  1.20627E+03,  8.81810E+02,  6.34368E+02
 4.73290E+02,  3.77056E+02,  3.24313E+02,  3.00300E+02,  2.17339E+02
 2.17339E+02,  2.24782E+02,  2.24782E+02,  2.24782E+02,  2.24782E+02
 2.24782E+02,  2.24782E+02,  3.61890E+02,  1.66533E+02,  1.26439E+02
 2.26744E+02,  5.37579E+02,  1.07517E+03,  1.50777E+03,  1.51250E+03
 1.21653E+03,  8.82491E+02,  6.28849E+02,  4.64542E+02,  3.66858E+02
 3.13682E+02,  2.89858E+02,  2.07320E+02,  2.07320E+02,  2.18338E+02
 2.18338E+02,  2.18338E+02,  2.18338E+02,  2.18338E+02,  2.18338E+02
 4.02198E+02,  1.61928E+02,  1.23339E+02,  2.15848E+02,  5.15126E+02
 1.05787E+03,  1.51236E+03,  1.52241E+03,  1.21729E+03,  8.75623E+02
 6.18694E+02,  4.53377E+02,  3.55583E+02,  3.02684E+02,  2.79384E+02
 1.97846E+02,  1.97846E+02,  2.12468E+02,  2.12468E+02,  2.12468E+02
 2.12468E+02,  2.12468E+02,  2.12468E+02,  3.85431E+02,  1.73092E+02
 1.28590E+02,  2.20388E+02,  5.17829E+02,  1.06401E+03,  1.52392E+03
 1.52577E+03,  1.20836E+03,  8.61292E+02,  6.04036E+02,  4.39869E+02
 3.43253E+02,  2.91318E+02,  2.68870E+02,  1.88847E+02,  1.88847E+02
 2.07116E+02,  2.07116E+02,  2.07116E+02,  2.07116E+02,  2.07116E+02
 2.07116E+02,  4.09582E+02,  1.86764E+02,  1.41942E+02,  2.38880E+02
 5.44440E+02,  1.09252E+03,  1.53924E+03,  1.51901E+03,  1.18794E+03
 8.39026E+02,  5.84926E+02,  4.24220E+02,  3.30109E+02,  2.79836E+02
 2.58571E+02,  1.80547E+02,  1.80547E+02,  2.02527E+02,  2.02527E+02
 2.02527E+02,  2.02527E+02,  2.02527E+02,  2.02527E+02,  4.46985E+02
 1.95514E+02,  1.58875E+02,  2.66088E+02,  5.85872E+02,  1.13117E+03
 1.54938E+03,  1.49935E+03,  1.15668E+03,  8.10045E+02,  5.62109E+02
 4.06659E+02,  3.16050E+02,  2.67963E+02,  2.48132E+02,  1.72501E+02
 1.72501E+02,  1.98222E+02,  1.98222E+02,  1.98222E+02,  1.98222E+02
 1.98222E+02,  1.98222E+02,  3.61510E+02,  2.03440E+02,  1.71694E+02
 2.92651E+02,  6.25389E+02,  1.16047E+03,  1.54275E+03,  1.46372E+03
 1.11493E+03,  7.75164E+02,  5.36100E+02,  3.87397E+02,  3.01111E+02
 2.55649E+02,  2.37473E+02,  1.64568E+02,  1.64568E+02,  1.94074E+02
 1.94074E+02,  1.94074E+02,  1.94074E+02,  1.94074E+02,  1.94074E+02
 3.91525E+02,  1.98367E+02,  1.80161E+02,  3.08126E+02,  6.44075E+02
 1.16145E+03,  1.50863E+03,  1.40835E+03,  1.06184E+03,  7.34462E+02
 5.07268E+02,  3.66899E+02,  2.85782E+02,  2.43393E+02,  2.27091E+02
 1.57216E+02,  1.57216E+02,  1.90589E+02,  1.90589E+02,  1.90589E+02
 1.90589E+02,  1.90589E+02,  1.90589E+02,  3.77866E+02,  2.06202E+02
 1.81287E+02,  3.07642E+02,  6.34828E+02,  1.12847E+03,  1.44609E+03
 1.33536E+03,  9.99777E+02,  6.89550E+02,  4.76517E+02,  3.45599E+02
 2.70228E+02,  2.31211E+02,  2.16925E+02,  1.50333E+02,  1.50333E+02
 1.87619E+02,  1.87619E+02,  1.87619E+02,  1.87619E+02,  1.87619E+02
 1.87619E+02,  3.59603E+02,  1.95184E+02,  1.76248E+02,  2.99025E+02
 6.10026E+02,  1.07518E+03,  1.36576E+03,  1.25142E+03,  9.32395E+02
 6.42283E+02,  4.44750E+02,  3.23914E+02,  2.54622E+02,  2.19161E+02
 2.06981E+02,  1.43852E+02,  1.43852E+02,  1.85100E+02,  1.85100E+02
 1.85100E+02,  1.85100E+02,  1.85100E+02,  1.85100E+02,  4.32786E+02
 2.10263E+02,  1.79387E+02,  2.95902E+02,  5.90295E+02,  1.02297E+03
 1.28193E+03,  1.16371E+03,  8.62939E+02,  5.94234E+02,  4.12846E+02
 3.02405E+02,  2.39367E+02,  2.07565E+02,  1.97548E+02,  1.37982E+02
 1.37982E+02,  1.83278E+02,  1.83278E+02,  1.83278E+02,  1.83278E+02
 1.83278E+02,  1.83278E+02,  4.36052E+02,  2.14513E+02,  1.89751E+02
 3.06692E+02,  5.90301E+02,  9.87596E+02,  1.20692E+03,  1.07972E+03
 7.95300E+02,  5.47239E+02,  3.81550E+02,  2.81241E+02,  2.24325E+02
 1.96125E+02,  1.88243E+02,  1.32328E+02,  1.32328E+02,  1.81690E+02
 1.81690E+02,  1.81690E+02,  1.81690E+02,  1.81690E+02,  1.81690E+02
 3.66204E+02,  2.20716E+02,  2.07775E+02,  3.35089E+02,  6.14872E+02
 9.74978E+02,  1.14708E+03,  1.00380E+03,  7.31737E+02,  5.02350E+02
 3.51322E+02,  2.60591E+02,  2.09521E+02,  1.84795E+02,  1.78985E+02
 1.26768E+02,  1.26768E+02,  1.80212E+02,  1.80212E+02,  1.80212E+02
 1.80212E+02,  1.80212E+02,  1.80212E+02,  3.81314E+02,  2.33493E+02
 2.36777E+02,  3.79929E+02,  6.59062E+02,  9.81520E+02,  1.10146E+03
 9.36066E+02,  6.72684E+02,  4.60107E+02,  3.22723E+02,  2.41007E+02
 1.95492E+02,  1.74100E+02,  1.70299E+02,  1.21724E+02,  1.21724E+02
 1.79350E+02,  1.79350E+02,  1.79350E+02,  1.79350E+02,  1.79350E+02
 1.79350E+02,  4.12265E+02,  2.56346E+02,  2.68026E+02,  4.28428E+02
 7.09251E+02,  9.97119E+02,  1.06490E+03,  8.75276E+02,  6.18477E+02
 4.21033E+02,  2.96108E+02,  2.22671E+02,  1.82296E+02,  1.64018E+02
 1.62108E+02,  1.17114E+02,  1.17114E+02,  1.78977E+02,  1.78977E+02
 1.78977E+02,  1.78977E+02,  1.78977E+02,  1.78977E+02,  3.97905E+02
 2.57585E+02,  2.85202E+02,  4.63240E+02,  7.49771E+02,  1.00971E+03
 1.03044E+03,  8.19142E+02,  5.68881E+02,  3.85312E+02,  2.71638E+02
 2.05672E+02,  1.69965E+02,  1.54546E+02,  1.54392E+02,  1.12876E+02
 1.12876E+02,  1.79033E+02,  1.79033E+02,  1.79033E+02,  1.79033E+02
 1.79033E+02,  1.79033E+02,  4.06761E+02,  2.57343E+02,  2.87742E+02
 4.77196E+02,  7.69265E+02,  1.00700E+03,  9.90010E+02,  7.64682E+02
 5.23266E+02,  3.52991E+02,  2.49526E+02,  1.90255E+02,  1.58750E+02
 1.45932E+02,  1.47401E+02,  1.09188E+02,  1.09188E+02,  1.79762E+02
 1.79762E+02,  1.79762E+02,  1.79762E+02,  1.79762E+02,  1.79762E+02
 4.11650E+02,  2.48792E+02,  2.81746E+02,  4.72024E+02,  7.60684E+02
 9.78056E+02,  9.37300E+02,  7.10120E+02,  4.81292E+02,  3.23912E+02
 2.29564E+02,  1.76154E+02,  1.48332E+02,  1.37814E+02,  1.40732E+02
 1.05718E+02,  1.05718E+02,  1.80730E+02,  1.80730E+02,  1.80730E+02
 1.80730E+02,  1.80730E+02,  1.80730E+02,  3.84262E+02,  2.48097E+02
 2.75034E+02,  4.51916E+02,  7.21133E+02,  9.17447E+02,  8.70031E+02
 6.54987E+02,  4.42704E+02,  2.97832E+02,  2.11562E+02,  1.63228E+02
 1.38598E+02,  1.30088E+02,  1.34285E+02,  1.02350E+02,  1.02350E+02
 1.81824E+02,  1.81824E+02,  1.81824E+02,  1.81824E+02,  1.81824E+02
 1.81824E+02,  4.06755E+02,  2.54199E+02,  2.71882E+02,  4.21503E+02
 6.54507E+02,  8.28678E+02,  7.90846E+02,  6.00182E+02,  4.07611E+02
 2.74823E+02,  1.95728E+02,  1.51796E+02,  1.29937E+02,  1.23190E+02
 1.28532E+02,  9.94553E+01,  9.94553E+01,  1.83540E+02,  1.83540E+02
 1.83540E+02,  1.83540E+02,  1.83540E+02,  1.83540E+02,  3.77235E+02
 2.56386E+02,  2.71061E+02,  3.89288E+02,  5.74735E+02,  7.25867E+02
 7.07802E+02,  5.48395E+02,  3.76534E+02,  2.54869E+02,  1.81973E+02
 1.41779E+02,  1.22273E+02,  1.17037E+02,  1.23376E+02,  9.69729E+01
 9.69729E+01,  1.85775E+02,  1.85775E+02,  1.85775E+02,  1.85775E+02
 1.85775E+02,  1.85775E+02,  3.60209E+02,  2.83297E+02,  2.87774E+02
 3.67043E+02,  5.01093E+02,  6.28654E+02,  6.31420E+02,  5.02935E+02
 3.50045E+02,  2.37895E+02,  1.70153E+02,  1.33064E+02,  1.15528E+02
 1.11570E+02,  1.18767E+02,  9.48469E+01,  9.48469E+01,  1.88477E+02
 1.88477E+02,  1.88477E+02,  1.88477E+02,  1.88477E+02,  1.88477E+02
 4.84900E+02,  3.52348E+02,  3.27152E+02,  3.60272E+02,  4.46720E+02
 5.52288E+02,  5.70486E+02,  4.66669E+02,  3.28686E+02,  2.23950E+02
 1.60306E+02,  1.25744E+02,  1.09840E+02,  1.06962E+02,  1.14910E+02
 9.32365E+01,  9.32365E+01,  1.91886E+02,  1.91886E+02,  1.91886E+02
 1.91886E+02,  1.91886E+02,  1.91886E+02,  4.22705E+02,  4.26277E+02
 3.83809E+02,  3.66534E+02,  4.15310E+02,  5.04015E+02,  5.30498E+02
 4.41612E+02,  3.12685E+02,  2.12776E+02,  1.52095E+02,  1.19478E+02
 1.04863E+02,  1.02853E+02,  1.11415E+02,  9.18557E+01,  9.18557E+01
 1.95604E+02,  1.95604E+02,  1.95604E+02,  1.95604E+02,  1.95604E+02
 1.95604E+02,  5.12120E+02,  4.88523E+02,  4.22599E+02,  3.76830E+02
 4.06427E+02,  4.86397E+02,  5.14249E+02,  4.28769E+02,  3.02013E+02
 2.04139E+02,  1.45305E+02,  1.14094E+02,  1.00460E+02,  9.91222E+01
 1.08173E+02,  9.06013E+01,  9.06013E+01,  1.99531E+02,  1.99531E+02
 1.99531E+02,  1.99531E+02,  1.99531E+02,  1.99531E+02,  5.44697E+02
 4.56120E+02,  4.09651E+02,  3.85947E+02,  4.21478E+02,  5.01280E+02
 5.22905E+02,  4.28252E+02,  2.96596E+02,  1.98124E+02,  1.40143E+02
 1.09868E+02,  9.69563E+01,  9.61452E+01,  1.05610E+02,  8.98075E+01
 8.98075E+01,  2.04153E+02,  2.04153E+02,  2.04153E+02,  2.04153E+02
 2.04153E+02,  2.04153E+02,  3.71624E+02,  3.55236E+02,  3.77010E+02
 4.05636E+02,  4.65578E+02,  5.50347E+02,  5.55821E+02,  4.39036E+02
 2.95963E+02,  1.94570E+02,  1.36522E+02,  1.06725E+02,  9.42751E+01
 9.38397E+01,  1.03633E+02,  8.94359E+01,  8.94359E+01,  2.09387E+02
 2.09387E+02,  2.09387E+02,  2.09387E+02,  2.09387E+02,  2.09387E+02
 4.08606E+02,  3.54051E+02,  3.92969E+02,  4.53978E+02,  5.39899E+02
 6.29737E+02,  6.08059E+02,  4.58400E+02,  2.99262E+02,  1.93238E+02
 1.34333E+02,  1.04582E+02,  9.23467E+01,  9.21460E+01,  1.02190E+02
 8.94426E+01,  8.94426E+01,  2.15195E+02,  2.15195E+02,  2.15195E+02
 2.15195E+02,  2.15195E+02,  2.15195E+02,  4.34410E+02,  4.32841E+02
 4.59275E+02,  5.16856E+02,  6.22567E+02,  7.18613E+02,  6.66308E+02
 4.81427E+02,  3.05415E+02,  1.94031E+02,  1.33658E+02,  1.03555E+02
 9.13075E+01,  9.12248E+01,  1.01473E+02,  8.99844E+01,  8.99844E+01
 2.21808E+02,  2.21808E+02,  2.21808E+02,  2.21808E+02,  2.21808E+02
 2.21808E+02,  4.80897E+02,  4.59001E+02,  4.54049E+02,  5.17241E+02
 6.54489E+02,  7.72354E+02,  7.08199E+02,  5.01476E+02,  3.13034E+02
 1.96582E+02,  1.34241E+02,  1.03375E+02,  9.08639E+01,  9.07527E+01
 1.01119E+02,  9.08104E+01,  9.08104E+01,  2.28873E+02,  2.28873E+02
 2.28873E+02,  2.28873E+02,  2.28873E+02,  2.28873E+02,  3.67276E+02
 3.07229E+02,  3.19011E+02,  4.10720E+02,  5.84731E+02,  7.45492E+02
 7.11116E+02,  5.12236E+02,  3.20932E+02,  2.00661E+02,  1.35965E+02
 1.03930E+02,  9.09068E+01,  9.06251E+01,  1.01029E+02,  9.18292E+01
 9.18292E+01,  2.36321E+02,  2.36321E+02,  2.36321E+02,  2.36321E+02
 2.36321E+02,  2.36321E+02,  3.55946E+02,  2.78086E+02,  2.47558E+02
 3.01007E+02,  4.53688E+02,  6.38956E+02,  6.67336E+02,  5.10344E+02
 3.28572E+02,  2.06441E+02,  1.39109E+02,  1.05518E+02,  9.17585E+01
 9.12031E+01,  1.01614E+02,  9.33710E+01,  9.33710E+01,  2.44611E+02
 2.44611E+02,  2.44611E+02,  2.44611E+02,  2.44611E+02,  2.44611E+02
 4.91612E+02,  3.01588E+02,  2.38688E+02,  2.48280E+02,  3.40675E+02
 5.04260E+02,  5.91477E+02,  4.97381E+02,  3.36046E+02,  2.13959E+02
 1.43669E+02,  1.08107E+02,  9.33694E+01,  9.24244E+01,  1.02799E+02
 9.54208E+01,  9.54208E+01,  2.53686E+02,  2.53686E+02,  2.53686E+02
 2.53686E+02,  2.53686E+02,  2.53686E+02,  3.97221E+02,  4.37366E+02
 3.01912E+02,  2.39190E+02,  2.69952E+02,  3.89426E+02,  5.09114E+02
 4.79140E+02,  3.44217E+02,  2.23310E+02,  1.49610E+02,  1.11640E+02
 9.56871E+01,  9.42430E+01,  1.04543E+02,  9.79521E+01,  9.79521E+01
 2.63526E+02,  2.63526E+02,  2.63526E+02,  2.63526E+02,  2.63526E+02
 2.63526E+02,  6.76534E+02,  8.18435E+02,  4.78680E+02,  2.58780E+02
 2.29775E+02,  3.09566E+02,  4.40207E+02,  4.62865E+02,  3.54555E+02
 2.34770E+02,  1.57042E+02,  1.16233E+02,  9.88513E+01,  9.68259E+01
 1.07043E+02,  1.01139E+02,  1.01139E+02,  2.74344E+02,  2.74344E+02
 2.74344E+02,  2.74344E+02,  2.74344E+02,  2.74344E+02,  5.74657E+02
 1.34395E+03,  8.11875E+02,  2.88224E+02,  2.06476E+02,  2.60731E+02
 3.94036E+02,  4.55080E+02,  3.68686E+02,  2.48372E+02,  1.65702E+02
 1.21594E+02,  1.02565E+02,  9.98573E+01,  1.09951E+02,  1.04751E+02
 1.04751E+02,  2.85864E+02,  2.85864E+02,  2.85864E+02,  2.85864E+02
 2.85864E+02,  2.85864E+02,  6.52705E+02,  1.49122E+03,  9.81154E+02
 3.01131E+02,  1.92728E+02,  2.36067E+02,  3.73117E+02,  4.60735E+02
 3.88165E+02,  2.64147E+02,  1.75391E+02,  1.27550E+02,  1.06696E+02
 1.03229E+02,  1.13171E+02,  1.08714E+02,  1.08714E+02,  2.98074E+02
 2.98074E+02,  2.98074E+02,  2.98074E+02,  2.98074E+02,  2.98074E+02
 7.06024E+02,  9.82752E+02,  7.65078E+02,  2.88897E+02,  1.87068E+02
 2.31816E+02,  3.78416E+02,  4.83297E+02,  4.14029E+02,  2.82121E+02
 1.86168E+02,  1.34307E+02,  1.11540E+02,  1.07303E+02,  1.17128E+02
 1.13386E+02,  1.13386E+02,  3.11379E+02,  3.11379E+02,  3.11379E+02
 3.11379E+02,  3.11379E+02,  3.11379E+02,  3.87532E+02,  5.53077E+02
 5.87058E+02,  2.69841E+02,  1.91099E+02,  2.48108E+02,  4.12032E+02
 5.24779E+02,  4.46174E+02,  3.01712E+02,  1.97679E+02,  1.41688E+02
 1.17002E+02,  1.12008E+02,  1.21751E+02,  1.18778E+02,  1.18778E+02
 3.25755E+02,  3.25755E+02,  3.25755E+02,  3.25755E+02,  3.25755E+02
 3.25755E+02,  4.39156E+02,  5.99862E+02,  5.15916E+02,  2.52893E+02
 2.06452E+02,  2.88315E+02,  4.77183E+02,  5.84743E+02,  4.82852E+02
 3.21798E+02,  2.09401E+02,  1.49459E+02,  1.22967E+02,  1.17285E+02
 1.27005E+02,  1.24890E+02,  1.24890E+02,  3.41218E+02,  3.41218E+02
 3.41218E+02,  3.41218E+02,  3.41218E+02,  3.41218E+02,  5.54416E+02
 7.20790E+02,  3.92360E+02,  2.36475E+02,  2.35264E+02,  3.58616E+02
 5.75095E+02,  6.57789E+02,  5.20019E+02,  3.40747E+02,  2.20823E+02
 1.57531E+02,  1.29511E+02,  1.23287E+02,  1.33095E+02,  1.31927E+02
 1.31927E+02,  3.57935E+02,  3.57935E+02,  3.57935E+02,  3.57935E+02
 3.57935E+02,  3.57935E+02,  5.96534E+02,  3.99164E+02,  2.65959E+02
 2.27791E+02,  2.83362E+02,  4.64670E+02,  6.97464E+02,  7.31338E+02
 5.51619E+02,  3.56412E+02,  2.31056E+02,  1.65393E+02,  1.36248E+02
 1.29663E+02,  1.39660E+02,  1.39678E+02,  1.39678E+02,  3.75781E+02
 3.75781E+02,  3.75781E+02,  3.75781E+02,  3.75781E+02,  3.75781E+02
 3.46687E+02,  2.71897E+02,  2.17847E+02,  2.38320E+02,  3.58557E+02
 5.98759E+02,  8.17200E+02,  7.86128E+02,  5.70787E+02,  3.66737E+02
 2.39362E+02,  1.72697E+02,  1.42979E+02,  1.36282E+02,  1.46611E+02
 1.48101E+02,  1.48101E+02,  3.94861E+02,  3.94861E+02,  3.94861E+02
 3.94861E+02,  3.94861E+02,  3.94861E+02,  3.86570E+02,  2.41717E+02
 2.12399E+02,  2.76104E+02,  4.52469E+02,  7.18732E+02,  8.88562E+02
 8.01548E+02,  5.71627E+02,  3.70232E+02,  2.45432E+02,  1.79531E+02
 1.49968E+02,  1.43516E+02,  1.54393E+02,  1.57609E+02,  1.57609E+02
 4.15451E+02,  4.15451E+02,  4.15451E+02,  4.15451E+02,  4.15451E+02
 4.15451E+02,  3.90785E+02,  2.66466E+02,  2.42411E+02,  3.24245E+02
 5.15097E+02,  7.55772E+02,  8.72921E+02,  7.67493E+02,  5.52266E+02
 3.66333E+02,  2.48946E+02,  1.85689E+02,  1.57087E+02,  1.51279E+02
 1.62939E+02,  1.68249E+02,  1.68249E+02,  4.37584E+02,  4.37584E+02
 4.37584E+02,  4.37584E+02,  4.37584E+02,  4.37584E+02,  3.71826E+02
 2.82399E+02,  2.68041E+02,  3.39391E+02,  4.94006E+02,  6.81925E+02
 7.73546E+02,  6.91912E+02,  5.15957E+02,  3.55727E+02,  2.49868E+02
 1.91032E+02,  1.64231E+02,  1.59512E+02,  1.72223E+02,  1.80063E+02
 1.80063E+02,  4.61341E+02,  4.61341E+02,  4.61341E+02,  4.61341E+02
 4.61341E+02,  4.61341E+02,  4.44407E+02,  3.26783E+02,  2.83902E+02
 3.13415E+02,  4.08737E+02,  5.44848E+02,  6.32894E+02,  5.95473E+02
 4.69504E+02,  3.40176E+02,  2.48601E+02,  1.95687E+02,  1.71522E+02
 1.68387E+02,  1.82461E+02,  1.93299E+02,  1.93299E+02,  4.86783E+02
 4.86783E+02,  4.86783E+02,  4.86783E+02,  4.86783E+02,  4.86783E+02
 4.00242E+02,  3.76037E+02,  3.04291E+02,  2.77686E+02,  3.17554E+02
 4.10551E+02,  4.97072E+02,  4.99874E+02,  4.20620E+02,  3.21841E+02
 2.45491E+02,  1.99482E+02,  1.78659E+02,  1.77571E+02,  1.93310E+02
 2.07792E+02,  2.07792E+02,  5.14085E+02,  5.14085E+02,  5.14085E+02
 5.14085E+02,  5.14085E+02,  5.14085E+02,  4.83068E+02,  4.59852E+02
 3.42741E+02,  2.57014E+02,  2.52505E+02,  3.11725E+02,  3.90864E+02
 4.18951E+02,  3.75290E+02,  3.02808E+02,  2.41098E+02,  2.02480E+02
 1.85583E+02,  1.87000E+02,  2.04729E+02,  2.23587E+02,  2.23587E+02
 5.43584E+02,  5.43584E+02,  5.43584E+02,  5.43584E+02,  5.43584E+02
 5.43584E+02,  4.59014E+02,  5.74449E+02,  4.21476E+02,  2.60188E+02
 2.17043E+02,  2.50766E+02,  3.18799E+02,  3.57869E+02,  3.37094E+02
 2.84930E+02,  2.36312E+02,  2.05199E+02,  1.92718E+02,  1.97113E+02
 2.17191E+02,  2.41153E+02,  2.41153E+02,  5.75260E+02,  5.75260E+02
 5.75260E+02,  5.75260E+02,  5.75260E+02,  5.75260E+02,  4.93301E+02
 6.67824E+02,  5.42633E+02,  2.87372E+02,  2.05248E+02,  2.19641E+02
 2.76096E+02,  3.16276E+02,  3.07420E+02,  2.69377E+02,  2.31723E+02
 2.07854E+02,  2.00116E+02,  2.07900E+02,  2.30666E+02,  2.60594E+02
 2.60594E+02,  6.09242E+02,  6.09242E+02,  6.09242E+02,  6.09242E+02
 6.09242E+02,  6.09242E+02,  4.96910E+02,  8.13940E+02,  6.88743E+02
 3.28448E+02,  2.10256E+02,  2.10353E+02,  2.56252E+02,  2.91346E+02
 2.86054E+02,  2.56699E+02,  2.27773E+02,  2.10664E+02,  2.07863E+02
 2.19399E+02,  2.45178E+02,  2.82032E+02,  2.82032E+02,  6.45728E+02
 6.45728E+02,  6.45728E+02,  6.45728E+02,  6.45728E+02,  6.45728E+02
 5.08872E+02,  8.67099E+02,  7.69910E+02,  3.62796E+02,  2.26207E+02
 2.17813E+02,  2.54236E+02,  2.79882E+02,  2.72069E+02,  2.47130E+02
 2.24927E+02,  2.14015E+02,  2.16254E+02,  2.31859E+02,  2.60950E+02
 3.05732E+02,  3.05732E+02,  6.84533E+02,  6.84533E+02,  6.84533E+02
 6.84533E+02,  6.84533E+02,  6.84533E+02,  5.24424E+02,  8.38911E+02
 7.16301E+02,  3.74606E+02,  2.49736E+02,  2.39885E+02,  2.66819E+02
 2.78909E+02,  2.64077E+02,  2.40400E+02,  2.23234E+02,  2.17902E+02
 2.25168E+02,  2.45074E+02,  2.77742E+02,  3.31676E+02,  3.31676E+02
 7.26427E+02,  7.26427E+02,  7.26427E+02,  7.26427E+02,  7.26427E+02
 7.26427E+02,  4.75376E+02,  7.06013E+02,  6.03203E+02,  3.71794E+02
 2.81799E+02,  2.76740E+02,  2.91881E+02,  2.85767E+02,  2.60651E+02
 2.36154E+02,  2.22768E+02,  2.22470E+02,  2.34713E+02,  2.59119E+02
 2.95623E+02,  3.60097E+02,  3.60097E+02,  7.72171E+02,  7.72171E+02
 7.72171E+02,  7.72171E+02,  7.72171E+02,  7.72171E+02,  5.50027E+02
 6.16485E+02,  5.01783E+02,  3.76887E+02,  3.28814E+02,  3.30261E+02
 3.27521E+02,  2.98088E+02,  2.60697E+02,  2.34309E+02,  2.23914E+02
 2.28239E+02,  2.45405E+02,  2.74469E+02,  3.15013E+02,  3.91424E+02
 3.91424E+02,  8.21101E+02,  8.21101E+02,  8.21101E+02,  8.21101E+02
 8.21101E+02,  8.21101E+02,  3.97654E+02,  4.57719E+02,  4.52903E+02
 4.11100E+02,  4.00994E+02,  4.01884E+02,  3.70662E+02,  3.13386E+02
 2.63172E+02,  2.34637E+02,  2.26779E+02,  2.35388E+02,  2.57380E+02
 2.91188E+02,  3.35913E+02,  4.25824E+02,  4.25824E+02,  8.73502E+02
 8.73502E+02,  8.73502E+02,  8.73502E+02,  8.73502E+02,  8.73502E+02
 4.56845E+02,  4.54131E+02,  4.75992E+02,  4.91991E+02,  5.05734E+02
 4.88003E+02,  4.16083E+02,  3.29147E+02,  2.67219E+02,  2.36941E+02
 2.31439E+02,  2.44079E+02,  2.70782E+02,  3.09367E+02,  3.58369E+02
 4.63514E+02,  4.63514E+02,  9.29755E+02,  9.29755E+02,  9.29755E+02
 9.29755E+02,  9.29755E+02,  9.29755E+02,  4.09512E+02,  4.81549E+02
 5.67875E+02,  6.23284E+02,  6.34296E+02,  5.75688E+02,  4.56878E+02
 3.43302E+02,  2.72387E+02,  2.41262E+02,  2.38134E+02,  2.54611E+02
 2.85878E+02,  3.29191E+02,  3.82467E+02,  5.04621E+02,  5.04621E+02
 9.89138E+02,  9.89138E+02,  9.89138E+02,  9.89138E+02,  9.89138E+02
 9.89138E+02,  4.59427E+02,  5.62375E+02,  6.95609E+02,  7.65582E+02
 7.50576E+02,  6.44846E+02,  4.86753E+02,  3.54597E+02,  2.78411E+02
 2.47492E+02,  2.46803E+02,  2.66921E+02,  3.02569E+02,  3.50534E+02
 4.08103E+02,  5.49445E+02,  5.49445E+02,  1.05355E+03,  1.05355E+03
 1.05355E+03,  1.05355E+03,  1.05355E+03,  1.05355E+03,  4.28182E+02
 5.77293E+02,  7.55805E+02,  8.36548E+02,  8.09352E+02,  6.79949E+02
 5.02925E+02,  3.62951E+02,  2.85395E+02,  2.55708E+02,  2.57536E+02
 2.81107E+02,  3.20950E+02,  3.73494E+02,  4.35411E+02,  5.98548E+02
 5.98548E+02,  1.12449E+03,  1.12449E+03,  1.12449E+03,  1.12449E+03
 1.12449E+03,  1.12449E+03,  4.70533E+02,  5.72192E+02,  7.07250E+02
 7.98511E+02,  7.97534E+02,  6.80169E+02,  5.06923E+02,  3.69369E+02
 2.93903E+02,  2.66347E+02,  2.70743E+02,  2.97545E+02,  3.41315E+02
 3.98248E+02,  4.64408E+02,  6.51894E+02,  6.51894E+02,  1.19992E+03
 1.19992E+03,  1.19992E+03,  1.19992E+03,  1.19992E+03,  1.19992E+03
 4.02174E+02,  4.77360E+02,  5.91591E+02,  7.03942E+02,  7.43636E+02
 6.57410E+02,  5.03044E+02,  3.75290E+02,  3.04467E+02,  2.79650E+02
 2.86526E+02,  3.16232E+02,  3.63584E+02,  4.24669E+02,  4.94964E+02
 7.09605E+02,  7.09605E+02,  1.28037E+03,  1.28037E+03,  1.28037E+03
 1.28037E+03,  1.28037E+03,  1.28037E+03,  4.19388E+02,  4.32160E+02
 5.16320E+02,  6.27089E+02,  6.84348E+02,  6.25537E+02,  4.95677E+02
 3.82048E+02,  3.17557E+02,  2.95793E+02,  3.04906E+02,  3.37086E+02
 3.87617E+02,  4.52606E+02,  5.26953E+02,  7.71908E+02,  7.71908E+02
 1.36645E+03,  1.36645E+03,  1.36645E+03,  1.36645E+03,  1.36645E+03
 1.36645E+03,  4.18344E+02,  4.53278E+02,  5.11424E+02,  5.88425E+02
 6.33348E+02,  5.91352E+02,  4.87306E+02,  3.90521E+02,  3.33571E+02
 3.14951E+02,  3.25877E+02,  3.59957E+02,  4.13159E+02,  4.81724E+02
 5.59953E+02,  8.38289E+02,  8.38289E+02,  1.45628E+03,  1.45628E+03
 1.45628E+03,  1.45628E+03,  1.45628E+03,  1.45628E+03,  4.38184E+02
 4.89284E+02,  5.20968E+02,  5.56490E+02,  5.81771E+02,  5.54420E+02
 4.78406E+02,  4.00949E+02,  3.52538E+02,  3.36920E+02,  3.49036E+02
 3.84351E+02,  4.39776E+02,  5.11784E+02,  5.94022E+02,  9.09698E+02
 9.09698E+02,  1.55383E+03,  1.55383E+03,  1.55383E+03,  1.55383E+03
 1.55383E+03,  1.55383E+03,  4.07193E+02,  4.31997E+02,  4.70602E+02
 4.97976E+02,  5.19480E+02,  5.12916E+02,  4.68645E+02,  4.13215E+02
 3.74324E+02,  3.61405E+02,  3.73936E+02,  4.09796E+02,  4.67105E+02
 5.42627E+02,  6.29234E+02,  9.87179E+02,  9.87179E+02,  1.66180E+03
 1.66180E+03,  1.66180E+03,  1.66180E+03,  1.66180E+03,  1.66180E+03
 3.78353E+02,  3.83635E+02,  4.08095E+02,  4.28073E+02,  4.51826E+02
 4.68646E+02,  4.58164E+02,  4.27050E+02,  3.98572E+02,  3.87899E+02
 3.99942E+02,  4.35610E+02,  4.94456E+02,  5.73512E+02,  6.64700E+02
 1.06924E+03,  1.06924E+03,  1.77530E+03,  1.77530E+03,  1.77530E+03
 1.77530E+03,  1.77530E+03,  1.77530E+03,  4.74624E+02,  4.39227E+02
 4.00428E+02,  3.81344E+02,  3.93943E+02,  4.27143E+02,  4.48089E+02
 4.42053E+02,  4.24385E+02,  4.15268E+02,  4.25877E+02,  4.60744E+02
 5.21006E+02,  6.03870E+02,  7.00093E+02,  1.15580E+03,  1.15580E+03
 1.89517E+03,  1.89517E+03,  1.89517E+03,  1.89517E+03,  1.89517E+03
 1.89517E+03,  4.30088E+02,  5.13652E+02,  4.45684E+02,  3.66047E+02
 3.54429E+02,  3.93663E+02,  4.40012E+02,  4.57717E+02,  4.50406E+02
 4.41927E+02,  4.50276E+02,  4.84027E+02,  5.45911E+02,  6.33155E+02
 7.35103E+02,  1.24697E+03,  1.24697E+03,  2.02225E+03,  2.02225E+03
 2.02225E+03,  2.02225E+03,  2.02225E+03,  2.02225E+03,  4.85506E+02
 5.88471E+02,  5.05137E+02,  3.68472E+02,  3.30991E+02,  3.70062E+02
 4.35017E+02,  4.73173E+02,  4.74698E+02,  4.65781E+02,  4.71352E+02
 5.04068E+02,  5.68074E+02,  6.60398E+02,  7.68735E+02,  1.34088E+03
 1.34088E+03,  2.15230E+03,  2.15230E+03,  2.15230E+03,  2.15230E+03
 2.15230E+03,  2.15230E+03,  4.68260E+02,  6.08202E+02,  5.32000E+02
 3.68822E+02,  3.16597E+02,  3.55105E+02,  4.33150E+02,  4.87070E+02
 4.94885E+02,  4.84512E+02,  4.87362E+02,  5.19764E+02,  5.86989E+02
 6.85686E+02,  8.01686E+02,  1.43998E+03,  1.43998E+03,  2.29288E+03
 2.29288E+03,  2.29288E+03,  2.29288E+03,  2.29288E+03,  2.29288E+03
 4.40810E+02,  5.42334E+02,  5.00697E+02,  3.57041E+02,  3.05754E+02
 3.46440E+02,  4.33508E+02,  4.97581E+02,  5.08410E+02,  4.95891E+02
 4.96794E+02,  5.30233E+02,  6.02245E+02,  7.08997E+02,  8.34272E+02
 1.54621E+03,  1.54621E+03,  2.44842E+03,  2.44842E+03,  2.44842E+03
 2.44842E+03,  2.44842E+03,  2.44842E+03,  4.21998E+02,  4.80542E+02
 4.53634E+02,  3.39709E+02,  2.97350E+02,  3.42426E+02,  4.34662E+02
 5.02370E+02,  5.12566E+02,  4.97817E+02,  4.98279E+02,  5.34514E+02
 6.12935E+02,  7.29184E+02,  8.64879E+02,  1.65534E+03,  1.65534E+03
 2.60854E+03,  2.60854E+03,  2.60854E+03,  2.60854E+03,  2.60854E+03
 2.60854E+03,  4.50078E+02,  4.81733E+02,  4.38552E+02,  3.28905E+02
 2.93589E+02,  3.42673E+02,  4.35016E+02,  4.99155E+02,  5.05388E+02
 4.89149E+02,  4.91299E+02,  5.32391E+02,  6.18975E+02,  7.46257E+02
 8.93632E+02,  1.76733E+03,  1.76733E+03,  2.77442E+03,  2.77442E+03
 2.77442E+03,  2.77442E+03,  2.77442E+03,  2.77442E+03,  4.15584E+02
 5.12569E+02,  4.58084E+02,  3.29559E+02,  2.97303E+02,  3.47389E+02
 4.32941E+02,  4.86302E+02,  4.86255E+02,  4.70031E+02,  4.76248E+02
 5.24232E+02,  6.20639E+02,  7.60419E+02,  9.20687E+02,  1.88253E+03
 1.88253E+03,  2.94697E+03,  2.94697E+03,  2.94697E+03,  2.94697E+03
 2.94697E+03,  2.94697E+03,  5.22399E+02,  6.32057E+02,  4.78577E+02
 3.40275E+02,  3.10706E+02,  3.56290E+02,  4.26631E+02,  4.63197E+02
 4.56100E+02,  4.41879E+02,  4.54335E+02,  5.10820E+02,  6.18228E+02
 7.71429E+02,  9.45190E+02,  1.99721E+03,  1.99721E+03,  3.11765E+03
 3.11765E+03,  3.11765E+03,  3.11765E+03,  3.11765E+03,  3.11765E+03
 4.97282E+02,  5.66290E+02,  4.68725E+02,  3.62942E+02,  3.34742E+02
 3.67273E+02,  4.14091E+02,  4.30658E+02,  4.17505E+02,  4.07298E+02
 4.27566E+02,  4.93659E+02,  6.13066E+02,  7.80803E+02,  9.69154E+02
 2.11701E+03,  2.11701E+03,  3.29985E+03,  3.29985E+03,  3.29985E+03
 3.29985E+03,  3.29985E+03,  3.29985E+03,  4.08813E+02,  4.59763E+02
 4.71431E+02,  4.03506E+02,  3.66551E+02,  3.75495E+02,  3.93565E+02
 3.90778E+02,  3.73915E+02,  3.69288E+02,  3.98109E+02,  4.74263E+02
 6.06287E+02,  7.89536E+02,  9.93578E+02,  2.24545E+03,  2.24545E+03
 3.50002E+03,  3.50002E+03,  3.50002E+03,  3.50002E+03,  3.50002E+03
 3.50002E+03,  4.24902E+02,  4.89194E+02,  5.27863E+02,  4.59363E+02
 3.96401E+02,  3.74551E+02,  3.64621E+02,  3.46789E+02,  3.29207E+02
 3.31044E+02,  3.68293E+02,  4.54160E+02,  5.98553E+02,  7.97181E+02
 1.01666E+03,  2.37430E+03,  2.37430E+03,  3.69842E+03,  3.69842E+03
 3.69842E+03,  3.69842E+03,  3.69842E+03,  3.69842E+03,  4.57150E+02
 5.61021E+02,  6.07213E+02,  5.06711E+02,  4.10373E+02,  3.60288E+02
 3.29192E+02,  3.02597E+02,  2.87001E+02,  2.95394E+02,  3.40276E+02
 4.35024E+02,  5.91179E+02,  8.04777E+02,  1.03924E+03,  2.50408E+03
 2.50408E+03,  3.89677E+03,  3.89677E+03,  3.89677E+03,  3.89677E+03
 3.89677E+03,  3.89677E+03,  4.35776E+02,  5.90555E+02,  6.48710E+02
 5.20652E+02,  4.02467E+02,  3.34462E+02,  2.91360E+02,  2.61850E+02
 2.49975E+02,  2.64367E+02,  3.15730E+02,  4.18296E+02,  5.85381E+02
 8.13273E+02,  1.06197E+03,  2.63565E+03,  2.63565E+03,  4.09577E+03
 4.09577E+03,  4.09577E+03,  4.09577E+03,  4.09577E+03,  4.09577E+03
 4.80370E+02,  6.20855E+02,  6.53589E+02,  5.10478E+02,  3.81448E+02
 3.04023E+02,  2.56009E+02,  2.27456E+02,  2.19935E+02,  2.39420E+02
 2.96053E+02,  4.05283E+02,  5.82130E+02,  8.22900E+02,  1.08402E+03
 2.76277E+03,  2.76277E+03,  4.28053E+03,  4.28053E+03,  4.28053E+03
 4.28053E+03,  4.28053E+03,  4.28053E+03,  4.54824E+02,  6.30783E+02
 6.70295E+02,  5.04810E+02,  3.61202E+02,  2.76525E+02,  2.27078E+02
 2.01086E+02,  1.97583E+02,  2.21081E+02,  2.81906E+02,  3.96896E+02
 5.82715E+02,  8.35564E+02,  1.10816E+03,  2.89546E+03,  2.89546E+03
 4.47279E+03,  4.47279E+03,  4.47279E+03,  4.47279E+03,  4.47279E+03
 4.47279E+03,  4.86365E+02,  7.03878E+02,  7.27260E+02,  5.17050E+02
 3.49310E+02,  2.56628E+02,  2.06897E+02,  1.83513E+02,  1.83137E+02
 2.09599E+02,  2.73754E+02,  3.93828E+02,  5.88018E+02,  8.52287E+02
 1.13548E+03,  3.03875E+03,  3.03875E+03,  4.68069E+03,  4.68069E+03
 4.68069E+03,  4.68069E+03,  4.68069E+03,  4.68069E+03,  5.10504E+02
 7.57699E+02,  7.75384E+02,  5.36010E+02,  3.45268E+02,  2.46423E+02
 1.97041E+02,  1.75540E+02,  1.77156E+02,  2.05647E+02,  2.72468E+02
 3.96969E+02,  5.98446E+02,  8.72230E+02,  1.16331E+03,  3.17813E+03
 3.17813E+03,  4.87171E+03,  4.87171E+03,  4.87171E+03,  4.87171E+03
 4.87171E+03,  4.87171E+03,  4.37446E+02,  6.37251E+02,  7.55199E+02
 5.37605E+02,  3.45163E+02,  2.47558E+02,  1.99289E+02,  1.78269E+02
 1.80343E+02,  2.09801E+02,  2.78624E+02,  4.06920E+02,  6.14595E+02
 8.95964E+02,  1.19227E+03,  3.31430E+03,  3.31430E+03,  5.04900E+03
 5.04900E+03,  5.04900E+03,  5.04900E+03,  5.04900E+03,  5.04900E+03
 4.65864E+02,  6.44485E+02,  7.03539E+02,  5.08517E+02,  3.48715E+02
 2.63502E+02,  2.16806E+02,  1.93819E+02,  1.94042E+02,  2.22966E+02
 2.92886E+02,  4.24195E+02,  6.36847E+02,  9.23731E+02,  1.22249E+03
 3.44773E+03,  3.44773E+03,  5.21325E+03,  5.21325E+03,  5.21325E+03
 5.21325E+03,  5.21325E+03,  5.21325E+03,  4.53291E+02,  6.08531E+02
 5.94947E+02,  4.63511E+02,  3.65225E+02,  3.01996E+02,  2.55684E+02
 2.26261E+02,  2.20815E+02,  2.46776E+02,  3.16303E+02,  4.49364E+02
 6.65174E+02,  9.54618E+02,  1.25201E+03,  3.56788E+03,  3.56788E+03
 5.34325E+03,  5.34325E+03,  5.34325E+03,  5.34325E+03,  5.34325E+03
 5.34325E+03,  4.73843E+02,  5.01029E+02,  4.80164E+02,  4.43712E+02
 4.13964E+02,  3.76502E+02,  3.25788E+02,  2.81805E+02,  2.64137E+02
 2.82974E+02,  3.49584E+02,  4.82647E+02,  6.99923E+02,  9.89870E+02
 1.28358E+03,  3.68938E+03,  3.68938E+03,  5.47068E+03,  5.47068E+03
 5.47068E+03,  5.47068E+03,  5.47068E+03,  5.47068E+03,  3.99494E+02
 4.21460E+02,  4.55423E+02,  4.91585E+02,  5.18089E+02,  5.03176E+02
 4.39764E+02,  3.68904E+02,  3.28741E+02,  3.33847E+02,  3.93608E+02
 5.24193E+02,  7.41012E+02,  1.02956E+03,  1.31764E+03,  3.81744E+03
 3.81744E+03,  5.60449E+03,  5.60449E+03,  5.60449E+03,  5.60449E+03
 5.60449E+03,  5.60449E+03,  4.30041E+02,  4.80465E+02,  5.64806E+02
 6.28463E+02,  6.77230E+02,  6.80947E+02,  6.04722E+02,  4.95888E+02
 4.19894E+02,  4.01880E+02,  4.49153E+02,  5.73656E+02,  7.86966E+02
 1.07071E+03,  1.34947E+03,  3.92895E+03,  3.92895E+03,  5.70079E+03
 5.70079E+03,  5.70079E+03,  5.70079E+03,  5.70079E+03,  5.70079E+03
 4.62043E+02,  6.29536E+02,  7.47619E+02,  7.45809E+02,  7.84224E+02
 8.43966E+02,  8.01902E+02,  6.64068E+02,  5.40453E+02,  4.87882E+02
 5.15602E+02,  6.29774E+02,  8.36435E+02,  1.11236E+03,  1.37895E+03
 4.02462E+03,  4.02462E+03,  5.76651E+03,  5.76651E+03,  5.76651E+03
 5.76651E+03,  5.76651E+03,  5.76651E+03,  4.97354E+02,  6.06087E+02
 5.42609E+02,  5.24507E+02,  6.38627E+02,  8.55558E+02,  9.69877E+02
 8.59455E+02,  6.87897E+02,  5.90035E+02,  5.90835E+02,  6.90426E+02
 8.87567E+02,  1.15316E+03,  1.40535E+03,  4.10432E+03,  4.10432E+03
 5.80398E+03,  5.80398E+03,  5.80398E+03,  5.80398E+03,  5.80398E+03
 5.80398E+03,  3.82682E+02,  3.10479E+02,  2.56805E+02,  2.56442E+02
 3.72200E+02,  6.82961E+02,  1.03220E+03,  1.04816E+03,  8.50512E+02
 7.02279E+02,  6.70618E+02,  7.52232E+02,  9.37315E+02,  1.19001E+03
 1.42542E+03,  4.15378E+03,  4.15378E+03,  5.79060E+03,  5.79060E+03
 5.79060E+03,  5.79060E+03,  5.79060E+03,  5.79060E+03,  3.85159E+02
 3.29387E+02,  2.56140E+02,  2.05728E+02,  2.44015E+02,  4.88492E+02
 9.74346E+02,  1.18833E+03,  1.00764E+03,  8.14339E+02,  7.49131E+02
 8.11862E+02,  9.84398E+02,  1.22388E+03,  1.44242E+03,  4.19297E+03
 4.19297E+03,  5.76626E+03,  5.76626E+03,  5.76626E+03,  5.76626E+03
 5.76626E+03,  5.76626E+03,  5.91583E+02,  3.55284E+02,  2.63797E+02
 2.09922E+02,  2.12180E+02,  3.74246E+02,  8.56524E+02,  1.25128E+03
 1.13375E+03,  9.12904E+02,  8.19454E+02,  8.65561E+02,  1.02689E+03
 1.25410E+03,  1.45657E+03,  4.22719E+03,  4.22719E+03,  5.73982E+03
 5.73982E+03,  5.73982E+03,  5.73982E+03,  5.73982E+03,  5.73982E+03
 6.95831E+02,  1.72780E+03,  3.35794E+02,  2.27353E+02,  2.14025E+02
 3.23511E+02,  7.37833E+02,  1.23052E+03,  1.20289E+03,  9.82169E+02
 8.73055E+02,  9.07996E+02,  1.06034E+03,  1.27577E+03,  1.46210E+03
 4.22832E+03,  4.22832E+03,  5.66584E+03,  5.66584E+03,  5.66584E+03
 5.66584E+03,  5.66584E+03,  5.66584E+03,  5.52820E+02,  1.44369E+03
 7.90854E+02,  2.63649E+02,  2.24976E+02,  3.00365E+02,  6.35897E+02
 1.14031E+03,  1.20098E+03,  1.01041E+03,  9.03428E+02,  9.35646E+02
 1.08294E+03,  1.28840E+03,  1.45973E+03,  4.20057E+03,  4.20057E+03
 5.55708E+03,  5.55708E+03,  5.55708E+03,  5.55708E+03,  5.55708E+03
 5.55708E+03,  5.62635E+02,  1.64756E+03,  1.41410E+03,  2.98843E+02
 2.28621E+02,  2.79470E+02,  5.43049E+02,  1.00257E+03,  1.13042E+03
 9.93510E+02,  9.07335E+02,  9.46562E+02,  1.09365E+03,  1.29163E+03
 1.44966E+03,  4.14642E+03,  4.14642E+03,  5.41935E+03,  5.41935E+03
 5.41935E+03,  5.41935E+03,  5.41935E+03,  5.41935E+03,  4.23117E+02
 5.27129E+02,  6.09290E+02,  2.82635E+02,  2.13891E+02,  2.48353E+02
 4.50921E+02,  8.39454E+02,  1.00699E+03,  9.35269E+02,  8.84830E+02
 9.39873E+02,  1.09113E+03,  1.28363E+03,  1.42968E+03,  4.05439E+03
 4.05439E+03,  5.23608E+03,  5.23608E+03,  5.23608E+03,  5.23608E+03
 5.23608E+03,  5.23608E+03,  4.17741E+02,  4.36566E+02,  4.14405E+02
 2.46489E+02,  1.88774E+02,  2.09715E+02,  3.61392E+02,  6.73729E+02
 8.56440E+02,  8.48251E+02,  8.41357E+02,  9.18733E+02,  1.07842E+03
 1.26832E+03,  1.40483E+03,  3.94925E+03,  3.94925E+03,  5.04756E+03
 5.04756E+03,  5.04756E+03,  5.04756E+03,  5.04756E+03,  5.04756E+03
 5.17391E+02,  5.57035E+02,  3.62405E+02,  2.15249E+02,  1.66119E+02
 1.73436E+02,  2.82669E+02,  5.23707E+02,  7.02548E+02,  7.46533E+02
 7.83519E+02,  8.86419E+02,  1.05749E+03,  1.24718E+03,  1.37631E+03
 3.83711E+03,  3.83711E+03,  4.86109E+03,  4.86109E+03,  4.86109E+03
 4.86109E+03,  4.86109E+03,  4.86109E+03,  4.97436E+02,  7.42156E+02
 2.96177E+02,  1.85894E+02,  1.48235E+02,  1.45054E+02,  2.20787E+02
 4.00190E+02,  5.62157E+02,  6.42238E+02,  7.17384E+02,  8.45099E+02
 1.02781E+03,  1.21753E+03,  1.34001E+03,  3.69481E+03,  3.69481E+03
 4.64184E+03,  4.64184E+03,  4.64184E+03,  4.64184E+03,  4.64184E+03
 4.64184E+03,  5.78362E+02,  8.69258E+02,  2.28993E+02,  1.67815E+02
 1.33739E+02,  1.24816E+02,  1.76228E+02,  3.06101E+02,  4.45089E+02
 5.45579E+02,  6.49921E+02,  7.99106E+02,  9.92269E+02,  1.18175E+03
 1.29836E+03,  3.53168E+03,  3.53168E+03,  4.40521E+03,  4.40521E+03
 4.40521E+03,  4.40521E+03,  4.40521E+03,  4.40521E+03,  5.99224E+02
 3.53280E+02,  2.30395E+02,  1.58677E+02,  1.21619E+02,  1.11590E+02
 1.45927E+02,  2.38119E+02,  3.53543E+02,  4.62307E+02,  5.86404E+02
 7.52217E+02,  9.53416E+02,  1.14166E+03,  1.25274E+03,  3.35353E+03
 3.35353E+03,  4.15836E+03,  4.15836E+03,  4.15836E+03,  4.15836E+03
 4.15836E+03,  4.15836E+03,  3.85644E+02,  3.32807E+02,  2.37231E+02
 1.45792E+02,  1.14029E+02,  1.05159E+02,  1.26206E+02,  1.90641E+02
 2.85286E+02,  3.94586E+02,  5.30199E+02,  7.07055E+02,  9.12554E+02
 1.09736E+03,  1.20252E+03,  3.15535E+03,  3.15535E+03,  3.89282E+03
 3.89282E+03,  3.89282E+03,  3.89282E+03,  3.89282E+03,  3.89282E+03
 3.75649E+02,  3.17336E+02,  2.21705E+02,  1.39869E+02,  1.18576E+02
 1.05393E+02,  1.13660E+02,  1.57982E+02,  2.36082E+02,  3.42097E+02
 4.83332E+02,  6.66519E+02,  8.73117E+02,  1.05294E+03,  1.15225E+03
 2.95870E+03,  2.95870E+03,  3.63821E+03,  3.63821E+03,  3.63821E+03
 3.63821E+03,  3.63821E+03,  3.63821E+03,  5.47699E+02,  8.13963E+02
 4.23722E+02,  1.84851E+02,  1.38388E+02,  1.09486E+02,  1.05244E+02
 1.35613E+02,  2.01601E+02,  3.03143E+02,  4.46172E+02,  6.31758E+02
 8.36341E+02,  1.00953E+03,  1.10282E+03,  2.76774E+03,  2.76774E+03
 3.39816E+03,  3.39816E+03,  3.39816E+03,  3.39816E+03,  3.39816E+03
 3.39816E+03,  5.68887E+02,  9.68646E+02,  5.85305E+02,  2.40311E+02
 1.58280E+02,  1.12256E+02,  9.88584E+01,  1.20809E+02,  1.78912E+02
 2.76334E+02,  4.18629E+02,  6.02735E+02,  8.01342E+02,  9.65217E+02
 1.05164E+03,  2.56872E+03,  2.56872E+03,  3.15202E+03,  3.15202E+03
 3.15202E+03,  3.15202E+03,  3.15202E+03,  3.15202E+03,  4.95114E+02
 6.97031E+02,  3.75402E+02,  2.44810E+02,  1.63213E+02,  1.10374E+02
 9.36844E+01,  1.12031E+02,  1.65890E+02,  2.60266E+02,  4.00305E+02
 5.79741E+02,  7.69000E+02,  9.21506E+02,  1.00060E+03,  2.37017E+03
 2.37017E+03,  2.91099E+03,  2.91099E+03,  2.91099E+03,  2.91099E+03
 2.91099E+03,  2.91099E+03,  4.84895E+02,  3.76703E+02,  3.11382E+02
 2.32224E+02,  1.54732E+02,  1.04645E+02,  9.03187E+01,  1.08879E+02
 1.61411E+02,  2.53883E+02,  3.90533E+02,  5.62492E+02,  7.39484E+02
 8.78997E+02,  9.50471E+02,  2.17633E+03,  2.17633E+03,  2.67928E+03
 2.67928E+03,  2.67928E+03,  2.67928E+03,  2.67928E+03,  2.67928E+03
 4.11662E+02,  3.74356E+02,  3.00301E+02,  2.13084E+02,  1.40425E+02
 9.92021E+01,  9.09405E+01,  1.12356E+02,  1.65643E+02,  2.56862E+02
 3.88690E+02,  5.50229E+02,  7.12127E+02,  8.37184E+02,  9.00780E+02
 1.98533E+03,  1.98533E+03,  2.45267E+03,  2.45267E+03,  2.45267E+03
 2.45267E+03,  2.45267E+03,  2.45267E+03,  3.98420E+02,  3.51037E+02
 2.76039E+02,  1.93620E+02,  1.31186E+02,  1.00612E+02,  9.92327E+01
 1.24456E+02,  1.79145E+02,  2.68619E+02,  3.93696E+02,  5.42314E+02
 6.87475E+02,  7.97798E+02,  8.53882E+02,  1.80839E+03,  1.80839E+03
 2.24595E+03,  2.24595E+03,  2.24595E+03,  2.24595E+03,  2.24595E+03
 2.24595E+03,  4.67186E+02,  4.32704E+02,  3.17382E+02,  2.11777E+02
 1.46765E+02,  1.19988E+02,  1.22081E+02,  1.49276E+02,  2.03701E+02
 2.89162E+02,  4.04635E+02,  5.37849E+02,  6.65155E+02,  7.60904E+02
 8.09958E+02,  1.64709E+03,  1.64709E+03,  2.06042E+03,  2.06042E+03
 2.06042E+03,  2.06042E+03,  2.06042E+03,  2.06042E+03,  4.43251E+02
 5.13549E+02,  4.96285E+02,  3.57393E+02,  2.44872E+02,  1.92728E+02
 1.81624E+02,  2.00851E+02,  2.48727E+02,  3.26217E+02,  4.30205E+02
 5.48243E+02,  6.59260E+02,  7.41683E+02,  7.83259E+02,  1.57815E+03
 1.57815E+03,  2.00866E+03,  2.00866E+03,  2.00866E+03,  2.00866E+03
 2.00866E+03,  2.00866E+03,  5.16779E+02,  7.52885E+02,  1.06944E+03
 1.29204E+03,  1.09810E+03,  6.52219E+02,  3.64641E+02,  2.54248E+02
 2.44313E+02,  3.10310E+02,  4.65852E+02,  7.31013E+02,  1.08862E+03
 1.45398E+03,  1.70992E+03,  8.46213E+03,  8.46213E+03,  1.71159E+04
 1.71159E+04,  1.71159E+04,  1.71159E+04,  1.71159E+04,  1.71159E+04
 5.16779E+02,  7.52885E+02,  1.06944E+03,  1.29204E+03,  1.09810E+03
 6.52219E+02,  3.64641E+02,  2.54248E+02,  2.44313E+02,  3.10310E+02
 4.65852E+02,  7.31013E+02,  1.08862E+03,  1.45398E+03,  1.70992E+03
 8.46213E+03,  8.46213E+03,  1.71159E+04,  1.71159E+04,  1.71159E+04
 1.71159E+04,  1.71159E+04,  1.71159E+04,  7.61642E+02,  7.34336E+02
 7.15849E+02,  6.90812E+02,  6.46021E+02,  5.76613E+02,  4.90010E+02
 4.00585E+02,  3.21106E+02,  2.58199E+02,  2.12874E+02,  1.83038E+02
 1.65634E+02,  1.57770E+02,  1.57161E+02,  2.76629E+02,  2.76629E+02
 3.68239E+02,  3.68239E+02,  3.68239E+02,  3.68239E+02,  3.68239E+02
 3.68239E+02,  7.61642E+02,  7.34336E+02,  7.15849E+02,  6.90812E+02
 6.46021E+02,  5.76613E+02,  4.90010E+02,  4.00585E+02,  3.21106E+02
 2.58199E+02,  2.12874E+02,  1.83038E+02,  1.65634E+02,  1.57770E+02
 1.57161E+02,  2.76629E+02,  2.76629E+02,  3.68239E+02,  3.68239E+02
 3.68239E+02,  3.68239E+02,  3.68239E+02,  3.68239E+02,  7.61642E+02
 7.34336E+02,  7.15849E+02,  6.90812E+02,  6.46021E+02,  5.76613E+02
 4.90010E+02,  4.00585E+02,  3.21106E+02,  2.58199E+02,  2.12874E+02
 1.83038E+02,  1.65634E+02,  1.57770E+02,  1.57161E+02,  2.76629E+02
 2.76629E+02,  3.68239E+02,  3.68239E+02,  3.68239E+02,  3.68239E+02
 3.68239E+02,  3.68239E+02,  7.61642E+02,  7.34336E+02,  7.15849E+02
 6.90812E+02,  6.46021E+02,  5.76613E+02,  4.90010E+02,  4.00585E+02
 3.21106E+02,  2.58199E+02,  2.12874E+02,  1.83038E+02,  1.65634E+02
 1.57770E+02,  1.57161E+02,  2.76629E+02,  2.76629E+02,  3.68239E+02
 3.68239E+02,  3.68239E+02,  3.68239E+02,  3.68239E+02,  3.68239E+02
 7.61642E+02,  7.34336E+02,  7.15849E+02,  6.90812E+02,  6.46021E+02
 5.76613E+02,  4.90010E+02,  4.00585E+02,  3.21106E+02,  2.58199E+02
 2.12874E+02,  1.83038E+02,  1.65634E+02,  1.57770E+02,  1.57161E+02
 2.76629E+02,  2.76629E+02,  3.68239E+02,  3.68239E+02,  3.68239E+02
 3.68239E+02,  3.68239E+02,  3.68239E+02,  7.61642E+02,  7.34336E+02
 7.15849E+02,  6.90812E+02,  6.46021E+02,  5.76613E+02,  4.90010E+02
 4.00585E+02,  3.21106E+02,  2.58199E+02,  2.12874E+02,  1.83038E+02
 1.65634E+02,  1.57770E+02,  1.57161E+02,  2.76629E+02,  2.76629E+02
 3.68239E+02,  3.68239E+02,  3.68239E+02,  3.68239E+02,  3.68239E+02
 3.68239E+02

;-Sensitivity in the elemental sequential order

 3.79670E-02,  3.98026E-02,  3.50014E-02,  2.64348E-02,  1.94762E-02
 1.46215E-02,  1.12021E-02,  8.70007E-03,  6.80691E-03,  5.34491E-03
 4.21037E-03,  3.33792E-03,  2.67981E-03,  2.19756E-03,  1.86265E-03
 3.29312E-03,  3.29312E-03,  5.71286E-03,  5.71286E-03,  5.71286E-03
 5.71286E-03,  5.71286E-03,  5.71286E-03,  3.79670E-02,  3.98026E-02
 3.50014E-02,  2.64348E-02,  1.94762E-02,  1.46215E-02,  1.12021E-02
 8.70007E-03,  6.80691E-03,  5.34491E-03,  4.21037E-03,  3.33792E-03
 2.67981E-03,  2.19756E-03,  1.86265E-03,  3.29312E-03,  3.29312E-03
 5.71286E-03,  5.71286E-03,  5.71286E-03,  5.71286E-03,  5.71286E-03
 5.71286E-03,  3.79670E-02,  3.98026E-02,  3.50014E-02,  2.64348E-02
 1.94762E-02,  1.46215E-02,  1.12021E-02,  8.70007E-03,  6.80691E-03
 5.34491E-03,  4.21037E-03,  3.33792E-03,  2.67981E-03,  2.19756E-03
 1.86265E-03,  3.29312E-03,  3.29312E-03,  5.71286E-03,  5.71286E-03
 5.71286E-03,  5.71286E-03,  5.71286E-03,  5.71286E-03,  3.79670E-02
 3.98026E-02,  3.50014E-02,  2.64348E-02,  1.94762E-02,  1.46215E-02
 1.12021E-02,  8.70007E-03,  6.80691E-03,  5.34491E-03,  4.21037E-03
 3.33792E-03,  2.67981E-03,  2.19756E-03,  1.86265E-03,  3.29312E-03
 3.29312E-03,  5.71286E-03,  5.71286E-03,  5.71286E-03,  5.71286E-03
 5.71286E-03,  5.71286E-03,  3.79670E-02,  3.98026E-02,  3.50014E-02
 2.64348E-02,  1.94762E-02,  1.46215E-02,  1.12021E-02,  8.70007E-03
 6.80691E-03,  5.34491E-03,  4.21037E-03,  3.33792E-03,  2.67981E-03
 2.19756E-03,  1.86265E-03,  3.29312E-03,  3.29312E-03,  5.71286E-03
 5.71286E-03,  5.71286E-03,  5.71286E-03,  5.71286E-03,  5.71286E-03
 3.79670E-02,  3.98026E-02,  3.50014E-02,  2.64348E-02,  1.94762E-02
 1.46215E-02,  1.12021E-02,  8.70007E-03,  6.80691E-03,  5.34491E-03
 4.21037E-03,  3.33792E-03,  2.67981E-03,  2.19756E-03,  1.86265E-03
 3.29312E-03,  3.29312E-03,  5.71286E-03,  5.71286E-03,  5.71286E-03
 5.71286E-03,  5.71286E-03,  5.71286E-03,  5.68488E-01,  1.06232E-01
 3.48214E-02,  1.77635E-02,  1.08609E-02,  6.79218E-03,  4.10401E-03
 2.46340E-03,  1.61229E-03,  1.23286E-03,  1.03370E-03,  8.63509E-04
 6.89543E-04,  5.25944E-04,  3.92467E-04,  5.35075E-04,  5.35075E-04
 6.15581E-04,  6.15581E-04,  6.15581E-04,  6.15581E-04,  6.15581E-04
 6.15581E-04,  5.68488E-01,  1.06232E-01,  3.48214E-02,  1.77635E-02
 1.08609E-02,  6.79218E-03,  4.10401E-03,  2.46340E-03,  1.61229E-03
 1.23286E-03,  1.03370E-03,  8.63509E-04,  6.89543E-04,  5.25944E-04
 3.92467E-04,  5.35075E-04,  5.35075E-04,  6.15581E-04,  6.15581E-04
 6.15581E-04,  6.15581E-04,  6.15581E-04,  6.15581E-04,  5.56642E-01
 9.93689E-02,  2.30619E-02,  1.07441E-02,  6.67823E-03,  4.33049E-03
 2.65474E-03,  1.61265E-03,  1.00632E-03,  6.56163E-04,  4.48408E-04
 3.17183E-04,  2.27271E-04,  1.62002E-04,  1.12591E-04,  1.41418E-04
 1.41418E-04,  1.38789E-04,  1.38789E-04,  1.38789E-04,  1.38789E-04
 1.38789E-04,  1.38789E-04,  2.39304E+00,  4.27185E-01,  6.70066E-02
 1.58245E-02,  8.62191E-03,  5.44274E-03,  3.24075E-03,  1.85660E-03
 1.09414E-03,  6.85122E-04,  4.56971E-04,  3.19129E-04,  2.27341E-04
 1.61549E-04,  1.12726E-04,  1.48433E-04,  1.48433E-04,  1.47466E-04
 1.47466E-04,  1.47466E-04,  1.47466E-04,  1.47466E-04,  1.47466E-04
 1.16047E+00,  7.72135E-01,  1.24036E-01,  2.32688E-02,  9.73590E-03
 5.84347E-03,  3.49128E-03,  1.96846E-03,  1.12418E-03,  6.86668E-04
 4.53512E-04,  3.16887E-04,  2.26612E-04,  1.61610E-04,  1.13916E-04
 1.55971E-04,  1.55971E-04,  1.54569E-04,  1.54569E-04,  1.54569E-04
 1.54569E-04,  1.54569E-04,  1.54569E-04,  2.37740E+00,  9.02141E-01
 1.90760E-01,  3.18492E-02,  1.07130E-02,  5.97729E-03,  3.62405E-03
 2.06300E-03,  1.15830E-03,  6.88793E-04,  4.47833E-04,  3.12725E-04
 2.25059E-04,  1.61679E-04,  1.15255E-04,  1.64031E-04,  1.64031E-04
 1.62487E-04,  1.62487E-04,  1.62487E-04,  1.62487E-04,  1.62487E-04
 1.62487E-04,  2.30470E+00,  1.10793E+00,  2.02995E-01,  3.67352E-02
 1.12914E-02,  5.93265E-03,  3.65878E-03,  2.13730E-03,  1.19874E-03
 6.95997E-04,  4.42689E-04,  3.07736E-04,  2.23036E-04,  1.61777E-04
 1.16525E-04,  1.72781E-04,  1.72781E-04,  1.71297E-04,  1.71297E-04
 1.71297E-04,  1.71297E-04,  1.71297E-04,  1.71297E-04,  2.52912E+00
 9.32266E-01,  2.13065E-01,  3.86845E-02,  1.14602E-02,  5.79576E-03
 3.63824E-03,  2.19732E-03,  1.24488E-03,  7.09213E-04,  4.38987E-04
 3.01975E-04,  2.20175E-04,  1.61430E-04,  1.17312E-04,  1.81973E-04
 1.81973E-04,  1.80646E-04,  1.80646E-04,  1.80646E-04,  1.80646E-04
 1.80646E-04,  1.80646E-04,  2.47929E+00,  1.03475E+00,  2.06009E-01
 3.98051E-02,  1.16080E-02,  5.70483E-03,  3.63438E-03,  2.26661E-03
 1.30195E-03,  7.30865E-04,  4.38911E-04,  2.96833E-04,  2.17207E-04
 1.60996E-04,  1.17851E-04,  1.91977E-04,  1.91977E-04,  1.90798E-04
 1.90798E-04,  1.90798E-04,  1.90798E-04,  1.90798E-04,  1.90798E-04
 2.57295E+00,  9.50634E-01,  2.13098E-01,  4.08014E-02,  1.18980E-02
 5.75283E-03,  3.70486E-03,  2.36680E-03,  1.37421E-03,  7.61725E-04
 4.43469E-04,  2.93105E-04,  2.14517E-04,  1.60630E-04,  1.18259E-04
 2.02909E-04,  2.02909E-04,  2.01794E-04,  2.01794E-04,  2.01794E-04
 2.01794E-04,  2.01794E-04,  2.01794E-04,  2.50675E+00,  1.06961E+00
 2.10121E-01,  4.15423E-02,  1.22816E-02,  5.93776E-03,  3.86860E-03
 2.50703E-03,  1.46225E-03,  8.00727E-04,  4.52480E-04,  2.90981E-04
 2.12155E-04,  1.60284E-04,  1.18552E-04,  2.14749E-04,  2.14749E-04
 2.13388E-04,  2.13388E-04,  2.13388E-04,  2.13388E-04,  2.13388E-04
 2.13388E-04,  2.66322E+00,  1.01087E+00,  2.15919E-01,  4.31147E-02
 1.27165E-02,  6.21575E-03,  4.11288E-03,  2.68549E-03,  1.56524E-03
 8.47508E-04,  4.66635E-04,  2.91635E-04,  2.11084E-04,  1.60625E-04
 1.19219E-04,  2.27874E-04,  2.27874E-04,  2.26143E-04,  2.26143E-04
 2.26143E-04,  2.26143E-04,  2.26143E-04,  2.26143E-04,  2.70310E+00
 1.08306E+00,  2.17490E-01,  4.48518E-02,  1.31871E-02,  6.50796E-03
 4.38502E-03,  2.88062E-03,  1.67539E-03,  8.99150E-04,  4.85069E-04
 2.95145E-04,  2.11511E-04,  1.61807E-04,  1.20392E-04,  2.42226E-04
 2.42226E-04,  2.40133E-04,  2.40133E-04,  2.40133E-04,  2.40133E-04
 2.40133E-04,  2.40133E-04,  2.63880E+00,  1.05429E+00,  2.25557E-01
 4.70431E-02,  1.36272E-02,  6.72871E-03,  4.62009E-03,  3.06240E-03
 1.78143E-03,  9.51080E-04,  5.05651E-04,  3.00582E-04,  2.12978E-04
 1.63557E-04,  1.21988E-04,  2.57634E-04,  2.57634E-04,  2.54742E-04
 2.54742E-04,  2.54742E-04,  2.54742E-04,  2.54742E-04,  2.54742E-04
 2.60410E+00,  1.05859E+00,  2.27685E-01,  4.90309E-02,  1.39901E-02
 6.84566E-03,  4.78827E-03,  3.21538E-03,  1.87809E-03,  1.00174E-03
 5.27998E-04,  3.08194E-04,  2.15923E-04,  1.66254E-04,  1.24340E-04
 2.74318E-04,  2.74318E-04,  2.70260E-04,  2.70260E-04,  2.70260E-04
 2.70260E-04,  2.70260E-04,  2.70260E-04,  2.62096E+00,  1.03345E+00
 2.31700E-01,  5.03991E-02,  1.42212E-02,  6.86065E-03,  4.88170E-03
 3.33179E-03,  1.96173E-03,  1.04956E-03,  5.51345E-04,  3.17747E-04
 2.20393E-04,  1.70004E-04,  1.27577E-04,  2.92197E-04,  2.92197E-04
 2.86640E-04,  2.86640E-04,  2.86640E-04,  2.86640E-04,  2.86640E-04
 2.86640E-04,  2.51343E+00,  1.02746E+00,  2.34021E-01,  5.12896E-02
 1.44112E-02,  6.83498E-03,  4.92550E-03,  3.41871E-03,  2.03328E-03
 1.09376E-03,  5.74651E-04,  3.28530E-04,  2.26065E-04,  1.74675E-04
 1.31700E-04,  3.11118E-04,  3.11118E-04,  3.03361E-04,  3.03361E-04
 3.03361E-04,  3.03361E-04,  3.03361E-04,  3.03361E-04,  2.85118E+00
 1.07698E+00,  2.38761E-01,  5.23601E-02,  1.47832E-02,  6.90790E-03
 4.99504E-03,  3.50802E-03,  2.10394E-03,  1.13814E-03,  5.99399E-04
 3.41366E-04,  2.33552E-04,  1.80714E-04,  1.36994E-04,  3.31251E-04
 3.31251E-04,  3.21221E-04,  3.21221E-04,  3.21221E-04,  3.21221E-04
 3.21221E-04,  3.21221E-04,  2.73722E+00,  1.14134E+00,  2.45272E-01
 5.27542E-02,  1.53535E-02,  7.17588E-03,  5.15997E-03,  3.62906E-03
 2.18275E-03,  1.18496E-03,  6.26053E-04,  3.56306E-04,  2.42863E-04
 1.88131E-04,  1.43465E-04,  3.52412E-04,  3.52412E-04,  3.40263E-04
 3.40263E-04,  3.40263E-04,  3.40263E-04,  3.40263E-04,  3.40263E-04
 3.08978E+00,  1.21834E+00,  2.47817E-01,  5.35218E-02,  1.60183E-02
 7.65527E-03,  5.46151E-03,  3.80129E-03,  2.27470E-03,  1.23419E-03
 6.53489E-04,  3.72294E-04,  2.53307E-04,  1.96523E-04,  1.50920E-04
 3.74283E-04,  3.74283E-04,  3.59326E-04,  3.59326E-04,  3.59326E-04
 3.59326E-04,  3.59326E-04,  3.59326E-04,  3.08302E+00,  1.19027E+00
 2.55239E-01,  5.51911E-02,  1.68715E-02,  8.35104E-03,  5.91694E-03
 4.03782E-03,  2.38578E-03,  1.28827E-03,  6.82753E-04,  3.89848E-04
 2.65204E-04,  2.06110E-04,  1.59497E-04,  3.97042E-04,  3.97042E-04
 3.78760E-04,  3.78760E-04,  3.78760E-04,  3.78760E-04,  3.78760E-04
 3.78760E-04,  2.83128E+00,  1.22169E+00,  2.59009E-01,  5.76309E-02
 1.79914E-02,  9.21080E-03,  6.48007E-03,  4.32034E-03,  2.51060E-03
 1.34597E-03,  7.13697E-04,  4.08978E-04,  2.78542E-04,  2.16856E-04
 1.69134E-04,  4.20460E-04,  4.20460E-04,  3.98421E-04,  3.98421E-04
 3.98421E-04,  3.98421E-04,  3.98421E-04,  3.98421E-04,  2.89817E+00
 1.10949E+00,  2.64469E-01,  6.04896E-02,  1.92065E-02,  1.01041E-02
 7.05703E-03,  4.60683E-03,  2.63477E-03,  1.40281E-03,  7.44743E-04
 4.28910E-04,  2.92835E-04,  2.28426E-04,  1.79574E-04,  4.44081E-04
 4.44081E-04,  4.17377E-04,  4.17377E-04,  4.17377E-04,  4.17377E-04
 4.17377E-04,  4.17377E-04,  3.16750E+00,  1.18208E+00,  2.76295E-01
 6.32060E-02,  2.03399E-02,  1.09081E-02,  7.56723E-03,  4.86255E-03
 2.74934E-03,  1.45869E-03,  7.77523E-04,  4.51026E-04,  3.08950E-04
 2.41338E-04,  1.91112E-04,  4.68356E-04,  4.68356E-04,  4.36900E-04
 4.36900E-04,  4.36900E-04,  4.36900E-04,  4.36900E-04,  4.36900E-04
 2.89014E+00,  1.29528E+00,  2.86956E-01,  6.43550E-02,  2.11688E-02
 1.14905E-02,  7.92780E-03,  5.04780E-03,  2.84108E-03,  1.51086E-03
 8.12086E-04,  4.75702E-04,  3.27091E-04,  2.55657E-04,  2.03748E-04
 4.93139E-04,  4.93139E-04,  4.57034E-04,  4.57034E-04,  4.57034E-04
 4.57034E-04,  4.57034E-04,  4.57034E-04,  3.42602E+00,  1.33487E+00
 2.85387E-01,  6.42441E-02,  2.15926E-02,  1.17796E-02,  8.08932E-03
 5.13447E-03,  2.89790E-03,  1.55453E-03,  8.46121E-04,  5.01462E-04
 3.46238E-04,  2.70654E-04,  2.16925E-04,  5.17512E-04,  5.17512E-04
 4.75895E-04,  4.75895E-04,  4.75895E-04,  4.75895E-04,  4.75895E-04
 4.75895E-04,  3.39344E+00,  1.27944E+00,  2.83734E-01,  6.43731E-02
 2.19201E-02,  1.19050E-02,  8.10853E-03,  5.14445E-03,  2.92896E-03
 1.59397E-03,  8.81602E-04,  5.29171E-04,  3.66795E-04,  2.86553E-04
 2.30763E-04,  5.41792E-04,  5.41792E-04,  4.94024E-04,  4.94024E-04
 4.94024E-04,  4.94024E-04,  4.94024E-04,  4.94024E-04,  3.35881E+00
 1.29014E+00,  2.84419E-01,  6.54034E-02,  2.24604E-02,  1.20706E-02
 8.08735E-03,  5.12164E-03,  2.95084E-03,  1.63466E-03,  9.20030E-04
 5.59086E-04,  3.88700E-04,  3.03231E-04,  2.45105E-04,  5.65694E-04
 5.65694E-04,  5.11280E-04,  5.11280E-04,  5.11280E-04,  5.11280E-04
 5.11280E-04,  5.11280E-04,  3.32428E+00,  1.27750E+00,  2.89047E-01
 6.66032E-02,  2.32761E-02,  1.24295E-02,  8.13888E-03,  5.12496E-03
 2.98531E-03,  1.68169E-03,  9.61247E-04,  5.90052E-04,  4.10946E-04
 3.19926E-04,  2.59318E-04,  5.88272E-04,  5.88272E-04,  5.26402E-04
 5.26402E-04,  5.26402E-04,  5.26402E-04,  5.26402E-04,  5.26402E-04
 3.30406E+00,  1.30777E+00,  2.93853E-01,  6.85417E-02,  2.44868E-02
 1.30960E-02,  8.38917E-03,  5.23510E-03,  3.06801E-03,  1.74791E-03
 1.00990E-03,  6.24198E-04,  4.34815E-04,  3.37534E-04,  2.74081E-04
 6.10717E-04,  6.10717E-04,  5.41314E-04,  5.41314E-04,  5.41314E-04
 5.41314E-04,  5.41314E-04,  5.41314E-04,  3.39789E+00,  1.32012E+00
 2.99377E-01,  7.16420E-02,  2.62283E-02,  1.40945E-02,  8.89496E-03
 5.49909E-03,  3.21909E-03,  1.83897E-03,  1.06714E-03,  6.61799E-04
 4.60466E-04,  3.56157E-04,  2.89429E-04,  6.33014E-04,  6.33014E-04
 5.56134E-04,  5.56134E-04,  5.56134E-04,  5.56134E-04,  5.56134E-04
 5.56134E-04,  3.82267E+00,  1.38898E+00,  3.11482E-01,  7.63648E-02
 2.86309E-02,  1.53761E-02,  9.63295E-03,  5.91368E-03,  3.43335E-03
 1.94821E-03,  1.12764E-03,  6.99292E-04,  4.85576E-04,  3.74164E-04
 3.04072E-04,  6.53277E-04,  6.53277E-04,  5.68387E-04,  5.68387E-04
 5.68387E-04,  5.68387E-04,  5.68387E-04,  5.68387E-04,  3.56684E+00
 1.50897E+00,  3.31998E-01,  8.34690E-02,  3.16923E-02,  1.68380E-02
 1.05434E-02,  6.45117E-03,  3.69815E-03,  2.07056E-03,  1.18980E-03
 7.36393E-04,  5.10280E-04,  3.91783E-04,  3.18226E-04,  6.72109E-04
 6.72109E-04,  5.78936E-04,  5.78936E-04,  5.78936E-04,  5.78936E-04
 5.78936E-04,  5.78936E-04,  4.53955E+00,  1.59763E+00,  3.53210E-01
 9.08298E-02,  3.45316E-02,  1.81616E-02,  1.14804E-02,  7.03336E-03
 3.97763E-03,  2.19271E-03,  1.24932E-03,  7.71787E-04,  5.34106E-04
 4.08770E-04,  3.31699E-04,  6.89326E-04,  6.89326E-04,  5.87789E-04
 5.87789E-04,  5.87789E-04,  5.87789E-04,  5.87789E-04,  5.87789E-04
 4.00124E+00,  1.58930E+00,  3.64466E-01,  9.42971E-02,  3.58510E-02
 1.89656E-02,  1.22546E-02,  7.54469E-03,  4.21713E-03,  2.29343E-03
 1.29821E-03,  8.01958E-04,  5.55079E-04,  4.23795E-04,  3.43462E-04
 7.03560E-04,  7.03560E-04,  5.93611E-04,  5.93611E-04,  5.93611E-04
 5.93611E-04,  5.93611E-04,  5.93611E-04,  4.30005E+00,  1.51753E+00
 3.58359E-01,  9.43357E-02,  3.56564E-02,  1.92544E-02,  1.27605E-02
 7.89603E-03,  4.38026E-03,  2.36462E-03,  1.33731E-03,  8.29317E-04
 5.75327E-04,  4.38531E-04,  3.54890E-04,  7.17016E-04,  7.17016E-04
 5.98875E-04,  5.98875E-04,  5.98875E-04,  5.98875E-04,  5.98875E-04
 5.98875E-04,  4.21632E+00,  1.42658E+00,  3.55924E-01,  9.60780E-02
 3.57448E-02,  1.93220E-02,  1.29001E-02,  7.99542E-03,  4.43022E-03
 2.39649E-03,  1.36511E-03,  8.54110E-04,  5.95210E-04,  4.53239E-04
 3.66149E-04,  7.29915E-04,  7.29915E-04,  6.03784E-04,  6.03784E-04
 6.03784E-04,  6.03784E-04,  6.03784E-04,  6.03784E-04,  4.69091E+00
 1.59402E+00,  3.96871E-01,  1.05291E-01,  3.71253E-02,  1.91710E-02
 1.25493E-02,  7.77069E-03,  4.33775E-03,  2.37708E-03,  1.37525E-03
 8.71938E-04,  6.11448E-04,  4.65454E-04,  3.75294E-04,  7.39536E-04
 7.39536E-04,  6.05681E-04,  6.05681E-04,  6.05681E-04,  6.05681E-04
 6.05681E-04,  6.05681E-04,  4.48454E+00,  1.86695E+00,  4.49159E-01
 1.11234E-01,  3.71262E-02,  1.83442E-02,  1.17038E-02,  7.26705E-03
 4.13124E-03,  2.31947E-03,  1.37297E-03,  8.84791E-04,  6.24977E-04
 4.75843E-04,  3.82932E-04,  7.46958E-04,  7.46958E-04,  6.05712E-04
 6.05712E-04,  6.05712E-04,  6.05712E-04,  6.05712E-04,  6.05712E-04
 4.29552E+00,  1.77638E+00,  4.23066E-01,  1.01086E-01,  3.39368E-02
 1.67362E-02,  1.05570E-02,  6.62561E-03,  3.87411E-03,  2.24623E-03
 1.36487E-03,  8.94187E-04,  6.36083E-04,  4.84502E-04,  3.89135E-04
 7.52332E-04,  7.52332E-04,  6.04059E-04,  6.04059E-04,  6.04059E-04
 6.04059E-04,  6.04059E-04,  6.04059E-04,  4.83139E+00,  1.53330E+00
 3.51312E-01,  8.80212E-02,  3.07874E-02,  1.52865E-02,  9.57396E-03
 6.07604E-03,  3.65621E-03,  2.18408E-03,  1.35575E-03,  8.99316E-04
 6.43237E-04,  4.90175E-04,  3.92926E-04,  7.54293E-04,  7.54293E-04
 5.99544E-04,  5.99544E-04,  5.99544E-04,  5.99544E-04,  5.99544E-04
 5.99544E-04,  4.35793E+00,  1.36667E+00,  3.22222E-01,  8.44762E-02
 3.04465E-02,  1.50846E-02,  9.30069E-03,  5.88943E-03,  3.58985E-03
 2.17204E-03,  1.35875E-03,  9.05782E-04,  6.49916E-04,  4.95488E-04
 3.96453E-04,  7.55923E-04,  7.55923E-04,  5.94781E-04,  5.94781E-04
 5.94781E-04,  5.94781E-04,  5.94781E-04,  5.94781E-04,  4.36787E+00
 1.67345E+00,  3.55852E-01,  8.91601E-02,  3.23003E-02,  1.60761E-02
 9.82937E-03,  6.17899E-03,  3.73393E-03,  2.22942E-03,  1.37868E-03
 9.14910E-04,  6.56832E-04,  5.00993E-04,  4.00125E-04,  7.57683E-04
 7.57683E-04,  5.89967E-04,  5.89967E-04,  5.89967E-04,  5.89967E-04
 5.89967E-04,  5.89967E-04,  4.81185E+00,  1.85941E+00,  4.23682E-01
 1.11497E-01,  3.82924E-02,  1.77556E-02,  1.07462E-02,  6.82464E-03
 4.06145E-03,  2.34541E-03,  1.40847E-03,  9.21871E-04,  6.60694E-04
 5.04292E-04,  4.02017E-04,  7.56683E-04,  7.56683E-04,  5.82672E-04
 5.82672E-04,  5.82672E-04,  5.82672E-04,  5.82672E-04,  5.82672E-04
 4.61077E+00,  1.97572E+00,  4.52571E-01,  1.31206E-01,  4.68867E-02
 1.96393E-02,  1.15912E-02,  7.61421E-03,  4.50078E-03,  2.50008E-03
 1.44442E-03,  9.27288E-04,  6.62971E-04,  5.06754E-04,  4.03275E-04
 7.54468E-04,  7.54468E-04,  5.74112E-04,  5.74112E-04,  5.74112E-04
 5.74112E-04,  5.74112E-04,  5.74112E-04,  7.67329E+00,  2.23707E+00
 4.80928E-01,  1.35155E-01,  5.23977E-02,  2.07841E-02,  1.20407E-02
 8.34107E-03,  4.95308E-03,  2.65911E-03,  1.47799E-03,  9.30190E-04
 6.64305E-04,  5.09072E-04,  4.04392E-04,  7.51525E-04,  7.51525E-04
 5.64526E-04,  5.64526E-04,  5.64526E-04,  5.64526E-04,  5.64526E-04
 5.64526E-04,  5.61107E+00,  2.25157E+00,  4.83351E-01,  1.19467E-01
 5.09470E-02,  2.03979E-02,  1.19993E-02,  8.85606E-03,  5.31739E-03
 2.78166E-03,  1.49672E-03,  9.27468E-04,  6.63892E-04,  5.10768E-04
 4.04853E-04,  7.46782E-04,  7.46782E-04,  5.52983E-04,  5.52983E-04
 5.52983E-04,  5.52983E-04,  5.52983E-04,  5.52983E-04,  7.02431E+00
 1.87602E+00,  4.17969E-01,  9.58201E-02,  4.40402E-02,  1.89115E-02
 1.17005E-02,  9.12184E-03,  5.53956E-03,  2.84920E-03,  1.49990E-03
 9.23156E-04,  6.65737E-04,  5.14894E-04,  4.07039E-04,  7.43462E-04
 7.43462E-04,  5.41781E-04,  5.41781E-04,  5.41781E-04,  5.41781E-04
 5.41781E-04,  5.41781E-04,  7.03065E+00,  1.67467E+00,  4.24254E-01
 8.82721E-02,  3.80010E-02,  1.77811E-02,  1.14259E-02,  9.12628E-03
 5.58115E-03,  2.84714E-03,  1.48556E-03,  9.18811E-04,  6.71313E-04
 5.22281E-04,  4.11396E-04,  7.41920E-04,  7.41920E-04,  5.31006E-04
 5.31006E-04,  5.31006E-04,  5.31006E-04,  5.31006E-04,  5.31006E-04
 7.13986E+00,  2.13002E+00,  5.77136E-01,  1.06568E-01,  3.72612E-02
 1.77655E-02,  1.12063E-02,  8.85185E-03,  5.41907E-03,  2.76419E-03
 1.44973E-03,  9.13041E-04,  6.79349E-04,  5.31428E-04,  4.16371E-04
 7.39453E-04,  7.39453E-04,  5.18684E-04,  5.18684E-04,  5.18684E-04
 5.18684E-04,  5.18684E-04,  5.18684E-04,  7.62335E+00,  2.95891E+00
 7.39607E-01,  1.20203E-01,  3.86149E-02,  1.80710E-02,  1.08875E-02
 8.34130E-03,  5.09010E-03,  2.61878E-03,  1.40245E-03,  9.11561E-04
 6.92743E-04,  5.43900E-04,  4.23067E-04,  7.37498E-04,  7.37498E-04
 5.05887E-04,  5.05887E-04,  5.05887E-04,  5.05887E-04,  5.05887E-04
 5.05887E-04,  5.08143E+00,  2.49810E+00,  6.71641E-01,  1.10878E-01
 3.90947E-02,  1.77820E-02,  1.03372E-02,  7.65522E-03,  4.64981E-03
 2.43748E-03,  1.35592E-03,  9.19359E-04,  7.13050E-04,  5.60160E-04
 4.31699E-04,  7.36290E-04,  7.36290E-04,  4.92788E-04,  4.92788E-04
 4.92788E-04,  4.92788E-04,  4.92788E-04,  4.92788E-04,  7.08274E+00
 1.81163E+00,  4.88788E-01,  9.81073E-02,  3.90705E-02,  1.66915E-02
 9.58932E-03,  6.87786E-03,  4.16397E-03,  2.25098E-03,  1.32203E-03
 9.39163E-04,  7.39906E-04,  5.79321E-04,  4.41464E-04,  7.34620E-04
 7.34620E-04,  4.78687E-04,  4.78687E-04,  4.78687E-04,  4.78687E-04
 4.78687E-04,  4.78687E-04,  3.98497E+00,  1.60241E+00,  3.51744E-01
 9.99090E-02,  3.72824E-02,  1.50946E-02,  8.82576E-03,  6.13466E-03
 3.71950E-03,  2.10361E-03,  1.31900E-03,  9.76859E-04,  7.75566E-04
 6.02868E-04,  4.53789E-04,  7.34956E-04,  7.34956E-04,  4.65325E-04
 4.65325E-04,  4.65325E-04,  4.65325E-04,  4.65325E-04,  4.65325E-04
 4.22205E+00,  1.66428E+00,  3.75802E-01,  9.86957E-02,  3.26618E-02
 1.35830E-02,  8.18911E-03,  5.51395E-03,  3.38209E-03,  2.02799E-03
 1.35597E-03,  1.03289E-03,  8.19120E-04,  6.30087E-04,  4.68260E-04
 7.37073E-04,  7.37073E-04,  4.52644E-04,  4.52644E-04,  4.52644E-04
 4.52644E-04,  4.52644E-04,  4.52644E-04,  3.76969E+00,  1.64943E+00
 3.57152E-01,  8.64306E-02,  2.82260E-02,  1.27502E-02,  7.74068E-03
 5.07866E-03,  3.19966E-03,  2.03990E-03,  1.43020E-03,  1.10164E-03
 8.66304E-04,  6.58015E-04,  4.82703E-04,  7.38154E-04,  7.38154E-04
 4.39184E-04,  4.39184E-04,  4.39184E-04,  4.39184E-04,  4.39184E-04
 4.39184E-04,  4.05984E+00,  1.47682E+00,  3.21383E-01,  7.84357E-02
 2.70184E-02,  1.26939E-02,  7.51777E-03,  4.90438E-03,  3.21085E-03
 2.14464E-03,  1.53731E-03,  1.17986E-03,  9.15709E-04,  6.86278E-04
 4.97289E-04,  7.39096E-04,  7.39096E-04,  4.25776E-04,  4.25776E-04
 4.25776E-04,  4.25776E-04,  4.25776E-04,  4.25776E-04,  4.19395E+00
 1.47446E+00,  3.16306E-01,  7.88551E-02,  2.82564E-02,  1.30817E-02
 7.57932E-03,  5.03558E-03,  3.40920E-03,  2.32408E-03,  1.66522E-03
 1.26149E-03,  9.64419E-04,  7.13487E-04,  5.11361E-04,  7.39646E-04
 7.39646E-04,  4.12489E-04,  4.12489E-04,  4.12489E-04,  4.12489E-04
 4.12489E-04,  4.12489E-04,  3.76530E+00,  1.52403E+00,  3.41989E-01
 8.51477E-02,  3.07061E-02,  1.39399E-02,  8.04215E-03,  5.45845E-03
 3.74537E-03,  2.54391E-03,  1.79627E-03,  1.33779E-03,  1.00790E-03
 7.37133E-04,  5.23403E-04,  7.38329E-04,  7.38329E-04,  3.98819E-04
 3.98819E-04,  3.98819E-04,  3.98819E-04,  3.98819E-04,  3.98819E-04
 5.09032E+00,  1.69007E+00,  3.80646E-01,  9.55076E-02,  3.44975E-02
 1.55424E-02,  8.95171E-03,  6.11063E-03,  4.16509E-03,  2.77850E-03
 1.92182E-03,  1.40695E-03,  1.04654E-03,  7.58178E-04,  5.34482E-04
 7.37207E-04,  7.37207E-04,  3.85947E-04,  3.85947E-04,  3.85947E-04
 3.85947E-04,  3.85947E-04,  3.85947E-04,  4.45142E+00,  1.79476E+00
 4.23109E-01,  1.04326E-01,  3.82657E-02,  1.75108E-02,  1.01051E-02
 6.86442E-03,  4.60175E-03,  2.99975E-03,  2.03150E-03,  1.46508E-03
 1.07865E-03,  7.75745E-04,  5.44034E-04,  7.35939E-04,  7.35939E-04
 3.73705E-04,  3.73705E-04,  3.73705E-04,  3.73705E-04,  3.73705E-04
 3.73705E-04,  6.50542E+00,  1.95098E+00,  4.68774E-01,  1.08086E-01
 3.96668E-02,  1.89123E-02,  1.11346E-02,  7.55259E-03,  4.97752E-03
 3.17364E-03,  2.11008E-03,  1.50425E-03,  1.09939E-03,  7.86651E-04
 5.49817E-04,  7.31885E-04,  7.31885E-04,  3.61119E-04,  3.61119E-04
 3.61119E-04,  3.61119E-04,  3.61119E-04,  3.61119E-04,  5.46313E+00
 2.08430E+00,  5.10637E-01,  1.06349E-01,  3.81146E-02,  1.91978E-02
 1.17769E-02,  8.05761E-03,  5.24570E-03,  3.28641E-03,  2.15538E-03
 1.52505E-03,  1.10966E-03,  7.91654E-04,  5.52444E-04,  7.26066E-04
 7.26066E-04,  3.48795E-04,  3.48795E-04,  3.48795E-04,  3.48795E-04
 3.48795E-04,  3.48795E-04,  7.11051E+00,  2.02396E+00,  5.03453E-01
 1.02543E-01,  3.58360E-02,  1.87389E-02,  1.19854E-02,  8.31392E-03
 5.37582E-03,  3.33008E-03,  2.16691E-03,  1.52799E-03,  1.10965E-03
 7.90748E-04,  5.51831E-04,  7.18460E-04,  7.18460E-04,  3.36725E-04
 3.36725E-04,  3.36725E-04,  3.36725E-04,  3.36725E-04,  3.36725E-04
 6.64451E+00,  2.02104E+00,  5.01312E-01,  1.04061E-01,  3.65110E-02
 1.85958E-02,  1.19223E-02,  8.31229E-03,  5.35378E-03,  3.30048E-03
 2.14392E-03,  1.51231E-03,  1.09834E-03,  7.82966E-04,  5.47182E-04
 7.08006E-04,  7.08006E-04,  3.24587E-04,  3.24587E-04,  3.24587E-04
 3.24587E-04,  3.24587E-04,  3.24587E-04,  6.08688E+00,  1.98520E+00
 5.11935E-01,  1.13708E-01,  4.15510E-02,  1.95083E-02,  1.18395E-02
 8.12766E-03,  5.21470E-03,  3.21996E-03,  2.10074E-03,  1.48669E-03
 1.08094E-03,  7.71502E-04,  5.40526E-04,  6.97045E-04,  6.97045E-04
 3.13110E-04,  3.13110E-04,  3.13110E-04,  3.13110E-04,  3.13110E-04
 3.13110E-04,  6.90354E+00,  2.02791E+00,  4.96680E-01,  1.28678E-01
 4.84265E-02,  2.10067E-02,  1.17897E-02,  7.81555E-03,  4.99102E-03
 3.10639E-03,  2.04646E-03,  1.45523E-03,  1.05918E-03,  7.57054E-04
 5.32083E-04,  6.85602E-04,  6.85602E-04,  3.02084E-04,  3.02084E-04
 3.02084E-04,  3.02084E-04,  3.02084E-04,  3.02084E-04,  5.66108E+00
 1.90349E+00,  5.01523E-01,  1.44295E-01,  5.32520E-02,  2.19846E-02
 1.16159E-02,  7.39221E-03,  4.70432E-03,  2.96911E-03,  1.98252E-03
 1.41638E-03,  1.03104E-03,  7.37892E-04,  5.20495E-04,  6.71679E-04
 6.71679E-04,  2.90947E-04,  2.90947E-04,  2.90947E-04,  2.90947E-04
 2.90947E-04,  2.90947E-04,  6.01087E+00,  2.05979E+00,  5.12775E-01
 1.49826E-01,  5.33203E-02,  2.17967E-02,  1.12064E-02,  6.90894E-03
 4.40577E-03,  2.83536E-03,  1.92125E-03,  1.37621E-03,  1.00010E-03
 7.16247E-04,  5.07172E-04,  6.56634E-04,  6.56634E-04,  2.80135E-04
 2.80135E-04,  2.80135E-04,  2.80135E-04,  2.80135E-04,  2.80135E-04
 5.60139E+00,  1.94565E+00,  4.86721E-01,  1.38388E-01,  4.88449E-02
 2.05242E-02,  1.05673E-02,  6.42342E-03,  4.14077E-03,  2.72593E-03
 1.87019E-03,  1.33787E-03,  9.68085E-04,  6.93144E-04,  4.92688E-04
 6.40771E-04,  6.40771E-04,  2.69604E-04,  2.69604E-04,  2.69604E-04
 2.69604E-04,  2.69604E-04,  2.69604E-04,  5.41726E+00,  1.87869E+00
 4.41061E-01,  1.19737E-01,  4.28158E-02,  1.87933E-02,  9.85120E-03
 6.01029E-03,  3.94479E-03,  2.65114E-03,  1.83048E-03,  1.30112E-03
 9.34886E-04,  6.68497E-04,  4.76902E-04,  6.23493E-04,  6.23493E-04
 2.59190E-04,  2.59190E-04,  2.59190E-04,  2.59190E-04,  2.59190E-04
 2.59190E-04,  5.64925E+00,  1.70255E+00,  3.98891E-01,  1.06351E-01
 3.85810E-02,  1.74983E-02,  9.35565E-03,  5.77948E-03,  3.85873E-03
 2.62554E-03,  1.80926E-03,  1.27139E-03,  9.04772E-04,  6.45341E-04
 4.61858E-04,  6.06969E-04,  6.06969E-04,  2.49278E-04,  2.49278E-04
 2.49278E-04,  2.49278E-04,  2.49278E-04,  2.49278E-04,  5.40845E+00
 1.68738E+00,  3.83798E-01,  1.02294E-01,  3.76428E-02,  1.72923E-02
 9.30624E-03,  5.78387E-03,  3.88659E-03,  2.64466E-03,  1.80390E-03
 1.24830E-03,  8.78177E-04,  6.24147E-04,  4.47862E-04,  5.91258E-04
 5.91258E-04,  2.39648E-04,  2.39648E-04,  2.39648E-04,  2.39648E-04
 2.39648E-04,  2.39648E-04,  5.40544E+00,  1.68221E+00,  3.94195E-01
 1.06400E-01,  3.97511E-02,  1.81733E-02,  9.68509E-03,  5.98505E-03
 3.99488E-03,  2.68768E-03,  1.80358E-03,  1.22665E-03,  8.52546E-04
 6.03481E-04,  4.33938E-04,  5.74869E-04,  5.74869E-04,  2.30065E-04
 2.30065E-04,  2.30065E-04,  2.30065E-04,  2.30065E-04,  2.30065E-04
 5.54798E+00,  1.78978E+00,  4.20218E-01,  1.15631E-01,  4.30918E-02
 1.94457E-02,  1.02809E-02,  6.30813E-03,  4.15157E-03,  2.74260E-03
 1.80575E-03,  1.20740E-03,  8.29622E-04,  5.84858E-04,  4.21173E-04
 5.58948E-04,  5.58948E-04,  2.20824E-04,  2.20824E-04,  2.20824E-04
 2.20824E-04,  2.20824E-04,  2.20824E-04,  4.89433E+00,  1.79385E+00
 4.35721E-01,  1.20871E-01,  4.47858E-02,  2.02478E-02,  1.08400E-02
 6.66083E-03,  4.31754E-03,  2.79429E-03,  1.80565E-03,  1.18959E-03
 8.09579E-04,  5.68624E-04,  4.09826E-04,  5.43629E-04,  5.43629E-04
 2.11856E-04,  2.11856E-04,  2.11856E-04,  2.11856E-04,  2.11856E-04
 2.11856E-04,  5.20855E+00,  1.71650E+00,  4.07820E-01,  1.15315E-01
 4.35992E-02,  2.03080E-02,  1.12376E-02,  6.96839E-03,  4.45471E-03
 2.82668E-03,  1.79710E-03,  1.17077E-03,  7.91345E-04,  5.54200E-04
 3.99475E-04,  5.28347E-04,  5.28347E-04,  2.03114E-04,  2.03114E-04
 2.03114E-04,  2.03114E-04,  2.03114E-04,  2.03114E-04,  5.09302E+00
 1.59526E+00,  3.80993E-01,  1.07324E-01,  4.16481E-02,  2.01310E-02
 1.15310E-02,  7.21713E-03,  4.55651E-03,  2.84175E-03,  1.78417E-03
 1.15439E-03,  7.77387E-04,  5.43284E-04,  3.91304E-04,  5.14544E-04
 5.14544E-04,  1.94718E-04,  1.94718E-04,  1.94718E-04,  1.94718E-04
 1.94718E-04,  1.94718E-04,  5.01819E+00,  1.71565E+00,  3.98894E-01
 1.08624E-01,  4.14983E-02,  2.01690E-02,  1.17505E-02,  7.38822E-03
 4.61326E-03,  2.83737E-03,  1.76684E-03,  1.14049E-03,  7.67540E-04
 5.35654E-04,  3.85121E-04,  5.01958E-04,  5.01958E-04,  1.86443E-04
 1.86443E-04,  1.86443E-04,  1.86443E-04,  1.86443E-04,  1.86443E-04
 5.01414E+00,  1.88202E+00,  4.39152E-01,  1.17704E-01,  4.29224E-02
 2.02832E-02,  1.18247E-02,  7.44523E-03,  4.60845E-03,  2.80632E-03
 1.74112E-03,  1.12613E-03,  7.59480E-04,  5.29525E-04,  3.79557E-04
 4.89308E-04,  4.89308E-04,  1.78298E-04,  1.78298E-04,  1.78298E-04
 1.78298E-04,  1.78298E-04,  1.78298E-04,  4.94604E+00,  1.78087E+00
 4.39230E-01,  1.21298E-01,  4.36593E-02,  2.01328E-02,  1.17234E-02
 7.39877E-03,  4.55520E-03,  2.75800E-03,  1.71241E-03,  1.11391E-03
 7.54278E-04,  5.25358E-04,  3.74862E-04,  4.77244E-04,  4.77244E-04
 1.70466E-04,  1.70466E-04,  1.70466E-04,  1.70466E-04,  1.70466E-04
 1.70466E-04,  5.39706E+00,  1.71971E+00,  4.19582E-01,  1.14742E-01
 4.21713E-02,  1.95728E-02,  1.14698E-02,  7.27094E-03,  4.46713E-03
 2.69963E-03,  1.68378E-03,  1.10455E-03,  7.51650E-04,  5.22647E-04
 3.70617E-04,  4.65562E-04,  4.65562E-04,  1.62866E-04,  1.62866E-04
 1.62866E-04,  1.62866E-04,  1.62866E-04,  1.62866E-04,  5.00572E+00
 1.71065E+00,  4.11655E-01,  1.05298E-01,  3.93613E-02,  1.88323E-02
 1.11453E-02,  7.09155E-03,  4.35597E-03,  2.63529E-03,  1.65572E-03
 1.09688E-03,  7.50019E-04,  5.20037E-04,  3.65802E-04,  4.53667E-04
 4.53667E-04,  1.55554E-04,  1.55554E-04,  1.55554E-04,  1.55554E-04
 1.55554E-04,  1.55554E-04,  5.41372E+00,  1.73831E+00,  4.15309E-01
 1.02067E-01,  3.75477E-02,  1.83586E-02,  1.08902E-02,  6.92498E-03
 4.25272E-03,  2.57991E-03,  1.63536E-03,  1.09425E-03,  7.50980E-04
 5.18410E-04,  3.61034E-04,  4.42339E-04,  4.42339E-04,  1.48455E-04
 1.48455E-04,  1.48455E-04,  1.48455E-04,  1.48455E-04,  1.48455E-04
 5.62445E+00,  1.81930E+00,  4.41679E-01,  1.07381E-01,  3.77707E-02
 1.82991E-02,  1.07582E-02,  6.80205E-03,  4.17004E-03,  2.53788E-03
 1.62374E-03,  1.09626E-03,  7.53748E-04,  5.17058E-04,  3.55805E-04
 4.31089E-04,  4.31089E-04,  1.41370E-04,  1.41370E-04,  1.41370E-04
 1.41370E-04,  1.41370E-04,  1.41370E-04,  5.57502E+00,  1.97345E+00
 4.74951E-01,  1.15078E-01,  3.89495E-02,  1.84583E-02,  1.07201E-02
 6.71998E-03,  4.10356E-03,  2.50425E-03,  1.61635E-03,  1.09900E-03
 7.55267E-04,  5.13855E-04,  3.48644E-04,  4.19082E-04,  4.19082E-04
 1.34518E-04,  1.34518E-04,  1.34518E-04,  1.34518E-04,  1.34518E-04
 1.34518E-04,  5.57160E+00,  1.96609E+00,  4.83416E-01,  1.17453E-01
 3.97044E-02,  1.86630E-02,  1.07753E-02,  6.69151E-03,  4.06046E-03
 2.48297E-03,  1.61527E-03,  1.10341E-03,  7.55986E-04,  5.09125E-04
 3.39853E-04,  4.06829E-04,  4.06829E-04,  1.28015E-04,  1.28015E-04
 1.28015E-04,  1.28015E-04,  1.28015E-04,  1.28015E-04,  5.18680E+00
 1.88925E+00,  4.54220E-01,  1.12629E-01,  3.96209E-02,  1.88241E-02
 1.09012E-02,  6.70358E-03,  4.03538E-03,  2.47280E-03,  1.62013E-03
 1.10894E-03,  7.55396E-04,  5.02569E-04,  3.29346E-04,  3.94173E-04
 3.94173E-04,  1.21809E-04,  1.21809E-04,  1.21809E-04,  1.21809E-04
 1.21809E-04,  1.21809E-04,  5.41088E+00,  1.61818E+00,  4.14544E-01
 1.09261E-01,  3.95005E-02,  1.89438E-02,  1.10425E-02,  6.71885E-03
 4.01402E-03,  2.46937E-03,  1.62873E-03,  1.11378E-03,  7.52211E-04
 4.93485E-04,  3.16811E-04,  3.80991E-04,  3.80991E-04,  1.16038E-04
 1.16038E-04,  1.16038E-04,  1.16038E-04,  1.16038E-04,  1.16038E-04
 5.33626E+00,  1.74801E+00,  4.45335E-01,  1.17662E-01,  4.02538E-02
 1.91252E-02,  1.11643E-02,  6.72045E-03,  4.00094E-03,  2.48136E-03
 1.64704E-03,  1.12136E-03,  7.48564E-04,  4.83311E-04,  3.03342E-04
 3.67679E-04,  3.67679E-04,  1.10539E-04,  1.10539E-04,  1.10539E-04
 1.10539E-04,  1.10539E-04,  1.10539E-04,  5.18518E+00,  1.98544E+00
 4.98706E-01,  1.26145E-01,  4.11734E-02,  1.93043E-02,  1.11850E-02
 6.68000E-03,  3.99675E-03,  2.51362E-03,  1.67699E-03,  1.13190E-03
 7.44368E-04,  4.72059E-04,  2.89089E-04,  3.53827E-04,  3.53827E-04
 1.05195E-04,  1.05195E-04,  1.05195E-04,  1.05195E-04,  1.05195E-04
 1.05195E-04,  5.80773E+00,  1.95824E+00,  4.80131E-01,  1.23899E-01
 4.12883E-02,  1.92720E-02,  1.10248E-02,  6.58021E-03,  4.00280E-03
 2.56581E-03,  1.71518E-03,  1.14224E-03,  7.37803E-04,  4.58999E-04
 2.73874E-04,  3.39553E-04,  3.39553E-04,  1.00323E-04,  1.00323E-04
 1.00323E-04,  1.00323E-04,  1.00323E-04,  1.00323E-04,  5.81686E+00
 1.84959E+00,  4.50037E-01,  1.19468E-01,  4.10652E-02,  1.90326E-02
 1.07483E-02,  6.47747E-03,  4.04937E-03,  2.64800E-03,  1.76398E-03
 1.15363E-03,  7.30221E-04,  4.45348E-04,  2.58746E-04,  3.25421E-04
 3.25421E-04,  9.59863E-05,  9.59863E-05,  9.59863E-05,  9.59863E-05
 9.59863E-05,  9.59863E-05,  6.23780E+00,  1.88092E+00,  4.60207E-01
 1.22644E-01,  4.16688E-02,  1.88259E-02,  1.04990E-02,  6.44667E-03
 4.16011E-03,  2.76066E-03,  1.82033E-03,  1.16486E-03,  7.21725E-04
 4.31619E-04,  2.44332E-04,  3.11448E-04,  3.11448E-04,  9.21420E-05
 9.21420E-05,  9.21420E-05,  9.21420E-05,  9.21420E-05,  9.21420E-05
 5.80940E+00,  1.89533E+00,  4.97104E-01,  1.31825E-01,  4.33099E-02
 1.88461E-02,  1.04028E-02,  6.53618E-03,  4.33138E-03,  2.88780E-03
 1.87390E-03,  1.17190E-03,  7.11428E-04,  4.18009E-04,  2.31151E-04
 2.97985E-04,  2.97985E-04,  8.88581E-05,  8.88581E-05,  8.88581E-05
 8.88581E-05,  8.88581E-05,  8.88581E-05,  6.18984E+00,  1.97524E+00
 5.15485E-01,  1.36728E-01,  4.43329E-02,  1.89786E-02,  1.05249E-02
 6.76417E-03,  4.54778E-03,  3.01626E-03,  1.92109E-03,  1.17584E-03
 7.01092E-04,  4.05790E-04,  2.20088E-04,  2.84979E-04,  2.84979E-04
 8.60116E-05,  8.60116E-05,  8.60116E-05,  8.60116E-05,  8.60116E-05
 8.60116E-05,  6.10521E+00,  1.88852E+00,  4.94153E-01,  1.32116E-01
 4.34111E-02,  1.90150E-02,  1.08181E-02,  7.06202E-03,  4.75265E-03
 3.11772E-03,  1.95225E-03,  1.17453E-03,  6.90597E-04,  3.95203E-04
 2.11469E-04,  2.72160E-04,  2.72160E-04,  8.35665E-05,  8.35665E-05
 8.35665E-05,  8.35665E-05,  8.35665E-05,  8.35665E-05,  6.44827E+00
 1.81810E+00,  4.83972E-01,  1.27040E-01,  4.21306E-02,  1.92675E-02
 1.11979E-02,  7.28348E-03,  4.85178E-03,  3.14833E-03,  1.95062E-03
 1.16251E-03,  6.78523E-04,  3.86145E-04,  2.05573E-04,  2.60194E-04
 2.60194E-04,  8.15816E-05,  8.15816E-05,  8.15816E-05,  8.15816E-05
 8.15816E-05,  8.15816E-05,  6.28647E+00,  2.03972E+00,  5.04406E-01
 1.27142E-01,  4.33234E-02,  2.04121E-02,  1.15820E-02,  7.29872E-03
 4.78565E-03,  3.09155E-03,  1.91507E-03,  1.14182E-03,  6.66525E-04
 3.79545E-04,  2.02902E-04,  2.49401E-04,  2.49401E-04,  8.00335E-05
 8.00335E-05,  8.00335E-05,  8.00335E-05,  8.00335E-05,  8.00335E-05
 5.68812E+00,  1.90915E+00,  4.93414E-01,  1.28379E-01,  4.78538E-02
 2.22549E-02,  1.17074E-02,  7.00327E-03,  4.52997E-03,  2.94677E-03
 1.84873E-03,  1.11457E-03,  6.55521E-04,  3.75688E-04,  2.03493E-04
 2.39699E-04,  2.39699E-04,  7.88245E-05,  7.88245E-05,  7.88245E-05
 7.88245E-05,  7.88245E-05,  7.88245E-05,  6.44594E+00,  1.83136E+00
 4.61420E-01,  1.35156E-01,  5.34228E-02,  2.32119E-02,  1.11885E-02
 6.37269E-03,  4.10819E-03,  2.72904E-03,  1.75758E-03,  1.08244E-03
 6.45691E-04,  3.74376E-04,  2.06986E-04,  2.31231E-04,  2.31231E-04
 7.77739E-05,  7.77739E-05,  7.77739E-05,  7.77739E-05,  7.77739E-05
 7.77739E-05,  5.56210E+00,  1.87970E+00,  4.82681E-01,  1.46967E-01
 5.39044E-02,  2.16162E-02,  9.95980E-03,  5.56013E-03,  3.61942E-03
 2.48589E-03,  1.66190E-03,  1.05317E-03,  6.39580E-04,  3.76230E-04
 2.13377E-04,  2.23733E-04,  2.23733E-04,  7.69874E-05,  7.69874E-05
 7.69874E-05,  7.69874E-05,  7.69874E-05,  7.69874E-05,  5.31212E+00
 2.03721E+00,  5.13071E-01,  1.38612E-01,  4.50010E-02,  1.77490E-02
 8.54453E-03,  4.82212E-03,  3.16512E-03,  2.25585E-03,  1.57511E-03
 1.03063E-03,  6.37867E-04,  3.81057E-04,  2.22360E-04,  2.17013E-04
 2.17013E-04,  7.64682E-05,  7.64682E-05,  7.64682E-05,  7.64682E-05
 7.64682E-05,  7.64682E-05,  5.00245E+00,  1.75183E+00,  4.26980E-01
 1.06319E-01,  3.36275E-02,  1.49141E-02,  7.96534E-03,  4.42649E-03
 2.82059E-03,  2.06202E-03,  1.50247E-03,  1.01422E-03,  6.38921E-04
 3.87443E-04,  2.32738E-04,  2.11113E-04,  2.11113E-04,  7.58580E-05
 7.58580E-05,  7.58580E-05,  7.58580E-05,  7.58580E-05,  7.58580E-05
 5.39754E+00,  1.53832E+00,  3.43224E-01,  9.24931E-02,  3.20023E-02
 1.57873E-02,  8.61426E-03,  4.45489E-03,  2.62269E-03,  1.92270E-03
 1.45114E-03,  1.00564E-03,  6.42578E-04,  3.94818E-04,  2.43900E-04
 2.05942E-04,  2.05942E-04,  7.51876E-05,  7.51876E-05,  7.51876E-05
 7.51876E-05,  7.51876E-05,  7.51876E-05,  5.12038E+00,  1.49271E+00
 3.47227E-01,  8.62280E-02,  3.15793E-02,  1.65297E-02,  9.28716E-03
 4.64189E-03,  2.53103E-03,  1.83227E-03,  1.41851E-03,  1.00239E-03
 6.46940E-04,  4.01884E-04,  2.54892E-04,  2.01145E-04,  2.01145E-04
 7.44003E-05,  7.44003E-05,  7.44003E-05,  7.44003E-05,  7.44003E-05
 7.44003E-05,  5.01521E+00,  2.14366E+00,  5.16103E-01,  1.29081E-01
 3.82647E-02,  1.59685E-02,  8.95039E-03,  4.64916E-03,  2.46722E-03
 1.76945E-03,  1.39428E-03,  9.98246E-04,  6.48308E-04,  4.06401E-04
 2.64033E-04,  1.96174E-04,  1.96174E-04,  7.32159E-05,  7.32159E-05
 7.32159E-05,  7.32159E-05,  7.32159E-05,  7.32159E-05,  5.53049E+00
 2.09105E+00,  5.18954E-01,  1.53271E-01,  5.14648E-02,  1.71779E-02
 8.13700E-03,  4.39833E-03,  2.38623E-03,  1.71931E-03,  1.37272E-03
 9.91206E-04,  6.46324E-04,  4.08521E-04,  2.71577E-04,  1.91214E-04
 1.91214E-04,  7.20247E-05,  7.20247E-05,  7.20247E-05,  7.20247E-05
 7.20247E-05,  7.20247E-05,  4.61880E+00,  2.66791E+00,  4.76191E-01
 1.39528E-01,  5.51557E-02,  1.94968E-02,  7.56410E-03,  4.03059E-03
 2.27839E-03,  1.66698E-03,  1.34477E-03,  9.76780E-04,  6.39108E-04
 4.07417E-04,  2.77073E-04,  1.86181E-04,  1.86181E-04,  7.08694E-05
 7.08694E-05,  7.08694E-05,  7.08694E-05,  7.08694E-05,  7.08694E-05
 8.53157E+00,  1.42971E+00,  4.09223E-01,  1.17056E-01,  5.18843E-02
 2.12300E-02,  7.47756E-03,  3.70531E-03,  2.15528E-03,  1.59801E-03
 1.29808E-03,  9.47207E-04,  6.22172E-04,  4.00331E-04,  2.78300E-04
 1.80183E-04,  1.80183E-04,  6.92303E-05,  6.92303E-05,  6.92303E-05
 6.92303E-05,  6.92303E-05,  6.92303E-05,  5.88012E+00,  2.27071E+00
 3.98747E-01,  9.45200E-02,  4.64455E-02,  2.17215E-02,  7.73330E-03
 3.50121E-03,  2.04074E-03,  1.51288E-03,  1.23134E-03,  9.02173E-04
 5.95767E-04,  3.87566E-04,  2.75366E-04,  1.73354E-04,  1.73354E-04
 6.72732E-05,  6.72732E-05,  6.72732E-05,  6.72732E-05,  6.72732E-05
 6.72732E-05,  6.87009E+00,  1.65515E+00,  3.31474E-01,  9.12858E-02
 3.89150E-02,  2.05591E-02,  7.91194E-03,  3.39630E-03,  1.94219E-03
 1.41424E-03,  1.14561E-03,  8.42424E-04,  5.60359E-04,  3.69319E-04
 2.68245E-04,  1.65642E-04,  1.65642E-04,  6.50364E-05,  6.50364E-05
 6.50364E-05,  6.50364E-05,  6.50364E-05,  6.50364E-05,  9.14379E+00
 2.74251E+00,  6.80751E-01,  1.08309E-01,  3.15787E-02,  1.80444E-02
 7.74308E-03,  3.33215E-03,  1.85730E-03,  1.30560E-03,  1.04349E-03
 7.69212E-04,  5.16179E-04,  3.45313E-04,  2.56329E-04,  1.56580E-04
 1.56580E-04,  6.23231E-05,  6.23231E-05,  6.23231E-05,  6.23231E-05
 6.23231E-05,  6.23231E-05,  6.28853E+00,  2.57856E+00,  7.38243E-01
 1.28309E-01,  3.12880E-02,  1.59161E-02,  7.42560E-03,  3.31023E-03
 1.79542E-03,  1.20051E-03,  9.36867E-04,  6.90760E-04,  4.68249E-04
 3.18590E-04,  2.41833E-04,  1.47242E-04,  1.47242E-04,  5.96407E-05
 5.96407E-05,  5.96407E-05,  5.96407E-05,  5.96407E-05,  5.96407E-05
 6.33252E+00,  2.32977E+00,  5.58045E-01,  1.21317E-01,  3.31174E-02
 1.51944E-02,  7.34101E-03,  3.37796E-03,  1.76728E-03,  1.10830E-03
 8.33384E-04,  6.11891E-04,  4.19136E-04,  2.90444E-04,  2.25578E-04
 1.37891E-04,  1.37891E-04,  5.70617E-05,  5.70617E-05,  5.70617E-05
 5.70617E-05,  5.70617E-05,  5.70617E-05,  4.96075E+00,  1.86072E+00
 4.18150E-01,  9.97929E-02,  3.18344E-02,  1.50512E-02,  7.59074E-03
 3.56000E-03,  1.77753E-03,  1.03425E-03,  7.37462E-04,  5.34811E-04
 3.69320E-04,  2.60516E-04,  2.06762E-04,  1.27758E-04,  1.27758E-04
 5.42263E-05,  5.42263E-05,  5.42263E-05,  5.42263E-05,  5.42263E-05
 5.42263E-05,  5.68608E+00,  1.37106E+00,  3.62284E-01,  8.79306E-02
 2.98178E-02,  1.47693E-02,  8.01221E-03,  3.83234E-03,  1.82433E-03
 9.84822E-04,  6.57242E-04,  4.65562E-04,  3.22505E-04,  2.31014E-04
 1.86932E-04,  1.17528E-04,  1.17528E-04,  5.14202E-05,  5.14202E-05
 5.14202E-05,  5.14202E-05,  5.14202E-05,  5.14202E-05,  4.79678E+00
 2.20861E+00,  4.05708E-01,  9.48739E-02,  3.04797E-02,  1.46001E-02
 8.42472E-03,  4.11734E-03,  1.88670E-03,  9.57486E-04,  5.96328E-04
 4.07819E-04,  2.81104E-04,  2.03359E-04,  1.67073E-04,  1.07598E-04
 1.07598E-04,  4.88052E-05,  4.88052E-05,  4.88052E-05,  4.88052E-05
 4.88052E-05,  4.88052E-05,  4.85707E+00,  2.15551E+00,  5.02341E-01
 1.14231E-01,  3.37364E-02,  1.47543E-02,  8.69029E-03,  4.31197E-03
 1.93113E-03,  9.42552E-04,  5.54060E-04,  3.63229E-04,  2.46468E-04
 1.78291E-04,  1.47540E-04,  9.80296E-05,  9.80296E-05,  4.64393E-05
 4.64393E-05,  4.64393E-05,  4.64393E-05,  4.64393E-05,  4.64393E-05
 5.75290E+00,  2.48969E+00,  5.89158E-01,  1.20488E-01,  3.35250E-02
 1.45768E-02,  8.65288E-03,  4.33845E-03,  1.93481E-03,  9.33059E-04
 5.29283E-04,  3.33488E-04,  2.20776E-04,  1.57708E-04,  1.30102E-04
 8.98579E-05,  8.98579E-05,  4.47398E-05,  4.47398E-05,  4.47398E-05
 4.47398E-05,  4.47398E-05,  4.47398E-05,  5.10895E+00,  1.54872E+00
 3.37387E-01,  8.19466E-02,  2.71736E-02,  1.33373E-02,  8.11689E-03
 4.14059E-03,  1.88181E-03,  9.22139E-04,  5.17687E-04,  3.17043E-04
 2.03959E-04,  1.41994E-04,  1.15212E-04,  8.32636E-05,  8.32636E-05
 4.37908E-05,  4.37908E-05,  4.37908E-05,  4.37908E-05,  4.37908E-05
 4.37908E-05,  5.37181E+00,  1.46564E+00,  2.73456E-01,  6.77106E-02
 2.07396E-02,  1.10971E-02,  7.05598E-03,  3.72010E-03,  1.76978E-03
 9.04591E-04,  5.13816E-04,  3.10497E-04,  1.94545E-04,  1.30609E-04
 1.02466E-04,  7.80148E-05,  7.80148E-05,  4.36021E-05,  4.36021E-05
 4.36021E-05,  4.36021E-05,  4.36021E-05,  4.36021E-05,  5.56735E+00
 1.64300E+00,  4.15416E-01,  8.27350E-02,  1.92051E-02,  8.90863E-03
 5.77273E-03,  3.18151E-03,  1.62597E-03,  8.83952E-04,  5.15400E-04
 3.11244E-04,  1.91290E-04,  1.23553E-04,  9.24421E-05,  7.44823E-05
 7.44823E-05,  4.43620E-05,  4.43620E-05,  4.43620E-05,  4.43620E-05
 4.43620E-05,  4.43620E-05,  4.47080E+00,  2.28719E+00,  4.65263E-01
 9.35998E-02,  2.06876E-02,  7.76777E-03,  4.66743E-03,  2.66303E-03
 1.48433E-03,  8.64660E-04,  5.20308E-04,  3.16177E-04,  1.92080E-04
 1.20013E-04,  8.51015E-05,  7.26354E-05,  7.26354E-05,  4.60995E-05
 4.60995E-05,  4.60995E-05,  4.60995E-05,  4.60995E-05,  4.60995E-05
 5.53127E+00,  1.85583E+00,  4.14024E-01,  8.80328E-02,  2.06996E-02
 7.50433E-03,  3.95349E-03,  2.26378E-03,  1.36875E-03,  8.49161E-04
 5.25973E-04,  3.22072E-04,  1.94541E-04,  1.18732E-04,  7.98694E-05
 7.22620E-05,  7.22620E-05,  4.88126E-05,  4.88126E-05,  4.88126E-05
 4.88126E-05,  4.88126E-05,  4.88126E-05,  1.79043E+00,  1.56439E+00
 3.41467E-01,  6.92007E-02,  1.84895E-02,  7.32210E-03,  3.49976E-03
 1.99631E-03,  1.29289E-03,  8.42368E-04,  5.32254E-04,  3.27432E-04
 1.97365E-04,  1.19065E-04,  7.64781E-05,  7.30952E-05,  7.30952E-05
 5.23589E-05,  5.23589E-05,  5.23589E-05,  5.23589E-05,  5.23589E-05
 5.23589E-05,  4.05949E+00,  8.84912E-01,  1.58557E-01,  3.82757E-02
 1.53595E-02,  6.45314E-03,  3.00877E-03,  1.81417E-03,  1.25850E-03
 8.44768E-04,  5.37049E-04,  3.30271E-04,  1.99111E-04,  1.20315E-04
 7.41247E-05,  7.46686E-05,  7.46686E-05,  5.65348E-05,  5.65348E-05
 5.65348E-05,  5.65348E-05,  5.65348E-05,  5.65348E-05,  1.04312E+00
 1.40116E-01,  4.74525E-02,  2.98116E-02,  1.17403E-02,  4.44658E-03
 2.35742E-03,  1.72150E-03,  1.28327E-03,  8.59535E-04,  5.38398E-04
 3.28357E-04,  1.97940E-04,  1.22026E-04,  7.30631E-05,  7.30091E-05
 7.30091E-05,  5.75350E-05,  5.75350E-05,  5.75350E-05,  5.75350E-05
 5.75350E-05,  5.75350E-05,  8.78352E-01,  2.20854E-01,  8.13750E-02
 3.06657E-02,  1.11921E-02,  5.66066E-03,  4.47778E-03,  3.82822E-03
 3.22568E-03,  2.60496E-03,  1.90297E-03,  1.26233E-03,  8.20121E-04
 5.80529E-04,  5.20413E-04,  3.82699E-04,  3.82699E-04,  3.13768E-04
 3.13768E-04,  3.13768E-04,  3.13768E-04,  3.13768E-04,  3.13768E-04
 8.78352E-01,  2.20854E-01,  8.13750E-02,  3.06657E-02,  1.11921E-02
 5.66066E-03,  4.47778E-03,  3.82822E-03,  3.22568E-03,  2.60496E-03
 1.90297E-03,  1.26233E-03,  8.20121E-04,  5.80529E-04,  5.20413E-04
 3.82699E-04,  3.82699E-04,  3.13768E-04,  3.13768E-04,  3.13768E-04
 3.13768E-04,  3.13768E-04,  3.13768E-04,  4.01043E-02,  4.32668E-02
 4.01185E-02,  2.98501E-02,  1.90792E-02,  1.13663E-02,  7.26024E-03
 5.74564E-03,  5.59026E-03,  5.82045E-03,  5.82569E-03,  5.49807E-03
 5.03716E-03,  4.57895E-03,  4.15801E-03,  7.34554E-03,  7.34554E-03
 1.22579E-02,  1.22579E-02,  1.22579E-02,  1.22579E-02,  1.22579E-02
 1.22579E-02,  4.01043E-02,  4.32668E-02,  4.01185E-02,  2.98501E-02
 1.90792E-02,  1.13663E-02,  7.26024E-03,  5.74564E-03,  5.59026E-03
 5.82045E-03,  5.82569E-03,  5.49807E-03,  5.03716E-03,  4.57895E-03
 4.15801E-03,  7.34554E-03,  7.34554E-03,  1.22579E-02,  1.22579E-02
 1.22579E-02,  1.22579E-02,  1.22579E-02,  1.22579E-02,  4.01043E-02
 4.32668E-02,  4.01185E-02,  2.98501E-02,  1.90792E-02,  1.13663E-02
 7.26024E-03,  5.74564E-03,  5.59026E-03,  5.82045E-03,  5.82569E-03
 5.49807E-03,  5.03716E-03,  4.57895E-03,  4.15801E-03,  7.34554E-03
 7.34554E-03,  1.22579E-02,  1.22579E-02,  1.22579E-02,  1.22579E-02
 1.22579E-02,  1.22579E-02,  4.01043E-02,  4.32668E-02,  4.01185E-02
 2.98501E-02,  1.90792E-02,  1.13663E-02,  7.26024E-03,  5.74564E-03
 5.59026E-03,  5.82045E-03,  5.82569E-03,  5.49807E-03,  5.03716E-03
 4.57895E-03,  4.15801E-03,  7.34554E-03,  7.34554E-03,  1.22579E-02
 1.22579E-02,  1.22579E-02,  1.22579E-02,  1.22579E-02,  1.22579E-02
 4.01043E-02,  4.32668E-02,  4.01185E-02,  2.98501E-02,  1.90792E-02
 1.13663E-02,  7.26024E-03,  5.74564E-03,  5.59026E-03,  5.82045E-03
 5.82569E-03,  5.49807E-03,  5.03716E-03,  4.57895E-03,  4.15801E-03
 7.34554E-03,  7.34554E-03,  1.22579E-02,  1.22579E-02,  1.22579E-02
 1.22579E-02,  1.22579E-02,  1.22579E-02,  4.01043E-02,  4.32668E-02
 4.01185E-02,  2.98501E-02,  1.90792E-02,  1.13663E-02,  7.26024E-03
 5.74564E-03,  5.59026E-03,  5.82045E-03,  5.82569E-03,  5.49807E-03
 5.03716E-03,  4.57895E-03,  4.15801E-03,  7.34554E-03,  7.34554E-03
 1.22579E-02,  1.22579E-02,  1.22579E-02,  1.22579E-02,  1.22579E-02
 1.22579E-02

;------ Iteration  2
;-Index  V/I_Meas      V/I_Calc    VI_%ERR
  1,    2.07243E+01,   1.21102E+01,  -41.57
  2,    6.65948E+00,   3.13695E+00,  -52.90
  3,    2.56875E+00,   9.13491E-01,  -64.44
  4,    1.24840E+00,   3.87165E-01,  -68.99
  5,    9.38865E-02,   1.75026E-01,  86.42
  6,    7.94650E-01,   9.10930E-02,  -88.54
  7,    1.51760E-01,   8.14829E-02,  -46.31
  8,    9.01102E-02,   6.22377E-02,  -30.93
  9,    2.51083E+01,   1.26192E+01,  -49.74
  10,    6.05705E+00,   2.58804E+00,  -57.27
  11,    2.62075E+00,   8.54655E-01,  -67.39
  12,    1.10857E+00,   2.91306E-01,  -73.72
  13,    7.01832E-01,   8.99969E-02,  -87.18
  14,    1.39745E-01,   6.23639E-02,  -55.37
  15,    8.66431E-02,   3.07511E-02,  -64.51
  16,    3.66935E-02,   1.17518E-01,  220.27
  17,    2.42305E-01,   1.36838E-01,  -43.53
  18,    1.08723E-01,   9.38409E-02,  -13.69
  19,    6.45944E-02,   6.37783E-02,  -1.26
  20,    3.79840E-02,   3.60811E-02,  -5.01
  21,    2.77012E-02,   2.69035E-02,  -2.88
  22,    2.10235E+01,   1.72539E+01,  -17.93
  23,    5.51175E+00,   4.18864E+00,  -24.01
  24,    2.10442E+00,   1.12619E+00,  -46.48
  25,    8.42778E-01,   3.63091E-01,  -56.92
  26,    7.01584E-01,   1.48062E-01,  -78.90
  27,    1.23720E-01,   6.29681E-02,  -49.10
  28,    8.03241E-02,   6.16993E-02,  -23.19
  29,    2.18757E-01,   1.56710E-01,  -28.36
  30,    1.03491E-01,   9.48645E-02,  -8.34
  31,    5.92737E-02,   5.63243E-02,  -4.98
  32,    3.80062E-02,   3.25185E-02,  -14.44
  33,    2.69831E-02,   2.37854E-02,  -11.85
  34,    4.16334E-02,   4.20067E-02,  0.90
  35,    3.13011E-02,   3.28274E-02,  4.88
  36,    2.56430E-02,   2.66235E-02,  3.82
  37,    2.12077E+01,   1.90433E+01,  -10.21
  38,    5.34089E+00,   3.70986E+00,  -30.54
  39,    1.90316E+00,   9.81553E-01,  -48.43
  40,    7.61439E-01,   5.59581E-01,  -26.51
  41,    6.87240E-01,   1.22432E-01,  -82.18
  42,    1.40548E-01,   1.12975E-01,  -19.62
  43,    7.82689E-02,   7.21522E-02,  -7.82
  44,    2.08930E-01,   2.08375E-01,  -0.27
  45,    1.10353E-01,   1.28079E-01,  16.06
  46,    5.87669E-02,   6.47026E-02,  10.10
  47,    4.03443E-02,   4.30790E-02,  6.78
  48,    2.84742E-02,   2.94245E-02,  3.34
  49,    4.56410E-02,   4.48357E-02,  -1.76
  50,    3.47810E-02,   3.46224E-02,  -0.46
  51,    2.67499E-02,   2.58517E-02,  -3.36
  52,    4.41874E-02,   4.53007E-02,  2.52
  53,    2.76329E-02,   2.60816E-02,  -5.61
  54,    2.43151E-02,   1.92756E-02,  -20.73
  55,    2.33259E+01,   1.22683E+01,  -47.40
  56,    4.91551E+00,   2.14907E+00,  -56.28
  57,    1.71542E+00,   9.68921E-01,  -43.52
  58,    7.63683E-01,   4.92104E-01,  -35.56
  59,    6.25297E-01,   1.32982E-01,  -78.73
  60,    1.34355E-01,   8.12428E-02,  -39.53
  61,    8.57191E-02,   6.62896E-02,  -22.67
  62,    2.89493E-02,   1.58551E-01,  447.69
  63,    2.31722E-01,   2.17753E-01,  -6.03
  64,    1.18091E-01,   1.20460E-01,  2.01
  65,    6.76859E-02,   6.36666E-02,  -5.94
  66,    4.56516E-02,   4.33760E-02,  -4.98
  67,    3.30751E-02,   3.10734E-02,  -6.05
  68,    5.05039E-02,   4.88787E-02,  -3.22
  69,    3.83803E-02,   3.81978E-02,  -0.48
  70,    2.78508E-02,   2.67204E-02,  -4.06
  71,    4.45802E-02,   4.05377E-02,  -9.07
  72,    2.72002E-02,   2.22514E-02,  -18.19
  73,    2.78031E-02,   1.91331E-02,  -31.18
  74,    3.00666E-02,   1.99952E-02,  -33.50
  75,    2.17111E-02,   1.38821E-02,  -36.06
  76,    2.51867E+01,   1.40972E+01,  -44.03
  77,    4.91285E+00,   4.18055E+00,  -14.91
  78,    1.79343E+00,   1.76358E+00,  -1.66
  79,    8.39700E-01,   4.51246E-01,  -46.26
  80,    1.49670E-01,   3.23893E-01,  116.40
  81,    5.44582E-01,   1.84004E-01,  -66.21
  82,    1.47258E-01,   1.43060E-01,  -2.85
  83,    9.33280E-02,   9.81992E-02,  5.22
  84,    2.58679E-01,   2.62631E-01,  1.53
  85,    1.22031E-01,   1.21633E-01,  -0.33
  86,    7.54422E-02,   7.43090E-02,  -1.50
  87,    5.03819E-02,   4.77223E-02,  -5.28
  88,    3.87900E-02,   3.81087E-02,  -1.76
  89,    5.76154E-02,   5.96634E-02,  3.55
  90,    4.36995E-02,   4.59654E-02,  5.19
  91,    3.19190E-02,   3.23347E-02,  1.30
  92,    4.86561E-02,   4.80569E-02,  -1.23
  93,    3.01298E-02,   2.71344E-02,  -9.94
  94,    2.91209E-02,   2.15067E-02,  -26.15
  95,    3.00144E-02,   2.03588E-02,  -32.17
  96,    2.13417E-02,   1.39640E-02,  -34.57
  97,    2.58147E-02,   1.77514E-02,  -31.24
  98,    1.98618E-02,   1.39806E-02,  -29.61
  99,    2.75923E+01,   1.80283E+01,  -34.66
  100,    5.35987E+00,   5.44951E+00,  1.67
  101,    2.08741E+00,   1.06740E+00,  -48.86
  102,    1.02678E+00,   6.21825E-01,  -39.44
  103,    1.87425E-01,   3.18397E-01,  69.88
  104,    5.75910E-01,   2.31457E-01,  -59.81
  105,    1.72181E-01,   1.52976E-01,  -11.15
  106,    1.17447E-01,   1.19723E-01,  1.94
  107,    2.90909E-01,   3.11749E-01,  7.16
  108,    1.47621E-01,   1.48242E-01,  0.42
  109,    8.99679E-02,   9.30408E-02,  3.42
  110,    6.19399E-02,   6.29953E-02,  1.70
  111,    4.74925E-02,   4.91607E-02,  3.51
  112,    6.89750E-02,   7.20134E-02,  4.41
  113,    4.92579E-02,   5.17167E-02,  4.99
  114,    3.40743E-02,   3.51438E-02,  3.14
  115,    5.22244E-02,   5.26358E-02,  0.79
  116,    3.38687E-02,   3.18201E-02,  -6.05
  117,    3.23105E-02,   2.58076E-02,  -20.13
  118,    3.19228E-02,   2.44225E-02,  -23.50
  119,    2.16338E-02,   1.62927E-02,  -24.69
  120,    2.66745E-02,   1.96012E-02,  -26.52
  121,    2.14036E-02,   1.52389E-02,  -28.80
  122,    2.84921E+01,   2.16151E+01,  -24.14
  123,    5.72150E+00,   2.85669E+00,  -50.07
  124,    2.31320E+00,   1.22670E+00,  -46.97
  125,    9.68294E-01,   5.29785E-01,  -45.29
  126,    1.86464E-01,   3.43099E-01,  84.00
  127,    6.10218E-01,   2.12473E-01,  -65.18
  128,    1.88712E-01,   1.58875E-01,  -15.81
  129,    1.03236E-01,   8.59569E-02,  -16.74
  130,    2.96212E-01,   2.65442E-01,  -10.39
  131,    1.63627E-01,   1.46111E-01,  -10.70
  132,    1.00222E-01,   8.74177E-02,  -12.78
  133,    7.38560E-02,   6.66840E-02,  -9.71
  134,    5.39285E-02,   5.13018E-02,  -4.87
  135,    8.00984E-02,   8.34279E-02,  4.16
  136,    5.42293E-02,   5.63449E-02,  3.90
  137,    3.46281E-02,   3.56167E-02,  2.85
  138,    5.20586E-02,   5.18582E-02,  -0.38
  139,    4.13181E-02,   3.70385E-02,  -10.36
  140,    3.06594E-02,   2.51129E-02,  -18.09
  141,    3.37121E-02,   2.69130E-02,  -20.17
  142,    2.32575E-02,   1.89124E-02,  -18.68
  143,    2.79093E-02,   2.27952E-02,  -18.32
  144,    2.16048E-02,   1.68663E-02,  -21.93
  145,    2.88518E+01,   1.21360E+01,  -57.94
  146,    6.07769E+00,   3.42671E+00,  -43.62
  147,    2.01531E+00,   1.20679E+00,  -40.12
  148,    9.22482E-01,   6.82354E-01,  -26.03
  149,    2.93652E-01,   3.91487E-01,  33.32
  150,    4.42888E-01,   2.78009E-01,  -37.23
  151,    1.43564E-01,   1.44144E-01,  0.40
  152,    9.80310E-02,   9.88215E-02,  0.81
  153,    2.89595E-01,   2.70525E-01,  -6.58
  154,    1.62090E-01,   1.50776E-01,  -6.98
  155,    1.02372E-01,   9.44893E-02,  -7.70
  156,    7.43722E-02,   7.03814E-02,  -5.37
  157,    5.26667E-02,   5.45046E-02,  3.49
  158,    8.48895E-02,   9.01508E-02,  6.20
  159,    5.70213E-02,   6.13116E-02,  7.52
  160,    3.24661E-02,   3.54237E-02,  9.11
  161,    5.09961E-02,   5.47568E-02,  7.37
  162,    4.73332E-02,   4.60445E-02,  -2.72
  163,    2.71496E-02,   2.62397E-02,  -3.35
  164,    3.33201E-02,   2.94455E-02,  -11.63
  165,    2.30520E-02,   2.13683E-02,  -7.30
  166,    2.80427E-02,   2.60836E-02,  -6.99
  167,    2.28094E-02,   2.02177E-02,  -11.36
  168,    3.29446E+01,   1.46131E+01,  -55.64
  169,    5.95258E+00,   3.28619E+00,  -44.79
  170,    2.26191E+00,   1.44653E+00,  -36.05
  171,    9.77684E-01,   7.24784E-01,  -25.87
  172,    3.24570E-01,   4.71909E-01,  45.40
  173,    4.23618E-01,   2.28715E-01,  -46.01
  174,    1.53060E-01,   1.46096E-01,  -4.55
  175,    9.56131E-02,   9.31322E-02,  -2.59
  176,    2.82887E-01,   2.82209E-01,  -0.24
  177,    1.58797E-01,   1.48402E-01,  -6.55
  178,    1.07999E-01,   1.04412E-01,  -3.32
  179,    7.42793E-02,   7.64133E-02,  2.87
  180,    5.51055E-02,   6.01178E-02,  9.10
  181,    8.47283E-02,   8.91720E-02,  5.24
  182,    5.42794E-02,   5.84186E-02,  7.63
  183,    3.04051E-02,   3.33814E-02,  9.79
  184,    5.27314E-02,   5.78314E-02,  9.67
  185,    4.60293E-02,   4.51094E-02,  -2.00
  186,    2.79294E-02,   2.87481E-02,  2.93
  187,    3.38499E-02,   3.30494E-02,  -2.36
  188,    2.26353E-02,   2.40899E-02,  6.43
  189,    2.78493E-02,   2.84012E-02,  1.98
  190,    2.83924E+01,   1.21617E+01,  -57.17
  191,    6.10244E+00,   3.39093E+00,  -44.43
  192,    2.13197E+00,   1.37963E+00,  -35.29
  193,    9.54436E-01,   7.95625E-01,  -16.64
  194,    2.45200E-01,   3.53999E-01,  44.37
  195,    3.76698E-01,   2.07188E-01,  -45.00
  196,    1.33233E-01,   1.22437E-01,  -8.10
  197,    9.42898E-02,   8.46027E-02,  -10.27
  198,    2.82526E-01,   2.54460E-01,  -9.93
  199,    1.63757E-01,   1.36819E-01,  -16.45
  200,    1.10012E-01,   9.29592E-02,  -15.50
  201,    7.46303E-02,   6.79838E-02,  -8.91
  202,    5.90355E-02,   5.62679E-02,  -4.69
  203,    8.03295E-02,   8.19770E-02,  2.05
  204,    4.74987E-02,   4.95235E-02,  4.26
  205,    3.07734E-02,   3.43094E-02,  11.49
  206,    5.14108E-02,   5.40494E-02,  5.13
  207,    4.45487E-02,   4.31171E-02,  -3.21
  208,    2.74163E-02,   2.77796E-02,  1.33
  209,    3.06639E-02,   3.09074E-02,  0.79
  210,    2.23371E-02,   2.45876E-02,  10.08
  211,    2.72825E-02,   2.92973E-02,  7.39
  212,    3.25904E+01,   1.35534E+01,  -58.41
  213,    6.03535E+00,   3.74255E+00,  -37.99
  214,    2.22474E+00,   1.84067E+00,  -17.26
  215,    7.89918E-01,   7.52637E-01,  -4.72
  216,    2.48124E-01,   4.10472E-01,  65.43
  217,    3.35292E-01,   2.29499E-01,  -31.55
  218,    1.32921E-01,   1.50484E-01,  13.21
  219,    8.68220E-02,   9.13769E-02,  5.25
  220,    2.64123E-01,   2.46161E-01,  -6.80
  221,    1.65569E-01,   1.48341E-01,  -10.41
  222,    1.07036E-01,   9.84701E-02,  -8.00
  223,    7.59017E-02,   7.26425E-02,  -4.29
  224,    5.40453E-02,   5.33508E-02,  -1.28
  225,    8.10408E-02,   8.14376E-02,  0.49
  226,    4.27062E-02,   4.42581E-02,  3.63
  227,    3.14016E-02,   3.27860E-02,  4.41
  228,    5.61689E-02,   5.97029E-02,  6.29
  229,    3.83145E-02,   3.96532E-02,  3.49
  230,    2.56840E-02,   2.75046E-02,  7.09
  231,    2.82814E-02,   3.04027E-02,  7.50
  232,    2.13449E-02,   2.51864E-02,  18.00
  233,    2.72835E-02,   3.11753E-02,  14.26
  234,    2.60792E+01,   1.21650E+01,  -53.35
  235,    5.43997E+00,   3.86299E+00,  -28.99
  236,    1.55118E+00,   1.31874E+00,  -14.98
  237,    6.28012E-01,   6.31245E-01,  0.51
  238,    2.03822E-01,   3.20615E-01,  57.30
  239,    2.36711E-01,   1.92568E-01,  -18.65
  240,    1.01014E-01,   1.09002E-01,  7.91
  241,    7.10739E-02,   7.06362E-02,  -0.62
  242,    2.37972E-01,   2.39866E-01,  0.80
  243,    1.50735E-01,   1.44016E-01,  -4.46
  244,    9.68624E-02,   9.75222E-02,  0.68
  245,    7.46612E-02,   7.63938E-02,  2.32
  246,    4.77969E-02,   4.98490E-02,  4.29
  247,    7.03605E-02,   6.95993E-02,  -1.08
  248,    3.70233E-02,   3.70920E-02,  0.19
  249,    3.44764E-02,   3.39646E-02,  -1.48
  250,    5.95121E-02,   5.88668E-02,  -1.08
  251,    3.17637E-02,   3.26222E-02,  2.70
  252,    2.44197E-02,   2.54576E-02,  4.25
  253,    2.69293E-02,   3.04701E-02,  13.15
  254,    1.95159E-02,   2.37788E-02,  21.84
  255,    2.63180E-02,   3.01300E-02,  14.48
  256,    3.70037E+01,   1.67548E+01,  -54.72
  257,    6.07736E+00,   4.04300E+00,  -33.47
  258,    1.93509E+00,   1.61357E+00,  -16.62
  259,    6.86918E-01,   7.26827E-01,  5.81
  260,    2.31855E-01,   3.92785E-01,  69.41
  261,    2.85318E-01,   2.03922E-01,  -28.53
  262,    1.19573E-01,   1.22302E-01,  2.28
  263,    8.72093E-02,   8.91776E-02,  2.26
  264,    2.50916E-01,   2.47376E-01,  -1.41
  265,    1.50949E-01,   1.44137E-01,  -4.51
  266,    9.97042E-02,   9.79349E-02,  -1.77
  267,    6.79016E-02,   6.80121E-02,  0.16
  268,    4.91152E-02,   4.85855E-02,  -1.08
  269,    6.06553E-02,   6.24490E-02,  2.96
  270,    3.72737E-02,   4.02952E-02,  8.11
  271,    3.47560E-02,   3.35878E-02,  -3.36
  272,    5.53386E-02,   5.18040E-02,  -6.39
  273,    3.16469E-02,   3.18089E-02,  0.51
  274,    2.13461E-02,   2.22054E-02,  4.03
  275,    2.57171E-02,   2.87918E-02,  11.96
  276,    1.88288E-02,   2.26989E-02,  20.55
  277,    2.46788E-02,   2.88719E-02,  16.99
  278,    3.46072E+01,   1.42807E+01,  -58.73
  279,    6.78734E+00,   3.95469E+00,  -41.73
  280,    1.83269E+00,   1.50158E+00,  -18.07
  281,    6.79957E-01,   7.17723E-01,  5.55
  282,    1.85478E-01,   3.39554E-01,  83.07
  283,    3.07694E-01,   1.87886E-01,  -38.94
  284,    1.19004E-01,   1.28154E-01,  7.69
  285,    8.97034E-02,   8.53026E-02,  -4.91
  286,    2.70660E-01,   2.56436E-01,  -5.26
  287,    1.57234E-01,   1.52441E-01,  -3.05
  288,    1.12358E-01,   1.09074E-01,  -2.92
  289,    6.80839E-02,   6.62669E-02,  -2.67
  290,    4.72548E-02,   4.65206E-02,  -1.55
  291,    5.29234E-02,   5.16619E-02,  -2.38
  292,    3.74505E-02,   3.58613E-02,  -4.24
  293,    3.42883E-02,   3.09323E-02,  -9.79
  294,    5.42960E-02,   5.09997E-02,  -6.07
  295,    3.08836E-02,   3.13945E-02,  1.65
  296,    1.97530E-02,   2.10139E-02,  6.38
  297,    2.42351E-02,   2.68285E-02,  10.70
  298,    1.85181E-02,   2.14009E-02,  15.57
  299,    2.43974E-02,   2.80267E-02,  14.88
  300,    4.23277E+01,   1.63294E+01,  -61.42
  301,    7.44763E+00,   4.35507E+00,  -41.52
  302,    2.09371E+00,   1.74017E+00,  -16.89
  303,    7.79404E-01,   7.32319E-01,  -6.04
  304,    1.91602E-01,   3.68810E-01,  92.49
  305,    3.78759E-01,   2.33141E-01,  -38.45
  306,    1.48487E-01,   1.46091E-01,  -1.61
  307,    9.99060E-02,   1.00021E-01,  0.11
  308,    2.88083E-01,   2.85858E-01,  -0.77
  309,    1.73485E-01,   1.72668E-01,  -0.47
  310,    1.09826E-01,   1.10688E-01,  0.78
  311,    7.46354E-02,   7.29430E-02,  -2.27
  312,    4.36110E-02,   4.31832E-02,  -0.98
  313,    5.13951E-02,   4.88126E-02,  -5.02
  314,    4.50839E-02,   4.19096E-02,  -7.04
  315,    2.97197E-02,   2.69034E-02,  -9.48
  316,    4.69384E-02,   4.33042E-02,  -7.74
  317,    2.95880E-02,   2.83890E-02,  -4.05
  318,    1.92295E-02,   1.97080E-02,  2.49
  319,    2.35129E-02,   2.72039E-02,  15.70
  320,    1.79449E-02,   2.03683E-02,  13.50
  321,    3.80804E+01,   1.46403E+01,  -61.55
  322,    6.76850E+00,   3.96309E+00,  -41.45
  323,    1.95633E+00,   1.37944E+00,  -29.49
  324,    7.22030E-01,   6.08617E-01,  -15.71
  325,    2.45501E-01,   3.47766E-01,  41.66
  326,    3.14589E-01,   2.01731E-01,  -35.87
  327,    1.32839E-01,   1.29912E-01,  -2.20
  328,    9.12254E-02,   9.48785E-02,  4.00
  329,    2.81530E-01,   2.93028E-01,  4.08
  330,    1.84205E-01,   1.88967E-01,  2.59
  331,    1.01430E-01,   1.05935E-01,  4.44
  332,    6.69656E-02,   6.86409E-02,  2.50
  333,    3.76459E-02,   3.59621E-02,  -4.47
  334,    5.08173E-02,   5.00810E-02,  -1.45
  335,    4.43708E-02,   3.89285E-02,  -12.27
  336,    2.39373E-02,   2.25492E-02,  -5.80
  337,    3.91844E-02,   3.70487E-02,  -5.45
  338,    2.76876E-02,   2.71099E-02,  -2.09
  339,    1.84457E-02,   1.90855E-02,  3.47
  340,    2.23618E-02,   2.47140E-02,  10.52
  341,    1.70212E-02,   1.84666E-02,  8.49
  342,    4.82802E+01,   1.56656E+01,  -67.55
  343,    8.77579E+00,   3.77621E+00,  -56.97
  344,    2.45714E+00,   1.38159E+00,  -43.77
  345,    9.03480E-01,   6.95259E-01,  -23.05
  346,    1.82202E-01,   3.67994E-01,  101.97
  347,    5.68158E-01,   2.20884E-01,  -61.12
  348,    1.66081E-01,   1.54083E-01,  -7.22
  349,    1.09426E-01,   1.04535E-01,  -4.47
  350,    3.16558E-01,   3.14914E-01,  -0.52
  351,    1.79875E-01,   1.85244E-01,  2.98
  352,    1.09995E-01,   1.12426E-01,  2.21
  353,    5.94460E-02,   6.12851E-02,  3.09
  354,    3.31911E-02,   3.20690E-02,  -3.38
  355,    5.25062E-02,   5.05016E-02,  -3.82
  356,    4.42747E-02,   4.03864E-02,  -8.78
  357,    2.24154E-02,   2.19330E-02,  -2.15
  358,    3.92747E-02,   3.74490E-02,  -4.65
  359,    2.48500E-02,   2.42128E-02,  -2.56
  360,    1.74309E-02,   1.81369E-02,  4.05
  361,    2.08296E-02,   2.31204E-02,  11.00
  362,    1.74077E-02,   1.88132E-02,  8.07
  363,    4.38445E+01,   1.37515E+01,  -68.64
  364,    7.49710E+00,   3.36581E+00,  -55.11
  365,    2.15001E+00,   1.36897E+00,  -36.33
  366,    9.91793E-01,   6.29906E-01,  -36.49
  367,    1.39811E-01,   3.40693E-01,  143.68
  368,    5.69839E-01,   2.22540E-01,  -60.95
  369,    1.61607E-01,   1.44091E-01,  -10.84
  370,    1.27958E-01,   1.15656E-01,  -9.61
  371,    3.73491E-01,   3.56077E-01,  -4.66
  372,    1.82501E-01,   1.83976E-01,  0.81
  373,    1.07117E-01,   1.10504E-01,  3.16
  374,    5.49832E-02,   5.31924E-02,  -3.26
  375,    3.14264E-02,   3.20542E-02,  2.00
  376,    5.80390E-02,   5.66078E-02,  -2.47
  377,    3.50537E-02,   3.36304E-02,  -4.06
  378,    2.26806E-02,   2.25601E-02,  -0.53
  379,    3.84461E-02,   3.75891E-02,  -2.23
  380,    2.28213E-02,   2.30411E-02,  0.96
  381,    1.63110E-02,   1.76536E-02,  8.23
  382,    2.02806E-02,   2.22409E-02,  9.67
  383,    4.16206E+01,   1.44701E+01,  -65.23
  384,    6.32291E+00,   3.92825E+00,  -37.87
  385,    2.42941E+00,   1.46143E+00,  -39.84
  386,    9.34296E-01,   6.78420E-01,  -27.39
  387,    2.53052E-01,   4.01880E-01,  58.81
  388,    4.70146E-01,   2.43114E-01,  -48.29
  389,    2.05146E-01,   1.85867E-01,  -9.40
  390,    1.38997E-01,   1.35113E-01,  -2.79
  391,    3.64430E-01,   3.62972E-01,  -0.40
  392,    1.98949E-01,   2.02137E-01,  1.60
  393,    9.42916E-02,   1.01852E-01,  8.02
  394,    4.87184E-02,   4.87923E-02,  0.15
  395,    3.58201E-02,   3.73409E-02,  4.25
  396,    6.18732E-02,   5.89493E-02,  -4.73
  397,    3.14527E-02,   3.17104E-02,  0.82
  398,    2.36043E-02,   2.35453E-02,  -0.25
  399,    3.66439E-02,   3.60975E-02,  -1.49
  400,    2.19586E-02,   2.28949E-02,  4.26
  401,    1.62634E-02,   1.81588E-02,  11.65
  402,    2.03385E-02,   2.24932E-02,  10.59
  403,    3.15710E+01,   1.38244E+01,  -56.21
  404,    7.42207E+00,   3.41452E+00,  -54.00
  405,    2.14589E+00,   1.26493E+00,  -41.05
  406,    8.45372E-01,   6.53168E-01,  -22.74
  407,    2.44612E-01,   3.60652E-01,  47.44
  408,    4.92168E-01,   2.58765E-01,  -47.42
  409,    1.99963E-01,   1.80564E-01,  -9.70
  410,    1.13386E-01,   1.09959E-01,  -3.02
  411,    3.50445E-01,   3.50307E-01,  -0.04
  412,    1.83315E-01,   1.91993E-01,  4.73
  413,    8.18915E-02,   8.38033E-02,  2.33
  414,    4.43376E-02,   4.64273E-02,  4.71
  415,    3.74022E-02,   3.81679E-02,  2.05
  416,    6.16918E-02,   5.94900E-02,  -3.57
  417,    2.91736E-02,   3.01919E-02,  3.49
  418,    2.26963E-02,   2.29924E-02,  1.30
  419,    3.60432E-02,   3.63937E-02,  0.97
  420,    2.23686E-02,   2.34190E-02,  4.70
  421,    1.57647E-02,   1.76106E-02,  11.71
  422,    1.92219E-02,   2.07796E-02,  8.10
  423,    4.08932E+01,   1.31837E+01,  -67.76
  424,    6.90435E+00,   3.18700E+00,  -53.84
  425,    1.99952E+00,   1.33052E+00,  -33.46
  426,    8.46089E-01,   6.45852E-01,  -23.67
  427,    3.85740E-01,   4.25336E-01,  10.27
  428,    4.86175E-01,   2.81441E-01,  -42.11
  429,    1.78218E-01,   1.64740E-01,  -7.56
  430,    1.34689E-01,   1.25120E-01,  -7.10
  431,    3.74887E-01,   3.62213E-01,  -3.38
  432,    1.54621E-01,   1.64328E-01,  6.28
  433,    7.03302E-02,   6.95813E-02,  -1.06
  434,    4.76763E-02,   4.97064E-02,  4.26
  435,    3.89113E-02,   3.73748E-02,  -3.95
  436,    5.12519E-02,   5.02625E-02,  -1.93
  437,    3.10974E-02,   3.16634E-02,  1.82
  438,    1.97023E-02,   2.02937E-02,  3.00
  439,    3.20080E-02,   3.27689E-02,  2.38
  440,    2.10656E-02,   2.26398E-02,  7.47
  441,    1.54380E-02,   1.70247E-02,  10.28
  442,    1.94699E-02,   2.07718E-02,  6.69
  443,    3.69067E+01,   1.26453E+01,  -65.74
  444,    6.11714E+00,   3.45714E+00,  -43.48
  445,    1.96900E+00,   1.37780E+00,  -30.03
  446,    1.11223E+00,   8.07400E-01,  -27.41
  447,    4.54019E-01,   4.99738E-01,  10.07
  448,    4.47306E-01,   2.79452E-01,  -37.53
  449,    2.22446E-01,   2.04308E-01,  -8.15
  450,    1.42246E-01,   1.39178E-01,  -2.16
  451,    3.65735E-01,   3.74241E-01,  2.33
  452,    1.39970E-01,   1.43433E-01,  2.47
  453,    6.62039E-02,   7.02110E-02,  6.05
  454,    5.30261E-02,   5.45677E-02,  2.91
  455,    4.62791E-02,   4.51872E-02,  -2.36
  456,    4.34874E-02,   4.46797E-02,  2.74
  457,    3.12419E-02,   3.11603E-02,  -0.26
  458,    1.85895E-02,   1.90981E-02,  2.74
  459,    3.09585E-02,   3.19227E-02,  3.11
  460,    2.11322E-02,   2.26424E-02,  7.15
  461,    1.56539E-02,   1.70852E-02,  9.14
  462,    2.06630E-02,   2.18400E-02,  5.70
  463,    3.06150E+01,   1.26565E+01,  -58.66
  464,    5.59096E+00,   3.23864E+00,  -42.07
  465,    2.54020E+00,   1.54079E+00,  -39.34
  466,    1.17197E+00,   8.58548E-01,  -26.74
  467,    3.70809E-01,   4.50396E-01,  21.46
  468,    5.48992E-01,   3.13718E-01,  -42.86
  469,    2.29461E-01,   2.06078E-01,  -10.19
  470,    1.23286E-01,   1.28070E-01,  3.88
  471,    3.23268E-01,   3.46336E-01,  7.14
  472,    1.25831E-01,   1.26280E-01,  0.36
  473,    7.66221E-02,   8.22762E-02,  7.38
  474,    5.95566E-02,   5.85644E-02,  -1.67
  475,    3.93403E-02,   3.87299E-02,  -1.55
  476,    4.23110E-02,   4.44067E-02,  4.95
  477,    3.11593E-02,   3.16229E-02,  1.49
  478,    1.91772E-02,   1.96956E-02,  2.70
  479,    3.08001E-02,   3.14689E-02,  2.17
  480,    2.13899E-02,   2.31185E-02,  8.08
  481,    1.53893E-02,   1.63680E-02,  6.36
  482,    2.96490E+01,   1.18505E+01,  -60.03
  483,    7.54684E+00,   3.55530E+00,  -52.89
  484,    2.69279E+00,   1.64134E+00,  -39.05
  485,    1.10216E+00,   7.80515E-01,  -29.18
  486,    3.55291E-01,   5.08753E-01,  43.19
  487,    7.24874E-01,   3.19480E-01,  -55.93
  488,    2.01173E-01,   1.91771E-01,  -4.67
  489,    1.09193E-01,   1.08382E-01,  -0.74
  490,    2.85219E-01,   2.82609E-01,  -0.92
  491,    1.14398E-01,   1.20182E-01,  5.06
  492,    8.33429E-02,   8.73714E-02,  4.83
  493,    6.73928E-02,   6.81300E-02,  1.09
  494,    3.10131E-02,   3.20966E-02,  3.49
  495,    4.63897E-02,   4.84871E-02,  4.52
  496,    2.79575E-02,   2.89304E-02,  3.48
  497,    1.93758E-02,   1.97658E-02,  2.01
  498,    3.14156E-02,   3.22208E-02,  2.56
  499,    2.10809E-02,   2.24252E-02,  6.38
  500,    1.58374E-02,   1.64138E-02,  3.64
  501,    4.24601E+01,   1.25023E+01,  -70.56
  502,    7.85526E+00,   3.71692E+00,  -52.68
  503,    2.59148E+00,   1.47779E+00,  -42.98
  504,    1.40339E+00,   8.68155E-01,  -38.14
  505,    2.69711E-01,   5.12182E-01,  89.90
  506,    8.16428E-01,   2.94559E-01,  -63.92
  507,    1.79430E-01,   1.60002E-01,  -10.83
  508,    9.71550E-02,   8.13641E-02,  -16.25
  509,    2.52782E-01,   2.33380E-01,  -7.68
  510,    1.31542E-01,   1.36246E-01,  3.58
  511,    9.25395E-02,   9.11210E-02,  -1.53
  512,    5.65087E-02,   5.69228E-02,  0.73
  513,    3.04459E-02,   3.30460E-02,  8.54
  514,    4.72243E-02,   4.82636E-02,  2.20
  515,    2.64648E-02,   2.75042E-02,  3.93
  516,    1.95223E-02,   2.00526E-02,  2.72
  517,    3.12206E-02,   3.22184E-02,  3.20
  518,    2.13894E-02,   2.24662E-02,  5.03
  519,    1.68177E-02,   1.69131E-02,  0.57
  520,    3.41563E+01,   1.30526E+01,  -61.79
  521,    6.58037E+00,   3.39086E+00,  -48.47
  522,    2.85394E+00,   1.63351E+00,  -42.76
  523,    1.32024E+00,   8.67791E-01,  -34.27
  524,    2.97713E-01,   4.68008E-01,  57.20
  525,    5.38794E-01,   2.40882E-01,  -55.29
  526,    1.39096E-01,   1.15582E-01,  -16.90
  527,    7.57013E-02,   7.31570E-02,  -3.36
  528,    2.18441E-01,   2.13822E-01,  -2.11
  529,    1.42850E-01,   1.43219E-01,  0.26
  530,    1.04678E-01,   1.04462E-01,  -0.21
  531,    4.50503E-02,   4.63175E-02,  2.81
  532,    3.05649E-02,   3.22504E-02,  5.51
  533,    4.68946E-02,   4.80020E-02,  2.36
  534,    2.70807E-02,   2.77405E-02,  2.44
  535,    1.89779E-02,   1.93181E-02,  1.79
  536,    3.05025E-02,   3.14028E-02,  2.95
  537,    2.15553E-02,   2.20238E-02,  2.17
  538,    1.75997E-02,   1.72575E-02,  -1.94
  539,    3.19448E+01,   1.30075E+01,  -59.28
  540,    7.93482E+00,   4.10194E+00,  -48.30
  541,    3.00330E+00,   1.82823E+00,  -39.13
  542,    1.13693E+00,   8.99410E-01,  -20.89
  543,    2.05482E-01,   4.32753E-01,  110.60
  544,    5.13137E-01,   1.94075E-01,  -62.18
  545,    1.19034E-01,   1.15397E-01,  -3.06
  546,    7.44040E-02,   7.42093E-02,  -0.26
  547,    2.40615E-01,   2.48551E-01,  3.30
  548,    1.56809E-01,   1.53762E-01,  -1.94
  549,    8.71872E-02,   8.99512E-02,  3.17
  550,    4.46907E-02,   4.92700E-02,  10.25
  551,    3.42368E-02,   3.55429E-02,  3.81
  552,    4.33740E-02,   4.43818E-02,  2.32
  553,    2.79442E-02,   2.81726E-02,  0.82
  554,    1.95538E-02,   2.00795E-02,  2.69
  555,    3.21501E-02,   3.32647E-02,  3.47
  556,    2.18782E-02,   2.18872E-02,  0.04
  557,    3.82974E+01,   1.43476E+01,  -62.54
  558,    8.58222E+00,   4.20051E+00,  -51.06
  559,    2.70807E+00,   1.74283E+00,  -35.64
  560,    1.00591E+00,   7.54756E-01,  -24.97
  561,    1.33652E-01,   3.07227E-01,  129.87
  562,    4.86496E-01,   1.66892E-01,  -65.70
  563,    1.16760E-01,   1.01621E-01,  -12.97
  564,    1.05913E-01,   9.87997E-02,  -6.72
  565,    2.82124E-01,   2.71408E-01,  -3.80
  566,    1.88030E-01,   1.82284E-01,  -3.06
  567,    7.33085E-02,   7.53046E-02,  2.72
  568,    4.74624E-02,   5.00570E-02,  5.47
  569,    3.83079E-02,   3.88317E-02,  1.37
  570,    4.16925E-02,   4.25087E-02,  1.96
  571,    2.93357E-02,   2.88054E-02,  -1.81
  572,    2.03250E-02,   2.02861E-02,  -0.19
  573,    3.25848E-02,   3.23184E-02,  -0.82
  574,    2.32618E-02,   2.20576E-02,  -5.18
  575,    3.06917E+01,   1.49236E+01,  -51.38
  576,    5.57527E+00,   4.22574E+00,  -24.21
  577,    1.77954E+00,   1.52782E+00,  -14.15
  578,    6.51715E-01,   5.35333E-01,  -17.86
  579,    1.22119E-01,   2.50911E-01,  105.46
  580,    2.99050E-01,   1.39117E-01,  -53.48
  581,    1.29912E-01,   1.27180E-01,  -2.10
  582,    7.71218E-02,   6.84564E-02,  -11.24
  583,    2.81795E-01,   2.56231E-01,  -9.07
  584,    1.40823E-01,   1.37690E-01,  -2.22
  585,    6.60604E-02,   7.01868E-02,  6.25
  586,    4.80322E-02,   4.82273E-02,  0.41
  587,    3.00191E-02,   3.01334E-02,  0.38
  588,    4.15528E-02,   4.17228E-02,  0.41
  589,    2.76315E-02,   2.69848E-02,  -2.34
  590,    2.04332E-02,   1.96094E-02,  -4.03
  591,    3.21279E-02,   3.08215E-02,  -4.07
  592,    2.37388E-02,   2.16526E-02,  -8.79
  593,    2.82199E+01,   1.85325E+01,  -34.33
  594,    5.21130E+00,   4.88541E+00,  -6.25
  595,    1.56605E+00,   1.43179E+00,  -8.57
  596,    5.72462E-01,   5.66646E-01,  -1.02
  597,    1.76971E-01,   2.79649E-01,  58.02
  598,    3.34841E-01,   2.36334E-01,  -29.42
  599,    1.32818E-01,   1.21686E-01,  -8.38
  600,    1.26665E-01,   1.22606E-01,  -3.20
  601,    3.23660E-01,   3.19871E-01,  -1.17
  602,    1.12088E-01,   1.17418E-01,  4.76
  603,    6.67424E-02,   7.25806E-02,  8.75
  604,    5.08003E-02,   5.29718E-02,  4.27
  605,    2.72923E-02,   2.85196E-02,  4.50
  606,    4.16490E-02,   4.10532E-02,  -1.43
  607,    2.77499E-02,   2.69937E-02,  -2.72
  608,    2.03417E-02,   1.87942E-02,  -7.61
  609,    3.29427E-02,   3.10751E-02,  -5.67
  610,    2.57314E-02,   2.26358E-02,  -12.03
  611,    2.38875E+01,   1.81190E+01,  -24.15
  612,    4.41358E+00,   3.85972E+00,  -12.55
  613,    1.29953E+00,   1.24125E+00,  -4.49
  614,    5.60187E-01,   5.33195E-01,  -4.82
  615,    3.87876E-01,   4.10278E-01,  5.78
  616,    2.58467E-01,   2.00740E-01,  -22.33
  617,    2.11006E-01,   1.92424E-01,  -8.81
  618,    1.19297E-01,   1.17446E-01,  -1.55
  619,    2.93383E-01,   2.96657E-01,  1.12
  620,    1.22231E-01,   1.34179E-01,  9.77
  621,    8.06615E-02,   8.54828E-02,  5.98
  622,    4.70720E-02,   5.02007E-02,  6.65
  623,    3.13164E-02,   3.23824E-02,  3.40
  624,    4.31678E-02,   4.27164E-02,  -1.05
  625,    2.89400E-02,   2.75124E-02,  -4.93
  626,    1.97790E-02,   1.79113E-02,  -9.44
  627,    3.36847E-02,   3.02771E-02,  -10.12
  628,    1.67942E+01,   1.36962E+01,  -18.45
  629,    3.07161E+00,   2.95170E+00,  -3.90
  630,    1.08454E+00,   1.02684E+00,  -5.32
  631,    7.31747E-01,   6.92968E-01,  -5.30
  632,    3.66913E-01,   3.17306E-01,  -13.52
  633,    3.27837E-01,   2.86716E-01,  -12.54
  634,    1.69613E-01,   1.67917E-01,  -1.00
  635,    8.09325E-02,   8.27159E-02,  2.20
  636,    2.31591E-01,   2.42834E-01,  4.85
  637,    1.24665E-01,   1.37494E-01,  10.29
  638,    8.57160E-02,   9.35706E-02,  9.16
  639,    4.33129E-02,   4.74906E-02,  9.65
  640,    3.19547E-02,   3.32718E-02,  4.12
  641,    4.37952E-02,   4.35334E-02,  -0.60
  642,    3.06382E-02,   2.89580E-02,  -5.48
  643,    2.15092E-02,   1.94556E-02,  -9.55
  644,    3.42349E-02,   3.03461E-02,  -11.36
  645,    9.89550E+00,   1.07433E+01,  8.57
  646,    2.38184E+00,   2.34260E+00,  -1.65
  647,    1.39654E+00,   1.25618E+00,  -10.05
  648,    6.61919E-01,   5.19332E-01,  -21.54
  649,    5.03590E-01,   4.33283E-01,  -13.96
  650,    2.93625E-01,   2.41097E-01,  -17.89
  651,    1.16914E-01,   1.13337E-01,  -3.06
  652,    7.23241E-02,   7.56131E-02,  4.55
  653,    2.19162E-01,   2.39012E-01,  9.06
  654,    1.30039E-01,   1.40611E-01,  8.13
  655,    6.85258E-02,   7.76549E-02,  13.32
  656,    4.31907E-02,   4.74994E-02,  9.98
  657,    2.99446E-02,   3.15145E-02,  5.24
  658,    4.31238E-02,   4.36006E-02,  1.11
  659,    2.98551E-02,   2.80011E-02,  -6.21
  660,    2.25431E-02,   1.98025E-02,  -12.16
  661,    3.65465E-02,   3.16199E-02,  -13.48
  662,    7.08428E+00,   8.63697E+00,  21.92
  663,    2.89216E+00,   2.63907E+00,  -8.75
  664,    1.21571E+00,   8.90384E-01,  -26.76
  665,    8.93043E-01,   6.51472E-01,  -27.05
  666,    2.57100E-01,   3.36307E-01,  30.81
  667,    3.13606E-01,   1.48497E-01,  -52.65
  668,    1.00731E-01,   9.48374E-02,  -5.85
  669,    7.36282E-02,   7.30112E-02,  -0.84
  670,    2.12331E-01,   2.19704E-01,  3.47
  671,    1.30740E-01,   1.38783E-01,  6.15
  672,    6.02286E-02,   6.64366E-02,  10.31
  673,    4.17568E-02,   4.43992E-02,  6.33
  674,    2.89149E-02,   2.95157E-02,  2.08
  675,    4.07218E-02,   4.10370E-02,  0.77
  676,    2.70620E-02,   2.48618E-02,  -8.13
  677,    2.15469E-02,   1.86275E-02,  -13.55
  678,    3.70290E-02,   3.16364E-02,  -14.56
  679,    8.79268E+00,   1.07593E+01,  22.37
  680,    2.54118E+00,   2.21207E+00,  -12.95
  681,    1.74784E+00,   1.26310E+00,  -27.73
  682,    6.85082E-01,   5.73979E-01,  -16.22
  683,    9.80398E-02,   2.29667E-01,  134.26
  684,    3.19806E-01,   1.37194E-01,  -57.10
  685,    1.07180E-01,   1.01290E-01,  -5.50
  686,    6.78824E-02,   6.35383E-02,  -6.40
  687,    2.20046E-01,   2.15235E-01,  -2.19
  688,    1.04101E-01,   1.11172E-01,  6.79
  689,    5.97977E-02,   6.44901E-02,  7.85
  690,    3.92570E-02,   4.09835E-02,  4.40
  691,    2.71704E-02,   2.78898E-02,  2.65
  692,    4.00146E-02,   3.96549E-02,  -0.90
  693,    2.61179E-02,   2.48927E-02,  -4.69
  694,    2.11287E-02,   1.81378E-02,  -14.16
  695,    8.51856E+00,   9.32023E+00,  9.41
  696,    3.76990E+00,   3.14123E+00,  -16.68
  697,    1.38552E+00,   1.12741E+00,  -18.63
  698,    4.72214E-01,   3.78542E-01,  -19.84
  699,    3.79685E-01,   1.36581E-01,  -64.03
  700,    1.03746E-01,   8.14717E-02,  -21.47
  701,    8.84052E-02,   7.31555E-02,  -17.25
  702,    6.38813E-02,   1.99668E-01,  212.56
  703,    2.34054E-01,   2.15867E-01,  -7.77
  704,    9.64497E-02,   9.61855E-02,  -0.27
  705,    6.11518E-02,   6.11089E-02,  -0.07
  706,    3.98833E-02,   3.89226E-02,  -2.41
  707,    2.58941E-02,   2.48425E-02,  -4.06
  708,    3.89861E-02,   3.62918E-02,  -6.91
  709,    2.69907E-02,   2.41973E-02,  -10.35
  710,    1.67956E+01,   1.85907E+01,  10.69
  711,    3.93603E+00,   4.52296E+00,  14.91
  712,    1.17817E+00,   1.20983E+00,  2.69
  713,    5.67485E-01,   5.37762E-01,  -5.24
  714,    2.37236E-01,   3.29216E-01,  38.77
  715,    3.31717E-01,   1.82418E-01,  -45.01
  716,    1.69616E-01,   1.54563E-01,  -8.87
  717,    9.37500E-02,   9.21130E-02,  -1.75
  718,    2.30507E-01,   2.22778E-01,  -3.35
  719,    1.20047E-01,   1.18566E-01,  -1.23
  720,    7.20498E-02,   7.09306E-02,  -1.55
  721,    4.71842E-02,   4.57757E-02,  -2.99
  722,    3.35480E-02,   3.19921E-02,  -4.64
  723,    4.16027E-02,   3.85131E-02,  -7.43
  724,    3.09103E-02,   2.73131E-02,  -11.64
  725,    1.11676E+01,   1.42982E+01,  28.03
  726,    2.19845E+00,   2.59104E+00,  17.86
  727,    9.13035E-01,   9.12396E-01,  -0.07
  728,    5.31806E-01,   4.82762E-01,  -9.22
  729,    2.15799E-01,   2.43522E-01,  12.85
  730,    2.88455E-01,   1.92076E-01,  -33.41
  731,    1.14386E-01,   1.09001E-01,  -4.71
  732,    6.52320E-02,   6.44301E-02,  -1.23
  733,    2.13195E-01,   2.13505E-01,  0.15
  734,    1.23952E-01,   1.24797E-01,  0.68
  735,    7.43755E-02,   7.44594E-02,  0.11
  736,    4.60745E-02,   4.48766E-02,  -2.60
  737,    3.48140E-02,   3.31943E-02,  -4.65
  738,    4.40071E-02,   4.05948E-02,  -7.75
  739,    3.26938E-02,   2.79245E-02,  -14.59
  740,    1.45624E+01,   1.62471E+01,  11.57
  741,    3.87921E+00,   3.93028E+00,  1.32
  742,    2.00283E+00,   1.71566E+00,  -14.34
  743,    9.35157E-01,   7.71682E-01,  -17.48
  744,    4.28887E-01,   5.59794E-01,  30.52
  745,    5.35372E-01,   3.00635E-01,  -43.85
  746,    1.69178E-01,   1.70591E-01,  0.84
  747,    1.22778E-01,   1.24893E-01,  1.72
  748,    2.95345E-01,   3.01497E-01,  2.08
  749,    1.60030E-01,   1.65869E-01,  3.65
  750,    9.53733E-02,   9.95852E-02,  4.42
  751,    6.40765E-02,   6.55405E-02,  2.28
  752,    3.95353E-02,   3.89016E-02,  -1.60
  753,    5.81647E-02,   5.70173E-02,  -1.97
  754,    1.31056E+01,   1.32280E+01,  0.93
  755,    4.77626E+00,   3.71876E+00,  -22.14
  756,    2.07477E+00,   1.37626E+00,  -33.67
  757,    1.30047E+00,   8.85240E-01,  -31.93
  758,    2.83145E-01,   4.43514E-01,  56.64
  759,    5.90093E-01,   2.40199E-01,  -59.29
  760,    2.04505E-01,   1.70198E-01,  -16.78
  761,    1.40413E-01,   1.21665E-01,  -13.35
  762,    3.94026E-01,   3.71864E-01,  -5.62
  763,    2.13369E-01,   2.05977E-01,  -3.46
  764,    1.18608E-01,   1.16386E-01,  -1.87
  765,    8.40657E-02,   8.20887E-02,  -2.35
  766,    5.06893E-02,   5.01683E-02,  -1.03
  767,    6.94621E-02,   6.62703E-02,  -4.59
  768,    1.21473E+01,   1.20279E+01,  -0.98
  769,    3.39929E+00,   2.72293E+00,  -19.90
  770,    1.98238E+00,   1.36748E+00,  -31.02
  771,    7.77106E-01,   6.02872E-01,  -22.42
  772,    1.71175E-01,   3.01727E-01,  76.27
  773,    4.39087E-01,   2.03018E-01,  -53.76
  774,    1.62261E-01,   1.40020E-01,  -13.71
  775,    1.13441E-01,   1.00854E-01,  -11.10
  776,    3.60388E-01,   3.22554E-01,  -10.50
  777,    1.96316E-01,   1.82793E-01,  -6.89
  778,    1.20394E-01,   1.14834E-01,  -4.62
  779,    6.97173E-02,   6.57587E-02,  -5.68
  780,    5.05887E-02,   5.11705E-02,  1.15
  781,    7.48064E-02,   7.26073E-02,  -2.94
  782,    9.51800E+00,   9.95446E+00,  4.59
  783,    3.52661E+00,   2.97559E+00,  -15.62
  784,    1.25238E+00,   1.05026E+00,  -16.14
  785,    5.38351E-01,   4.64200E-01,  -13.77
  786,    1.75711E-01,   2.89513E-01,  64.77
  787,    3.80979E-01,   1.90228E-01,  -50.07
  788,    1.47120E-01,   1.32760E-01,  -9.76
  789,    9.73818E-02,   8.89355E-02,  -8.67
  790,    3.10154E-01,   2.87306E-01,  -7.37
  791,    1.59645E-01,   1.52946E-01,  -4.20
  792,    1.04328E-01,   1.03513E-01,  -0.78
  793,    5.94718E-02,   6.09587E-02,  2.50
  794,    4.46862E-02,   4.71488E-02,  5.51
  795,    1.07297E+01,   1.20637E+01,  12.43
  796,    2.60551E+00,   2.61092E+00,  0.21
  797,    9.77850E-01,   9.18270E-01,  -6.09
  798,    5.65629E-01,   5.02345E-01,  -11.19
  799,    2.41966E-01,   3.05138E-01,  26.11
  800,    3.24049E-01,   2.02962E-01,  -37.37
  801,    1.42596E-01,   1.31709E-01,  -7.63
  802,    1.08078E-01,   1.04169E-01,  -3.62
  803,    3.00082E-01,   2.89207E-01,  -3.62
  804,    1.71920E-01,   1.71214E-01,  -0.41
  805,    9.15940E-02,   9.40809E-02,  2.72
  806,    6.33555E-02,   7.07933E-02,  11.74
  807,    4.34306E-02,   4.65510E-02,  7.18
  808,    7.77629E+00,   9.61610E+00,  23.66
  809,    1.92329E+00,   2.03394E+00,  5.75
  810,    9.67088E-01,   8.66885E-01,  -10.36
  811,    5.37815E-01,   4.58708E-01,  -14.71
  812,    2.54371E-01,   2.82042E-01,  10.88
  813,    2.74375E-01,   1.74351E-01,  -36.46
  814,    1.47296E-01,   1.32887E-01,  -9.78
  815,    9.00716E-02,   8.19667E-02,  -9.00
  816,    2.80558E-01,   2.64613E-01,  -5.68
  817,    1.71164E-01,   1.69748E-01,  -0.83
  818,    9.03551E-02,   9.56332E-02,  5.84
  819,    6.50338E-02,   7.18233E-02,  10.44
  820,    4.61509E-02,   5.13223E-02,  11.21
  821,    8.37240E+00,   1.05462E+01,  25.96
  822,    2.79498E+00,   2.71190E+00,  -2.97
  823,    1.36425E+00,   1.13938E+00,  -16.48
  824,    7.50799E-01,   6.22495E-01,  -17.09
  825,    2.91485E-01,   3.60034E-01,  23.52
  826,    4.50793E-01,   2.61794E-01,  -41.93
  827,    1.78233E-01,   1.55975E-01,  -12.49
  828,    1.34518E-01,   1.18630E-01,  -11.81
  829,    3.70616E-01,   3.40127E-01,  -8.23
  830,    1.83500E-01,   1.76172E-01,  -3.99
  831,    1.16698E-01,   1.26685E-01,  8.56
  832,    7.58889E-02,   8.06434E-02,  6.27
  833,    7.66502E+00,   9.55128E+00,  24.61
  834,    2.48971E+00,   2.26483E+00,  -9.03
  835,    1.20641E+00,   9.76905E-01,  -19.02
  836,    6.49498E-01,   5.04500E-01,  -22.32
  837,    3.01735E-01,   3.41915E-01,  13.32
  838,    3.60084E-01,   1.94305E-01,  -46.04
  839,    1.74358E-01,   1.43202E-01,  -17.87
  840,    1.37061E-01,   1.20086E-01,  -12.38
  841,    4.00333E-01,   3.62422E-01,  -9.47
  842,    1.95263E-01,   1.92327E-01,  -1.50
  843,    1.29372E-01,   1.39117E-01,  7.53
  844,    8.68967E-02,   9.58908E-02,  10.35
  845,    5.70547E+00,   7.91976E+00,  38.81
  846,    1.90659E+00,   1.87176E+00,  -1.83
  847,    9.01092E-01,   7.66240E-01,  -14.97
  848,    5.43620E-01,   4.59856E-01,  -15.41
  849,    2.11083E-01,   2.43028E-01,  15.13
  850,    2.80896E-01,   1.71235E-01,  -39.04
  851,    1.56031E-01,   1.39223E-01,  -10.77
  852,    9.48318E-02,   8.53930E-02,  -9.95
  853,    3.02120E-01,   2.75638E-01,  -8.77
  854,    1.80510E-01,   1.88061E-01,  4.18
  855,    1.08508E-01,   1.15563E-01,  6.50
  856,    5.52423E+00,   7.88804E+00,  42.79
  857,    1.79776E+00,   1.78756E+00,  -0.57
  858,    9.50088E-01,   8.38531E-01,  -11.74
  859,    4.61608E-01,   3.90880E-01,  -15.32
  860,    2.34349E-01,   2.56857E-01,  9.60
  861,    3.02701E-01,   1.99810E-01,  -33.99
  862,    1.34365E-01,   1.18728E-01,  -11.64
  863,    8.82631E-02,   8.18224E-02,  -7.30
  864,    2.71833E-01,   2.63698E-01,  -2.99
  865,    1.69750E-01,   1.81333E-01,  6.82
  866,    1.05725E-01,   1.19503E-01,  13.03
  867,    5.70785E+00,   7.86783E+00,  37.84
  868,    1.97931E+00,   1.98136E+00,  0.10
  869,    8.23320E-01,   7.11070E-01,  -13.63
  870,    5.05127E-01,   4.11701E-01,  -18.50
  871,    2.71757E-01,   2.98212E-01,  9.73
  872,    2.84022E-01,   1.69124E-01,  -40.45
  873,    1.27322E-01,   1.12456E-01,  -11.68
  874,    9.79994E-02,   9.28803E-02,  -5.22
  875,    3.00939E-01,   3.01051E-01,  0.04
  876,    1.70370E-01,   1.75427E-01,  2.97
  877,    6.07137E+00,   8.48056E+00,  39.68
  878,    1.60104E+00,   1.62513E+00,  1.50
  879,    8.54563E-01,   7.29425E-01,  -14.64
  880,    5.53855E-01,   4.68146E-01,  -15.47
  881,    2.32038E-01,   2.47969E-01,  6.87
  882,    2.47654E-01,   1.57191E-01,  -36.53
  883,    1.35813E-01,   1.25674E-01,  -7.47
  884,    1.05678E-01,   1.04185E-01,  -1.41
  885,    3.11681E-01,   3.10024E-01,  -0.53
  886,    1.82920E-01,   1.91703E-01,  4.80
  887,    4.54372E+00,   6.56291E+00,  44.44
  888,    1.48054E+00,   1.52818E+00,  3.22
  889,    8.25334E-01,   7.57757E-01,  -8.19
  890,    4.06646E-01,   3.56410E-01,  -12.35
  891,    1.89750E-01,   2.10332E-01,  10.85
  892,    2.15815E-01,   1.60767E-01,  -25.51
  893,    1.28207E-01,   1.29208E-01,  0.78
  894,    8.74299E-02,   8.70697E-02,  -0.41
  895,    2.81295E-01,   2.79942E-01,  -0.48
  896,    5.34105E+00,   7.69911E+00,  44.15
  897,    1.86299E+00,   1.94311E+00,  4.30
  898,    7.69549E-01,   7.06371E-01,  -8.21
  899,    4.03310E-01,   3.67243E-01,  -8.94
  900,    2.22646E-01,   2.61827E-01,  17.60
  901,    2.56071E-01,   2.01309E-01,  -21.39
  902,    1.32216E-01,   1.31694E-01,  -0.40
  903,    9.60375E-02,   9.65242E-02,  0.51
  904,    2.95837E-01,   3.08162E-01,  4.17
  905,    5.24726E+00,   7.57107E+00,  44.29
  906,    1.33018E+00,   1.39612E+00,  4.96
  907,    5.80960E-01,   5.51941E-01,  -5.00
  908,    3.63987E-01,   3.47878E-01,  -4.43
  909,    2.21368E-01,   2.49927E-01,  12.90
  910,    1.86606E-01,   1.56872E-01,  -15.93
  911,    1.11113E-01,   1.10709E-01,  -0.36
  912,    9.01945E-02,   9.52616E-02,  5.62
  913,    4.30290E+00,   6.11191E+00,  42.04
  914,    1.10858E+00,   1.19489E+00,  7.79
  915,    6.05632E-01,   5.80328E-01,  -4.18
  916,    3.79821E-01,   3.71912E-01,  -2.08
  917,    1.98370E-01,   2.20009E-01,  10.91
  918,    1.83362E-01,   1.47968E-01,  -19.30
  919,    1.21171E-01,   1.22233E-01,  0.88
  920,    4.15210E+00,   6.25893E+00,  50.74
  921,    1.39602E+00,   1.43098E+00,  2.50
  922,    7.37753E-01,   6.94764E-01,  -5.83
  923,    4.00083E-01,   3.66216E-01,  -8.46
  924,    2.10898E-01,   2.27953E-01,  8.09
  925,    2.38774E-01,   1.77200E-01,  -25.79
  926,    4.45874E+00,   6.40039E+00,  43.55
  927,    1.41375E+00,   1.41152E+00,  -0.16
  928,    6.50217E-01,   5.59378E-01,  -13.97
  929,    3.79948E-01,   3.00114E-01,  -21.01
  930,    2.15155E-01,   2.10627E-01,  -2.10
  931,    4.53980E+00,   6.48992E+00,  42.96
  932,    1.23305E+00,   1.26849E+00,  2.87
  933,    6.01100E-01,   5.10389E-01,  -15.09
  934,    3.91204E-01,   3.05576E-01,  -21.89
  935,    4.14627E+00,   6.14947E+00,  48.31
  936,    1.23464E+00,   1.23264E+00,  -0.16
  937,    6.81599E-01,   5.49534E-01,  -19.38
  938,    4.35325E+00,   6.21367E+00,  42.74
  939,    1.51930E+00,   1.29535E+00,  -14.74
  940,    4.05453E+00,   5.54247E+00,  36.70

;-Resistivity in Ohm-m in the elemental sequential order

 3.80296E+02,  3.87064E+02,  3.77806E+02,  3.52820E+02,  3.27879E+02
 3.11673E+02,  3.06425E+02,  3.12666E+02,  3.31092E+02,  3.62246E+02
 4.04613E+02,  4.52086E+02,  4.93654E+02,  5.17517E+02,  5.16062E+02
 3.36852E+02,  3.36852E+02,  3.16634E+02,  3.16634E+02,  3.16634E+02
 3.16634E+02,  3.16634E+02,  3.16634E+02,  3.80296E+02,  3.87064E+02
 3.77806E+02,  3.52820E+02,  3.27879E+02,  3.11673E+02,  3.06425E+02
 3.12666E+02,  3.31092E+02,  3.62246E+02,  4.04613E+02,  4.52086E+02
 4.93654E+02,  5.17517E+02,  5.16062E+02,  3.36852E+02,  3.36852E+02
 3.16634E+02,  3.16634E+02,  3.16634E+02,  3.16634E+02,  3.16634E+02
 3.16634E+02,  3.80296E+02,  3.87064E+02,  3.77806E+02,  3.52820E+02
 3.27879E+02,  3.11673E+02,  3.06425E+02,  3.12666E+02,  3.31092E+02
 3.62246E+02,  4.04613E+02,  4.52086E+02,  4.93654E+02,  5.17517E+02
 5.16062E+02,  3.36852E+02,  3.36852E+02,  3.16634E+02,  3.16634E+02
 3.16634E+02,  3.16634E+02,  3.16634E+02,  3.16634E+02,  3.80296E+02
 3.87064E+02,  3.77806E+02,  3.52820E+02,  3.27879E+02,  3.11673E+02
 3.06425E+02,  3.12666E+02,  3.31092E+02,  3.62246E+02,  4.04613E+02
 4.52086E+02,  4.93654E+02,  5.17517E+02,  5.16062E+02,  3.36852E+02
 3.36852E+02,  3.16634E+02,  3.16634E+02,  3.16634E+02,  3.16634E+02
 3.16634E+02,  3.16634E+02,  3.80296E+02,  3.87064E+02,  3.77806E+02
 3.52820E+02,  3.27879E+02,  3.11673E+02,  3.06425E+02,  3.12666E+02
 3.31092E+02,  3.62246E+02,  4.04613E+02,  4.52086E+02,  4.93654E+02
 5.17517E+02,  5.16062E+02,  3.36852E+02,  3.36852E+02,  3.16634E+02
 3.16634E+02,  3.16634E+02,  3.16634E+02,  3.16634E+02,  3.16634E+02
 3.80296E+02,  3.87064E+02,  3.77806E+02,  3.52820E+02,  3.27879E+02
 3.11673E+02,  3.06425E+02,  3.12666E+02,  3.31092E+02,  3.62246E+02
 4.04613E+02,  4.52086E+02,  4.93654E+02,  5.17517E+02,  5.16062E+02
 3.36852E+02,  3.36852E+02,  3.16634E+02,  3.16634E+02,  3.16634E+02
 3.16634E+02,  3.16634E+02,  3.16634E+02,  5.93904E+02,  8.83431E+02
 1.14833E+03,  1.15062E+03,  1.00660E+03,  9.23833E+02,  9.88218E+02
 1.17306E+03,  1.33616E+03,  1.31987E+03,  1.11871E+03,  8.54249E+02
 6.29067E+02,  4.74504E+02,  3.78805E+02,  2.48684E+02,  2.48684E+02
 1.47212E+02,  1.47212E+02,  1.47212E+02,  1.47212E+02,  1.47212E+02
 1.47212E+02,  5.93904E+02,  8.83431E+02,  1.14833E+03,  1.15062E+03
 1.00660E+03,  9.23833E+02,  9.88218E+02,  1.17306E+03,  1.33616E+03
 1.31987E+03,  1.11871E+03,  8.54249E+02,  6.29067E+02,  4.74504E+02
 3.78805E+02,  2.48684E+02,  2.48684E+02,  1.47212E+02,  1.47212E+02
 1.47212E+02,  1.47212E+02,  1.47212E+02,  1.47212E+02,  3.43150E+02
 3.35483E+02,  4.22764E+02,  6.76762E+02,  9.06030E+02,  9.40497E+02
 8.91754E+02,  8.24464E+02,  7.49353E+02,  6.72521E+02,  6.00348E+02
 5.36835E+02,  4.84209E+02,  4.43443E+02,  4.16032E+02,  3.75931E+02
 3.75931E+02,  3.30502E+02,  3.30502E+02,  3.30502E+02,  3.30502E+02
 3.30502E+02,  3.30502E+02,  3.47466E+02,  2.53370E+02,  2.52449E+02
 4.12840E+02,  6.76996E+02,  8.53029E+02,  8.80282E+02,  8.34949E+02
 7.62132E+02,  6.81944E+02,  6.05692E+02,  5.39096E+02,  4.84591E+02
 4.42908E+02,  4.15297E+02,  3.79597E+02,  3.79597E+02,  3.37917E+02
 3.37917E+02,  3.37917E+02,  3.37917E+02,  3.37917E+02,  3.37917E+02
 4.42684E+02,  1.55379E+02,  1.89558E+02,  3.55499E+02,  6.07517E+02
 8.54565E+02,  9.49781E+02,  9.17007E+02,  8.29274E+02,  7.26984E+02
 6.30693E+02,  5.49553E+02,  4.86084E+02,  4.39742E+02,  4.09685E+02
 3.68165E+02,  3.68165E+02,  3.27658E+02,  3.27658E+02,  3.27658E+02
 3.27658E+02,  3.27658E+02,  3.27658E+02,  3.57241E+02,  1.62759E+02
 1.61141E+02,  3.47178E+02,  6.28101E+02,  8.94148E+02,  1.02670E+03
 1.00187E+03,  8.99108E+02,  7.74610E+02,  6.57461E+02,  5.60809E+02
 4.87674E+02,  4.36140E+02,  4.03260E+02,  3.56806E+02,  3.56806E+02
 3.17702E+02,  3.17702E+02,  3.17702E+02,  3.17702E+02,  3.17702E+02
 3.17702E+02,  3.41645E+02,  1.34718E+02,  1.63207E+02,  3.69230E+02
 7.08186E+02,  9.82914E+02,  1.11640E+03,  1.08486E+03,  9.64951E+02
 8.19689E+02,  6.82884E+02,  5.71149E+02,  4.88452E+02,  4.31690E+02
 3.96006E+02,  3.45278E+02,  3.45278E+02,  3.08050E+02,  3.08050E+02
 3.08050E+02,  3.08050E+02,  3.08050E+02,  3.08050E+02,  3.77503E+02
 1.85961E+02,  1.78188E+02,  4.08898E+02,  8.21436E+02,  1.10798E+03
 1.21445E+03,  1.15980E+03,  1.02057E+03,  8.57572E+02,  7.04191E+02
 5.79188E+02,  4.87865E+02,  4.26341E+02,  3.88197E+02,  3.34012E+02
 3.34012E+02,  2.99219E+02,  2.99219E+02,  2.99219E+02,  2.99219E+02
 2.99219E+02,  2.99219E+02,  3.72993E+02,  1.65030E+02,  1.91289E+02
 4.47172E+02,  9.36035E+02,  1.23854E+03,  1.30652E+03,  1.22029E+03
 1.06216E+03,  8.85755E+02,  7.19912E+02,  5.84193E+02,  4.85590E+02
 4.20008E+02,  3.79866E+02,  3.22933E+02,  3.22933E+02,  2.91100E+02
 2.91100E+02,  2.91100E+02,  2.91100E+02,  2.91100E+02,  2.91100E+02
 4.06115E+02,  1.81039E+02,  1.86112E+02,  4.56755E+02,  1.01056E+03
 1.33591E+03,  1.37349E+03,  1.25962E+03,  1.08685E+03,  9.02358E+02
 7.28775E+02,  5.85452E+02,  4.81304E+02,  4.12602E+02,  3.71043E+02
 3.12002E+02,  3.12002E+02,  2.83657E+02,  2.83657E+02,  2.83657E+02
 2.83657E+02,  2.83657E+02,  2.83657E+02,  3.39455E+02,  1.59915E+02
 1.79276E+02,  4.40799E+02,  1.01923E+03,  1.37036E+03,  1.39987E+03
 1.27208E+03,  1.09196E+03,  9.05381E+02,  7.29371E+02,  5.82242E+02
 4.74785E+02,  4.04192E+02,  3.61935E+02,  3.01498E+02,  3.01498E+02
 2.77161E+02,  2.77161E+02,  2.77161E+02,  2.77161E+02,  2.77161E+02
 2.77161E+02,  3.74075E+02,  1.72078E+02,  1.72217E+02,  4.09319E+02
 9.72975E+02,  1.34122E+03,  1.38539E+03,  1.26017E+03,  1.08044E+03
 8.96707E+02,  7.22499E+02,  5.74771E+02,  4.65988E+02,  3.94623E+02
 3.52318E+02,  2.90962E+02,  2.90962E+02,  2.71112E+02,  2.71112E+02
 2.71112E+02,  2.71112E+02,  2.71112E+02,  2.71112E+02,  3.58302E+02
 1.55184E+02,  1.62114E+02,  3.77948E+02,  9.05901E+02,  1.27524E+03
 1.34274E+03,  1.22989E+03,  1.05541E+03,  8.77725E+02,  7.08516E+02
 5.63000E+02,  4.54798E+02,  3.83798E+02,  3.42115E+02,  2.80237E+02
 2.80237E+02,  2.65358E+02,  2.65358E+02,  2.65358E+02,  2.65358E+02
 2.65358E+02,  2.65358E+02,  3.30063E+02,  1.55032E+02,  1.50420E+02
 3.49157E+02,  8.50061E+02,  1.20715E+03,  1.28799E+03,  1.18622E+03
 1.01781E+03,  8.48088E+02,  6.86900E+02,  5.46680E+02,  4.41292E+02
 3.71994E+02,  3.31714E+02,  2.69876E+02,  2.69876E+02,  2.60424E+02
 2.60424E+02,  2.60424E+02,  2.60424E+02,  2.60424E+02,  2.60424E+02
 4.15853E+02,  1.49592E+02,  1.46233E+02,  3.36509E+02,  8.32695E+02
 1.16480E+03,  1.23555E+03,  1.13568E+03,  9.71324E+02,  8.10060E+02
 6.58877E+02,  5.26374E+02,  4.25695E+02,  3.59279E+02,  3.21091E+02
 2.59773E+02,  2.59773E+02,  2.56136E+02,  2.56136E+02,  2.56136E+02
 2.56136E+02,  2.56136E+02,  2.56136E+02,  3.70340E+02,  1.64964E+02
 1.53292E+02,  3.51705E+02,  8.69751E+02,  1.16215E+03,  1.19364E+03
 1.08306E+03,  9.19288E+02,  7.65949E+02,  6.25751E+02,  5.02675E+02
 4.08245E+02,  3.45737E+02,  3.10260E+02,  2.49874E+02,  2.49874E+02
 2.52406E+02,  2.52406E+02,  2.52406E+02,  2.52406E+02,  2.52406E+02
 2.52406E+02,  4.28146E+02,  1.83051E+02,  1.73818E+02,  3.94495E+02
 9.55515E+02,  1.19435E+03,  1.16117E+03,  1.02924E+03,  8.63309E+02
 7.17325E+02,  5.88644E+02,  4.76268E+02,  3.89379E+02,  3.31692E+02
 2.99488E+02,  2.40465E+02,  2.40465E+02,  2.49485E+02,  2.49485E+02
 2.49485E+02,  2.49485E+02,  2.49485E+02,  2.49485E+02,  4.74425E+02
 1.95930E+02,  1.97345E+02,  4.46548E+02,  1.05227E+03,  1.23584E+03
 1.12990E+03,  9.73996E+02,  8.05625E+02,  6.66673E+02,  5.49340E+02
 4.48052E+02,  3.69358E+02,  3.17046E+02,  2.88479E+02,  2.31123E+02
 2.31123E+02,  2.46868E+02,  2.46868E+02,  2.46868E+02,  2.46868E+02
 2.46868E+02,  2.46868E+02,  3.32147E+02,  1.93627E+02,  2.11433E+02
 4.80722E+02,  1.10009E+03,  1.24650E+03,  1.08921E+03,  9.16286E+02
 7.47444E+02,  6.15505E+02,  5.09003E+02,  4.18680E+02,  3.48445E+02
 3.01846E+02,  2.77179E+02,  2.21741E+02,  2.21741E+02,  2.44408E+02
 2.44408E+02,  2.44408E+02,  2.44408E+02,  2.44408E+02,  2.44408E+02
 3.87856E+02,  1.90410E+02,  2.17010E+02,  4.81749E+02,  1.06147E+03
 1.19381E+03,  1.03095E+03,  8.55052E+02,  6.89236E+02,  5.64724E+02
 4.68582E+02,  3.88944E+02,  3.27274E+02,  2.86626E+02,  2.66072E+02
 2.12851E+02,  2.12851E+02,  2.42613E+02,  2.42613E+02,  2.42613E+02
 2.42613E+02,  2.42613E+02,  2.42613E+02,  3.62603E+02,  1.99846E+02
 2.13890E+02,  4.55857E+02,  9.54839E+02,  1.08301E+03,  9.56223E+02
 7.91741E+02,  6.32450E+02,  5.15647E+02,  4.29165E+02,  3.59581E+02
 3.06231E+02,  2.71525E+02,  2.55137E+02,  2.04390E+02,  2.04390E+02
 2.41331E+02,  2.41331E+02,  2.41331E+02,  2.41331E+02,  2.41331E+02
 2.41331E+02,  3.49404E+02,  1.92979E+02,  2.08350E+02,  4.23224E+02
 8.29744E+02,  9.53337E+02,  8.76367E+02,  7.30106E+02,  5.78922E+02
 4.69462E+02,  3.91625E+02,  3.31172E+02,  2.85636E+02,  2.56679E+02
 2.44394E+02,  1.96313E+02,  1.96313E+02,  2.40479E+02,  2.40479E+02
 2.40479E+02,  2.40479E+02,  2.40479E+02,  2.40479E+02,  4.38625E+02
 2.15462E+02,  2.09813E+02,  3.98534E+02,  7.27385E+02,  8.42540E+02
 8.04474E+02,  6.74212E+02,  5.30311E+02,  4.27166E+02,  3.56737E+02
 3.04337E+02,  2.65954E+02,  2.42438E+02,  2.34116E+02,  1.88872E+02
 1.88872E+02,  2.40301E+02,  2.40301E+02,  2.40301E+02,  2.40301E+02
 2.40301E+02,  2.40301E+02,  4.48107E+02,  2.20202E+02,  2.18141E+02
 3.92871E+02,  6.64981E+02,  7.67373E+02,  7.48860E+02,  6.26968E+02
 4.87572E+02,  3.89149E+02,  3.24773E+02,  2.79254E+02,  2.47205E+02
 2.28651E+02,  2.24016E+02,  1.81733E+02,  1.81733E+02,  2.40370E+02
 2.40370E+02,  2.40370E+02,  2.40370E+02,  2.40370E+02,  2.40370E+02
 3.52553E+02,  2.22452E+02,  2.34797E+02,  4.06905E+02,  6.38896E+02
 7.28999E+02,  7.13148E+02,  5.90103E+02,  4.51275E+02,  3.55638E+02
 2.95899E+02,  2.56066E+02,  2.29472E+02,  2.15326E+02,  2.14045E+02
 1.74799E+02,  1.74799E+02,  2.40561E+02,  2.40561E+02,  2.40561E+02
 2.40561E+02,  2.40561E+02,  2.40561E+02,  3.84054E+02,  2.28156E+02
 2.56384E+02,  4.28753E+02,  6.36784E+02,  7.22186E+02,  6.97633E+02
 5.64240E+02,  4.21800E+02,  3.26964E+02,  2.70469E+02,  2.35169E+02
 2.13183E+02,  2.02912E+02,  2.04660E+02,  1.68495E+02,  1.68495E+02
 2.41345E+02,  2.41345E+02,  2.41345E+02,  2.41345E+02,  2.41345E+02
 2.41345E+02,  3.92106E+02,  2.39608E+02,  2.71707E+02,  4.43663E+02
 6.47491E+02,  7.40083E+02,  7.00095E+02,  5.48496E+02,  3.98616E+02
 3.02805E+02,  2.48356E+02,  2.16568E+02,  1.98382E+02,  1.91428E+02
 1.95829E+02,  1.62766E+02,  1.62766E+02,  2.42614E+02,  2.42614E+02
 2.42614E+02,  2.42614E+02,  2.42614E+02,  2.42614E+02,  3.91723E+02
 2.38801E+02,  2.75853E+02,  4.49574E+02,  6.66173E+02,  7.76239E+02
 7.16694E+02,  5.41065E+02,  3.80859E+02,  2.82704E+02,  2.29335E+02
 2.00184E+02,  1.85057E+02,  1.80874E+02,  1.87545E+02,  1.57557E+02
 1.57557E+02,  2.44305E+02,  2.44305E+02,  2.44305E+02,  2.44305E+02
 2.44305E+02,  2.44305E+02,  3.94352E+02,  2.38029E+02,  2.73204E+02
 4.53310E+02,  6.92540E+02,  8.23076E+02,  7.41155E+02,  5.39216E+02
 3.67513E+02,  2.66248E+02,  2.13260E+02,  1.86033E+02,  1.73332E+02
 1.71442E+02,  1.80034E+02,  1.53059E+02,  1.53059E+02,  2.46661E+02
 2.46661E+02,  2.46661E+02,  2.46661E+02,  2.46661E+02,  2.46661E+02
 4.01040E+02,  2.28396E+02,  2.72264E+02,  4.63341E+02,  7.26294E+02
 8.68867E+02,  7.63818E+02,  5.38945E+02,  3.56983E+02,  2.52611E+02
 1.99632E+02,  1.73792E+02,  1.62953E+02,  1.62873E+02,  1.73003E+02
 1.48990E+02,  1.48990E+02,  2.49332E+02,  2.49332E+02,  2.49332E+02
 2.49332E+02,  2.49332E+02,  2.49332E+02,  3.71225E+02,  2.34888E+02
 2.80917E+02,  4.83077E+02,  7.60285E+02,  8.96440E+02,  7.73390E+02
 5.36171E+02,  3.47930E+02,  2.41193E+02,  1.88089E+02,  1.63227E+02
 1.53770E+02,  1.55062E+02,  1.66368E+02,  1.45239E+02,  1.45239E+02
 2.52216E+02,  2.52216E+02,  2.52216E+02,  2.52216E+02,  2.52216E+02
 2.52216E+02,  3.99543E+02,  2.51404E+02,  3.00202E+02,  5.05385E+02
 7.73495E+02,  8.85848E+02,  7.60389E+02,  5.27680E+02,  3.39437E+02
 2.31698E+02,  1.78537E+02,  1.54379E+02,  1.45956E+02,  1.48300E+02
 1.60514E+02,  1.42149E+02,  1.42149E+02,  2.55747E+02,  2.55747E+02
 2.55747E+02,  2.55747E+02,  2.55747E+02,  2.55747E+02,  3.72465E+02
 2.62418E+02,  3.25880E+02,  5.16631E+02,  7.39791E+02,  8.28024E+02
 7.23041E+02,  5.12371E+02,  3.30794E+02,  2.23669E+02,  1.70674E+02
 1.47059E+02,  1.39395E+02,  1.42510E+02,  1.55380E+02,  1.39673E+02
 1.39673E+02,  2.59853E+02,  2.59853E+02,  2.59853E+02,  2.59853E+02
 2.59853E+02,  2.59853E+02,  3.51583E+02,  2.86167E+02,  3.49789E+02
 4.95150E+02,  6.58070E+02,  7.38061E+02,  6.70431E+02,  4.92338E+02
 3.21976E+02,  2.16806E+02,  1.64243E+02,  1.41085E+02,  1.33968E+02
 1.37620E+02,  1.50921E+02,  1.37756E+02,  1.37756E+02,  2.64486E+02
 2.64486E+02,  2.64486E+02,  2.64486E+02,  2.64486E+02,  2.64486E+02
 4.79661E+02,  3.37432E+02,  3.68941E+02,  4.52085E+02,  5.61406E+02
 6.45395E+02,  6.17362E+02,  4.71827E+02,  3.13567E+02,  2.11032E+02
 1.59145E+02,  1.36424E+02,  1.29722E+02,  1.33749E+02,  1.47325E+02
 1.36567E+02,  1.36567E+02,  2.69880E+02,  2.69880E+02,  2.69880E+02
 2.69880E+02,  2.69880E+02,  2.69880E+02,  4.04637E+02,  3.90404E+02
 3.99903E+02,  4.15783E+02,  4.83214E+02,  5.73733E+02,  5.76960E+02
 4.55334E+02,  3.06239E+02,  2.06154E+02,  1.55091E+02,  1.32798E+02
 1.26383E+02,  1.30608E+02,  1.44276E+02,  1.35854E+02,  1.35854E+02
 2.75748E+02,  2.75748E+02,  2.75748E+02,  2.75748E+02,  2.75748E+02
 2.75748E+02,  5.17696E+02,  4.49846E+02,  4.22266E+02,  3.96857E+02
 4.37775E+02,  5.34586E+02,  5.57088E+02,  4.45875E+02,  3.00412E+02
 2.01994E+02,  1.51855E+02,  1.30010E+02,  1.23788E+02,  1.28063E+02
 1.41661E+02,  1.35509E+02,  1.35509E+02,  2.82006E+02,  2.82006E+02
 2.82006E+02,  2.82006E+02,  2.82006E+02,  2.82006E+02,  5.49121E+02
 4.37211E+02,  4.14130E+02,  3.91937E+02,  4.27033E+02,  5.31404E+02
 5.60242E+02,  4.43986E+02,  2.96007E+02,  1.98521E+02,  1.49483E+02
 1.28182E+02,  1.22145E+02,  1.26409E+02,  1.39859E+02,  1.35866E+02
 1.35866E+02,  2.89050E+02,  2.89050E+02,  2.89050E+02,  2.89050E+02
 2.89050E+02,  2.89050E+02,  3.65720E+02,  3.50935E+02,  3.89740E+02
 3.99955E+02,  4.47971E+02,  5.62093E+02,  5.83058E+02,  4.47017E+02
 2.92105E+02,  1.95488E+02,  1.47870E+02,  1.27243E+02,  1.21391E+02
 1.25586E+02,  1.38806E+02,  1.36910E+02,  1.36910E+02,  2.96831E+02
 2.96831E+02,  2.96831E+02,  2.96831E+02,  2.96831E+02,  2.96831E+02
 4.19280E+02,  3.47784E+02,  3.85583E+02,  4.22259E+02,  4.93551E+02
 6.16637E+02,  6.13719E+02,  4.48803E+02,  2.87097E+02,  1.92550E+02
 1.46890E+02,  1.27111E+02,  1.21464E+02,  1.25540E+02,  1.38459E+02
 1.38604E+02,  1.38604E+02,  3.05314E+02,  3.05314E+02,  3.05314E+02
 3.05314E+02,  3.05314E+02,  3.05314E+02,  4.07228E+02,  3.95220E+02
 4.19583E+02,  4.61482E+02,  5.55861E+02,  6.76705E+02,  6.32406E+02
 4.41771E+02,  2.79570E+02,  1.89568E+02,  1.46600E+02,  1.27896E+02
 1.22505E+02,  1.26445E+02,  1.39024E+02,  1.41143E+02,  1.41143E+02
 3.14705E+02,  3.14705E+02,  3.14705E+02,  3.14705E+02,  3.14705E+02
 3.14705E+02,  4.37969E+02,  4.31956E+02,  4.32442E+02,  4.88642E+02
 6.17904E+02,  7.20134E+02,  6.23108E+02,  4.22512E+02,  2.69186E+02
 1.86372E+02,  1.46807E+02,  1.29379E+02,  1.24260E+02,  1.28005E+02
 1.40170E+02,  1.44291E+02,  1.44291E+02,  3.24791E+02,  3.24791E+02
 3.24791E+02,  3.24791E+02,  3.24791E+02,  3.24791E+02,  4.03979E+02
 3.86512E+02,  4.13461E+02,  5.02686E+02,  6.61336E+02,  7.18348E+02
 5.83626E+02,  3.94898E+02,  2.57286E+02,  1.83117E+02,  1.47430E+02
 1.31444E+02,  1.26603E+02,  1.30097E+02,  1.41786E+02,  1.47947E+02
 1.47947E+02,  3.35522E+02,  3.35522E+02,  3.35522E+02,  3.35522E+02
 3.35522E+02,  3.35522E+02,  3.77578E+02,  4.54774E+02,  5.04988E+02
 5.88964E+02,  6.92488E+02,  6.54697E+02,  5.19984E+02,  3.65354E+02
 2.46273E+02,  1.80562E+02,  1.48867E+02,  1.34441E+02,  1.29901E+02
 1.33125E+02,  1.44313E+02,  1.52500E+02,  1.52500E+02,  3.47226E+02
 3.47226E+02,  3.47226E+02,  3.47226E+02,  3.47226E+02,  3.47226E+02
 5.30425E+02,  4.42315E+02,  5.35695E+02,  5.60360E+02,  6.29174E+02
 5.49994E+02,  4.43823E+02,  3.37538E+02,  2.37801E+02,  1.79295E+02
 1.51314E+02,  1.38445E+02,  1.34173E+02,  1.37074E+02,  1.47715E+02
 1.57972E+02,  1.57972E+02,  3.59883E+02,  3.59883E+02,  3.59883E+02
 3.59883E+02,  3.59883E+02,  3.59883E+02,  3.75523E+02,  4.66025E+02
 5.07830E+02,  4.37847E+02,  4.72290E+02,  4.39910E+02,  3.70294E+02
 3.13001E+02,  2.32427E+02,  1.79697E+02,  1.54922E+02,  1.43492E+02
 1.39403E+02,  1.41914E+02,  1.51967E+02,  1.64347E+02,  1.64347E+02
 3.73471E+02,  3.73471E+02,  3.73471E+02,  3.73471E+02,  3.73471E+02
 3.73471E+02,  7.08363E+02,  7.03008E+02,  5.35682E+02,  3.76124E+02
 3.47844E+02,  3.46615E+02,  3.10820E+02,  2.93160E+02,  2.30195E+02
 1.82114E+02,  1.60015E+02,  1.49834E+02,  1.45816E+02,  1.47878E+02
 1.57315E+02,  1.71860E+02,  1.71860E+02,  3.88145E+02,  3.88145E+02
 3.88145E+02,  3.88145E+02,  3.88145E+02,  3.88145E+02,  5.62402E+02
 9.93073E+02,  6.89144E+02,  3.57370E+02,  2.74500E+02,  2.80174E+02
 2.70448E+02,  2.79583E+02,  2.30835E+02,  1.86398E+02,  1.66455E+02
 1.57223E+02,  1.53083E+02,  1.54606E+02,  1.63400E+02,  1.80273E+02
 1.80273E+02,  4.03811E+02,  4.03811E+02,  4.03811E+02,  4.03811E+02
 4.03811E+02,  4.03811E+02,  6.70042E+02,  1.13188E+03,  7.47324E+02
 3.36766E+02,  2.34194E+02,  2.43136E+02,  2.50080E+02,  2.73549E+02
 2.34177E+02,  1.92437E+02,  1.74183E+02,  1.65511E+02,  1.61021E+02
 1.61932E+02,  1.70095E+02,  1.89486E+02,  1.89486E+02,  4.20487E+02
 4.20487E+02,  4.20487E+02,  4.20487E+02,  4.20487E+02,  4.20487E+02
 7.42604E+02,  8.69492E+02,  5.87337E+02,  3.09522E+02,  2.18296E+02
 2.34476E+02,  2.49561E+02,  2.75925E+02,  2.40286E+02,  2.00482E+02
 1.83571E+02,  1.75049E+02,  1.70016E+02,  1.70313E+02,  1.77898E+02
 1.99934E+02,  1.99934E+02,  4.38373E+02,  4.38373E+02,  4.38373E+02
 4.38373E+02,  4.38373E+02,  4.38373E+02,  3.75998E+02,  4.76921E+02
 4.95611E+02,  3.04534E+02,  2.26011E+02,  2.54294E+02,  2.69347E+02
 2.87019E+02,  2.49076E+02,  2.10513E+02,  1.94554E+02,  1.85695E+02
 1.79947E+02,  1.79669E+02,  1.86761E+02,  2.11660E+02,  2.11660E+02
 4.57486E+02,  4.57486E+02,  4.57486E+02,  4.57486E+02,  4.57486E+02
 4.57486E+02,  4.48855E+02,  5.65359E+02,  5.47350E+02,  3.14924E+02
 2.56658E+02,  3.06046E+02,  3.10625E+02,  3.06432E+02,  2.60452E+02
 2.22520E+02,  2.06904E+02,  1.97148E+02,  1.90594E+02,  1.89872E+02
 1.96621E+02,  2.24640E+02,  2.24640E+02,  4.77832E+02,  4.77832E+02
 4.77832E+02,  4.77832E+02,  4.77832E+02,  4.77832E+02,  5.21543E+02
 6.74834E+02,  4.61894E+02,  3.11020E+02,  3.11630E+02,  3.96251E+02
 3.74070E+02,  3.33124E+02,  2.74580E+02,  2.36639E+02,  2.20399E+02
 2.09225E+02,  2.01956E+02,  2.01057E+02,  2.07689E+02,  2.39094E+02
 2.39094E+02,  4.99457E+02,  4.99457E+02,  4.99457E+02,  4.99457E+02
 4.99457E+02,  4.99457E+02,  5.63355E+02,  3.98505E+02,  3.46531E+02
 3.18655E+02,  4.04680E+02,  5.28655E+02,  4.56131E+02,  3.64956E+02
 2.91490E+02,  2.52433E+02,  2.34165E+02,  2.21187E+02,  2.13447E+02
 2.12718E+02,  2.19533E+02,  2.54790E+02,  2.54790E+02,  5.22493E+02
 5.22493E+02,  5.22493E+02,  5.22493E+02,  5.22493E+02,  5.22493E+02
 3.55782E+02,  3.10181E+02,  3.11591E+02,  3.66559E+02,  5.53982E+02
 6.85820E+02,  5.43248E+02,  3.98127E+02,  3.10856E+02,  2.69035E+02
 2.47299E+02,  2.32487E+02,  2.24722E+02,  2.24613E+02,  2.31984E+02
 2.71642E+02,  2.71642E+02,  5.47096E+02,  5.47096E+02,  5.47096E+02
 5.47096E+02,  5.47096E+02,  5.47096E+02,  3.87470E+02,  2.73789E+02
 3.11965E+02,  4.51088E+02,  7.11795E+02,  8.04319E+02,  6.05734E+02
 4.25549E+02,  3.30674E+02,  2.84830E+02,  2.59108E+02,  2.43083E+02
 2.36017E+02,  2.37117E+02,  2.45472E+02,  2.90039E+02,  2.90039E+02
 5.73204E+02,  5.73204E+02,  5.73204E+02,  5.73204E+02,  5.73204E+02
 5.73204E+02,  3.98392E+02,  3.03443E+02,  3.30985E+02,  4.91659E+02
 7.41968E+02,  8.01670E+02,  6.07998E+02,  4.36954E+02,  3.45865E+02
 2.97062E+02,  2.68586E+02,  2.52608E+02,  2.47131E+02,  2.50075E+02
 2.59887E+02,  3.10026E+02,  3.10026E+02,  6.00899E+02,  6.00899E+02
 6.00899E+02,  6.00899E+02,  6.00899E+02,  6.00899E+02,  3.89063E+02
 3.10257E+02,  3.41650E+02,  4.57176E+02,  6.24902E+02,  6.70786E+02
 5.45417E+02,  4.26316E+02,  3.51079E+02,  3.03415E+02,  2.75029E+02
 2.60789E+02,  2.57878E+02,  2.63334E+02,  2.75105E+02,  3.31576E+02
 3.31576E+02,  6.30246E+02,  6.30246E+02,  6.30246E+02,  6.30246E+02
 6.30246E+02,  6.30246E+02,  4.11282E+02,  3.32316E+02,  3.40471E+02
 3.80379E+02,  4.56670E+02,  4.95113E+02,  4.52439E+02,  3.96923E+02
 3.44368E+02,  3.03180E+02,  2.78346E+02,  2.67665E+02,  2.68329E+02
 2.76983E+02,  2.91226E+02,  3.54809E+02,  3.54809E+02,  6.61080E+02
 6.61080E+02,  6.61080E+02,  6.61080E+02,  6.61080E+02,  6.61080E+02
 4.12356E+02,  4.21570E+02,  3.78105E+02,  3.16187E+02,  3.23674E+02
 3.53824E+02,  3.65770E+02,  3.58001E+02,  3.28022E+02,  2.97118E+02
 2.78648E+02,  2.73054E+02,  2.78168E+02,  2.90642E+02,  3.07879E+02
 3.79649E+02,  3.79649E+02,  6.93963E+02,  6.93963E+02,  6.93963E+02
 6.93963E+02,  6.93963E+02,  6.93963E+02,  4.78675E+02,  5.86395E+02
 4.66874E+02,  2.85926E+02,  2.46479E+02,  2.66440E+02,  3.00963E+02
 3.19113E+02,  3.06819E+02,  2.87123E+02,  2.76509E+02,  2.77052E+02
 2.87338E+02,  3.04209E+02,  3.24947E+02,  4.06145E+02,  4.06145E+02
 7.29319E+02,  7.29319E+02,  7.29319E+02,  7.29319E+02,  7.29319E+02
 7.29319E+02,  4.74129E+02,  8.17076E+02,  6.09015E+02,  2.86865E+02
 2.10409E+02,  2.20177E+02,  2.58988E+02,  2.86837E+02,  2.85464E+02
 2.75462E+02,  2.72920E+02,  2.80168E+02,  2.96199E+02,  3.17990E+02
 3.42689E+02,  4.34454E+02,  4.34454E+02,  7.66589E+02,  7.66589E+02
 7.66589E+02,  7.66589E+02,  7.66589E+02,  7.66589E+02,  5.00913E+02
 8.92533E+02,  7.84843E+02,  3.14993E+02,  2.02343E+02,  2.02293E+02
 2.36947E+02,  2.64163E+02,  2.66992E+02,  2.63823E+02,  2.68590E+02
 2.82626E+02,  3.04772E+02,  3.31922E+02,  3.61011E+02,  4.64650E+02
 4.64650E+02,  8.05978E+02,  8.05978E+02,  8.05978E+02,  8.05978E+02
 8.05978E+02,  8.05978E+02,  5.05680E+02,  1.05300E+03,  9.48874E+02
 3.62255E+02,  2.16303E+02,  2.06751E+02,  2.32117E+02,  2.51488E+02
 2.52710E+02,  2.53236E+02,  2.64054E+02,  2.84627E+02,  3.13085E+02
 3.45948E+02,  3.79813E+02,  4.96740E+02,  4.96740E+02,  8.47670E+02
 8.47670E+02,  8.47670E+02,  8.47670E+02,  8.47670E+02,  8.47670E+02
 5.13271E+02,  1.05996E+03,  1.02245E+03,  4.14544E+02,  2.50057E+02
 2.32063E+02,  2.42574E+02,  2.47859E+02,  2.42762E+02,  2.44257E+02
 2.59793E+02,  2.86469E+02,  3.21293E+02,  3.60122E+02,  3.99062E+02
 5.30599E+02,  5.30599E+02,  8.91126E+02,  8.91126E+02,  8.91126E+02
 8.91126E+02,  8.91126E+02,  8.91126E+02,  5.30285E+02,  9.95446E+02
 9.45510E+02,  4.55429E+02,  3.02166E+02,  2.78405E+02,  2.66582E+02
 2.51482E+02,  2.36384E+02,  2.36798E+02,  2.55863E+02,  2.88140E+02
 3.29300E+02,  3.74309E+02,  4.18636E+02,  5.66527E+02,  5.66527E+02
 9.37691E+02,  9.37691E+02,  9.37691E+02,  9.37691E+02,  9.37691E+02
 9.37691E+02,  4.77532E+02,  8.34596E+02,  8.07268E+02,  4.82177E+02
 3.72452E+02,  3.44957E+02,  3.01594E+02,  2.60040E+02,  2.32488E+02
 2.30601E+02,  2.52309E+02,  2.89725E+02,  3.37158E+02,  3.88535E+02
 4.38545E+02,  6.04811E+02,  6.04811E+02,  9.88270E+02,  9.88270E+02
 9.88270E+02,  9.88270E+02,  9.88270E+02,  9.88270E+02,  5.52959E+02
 7.09045E+02,  6.67115E+02,  5.15222E+02,  4.64652E+02,  4.27885E+02
 3.43426E+02,  2.70934E+02,  2.30120E+02,  2.25581E+02,  2.49387E+02
 2.91543E+02,  3.45102E+02,  4.02897E+02,  4.58733E+02,  6.45023E+02
 6.45023E+02,  1.04141E+03,  1.04141E+03,  1.04141E+03,  1.04141E+03
 1.04141E+03,  1.04141E+03,  4.07734E+02,  5.64016E+02,  6.14520E+02
 5.79121E+02,  5.80286E+02,  5.17995E+02,  3.85915E+02,  2.81419E+02
 2.28397E+02,  2.21534E+02,  2.47150E+02,  2.93701E+02,  3.53197E+02
 4.17399E+02,  4.79164E+02,  6.87245E+02,  6.87245E+02,  1.09753E+03
 1.09753E+03,  1.09753E+03,  1.09753E+03,  1.09753E+03,  1.09753E+03
 4.58602E+02,  5.02135E+02,  6.09622E+02,  6.74768E+02,  6.99769E+02
 5.99920E+02,  4.22071E+02,  2.89304E+02,  2.26797E+02,  2.18381E+02
 2.45681E+02,  2.96312E+02,  3.61506E+02,  4.32044E+02,  4.99787E+02
 7.31521E+02,  7.31521E+02,  1.15702E+03,  1.15702E+03,  1.15702E+03
 1.15702E+03,  1.15702E+03,  1.15702E+03,  4.25784E+02,  5.56167E+02
 6.85211E+02,  7.70351E+02,  7.86637E+02,  6.58777E+02,  4.46805E+02
 2.93766E+02,  2.25387E+02,  2.16323E+02,  2.45240E+02,  2.99597E+02
 3.70133E+02,  4.46776E+02,  5.20383E+02,  7.77266E+02,  7.77266E+02
 1.21868E+03,  1.21868E+03,  1.21868E+03,  1.21868E+03,  1.21868E+03
 1.21868E+03,  4.77504E+02,  6.16649E+02,  7.71967E+02,  8.36369E+02
 8.31238E+02,  6.90679E+02,  4.59467E+02,  2.95397E+02,  2.24512E+02
 2.15539E+02,  2.45970E+02,  3.03661E+02,  3.79156E+02,  4.61710E+02
 5.41167E+02,  8.25406E+02,  8.25406E+02,  1.28520E+03,  1.28520E+03
 1.28520E+03,  1.28520E+03,  1.28520E+03,  1.28520E+03,  4.14224E+02
 5.90971E+02,  7.77462E+02,  8.46110E+02,  8.43212E+02,  7.01812E+02
 4.63224E+02,  2.95709E+02,  2.24763E+02,  2.16357E+02,  2.48130E+02
 3.08691E+02,  3.88698E+02,  4.76946E+02,  5.62268E+02,  8.76572E+02
 8.76572E+02,  1.35829E+03,  1.35829E+03,  1.35829E+03,  1.35829E+03
 1.35829E+03,  1.35829E+03,  4.61665E+02,  5.58818E+02,  6.95610E+02
 7.97007E+02,  8.32696E+02,  7.00046E+02,  4.62089E+02,  2.96404E+02
 2.26922E+02,  2.19312E+02,  2.52170E+02,  3.15005E+02,  3.98857E+02
 4.92316E+02,  5.83237E+02,  9.29434E+02,  9.29434E+02,  1.43488E+03
 1.43488E+03,  1.43488E+03,  1.43488E+03,  1.43488E+03,  1.43488E+03
 3.98050E+02,  4.80260E+02,  6.05575E+02,  7.42341E+02,  8.14076E+02
 6.90176E+02,  4.58814E+02,  2.98669E+02,  2.31545E+02,  2.24769E+02
 2.58360E+02,  3.22775E+02,  4.09709E+02,  5.07847E+02,  6.04114E+02
 9.84142E+02,  9.84142E+02,  1.51574E+03,  1.51574E+03,  1.51574E+03
 1.51574E+03,  1.51574E+03,  1.51574E+03,  4.10334E+02,  4.41100E+02
 5.58078E+02,  7.09165E+02,  7.91438E+02,  6.74107E+02,  4.54940E+02
 3.03274E+02,  2.39095E+02,  2.33059E+02,  2.66927E+02,  3.32126E+02
 4.21291E+02,  5.23530E+02,  6.24899E+02,  1.04088E+03,  1.04088E+03
 1.60153E+03,  1.60153E+03,  1.60153E+03,  1.60153E+03,  1.60153E+03
 1.60153E+03,  4.19078E+02,  4.72182E+02,  5.65567E+02,  6.89875E+02
 7.61571E+02,  6.52783E+02,  4.51483E+02,  3.10860E+02,  2.50092E+02
 2.44585E+02,  2.78122E+02,  3.43153E+02,  4.33540E+02,  5.39134E+02
 6.45192E+02,  1.09852E+03,  1.09852E+03,  1.68985E+03,  1.68985E+03
 1.68985E+03,  1.68985E+03,  1.68985E+03,  1.68985E+03,  4.23676E+02
 5.24151E+02,  5.99969E+02,  6.77080E+02,  7.23211E+02,  6.26404E+02
 4.48946E+02,  3.21784E+02,  2.64840E+02,  2.59485E+02,  2.91884E+02
 3.55704E+02,  4.46382E+02,  5.54830E+02,  6.65536E+02,  1.15896E+03
 1.15896E+03,  1.78564E+03,  1.78564E+03,  1.78564E+03,  1.78564E+03
 1.78564E+03,  1.78564E+03,  4.38558E+02,  5.21742E+02,  6.06247E+02
 6.50718E+02,  6.72633E+02,  5.94043E+02,  4.47194E+02,  3.36263E+02
 2.83667E+02,  2.77913E+02,  3.08121E+02,  3.69578E+02,  4.59672E+02
 5.70634E+02,  6.86165E+02,  1.22340E+03,  1.22340E+03,  1.89182E+03
 1.89182E+03,  1.89182E+03,  1.89182E+03,  1.89182E+03,  1.89182E+03
 4.05710E+02,  4.92789E+02,  5.58127E+02,  5.86586E+02,  6.02929E+02
 5.54494E+02,  4.45735E+02,  3.54462E+02,  3.07003E+02,  3.00104E+02
 3.26764E+02,  3.84536E+02,  4.73073E+02,  5.86040E+02,  7.06287E+02
 1.28941E+03,  1.28941E+03,  2.00244E+03,  2.00244E+03,  2.00244E+03
 2.00244E+03,  2.00244E+03,  2.00244E+03,  4.68514E+02,  4.84394E+02
 5.07478E+02,  5.03645E+02,  5.19148E+02,  5.08947E+02,  4.44353E+02
 3.76309E+02,  3.34863E+02,  3.25758E+02,  3.47226E+02,  3.99982E+02
 4.86185E+02,  6.00905E+02,  7.26024E+02,  1.35732E+03,  1.35732E+03
 2.11864E+03,  2.11864E+03,  2.11864E+03,  2.11864E+03,  2.11864E+03
 2.11864E+03,  4.30399E+02,  5.55639E+02,  5.21285E+02,  4.45457E+02
 4.41983E+02,  4.62708E+02,  4.43634E+02,  4.01659E+02,  3.66868E+02
 3.54110E+02,  3.68569E+02,  4.15134E+02,  4.98534E+02,  6.15048E+02
 7.45428E+02,  1.42760E+03,  1.42760E+03,  2.24144E+03,  2.24144E+03
 2.24144E+03,  2.24144E+03,  2.24144E+03,  2.24144E+03,  4.77246E+02
 6.01241E+02,  5.53354E+02,  4.14371E+02,  3.85364E+02,  4.23176E+02
 4.44935E+02,  4.30144E+02,  4.01977E+02,  3.83755E+02,  3.89471E+02
 4.29026E+02,  5.09484E+02,  6.27976E+02,  7.63952E+02,  1.49844E+03
 1.49844E+03,  2.36611E+03,  2.36611E+03,  2.36611E+03,  2.36611E+03
 2.36611E+03,  2.36611E+03,  4.48473E+02,  6.23118E+02,  5.67480E+02
 3.92475E+02,  3.48930E+02,  3.95559E+02,  4.49793E+02,  4.60644E+02
 4.37890E+02,  4.12235E+02,  4.07999E+02,  4.40454E+02,  5.18529E+02
 6.39864E+02,  7.82474E+02,  1.57316E+03,  1.57316E+03,  2.50127E+03
 2.50127E+03,  2.50127E+03,  2.50127E+03,  2.50127E+03,  2.50127E+03
 4.55955E+02,  6.02674E+02,  5.55264E+02,  3.73939E+02,  3.27941E+02
 3.80955E+02,  4.58860E+02,  4.90873E+02,  4.71087E+02,  4.36472E+02
 4.22139E+02,  4.48336E+02,  5.25235E+02,  6.50737E+02,  8.01383E+02
 1.65386E+03,  1.65386E+03,  2.65156E+03,  2.65156E+03,  2.65156E+03
 2.65156E+03,  2.65156E+03,  2.65156E+03,  4.16760E+02,  5.58288E+02
 5.38298E+02,  3.64453E+02,  3.19394E+02,  3.77607E+02,  4.70597E+02
 5.16439E+02,  4.96500E+02,  4.52821E+02,  4.29887E+02,  4.51693E+02
 5.29025E+02,  6.59926E+02,  8.19551E+02,  1.73638E+03,  1.73638E+03
 2.80569E+03,  2.80569E+03,  2.80569E+03,  2.80569E+03,  2.80569E+03
 2.80569E+03,  4.85369E+02,  5.97924E+02,  5.47491E+02,  3.66684E+02
 3.20822E+02,  3.81907E+02,  4.80556E+02,  5.30958E+02,  5.08305E+02
 4.57701E+02,  4.29499E+02,  4.49779E+02,  5.29640E+02,  6.67452E+02
 8.37221E+02,  1.82125E+03,  1.82125E+03,  2.96525E+03,  2.96525E+03
 2.96525E+03,  2.96525E+03,  2.96525E+03,  2.96525E+03,  4.27063E+02
 6.52361E+02,  5.83227E+02,  3.75031E+02,  3.28796E+02,  3.88839E+02
 4.82464E+02,  5.28169E+02,  5.02020E+02,  4.48884E+02,  4.20156E+02
 4.42384E+02,  5.27108E+02,  6.73453E+02,  8.54575E+02,  1.90926E+03
 1.90926E+03,  3.13135E+03,  3.13135E+03,  3.13135E+03,  3.13135E+03
 3.13135E+03,  3.13135E+03,  5.44683E+02,  7.66459E+02,  5.86949E+02
 3.82019E+02,  3.40650E+02,  3.93412E+02,  4.71103E+02,  5.04789E+02
 4.76322E+02,  4.26287E+02,  4.02246E+02,  4.29909E+02,  5.21646E+02
 6.77818E+02,  8.71000E+02,  1.99729E+03,  1.99729E+03,  3.29513E+03
 3.29513E+03,  3.29513E+03,  3.29513E+03,  3.29513E+03,  3.29513E+03
 4.89656E+02,  6.55064E+02,  5.43579E+02,  3.92168E+02,  3.55271E+02
 3.91814E+02,  4.44875E+02,  4.62716E+02,  4.34214E+02,  3.92304E+02
 3.77303E+02,  4.13293E+02,  5.13991E+02,  6.81503E+02,  8.87989E+02
 2.09108E+03,  2.09108E+03,  3.47095E+03,  3.47095E+03,  3.47095E+03
 3.47095E+03,  3.47095E+03,  3.47095E+03,  4.71745E+02,  6.06625E+02
 5.57584E+02,  4.21370E+02,  3.70139E+02,  3.80710E+02,  4.05456E+02
 4.07814E+02,  3.81627E+02,  3.50954E+02,  3.47664E+02,  3.93859E+02
 5.04983E+02,  6.85222E+02,  9.06288E+02,  2.19408E+03,  2.19408E+03
 3.66552E+03,  3.66552E+03,  3.66552E+03,  3.66552E+03,  3.66552E+03
 3.66552E+03,  4.68457E+02,  7.12680E+02,  6.87496E+02,  4.68868E+02
 3.76471E+02,  3.56932E+02,  3.56743E+02,  3.47725E+02,  3.25734E+02
 3.07198E+02,  3.16342E+02,  3.73342E+02,  4.95442E+02,  6.88820E+02
 9.24505E+02,  2.29891E+03,  2.29891E+03,  3.85829E+03,  3.85829E+03
 3.85829E+03,  3.85829E+03,  3.85829E+03,  3.85829E+03,  4.84953E+02
 7.79909E+02,  7.68706E+02,  4.87681E+02,  3.61155E+02,  3.20436E+02
 3.04664E+02,  2.89990E+02,  2.73128E+02,  2.65647E+02,  2.86163E+02
 3.53421E+02,  4.86414E+02,  6.93025E+02,  9.43203E+02,  2.40635E+03
 2.40635E+03,  4.05140E+03,  4.05140E+03,  4.05140E+03,  4.05140E+03
 4.05140E+03,  4.05140E+03,  4.75167E+02,  7.21785E+02,  7.11227E+02
 4.51970E+02,  3.24919E+02,  2.78185E+02,  2.56283E+02,  2.40278E+02
 2.28263E+02,  2.29591E+02,  2.59356E+02,  3.35592E+02,  4.78941E+02
 6.98569E+02,  9.62816E+02,  2.51746E+03,  2.51746E+03,  4.24570E+03
 4.24570E+03,  4.24570E+03,  4.24570E+03,  4.24570E+03,  4.24570E+03
 4.59817E+02,  6.56696E+02,  6.38647E+02,  4.07081E+02,  2.89104E+02
 2.41725E+02,  2.17789E+02,  2.01876E+02,  1.93457E+02,  2.01026E+02
 2.37636E+02,  3.21264E+02,  4.74020E+02,  7.05766E+02,  9.82648E+02
 2.62672E+03,  2.62672E+03,  4.42592E+03,  4.42592E+03,  4.42592E+03
 4.42592E+03,  4.42592E+03,  4.42592E+03,  4.52499E+02,  6.77530E+02
 6.50461E+02,  4.01669E+02,  2.72594E+02,  2.19108E+02,  1.92227E+02
 1.75411E+02,  1.68788E+02,  1.80204E+02,  2.21496E+02,  3.11088E+02
 4.72506E+02,  7.15950E+02,  1.00483E+03,  2.74357E+03,  2.74357E+03
 4.61479E+03,  4.61479E+03,  4.61479E+03,  4.61479E+03,  4.61479E+03
 4.61479E+03,  5.07095E+02,  8.33475E+02,  7.53798E+02,  4.39922E+02
 2.78227E+02,  2.12304E+02,  1.79787E+02,  1.60011E+02,  1.53373E+02
 1.66738E+02,  2.11095E+02,  3.05579E+02,  4.75111E+02,  7.29957E+02
 1.03029E+03,  2.87281E+03,  2.87281E+03,  4.82079E+03,  4.82079E+03
 4.82079E+03,  4.82079E+03,  4.82079E+03,  4.82079E+03,  5.44965E+02
 8.80126E+02,  8.51028E+02,  5.00261E+02,  3.02578E+02,  2.21518E+02
 1.80175E+02,  1.54950E+02,  1.46623E+02,  1.60571E+02,  2.06973E+02
 3.05617E+02,  4.82501E+02,  7.47421E+02,  1.05687E+03,  3.00118E+03
 3.00118E+03,  5.01026E+03,  5.01026E+03,  5.01026E+03,  5.01026E+03
 5.01026E+03,  5.01026E+03,  4.22288E+02,  6.73790E+02,  8.50427E+02
 5.50776E+02,  3.41185E+02,  2.47674E+02,  1.93967E+02,  1.60073E+02
 1.48090E+02,  1.61432E+02,  2.09210E+02,  3.11560E+02,  4.95142E+02
 7.68795E+02,  1.08506E+03,  3.12936E+03,  3.12936E+03,  5.18663E+03
 5.18663E+03,  5.18663E+03,  5.18663E+03,  5.18663E+03,  5.18663E+03
 4.64373E+02,  6.75948E+02,  7.97847E+02,  5.64728E+02,  3.86467E+02
 2.91634E+02,  2.23114E+02,  1.76240E+02,  1.57958E+02,  1.69407E+02
 2.18026E+02,  3.23770E+02,  5.13431E+02,  7.94378E+02,  1.11497E+03
 3.25786E+03,  3.25786E+03,  5.35059E+03,  5.35059E+03,  5.35059E+03
 5.35059E+03,  5.35059E+03,  5.35059E+03,  4.50949E+02,  6.55080E+02
 6.89616E+02,  5.44266E+02,  4.33928E+02,  3.54021E+02,  2.70241E+02
 2.05283E+02,  1.77317E+02,  1.85304E+02,  2.34154E+02,  3.42898E+02
 5.37695E+02,  8.23726E+02,  1.14507E+03,  3.37684E+03,  3.37684E+03
 5.48009E+03,  5.48009E+03,  5.48009E+03,  5.48009E+03,  5.48009E+03
 5.48009E+03,  4.80196E+02,  5.41564E+02,  5.59336E+02,  5.24639E+02
 4.89685E+02,  4.32737E+02,  3.35328E+02,  2.48855E+02,  2.07569E+02
 2.09994E+02,  2.58026E+02,  3.69108E+02,  5.68188E+02,  8.57815E+02
 1.17771E+03,  3.50006E+03,  3.50006E+03,  5.60819E+03,  5.60819E+03
 5.60819E+03,  5.60819E+03,  5.60819E+03,  5.60819E+03,  3.89470E+02
 4.30486E+02,  4.96061E+02,  5.32219E+02,  5.47197E+02,  5.13471E+02
 4.13208E+02,  3.08176E+02,  2.50836E+02,  2.45026E+02,  2.90544E+02
 4.02845E+02,  6.05143E+02,  8.96929E+02,  1.21343E+03,  3.63260E+03
 3.63260E+03,  5.74421E+03,  5.74421E+03,  5.74421E+03,  5.74421E+03
 5.74421E+03,  5.74421E+03,  4.13285E+02,  4.52975E+02,  5.39798E+02
 5.78334E+02,  5.98976E+02,  5.90371E+02,  5.03023E+02,  3.85586E+02
 3.10245E+02,  2.92798E+02,  3.33191E+02,  4.44762E+02,  6.48199E+02
 9.39148E+02,  1.24842E+03,  3.75245E+03,  3.75245E+03,  5.84213E+03
 5.84213E+03,  5.84213E+03,  5.84213E+03,  5.84213E+03,  5.84213E+03
 4.56007E+02,  6.11800E+02,  7.20881E+02,  6.71688E+02,  6.54418E+02
 6.69501E+02,  6.09768E+02,  4.84513E+02,  3.88765E+02,  3.55198E+02
 3.86625E+02,  4.94645E+02,  6.96678E+02,  9.83806E+02,  1.28257E+03
 3.85989E+03,  3.85989E+03,  5.90909E+03,  5.90909E+03,  5.90909E+03
 5.90909E+03,  5.90909E+03,  5.90909E+03,  4.67419E+02,  7.00246E+02
 6.30326E+02,  5.26290E+02,  5.46276E+02,  6.61412E+02,  7.04753E+02
 6.02219E+02,  4.87962E+02,  4.33284E+02,  4.50811E+02,  5.51759E+02
 7.49541E+02,  1.02991E+03,  1.31528E+03,  3.95445E+03,  3.95445E+03
 5.94733E+03,  5.94733E+03,  5.94733E+03,  5.94733E+03,  5.94733E+03
 5.94733E+03,  4.58195E+02,  5.26468E+02,  4.26032E+02,  3.23510E+02
 3.54315E+02,  5.31819E+02,  7.35694E+02,  7.23311E+02,  6.05720E+02
 5.26266E+02,  5.24536E+02,  6.14527E+02,  8.04834E+02,  1.07499E+03
 1.34365E+03,  4.02180E+03,  4.02180E+03,  5.93288E+03,  5.93288E+03
 5.93288E+03,  5.93288E+03,  5.93288E+03,  5.93288E+03,  3.96239E+02
 4.67119E+02,  3.45248E+02,  2.38380E+02,  2.50391E+02,  4.10273E+02
 7.05395E+02,  8.30176E+02,  7.35308E+02,  6.30276E+02,  6.04736E+02
 6.80621E+02,  8.61301E+02,  1.11953E+03,  1.37037E+03,  4.08091E+03
 4.08091E+03,  5.90771E+03,  5.90771E+03,  5.90771E+03,  5.90771E+03
 5.90771E+03,  5.90771E+03,  6.22558E+02,  3.74585E+02,  2.73237E+02
 2.08942E+02,  2.11120E+02,  3.52684E+02,  6.74083E+02,  9.18942E+02
 8.67364E+02,  7.38718E+02,  6.87029E+02,  7.47180E+02,  9.17201E+02
 1.16276E+03,  1.39552E+03,  4.13672E+03,  4.13672E+03,  5.88102E+03
 5.88102E+03,  5.88102E+03,  5.88102E+03,  5.88102E+03,  5.88102E+03
 6.99626E+02,  1.57924E+03,  2.95083E+02,  2.10579E+02,  2.08825E+02
 3.32271E+02,  6.80754E+02,  9.96803E+02,  9.88674E+02,  8.40937E+02
 7.64729E+02,  8.09629E+02,  9.68491E+02,  1.20003E+03,  1.41349E+03
 4.16067E+03,  4.16067E+03,  5.80452E+03,  5.80452E+03,  5.80452E+03
 5.80452E+03,  5.80452E+03,  5.80452E+03,  5.34981E+02,  1.13610E+03
 5.49398E+02,  2.43081E+02,  2.23556E+02,  3.34288E+02,  7.06071E+02
 1.06394E+03,  1.08290E+03,  9.23992E+02,  8.30187E+02,  8.63382E+02
 1.01238E+03,  1.23001E+03,  1.42432E+03,  4.15581E+03,  4.15581E+03
 5.69154E+03,  5.69154E+03,  5.69154E+03,  5.69154E+03,  5.69154E+03
 5.69154E+03,  5.50026E+02,  1.67012E+03,  1.01806E+03,  2.70663E+02
 2.42612E+02,  3.48400E+02,  7.21043E+02,  1.10008E+03,  1.13257E+03
 9.75629E+02,  8.76416E+02,  9.04384E+02,  1.04647E+03,  1.25143E+03
 1.42760E+03,  4.12374E+03,  4.12374E+03,  5.54806E+03,  5.54806E+03
 5.54806E+03,  5.54806E+03,  5.54806E+03,  5.54806E+03,  5.10245E+02
 7.90453E+02,  4.79277E+02,  2.71509E+02,  2.67209E+02,  3.68533E+02
 7.10276E+02,  1.07483E+03,  1.12197E+03,  9.86328E+02,  8.97730E+02
 9.28912E+02,  1.06785E+03,  1.26155E+03,  1.42056E+03,  4.05180E+03
 4.05180E+03,  5.35644E+03,  5.35644E+03,  5.35644E+03,  5.35644E+03
 5.35644E+03,  5.35644E+03,  4.24038E+02,  5.72724E+02,  4.10768E+02
 3.08411E+02,  3.05711E+02,  3.81212E+02,  6.53082E+02,  9.72818E+02
 1.04828E+03,  9.55361E+02,  8.93464E+02,  9.36967E+02,  1.07772E+03
 1.26320E+03,  1.40760E+03,  3.96466E+03,  3.96466E+03,  5.15945E+03
 5.15945E+03,  5.15945E+03,  5.15945E+03,  5.15945E+03,  5.15945E+03
 6.16035E+02,  6.87558E+02,  3.84944E+02,  3.05855E+02,  3.14214E+02
 3.50137E+02,  5.34033E+02,  8.04769E+02,  9.21552E+02,  8.88176E+02
 8.65685E+02,  9.29466E+02,  1.07683E+03,  1.25725E+03,  1.38962E+03
 3.86834E+03,  3.86834E+03,  4.96475E+03,  4.96475E+03,  4.96475E+03
 4.96475E+03,  4.96475E+03,  4.96475E+03,  5.77476E+02,  7.21209E+02
 3.11034E+02,  2.51594E+02,  2.68030E+02,  2.72695E+02,  3.86610E+02
 6.10861E+02,  7.63099E+02,  7.94007E+02,  8.17605E+02,  9.06649E+02
 1.06347E+03,  1.24030E+03,  1.36205E+03,  3.73821E+03,  3.73821E+03
 4.73529E+03,  4.73529E+03,  4.73529E+03,  4.73529E+03,  4.73529E+03
 4.73529E+03,  5.80948E+02,  8.65758E+02,  2.55340E+02,  2.05800E+02
 2.03059E+02,  1.94530E+02,  2.66236E+02,  4.40591E+02,  6.03924E+02
 6.87860E+02,  7.56498E+02,  8.72265E+02,  1.03995E+03,  1.21437E+03
 1.32708E+03,  3.58361E+03,  3.58361E+03,  4.48750E+03,  4.48750E+03
 4.48750E+03,  4.48750E+03,  4.48750E+03,  4.48750E+03,  7.21750E+02
 4.81815E+02,  2.82387E+02,  1.79891E+02,  1.46507E+02,  1.40725E+02
 1.89142E+02,  3.16396E+02,  4.67899E+02,  5.84109E+02,  6.90087E+02
 8.30621E+02,  1.00882E+03,  1.18120E+03,  1.28609E+03,  3.41048E+03
 3.41048E+03,  4.22902E+03,  4.22902E+03,  4.22902E+03,  4.22902E+03
 4.22902E+03,  4.22902E+03,  3.93559E+02,  6.37042E+02,  3.56644E+02
 1.43509E+02,  1.09955E+02,  1.11564E+02,  1.44855E+02,  2.34707E+02
 3.64162E+02,  4.93077E+02,  6.24963E+02,  7.85371E+02,  9.71616E+02
 1.14090E+03,  1.23841E+03,  3.21358E+03,  3.21358E+03,  3.95102E+03
 3.95102E+03,  3.95102E+03,  3.95102E+03,  3.95102E+03,  3.95102E+03
 5.03884E+02,  9.51279E+02,  2.62702E+02,  1.16523E+02,  9.95141E+01
 1.00403E+02,  1.20264E+02,  1.83221E+02,  2.90595E+02,  4.19862E+02
 5.66692E+02,  7.41252E+02,  9.32808E+02,  1.09825E+03,  1.18915E+03
 3.01599E+03,  3.01599E+03,  3.68487E+03,  3.68487E+03,  3.68487E+03
 3.68487E+03,  3.68487E+03,  3.68487E+03,  5.44001E+02,  1.27933E+03
 4.59043E+02,  1.51254E+02,  1.10829E+02,  9.87535E+01,  1.06180E+02
 1.51059E+02,  2.40582E+02,  3.64472E+02,  5.17869E+02,  7.00782E+02
 8.94397E+02,  1.05485E+03,  1.13954E+03,  2.82248E+03,  2.82248E+03
 3.43433E+03,  3.43433E+03,  3.43433E+03,  3.43433E+03,  3.43433E+03
 3.43433E+03,  5.78847E+02,  1.30167E+03,  5.58162E+02,  1.90745E+02
 1.23728E+02,  9.88484E+01,  9.75446E+01,  1.31571E+02,  2.08406E+02
 3.25292E+02,  4.79443E+02,  6.64720E+02,  8.55836E+02,  1.00886E+03
 1.08693E+03,  2.61875E+03,  2.61875E+03,  3.17777E+03,  3.17777E+03
 3.17777E+03,  3.17777E+03,  3.17777E+03,  3.17777E+03,  5.11940E+02
 8.03937E+02,  3.08140E+02,  1.74562E+02,  1.25462E+02,  9.71478E+01
 9.23371E+01,  1.21064E+02,  1.89741E+02,  3.00118E+02,  4.51596E+02
 6.34299E+02,  8.18780E+02,  9.62369E+02,  1.03364E+03,  2.41430E+03
 2.41430E+03,  2.92701E+03,  2.92701E+03,  2.92701E+03,  2.92701E+03
 2.92701E+03,  2.92701E+03,  4.99131E+02,  3.78645E+02,  2.42543E+02
 1.67380E+02,  1.23365E+02,  9.49085E+01,  9.07272E+01,  1.17947E+02
 1.81848E+02,  2.86893E+02,  4.33651E+02,  6.09752E+02,  7.83938E+02
 9.16391E+02,  9.80795E+02,  2.21398E+03,  2.21398E+03,  2.68649E+03
 2.68649E+03,  2.68649E+03,  2.68649E+03,  2.68649E+03,  2.68649E+03
 4.04188E+02,  3.84335E+02,  2.65089E+02,  1.76737E+02,  1.24149E+02
 9.61624E+01,  9.46873E+01,  1.22372E+02,  1.83733E+02,  2.84434E+02
 4.24721E+02,  5.90487E+02,  7.50922E+02,  8.70649E+02,  9.28089E+02
 2.01620E+03,  2.01620E+03,  2.45188E+03,  2.45188E+03,  2.45188E+03
 2.45188E+03,  2.45188E+03,  2.45188E+03,  3.86330E+02,  4.22351E+02
 2.88860E+02,  1.92720E+02,  1.34904E+02,  1.07120E+02,  1.07352E+02
 1.35397E+02,  1.95124E+02,  2.91582E+02,  4.23548E+02,  5.76105E+02
 7.20723E+02,  8.27340E+02,  8.78356E+02,  1.83312E+03,  1.83312E+03
 2.23846E+03,  2.23846E+03,  2.23846E+03,  2.23846E+03,  2.23846E+03
 2.23846E+03,  5.36576E+02,  5.11203E+02,  3.67919E+02,  2.47043E+02
 1.72332E+02,  1.36671E+02,  1.33798E+02,  1.60159E+02,  2.17370E+02
 3.08021E+02,  4.28992E+02,  5.65678E+02,  6.93090E+02,  7.86680E+02
 8.32001E+02,  1.66664E+03,  1.66664E+03,  2.04760E+03,  2.04760E+03
 2.04760E+03,  2.04760E+03,  2.04760E+03,  2.04760E+03,  4.68447E+02
 5.71125E+02,  5.70870E+02,  4.27242E+02,  2.91036E+02,  2.16455E+02
 1.94543E+02,  2.09767E+02,  2.58233E+02,  3.38987E+02,  4.47473E+02
 5.69759E+02,  6.82943E+02,  7.65731E+02,  8.05856E+02,  1.60092E+03
 1.60092E+03,  2.00835E+03,  2.00835E+03,  2.00835E+03,  2.00835E+03
 2.00835E+03,  2.00835E+03,  5.02464E+02,  7.37877E+02,  1.21113E+03
 1.55874E+03,  1.28931E+03,  7.29817E+02,  3.89445E+02,  2.60320E+02
 2.42689E+02,  3.07218E+02,  4.75437E+02,  7.82246E+02,  1.21344E+03
 1.66764E+03,  2.03107E+03,  1.04357E+04,  1.04357E+04,  2.24841E+04
 2.24841E+04,  2.24841E+04,  2.24841E+04,  2.24841E+04,  2.24841E+04
 5.02464E+02,  7.37877E+02,  1.21113E+03,  1.55874E+03,  1.28931E+03
 7.29817E+02,  3.89445E+02,  2.60320E+02,  2.42689E+02,  3.07218E+02
 4.75437E+02,  7.82246E+02,  1.21344E+03,  1.66764E+03,  2.03107E+03
 1.04357E+04,  1.04357E+04,  2.24841E+04,  2.24841E+04,  2.24841E+04
 2.24841E+04,  2.24841E+04,  2.24841E+04,  6.94798E+02,  6.71726E+02
 6.48872E+02,  6.10985E+02,  5.47397E+02,  4.64261E+02,  3.78312E+02
 3.02483E+02,  2.42523E+02,  1.96910E+02,  1.62794E+02,  1.38567E+02
 1.23049E+02,  1.14612E+02,  1.11604E+02,  2.18377E+02,  2.18377E+02
 3.12901E+02,  3.12901E+02,  3.12901E+02,  3.12901E+02,  3.12901E+02
 3.12901E+02,  6.94798E+02,  6.71726E+02,  6.48872E+02,  6.10985E+02
 5.47397E+02,  4.64261E+02,  3.78312E+02,  3.02483E+02,  2.42523E+02
 1.96910E+02,  1.62794E+02,  1.38567E+02,  1.23049E+02,  1.14612E+02
 1.11604E+02,  2.18377E+02,  2.18377E+02,  3.12901E+02,  3.12901E+02
 3.12901E+02,  3.12901E+02,  3.12901E+02,  3.12901E+02,  6.94798E+02
 6.71726E+02,  6.48872E+02,  6.10985E+02,  5.47397E+02,  4.64261E+02
 3.78312E+02,  3.02483E+02,  2.42523E+02,  1.96910E+02,  1.62794E+02
 1.38567E+02,  1.23049E+02,  1.14612E+02,  1.11604E+02,  2.18377E+02
 2.18377E+02,  3.12901E+02,  3.12901E+02,  3.12901E+02,  3.12901E+02
 3.12901E+02,  3.12901E+02,  6.94798E+02,  6.71726E+02,  6.48872E+02
 6.10985E+02,  5.47397E+02,  4.64261E+02,  3.78312E+02,  3.02483E+02
 2.42523E+02,  1.96910E+02,  1.62794E+02,  1.38567E+02,  1.23049E+02
 1.14612E+02,  1.11604E+02,  2.18377E+02,  2.18377E+02,  3.12901E+02
 3.12901E+02,  3.12901E+02,  3.12901E+02,  3.12901E+02,  3.12901E+02
 6.94798E+02,  6.71726E+02,  6.48872E+02,  6.10985E+02,  5.47397E+02
 4.64261E+02,  3.78312E+02,  3.02483E+02,  2.42523E+02,  1.96910E+02
 1.62794E+02,  1.38567E+02,  1.23049E+02,  1.14612E+02,  1.11604E+02
 2.18377E+02,  2.18377E+02,  3.12901E+02,  3.12901E+02,  3.12901E+02
 3.12901E+02,  3.12901E+02,  3.12901E+02,  6.94798E+02,  6.71726E+02
 6.48872E+02,  6.10985E+02,  5.47397E+02,  4.64261E+02,  3.78312E+02
 3.02483E+02,  2.42523E+02,  1.96910E+02,  1.62794E+02,  1.38567E+02
 1.23049E+02,  1.14612E+02,  1.11604E+02,  2.18377E+02,  2.18377E+02
 3.12901E+02,  3.12901E+02,  3.12901E+02,  3.12901E+02,  3.12901E+02
 3.12901E+02

;-Sensitivity in the elemental sequential order

 3.27200E-02,  3.32323E-02,  3.02294E-02,  2.43724E-02,  1.90933E-02
 1.51518E-02,  1.21653E-02,  9.74251E-03,  7.73613E-03,  6.12136E-03
 4.86351E-03,  3.90103E-03,  3.16591E-03,  2.60746E-03,  2.19199E-03
 4.17064E-03,  4.17064E-03,  7.72420E-03,  7.72420E-03,  7.72420E-03
 7.72420E-03,  7.72420E-03,  7.72420E-03,  3.27200E-02,  3.32323E-02
 3.02294E-02,  2.43724E-02,  1.90933E-02,  1.51518E-02,  1.21653E-02
 9.74251E-03,  7.73613E-03,  6.12136E-03,  4.86351E-03,  3.90103E-03
 3.16591E-03,  2.60746E-03,  2.19199E-03,  4.17064E-03,  4.17064E-03
 7.72420E-03,  7.72420E-03,  7.72420E-03,  7.72420E-03,  7.72420E-03
 7.72420E-03,  3.27200E-02,  3.32323E-02,  3.02294E-02,  2.43724E-02
 1.90933E-02,  1.51518E-02,  1.21653E-02,  9.74251E-03,  7.73613E-03
 6.12136E-03,  4.86351E-03,  3.90103E-03,  3.16591E-03,  2.60746E-03
 2.19199E-03,  4.17064E-03,  4.17064E-03,  7.72420E-03,  7.72420E-03
 7.72420E-03,  7.72420E-03,  7.72420E-03,  7.72420E-03,  3.27200E-02
 3.32323E-02,  3.02294E-02,  2.43724E-02,  1.90933E-02,  1.51518E-02
 1.21653E-02,  9.74251E-03,  7.73613E-03,  6.12136E-03,  4.86351E-03
 3.90103E-03,  3.16591E-03,  2.60746E-03,  2.19199E-03,  4.17064E-03
 4.17064E-03,  7.72420E-03,  7.72420E-03,  7.72420E-03,  7.72420E-03
 7.72420E-03,  7.72420E-03,  3.27200E-02,  3.32323E-02,  3.02294E-02
 2.43724E-02,  1.90933E-02,  1.51518E-02,  1.21653E-02,  9.74251E-03
 7.73613E-03,  6.12136E-03,  4.86351E-03,  3.90103E-03,  3.16591E-03
 2.60746E-03,  2.19199E-03,  4.17064E-03,  4.17064E-03,  7.72420E-03
 7.72420E-03,  7.72420E-03,  7.72420E-03,  7.72420E-03,  7.72420E-03
 3.27200E-02,  3.32323E-02,  3.02294E-02,  2.43724E-02,  1.90933E-02
 1.51518E-02,  1.21653E-02,  9.74251E-03,  7.73613E-03,  6.12136E-03
 4.86351E-03,  3.90103E-03,  3.16591E-03,  2.60746E-03,  2.19199E-03
 4.17064E-03,  4.17064E-03,  7.72420E-03,  7.72420E-03,  7.72420E-03
 7.72420E-03,  7.72420E-03,  7.72420E-03,  5.72632E-01,  1.21733E-01
 4.43502E-02,  2.42146E-02,  1.54498E-02,  9.51987E-03,  5.27991E-03
 2.71368E-03,  1.41915E-03,  8.42312E-04,  6.30510E-04,  5.66663E-04
 5.03988E-04,  3.99992E-04,  2.86159E-04,  4.38018E-04,  4.38018E-04
 6.83595E-04,  6.83595E-04,  6.83595E-04,  6.83595E-04,  6.83595E-04
 6.83595E-04,  5.72632E-01,  1.21733E-01,  4.43502E-02,  2.42146E-02
 1.54498E-02,  9.51987E-03,  5.27991E-03,  2.71368E-03,  1.41915E-03
 8.42312E-04,  6.30510E-04,  5.66663E-04,  5.03988E-04,  3.99992E-04
 2.86159E-04,  4.38018E-04,  4.38018E-04,  6.83595E-04,  6.83595E-04
 6.83595E-04,  6.83595E-04,  6.83595E-04,  6.83595E-04,  5.76883E-01
 1.11778E-01,  2.84126E-02,  1.43065E-02,  8.66983E-03,  4.83968E-03
 2.49869E-03,  1.41930E-03,  9.07243E-04,  5.92575E-04,  3.79390E-04
 2.45420E-04,  1.69992E-04,  1.26956E-04,  9.90464E-05,  2.32879E-04
 2.32879E-04,  2.95637E-04,  2.95637E-04,  2.95637E-04,  2.95637E-04
 2.95637E-04,  2.95637E-04,  2.27570E+00,  4.24400E-01,  8.90083E-02
 2.17763E-02,  1.06744E-02,  5.88028E-03,  3.08637E-03,  1.67360E-03
 9.93379E-04,  6.21286E-04,  3.93227E-04,  2.54884E-04,  1.77270E-04
 1.34011E-04,  1.08720E-04,  2.57541E-04,  2.57541E-04,  3.20614E-04
 3.20614E-04,  3.20614E-04,  3.20614E-04,  3.20614E-04,  3.20614E-04
 1.15012E+00,  7.42351E-01,  1.42074E-01,  3.11332E-02,  1.21712E-02
 6.27604E-03,  3.30827E-03,  1.76768E-03,  1.01156E-03,  6.18792E-04
 3.93409E-04,  2.60109E-04,  1.84609E-04,  1.42125E-04,  1.17312E-04
 2.70933E-04,  2.70933E-04,  3.28275E-04,  3.28275E-04,  3.28275E-04
 3.28275E-04,  3.28275E-04,  3.28275E-04,  2.29301E+00,  8.89727E-01
 2.01580E-01,  3.73836E-02,  1.28421E-02,  6.28363E-03,  3.35503E-03
 1.81378E-03,  1.02674E-03,  6.18703E-04,  3.93787E-04,  2.65125E-04
 1.92542E-04,  1.51127E-04,  1.25994E-04,  2.85838E-04,  2.85838E-04
 3.37432E-04,  3.37432E-04,  3.37432E-04,  3.37432E-04,  3.37432E-04
 3.37432E-04,  2.16896E+00,  1.07555E+00,  2.02304E-01,  3.86213E-02
 1.26517E-02,  6.06237E-03,  3.29778E-03,  1.83149E-03,  1.04528E-03
 6.25695E-04,  3.97403E-04,  2.71206E-04,  2.01266E-04,  1.60767E-04
 1.34683E-04,  3.02053E-04,  3.02053E-04,  3.48153E-04,  3.48153E-04
 3.48153E-04,  3.48153E-04,  3.48153E-04,  3.48153E-04,  2.53490E+00
 9.05384E-01,  2.16041E-01,  3.83339E-02,  1.22275E-02,  5.84926E-03
 3.23637E-03,  1.85111E-03,  1.07399E-03,  6.41861E-04,  4.05331E-04
 2.78461E-04,  2.10263E-04,  1.70402E-04,  1.43070E-04,  3.19074E-04
 3.19074E-04,  3.59933E-04,  3.59933E-04,  3.59933E-04,  3.59933E-04
 3.59933E-04,  3.59933E-04,  2.43734E+00,  1.01645E+00,  2.04499E-01
 3.87510E-02,  1.21353E-02,  5.84737E-03,  3.27141E-03,  1.90999E-03
 1.12327E-03,  6.70335E-04,  4.19329E-04,  2.87869E-04,  2.19894E-04
 1.80171E-04,  1.51368E-04,  3.37210E-04,  3.37210E-04,  3.73154E-04
 3.73154E-04,  3.73154E-04,  3.73154E-04,  3.73154E-04,  3.73154E-04
 2.53983E+00,  9.58245E-01,  2.17575E-01,  3.89157E-02,  1.23169E-02
 6.08414E-03,  3.44373E-03,  2.02851E-03,  1.19855E-03,  7.12037E-04
 4.39906E-04,  2.99790E-04,  2.30230E-04,  1.90053E-04,  1.59616E-04
 3.56400E-04,  3.56400E-04,  3.87754E-04,  3.87754E-04,  3.87754E-04
 3.87754E-04,  3.87754E-04,  3.87754E-04,  2.52159E+00,  1.06181E+00
 2.12401E-01,  3.96162E-02,  1.26487E-02,  6.48433E-03,  3.73451E-03
 2.20380E-03,  1.29782E-03,  7.65170E-04,  4.66178E-04,  3.13854E-04
 2.40970E-04,  1.99810E-04,  1.67712E-04,  3.76383E-04,  3.76383E-04
 4.03301E-04,  4.03301E-04,  4.03301E-04,  4.03301E-04,  4.03301E-04
 4.03301E-04,  2.63881E+00,  1.01048E+00,  2.22062E-01,  4.11048E-02
 1.32215E-02,  7.01809E-03,  4.11135E-03,  2.42259E-03,  1.41650E-03
 8.28312E-04,  4.98321E-04,  3.30900E-04,  2.52911E-04,  2.10051E-04
 1.76062E-04,  3.97637E-04,  3.97637E-04,  4.20474E-04,  4.20474E-04
 4.20474E-04,  4.20474E-04,  4.20474E-04,  4.20474E-04,  2.68946E+00
 1.06795E+00,  2.20492E-01,  4.30779E-02,  1.40954E-02,  7.64703E-03
 4.52240E-03,  2.65881E-03,  1.54478E-03,  8.97995E-04,  5.35288E-04
 3.50827E-04,  2.66153E-04,  2.20867E-04,  1.84706E-04,  4.20024E-04
 4.20024E-04,  4.39197E-04,  4.39197E-04,  4.39197E-04,  4.39197E-04
 4.39197E-04,  4.39197E-04,  2.58881E+00,  1.04929E+00,  2.31137E-01
 4.50758E-02,  1.50848E-02,  8.25657E-03,  4.89692E-03,  2.88123E-03
 1.67110E-03,  9.69548E-04,  5.74746E-04,  3.72365E-04,  2.79950E-04
 2.31782E-04,  1.93391E-04,  4.42990E-04,  4.42990E-04,  4.58489E-04
 4.58489E-04,  4.58489E-04,  4.58489E-04,  4.58489E-04,  4.58489E-04
 2.51823E+00,  1.04034E+00,  2.33921E-01,  4.69149E-02,  1.58021E-02
 8.69426E-03,  5.17876E-03,  3.07100E-03,  1.79033E-03,  1.04170E-03
 6.16477E-04,  3.95763E-04,  2.94708E-04,  2.43170E-04,  2.02406E-04
 4.66852E-04,  4.66852E-04,  4.78700E-04,  4.78700E-04,  4.78700E-04
 4.78700E-04,  4.78700E-04,  4.78700E-04,  2.48052E+00,  9.93654E-01
 2.39792E-01,  4.77373E-02,  1.58596E-02,  8.81524E-03,  5.32308E-03
 3.21467E-03,  1.89889E-03,  1.11337E-03,  6.59981E-04,  4.20837E-04
 3.10424E-04,  2.55073E-04,  2.11791E-04,  4.91420E-04,  4.91420E-04
 4.99620E-04,  4.99620E-04,  4.99620E-04,  4.99620E-04,  4.99620E-04
 4.99620E-04,  2.37388E+00,  9.73512E-01,  2.40983E-01,  4.79655E-02
 1.54460E-02,  8.64887E-03,  5.33787E-03,  3.31585E-03,  1.99770E-03
 1.18406E-03,  7.04303E-04,  4.46768E-04,  3.26587E-04,  2.67176E-04
 2.21380E-04,  5.16169E-04,  5.16169E-04,  5.20389E-04,  5.20389E-04
 5.20389E-04,  5.20389E-04,  5.20389E-04,  5.20389E-04,  2.75912E+00
 1.04997E+00,  2.48896E-01,  4.85539E-02,  1.53307E-02,  8.49351E-03
 5.33328E-03,  3.41431E-03,  2.10029E-03,  1.25862E-03,  7.51487E-04
 4.74741E-04,  3.44085E-04,  2.80160E-04,  2.31661E-04,  5.41819E-04
 5.41819E-04,  5.42136E-04,  5.42136E-04,  5.42136E-04,  5.42136E-04
 5.42136E-04,  5.42136E-04,  2.61789E+00,  1.14909E+00,  2.48110E-01
 4.86274E-02,  1.59264E-02,  8.66947E-03,  5.45376E-03,  3.55856E-03
 2.22015E-03,  1.34044E-03,  8.02290E-04,  5.04923E-04,  3.63002E-04
 2.94087E-04,  2.42701E-04,  5.68248E-04,  5.68248E-04,  5.64814E-04
 5.64814E-04,  5.64814E-04,  5.64814E-04,  5.64814E-04,  5.64814E-04
 3.15283E+00,  1.23754E+00,  2.51048E-01,  4.98293E-02,  1.71995E-02
 9.31210E-03,  5.81038E-03,  3.78790E-03,  2.36553E-03,  1.42929E-03
 8.54970E-04,  5.35774E-04,  3.82257E-04,  3.08212E-04,  2.54050E-04
 5.94387E-04,  5.94387E-04,  5.86692E-04,  5.86692E-04,  5.86692E-04
 5.86692E-04,  5.86692E-04,  5.86692E-04,  3.12756E+00,  1.21901E+00
 2.60481E-01,  5.29665E-02,  1.90857E-02,  1.03880E-02,  6.44146E-03
 4.12918E-03,  2.54632E-03,  1.52817E-03,  9.10487E-04,  5.67762E-04
 4.02236E-04,  3.22863E-04,  2.65993E-04,  6.20703E-04,  6.20703E-04
 6.08330E-04,  6.08330E-04,  6.08330E-04,  6.08330E-04,  6.08330E-04
 6.08330E-04,  2.82943E+00,  1.21982E+00,  2.61381E-01,  5.69496E-02
 2.12472E-02,  1.16941E-02,  7.26330E-03,  4.56221E-03,  2.75755E-03
 1.63518E-03,  9.67993E-04,  6.00548E-04,  4.22814E-04,  3.37971E-04
 2.78479E-04,  6.46949E-04,  6.46949E-04,  6.29526E-04,  6.29526E-04
 6.29526E-04,  6.29526E-04,  6.29526E-04,  6.29526E-04,  2.88192E+00
 1.10388E+00,  2.69605E-01,  6.04532E-02,  2.31408E-02,  1.29337E-02
 8.11844E-03,  5.02650E-03,  2.97822E-03,  1.74224E-03,  1.02404E-03
 6.32506E-04,  4.43088E-04,  3.52918E-04,  2.91055E-04,  6.72166E-04
 6.72166E-04,  6.49019E-04,  6.49019E-04,  6.49019E-04,  6.49019E-04
 6.49019E-04,  6.49019E-04,  3.10822E+00,  1.16466E+00,  2.75582E-01
 6.30660E-02,  2.45528E-02,  1.39147E-02,  8.88651E-03,  5.47066E-03
 3.19376E-03,  1.84725E-03,  1.07962E-03,  6.65021E-04,  4.64255E-04
 3.68645E-04,  3.04429E-04,  6.97751E-04,  6.97751E-04,  6.68674E-04
 6.68674E-04,  6.68674E-04,  6.68674E-04,  6.68674E-04,  6.68674E-04
 2.84446E+00,  1.27213E+00,  2.82288E-01,  6.50503E-02,  2.54347E-02
 1.45422E-02,  9.46642E-03,  5.83331E-03,  3.37911E-03,  1.94206E-03
 1.13259E-03,  6.97770E-04,  4.86414E-04,  3.85266E-04,  3.18655E-04
 7.23679E-04,  7.23679E-04,  6.88542E-04,  6.88542E-04,  6.88542E-04
 6.88542E-04,  6.88542E-04,  6.88542E-04,  3.31664E+00,  1.31329E+00
 2.80428E-01,  6.58245E-02,  2.57862E-02,  1.48392E-02,  9.78979E-03
 6.05032E-03,  3.49989E-03,  2.01126E-03,  1.17629E-03,  7.27640E-04
 5.07793E-04,  4.01526E-04,  3.32723E-04,  7.47977E-04,  7.47977E-04
 7.06151E-04,  7.06151E-04,  7.06151E-04,  7.06151E-04,  7.06151E-04
 7.06151E-04,  3.36919E+00,  1.27077E+00,  2.79895E-01,  6.65847E-02
 2.60711E-02,  1.50114E-02,  9.89798E-03,  6.11570E-03,  3.54952E-03
 2.05270E-03,  1.21069E-03,  7.55136E-04,  5.28922E-04,  4.17866E-04
 3.46938E-04,  7.71374E-04,  7.71374E-04,  7.22403E-04,  7.22403E-04
 7.22403E-04,  7.22403E-04,  7.22403E-04,  7.22403E-04,  3.21375E+00
 1.25660E+00,  2.80211E-01,  6.80957E-02,  2.66372E-02,  1.51930E-02
 9.84926E-03,  6.04774E-03,  3.53146E-03,  2.06640E-03,  1.23551E-03
 7.80122E-04,  5.49733E-04,  4.34224E-04,  3.61169E-04,  7.93649E-04
 7.93649E-04,  7.37208E-04,  7.37208E-04,  7.37208E-04,  7.37208E-04
 7.37208E-04,  7.37208E-04,  3.20968E+00,  1.23689E+00,  2.85767E-01
 6.96759E-02,  2.72716E-02,  1.53389E-02,  9.68893E-03,  5.88543E-03
 3.45969E-03,  2.05443E-03,  1.24966E-03,  8.01201E-04,  5.69068E-04
 4.49669E-04,  3.74584E-04,  8.13341E-04,  8.13341E-04,  7.49053E-04
 7.49053E-04,  7.49053E-04,  7.49053E-04,  7.49053E-04,  7.49053E-04
 3.21726E+00,  1.28251E+00,  2.89697E-01,  7.09168E-02,  2.77303E-02
 1.54103E-02,  9.51353E-03,  5.72134E-03,  3.38077E-03,  2.03542E-03
 1.26043E-03,  8.21688E-04,  5.88916E-04,  4.65684E-04,  3.88338E-04
 8.32702E-04,  8.32702E-04,  7.60463E-04,  7.60463E-04,  7.60463E-04
 7.60463E-04,  7.60463E-04,  7.60463E-04,  3.22618E+00,  1.29329E+00
 2.93616E-01,  7.17592E-02,  2.80207E-02,  1.54211E-02,  9.41479E-03
 5.64013E-03,  3.33498E-03,  2.02300E-03,  1.27160E-03,  8.42593E-04
 6.09659E-04,  4.82498E-04,  4.02531E-04,  8.51834E-04,  8.51834E-04
 7.71579E-04,  7.71579E-04,  7.71579E-04,  7.71579E-04,  7.71579E-04
 7.71579E-04,  3.84405E+00,  1.37766E+00,  3.04794E-01,  7.33841E-02
 2.84878E-02,  1.55045E-02,  9.49650E-03,  5.70579E-03,  3.34685E-03
 2.02191E-03,  1.28171E-03,  8.61433E-04,  6.29058E-04,  4.98237E-04
 4.15529E-04,  8.67805E-04,  8.67805E-04,  7.79469E-04,  7.79469E-04
 7.79469E-04,  7.79469E-04,  7.79469E-04,  7.79469E-04,  3.52673E+00
 1.47289E+00,  3.16207E-01,  7.69753E-02,  2.96981E-02,  1.59222E-02
 9.89796E-03,  5.97371E-03,  3.43836E-03,  2.04147E-03,  1.29472E-03
 8.79995E-04,  6.48061E-04,  5.13545E-04,  4.27828E-04,  8.81674E-04
 8.81674E-04,  7.85348E-04,  7.85348E-04,  7.85348E-04,  7.85348E-04
 7.85348E-04,  7.85348E-04,  4.46675E+00,  1.56386E+00,  3.35934E-01
 8.38790E-02,  3.16945E-02,  1.67812E-02,  1.06477E-02,  6.42288E-03
 3.59614E-03,  2.07886E-03,  1.31088E-03,  8.98683E-04,  6.66792E-04
 5.28412E-04,  4.39354E-04,  8.93372E-04,  8.93372E-04,  7.89282E-04
 7.89282E-04,  7.89282E-04,  7.89282E-04,  7.89282E-04,  7.89282E-04
 4.00169E+00,  1.55673E+00,  3.57826E-01,  9.14669E-02,  3.38222E-02
 1.79337E-02,  1.16142E-02,  6.95009E-03,  3.77283E-03,  2.11943E-03
 1.32628E-03,  9.15867E-04,  6.83909E-04,  5.41615E-04,  4.49035E-04
 9.01125E-04,  9.01125E-04,  7.89751E-04,  7.89751E-04,  7.89751E-04
 7.89751E-04,  7.89751E-04,  7.89751E-04,  4.08373E+00,  1.49622E+00
 3.61399E-01,  9.58821E-02,  3.53623E-02,  1.91725E-02,  1.26029E-02
 7.43550E-03,  3.92491E-03,  2.15591E-03,  1.34367E-03,  9.35078E-04
 7.02092E-04,  5.55221E-04,  4.58605E-04,  9.08026E-04,  9.08026E-04
 7.89643E-04,  7.89643E-04,  7.89643E-04,  7.89643E-04,  7.89643E-04
 7.89643E-04,  4.05752E+00,  1.40888E+00,  3.57369E-01,  9.66744E-02
 3.65704E-02,  2.02989E-02,  1.33553E-02,  7.73857E-03,  4.00409E-03
 2.17766E-03,  1.36271E-03,  9.57281E-04,  7.21926E-04,  5.69544E-04
 4.68261E-04,  9.14367E-04,  9.14367E-04,  7.89154E-04,  7.89154E-04
 7.89154E-04,  7.89154E-04,  7.89154E-04,  7.89154E-04,  4.40493E+00
 1.51453E+00,  3.81452E-01,  1.01911E-01,  3.84204E-02,  2.10674E-02
 1.36193E-02,  7.74079E-03,  3.97168E-03,  2.17387E-03,  1.37962E-03
 9.79596E-04,  7.40624E-04,  5.82082E-04,  4.75868E-04,  9.16626E-04
 9.16626E-04,  7.85358E-04,  7.85358E-04,  7.85358E-04,  7.85358E-04
 7.85358E-04,  7.85358E-04,  4.26392E+00,  1.76263E+00,  4.18126E-01
 1.08762E-01,  3.99850E-02,  2.12540E-02,  1.33446E-02,  7.44835E-03
 3.84368E-03,  2.15563E-03,  1.39990E-03,  1.00437E-03,  7.59328E-04
 5.93630E-04,  4.82172E-04,  9.16257E-04,  9.16257E-04,  7.79672E-04
 7.79672E-04,  7.79672E-04,  7.79672E-04,  7.79672E-04,  7.79672E-04
 4.52284E+00,  1.75800E+00,  4.15808E-01,  1.07105E-01,  3.97833E-02
 2.08724E-02,  1.26654E-02,  6.95815E-03,  3.66765E-03,  2.14124E-03
 1.42871E-03,  1.03255E-03,  7.78079E-04,  6.04164E-04,  4.87216E-04
 9.13505E-04,  9.13505E-04,  7.72316E-04,  7.72316E-04,  7.72316E-04
 7.72316E-04,  7.72316E-04,  7.72316E-04,  4.80995E+00,  1.62945E+00
 3.73717E-01,  1.00911E-01,  3.87274E-02,  2.02529E-02,  1.18110E-02
 6.41575E-03,  3.50770E-03,  2.14889E-03,  1.46759E-03,  1.06217E-03
 7.94878E-04,  6.12147E-04,  4.89870E-04,  9.06717E-04,  9.06717E-04
 7.61997E-04,  7.61997E-04,  7.61997E-04,  7.61997E-04,  7.61997E-04
 7.61997E-04,  5.06462E+00,  1.58653E+00,  3.76381E-01,  1.02411E-01
 3.87636E-02,  1.96930E-02,  1.09752E-02,  5.98510E-03,  3.44248E-03
 2.20273E-03,  1.52337E-03,  1.09650E-03,  8.12409E-04,  6.20020E-04
 4.92324E-04,  8.99587E-04,  8.99587E-04,  7.51558E-04,  7.51558E-04
 7.51558E-04,  7.51558E-04,  7.51558E-04,  7.51558E-04,  4.67390E+00
 1.82644E+00,  4.15583E-01,  1.08617E-01,  3.99759E-02,  1.92570E-02
 1.02441E-02,  5.77728E-03,  3.51431E-03,  2.30821E-03,  1.59478E-03
 1.13457E-03,  8.30490E-04,  6.27967E-04,  4.94832E-04,  8.92623E-04
 8.92623E-04,  7.41181E-04,  7.41181E-04,  7.41181E-04,  7.41181E-04
 7.41181E-04,  7.41181E-04,  5.86204E+00,  1.81339E+00,  4.16011E-01
 1.04728E-01,  4.00397E-02,  1.88717E-02,  9.79631E-03,  5.86996E-03
 3.71773E-03,  2.44764E-03,  1.66968E-03,  1.16910E-03,  8.44645E-04
 6.32972E-04,  4.95170E-04,  8.82420E-04,  8.82420E-04,  7.28328E-04
 7.28328E-04,  7.28328E-04,  7.28328E-04,  7.28328E-04,  7.28328E-04
 5.59614E+00,  1.98438E+00,  4.52265E-01,  1.14350E-01,  4.13721E-02
 1.86871E-02,  9.86566E-03,  6.29884E-03,  4.02787E-03,  2.60431E-03
 1.74157E-03,  1.19856E-03,  8.55320E-04,  6.36063E-04,  4.94435E-04
 8.70804E-04,  8.70804E-04,  7.14408E-04,  7.14408E-04,  7.14408E-04
 7.14408E-04,  7.14408E-04,  7.14408E-04,  6.99577E+00,  2.25505E+00
 5.44408E-01,  1.41702E-01,  4.70793E-02,  1.92480E-02,  1.04421E-02
 6.96500E-03,  4.38647E-03,  2.75405E-03,  1.80166E-03,  1.22028E-03
 8.62140E-04,  6.37532E-04,  4.93006E-04,  8.58387E-04,  8.58387E-04
 6.99679E-04,  6.99679E-04,  6.99679E-04,  6.99679E-04,  6.99679E-04
 6.99679E-04,  5.86690E+00,  2.11699E+00,  5.75824E-01,  1.49940E-01
 5.03999E-02,  2.01205E-02,  1.12946E-02,  7.67523E-03,  4.71092E-03
 2.86681E-03,  1.83837E-03,  1.22958E-03,  8.63150E-04,  6.36383E-04
 4.90209E-04,  8.44008E-04,  8.44008E-04,  6.83151E-04,  6.83151E-04
 6.83151E-04,  6.83151E-04,  6.83151E-04,  6.83151E-04,  6.13637E+00
 1.91655E+00,  4.93577E-01,  1.31967E-01,  4.66767E-02,  2.05568E-02
 1.21933E-02,  8.26565E-03,  4.94571E-03,  2.93393E-03,  1.85423E-03
 1.23087E-03,  8.62462E-04,  6.35883E-04,  4.88550E-04,  8.31349E-04
 8.31349E-04,  6.67227E-04,  6.67227E-04,  6.67227E-04,  6.67227E-04
 6.67227E-04,  6.67227E-04,  6.38927E+00,  1.75050E+00,  4.47076E-01
 1.13939E-01,  4.17873E-02,  2.10161E-02,  1.29033E-02,  8.59821E-03
 5.04420E-03,  2.94710E-03,  1.84928E-03,  1.22566E-03,  8.61461E-04
 6.36893E-04,  4.88473E-04,  8.20897E-04,  8.20897E-04,  6.51982E-04
 6.51982E-04,  6.51982E-04,  6.51982E-04,  6.51982E-04,  6.51982E-04
 6.53737E+00,  1.98275E+00,  5.57347E-01,  1.28121E-01,  4.27078E-02
 2.18390E-02,  1.31625E-02,  8.57002E-03,  4.97085E-03,  2.89495E-03
 1.81831E-03,  1.21109E-03,  8.58050E-04,  6.37538E-04,  4.88312E-04
 8.09786E-04,  8.09786E-04,  6.35421E-04,  6.35421E-04,  6.35421E-04
 6.35421E-04,  6.35421E-04,  6.35421E-04,  6.65417E+00,  2.90404E+00
 7.14682E-01,  1.38911E-01,  4.42864E-02,  2.21134E-02,  1.28404E-02
 8.19203E-03,  4.74954E-03,  2.79386E-03,  1.77114E-03,  1.19331E-03
 8.55798E-04,  6.39834E-04,  4.89354E-04,  7.99704E-04,  7.99704E-04
 6.18732E-04,  6.18732E-04,  6.18732E-04,  6.18732E-04,  6.18732E-04
 6.18732E-04,  5.20835E+00,  2.25713E+00,  5.80337E-01,  1.20176E-01
 4.33107E-02,  2.13033E-02,  1.19763E-02,  7.53847E-03,  4.42742E-03
 2.66530E-03,  1.71843E-03,  1.17789E-03,  8.57124E-04,  6.44690E-04
 4.91959E-04,  7.91054E-04,  7.91054E-04,  6.02094E-04,  6.02094E-04
 6.02094E-04,  6.02094E-04,  6.02094E-04,  6.02094E-04,  6.83958E+00
 1.73052E+00,  4.57439E-01,  1.07657E-01,  4.27638E-02,  1.97755E-02
 1.07583E-02,  6.72638E-03,  4.06364E-03,  2.53126E-03,  1.66948E-03
 1.16830E-03,  8.62425E-04,  6.51513E-04,  4.95422E-04,  7.82677E-04
 7.82677E-04,  5.84760E-04,  5.84760E-04,  5.84760E-04,  5.84760E-04
 5.84760E-04,  5.84760E-04,  4.24597E+00,  1.66913E+00,  3.81762E-01
 1.11335E-01,  4.09036E-02,  1.78654E-02,  9.48649E-03,  5.94174E-03
 3.74834E-03,  2.42917E-03,  1.64262E-03,  1.17312E-03,  8.75709E-04
 6.62597E-04,  5.01395E-04,  7.77249E-04,  7.77249E-04,  5.68512E-04
 5.68512E-04,  5.68512E-04,  5.68512E-04,  5.68512E-04,  5.68512E-04
 4.41889E+00,  1.66308E+00,  3.95379E-01,  1.04995E-01,  3.56326E-02
 1.58759E-02,  8.42705E-03,  5.36250E-03,  3.55149E-03,  2.38205E-03
 1.64641E-03,  1.19432E-03,  8.96868E-04,  6.77521E-04,  5.09531E-04
 7.74600E-04,  7.74600E-04,  5.53269E-04,  5.53269E-04,  5.53269E-04
 5.53269E-04,  5.53269E-04,  5.53269E-04,  3.93077E+00,  1.69131E+00
 3.66642E-01,  8.86293E-02,  3.08802E-02,  1.44263E-02,  7.81277E-03
 5.12284E-03,  3.50468E-03,  2.39440E-03,  1.67783E-03,  1.22697E-03
 9.21767E-04,  6.93303E-04,  5.17695E-04,  7.71878E-04,  7.71878E-04
 5.37556E-04,  5.37556E-04,  5.37556E-04,  5.37556E-04,  5.37556E-04
 5.37556E-04,  4.32585E+00,  1.51022E+00,  3.42396E-01,  8.40114E-02
 3.01242E-02,  1.39377E-02,  7.78009E-03,  5.24541E-03,  3.60107E-03
 2.46431E-03,  1.73404E-03,  1.26897E-03,  9.49613E-04,  7.09901E-04
 5.26203E-04,  7.70010E-04,  7.70010E-04,  5.22264E-04,  5.22264E-04
 5.22264E-04,  5.22264E-04,  5.22264E-04,  5.22264E-04,  4.46326E+00
 1.53445E+00,  3.43287E-01,  8.92751E-02,  3.25322E-02,  1.45085E-02
 8.27453E-03,  5.60474E-03,  3.78742E-03,  2.57079E-03,  1.80362E-03
 1.31454E-03,  9.77726E-04,  7.26094E-04,  5.34491E-04,  7.68723E-04
 7.68723E-04,  5.07433E-04,  5.07433E-04,  5.07433E-04,  5.07433E-04
 5.07433E-04,  5.07433E-04,  3.92892E+00,  1.68729E+00,  3.89091E-01
 1.03004E-01,  3.73866E-02,  1.61587E-02,  9.17005E-03,  6.07493E-03
 4.01105E-03,  2.68546E-03,  1.87049E-03,  1.35530E-03,  1.00181E-03
 7.39536E-04,  5.41166E-04,  7.66497E-04,  7.66497E-04,  4.92498E-04
 4.92498E-04,  4.92498E-04,  4.92498E-04,  4.92498E-04,  4.92498E-04
 5.95475E+00,  1.84234E+00,  4.29336E-01,  1.16743E-01,  4.27672E-02
 1.84296E-02,  1.03037E-02,  6.62078E-03,  4.25747E-03,  2.79739E-03
 1.92928E-03,  1.39000E-03,  1.02249E-03,  7.51351E-04,  5.47372E-04
 7.65315E-04,  7.65315E-04,  4.78649E-04,  4.78649E-04,  4.78649E-04
 4.78649E-04,  4.78649E-04,  4.78649E-04,  4.96659E+00,  1.93907E+00
 4.56528E-01,  1.16818E-01,  4.47495E-02,  2.02532E-02,  1.14221E-02
 7.19434E-03,  4.50588E-03,  2.89468E-03,  1.97354E-03,  1.41546E-03
 1.03824E-03,  7.60747E-04,  5.52630E-04,  7.64777E-04,  7.64777E-04
 4.65680E-04,  4.65680E-04,  4.65680E-04,  4.65680E-04,  4.65680E-04
 4.65680E-04,  7.66260E+00,  1.96852E+00,  5.01341E-01,  1.09667E-01
 4.24901E-02,  2.08904E-02,  1.22486E-02,  7.68797E-03,  4.71269E-03
 2.95954E-03,  1.99409E-03,  1.42585E-03,  1.04502E-03,  7.64900E-04
 5.54896E-04,  7.62230E-04,  7.62230E-04,  4.52559E-04,  4.52559E-04
 4.52559E-04,  4.52559E-04,  4.52559E-04,  4.52559E-04,  6.31935E+00
 2.15220E+00,  5.59332E-01,  1.05843E-01,  3.87620E-02,  2.04548E-02
 1.26325E-02,  8.01428E-03,  4.85223E-03,  2.99124E-03,  1.99443E-03
 1.42372E-03,  1.04433E-03,  7.64763E-04,  5.54853E-04,  7.58591E-04
 7.58591E-04,  4.39919E-04,  4.39919E-04,  4.39919E-04,  4.39919E-04
 4.39919E-04,  4.39919E-04,  7.94066E+00,  2.07293E+00,  5.62693E-01
 1.06267E-01,  3.69332E-02,  1.96335E-02,  1.25551E-02,  8.11158E-03
 4.90369E-03,  2.99016E-03,  1.97829E-03,  1.41113E-03,  1.03688E-03
 7.60460E-04,  5.52455E-04,  7.53715E-04,  7.53715E-04,  4.27701E-04
 4.27701E-04,  4.27701E-04,  4.27701E-04,  4.27701E-04,  4.27701E-04
 7.68842E+00,  2.07873E+00,  5.57677E-01,  1.13280E-01,  3.94205E-02
 1.93378E-02,  1.21454E-02,  7.96583E-03,  4.85648E-03,  2.95679E-03
 1.94803E-03,  1.38889E-03,  1.02225E-03,  7.51235E-04,  5.46946E-04
 7.46437E-04,  7.46437E-04,  4.15498E-04,  4.15498E-04,  4.15498E-04
 4.15498E-04,  4.15498E-04,  4.15498E-04,  6.80996E+00,  2.04293E+00
 5.62572E-01,  1.26641E-01,  4.58564E-02,  2.00686E-02,  1.16629E-02
 7.65572E-03,  4.74265E-03,  2.91086E-03,  1.91662E-03,  1.36482E-03
 1.00507E-03,  7.39907E-04,  5.40181E-04,  7.38890E-04,  7.38890E-04
 4.04061E-04,  4.04061E-04,  4.04061E-04,  4.04061E-04,  4.04061E-04
 4.04061E-04,  7.72258E+00,  2.08641E+00,  5.36846E-01,  1.43285E-01
 5.27695E-02,  2.13236E-02,  1.12571E-02,  7.25883E-03,  4.58967E-03
 2.86379E-03,  1.88998E-03,  1.34187E-03,  9.86608E-04,  7.26960E-04
 5.32287E-04,  7.30963E-04,  7.30963E-04,  3.93124E-04,  3.93124E-04
 3.93124E-04,  3.93124E-04,  3.93124E-04,  3.93124E-04,  6.35272E+00
 2.01285E+00,  5.37279E-01,  1.55544E-01,  5.64400E-02,  2.21970E-02
 1.09122E-02,  6.82722E-03,  4.41305E-03,  2.81590E-03,  1.86592E-03
 1.31785E-03,  9.64939E-04,  7.10774E-04,  5.21873E-04,  7.20632E-04
 7.20632E-04,  3.82034E-04,  3.82034E-04,  3.82034E-04,  3.82034E-04
 3.82034E-04,  3.82034E-04,  6.69476E+00,  2.07153E+00,  5.29385E-01
 1.55481E-01,  5.55620E-02,  2.23318E-02,  1.06095E-02,  6.43432E-03
 4.24937E-03,  2.77918E-03,  1.84951E-03,  1.29618E-03,  9.42581E-04
 6.93082E-04,  5.10108E-04,  7.09094E-04,  7.09094E-04,  3.71256E-04
 3.71256E-04,  3.71256E-04,  3.71256E-04,  3.71256E-04,  3.71256E-04
 5.85919E+00,  2.05500E+00,  5.03075E-01,  1.41758E-01,  5.18896E-02
 2.19250E-02,  1.03558E-02,  6.12915E-03,  4.12247E-03,  2.75770E-03
 1.84069E-03,  1.27724E-03,  9.20209E-04,  6.74437E-04,  4.97345E-04
 6.96479E-04,  6.96479E-04,  3.60695E-04,  3.60695E-04,  3.60695E-04
 3.60695E-04,  3.60695E-04,  3.60695E-04,  5.93337E+00,  1.87148E+00
 4.48183E-01,  1.25975E-01,  4.80815E-02,  2.14008E-02,  1.02059E-02
 5.94004E-03,  4.04168E-03,  2.74778E-03,  1.83484E-03,  1.25866E-03
 8.96890E-04,  6.54399E-04,  4.83240E-04,  6.82088E-04,  6.82088E-04
 3.50109E-04,  3.50109E-04,  3.50109E-04,  3.50109E-04,  3.50109E-04
 3.50109E-04,  5.77378E+00,  1.70619E+00,  4.07623E-01,  1.15381E-01
 4.56052E-02,  2.12701E-02,  1.02725E-02,  5.90305E-03,  4.02471E-03
 2.75593E-03,  1.83508E-03,  1.24352E-03,  8.75559E-04,  6.35335E-04
 4.69590E-04,  6.67896E-04,  6.67896E-04,  3.39931E-04,  3.39931E-04
 3.39931E-04,  3.39931E-04,  3.39931E-04,  3.39931E-04,  5.65360E+00
 1.72509E+00,  3.99525E-01,  1.12862E-01,  4.57027E-02,  2.18341E-02
 1.05768E-02,  6.00712E-03,  4.06629E-03,  2.77826E-03,  1.83868E-03
 1.23078E-03,  8.56126E-04,  6.17439E-04,  4.56573E-04,  6.53847E-04
 6.53847E-04,  3.29874E-04,  3.29874E-04,  3.29874E-04,  3.29874E-04
 3.29874E-04,  3.29874E-04,  5.44465E+00,  1.74206E+00,  4.12188E-01
 1.17327E-01,  4.81538E-02,  2.28643E-02,  1.10018E-02,  6.19608E-03
 4.14064E-03,  2.80111E-03,  1.83745E-03,  1.21580E-03,  8.36099E-04
 5.99253E-04,  4.43120E-04,  6.38494E-04,  6.38494E-04,  3.19631E-04
 3.19631E-04,  3.19631E-04,  3.19631E-04,  3.19631E-04,  3.19631E-04
 5.69014E+00,  1.79784E+00,  4.24806E-01,  1.23217E-01,  5.06501E-02
 2.37575E-02,  1.14103E-02,  6.43115E-03,  4.23681E-03,  2.82301E-03
 1.83231E-03,  1.20007E-03,  8.17008E-04,  5.82078E-04,  4.30236E-04
 6.22955E-04,  6.22955E-04,  3.09561E-04,  3.09561E-04,  3.09561E-04
 3.09561E-04,  3.09561E-04,  3.09561E-04,  5.21738E+00,  1.81617E+00
 4.29295E-01,  1.24566E-01,  5.11682E-02,  2.39546E-02,  1.16848E-02
 6.67548E-03,  4.33894E-03,  2.83890E-03,  1.82213E-03,  1.18358E-03
 7.99152E-04,  5.66239E-04,  4.18174E-04,  6.07334E-04,  6.07334E-04
 2.99563E-04,  2.99563E-04,  2.99563E-04,  2.99563E-04,  2.99563E-04
 2.99563E-04,  5.26642E+00,  1.76070E+00,  4.14896E-01,  1.20602E-01
 4.93645E-02,  2.33332E-02,  1.17966E-02,  6.90054E-03,  4.42716E-03
 2.84027E-03,  1.80376E-03,  1.16496E-03,  7.81824E-04,  5.51301E-04
 4.06566E-04,  5.91142E-04,  5.91142E-04,  2.89574E-04,  2.89574E-04
 2.89574E-04,  2.89574E-04,  2.89574E-04,  2.89574E-04,  5.47861E+00
 1.66944E+00,  3.98298E-01,  1.14341E-01,  4.64353E-02,  2.23575E-02
 1.18736E-02,  7.12540E-03,  4.50585E-03,  2.83355E-03,  1.78341E-03
 1.14859E-03,  7.67871E-04,  5.39135E-04,  3.96739E-04,  5.75837E-04
 5.75837E-04,  2.79753E-04,  2.79753E-04,  2.79753E-04,  2.79753E-04
 2.79753E-04,  2.79753E-04,  5.31033E+00,  1.72308E+00,  4.01639E-01
 1.11617E-01,  4.42011E-02,  2.16059E-02,  1.20303E-02,  7.35029E-03
 4.56797E-03,  2.81767E-03,  1.76222E-03,  1.13542E-03,  7.57715E-04
 5.29850E-04,  3.88658E-04,  5.61195E-04,  5.61195E-04,  2.69807E-04
 2.69807E-04,  2.69807E-04,  2.69807E-04,  2.69807E-04,  2.69807E-04
 5.38902E+00,  1.81976E+00,  4.28918E-01,  1.15640E-01,  4.37474E-02
 2.13251E-02,  1.22608E-02,  7.53492E-03,  4.59058E-03,  2.78357E-03
 1.73649E-03,  1.12321E-03,  7.49620E-04,  5.22051E-04,  3.81143E-04
 5.46137E-04,  5.46137E-04,  2.59769E-04,  2.59769E-04,  2.59769E-04
 2.59769E-04,  2.59769E-04,  2.59769E-04,  5.35973E+00,  1.87818E+00
 4.55933E-01,  1.23123E-01,  4.45327E-02,  2.13586E-02,  1.24974E-02
 7.65490E-03,  4.57317E-03,  2.73748E-03,  1.71155E-03,  1.11502E-03
 7.45141E-04,  5.16541E-04,  3.74674E-04,  5.31483E-04,  5.31483E-04
 2.49905E-04,  2.49905E-04,  2.49905E-04,  2.49905E-04,  2.49905E-04
 2.49905E-04,  5.66274E+00,  1.78002E+00,  4.50916E-01,  1.23896E-01
 4.47072E-02,  2.13397E-02,  1.26133E-02,  7.67364E-03,  4.51270E-03
 2.68322E-03,  1.69017E-03,  1.11189E-03,  7.44392E-04,  5.13131E-04
 3.69034E-04,  5.17146E-04,  5.17146E-04,  2.40129E-04,  2.40129E-04
 2.40129E-04,  2.40129E-04,  2.40129E-04,  2.40129E-04,  5.49218E+00
 1.80441E+00,  4.40291E-01,  1.17054E-01,  4.34451E-02,  2.10893E-02
 1.25146E-02,  7.56259E-03,  4.40694E-03,  2.62228E-03,  1.67233E-03
 1.11262E-03,  7.46008E-04,  5.10700E-04,  3.63374E-04,  5.02707E-04
 5.02707E-04,  2.30546E-04,  2.30546E-04,  2.30546E-04,  2.30546E-04
 2.30546E-04,  2.30546E-04,  5.85819E+00,  1.83060E+00,  4.45939E-01
 1.13092E-01,  4.21619E-02,  2.07562E-02,  1.22463E-02,  7.36181E-03
 4.28390E-03,  2.56936E-03,  1.66465E-03,  1.12023E-03,  7.51552E-04
 5.10209E-04,  3.58410E-04,  4.89025E-04,  4.89025E-04,  2.21070E-04
 2.21070E-04,  2.21070E-04,  2.21070E-04,  2.21070E-04,  2.21070E-04
 5.92294E+00,  1.87627E+00,  4.71632E-01,  1.16063E-01,  4.19421E-02
 2.04301E-02,  1.18763E-02,  7.11629E-03,  4.16223E-03,  2.52936E-03
 1.66711E-03,  1.13360E-03,  7.60022E-04,  5.10939E-04,  3.53671E-04
 4.75642E-04,  4.75642E-04,  2.11425E-04,  2.11425E-04,  2.11425E-04
 2.11425E-04,  2.11425E-04,  2.11425E-04,  6.17830E+00,  2.04923E+00
 4.99858E-01,  1.20244E-01,  4.19950E-02,  2.00509E-02,  1.14750E-02
 6.86575E-03,  4.04831E-03,  2.49706E-03,  1.67311E-03,  1.14755E-03
 7.67814E-04,  5.10579E-04,  3.47652E-04,  4.61842E-04,  4.61842E-04
 2.01950E-04,  2.01950E-04,  2.01950E-04,  2.01950E-04,  2.01950E-04
 2.01950E-04,  6.05270E+00,  2.01574E+00,  5.05452E-01,  1.19623E-01
 4.16075E-02,  1.96949E-02,  1.11722E-02,  6.67274E-03,  3.95965E-03
 2.47522E-03,  1.68248E-03,  1.16164E-03,  7.74721E-04,  5.09177E-04
 3.40571E-04,  4.48200E-04,  4.48200E-04,  1.92828E-04,  1.92828E-04
 1.92828E-04,  1.92828E-04,  1.92828E-04,  1.92828E-04,  6.10402E+00
 1.98580E+00,  4.79517E-01,  1.16114E-01,  4.11406E-02,  1.94916E-02
 1.10336E-02,  6.55414E-03,  3.89509E-03,  2.46051E-03,  1.69281E-03
 1.17416E-03,  7.79618E-04,  5.06131E-04,  3.32210E-04,  4.34543E-04
 4.34543E-04,  1.83991E-04,  1.83991E-04,  1.83991E-04,  1.83991E-04
 1.83991E-04,  1.83991E-04,  6.22590E+00,  1.78063E+00,  4.63052E-01
 1.18092E-01,  4.13127E-02,  1.95032E-02,  1.10223E-02,  6.48044E-03
 3.84159E-03,  2.44769E-03,  1.70102E-03,  1.18254E-03,  7.80625E-04
 5.00370E-04,  3.22067E-04,  4.20725E-04,  4.20725E-04,  1.75670E-04
 1.75670E-04,  1.75670E-04,  1.75670E-04,  1.75670E-04,  1.75670E-04
 6.26248E+00,  2.04642E+00,  5.16132E-01,  1.28471E-01,  4.22322E-02
 1.97217E-02,  1.10688E-02,  6.43193E-03,  3.80698E-03,  2.44833E-03
 1.71468E-03,  1.19074E-03,  7.79911E-04,  4.93248E-04,  3.11143E-04
 4.07105E-04,  4.07105E-04,  1.67592E-04,  1.67592E-04,  1.67592E-04
 1.67592E-04,  1.67592E-04,  1.67592E-04,  6.06299E+00,  2.18859E+00
 5.62674E-01,  1.32662E-01,  4.27259E-02,  1.98766E-02,  1.10503E-02
 6.38599E-03,  3.80239E-03,  2.47416E-03,  1.73912E-03,  1.20012E-03
 7.77574E-04,  4.84716E-04,  2.99484E-04,  3.93192E-04,  3.93192E-04
 1.59540E-04,  1.59540E-04,  1.59540E-04,  1.59540E-04,  1.59540E-04
 1.59540E-04,  6.56559E+00,  1.99695E+00,  5.02738E-01,  1.23537E-01
 4.17887E-02,  1.96342E-02,  1.08967E-02,  6.34977E-03,  3.84556E-03
 2.53436E-03,  1.77531E-03,  1.20872E-03,  7.71802E-04,  4.73807E-04
 2.86695E-04,  3.79041E-04,  3.79041E-04,  1.52037E-04,  1.52037E-04
 1.52037E-04,  1.52037E-04,  1.52037E-04,  1.52037E-04,  6.74724E+00
 1.89496E+00,  4.72308E-01,  1.17253E-01,  4.07128E-02,  1.92542E-02
 1.07754E-02,  6.41218E-03,  3.97784E-03,  2.64577E-03,  1.82943E-03
 1.21938E-03,  7.64462E-04,  4.61844E-04,  2.73771E-04,  3.65217E-04
 3.65217E-04,  1.45173E-04,  1.45173E-04,  1.45173E-04,  1.45173E-04
 1.45173E-04,  1.45173E-04,  6.81581E+00,  2.02527E+00,  5.16456E-01
 1.27926E-01,  4.26460E-02,  1.95708E-02,  1.09513E-02,  6.65098E-03
 4.21563E-03,  2.80800E-03,  1.89945E-03,  1.23170E-03,  7.56047E-04
 4.49452E-04,  2.61292E-04,  3.51689E-04,  3.51689E-04,  1.38883E-04
 1.38883E-04,  1.38883E-04,  1.38883E-04,  1.38883E-04,  1.38883E-04
 6.57052E+00,  2.17211E+00,  5.91537E-01,  1.47569E-01,  4.71019E-02
 2.06901E-02,  1.14408E-02,  7.03291E-03,  4.51997E-03,  2.99366E-03
 1.97199E-03,  1.24115E-03,  7.45677E-04,  4.36819E-04,  2.49679E-04
 3.38761E-04,  3.38761E-04,  1.33374E-04,  1.33374E-04,  1.33374E-04
 1.33374E-04,  1.33374E-04,  1.33374E-04,  6.50852E+00,  2.14861E+00
 5.89378E-01,  1.48947E-01,  4.83400E-02,  2.13917E-02,  1.19228E-02
 7.43269E-03,  4.82878E-03,  3.17480E-03,  2.03942E-03,  1.24847E-03
 7.35536E-04,  4.25536E-04,  2.39930E-04,  3.26402E-04,  3.26402E-04
 1.28332E-04,  1.28332E-04,  1.28332E-04,  1.28332E-04,  1.28332E-04
 1.28332E-04,  6.62413E+00,  1.87614E+00,  5.07215E-01,  1.31502E-01
 4.47775E-02,  2.08400E-02,  1.20271E-02,  7.67333E-03,  5.05321E-03
 3.31119E-03,  2.08774E-03,  1.25045E-03,  7.25446E-04,  4.15922E-04
 2.32385E-04,  3.14309E-04,  3.14309E-04,  1.23627E-04,  1.23627E-04
 1.23627E-04,  1.23627E-04,  1.23627E-04,  1.23627E-04,  6.82729E+00
 1.79979E+00,  4.93403E-01,  1.24275E-01,  4.15755E-02,  1.97526E-02
 1.16737E-02,  7.61278E-03,  5.09682E-03,  3.35163E-03,  2.09488E-03
 1.23944E-03,  7.13335E-04,  4.07697E-04,  2.27249E-04,  3.03142E-04
 3.03142E-04,  1.19627E-04,  1.19627E-04,  1.19627E-04,  1.19627E-04
 1.19627E-04,  1.19627E-04,  6.42316E+00,  2.10971E+00,  5.35519E-01
 1.29129E-01,  4.25097E-02,  1.94902E-02,  1.11258E-02,  7.25969E-03
 4.93897E-03,  3.28484E-03,  2.05877E-03,  1.21699E-03,  7.00944E-04
 4.01964E-04,  2.25169E-04,  2.93285E-04,  2.93285E-04,  1.16308E-04
 1.16308E-04,  1.16308E-04,  1.16308E-04,  1.16308E-04,  1.16308E-04
 5.84510E+00,  1.96604E+00,  5.20607E-01,  1.29675E-01,  4.61584E-02
 2.03373E-02,  1.06261E-02,  6.70918E-03,  4.61108E-03,  3.12080E-03
 1.98333E-03,  1.18508E-03,  6.89242E-04,  3.99129E-04,  2.26322E-04
 2.84657E-04,  2.84657E-04,  1.13550E-04,  1.13550E-04,  1.13550E-04
 1.13550E-04,  1.13550E-04,  1.13550E-04,  6.84437E+00,  1.84683E+00
 4.64614E-01,  1.31204E-01,  5.01894E-02,  2.12017E-02,  1.01979E-02
 6.10314E-03,  4.18134E-03,  2.88309E-03,  1.87529E-03,  1.14522E-03
 6.78387E-04,  3.99071E-04,  2.30496E-04,  2.77391E-04,  2.77391E-04
 1.11307E-04,  1.11307E-04,  1.11307E-04,  1.11307E-04,  1.11307E-04
 1.11307E-04,  5.61795E+00,  1.83139E+00,  4.64055E-01,  1.39435E-01
 5.12464E-02,  2.09170E-02,  9.83103E-03,  5.62934E-03,  3.76275E-03
 2.62502E-03,  1.75812E-03,  1.10677E-03,  6.71649E-04,  4.02758E-04
 2.37950E-04,  2.71264E-04,  2.71264E-04,  1.09453E-04,  1.09453E-04
 1.09453E-04,  1.09453E-04,  1.09453E-04,  1.09453E-04,  5.49991E+00
 1.99705E+00,  5.04443E-01,  1.41298E-01,  4.75920E-02,  1.94187E-02
 9.58030E-03,  5.39632E-03,  3.43185E-03,  2.38303E-03,  1.64666E-03
 1.07463E-03,  6.70197E-04,  4.10233E-04,  2.48597E-04,  2.66080E-04
 2.66080E-04,  1.07929E-04,  1.07929E-04,  1.07929E-04,  1.07929E-04
 1.07929E-04,  1.07929E-04,  5.58227E+00,  1.90201E+00,  4.71736E-01
 1.25995E-01,  4.04647E-02,  1.73563E-02,  9.57981E-03,  5.41607E-03
 3.21396E-03,  2.17408E-03,  1.54722E-03,  1.04936E-03,  6.72903E-04
 4.20302E-04,  2.61422E-04,  2.61844E-04,  2.61844E-04,  1.06587E-04
 1.06587E-04,  1.06587E-04,  1.06587E-04,  1.06587E-04,  1.06587E-04
 5.53862E+00,  1.71993E+00,  3.77884E-01,  1.02641E-01,  3.41286E-02
 1.65692E-02,  1.01698E-02,  5.67657E-03,  3.10749E-03,  2.01419E-03
 1.47110E-03,  1.03521E-03,  6.80575E-04,  4.32729E-04,  2.76012E-04
 2.58487E-04,  2.58487E-04,  1.05391E-04,  1.05391E-04,  1.05391E-04
 1.05391E-04,  1.05391E-04,  1.05391E-04,  6.09102E+00,  1.63265E+00
 3.85749E-01,  9.51866E-02,  3.28206E-02,  1.73059E-02,  1.10494E-02
 6.02693E-03,  3.06180E-03,  1.89931E-03,  1.42071E-03,  1.03224E-03
 6.92091E-04,  4.46398E-04,  2.91506E-04,  2.55596E-04,  2.55596E-04
 1.04210E-04,  1.04210E-04,  1.04210E-04,  1.04210E-04,  1.04210E-04
 1.04210E-04,  5.80888E+00,  2.03705E+00,  4.66577E-01,  1.11317E-01
 3.68521E-02,  1.79384E-02,  1.12057E-02,  6.16220E-03,  2.99882E-03
 1.81388E-03,  1.39132E-03,  1.03641E-03,  7.04222E-04,  4.59063E-04
 3.06145E-04,  2.52474E-04,  2.52474E-04,  1.02753E-04,  1.02753E-04
 1.02753E-04,  1.02753E-04,  1.02753E-04,  1.02753E-04,  5.47188E+00
 2.21550E+00,  5.24466E-01,  1.33246E-01,  4.42415E-02,  1.87103E-02
 1.06994E-02,  5.92621E-03,  2.87788E-03,  1.75131E-03,  1.38121E-03
 1.04667E-03,  7.16539E-04,  4.70709E-04,  3.20117E-04,  2.49353E-04
 2.49353E-04,  1.01285E-04,  1.01285E-04,  1.01285E-04,  1.01285E-04
 1.01285E-04,  1.01285E-04,  5.17987E+00,  2.82414E+00,  5.37205E-01
 1.37167E-01,  4.73486E-02,  1.85286E-02,  9.75088E-03,  5.42031E-03
 2.70189E-03,  1.70633E-03,  1.38326E-03,  1.05821E-03,  7.26609E-04
 4.80156E-04,  3.32790E-04,  2.46104E-04,  2.46104E-04,  9.98119E-05
 9.98119E-05,  9.98119E-05,  9.98119E-05,  9.98119E-05,  9.98119E-05
 8.87549E+00,  1.56251E+00,  4.67688E-01,  1.21433E-01,  4.47571E-02
 1.78171E-02,  8.56738E-03,  4.82382E-03,  2.50981E-03,  1.67310E-03
 1.38445E-03,  1.06153E-03,  7.28675E-04,  4.83867E-04,  3.41359E-04
 2.41506E-04,  2.41506E-04,  9.77807E-05,  9.77807E-05,  9.77807E-05
 9.77807E-05,  9.77807E-05,  9.77807E-05,  6.07817E+00,  3.02082E+00
 4.54565E-01,  9.84882E-02,  4.08695E-02,  1.71975E-02,  7.76697E-03
 4.31529E-03,  2.35499E-03,  1.65063E-03,  1.37743E-03,  1.05239E-03
 7.21087E-04,  4.81282E-04,  3.45438E-04,  2.35625E-04,  2.35625E-04
 9.53086E-05,  9.53086E-05,  9.53086E-05,  9.53086E-05,  9.53086E-05
 9.53086E-05,  8.00343E+00,  1.93599E+00,  3.38294E-01,  1.05447E-01
 3.71152E-02,  1.68150E-02,  7.57926E-03,  3.99496E-03,  2.25109E-03
 1.62795E-03,  1.35320E-03,  1.02646E-03,  7.02093E-04,  4.71627E-04
 3.44435E-04,  2.28266E-04,  2.28266E-04,  9.23796E-05,  9.23796E-05
 9.23796E-05,  9.23796E-05,  9.23796E-05,  9.23796E-05,  9.82063E+00
 2.74656E+00,  6.30924E-01,  1.21526E-01,  3.39645E-02,  1.67604E-02
 7.81137E-03,  3.83659E-03,  2.16791E-03,  1.58482E-03,  1.30178E-03
 9.79209E-04,  6.69477E-04,  4.53493E-04,  3.36969E-04,  2.18632E-04
 2.18632E-04,  8.86965E-05,  8.86965E-05,  8.86965E-05,  8.86965E-05
 8.86965E-05,  8.86965E-05,  6.44718E+00,  2.95834E+00,  6.15853E-01
 1.15503E-01,  3.29501E-02,  1.71701E-02,  8.12464E-03,  3.71333E-03
 2.06766E-03,  1.51239E-03,  1.22565E-03,  9.15470E-04,  6.27348E-04
 4.29769E-04,  3.25284E-04,  2.08065E-04,  2.08065E-04,  8.48445E-05
 8.48445E-05,  8.48445E-05,  8.48445E-05,  8.48445E-05,  8.48445E-05
 7.00429E+00,  2.33515E+00,  5.11740E-01,  1.10579E-01,  3.32015E-02
 1.68720E-02,  7.99066E-03,  3.48515E-03,  1.92471E-03,  1.40587E-03
 1.12671E-03,  8.38092E-04,  5.77721E-04,  4.01570E-04,  3.10086E-04
 1.96849E-04,  1.96849E-04,  8.08984E-05,  8.08984E-05,  8.08984E-05
 8.08984E-05,  8.08984E-05,  8.08984E-05,  5.57427E+00,  2.18052E+00
 4.44690E-01,  1.09543E-01,  3.40120E-02,  1.57451E-02,  7.36154E-03
 3.18762E-03,  1.75291E-03,  1.26899E-03,  1.00683E-03,  7.47794E-04
 5.20179E-04,  3.67882E-04,  2.89934E-04,  1.83716E-04,  1.83716E-04
 7.63064E-05,  7.63064E-05,  7.63064E-05,  7.63064E-05,  7.63064E-05
 7.63064E-05,  5.94032E+00,  1.69630E+00,  4.49568E-01,  1.09053E-01
 3.52037E-02,  1.49043E-02,  6.92011E-03,  3.03599E-03,  1.61521E-03
 1.12832E-03,  8.80310E-04,  6.53069E-04,  4.59517E-04,  3.31432E-04
 2.66667E-04,  1.69497E-04,  1.69497E-04,  7.13841E-05,  7.13841E-05
 7.13841E-05,  7.13841E-05,  7.13841E-05,  7.13841E-05,  6.68957E+00
 2.80312E+00,  4.91494E-01,  1.05134E-01,  3.54075E-02,  1.47040E-02
 7.01340E-03,  3.12058E-03,  1.55653E-03,  1.01108E-03,  7.61130E-04
 5.61243E-04,  3.99493E-04,  2.94182E-04,  2.41544E-04,  1.54634E-04
 1.54634E-04,  6.62808E-05,  6.62808E-05,  6.62808E-05,  6.62808E-05
 6.62808E-05,  6.62808E-05,  5.66178E+00,  3.11239E+00,  4.54725E-01
 1.02361E-01,  3.48478E-02,  1.50249E-02,  7.41060E-03,  3.33380E-03
 1.56938E-03,  9.32931E-04,  6.60714E-04,  4.78106E-04,  3.42711E-04
 2.57225E-04,  2.15019E-04,  1.38989E-04,  1.38989E-04,  6.09385E-05
 6.09385E-05,  6.09385E-05,  6.09385E-05,  6.09385E-05,  6.09385E-05
 8.35252E+00,  2.54020E+00,  5.53117E-01,  1.01688E-01,  3.28635E-02
 1.49023E-02,  7.66083E-03,  3.51573E-03,  1.61790E-03,  8.97346E-04
 5.89141E-04,  4.10905E-04,  2.93747E-04,  2.23655E-04,  1.89724E-04
 1.24140E-04,  1.24140E-04,  5.59810E-05,  5.59810E-05,  5.59810E-05
 5.59810E-05,  5.59810E-05,  5.59810E-05,  7.60001E+00,  2.21258E+00
 3.30505E-01,  7.00659E-02,  2.66804E-02,  1.35648E-02,  7.40593E-03
 3.54436E-03,  1.66186E-03,  8.93221E-04,  5.47358E-04,  3.62191E-04
 2.54218E-04,  1.94442E-04,  1.66428E-04,  1.10421E-04,  1.10421E-04
 5.15555E-05,  5.15555E-05,  5.15555E-05,  5.15555E-05,  5.15555E-05
 5.15555E-05,  6.07317E+00,  1.94044E+00,  2.76330E-01,  6.22082E-02
 2.13883E-02,  1.12628E-02,  6.61264E-03,  3.38278E-03,  1.67438E-03
 9.04260E-04,  5.29813E-04,  3.31389E-04,  2.24107E-04,  1.69298E-04
 1.44610E-04,  9.72755E-05,  9.72755E-05,  4.75451E-05,  4.75451E-05
 4.75451E-05,  4.75451E-05,  4.75451E-05,  4.75451E-05,  7.70776E+00
 2.00548E+00,  4.02007E-01,  8.36887E-02,  2.15560E-02,  9.35489E-03
 5.62605E-03,  3.10548E-03,  1.65803E-03,  9.21583E-04,  5.30226E-04
 3.16973E-04,  2.04053E-04,  1.49241E-04,  1.25379E-04,  8.55325E-05
 8.55325E-05,  4.43948E-05,  4.43948E-05,  4.43948E-05,  4.43948E-05
 4.43948E-05,  4.43948E-05,  4.90923E+00,  2.48138E+00,  4.71745E-01
 9.78615E-02,  2.38303E-02,  8.60077E-03,  4.80600E-03,  2.81235E-03
 1.62629E-03,  9.40423E-04,  5.41229E-04,  3.14352E-04,  1.92662E-04
 1.34259E-04,  1.09124E-04,  7.56215E-05,  7.56215E-05,  4.23943E-05
 4.23943E-05,  4.23943E-05,  4.23943E-05,  4.23943E-05,  4.23943E-05
 5.54175E+00,  2.06456E+00,  4.18826E-01,  8.78585E-02,  2.25462E-02
 8.08076E-03,  4.20271E-03,  2.55905E-03,  1.59181E-03,  9.58384E-04
 5.56053E-04,  3.17717E-04,  1.87118E-04,  1.23539E-04,  9.56739E-05
 6.77156E-05,  6.77156E-05,  4.17376E-05,  4.17376E-05,  4.17376E-05
 4.17376E-05,  4.17376E-05,  4.17376E-05,  1.67545E+00,  1.63620E+00
 3.22054E-01,  6.19026E-02,  1.74411E-02,  6.99474E-03,  3.66724E-03
 2.36656E-03,  1.57541E-03,  9.80672E-04,  5.72035E-04,  3.23063E-04
 1.85034E-04,  1.16629E-04,  8.54363E-05,  6.23176E-05,  6.23176E-05
 4.25596E-05,  4.25596E-05,  4.25596E-05,  4.25596E-05,  4.25596E-05
 4.25596E-05,  4.22623E+00,  9.46003E-01,  1.34012E-01,  3.05126E-02
 1.25926E-02,  5.52495E-03,  3.12743E-03,  2.24825E-03,  1.59633E-03
 1.01049E-03,  5.85803E-04,  3.26580E-04,  1.83727E-04,  1.12418E-04
 7.79241E-05,  5.91758E-05,  5.91758E-05,  4.46485E-05,  4.46485E-05
 4.46485E-05,  4.46485E-05,  4.46485E-05,  4.46485E-05,  1.07958E+00
 1.35750E-01,  4.69592E-02,  2.93848E-02,  1.03172E-02,  3.83907E-03
 2.63381E-03,  2.27388E-03,  1.69185E-03,  1.05415E-03,  5.95339E-04
 3.25670E-04,  1.81200E-04,  1.10630E-04,  7.41797E-05,  5.58781E-05
 5.58781E-05,  4.47245E-05,  4.47245E-05,  4.47245E-05,  4.47245E-05
 4.47245E-05,  4.47245E-05,  9.37176E-01,  2.39765E-01,  8.47147E-02
 3.05075E-02,  1.01025E-02,  5.70489E-03,  5.62386E-03,  5.19688E-03
 4.29481E-03,  3.24852E-03,  2.17807E-03,  1.33003E-03,  8.32136E-04
 6.20452E-04,  6.11915E-04,  5.59692E-04,  5.59692E-04,  5.62501E-04
 5.62501E-04,  5.62501E-04,  5.62501E-04,  5.62501E-04,  5.62501E-04
 9.37176E-01,  2.39765E-01,  8.47147E-02,  3.05075E-02,  1.01025E-02
 5.70489E-03,  5.62386E-03,  5.19688E-03,  4.29481E-03,  3.24852E-03
 2.17807E-03,  1.33003E-03,  8.32136E-04,  6.20452E-04,  6.11915E-04
 5.59692E-04,  5.59692E-04,  5.62501E-04,  5.62501E-04,  5.62501E-04
 5.62501E-04,  5.62501E-04,  5.62501E-04,  4.34895E-02,  4.70833E-02
 4.45264E-02,  3.26864E-02,  2.05647E-02,  1.22081E-02,  7.74679E-03
 6.07187E-03,  5.87195E-03,  6.04171E-03,  5.94896E-03,  5.54323E-03
 5.07708E-03,  4.67479E-03,  4.33608E-03,  7.10013E-03,  7.10013E-03
 1.21057E-02,  1.21057E-02,  1.21057E-02,  1.21057E-02,  1.21057E-02
 1.21057E-02,  4.34895E-02,  4.70833E-02,  4.45264E-02,  3.26864E-02
 2.05647E-02,  1.22081E-02,  7.74679E-03,  6.07187E-03,  5.87195E-03
 6.04171E-03,  5.94896E-03,  5.54323E-03,  5.07708E-03,  4.67479E-03
 4.33608E-03,  7.10013E-03,  7.10013E-03,  1.21057E-02,  1.21057E-02
 1.21057E-02,  1.21057E-02,  1.21057E-02,  1.21057E-02,  4.34895E-02
 4.70833E-02,  4.45264E-02,  3.26864E-02,  2.05647E-02,  1.22081E-02
 7.74679E-03,  6.07187E-03,  5.87195E-03,  6.04171E-03,  5.94896E-03
 5.54323E-03,  5.07708E-03,  4.67479E-03,  4.33608E-03,  7.10013E-03
 7.10013E-03,  1.21057E-02,  1.21057E-02,  1.21057E-02,  1.21057E-02
 1.21057E-02,  1.21057E-02,  4.34895E-02,  4.70833E-02,  4.45264E-02
 3.26864E-02,  2.05647E-02,  1.22081E-02,  7.74679E-03,  6.07187E-03
 5.87195E-03,  6.04171E-03,  5.94896E-03,  5.54323E-03,  5.07708E-03
 4.67479E-03,  4.33608E-03,  7.10013E-03,  7.10013E-03,  1.21057E-02
 1.21057E-02,  1.21057E-02,  1.21057E-02,  1.21057E-02,  1.21057E-02
 4.34895E-02,  4.70833E-02,  4.45264E-02,  3.26864E-02,  2.05647E-02
 1.22081E-02,  7.74679E-03,  6.07187E-03,  5.87195E-03,  6.04171E-03
 5.94896E-03,  5.54323E-03,  5.07708E-03,  4.67479E-03,  4.33608E-03
 7.10013E-03,  7.10013E-03,  1.21057E-02,  1.21057E-02,  1.21057E-02
 1.21057E-02,  1.21057E-02,  1.21057E-02,  4.34895E-02,  4.70833E-02
 4.45264E-02,  3.26864E-02,  2.05647E-02,  1.22081E-02,  7.74679E-03
 6.07187E-03,  5.87195E-03,  6.04171E-03,  5.94896E-03,  5.54323E-03
 5.07708E-03,  4.67479E-03,  4.33608E-03,  7.10013E-03,  7.10013E-03
 1.21057E-02,  1.21057E-02,  1.21057E-02,  1.21057E-02,  1.21057E-02
 1.21057E-02

