Advanced Geosciences Inc. (AGI) Sting/SuperSting measured data (*.stg)   Type: XYZ
A trimmed data set by AGI EarthImager 2D. Version: 2.4.4 (Build 649). Records: 879
Raw data file: C:\Users\Tom\Desktop\CarvinsCove\20260528\20260528\trial5\20260528_trial5.stg

Number of Data = 879
Number of Electrodes = 64
Number of Surface Electrodes = 64
Number of IP Data = 0

Processing starts at 2026-05-28 13:54:39

;------ SETTINGS ------

Minimum Voltage (mv) = 0.2
Minimum V/I (ohm) = 0.0005
Minimum apparent resistivity (ohm-m)  = 1
Maximum apparent resistivity (ohm-m)  = 10000
Maximum repeat error (%)  = 3
Maximum reciprocal error (%)  = 5
Remove negative apparent resistivity in ERT data: Yes
Keep All Data (no data removal): No
Inversion Method:  Smooth model inversion
Vertical axis:  Positive Upward
Y Coordinate =  Depth
Min electrode spacing X (m)  = 0.003
Min electrode spacing Z (m)  = 0.003
Forward Modeling Method:  Finite element method
Forward system solver:  Cholesky decomposition method
Boundary condition type:  Dirichlet
Number cells or elements betwenn two electrodes = 2
Lower-layer-thickness / Upper-layer-thickness =  1.1
Depth of Inverted Model / Depth of Pseudosection =  1.1
Max number of iteration of nonlinear inversion = 8
Stop RMS error = 3%
Mininum error reduction between two iterations = 5%
Stop at Max number of iterations: Yes
Stop when RMS is small enough: Yes
Stop when RMS can not be reduced: No
Res Data reweighting: Yes
Use Reciprocal Error: No
Stop when L2 norm is small enough: Yes
Initial smoothness factor = 10
Roughness conditioner = 0.2
Starting model: Avg AppRes.
Start halfspace resistivity = 405.29 ohm-m
Minimum resistivity =        1.0 ohm-m
Maximum resistivity =   100000.0 ohm-m
Number of elements combined horizontally = 1
Number of elements combined verically = 1
Vertical / Horizontal roughness ratio = 0.5
Estimated noise of resistivity data  = 3%
Initial damping factor of resistivity = 10
Starting iteration of quasi Newton method = 20
IP inversion method: No IP Inversion

;------ ELECTRODE LOCATIONS ------

Electrode         X            Y
     0,         0.000,        0.000
     1,         2.001,        0.000
     2,         3.999,        0.000
     3,         6.000,        0.000
     4,         8.001,        0.000
     5,         9.999,        0.000
     6,        12.000,        0.000
     7,        14.001,        0.000
     8,        15.999,        0.000
     9,        18.000,        0.000
     10,        20.001,        0.000
     11,        21.999,        0.000
     12,        24.000,        0.000
     13,        26.001,        0.000
     14,        27.999,        0.000
     15,        30.000,        0.000
     16,        32.001,        0.000
     17,        33.999,        0.000
     18,        36.000,        0.000
     19,        38.001,        0.000
     20,        39.999,        0.000
     21,        42.000,        0.000
     22,        44.001,        0.000
     23,        45.999,        0.000
     24,        48.000,        0.000
     25,        50.001,        0.000
     26,        51.999,        0.000
     27,        54.000,        0.000
     28,        56.001,        0.000
     29,        57.999,        0.000
     30,        60.000,        0.000
     31,        62.001,        0.000
     32,        63.999,        0.000
     33,        66.000,        0.000
     34,        68.001,        0.000
     35,        69.999,        0.000
     36,        72.000,        0.000
     37,        74.001,        0.000
     38,        75.999,        0.000
     39,        78.000,        0.000
     40,        80.001,        0.000
     41,        81.999,        0.000
     42,        84.000,        0.000
     43,        86.001,        0.000
     44,        87.999,        0.000
     45,        90.000,        0.000
     46,        92.001,        0.000
     47,        93.999,        0.000
     48,        96.000,        0.000
     49,        98.001,        0.000
     50,        99.999,        0.000
     51,       102.000,        0.000
     52,       104.001,        0.000
     53,       105.999,        0.000
     54,       108.000,        0.000
     55,       110.001,        0.000
     56,       111.999,        0.000
     57,       114.000,        0.000
     58,       116.001,        0.000
     59,       117.999,        0.000
     60,       120.000,        0.000
     61,       122.001,        0.000
     62,       123.999,        0.000
     63,       126.000,        0.000


;------ Commands, Raw V/I, GeomFactor, AppRes ------

DataID   A   B   M   N       V/I           K           App-Res
  1,     62,  63,  61,  60,   2.07243E+01,   3.76144E+01,   7.79532E+02
  2,     62,  63,  59,  58,   2.56875E+00,   3.77119E+02,   9.68723E+02
  3,     62,  63,  58,  57,   1.24840E+00,   7.52965E+02,   9.40002E+02
  4,     62,  63,  57,  56,   9.38865E-02,   1.31811E+03,   1.23753E+02
  5,     62,  63,  55,  54,   1.51760E-01,   3.16291E+03,   4.80003E+02
  6,     62,  63,  54,  53,   9.01102E-02,   4.51932E+03,   4.07236E+02
  7,     61,  62,  60,  59,   2.51083E+01,   3.77416E+01,   9.47626E+02
  8,     61,  62,  59,  58,   6.05705E+00,   1.51136E+02,   9.15440E+02
  9,     61,  62,  58,  57,   2.62075E+00,   3.77119E+02,   9.88334E+02
  10,     61,  62,  57,  56,   1.10857E+00,   7.54492E+02,   8.36407E+02
  11,     61,  62,  54,  53,   1.39745E-01,   3.16864E+03,   4.42801E+02
  12,     61,  62,  53,  52,   8.66431E-02,   4.53307E+03,   3.92759E+02
  13,     61,  62,  56,  55,   3.66935E-02,   1.32219E+03,   4.85157E+01
  14,     61,  63,  53,  51,   2.42305E-01,   1.50898E+03,   3.65634E+02
  15,     61,  63,  51,  49,   1.08723E-01,   2.64030E+03,   2.87061E+02
  16,     61,  63,  49,  47,   6.45944E-02,   4.22145E+03,   2.72682E+02
  17,     61,  63,  47,  45,   3.79840E-02,   6.33727E+03,   2.40715E+02
  18,     61,  63,  45,  43,   2.77012E-02,   9.05237E+03,   2.50761E+02
  19,     60,  61,  59,  58,   2.10235E+01,   3.77416E+01,   7.93460E+02
  20,     60,  61,  58,  57,   5.51175E+00,   1.50627E+02,   8.30218E+02
  21,     60,  61,  57,  56,   2.10442E+00,   3.76737E+02,   7.92812E+02
  22,     60,  61,  56,  55,   8.42778E-01,   7.54492E+02,   6.35869E+02
  23,     60,  61,  53,  52,   1.23720E-01,   3.16864E+03,   3.92024E+02
  24,     60,  61,  52,  51,   8.03241E-02,   4.51932E+03,   3.63010E+02
  25,     60,  62,  52,  50,   2.18757E-01,   1.50746E+03,   3.29767E+02
  26,     60,  62,  50,  48,   1.03491E-01,   2.64030E+03,   2.73247E+02
  27,     60,  62,  48,  46,   5.92737E-02,   4.22400E+03,   2.50372E+02
  28,     60,  62,  46,  44,   3.80062E-02,   6.33154E+03,   2.40638E+02
  29,     60,  62,  44,  42,   2.69831E-02,   9.05237E+03,   2.44261E+02
  30,     60,  63,  42,  39,   4.16334E-02,   6.33345E+03,   2.63683E+02
  31,     60,  63,  39,  36,   3.13011E-02,   9.50018E+03,   2.97366E+02
  32,     60,  63,  36,  33,   2.56430E-02,   1.35717E+04,   3.48019E+02
  33,     59,  60,  58,  57,   2.12077E+01,   3.76144E+01,   7.97714E+02
  34,     59,  60,  57,  56,   5.34089E+00,   1.50627E+02,   8.04482E+02
  35,     59,  60,  56,  55,   1.90316E+00,   3.77119E+02,   7.17717E+02
  36,     59,  60,  55,  54,   7.61439E-01,   7.52965E+02,   5.73337E+02
  37,     59,  60,  52,  51,   1.40548E-01,   3.16291E+03,   4.44541E+02
  38,     59,  60,  51,  50,   7.82689E-02,   4.51932E+03,   3.53722E+02
  39,     59,  61,  51,  49,   2.08930E-01,   1.50746E+03,   3.14953E+02
  40,     59,  61,  49,  47,   1.10353E-01,   2.63623E+03,   2.90915E+02
  41,     59,  61,  47,  45,   5.87669E-02,   4.22145E+03,   2.48082E+02
  42,     59,  61,  45,  43,   4.03443E-02,   6.33154E+03,   2.55442E+02
  43,     59,  61,  43,  41,   2.84742E-02,   9.03863E+03,   2.57368E+02
  44,     59,  62,  41,  38,   4.56410E-02,   6.33345E+03,   2.89065E+02
  45,     59,  62,  38,  35,   3.47810E-02,   9.50018E+03,   3.30426E+02
  46,     59,  62,  35,  32,   2.67499E-02,   1.35717E+04,   3.63041E+02
  47,     59,  63,  35,  31,   4.41874E-02,   8.44545E+03,   3.73182E+02
  48,     59,  63,  31,  27,   2.76329E-02,   1.26631E+04,   3.49918E+02
  49,     59,  63,  27,  23,   2.43151E-02,   1.80910E+04,   4.39884E+02
  50,     58,  59,  57,  56,   2.33259E+01,   3.77416E+01,   8.80356E+02
  51,     58,  59,  56,  55,   4.91551E+00,   1.51136E+02,   7.42912E+02
  52,     58,  59,  55,  54,   1.71542E+00,   3.77119E+02,   6.46917E+02
  53,     58,  59,  54,  53,   7.63683E-01,   7.54492E+02,   5.76193E+02
  54,     58,  59,  51,  50,   1.34355E-01,   3.16864E+03,   4.25722E+02
  55,     58,  59,  50,  49,   8.57191E-02,   4.53307E+03,   3.88571E+02
  56,     58,  59,  53,  52,   2.89493E-02,   1.32219E+03,   3.82764E+01
  57,     58,  60,  50,  48,   2.31722E-01,   1.50898E+03,   3.49665E+02
  58,     58,  60,  48,  46,   1.18091E-01,   2.64030E+03,   3.11795E+02
  59,     58,  60,  46,  44,   6.76859E-02,   4.22145E+03,   2.85733E+02
  60,     58,  60,  44,  42,   4.56516E-02,   6.33727E+03,   2.89306E+02
  61,     58,  60,  42,  40,   3.30751E-02,   9.05237E+03,   2.99408E+02
  62,     58,  61,  40,  37,   5.05039E-02,   6.33345E+03,   3.19864E+02
  63,     58,  61,  37,  34,   3.83803E-02,   9.50018E+03,   3.64620E+02
  64,     58,  61,  34,  31,   2.78508E-02,   1.35717E+04,   3.77982E+02
  65,     58,  62,  34,  30,   4.45802E-02,   8.44545E+03,   3.76500E+02
  66,     58,  62,  30,  26,   2.72002E-02,   1.26688E+04,   3.44594E+02
  67,     58,  62,  26,  22,   2.78031E-02,   1.81047E+04,   5.03368E+02
  68,     58,  63,  23,  18,   3.00666E-02,   1.58374E+04,   4.76178E+02
  69,     58,  63,  18,  13,   2.17111E-02,   2.26240E+04,   4.91193E+02
  70,     57,  58,  56,  55,   2.51867E+01,   3.77416E+01,   9.50585E+02
  71,     57,  58,  55,  54,   4.91285E+00,   1.50627E+02,   7.40007E+02
  72,     57,  58,  54,  53,   1.79343E+00,   3.76737E+02,   6.75651E+02
  73,     57,  58,  53,  52,   8.39700E-01,   7.54492E+02,   6.33547E+02
  74,     57,  58,  52,  51,   1.49670E-01,   1.31811E+03,   1.97282E+02
  75,     57,  58,  50,  49,   1.47258E-01,   3.16864E+03,   4.66607E+02
  76,     57,  58,  49,  48,   9.33280E-02,   4.51932E+03,   4.21779E+02
  77,     57,  59,  49,  47,   2.58679E-01,   1.50746E+03,   3.89947E+02
  78,     57,  59,  47,  45,   1.22031E-01,   2.64030E+03,   3.22198E+02
  79,     57,  59,  45,  43,   7.54422E-02,   4.22400E+03,   3.18668E+02
  80,     57,  59,  43,  41,   5.03819E-02,   6.33154E+03,   3.18995E+02
  81,     57,  59,  41,  39,   3.87900E-02,   9.05237E+03,   3.51141E+02
  82,     57,  60,  39,  36,   5.76154E-02,   6.33345E+03,   3.64904E+02
  83,     57,  60,  36,  33,   4.36995E-02,   9.50018E+03,   4.15153E+02
  84,     57,  60,  33,  30,   3.19190E-02,   1.35717E+04,   4.33194E+02
  85,     57,  61,  33,  29,   4.86561E-02,   8.44290E+03,   4.10799E+02
  86,     57,  61,  29,  25,   3.01298E-02,   1.26688E+04,   3.81709E+02
  87,     57,  61,  25,  21,   2.91209E-02,   1.80910E+04,   5.26826E+02
  88,     57,  62,  22,  17,   3.00144E-02,   1.58317E+04,   4.75180E+02
  89,     57,  62,  17,  12,   2.13417E-02,   2.26240E+04,   4.82836E+02
  90,     57,  63,  15,  9,   2.58147E-02,   1.90004E+04,   4.90488E+02
  91,     57,  63,  9,  3,   1.98618E-02,   2.71434E+04,   5.39116E+02
  92,     56,  57,  54,  53,   5.35987E+00,   1.50627E+02,   8.07341E+02
  93,     56,  57,  53,  52,   2.08741E+00,   3.77119E+02,   7.87201E+02
  94,     56,  57,  52,  51,   1.02678E+00,   7.52965E+02,   7.73130E+02
  95,     56,  57,  51,  50,   1.87425E-01,   1.31811E+03,   2.47047E+02
  96,     56,  57,  49,  48,   1.72181E-01,   3.16291E+03,   5.44593E+02
  97,     56,  57,  48,  47,   1.17447E-01,   4.51932E+03,   5.30780E+02
  98,     56,  58,  48,  46,   2.90909E-01,   1.50746E+03,   4.38532E+02
  99,     56,  58,  46,  44,   1.47621E-01,   2.63623E+03,   3.89162E+02
  100,     56,  58,  44,  42,   8.99679E-02,   4.22145E+03,   3.79795E+02
  101,     56,  58,  42,  40,   6.19399E-02,   6.33154E+03,   3.92175E+02
  102,     56,  58,  40,  38,   4.74925E-02,   9.03863E+03,   4.29267E+02
  103,     56,  59,  38,  35,   6.89750E-02,   6.33345E+03,   4.36850E+02
  104,     56,  59,  35,  32,   4.92579E-02,   9.50018E+03,   4.67959E+02
  105,     56,  59,  32,  29,   3.40743E-02,   1.35717E+04,   4.62445E+02
  106,     56,  60,  32,  28,   5.22244E-02,   8.44545E+03,   4.41059E+02
  107,     56,  60,  28,  24,   3.38687E-02,   1.26631E+04,   4.28882E+02
  108,     56,  60,  24,  20,   3.23105E-02,   1.80910E+04,   5.84529E+02
  109,     56,  61,  21,  16,   3.19228E-02,   1.58317E+04,   5.05393E+02
  110,     56,  61,  16,  11,   2.16338E-02,   2.26103E+04,   4.89147E+02
  111,     56,  62,  14,  8,   2.66745E-02,   1.90004E+04,   5.06825E+02
  112,     56,  62,  8,  2,   2.14036E-02,   2.71434E+04,   5.80966E+02
  113,     55,  56,  53,  52,   5.72150E+00,   1.51136E+02,   8.64726E+02
  114,     55,  56,  52,  51,   2.31320E+00,   3.77119E+02,   8.72351E+02
  115,     55,  56,  51,  50,   9.68294E-01,   7.54492E+02,   7.30570E+02
  116,     55,  56,  50,  49,   1.86464E-01,   1.32219E+03,   2.46540E+02
  117,     55,  56,  48,  47,   1.88712E-01,   3.16864E+03,   5.97960E+02
  118,     55,  56,  47,  46,   1.03236E-01,   4.53307E+03,   4.67976E+02
  119,     55,  57,  47,  45,   2.96212E-01,   1.50898E+03,   4.46979E+02
  120,     55,  57,  45,  43,   1.63627E-01,   2.64030E+03,   4.32024E+02
  121,     55,  57,  43,  41,   1.00222E-01,   4.22145E+03,   4.23082E+02
  122,     55,  57,  41,  39,   7.38560E-02,   6.33727E+03,   4.68045E+02
  123,     55,  57,  39,  37,   5.39285E-02,   9.05237E+03,   4.88181E+02
  124,     55,  58,  37,  34,   8.00984E-02,   6.33345E+03,   5.07299E+02
  125,     55,  58,  34,  31,   5.42293E-02,   9.50018E+03,   5.15188E+02
  126,     55,  58,  31,  28,   3.46281E-02,   1.35717E+04,   4.69961E+02
  127,     55,  59,  31,  27,   5.20586E-02,   8.44545E+03,   4.39658E+02
  128,     55,  59,  27,  23,   4.13181E-02,   1.26688E+04,   5.23451E+02
  129,     55,  59,  23,  19,   3.06594E-02,   1.81047E+04,   5.55080E+02
  130,     55,  60,  20,  15,   3.37121E-02,   1.58374E+04,   5.33914E+02
  131,     55,  60,  15,  10,   2.32575E-02,   2.26240E+04,   5.26179E+02
  132,     55,  61,  13,  7,   2.79093E-02,   1.90004E+04,   5.30287E+02
  133,     55,  61,  7,  1,   2.16048E-02,   2.71434E+04,   5.86427E+02
  134,     54,  55,  52,  51,   6.07769E+00,   1.50627E+02,   9.15464E+02
  135,     54,  55,  51,  50,   2.01531E+00,   3.76737E+02,   7.59241E+02
  136,     54,  55,  50,  49,   9.22482E-01,   7.54492E+02,   6.96005E+02
  137,     54,  55,  49,  48,   2.93652E-01,   1.31811E+03,   3.87066E+02
  138,     54,  55,  48,  47,   4.42888E-01,   2.10945E+03,   9.34252E+02
  139,     54,  55,  47,  46,   1.43564E-01,   3.16864E+03,   4.54902E+02
  140,     54,  55,  46,  45,   9.80310E-02,   4.51932E+03,   4.43033E+02
  141,     54,  56,  46,  44,   2.89595E-01,   1.50746E+03,   4.36552E+02
  142,     54,  56,  44,  42,   1.62090E-01,   2.64030E+03,   4.27965E+02
  143,     54,  56,  42,  40,   1.02372E-01,   4.22400E+03,   4.32419E+02
  144,     54,  56,  40,  38,   7.43722E-02,   6.33154E+03,   4.70891E+02
  145,     54,  56,  38,  36,   5.26667E-02,   9.05237E+03,   4.76758E+02
  146,     54,  57,  36,  33,   8.48895E-02,   6.33345E+03,   5.37643E+02
  147,     54,  57,  33,  30,   5.70213E-02,   9.50018E+03,   5.41712E+02
  148,     54,  57,  30,  27,   3.24661E-02,   1.35717E+04,   4.40620E+02
  149,     54,  58,  30,  26,   5.09961E-02,   8.44290E+03,   4.30555E+02
  150,     54,  58,  26,  22,   4.73332E-02,   1.26688E+04,   5.99655E+02
  151,     54,  58,  22,  18,   2.71496E-02,   1.80910E+04,   4.91163E+02
  152,     54,  59,  19,  14,   3.33201E-02,   1.58317E+04,   5.27514E+02
  153,     54,  59,  14,  9,   2.30520E-02,   2.26240E+04,   5.21530E+02
  154,     54,  60,  12,  6,   2.80427E-02,   1.90004E+04,   5.32821E+02
  155,     54,  60,  6,  0,   2.28094E-02,   2.71434E+04,   6.19124E+02
  156,     53,  54,  51,  50,   5.95258E+00,   1.50627E+02,   8.96619E+02
  157,     53,  54,  50,  49,   2.26191E+00,   3.77119E+02,   8.53008E+02
  158,     53,  54,  49,  48,   9.77684E-01,   7.52965E+02,   7.36162E+02
  159,     53,  54,  48,  47,   3.24570E-01,   1.31811E+03,   4.27820E+02
  160,     53,  54,  47,  46,   4.23618E-01,   2.11200E+03,   8.94681E+02
  161,     53,  54,  46,  45,   1.53060E-01,   3.16291E+03,   4.84115E+02
  162,     53,  54,  45,  44,   9.56131E-02,   4.51932E+03,   4.32106E+02
  163,     53,  55,  45,  43,   2.82887E-01,   1.50746E+03,   4.26440E+02
  164,     53,  55,  43,  41,   1.58797E-01,   2.63623E+03,   4.18625E+02
  165,     53,  55,  41,  39,   1.07999E-01,   4.22145E+03,   4.55913E+02
  166,     53,  55,  39,  37,   7.42793E-02,   6.33154E+03,   4.70303E+02
  167,     53,  55,  37,  35,   5.51055E-02,   9.03863E+03,   4.98078E+02
  168,     53,  56,  35,  32,   8.47283E-02,   6.33345E+03,   5.36623E+02
  169,     53,  56,  32,  29,   5.42794E-02,   9.50018E+03,   5.15664E+02
  170,     53,  56,  29,  26,   3.04051E-02,   1.35717E+04,   4.12648E+02
  171,     53,  57,  29,  25,   5.27314E-02,   8.44545E+03,   4.45340E+02
  172,     53,  57,  25,  21,   4.60293E-02,   1.26631E+04,   5.82873E+02
  173,     53,  57,  21,  17,   2.79294E-02,   1.80910E+04,   5.05271E+02
  174,     53,  58,  18,  13,   3.38499E-02,   1.58317E+04,   5.35902E+02
  175,     53,  58,  13,  8,   2.26353E-02,   2.26103E+04,   5.11791E+02
  176,     53,  59,  11,  5,   2.78493E-02,   1.90004E+04,   5.29147E+02
  177,     52,  53,  50,  49,   6.10244E+00,   1.51136E+02,   9.22300E+02
  178,     52,  53,  49,  48,   2.13197E+00,   3.77119E+02,   8.04006E+02
  179,     52,  53,  48,  47,   9.54436E-01,   7.54492E+02,   7.20114E+02
  180,     52,  53,  47,  46,   2.45200E-01,   1.32219E+03,   3.24200E+02
  181,     52,  53,  46,  45,   3.76698E-01,   2.11200E+03,   7.95586E+02
  182,     52,  53,  45,  44,   1.33233E-01,   3.16864E+03,   4.22167E+02
  183,     52,  53,  44,  43,   9.42898E-02,   4.53307E+03,   4.27422E+02
  184,     52,  54,  44,  42,   2.82526E-01,   1.50898E+03,   4.26327E+02
  185,     52,  54,  42,  40,   1.63757E-01,   2.64030E+03,   4.32367E+02
  186,     52,  54,  40,  38,   1.10012E-01,   4.22145E+03,   4.64410E+02
  187,     52,  54,  38,  36,   7.46303E-02,   6.33727E+03,   4.72952E+02
  188,     52,  54,  36,  34,   5.90355E-02,   9.05237E+03,   5.34411E+02
  189,     52,  55,  34,  31,   8.03295E-02,   6.33345E+03,   5.08763E+02
  190,     52,  55,  31,  28,   4.74987E-02,   9.50018E+03,   4.51246E+02
  191,     52,  55,  28,  25,   3.07734E-02,   1.35717E+04,   4.17647E+02
  192,     52,  56,  28,  24,   5.14108E-02,   8.44545E+03,   4.34187E+02
  193,     52,  56,  24,  20,   4.45487E-02,   1.26688E+04,   5.64379E+02
  194,     52,  56,  20,  16,   2.74163E-02,   1.81047E+04,   4.96365E+02
  195,     52,  57,  17,  12,   3.06639E-02,   1.58374E+04,   4.85638E+02
  196,     52,  57,  12,  7,   2.23371E-02,   2.26240E+04,   5.05356E+02
  197,     52,  58,  10,  4,   2.72825E-02,   1.90004E+04,   5.18377E+02
  198,     51,  52,  49,  48,   6.03535E+00,   1.50627E+02,   9.09086E+02
  199,     51,  52,  48,  47,   2.22474E+00,   3.76737E+02,   8.38141E+02
  200,     51,  52,  47,  46,   7.89918E-01,   7.54492E+02,   5.95987E+02
  201,     51,  52,  46,  45,   2.48124E-01,   1.31811E+03,   3.27055E+02
  202,     51,  52,  45,  44,   3.35292E-01,   2.10945E+03,   7.07283E+02
  203,     51,  52,  44,  43,   1.32921E-01,   3.16864E+03,   4.21178E+02
  204,     51,  52,  43,  42,   8.68220E-02,   4.51932E+03,   3.92376E+02
  205,     51,  53,  43,  41,   2.64123E-01,   1.50746E+03,   3.98154E+02
  206,     51,  53,  41,  39,   1.65569E-01,   2.64030E+03,   4.37151E+02
  207,     51,  53,  39,  37,   1.07036E-01,   4.22400E+03,   4.52120E+02
  208,     51,  53,  37,  35,   7.59017E-02,   6.33154E+03,   4.80575E+02
  209,     51,  53,  35,  33,   5.40453E-02,   9.05237E+03,   4.89238E+02
  210,     51,  54,  33,  30,   8.10408E-02,   6.33345E+03,   5.13268E+02
  211,     51,  54,  30,  27,   4.27062E-02,   9.50018E+03,   4.05716E+02
  212,     51,  54,  27,  24,   3.14016E-02,   1.35717E+04,   4.26172E+02
  213,     51,  55,  27,  23,   5.61689E-02,   8.44290E+03,   4.74229E+02
  214,     51,  55,  23,  19,   3.83145E-02,   1.26688E+04,   4.85399E+02
  215,     51,  55,  19,  15,   2.56840E-02,   1.80910E+04,   4.64649E+02
  216,     51,  56,  16,  11,   2.82814E-02,   1.58317E+04,   4.47743E+02
  217,     51,  56,  11,  6,   2.13449E-02,   2.26240E+04,   4.82908E+02
  218,     51,  57,  9,  3,   2.72835E-02,   1.90004E+04,   5.18396E+02
  219,     50,  51,  49,  48,   2.60792E+01,   3.76144E+01,   9.80953E+02
  220,     50,  51,  48,  47,   5.43997E+00,   1.50627E+02,   8.19406E+02
  221,     50,  51,  47,  46,   1.55118E+00,   3.77119E+02,   5.84979E+02
  222,     50,  51,  46,  45,   6.28012E-01,   7.52965E+02,   4.72871E+02
  223,     50,  51,  45,  44,   2.03822E-01,   1.31811E+03,   2.68660E+02
  224,     50,  51,  44,  43,   2.36711E-01,   2.11200E+03,   4.99934E+02
  225,     50,  51,  43,  42,   1.01014E-01,   3.16291E+03,   3.19498E+02
  226,     50,  51,  42,  41,   7.10739E-02,   4.51932E+03,   3.21205E+02
  227,     50,  52,  42,  40,   2.37972E-01,   1.50746E+03,   3.58732E+02
  228,     50,  52,  40,  38,   1.50735E-01,   2.63623E+03,   3.97371E+02
  229,     50,  52,  38,  36,   9.68624E-02,   4.22145E+03,   4.08900E+02
  230,     50,  52,  36,  34,   7.46612E-02,   6.33154E+03,   4.72721E+02
  231,     50,  52,  34,  32,   4.77969E-02,   9.03863E+03,   4.32019E+02
  232,     50,  53,  32,  29,   7.03605E-02,   6.33345E+03,   4.45625E+02
  233,     50,  53,  29,  26,   3.70233E-02,   9.50018E+03,   3.51728E+02
  234,     50,  53,  26,  23,   3.44764E-02,   1.35717E+04,   4.67903E+02
  235,     50,  54,  26,  22,   5.95121E-02,   8.44545E+03,   5.02606E+02
  236,     50,  54,  22,  18,   3.17637E-02,   1.26631E+04,   4.02226E+02
  237,     50,  54,  18,  14,   2.44197E-02,   1.80910E+04,   4.41777E+02
  238,     50,  55,  15,  10,   2.69293E-02,   1.58317E+04,   4.26337E+02
  239,     50,  55,  10,  5,   1.95159E-02,   2.26103E+04,   4.41261E+02
  240,     50,  56,  8,  2,   2.63180E-02,   1.90004E+04,   5.00051E+02
  241,     49,  50,  47,  46,   6.07736E+00,   1.51136E+02,   9.18509E+02
  242,     49,  50,  46,  45,   1.93509E+00,   3.77119E+02,   7.29758E+02
  243,     49,  50,  45,  44,   6.86918E-01,   7.54492E+02,   5.18274E+02
  244,     49,  50,  44,  43,   2.31855E-01,   1.32219E+03,   3.06556E+02
  245,     49,  50,  43,  42,   2.85318E-01,   2.11200E+03,   6.02592E+02
  246,     49,  50,  42,  41,   1.19573E-01,   3.16864E+03,   3.78883E+02
  247,     49,  50,  41,  40,   8.72093E-02,   4.53307E+03,   3.95326E+02
  248,     49,  51,  41,  39,   2.50916E-01,   1.50898E+03,   3.78628E+02
  249,     49,  51,  39,  37,   1.50949E-01,   2.64030E+03,   3.98550E+02
  250,     49,  51,  37,  35,   9.97042E-02,   4.22145E+03,   4.20897E+02
  251,     49,  51,  35,  33,   6.79016E-02,   6.33727E+03,   4.30311E+02
  252,     49,  51,  33,  31,   4.91152E-02,   9.05237E+03,   4.44609E+02
  253,     49,  52,  31,  28,   6.06553E-02,   6.33345E+03,   3.84157E+02
  254,     49,  52,  28,  25,   3.72737E-02,   9.50018E+03,   3.54107E+02
  255,     49,  52,  25,  22,   3.47560E-02,   1.35717E+04,   4.71697E+02
  256,     49,  53,  25,  21,   5.53386E-02,   8.44545E+03,   4.67359E+02
  257,     49,  53,  21,  17,   3.16469E-02,   1.26688E+04,   4.00929E+02
  258,     49,  53,  17,  13,   2.13461E-02,   1.81047E+04,   3.86466E+02
  259,     49,  54,  14,  9,   2.57171E-02,   1.58374E+04,   4.07293E+02
  260,     49,  54,  9,  4,   1.88288E-02,   2.26240E+04,   4.25984E+02
  261,     49,  55,  7,  1,   2.46788E-02,   1.90004E+04,   4.68906E+02
  262,     48,  49,  45,  44,   1.83269E+00,   3.76737E+02,   6.90442E+02
  263,     48,  49,  44,  43,   6.79957E-01,   7.54492E+02,   5.13022E+02
  264,     48,  49,  43,  42,   1.85478E-01,   1.31811E+03,   2.44481E+02
  265,     48,  49,  42,  41,   3.07694E-01,   2.10945E+03,   6.49067E+02
  266,     48,  49,  41,  40,   1.19004E-01,   3.16864E+03,   3.77080E+02
  267,     48,  49,  40,  39,   8.97034E-02,   4.51932E+03,   4.05398E+02
  268,     48,  50,  40,  38,   2.70660E-01,   1.50746E+03,   4.08008E+02
  269,     48,  50,  38,  36,   1.57234E-01,   2.64030E+03,   4.15144E+02
  270,     48,  50,  36,  34,   1.12358E-01,   4.22400E+03,   4.74600E+02
  271,     48,  50,  34,  32,   6.80839E-02,   6.33154E+03,   4.31076E+02
  272,     48,  50,  32,  30,   4.72548E-02,   9.05237E+03,   4.27768E+02
  273,     48,  51,  30,  27,   5.29234E-02,   6.33345E+03,   3.35188E+02
  274,     48,  51,  27,  24,   3.74505E-02,   9.50018E+03,   3.55786E+02
  275,     48,  51,  24,  21,   3.42883E-02,   1.35717E+04,   4.65350E+02
  276,     48,  52,  24,  20,   5.42960E-02,   8.44290E+03,   4.58416E+02
  277,     48,  52,  20,  16,   3.08836E-02,   1.26688E+04,   3.91258E+02
  278,     48,  52,  16,  12,   1.97530E-02,   1.80910E+04,   3.57351E+02
  279,     48,  53,  13,  8,   2.42351E-02,   1.58317E+04,   3.83683E+02
  280,     48,  53,  8,  3,   1.85181E-02,   2.26240E+04,   4.18954E+02
  281,     48,  54,  6,  0,   2.43974E-02,   1.90004E+04,   4.63559E+02
  282,     47,  48,  44,  43,   2.09371E+00,   3.77119E+02,   7.89577E+02
  283,     47,  48,  43,  42,   7.79404E-01,   7.52965E+02,   5.86864E+02
  284,     47,  48,  42,  41,   1.91602E-01,   1.31811E+03,   2.52553E+02
  285,     47,  48,  41,  40,   3.78759E-01,   2.11200E+03,   7.99939E+02
  286,     47,  48,  40,  39,   1.48487E-01,   3.16291E+03,   4.69651E+02
  287,     47,  48,  39,  38,   9.99060E-02,   4.51932E+03,   4.51507E+02
  288,     47,  49,  39,  37,   2.88083E-01,   1.50746E+03,   4.34272E+02
  289,     47,  49,  37,  35,   1.73485E-01,   2.63623E+03,   4.57346E+02
  290,     47,  49,  35,  33,   1.09826E-01,   4.22145E+03,   4.63625E+02
  291,     47,  49,  33,  31,   7.46354E-02,   6.33154E+03,   4.72557E+02
  292,     47,  49,  31,  29,   4.36110E-02,   9.03863E+03,   3.94184E+02
  293,     47,  50,  29,  26,   5.13951E-02,   6.33345E+03,   3.25508E+02
  294,     47,  50,  26,  23,   4.50839E-02,   9.50018E+03,   4.28305E+02
  295,     47,  50,  23,  20,   2.97197E-02,   1.35717E+04,   4.03346E+02
  296,     47,  51,  23,  19,   4.69384E-02,   8.44545E+03,   3.96416E+02
  297,     47,  51,  19,  15,   2.95880E-02,   1.26631E+04,   3.74675E+02
  298,     47,  51,  15,  11,   1.92295E-02,   1.80910E+04,   3.47881E+02
  299,     47,  52,  12,  7,   2.35129E-02,   1.58317E+04,   3.72250E+02
  300,     47,  52,  7,  2,   1.79449E-02,   2.26103E+04,   4.05740E+02
  301,     46,  47,  43,  42,   1.95633E+00,   3.77119E+02,   7.37768E+02
  302,     46,  47,  42,  41,   7.22030E-01,   7.54492E+02,   5.44766E+02
  303,     46,  47,  41,  40,   2.45501E-01,   1.32219E+03,   3.24598E+02
  304,     46,  47,  40,  39,   3.14589E-01,   2.11200E+03,   6.64412E+02
  305,     46,  47,  39,  38,   1.32839E-01,   3.16864E+03,   4.20918E+02
  306,     46,  47,  38,  37,   9.12254E-02,   4.53307E+03,   4.13531E+02
  307,     46,  48,  38,  36,   2.81530E-01,   1.50898E+03,   4.24824E+02
  308,     46,  48,  36,  34,   1.84205E-01,   2.64030E+03,   4.86356E+02
  309,     46,  48,  34,  32,   1.01430E-01,   4.22145E+03,   4.28182E+02
  310,     46,  48,  32,  30,   6.69656E-02,   6.33727E+03,   4.24379E+02
  311,     46,  48,  30,  28,   3.76459E-02,   9.05237E+03,   3.40785E+02
  312,     46,  49,  28,  25,   5.08173E-02,   6.33345E+03,   3.21849E+02
  313,     46,  49,  25,  22,   4.43708E-02,   9.50018E+03,   4.21530E+02
  314,     46,  49,  22,  19,   2.39373E-02,   1.35717E+04,   3.24869E+02
  315,     46,  50,  22,  18,   3.91844E-02,   8.44545E+03,   3.30930E+02
  316,     46,  50,  18,  14,   2.76876E-02,   1.26688E+04,   3.50769E+02
  317,     46,  50,  14,  10,   1.84457E-02,   1.81047E+04,   3.33955E+02
  318,     46,  51,  11,  6,   2.23618E-02,   1.58374E+04,   3.54154E+02
  319,     46,  51,  6,  1,   1.70212E-02,   2.26240E+04,   3.85088E+02
  320,     45,  46,  42,  41,   2.45714E+00,   3.76737E+02,   9.25695E+02
  321,     45,  46,  41,  40,   9.03480E-01,   7.54492E+02,   6.81668E+02
  322,     45,  46,  40,  39,   1.82202E-01,   1.31811E+03,   2.40163E+02
  323,     45,  46,  38,  37,   1.66081E-01,   3.16864E+03,   5.26250E+02
  324,     45,  46,  37,  36,   1.09426E-01,   4.51932E+03,   4.94531E+02
  325,     45,  47,  37,  35,   3.16558E-01,   1.50746E+03,   4.77197E+02
  326,     45,  47,  35,  33,   1.79875E-01,   2.64030E+03,   4.74923E+02
  327,     45,  47,  33,  31,   1.09995E-01,   4.22400E+03,   4.64619E+02
  328,     45,  47,  31,  29,   5.94460E-02,   6.33154E+03,   3.76385E+02
  329,     45,  47,  29,  27,   3.31911E-02,   9.05237E+03,   3.00458E+02
  330,     45,  48,  27,  24,   5.25062E-02,   6.33345E+03,   3.32545E+02
  331,     45,  48,  24,  21,   4.42747E-02,   9.50018E+03,   4.20617E+02
  332,     45,  48,  21,  18,   2.24154E-02,   1.35717E+04,   3.04215E+02
  333,     45,  49,  21,  17,   3.92747E-02,   8.44290E+03,   3.31593E+02
  334,     45,  49,  17,  13,   2.48500E-02,   1.26688E+04,   3.14820E+02
  335,     45,  49,  13,  9,   1.74309E-02,   1.80910E+04,   3.15342E+02
  336,     45,  50,  10,  5,   2.08296E-02,   1.58317E+04,   3.29768E+02
  337,     45,  50,  5,  0,   1.74077E-02,   2.26240E+04,   3.93833E+02
  338,     44,  45,  41,  40,   2.15001E+00,   3.77119E+02,   8.10809E+02
  339,     44,  45,  40,  39,   9.91793E-01,   7.52965E+02,   7.46786E+02
  340,     44,  45,  39,  38,   1.39811E-01,   1.31811E+03,   1.84287E+02
  341,     44,  45,  37,  36,   1.61607E-01,   3.16291E+03,   5.11149E+02
  342,     44,  45,  36,  35,   1.27958E-01,   4.51932E+03,   5.78283E+02
  343,     44,  46,  36,  34,   3.73491E-01,   1.50746E+03,   5.63021E+02
  344,     44,  46,  34,  32,   1.82501E-01,   2.63623E+03,   4.81114E+02
  345,     44,  46,  32,  30,   1.07117E-01,   4.22145E+03,   4.52189E+02
  346,     44,  46,  30,  28,   5.49832E-02,   6.33154E+03,   3.48129E+02
  347,     44,  46,  28,  26,   3.14264E-02,   9.03863E+03,   2.84052E+02
  348,     44,  47,  26,  23,   5.80390E-02,   6.33345E+03,   3.67587E+02
  349,     44,  47,  23,  20,   3.50537E-02,   9.50018E+03,   3.33016E+02
  350,     44,  47,  20,  17,   2.26806E-02,   1.35717E+04,   3.07814E+02
  351,     44,  48,  20,  16,   3.84461E-02,   8.44545E+03,   3.24695E+02
  352,     44,  48,  16,  12,   2.28213E-02,   1.26631E+04,   2.88988E+02
  353,     44,  48,  12,  8,   1.63110E-02,   1.80910E+04,   2.95082E+02
  354,     44,  49,  9,  4,   2.02806E-02,   1.58317E+04,   3.21077E+02
  355,     43,  44,  41,  40,   6.32291E+00,   1.51136E+02,   9.55621E+02
  356,     43,  44,  40,  39,   2.42941E+00,   3.77119E+02,   9.16176E+02
  357,     43,  44,  39,  38,   9.34296E-01,   7.54492E+02,   7.04919E+02
  358,     43,  44,  38,  37,   2.53052E-01,   1.32219E+03,   3.34582E+02
  359,     43,  44,  37,  36,   4.70146E-01,   2.11200E+03,   9.92948E+02
  360,     43,  44,  36,  35,   2.05146E-01,   3.16864E+03,   6.50033E+02
  361,     43,  44,  35,  34,   1.38997E-01,   4.53307E+03,   6.30083E+02
  362,     43,  45,  35,  33,   3.64430E-01,   1.50898E+03,   5.49919E+02
  363,     43,  45,  33,  31,   1.98949E-01,   2.64030E+03,   5.25284E+02
  364,     43,  45,  31,  29,   9.42916E-02,   4.22145E+03,   3.98048E+02
  365,     43,  45,  29,  27,   4.87184E-02,   6.33727E+03,   3.08742E+02
  366,     43,  45,  27,  25,   3.58201E-02,   9.05237E+03,   3.24257E+02
  367,     43,  46,  25,  22,   6.18732E-02,   6.33345E+03,   3.91871E+02
  368,     43,  46,  22,  19,   3.14527E-02,   9.50018E+03,   2.98806E+02
  369,     43,  46,  19,  16,   2.36043E-02,   1.35717E+04,   3.20350E+02
  370,     43,  47,  19,  15,   3.66439E-02,   8.44545E+03,   3.09474E+02
  371,     43,  47,  15,  11,   2.19586E-02,   1.26688E+04,   2.78189E+02
  372,     43,  47,  11,  7,   1.62634E-02,   1.81047E+04,   2.94445E+02
  373,     43,  48,  8,  3,   2.03385E-02,   1.58374E+04,   3.22110E+02
  374,     42,  43,  39,  38,   2.14589E+00,   3.76737E+02,   8.08436E+02
  375,     42,  43,  38,  37,   8.45372E-01,   7.54492E+02,   6.37826E+02
  376,     42,  43,  37,  36,   2.44612E-01,   1.31811E+03,   3.22426E+02
  377,     42,  43,  35,  34,   1.99963E-01,   3.16864E+03,   6.33610E+02
  378,     42,  43,  34,  33,   1.13386E-01,   4.51932E+03,   5.12427E+02
  379,     42,  44,  34,  32,   3.50445E-01,   1.50746E+03,   5.28280E+02
  380,     42,  44,  32,  30,   1.83315E-01,   2.64030E+03,   4.84006E+02
  381,     42,  44,  30,  28,   8.18915E-02,   4.22400E+03,   3.45909E+02
  382,     42,  44,  28,  26,   4.43376E-02,   6.33154E+03,   2.80725E+02
  383,     42,  44,  26,  24,   3.74022E-02,   9.05237E+03,   3.38579E+02
  384,     42,  45,  24,  21,   6.16918E-02,   6.33345E+03,   3.90722E+02
  385,     42,  45,  21,  18,   2.91736E-02,   9.50018E+03,   2.77154E+02
  386,     42,  45,  18,  15,   2.26963E-02,   1.35717E+04,   3.08027E+02
  387,     42,  46,  18,  14,   3.60432E-02,   8.44290E+03,   3.04309E+02
  388,     42,  46,  14,  10,   2.23686E-02,   1.26688E+04,   2.83384E+02
  389,     42,  46,  10,  6,   1.57647E-02,   1.80910E+04,   2.85199E+02
  390,     42,  47,  7,  2,   1.92219E-02,   1.58317E+04,   3.04316E+02
  391,     41,  42,  38,  37,   1.99952E+00,   3.77119E+02,   7.54056E+02
  392,     41,  42,  37,  36,   8.46089E-01,   7.52965E+02,   6.37076E+02
  393,     41,  42,  36,  35,   3.85740E-01,   1.31811E+03,   5.08449E+02
  394,     41,  42,  34,  33,   1.78218E-01,   3.16291E+03,   5.63688E+02
  395,     41,  42,  33,  32,   1.34689E-01,   4.51932E+03,   6.08702E+02
  396,     41,  43,  33,  31,   3.74887E-01,   1.50746E+03,   5.65126E+02
  397,     41,  43,  31,  29,   1.54621E-01,   2.63623E+03,   4.07616E+02
  398,     41,  43,  29,  27,   7.03302E-02,   4.22145E+03,   2.96896E+02
  399,     41,  43,  27,  25,   4.76763E-02,   6.33154E+03,   3.01865E+02
  400,     41,  43,  25,  23,   3.89113E-02,   9.03863E+03,   3.51705E+02
  401,     41,  44,  23,  20,   5.12519E-02,   6.33345E+03,   3.24601E+02
  402,     41,  44,  20,  17,   3.10974E-02,   9.50018E+03,   2.95431E+02
  403,     41,  44,  17,  14,   1.97023E-02,   1.35717E+04,   2.67393E+02
  404,     41,  45,  17,  13,   3.20080E-02,   8.44545E+03,   2.70322E+02
  405,     41,  45,  13,  9,   2.10656E-02,   1.26631E+04,   2.66755E+02
  406,     41,  45,  9,  5,   1.54380E-02,   1.80910E+04,   2.79289E+02
  407,     41,  46,  6,  1,   1.94699E-02,   1.58317E+04,   3.08242E+02
  408,     40,  41,  38,  37,   6.11714E+00,   1.51136E+02,   9.24522E+02
  409,     40,  41,  37,  36,   1.96900E+00,   3.77119E+02,   7.42546E+02
  410,     40,  41,  36,  35,   1.11223E+00,   7.54492E+02,   8.39168E+02
  411,     40,  41,  35,  34,   4.54019E-01,   1.32219E+03,   6.00298E+02
  412,     40,  41,  34,  33,   4.47306E-01,   2.11200E+03,   9.44710E+02
  413,     40,  41,  33,  32,   2.22446E-01,   3.16864E+03,   7.04850E+02
  414,     40,  41,  32,  31,   1.42246E-01,   4.53307E+03,   6.44811E+02
  415,     40,  42,  32,  30,   3.65735E-01,   1.50898E+03,   5.51888E+02
  416,     40,  42,  30,  28,   1.39970E-01,   2.64030E+03,   3.69562E+02
  417,     40,  42,  28,  26,   6.62039E-02,   4.22145E+03,   2.79477E+02
  418,     40,  42,  26,  24,   5.30261E-02,   6.33727E+03,   3.36041E+02
  419,     40,  42,  24,  22,   4.62791E-02,   9.05237E+03,   4.18935E+02
  420,     40,  43,  22,  19,   4.34874E-02,   6.33345E+03,   2.75425E+02
  421,     40,  43,  19,  16,   3.12419E-02,   9.50018E+03,   2.96804E+02
  422,     40,  43,  16,  13,   1.85895E-02,   1.35717E+04,   2.52291E+02
  423,     40,  44,  16,  12,   3.09585E-02,   8.44545E+03,   2.61458E+02
  424,     40,  44,  12,  8,   2.11322E-02,   1.26688E+04,   2.67720E+02
  425,     40,  44,  8,  4,   1.56539E-02,   1.81047E+04,   2.83410E+02
  426,     40,  45,  5,  0,   2.06630E-02,   1.58374E+04,   3.27249E+02
  427,     39,  40,  37,  36,   5.59096E+00,   1.50627E+02,   8.42149E+02
  428,     39,  40,  36,  35,   2.54020E+00,   3.76737E+02,   9.56987E+02
  429,     39,  40,  35,  34,   1.17197E+00,   7.54492E+02,   8.84242E+02
  430,     39,  40,  34,  33,   3.70809E-01,   1.31811E+03,   4.88768E+02
  431,     39,  40,  32,  31,   2.29461E-01,   3.16864E+03,   7.27078E+02
  432,     39,  40,  31,  30,   1.23286E-01,   4.51932E+03,   5.57168E+02
  433,     39,  41,  31,  29,   3.23268E-01,   1.50746E+03,   4.87312E+02
  434,     39,  41,  29,  27,   1.25831E-01,   2.64030E+03,   3.32231E+02
  435,     39,  41,  27,  25,   7.66221E-02,   4.22400E+03,   3.23652E+02
  436,     39,  41,  25,  23,   5.95566E-02,   6.33154E+03,   3.77085E+02
  437,     39,  41,  23,  21,   3.93403E-02,   9.05237E+03,   3.56123E+02
  438,     39,  42,  21,  18,   4.23110E-02,   6.33345E+03,   2.67975E+02
  439,     39,  42,  18,  15,   3.11593E-02,   9.50018E+03,   2.96019E+02
  440,     39,  42,  15,  12,   1.91772E-02,   1.35717E+04,   2.60267E+02
  441,     39,  43,  15,  11,   3.08001E-02,   8.44290E+03,   2.60042E+02
  442,     39,  43,  11,  7,   2.13899E-02,   1.26688E+04,   2.70985E+02
  443,     39,  43,  7,  3,   1.53893E-02,   1.80910E+04,   2.78408E+02
  444,     38,  39,  34,  33,   1.10216E+00,   7.52965E+02,   8.29888E+02
  445,     38,  39,  33,  32,   3.55291E-01,   1.31811E+03,   4.68314E+02
  446,     38,  39,  31,  30,   2.01173E-01,   3.16291E+03,   6.36292E+02
  447,     38,  39,  30,  29,   1.09193E-01,   4.51932E+03,   4.93478E+02
  448,     38,  40,  30,  28,   2.85219E-01,   1.50746E+03,   4.29955E+02
  449,     38,  40,  28,  26,   1.14398E-01,   2.63623E+03,   3.01579E+02
  450,     38,  40,  26,  24,   8.33429E-02,   4.22145E+03,   3.51828E+02
  451,     38,  40,  24,  22,   6.73928E-02,   6.33154E+03,   4.26700E+02
  452,     38,  40,  22,  20,   3.10131E-02,   9.03863E+03,   2.80316E+02
  453,     38,  41,  20,  17,   4.63897E-02,   6.33345E+03,   2.93807E+02
  454,     38,  41,  17,  14,   2.79575E-02,   9.50018E+03,   2.65601E+02
  455,     38,  41,  14,  11,   1.93758E-02,   1.35717E+04,   2.62962E+02
  456,     38,  42,  14,  10,   3.14156E-02,   8.44545E+03,   2.65319E+02
  457,     38,  42,  10,  6,   2.10809E-02,   1.26631E+04,   2.66949E+02
  458,     38,  42,  6,  2,   1.58374E-02,   1.80910E+04,   2.86514E+02
  459,     37,  38,  34,  33,   2.59148E+00,   3.77119E+02,   9.77295E+02
  460,     37,  38,  32,  31,   2.69711E-01,   1.32219E+03,   3.56608E+02
  461,     37,  38,  30,  29,   1.79430E-01,   3.16864E+03,   5.68548E+02
  462,     37,  38,  29,  28,   9.71550E-02,   4.53307E+03,   4.40410E+02
  463,     37,  39,  29,  27,   2.52782E-01,   1.50898E+03,   3.81444E+02
  464,     37,  39,  27,  25,   1.31542E-01,   2.64030E+03,   3.47310E+02
  465,     37,  39,  25,  23,   9.25395E-02,   4.22145E+03,   3.90651E+02
  466,     37,  39,  23,  21,   5.65087E-02,   6.33727E+03,   3.58111E+02
  467,     37,  39,  21,  19,   3.04459E-02,   9.05237E+03,   2.75608E+02
  468,     37,  40,  19,  16,   4.72243E-02,   6.33345E+03,   2.99093E+02
  469,     37,  40,  16,  13,   2.64648E-02,   9.50018E+03,   2.51420E+02
  470,     37,  40,  13,  10,   1.95223E-02,   1.35717E+04,   2.64950E+02
  471,     37,  41,  13,  9,   3.12206E-02,   8.44545E+03,   2.63672E+02
  472,     37,  41,  9,  5,   2.13894E-02,   1.26688E+04,   2.70978E+02
  473,     37,  41,  5,  1,   1.68177E-02,   1.81047E+04,   3.04480E+02
  474,     36,  37,  34,  33,   6.58037E+00,   1.50627E+02,   9.91181E+02
  475,     36,  37,  32,  31,   1.32024E+00,   7.54492E+02,   9.96110E+02
  476,     36,  37,  31,  30,   2.97713E-01,   1.31811E+03,   3.92419E+02
  477,     36,  37,  29,  28,   1.39096E-01,   3.16864E+03,   4.40745E+02
  478,     36,  37,  28,  27,   7.57013E-02,   4.51932E+03,   3.42118E+02
  479,     36,  38,  28,  26,   2.18441E-01,   1.50746E+03,   3.29290E+02
  480,     36,  38,  26,  24,   1.42850E-01,   2.64030E+03,   3.77166E+02
  481,     36,  38,  24,  22,   1.04678E-01,   4.22400E+03,   4.42160E+02
  482,     36,  38,  22,  20,   4.50503E-02,   6.33154E+03,   2.85238E+02
  483,     36,  38,  20,  18,   3.05649E-02,   9.05237E+03,   2.76685E+02
  484,     36,  39,  18,  15,   4.68946E-02,   6.33345E+03,   2.97005E+02
  485,     36,  39,  15,  12,   2.70807E-02,   9.50018E+03,   2.57271E+02
  486,     36,  39,  12,  9,   1.89779E-02,   1.35717E+04,   2.57562E+02
  487,     36,  40,  12,  8,   3.05025E-02,   8.44290E+03,   2.57530E+02
  488,     36,  40,  8,  4,   2.15553E-02,   1.26688E+04,   2.73080E+02
  489,     36,  40,  4,  0,   1.75997E-02,   1.80910E+04,   3.18396E+02
  490,     35,  36,  31,  30,   1.13693E+00,   7.52965E+02,   8.56069E+02
  491,     35,  36,  30,  29,   2.05482E-01,   1.31811E+03,   2.70848E+02
  492,     35,  36,  28,  27,   1.19034E-01,   3.16291E+03,   3.76494E+02
  493,     35,  36,  27,  26,   7.44040E-02,   4.51932E+03,   3.36255E+02
  494,     35,  37,  27,  25,   2.40615E-01,   1.50746E+03,   3.62716E+02
  495,     35,  37,  25,  23,   1.56809E-01,   2.63623E+03,   4.13384E+02
  496,     35,  37,  23,  21,   8.71872E-02,   4.22145E+03,   3.68057E+02
  497,     35,  37,  21,  19,   4.46907E-02,   6.33154E+03,   2.82961E+02
  498,     35,  37,  19,  17,   3.42368E-02,   9.03863E+03,   3.09454E+02
  499,     35,  38,  17,  14,   4.33740E-02,   6.33345E+03,   2.74707E+02
  500,     35,  38,  14,  11,   2.79442E-02,   9.50018E+03,   2.65475E+02
  501,     35,  38,  11,  8,   1.95538E-02,   1.35717E+04,   2.65378E+02
  502,     35,  39,  11,  7,   3.21501E-02,   8.44545E+03,   2.71522E+02
  503,     35,  39,  7,  3,   2.18782E-02,   1.26631E+04,   2.77046E+02
  504,     34,  35,  30,  29,   1.00591E+00,   7.54492E+02,   7.58951E+02
  505,     34,  35,  29,  28,   1.33652E-01,   1.32219E+03,   1.76713E+02
  506,     34,  35,  27,  26,   1.16760E-01,   3.16864E+03,   3.69970E+02
  507,     34,  35,  26,  25,   1.05913E-01,   4.53307E+03,   4.80111E+02
  508,     34,  36,  26,  24,   2.82124E-01,   1.50898E+03,   4.25720E+02
  509,     34,  36,  24,  22,   1.88030E-01,   2.64030E+03,   4.96455E+02
  510,     34,  36,  22,  20,   7.33085E-02,   4.22145E+03,   3.09468E+02
  511,     34,  36,  20,  18,   4.74624E-02,   6.33727E+03,   3.00782E+02
  512,     34,  36,  18,  16,   3.83079E-02,   9.05237E+03,   3.46777E+02
  513,     34,  37,  16,  13,   4.16925E-02,   6.33345E+03,   2.64057E+02
  514,     34,  37,  13,  10,   2.93357E-02,   9.50018E+03,   2.78694E+02
  515,     34,  37,  10,  7,   2.03250E-02,   1.35717E+04,   2.75844E+02
  516,     34,  38,  10,  6,   3.25848E-02,   8.44545E+03,   2.75193E+02
  517,     34,  38,  6,  2,   2.32618E-02,   1.26688E+04,   2.94699E+02
  518,     33,  34,  31,  30,   5.57527E+00,   1.50627E+02,   8.39786E+02
  519,     33,  34,  30,  29,   1.77954E+00,   3.76737E+02,   6.70418E+02
  520,     33,  34,  29,  28,   6.51715E-01,   7.54492E+02,   4.91714E+02
  521,     33,  34,  28,  27,   1.22119E-01,   1.31811E+03,   1.60967E+02
  522,     33,  34,  27,  26,   2.99050E-01,   2.10945E+03,   6.30833E+02
  523,     33,  34,  26,  25,   1.29912E-01,   3.16864E+03,   4.11644E+02
  524,     33,  34,  25,  24,   7.71218E-02,   4.51932E+03,   3.48538E+02
  525,     33,  35,  25,  23,   2.81795E-01,   1.50746E+03,   4.24794E+02
  526,     33,  35,  23,  21,   1.40823E-01,   2.64030E+03,   3.71814E+02
  527,     33,  35,  21,  19,   6.60604E-02,   4.22400E+03,   2.79039E+02
  528,     33,  35,  19,  17,   4.80322E-02,   6.33154E+03,   3.04118E+02
  529,     33,  35,  17,  15,   3.00191E-02,   9.05237E+03,   2.71744E+02
  530,     33,  36,  15,  12,   4.15528E-02,   6.33345E+03,   2.63173E+02
  531,     33,  36,  12,  9,   2.76315E-02,   9.50018E+03,   2.62504E+02
  532,     33,  36,  9,  6,   2.04332E-02,   1.35717E+04,   2.77313E+02
  533,     33,  37,  9,  5,   3.21279E-02,   8.44290E+03,   2.71253E+02
  534,     33,  37,  5,  1,   2.37388E-02,   1.26688E+04,   3.00742E+02
  535,     32,  33,  30,  29,   5.21130E+00,   1.50627E+02,   7.84962E+02
  536,     32,  33,  29,  28,   1.56605E+00,   3.77119E+02,   5.90587E+02
  537,     32,  33,  28,  27,   5.72462E-01,   7.52965E+02,   4.31044E+02
  538,     32,  33,  27,  26,   1.76971E-01,   1.31811E+03,   2.33268E+02
  539,     32,  33,  26,  25,   3.34841E-01,   2.11200E+03,   7.07184E+02
  540,     32,  33,  25,  24,   1.32818E-01,   3.16291E+03,   4.20092E+02
  541,     32,  33,  24,  23,   1.26665E-01,   4.51932E+03,   5.72439E+02
  542,     32,  34,  24,  22,   3.23660E-01,   1.50746E+03,   4.87903E+02
  543,     32,  34,  22,  20,   1.12088E-01,   2.63623E+03,   2.95489E+02
  544,     32,  34,  20,  18,   6.67424E-02,   4.22145E+03,   2.81750E+02
  545,     32,  34,  18,  16,   5.08003E-02,   6.33154E+03,   3.21644E+02
  546,     32,  34,  16,  14,   2.72923E-02,   9.03863E+03,   2.46685E+02
  547,     32,  35,  14,  11,   4.16490E-02,   6.33345E+03,   2.63782E+02
  548,     32,  35,  11,  8,   2.77499E-02,   9.50018E+03,   2.63629E+02
  549,     32,  35,  8,  5,   2.03417E-02,   1.35717E+04,   2.76071E+02
  550,     32,  36,  8,  4,   3.29427E-02,   8.44545E+03,   2.78216E+02
  551,     32,  36,  4,  0,   2.57314E-02,   1.26631E+04,   3.25839E+02
  552,     31,  32,  30,  29,   2.38875E+01,   3.77416E+01,   9.01552E+02
  553,     31,  32,  29,  28,   4.41358E+00,   1.51136E+02,   6.67052E+02
  554,     31,  32,  28,  27,   1.29953E+00,   3.77119E+02,   4.90077E+02
  555,     31,  32,  27,  26,   5.60187E-01,   7.54492E+02,   4.22656E+02
  556,     31,  32,  26,  25,   3.87876E-01,   1.32219E+03,   5.12845E+02
  557,     31,  32,  25,  24,   2.58467E-01,   2.11200E+03,   5.45882E+02
  558,     31,  32,  24,  23,   2.11006E-01,   3.16864E+03,   6.68601E+02
  559,     31,  32,  23,  22,   1.19297E-01,   4.53307E+03,   5.40781E+02
  560,     31,  33,  23,  21,   2.93383E-01,   1.50898E+03,   4.42710E+02
  561,     31,  33,  21,  19,   1.22231E-01,   2.64030E+03,   3.22726E+02
  562,     31,  33,  19,  17,   8.06615E-02,   4.22145E+03,   3.40509E+02
  563,     31,  33,  17,  15,   4.70720E-02,   6.33727E+03,   2.98308E+02
  564,     31,  33,  15,  13,   3.13164E-02,   9.05237E+03,   2.83488E+02
  565,     31,  34,  13,  10,   4.31678E-02,   6.33345E+03,   2.73401E+02
  566,     31,  34,  10,  7,   2.89400E-02,   9.50018E+03,   2.74935E+02
  567,     31,  34,  7,  4,   1.97790E-02,   1.35717E+04,   2.68434E+02
  568,     31,  35,  7,  3,   3.36847E-02,   8.44545E+03,   2.84482E+02
  569,     30,  31,  29,  28,   1.67942E+01,   3.77416E+01,   6.33839E+02
  570,     30,  31,  28,  27,   3.07161E+00,   1.50627E+02,   4.62667E+02
  571,     30,  31,  27,  26,   1.08454E+00,   3.76737E+02,   4.08586E+02
  572,     30,  31,  26,  25,   7.31747E-01,   7.54492E+02,   5.52097E+02
  573,     30,  31,  25,  24,   3.66913E-01,   1.31811E+03,   4.83633E+02
  574,     30,  31,  24,  23,   3.27837E-01,   2.10945E+03,   6.91557E+02
  575,     30,  31,  23,  22,   1.69613E-01,   3.16864E+03,   5.37442E+02
  576,     30,  31,  22,  21,   8.09325E-02,   4.51932E+03,   3.65760E+02
  577,     30,  32,  22,  20,   2.31591E-01,   1.50746E+03,   3.49113E+02
  578,     30,  32,  20,  18,   1.24665E-01,   2.64030E+03,   3.29152E+02
  579,     30,  32,  18,  16,   8.57160E-02,   4.22400E+03,   3.62064E+02
  580,     30,  32,  16,  14,   4.33129E-02,   6.33154E+03,   2.74238E+02
  581,     30,  32,  14,  12,   3.19547E-02,   9.05237E+03,   2.89266E+02
  582,     30,  33,  12,  9,   4.37952E-02,   6.33345E+03,   2.77375E+02
  583,     30,  33,  9,  6,   3.06382E-02,   9.50018E+03,   2.91068E+02
  584,     30,  33,  6,  3,   2.15092E-02,   1.35717E+04,   2.91916E+02
  585,     30,  34,  6,  2,   3.42349E-02,   8.44290E+03,   2.89042E+02
  586,     29,  30,  28,  27,   9.89550E+00,   3.76144E+01,   3.72213E+02
  587,     29,  30,  27,  26,   2.38184E+00,   1.50627E+02,   3.58769E+02
  588,     29,  30,  26,  25,   1.39654E+00,   3.77119E+02,   5.26661E+02
  589,     29,  30,  25,  24,   6.61919E-01,   7.52965E+02,   4.98402E+02
  590,     29,  30,  24,  23,   5.03590E-01,   1.31811E+03,   6.63788E+02
  591,     29,  30,  23,  22,   2.93625E-01,   2.11200E+03,   6.20136E+02
  592,     29,  30,  22,  21,   1.16914E-01,   3.16291E+03,   3.69789E+02
  593,     29,  30,  21,  20,   7.23241E-02,   4.51932E+03,   3.26855E+02
  594,     29,  31,  21,  19,   2.19162E-01,   1.50746E+03,   3.30377E+02
  595,     29,  31,  19,  17,   1.30039E-01,   2.63623E+03,   3.42812E+02
  596,     29,  31,  17,  15,   6.85258E-02,   4.22145E+03,   2.89278E+02
  597,     29,  31,  15,  13,   4.31907E-02,   6.33154E+03,   2.73464E+02
  598,     29,  31,  13,  11,   2.99446E-02,   9.03863E+03,   2.70658E+02
  599,     29,  32,  11,  8,   4.31238E-02,   6.33345E+03,   2.73122E+02
  600,     29,  32,  8,  5,   2.98551E-02,   9.50018E+03,   2.83629E+02
  601,     29,  32,  5,  2,   2.25431E-02,   1.35717E+04,   3.05948E+02
  602,     29,  33,  5,  1,   3.65465E-02,   8.44545E+03,   3.08652E+02
  603,     28,  29,  27,  26,   7.08428E+00,   3.77416E+01,   2.67372E+02
  604,     28,  29,  26,  25,   2.89216E+00,   1.51136E+02,   4.37110E+02
  605,     28,  29,  25,  24,   1.21571E+00,   3.77119E+02,   4.58467E+02
  606,     28,  29,  24,  23,   8.93043E-01,   7.54492E+02,   6.73794E+02
  607,     28,  29,  23,  22,   2.57100E-01,   1.32219E+03,   3.39934E+02
  608,     28,  29,  22,  21,   3.13606E-01,   2.11200E+03,   6.62336E+02
  609,     28,  29,  21,  20,   1.00731E-01,   3.16864E+03,   3.19180E+02
  610,     28,  29,  20,  19,   7.36282E-02,   4.53307E+03,   3.33762E+02
  611,     28,  30,  20,  18,   2.12331E-01,   1.50898E+03,   3.20404E+02
  612,     28,  30,  18,  16,   1.30740E-01,   2.64030E+03,   3.45192E+02
  613,     28,  30,  16,  14,   6.02286E-02,   4.22145E+03,   2.54252E+02
  614,     28,  30,  14,  12,   4.17568E-02,   6.33727E+03,   2.64624E+02
  615,     28,  30,  12,  10,   2.89149E-02,   9.05237E+03,   2.61748E+02
  616,     28,  31,  10,  7,   4.07218E-02,   6.33345E+03,   2.57910E+02
  617,     28,  31,  7,  4,   2.70620E-02,   9.50018E+03,   2.57094E+02
  618,     28,  31,  4,  1,   2.15469E-02,   1.35717E+04,   2.92428E+02
  619,     28,  32,  4,  0,   3.70290E-02,   8.44545E+03,   3.12727E+02
  620,     27,  28,  26,  25,   8.79268E+00,   3.77416E+01,   3.31849E+02
  621,     27,  28,  25,  24,   2.54118E+00,   1.50627E+02,   3.82770E+02
  622,     27,  28,  24,  23,   1.74784E+00,   3.76737E+02,   6.58476E+02
  623,     27,  28,  23,  22,   6.85082E-01,   7.54492E+02,   5.16889E+02
  624,     27,  28,  22,  21,   9.80398E-02,   1.31811E+03,   1.29228E+02
  625,     27,  28,  21,  20,   3.19806E-01,   2.10945E+03,   6.74616E+02
  626,     27,  28,  20,  19,   1.07180E-01,   3.16864E+03,   3.39614E+02
  627,     27,  28,  19,  18,   6.78824E-02,   4.51932E+03,   3.06782E+02
  628,     27,  29,  19,  17,   2.20046E-01,   1.50746E+03,   3.31710E+02
  629,     27,  29,  17,  15,   1.04101E-01,   2.64030E+03,   2.74857E+02
  630,     27,  29,  15,  13,   5.97977E-02,   4.22400E+03,   2.52585E+02
  631,     27,  29,  13,  11,   3.92570E-02,   6.33154E+03,   2.48557E+02
  632,     27,  29,  11,  9,   2.71704E-02,   9.05237E+03,   2.45956E+02
  633,     27,  30,  9,  6,   4.00146E-02,   6.33345E+03,   2.53430E+02
  634,     27,  30,  6,  3,   2.61179E-02,   9.50018E+03,   2.48125E+02
  635,     27,  30,  3,  0,   2.11287E-02,   1.35717E+04,   2.86752E+02
  636,     26,  27,  25,  24,   8.51856E+00,   3.76144E+01,   3.20420E+02
  637,     26,  27,  24,  23,   3.76990E+00,   1.50627E+02,   5.67848E+02
  638,     26,  27,  23,  22,   1.38552E+00,   3.77119E+02,   5.22505E+02
  639,     26,  27,  22,  21,   4.72214E-01,   7.52965E+02,   3.55561E+02
  640,     26,  27,  20,  19,   3.79685E-01,   2.11200E+03,   8.01895E+02
  641,     26,  27,  19,  18,   1.03746E-01,   3.16291E+03,   3.28139E+02
  642,     26,  27,  18,  17,   8.84052E-02,   4.51932E+03,   3.99531E+02
  643,     26,  27,  21,  20,   6.38813E-02,   1.31811E+03,   8.42028E+01
  644,     26,  28,  18,  16,   2.34054E-01,   1.50746E+03,   3.52826E+02
  645,     26,  28,  16,  14,   9.64497E-02,   2.63623E+03,   2.54263E+02
  646,     26,  28,  14,  12,   6.11518E-02,   4.22145E+03,   2.58149E+02
  647,     26,  28,  12,  10,   3.98833E-02,   6.33154E+03,   2.52523E+02
  648,     26,  28,  10,  8,   2.58941E-02,   9.03863E+03,   2.34047E+02
  649,     26,  29,  8,  5,   3.89861E-02,   6.33345E+03,   2.46917E+02
  650,     26,  29,  5,  2,   2.69907E-02,   9.50018E+03,   2.56416E+02
  651,     25,  26,  24,  23,   1.67956E+01,   3.77416E+01,   6.33892E+02
  652,     25,  26,  23,  22,   3.93603E+00,   1.51136E+02,   5.94877E+02
  653,     25,  26,  22,  21,   1.17817E+00,   3.77119E+02,   4.44310E+02
  654,     25,  26,  21,  20,   5.67485E-01,   7.54492E+02,   4.28163E+02
  655,     25,  26,  20,  19,   2.37236E-01,   1.32219E+03,   3.13670E+02
  656,     25,  26,  19,  18,   3.31717E-01,   2.11200E+03,   7.00586E+02
  657,     25,  26,  18,  17,   1.69616E-01,   3.16864E+03,   5.37451E+02
  658,     25,  26,  17,  16,   9.37500E-02,   4.53307E+03,   4.24975E+02
  659,     25,  27,  17,  15,   2.30507E-01,   1.50898E+03,   3.47831E+02
  660,     25,  27,  15,  13,   1.20047E-01,   2.64030E+03,   3.16960E+02
  661,     25,  27,  13,  11,   7.20498E-02,   4.22145E+03,   3.04155E+02
  662,     25,  27,  11,  9,   4.71842E-02,   6.33727E+03,   2.99019E+02
  663,     25,  27,  9,  7,   3.35480E-02,   9.05237E+03,   3.03689E+02
  664,     25,  28,  7,  4,   4.16027E-02,   6.33345E+03,   2.63489E+02
  665,     25,  28,  4,  1,   3.09103E-02,   9.50018E+03,   2.93653E+02
  666,     24,  25,  23,  22,   1.11676E+01,   3.77416E+01,   4.21483E+02
  667,     24,  25,  22,  21,   2.19845E+00,   1.50627E+02,   3.31146E+02
  668,     24,  25,  21,  20,   9.13035E-01,   3.76737E+02,   3.43974E+02
  669,     24,  25,  20,  19,   5.31806E-01,   7.54492E+02,   4.01243E+02
  670,     24,  25,  19,  18,   2.15799E-01,   1.31811E+03,   2.84447E+02
  671,     24,  25,  18,  17,   2.88455E-01,   2.10945E+03,   6.08483E+02
  672,     24,  25,  17,  16,   1.14386E-01,   3.16864E+03,   3.62448E+02
  673,     24,  25,  16,  15,   6.52320E-02,   4.51932E+03,   2.94804E+02
  674,     24,  26,  16,  14,   2.13195E-01,   1.50746E+03,   3.21382E+02
  675,     24,  26,  14,  12,   1.23952E-01,   2.64030E+03,   3.27270E+02
  676,     24,  26,  12,  10,   7.43755E-02,   4.22400E+03,   3.14162E+02
  677,     24,  26,  10,  8,   4.60745E-02,   6.33154E+03,   2.91723E+02
  678,     24,  26,  8,  6,   3.48140E-02,   9.05237E+03,   3.15149E+02
  679,     24,  27,  6,  3,   4.40071E-02,   6.33345E+03,   2.78717E+02
  680,     24,  27,  3,  0,   3.26938E-02,   9.50018E+03,   3.10597E+02
  681,     23,  24,  22,  21,   1.45624E+01,   3.76144E+01,   5.47756E+02
  682,     23,  24,  21,  20,   3.87921E+00,   1.50627E+02,   5.84313E+02
  683,     23,  24,  20,  19,   2.00283E+00,   3.77119E+02,   7.55304E+02
  684,     23,  24,  19,  18,   9.35157E-01,   7.52965E+02,   7.04141E+02
  685,     23,  24,  18,  17,   4.28887E-01,   1.31811E+03,   5.65321E+02
  686,     23,  24,  16,  15,   1.69178E-01,   3.16291E+03,   5.35095E+02
  687,     23,  24,  15,  14,   1.22778E-01,   4.51932E+03,   5.54873E+02
  688,     23,  25,  15,  13,   2.95345E-01,   1.50746E+03,   4.45220E+02
  689,     23,  25,  13,  11,   1.60030E-01,   2.63623E+03,   4.21875E+02
  690,     23,  25,  11,  9,   9.53733E-02,   4.22145E+03,   4.02614E+02
  691,     23,  25,  9,  7,   6.40765E-02,   6.33154E+03,   4.05703E+02
  692,     23,  25,  7,  5,   3.95353E-02,   9.03863E+03,   3.57345E+02
  693,     23,  26,  5,  2,   5.81647E-02,   6.33345E+03,   3.68383E+02
  694,     22,  23,  21,  20,   1.31056E+01,   3.77416E+01,   4.94626E+02
  695,     22,  23,  20,  19,   4.77626E+00,   1.51136E+02,   7.21866E+02
  696,     22,  23,  19,  18,   2.07477E+00,   3.77119E+02,   7.82434E+02
  697,     22,  23,  18,  17,   1.30047E+00,   7.54492E+02,   9.81194E+02
  698,     22,  23,  17,  16,   2.83145E-01,   1.32219E+03,   3.74371E+02
  699,     22,  23,  15,  14,   2.04505E-01,   3.16864E+03,   6.48002E+02
  700,     22,  23,  14,  13,   1.40413E-01,   4.53307E+03,   6.36502E+02
  701,     22,  24,  14,  12,   3.94026E-01,   1.50898E+03,   5.94578E+02
  702,     22,  24,  12,  10,   2.13369E-01,   2.64030E+03,   5.63357E+02
  703,     22,  24,  10,  8,   1.18608E-01,   4.22145E+03,   5.00698E+02
  704,     22,  24,  8,  6,   8.40657E-02,   6.33727E+03,   5.32747E+02
  705,     22,  24,  6,  4,   5.06893E-02,   9.05237E+03,   4.58858E+02
  706,     22,  25,  4,  1,   6.94621E-02,   6.33345E+03,   4.39935E+02
  707,     21,  22,  20,  19,   1.21473E+01,   3.77416E+01,   4.58458E+02
  708,     21,  22,  19,  18,   3.39929E+00,   1.50627E+02,   5.12025E+02
  709,     21,  22,  18,  17,   1.98238E+00,   3.76737E+02,   7.46836E+02
  710,     21,  22,  17,  16,   7.77106E-01,   7.54492E+02,   5.86320E+02
  711,     21,  22,  16,  15,   1.71175E-01,   1.31811E+03,   2.25628E+02
  712,     21,  22,  15,  14,   4.39087E-01,   2.10945E+03,   9.26234E+02
  713,     21,  22,  14,  13,   1.62261E-01,   3.16864E+03,   5.14146E+02
  714,     21,  22,  13,  12,   1.13441E-01,   4.51932E+03,   5.12676E+02
  715,     21,  23,  13,  11,   3.60388E-01,   1.50746E+03,   5.43269E+02
  716,     21,  23,  11,  9,   1.96316E-01,   2.64030E+03,   5.18332E+02
  717,     21,  23,  9,  7,   1.20394E-01,   4.22400E+03,   5.08544E+02
  718,     21,  23,  7,  5,   6.97173E-02,   6.33154E+03,   4.41418E+02
  719,     21,  23,  5,  3,   5.05887E-02,   9.05237E+03,   4.57948E+02
  720,     21,  24,  3,  0,   7.48064E-02,   6.33345E+03,   4.73783E+02
  721,     20,  21,  19,  18,   9.51800E+00,   3.76144E+01,   3.58014E+02
  722,     20,  21,  18,  17,   3.52661E+00,   1.50627E+02,   5.31202E+02
  723,     20,  21,  17,  16,   1.25238E+00,   3.77119E+02,   4.72296E+02
  724,     20,  21,  16,  15,   5.38351E-01,   7.52965E+02,   4.05360E+02
  725,     20,  21,  15,  14,   1.75711E-01,   1.31811E+03,   2.31607E+02
  726,     20,  21,  14,  13,   3.80979E-01,   2.11200E+03,   8.04628E+02
  727,     20,  21,  13,  12,   1.47120E-01,   3.16291E+03,   4.65328E+02
  728,     20,  21,  12,  11,   9.73818E-02,   4.51932E+03,   4.40099E+02
  729,     20,  22,  12,  10,   3.10154E-01,   1.50746E+03,   4.67543E+02
  730,     20,  22,  10,  8,   1.59645E-01,   2.63623E+03,   4.20860E+02
  731,     20,  22,  8,  6,   1.04328E-01,   4.22145E+03,   4.40416E+02
  732,     20,  22,  6,  4,   5.94718E-02,   6.33154E+03,   3.76548E+02
  733,     20,  22,  4,  2,   4.46862E-02,   9.03863E+03,   4.03902E+02
  734,     19,  20,  18,  17,   1.07297E+01,   3.77416E+01,   4.04956E+02
  735,     19,  20,  17,  16,   2.60551E+00,   1.51136E+02,   3.93787E+02
  736,     19,  20,  16,  15,   9.77850E-01,   3.77119E+02,   3.68765E+02
  737,     19,  20,  15,  14,   5.65629E-01,   7.54492E+02,   4.26762E+02
  738,     19,  20,  14,  13,   2.41966E-01,   1.32219E+03,   3.19924E+02
  739,     19,  20,  13,  12,   3.24049E-01,   2.11200E+03,   6.84391E+02
  740,     19,  20,  12,  11,   1.42596E-01,   3.16864E+03,   4.51835E+02
  741,     19,  20,  11,  10,   1.08078E-01,   4.53307E+03,   4.89925E+02
  742,     19,  21,  11,  9,   3.00082E-01,   1.50898E+03,   4.52819E+02
  743,     19,  21,  9,  7,   1.71920E-01,   2.64030E+03,   4.53920E+02
  744,     19,  21,  7,  5,   9.15940E-02,   4.22145E+03,   3.86660E+02
  745,     19,  21,  5,  3,   6.33555E-02,   6.33727E+03,   4.01501E+02
  746,     19,  21,  3,  1,   4.34306E-02,   9.05237E+03,   3.93150E+02
  747,     18,  19,  17,  16,   7.77629E+00,   3.77416E+01,   2.93489E+02
  748,     18,  19,  16,  15,   1.92329E+00,   1.50627E+02,   2.89699E+02
  749,     18,  19,  15,  14,   9.67088E-01,   3.76737E+02,   3.64338E+02
  750,     18,  19,  14,  13,   5.37815E-01,   7.54492E+02,   4.05777E+02
  751,     18,  19,  13,  12,   2.54371E-01,   1.31811E+03,   3.35290E+02
  752,     18,  19,  12,  11,   2.74375E-01,   2.10945E+03,   5.78782E+02
  753,     18,  19,  11,  10,   1.47296E-01,   3.16864E+03,   4.66727E+02
  754,     18,  19,  10,  9,   9.00716E-02,   4.51932E+03,   4.07062E+02
  755,     18,  20,  10,  8,   2.80558E-01,   1.50746E+03,   4.22929E+02
  756,     18,  20,  8,  6,   1.71164E-01,   2.64030E+03,   4.51924E+02
  757,     18,  20,  6,  4,   9.03551E-02,   4.22400E+03,   3.81660E+02
  758,     18,  20,  4,  2,   6.50338E-02,   6.33154E+03,   4.11764E+02
  759,     18,  20,  2,  0,   4.61509E-02,   9.05237E+03,   4.17775E+02
  760,     17,  18,  16,  15,   8.37240E+00,   3.76144E+01,   3.14923E+02
  761,     17,  18,  15,  14,   2.79498E+00,   1.50627E+02,   4.20999E+02
  762,     17,  18,  14,  13,   1.36425E+00,   3.77119E+02,   5.14484E+02
  763,     17,  18,  13,  12,   7.50799E-01,   7.52965E+02,   5.65326E+02
  764,     17,  18,  12,  11,   2.91485E-01,   1.31811E+03,   3.84210E+02
  765,     17,  18,  11,  10,   4.50793E-01,   2.11200E+03,   9.52075E+02
  766,     17,  18,  10,  9,   1.78233E-01,   3.16291E+03,   5.63735E+02
  767,     17,  18,  9,  8,   1.34518E-01,   4.51932E+03,   6.07929E+02
  768,     17,  19,  9,  7,   3.70616E-01,   1.50746E+03,   5.58687E+02
  769,     17,  19,  7,  5,   1.83500E-01,   2.63623E+03,   4.83747E+02
  770,     17,  19,  5,  3,   1.16698E-01,   4.22145E+03,   4.92635E+02
  771,     17,  19,  3,  1,   7.58889E-02,   6.33154E+03,   4.80494E+02
  772,     16,  17,  15,  14,   7.66502E+00,   3.77416E+01,   2.89290E+02
  773,     16,  17,  14,  13,   2.48971E+00,   1.51136E+02,   3.76285E+02
  774,     16,  17,  13,  12,   1.20641E+00,   3.77119E+02,   4.54960E+02
  775,     16,  17,  12,  11,   6.49498E-01,   7.54492E+02,   4.90041E+02
  776,     16,  17,  11,  10,   3.01735E-01,   1.32219E+03,   3.98950E+02
  777,     16,  17,  10,  9,   3.60084E-01,   2.11200E+03,   7.60497E+02
  778,     16,  17,  9,  8,   1.74358E-01,   3.16864E+03,   5.52477E+02
  779,     16,  17,  8,  7,   1.37061E-01,   4.53307E+03,   6.21307E+02
  780,     16,  18,  8,  6,   4.00333E-01,   1.50898E+03,   6.04096E+02
  781,     16,  18,  6,  4,   1.95263E-01,   2.64030E+03,   5.15552E+02
  782,     16,  18,  4,  2,   1.29372E-01,   4.22145E+03,   5.46138E+02
  783,     16,  18,  2,  0,   8.68967E-02,   6.33727E+03,   5.50688E+02
  784,     15,  16,  14,  13,   5.70547E+00,   3.77416E+01,   2.15333E+02
  785,     15,  16,  13,  12,   1.90659E+00,   1.50627E+02,   2.87184E+02
  786,     15,  16,  12,  11,   9.01092E-01,   3.76737E+02,   3.39475E+02
  787,     15,  16,  11,  10,   5.43620E-01,   7.54492E+02,   4.10157E+02
  788,     15,  16,  10,  9,   2.11083E-01,   1.31811E+03,   2.78231E+02
  789,     15,  16,  9,  8,   2.80896E-01,   2.10945E+03,   5.92537E+02
  790,     15,  16,  8,  7,   1.56031E-01,   3.16864E+03,   4.94406E+02
  791,     15,  16,  7,  6,   9.48318E-02,   4.51932E+03,   4.28575E+02
  792,     15,  17,  7,  5,   3.02120E-01,   1.50746E+03,   4.55433E+02
  793,     15,  17,  5,  3,   1.80510E-01,   2.64030E+03,   4.76600E+02
  794,     15,  17,  3,  1,   1.08508E-01,   4.22400E+03,   4.58338E+02
  795,     14,  15,  13,  12,   5.52423E+00,   3.76144E+01,   2.07790E+02
  796,     14,  15,  12,  11,   1.79776E+00,   1.50627E+02,   2.70791E+02
  797,     14,  15,  11,  10,   9.50088E-01,   3.77119E+02,   3.58296E+02
  798,     14,  15,  10,  9,   4.61608E-01,   7.52965E+02,   3.47575E+02
  799,     14,  15,  9,  8,   2.34349E-01,   1.31811E+03,   3.08898E+02
  800,     14,  15,  8,  7,   3.02701E-01,   2.11200E+03,   6.39304E+02
  801,     14,  15,  7,  6,   1.34365E-01,   3.16291E+03,   4.24985E+02
  802,     14,  15,  6,  5,   8.82631E-02,   4.51932E+03,   3.98889E+02
  803,     14,  16,  6,  4,   2.71833E-01,   1.50746E+03,   4.09776E+02
  804,     14,  16,  4,  2,   1.69750E-01,   2.63623E+03,   4.47499E+02
  805,     14,  16,  2,  0,   1.05725E-01,   4.22145E+03,   4.46313E+02
  806,     13,  14,  12,  11,   5.70785E+00,   3.77416E+01,   2.15423E+02
  807,     13,  14,  11,  10,   1.97931E+00,   1.51136E+02,   2.99145E+02
  808,     13,  14,  10,  9,   8.23320E-01,   3.77119E+02,   3.10489E+02
  809,     13,  14,  9,  8,   5.05127E-01,   7.54492E+02,   3.81114E+02
  810,     13,  14,  8,  7,   2.71757E-01,   1.32219E+03,   3.59314E+02
  811,     13,  14,  7,  6,   2.84022E-01,   2.11200E+03,   5.99854E+02
  812,     13,  14,  6,  5,   1.27322E-01,   3.16864E+03,   4.03437E+02
  813,     13,  14,  5,  4,   9.79994E-02,   4.53307E+03,   4.44238E+02
  814,     13,  15,  5,  3,   3.00939E-01,   1.50898E+03,   4.54112E+02
  815,     13,  15,  3,  1,   1.70370E-01,   2.64030E+03,   4.49827E+02
  816,     12,  13,  11,  10,   6.07137E+00,   3.77416E+01,   2.29143E+02
  817,     12,  13,  10,  9,   1.60104E+00,   1.50627E+02,   2.41160E+02
  818,     12,  13,  9,  8,   8.54563E-01,   3.76737E+02,   3.21945E+02
  819,     12,  13,  8,  7,   5.53855E-01,   7.54492E+02,   4.17879E+02
  820,     12,  13,  7,  6,   2.32038E-01,   1.31811E+03,   3.05852E+02
  821,     12,  13,  6,  5,   2.47654E-01,   2.10945E+03,   5.22415E+02
  822,     12,  13,  5,  4,   1.35813E-01,   3.16864E+03,   4.30342E+02
  823,     12,  13,  4,  3,   1.05678E-01,   4.51932E+03,   4.77592E+02
  824,     12,  14,  4,  2,   3.11681E-01,   1.50746E+03,   4.69845E+02
  825,     12,  14,  2,  0,   1.82920E-01,   2.64030E+03,   4.82963E+02
  826,     11,  12,  10,  9,   4.54372E+00,   3.76144E+01,   1.70909E+02
  827,     11,  12,  9,  8,   1.48054E+00,   1.50627E+02,   2.23009E+02
  828,     11,  12,  8,  7,   8.25334E-01,   3.77119E+02,   3.11249E+02
  829,     11,  12,  7,  6,   4.06646E-01,   7.52965E+02,   3.06190E+02
  830,     11,  12,  6,  5,   1.89750E-01,   1.31811E+03,   2.50112E+02
  831,     11,  12,  5,  4,   2.15815E-01,   2.11200E+03,   4.55801E+02
  832,     11,  12,  4,  3,   1.28207E-01,   3.16291E+03,   4.05507E+02
  833,     11,  12,  3,  2,   8.74299E-02,   4.51932E+03,   3.95123E+02
  834,     11,  13,  3,  1,   2.81295E-01,   1.50746E+03,   4.24040E+02
  835,     10,  11,  9,  8,   5.34105E+00,   3.77416E+01,   2.01580E+02
  836,     10,  11,  8,  7,   1.86299E+00,   1.51136E+02,   2.81565E+02
  837,     10,  11,  7,  6,   7.69549E-01,   3.77119E+02,   2.90211E+02
  838,     10,  11,  6,  5,   4.03310E-01,   7.54492E+02,   3.04294E+02
  839,     10,  11,  5,  4,   2.22646E-01,   1.32219E+03,   2.94380E+02
  840,     10,  11,  4,  3,   2.56071E-01,   2.11200E+03,   5.40822E+02
  841,     10,  11,  3,  2,   1.32216E-01,   3.16864E+03,   4.18944E+02
  842,     10,  11,  2,  1,   9.60375E-02,   4.53307E+03,   4.35345E+02
  843,     10,  12,  2,  0,   2.95837E-01,   1.50898E+03,   4.46413E+02
  844,     9,  10,  8,  7,   5.24726E+00,   3.77416E+01,   1.98040E+02
  845,     9,  10,  7,  6,   1.33018E+00,   1.50627E+02,   2.00361E+02
  846,     9,  10,  6,  5,   5.80960E-01,   3.76737E+02,   2.18869E+02
  847,     9,  10,  5,  4,   3.63987E-01,   7.54492E+02,   2.74625E+02
  848,     9,  10,  4,  3,   2.21368E-01,   1.31811E+03,   2.91788E+02
  849,     9,  10,  3,  2,   1.86606E-01,   2.10945E+03,   3.93637E+02
  850,     9,  10,  2,  1,   1.11113E-01,   3.16864E+03,   3.52077E+02
  851,     9,  10,  1,  0,   9.01945E-02,   4.51932E+03,   4.07617E+02
  852,     8,  9,  7,  6,   4.30290E+00,   3.76144E+01,   1.61851E+02
  853,     8,  9,  6,  5,   1.10858E+00,   1.50627E+02,   1.66982E+02
  854,     8,  9,  5,  4,   6.05632E-01,   3.77119E+02,   2.28395E+02
  855,     8,  9,  4,  3,   3.79821E-01,   7.52965E+02,   2.85992E+02
  856,     8,  9,  3,  2,   1.98370E-01,   1.31811E+03,   2.61474E+02
  857,     8,  9,  2,  1,   1.83362E-01,   2.11200E+03,   3.87261E+02
  858,     8,  9,  1,  0,   1.21171E-01,   3.16291E+03,   3.83253E+02
  859,     7,  8,  6,  5,   4.15210E+00,   3.77416E+01,   1.56707E+02
  860,     7,  8,  5,  4,   1.39602E+00,   1.51136E+02,   2.10989E+02
  861,     7,  8,  4,  3,   7.37753E-01,   3.77119E+02,   2.78220E+02
  862,     7,  8,  3,  2,   4.00083E-01,   7.54492E+02,   3.01859E+02
  863,     7,  8,  2,  1,   2.10898E-01,   1.32219E+03,   2.78847E+02
  864,     7,  8,  1,  0,   2.38774E-01,   2.11200E+03,   5.04291E+02
  865,     6,  7,  5,  4,   4.45874E+00,   3.77416E+01,   1.68280E+02
  866,     6,  7,  4,  3,   1.41375E+00,   1.50627E+02,   2.12949E+02
  867,     6,  7,  3,  2,   6.50217E-01,   3.76737E+02,   2.44961E+02
  868,     6,  7,  2,  1,   3.79948E-01,   7.54492E+02,   2.86668E+02
  869,     6,  7,  1,  0,   2.15155E-01,   1.31811E+03,   2.83599E+02
  870,     5,  6,  4,  3,   4.53980E+00,   3.76144E+01,   1.70762E+02
  871,     5,  6,  3,  2,   1.23305E+00,   1.50627E+02,   1.85731E+02
  872,     5,  6,  2,  1,   6.01100E-01,   3.77119E+02,   2.26686E+02
  873,     5,  6,  1,  0,   3.91204E-01,   7.52965E+02,   2.94563E+02
  874,     4,  5,  3,  2,   4.14627E+00,   3.77416E+01,   1.56487E+02
  875,     4,  5,  2,  1,   1.23464E+00,   1.51136E+02,   1.86599E+02
  876,     4,  5,  1,  0,   6.81599E-01,   3.77119E+02,   2.57044E+02
  877,     3,  4,  2,  1,   4.35325E+00,   3.77416E+01,   1.64298E+02
  878,     3,  4,  1,  0,   1.51930E+00,   1.50627E+02,   2.28847E+02
  879,     2,  3,  1,  0,   4.05453E+00,   3.76144E+01,   1.52509E+02


;------ MESH SIZE ------

Number of nodes           = 3432
Number of nodes in X      = 143
Number of nodes in Y      = 24
Number of elements        = 3266
Number of elements in X   = 142
Number of elements in Y   = 23
Number of parameters      = 2210
Number of parameters in X = 130
Number of parameters in Y = 17
Number of left elements   = 8
Number of right elements  = 8
Number of top elements    = 0
Number of bottom elements = 8

;------ NODE LOCATION IN X (m) ------

Node         X
  1,     -255.000
  2,     -127.000
  3,      -63.000
  4,      -31.000
  5,      -15.000
  6,       -7.000
  7,       -3.000
  8,       -1.000
  9,        0.000
  10,        1.000
  11,        2.001
  12,        3.000
  13,        3.999
  14,        5.000
  15,        6.000
  16,        7.000
  17,        8.001
  18,        9.000
  19,        9.999
  20,       11.000
  21,       12.000
  22,       13.000
  23,       14.001
  24,       15.000
  25,       15.999
  26,       17.000
  27,       18.000
  28,       19.001
  29,       20.001
  30,       21.000
  31,       21.999
  32,       22.999
  33,       24.000
  34,       25.001
  35,       26.001
  36,       27.000
  37,       27.999
  38,       28.999
  39,       30.000
  40,       31.000
  41,       32.001
  42,       33.000
  43,       33.999
  44,       34.999
  45,       36.000
  46,       37.001
  47,       38.001
  48,       39.000
  49,       39.999
  50,       40.999
  51,       42.000
  52,       43.001
  53,       44.001
  54,       45.000
  55,       45.999
  56,       46.999
  57,       48.000
  58,       49.001
  59,       50.001
  60,       51.000
  61,       51.999
  62,       52.999
  63,       54.000
  64,       55.001
  65,       56.001
  66,       57.000
  67,       57.999
  68,       58.999
  69,       60.000
  70,       61.001
  71,       62.001
  72,       63.000
  73,       63.999
  74,       64.999
  75,       66.000
  76,       67.001
  77,       68.001
  78,       69.000
  79,       69.999
  80,       70.999
  81,       72.000
  82,       73.001
  83,       74.001
  84,       75.000
  85,       75.999
  86,       76.999
  87,       78.000
  88,       79.001
  89,       80.001
  90,       81.000
  91,       81.999
  92,       82.999
  93,       84.000
  94,       85.001
  95,       86.001
  96,       87.000
  97,       87.999
  98,       88.999
  99,       90.000
  100,       91.001
  101,       92.001
  102,       93.000
  103,       93.999
  104,       94.999
  105,       96.000
  106,       97.001
  107,       98.001
  108,       99.000
  109,       99.999
  110,      100.999
  111,      102.000
  112,      103.001
  113,      104.001
  114,      105.000
  115,      105.999
  116,      106.999
  117,      108.000
  118,      109.001
  119,      110.001
  120,      111.000
  121,      111.999
  122,      112.999
  123,      114.000
  124,      115.001
  125,      116.001
  126,      117.000
  127,      117.999
  128,      118.999
  129,      120.000
  130,      121.001
  131,      122.001
  132,      123.000
  133,      123.999
  134,      124.999
  135,      126.000
  136,      127.000
  137,      129.000
  138,      133.000
  139,      141.000
  140,      157.000
  141,      189.000
  142,      253.000
  143,      381.000

;------ NODE LOCATION IN Y (m) ------

Node          Y
  1,        0.000
  2,       -0.931
  3,       -1.954
  4,       -3.080
  5,       -4.319
  6,       -5.682
  7,       -7.180
  8,       -8.829
  9,      -10.642
  10,      -12.637
  11,      -14.832
  12,      -17.245
  13,      -19.901
  14,      -22.821
  15,      -26.034
  16,      -29.568
  17,      -33.455
  18,      -41.230
  19,      -56.780
  20,      -87.879
  21,     -150.078
  22,     -274.475
  23,     -523.270
  24,    -1020.859


;------ TIMING ------

Processing started at 13:54:39
Processing ended at 13:54:51
Processing took 0 hours  0 minutes  11 seconds  872 ms

;------ CONVERGENCE ------
7
Iteration  Res-RMS(%)    L2-Norm
    0,     58.33,     3.31712E+05
    1,     26.05,     6.62439E+04
    2,     25.17,     2.15435E+04
    3,     31.13,     7.71507E+03
    4,     34.45,     2.93752E+03
    5,     36.78,     1.33168E+03
    6,     37.74,     7.47306E+02

;------ OUTPUT OF DATA AND MODEL OF ALL ITERATIONS ------

;------ Iteration  0
;-Index  V/I_Meas      V/I_Calc    VI_%ERR
  1,    2.07243E+01,   1.07748E+01,  -48.01
  2,    2.56875E+00,   1.07469E+00,  -58.16
  3,    1.24840E+00,   5.38254E-01,  -56.88
  4,    9.38865E-02,   3.07475E-01,  227.50
  5,    1.51760E-01,   1.28137E-01,  -15.57
  6,    9.01102E-02,   8.96787E-02,  -0.48
  7,    2.51083E+01,   1.07385E+01,  -57.23
  8,    6.05705E+00,   2.68160E+00,  -55.73
  9,    2.62075E+00,   1.07469E+00,  -58.99
  10,    1.10857E+00,   5.37165E-01,  -51.54
  11,    1.39745E-01,   1.27906E-01,  -8.47
  12,    8.66431E-02,   8.94067E-02,  3.19
  13,    3.66935E-02,   3.06527E-01,  735.37
  14,    2.42305E-01,   2.68583E-01,  10.84
  15,    1.08723E-01,   1.53500E-01,  41.18
  16,    6.45944E-02,   9.60064E-02,  48.63
  17,    3.79840E-02,   6.39529E-02,  68.37
  18,    2.77012E-02,   4.47713E-02,  61.62
  19,    2.10235E+01,   1.07385E+01,  -48.92
  20,    5.51175E+00,   2.69066E+00,  -51.18
  21,    2.10442E+00,   1.07578E+00,  -48.88
  22,    8.42778E-01,   5.37165E-01,  -36.26
  23,    1.23720E-01,   1.27906E-01,  3.38
  24,    8.03241E-02,   8.96787E-02,  11.65
  25,    2.18757E-01,   2.68855E-01,  22.90
  26,    1.03491E-01,   1.53500E-01,  48.32
  27,    5.92737E-02,   9.59486E-02,  61.87
  28,    3.80062E-02,   6.40107E-02,  68.42
  29,    2.69831E-02,   4.47713E-02,  65.92
  30,    4.16334E-02,   6.39914E-02,  53.70
  31,    3.13011E-02,   4.26609E-02,  36.29
  32,    2.56430E-02,   2.98627E-02,  16.46
  33,    2.12077E+01,   1.07748E+01,  -49.19
  34,    5.34089E+00,   2.69066E+00,  -49.62
  35,    1.90316E+00,   1.07469E+00,  -43.53
  36,    7.61439E-01,   5.38254E-01,  -29.31
  37,    1.40548E-01,   1.28137E-01,  -8.83
  38,    7.82689E-02,   8.96787E-02,  14.58
  39,    2.08930E-01,   2.68855E-01,  28.68
  40,    1.10353E-01,   1.53737E-01,  39.31
  41,    5.87669E-02,   9.60064E-02,  63.37
  42,    4.03443E-02,   6.40107E-02,  58.66
  43,    2.84742E-02,   4.48394E-02,  57.47
  44,    4.56410E-02,   6.39914E-02,  40.21
  45,    3.47810E-02,   4.26609E-02,  22.66
  46,    2.67499E-02,   2.98627E-02,  11.64
  47,    4.41874E-02,   4.79887E-02,  8.60
  48,    2.76329E-02,   3.20054E-02,  15.82
  49,    2.43151E-02,   2.24027E-02,  -7.87
  50,    2.33259E+01,   1.07385E+01,  -53.96
  51,    4.91551E+00,   2.68160E+00,  -45.45
  52,    1.71542E+00,   1.07469E+00,  -37.35
  53,    7.63683E-01,   5.37165E-01,  -29.66
  54,    1.34355E-01,   1.27906E-01,  -4.80
  55,    8.57191E-02,   8.94067E-02,  4.30
  56,    2.89493E-02,   3.06527E-01,  958.84
  57,    2.31722E-01,   2.68583E-01,  15.91
  58,    1.18091E-01,   1.53500E-01,  29.98
  59,    6.76859E-02,   9.60064E-02,  41.84
  60,    4.56516E-02,   6.39529E-02,  40.09
  61,    3.30751E-02,   4.47713E-02,  35.36
  62,    5.05039E-02,   6.39914E-02,  26.71
  63,    3.83803E-02,   4.26609E-02,  11.15
  64,    2.78508E-02,   2.98627E-02,  7.22
  65,    4.45802E-02,   4.79887E-02,  7.65
  66,    2.72002E-02,   3.19909E-02,  17.61
  67,    2.78031E-02,   2.23857E-02,  -19.49
  68,    3.00666E-02,   2.55904E-02,  -14.89
  69,    2.17111E-02,   1.79140E-02,  -17.49
  70,    2.51867E+01,   1.07385E+01,  -57.36
  71,    4.91285E+00,   2.69066E+00,  -45.23
  72,    1.79343E+00,   1.07578E+00,  -40.02
  73,    8.39700E-01,   5.37165E-01,  -36.03
  74,    1.49670E-01,   3.07475E-01,  105.44
  75,    1.47258E-01,   1.27906E-01,  -13.14
  76,    9.33280E-02,   8.96787E-02,  -3.91
  77,    2.58679E-01,   2.68855E-01,  3.93
  78,    1.22031E-01,   1.53500E-01,  25.79
  79,    7.54422E-02,   9.59486E-02,  27.18
  80,    5.03819E-02,   6.40107E-02,  27.05
  81,    3.87900E-02,   4.47713E-02,  15.42
  82,    5.76154E-02,   6.39914E-02,  11.07
  83,    4.36995E-02,   4.26609E-02,  -2.38
  84,    3.19190E-02,   2.98627E-02,  -6.44
  85,    4.86561E-02,   4.80032E-02,  -1.34
  86,    3.01298E-02,   3.19909E-02,  6.18
  87,    2.91209E-02,   2.24027E-02,  -23.07
  88,    3.00144E-02,   2.55997E-02,  -14.71
  89,    2.13417E-02,   1.79140E-02,  -16.06
  90,    2.58147E-02,   2.13305E-02,  -17.37
  91,    1.98618E-02,   1.49313E-02,  -24.82
  92,    5.35987E+00,   2.69066E+00,  -49.80
  93,    2.08741E+00,   1.07469E+00,  -48.52
  94,    1.02678E+00,   5.38254E-01,  -47.58
  95,    1.87425E-01,   3.07475E-01,  64.05
  96,    1.72181E-01,   1.28137E-01,  -25.58
  97,    1.17447E-01,   8.96787E-02,  -23.64
  98,    2.90909E-01,   2.68855E-01,  -7.58
  99,    1.47621E-01,   1.53737E-01,  4.14
  100,    8.99679E-02,   9.60064E-02,  6.71
  101,    6.19399E-02,   6.40107E-02,  3.34
  102,    4.74925E-02,   4.48394E-02,  -5.59
  103,    6.89750E-02,   6.39914E-02,  -7.23
  104,    4.92579E-02,   4.26609E-02,  -13.39
  105,    3.40743E-02,   2.98627E-02,  -12.36
  106,    5.22244E-02,   4.79887E-02,  -8.11
  107,    3.38687E-02,   3.20054E-02,  -5.50
  108,    3.23105E-02,   2.24027E-02,  -30.66
  109,    3.19228E-02,   2.55997E-02,  -19.81
  110,    2.16338E-02,   1.79249E-02,  -17.14
  111,    2.66745E-02,   2.13305E-02,  -20.03
  112,    2.14036E-02,   1.49313E-02,  -30.24
  113,    5.72150E+00,   2.68160E+00,  -53.13
  114,    2.31320E+00,   1.07469E+00,  -53.54
  115,    9.68294E-01,   5.37165E-01,  -44.52
  116,    1.86464E-01,   3.06527E-01,  64.39
  117,    1.88712E-01,   1.27906E-01,  -32.22
  118,    1.03236E-01,   8.94067E-02,  -13.40
  119,    2.96212E-01,   2.68583E-01,  -9.33
  120,    1.63627E-01,   1.53500E-01,  -6.19
  121,    1.00222E-01,   9.60064E-02,  -4.21
  122,    7.38560E-02,   6.39529E-02,  -13.41
  123,    5.39285E-02,   4.47713E-02,  -16.98
  124,    8.00984E-02,   6.39914E-02,  -20.11
  125,    5.42293E-02,   4.26609E-02,  -21.33
  126,    3.46281E-02,   2.98627E-02,  -13.76
  127,    5.20586E-02,   4.79887E-02,  -7.82
  128,    4.13181E-02,   3.19909E-02,  -22.57
  129,    3.06594E-02,   2.23857E-02,  -26.99
  130,    3.37121E-02,   2.55904E-02,  -24.09
  131,    2.32575E-02,   1.79140E-02,  -22.98
  132,    2.79093E-02,   2.13305E-02,  -23.57
  133,    2.16048E-02,   1.49313E-02,  -30.89
  134,    6.07769E+00,   2.69066E+00,  -55.73
  135,    2.01531E+00,   1.07578E+00,  -46.62
  136,    9.22482E-01,   5.37165E-01,  -41.77
  137,    2.93652E-01,   3.07475E-01,  4.71
  138,    4.42888E-01,   1.92129E-01,  -56.62
  139,    1.43564E-01,   1.27906E-01,  -10.91
  140,    9.80310E-02,   8.96787E-02,  -8.52
  141,    2.89595E-01,   2.68855E-01,  -7.16
  142,    1.62090E-01,   1.53500E-01,  -5.30
  143,    1.02372E-01,   9.59486E-02,  -6.27
  144,    7.43722E-02,   6.40107E-02,  -13.93
  145,    5.26667E-02,   4.47713E-02,  -14.99
  146,    8.48895E-02,   6.39914E-02,  -24.62
  147,    5.70213E-02,   4.26609E-02,  -25.18
  148,    3.24661E-02,   2.98627E-02,  -8.02
  149,    5.09961E-02,   4.80032E-02,  -5.87
  150,    4.73332E-02,   3.19909E-02,  -32.41
  151,    2.71496E-02,   2.24027E-02,  -17.48
  152,    3.33201E-02,   2.55997E-02,  -23.17
  153,    2.30520E-02,   1.79140E-02,  -22.29
  154,    2.80427E-02,   2.13305E-02,  -23.94
  155,    2.28094E-02,   1.49313E-02,  -34.54
  156,    5.95258E+00,   2.69066E+00,  -54.80
  157,    2.26191E+00,   1.07469E+00,  -52.49
  158,    9.77684E-01,   5.38254E-01,  -44.95
  159,    3.24570E-01,   3.07475E-01,  -5.27
  160,    4.23618E-01,   1.91897E-01,  -54.70
  161,    1.53060E-01,   1.28137E-01,  -16.28
  162,    9.56131E-02,   8.96787E-02,  -6.21
  163,    2.82887E-01,   2.68855E-01,  -4.96
  164,    1.58797E-01,   1.53737E-01,  -3.19
  165,    1.07999E-01,   9.60064E-02,  -11.10
  166,    7.42793E-02,   6.40107E-02,  -13.82
  167,    5.51055E-02,   4.48394E-02,  -18.63
  168,    8.47283E-02,   6.39914E-02,  -24.47
  169,    5.42794E-02,   4.26609E-02,  -21.40
  170,    3.04051E-02,   2.98627E-02,  -1.78
  171,    5.27314E-02,   4.79887E-02,  -8.99
  172,    4.60293E-02,   3.20054E-02,  -30.47
  173,    2.79294E-02,   2.24027E-02,  -19.79
  174,    3.38499E-02,   2.55997E-02,  -24.37
  175,    2.26353E-02,   1.79249E-02,  -20.81
  176,    2.78493E-02,   2.13305E-02,  -23.41
  177,    6.10244E+00,   2.68160E+00,  -56.06
  178,    2.13197E+00,   1.07469E+00,  -49.59
  179,    9.54436E-01,   5.37165E-01,  -43.72
  180,    2.45200E-01,   3.06527E-01,  25.01
  181,    3.76698E-01,   1.91897E-01,  -49.06
  182,    1.33233E-01,   1.27906E-01,  -4.00
  183,    9.42898E-02,   8.94067E-02,  -5.18
  184,    2.82526E-01,   2.68583E-01,  -4.94
  185,    1.63757E-01,   1.53500E-01,  -6.26
  186,    1.10012E-01,   9.60064E-02,  -12.73
  187,    7.46303E-02,   6.39529E-02,  -14.31
  188,    5.90355E-02,   4.47713E-02,  -24.16
  189,    8.03295E-02,   6.39914E-02,  -20.34
  190,    4.74987E-02,   4.26609E-02,  -10.19
  191,    3.07734E-02,   2.98627E-02,  -2.96
  192,    5.14108E-02,   4.79887E-02,  -6.66
  193,    4.45487E-02,   3.19909E-02,  -28.19
  194,    2.74163E-02,   2.23857E-02,  -18.35
  195,    3.06639E-02,   2.55904E-02,  -16.55
  196,    2.23371E-02,   1.79140E-02,  -19.80
  197,    2.72825E-02,   2.13305E-02,  -21.82
  198,    6.03535E+00,   2.69066E+00,  -55.42
  199,    2.22474E+00,   1.07578E+00,  -51.64
  200,    7.89918E-01,   5.37165E-01,  -32.00
  201,    2.48124E-01,   3.07475E-01,  23.92
  202,    3.35292E-01,   1.92129E-01,  -42.70
  203,    1.32921E-01,   1.27906E-01,  -3.77
  204,    8.68220E-02,   8.96787E-02,  3.29
  205,    2.64123E-01,   2.68855E-01,  1.79
  206,    1.65569E-01,   1.53500E-01,  -7.29
  207,    1.07036E-01,   9.59486E-02,  -10.36
  208,    7.59017E-02,   6.40107E-02,  -15.67
  209,    5.40453E-02,   4.47713E-02,  -17.16
  210,    8.10408E-02,   6.39914E-02,  -21.04
  211,    4.27062E-02,   4.26609E-02,  -0.11
  212,    3.14016E-02,   2.98627E-02,  -4.90
  213,    5.61689E-02,   4.80032E-02,  -14.54
  214,    3.83145E-02,   3.19909E-02,  -16.50
  215,    2.56840E-02,   2.24027E-02,  -12.78
  216,    2.82814E-02,   2.55997E-02,  -9.48
  217,    2.13449E-02,   1.79140E-02,  -16.07
  218,    2.72835E-02,   2.13305E-02,  -21.82
  219,    2.60792E+01,   1.07748E+01,  -58.68
  220,    5.43997E+00,   2.69066E+00,  -50.54
  221,    1.55118E+00,   1.07469E+00,  -30.72
  222,    6.28012E-01,   5.38254E-01,  -14.29
  223,    2.03822E-01,   3.07475E-01,  50.85
  224,    2.36711E-01,   1.91897E-01,  -18.93
  225,    1.01014E-01,   1.28137E-01,  26.85
  226,    7.10739E-02,   8.96787E-02,  26.18
  227,    2.37972E-01,   2.68855E-01,  12.98
  228,    1.50735E-01,   1.53737E-01,  1.99
  229,    9.68624E-02,   9.60064E-02,  -0.88
  230,    7.46612E-02,   6.40107E-02,  -14.27
  231,    4.77969E-02,   4.48394E-02,  -6.19
  232,    7.03605E-02,   6.39914E-02,  -9.05
  233,    3.70233E-02,   4.26609E-02,  15.23
  234,    3.44764E-02,   2.98627E-02,  -13.38
  235,    5.95121E-02,   4.79887E-02,  -19.36
  236,    3.17637E-02,   3.20054E-02,  0.76
  237,    2.44197E-02,   2.24027E-02,  -8.26
  238,    2.69293E-02,   2.55997E-02,  -4.94
  239,    1.95159E-02,   1.79249E-02,  -8.15
  240,    2.63180E-02,   2.13305E-02,  -18.95
  241,    6.07736E+00,   2.68160E+00,  -55.88
  242,    1.93509E+00,   1.07469E+00,  -44.46
  243,    6.86918E-01,   5.37165E-01,  -21.80
  244,    2.31855E-01,   3.06527E-01,  32.21
  245,    2.85318E-01,   1.91897E-01,  -32.74
  246,    1.19573E-01,   1.27906E-01,  6.97
  247,    8.72093E-02,   8.94067E-02,  2.52
  248,    2.50916E-01,   2.68583E-01,  7.04
  249,    1.50949E-01,   1.53500E-01,  1.69
  250,    9.97042E-02,   9.60064E-02,  -3.71
  251,    6.79016E-02,   6.39529E-02,  -5.82
  252,    4.91152E-02,   4.47713E-02,  -8.84
  253,    6.06553E-02,   6.39914E-02,  5.50
  254,    3.72737E-02,   4.26609E-02,  14.45
  255,    3.47560E-02,   2.98627E-02,  -14.08
  256,    5.53386E-02,   4.79887E-02,  -13.28
  257,    3.16469E-02,   3.19909E-02,  1.09
  258,    2.13461E-02,   2.23857E-02,  4.87
  259,    2.57171E-02,   2.55904E-02,  -0.49
  260,    1.88288E-02,   1.79140E-02,  -4.86
  261,    2.46788E-02,   2.13305E-02,  -13.57
  262,    1.83269E+00,   1.07578E+00,  -41.30
  263,    6.79957E-01,   5.37165E-01,  -21.00
  264,    1.85478E-01,   3.07475E-01,  65.77
  265,    3.07694E-01,   1.92129E-01,  -37.56
  266,    1.19004E-01,   1.27906E-01,  7.48
  267,    8.97034E-02,   8.96787E-02,  -0.03
  268,    2.70660E-01,   2.68855E-01,  -0.67
  269,    1.57234E-01,   1.53500E-01,  -2.37
  270,    1.12358E-01,   9.59486E-02,  -14.60
  271,    6.80839E-02,   6.40107E-02,  -5.98
  272,    4.72548E-02,   4.47713E-02,  -5.26
  273,    5.29234E-02,   6.39914E-02,  20.91
  274,    3.74505E-02,   4.26609E-02,  13.91
  275,    3.42883E-02,   2.98627E-02,  -12.91
  276,    5.42960E-02,   4.80032E-02,  -11.59
  277,    3.08836E-02,   3.19909E-02,  3.59
  278,    1.97530E-02,   2.24027E-02,  13.41
  279,    2.42351E-02,   2.55997E-02,  5.63
  280,    1.85181E-02,   1.79140E-02,  -3.26
  281,    2.43974E-02,   2.13305E-02,  -12.57
  282,    2.09371E+00,   1.07469E+00,  -48.67
  283,    7.79404E-01,   5.38254E-01,  -30.94
  284,    1.91602E-01,   3.07475E-01,  60.48
  285,    3.78759E-01,   1.91897E-01,  -49.34
  286,    1.48487E-01,   1.28137E-01,  -13.70
  287,    9.99060E-02,   8.96787E-02,  -10.24
  288,    2.88083E-01,   2.68855E-01,  -6.67
  289,    1.73485E-01,   1.53737E-01,  -11.38
  290,    1.09826E-01,   9.60064E-02,  -12.58
  291,    7.46354E-02,   6.40107E-02,  -14.24
  292,    4.36110E-02,   4.48394E-02,  2.82
  293,    5.13951E-02,   6.39914E-02,  24.51
  294,    4.50839E-02,   4.26609E-02,  -5.37
  295,    2.97197E-02,   2.98627E-02,  0.48
  296,    4.69384E-02,   4.79887E-02,  2.24
  297,    2.95880E-02,   3.20054E-02,  8.17
  298,    1.92295E-02,   2.24027E-02,  16.50
  299,    2.35129E-02,   2.55997E-02,  8.87
  300,    1.79449E-02,   1.79249E-02,  -0.11
  301,    1.95633E+00,   1.07469E+00,  -45.07
  302,    7.22030E-01,   5.37165E-01,  -25.60
  303,    2.45501E-01,   3.06527E-01,  24.86
  304,    3.14589E-01,   1.91897E-01,  -39.00
  305,    1.32839E-01,   1.27906E-01,  -3.71
  306,    9.12254E-02,   8.94067E-02,  -1.99
  307,    2.81530E-01,   2.68583E-01,  -4.60
  308,    1.84205E-01,   1.53500E-01,  -16.67
  309,    1.01430E-01,   9.60064E-02,  -5.35
  310,    6.69656E-02,   6.39529E-02,  -4.50
  311,    3.76459E-02,   4.47713E-02,  18.93
  312,    5.08173E-02,   6.39914E-02,  25.92
  313,    4.43708E-02,   4.26609E-02,  -3.85
  314,    2.39373E-02,   2.98627E-02,  24.75
  315,    3.91844E-02,   4.79887E-02,  22.47
  316,    2.76876E-02,   3.19909E-02,  15.54
  317,    1.84457E-02,   2.23857E-02,  21.36
  318,    2.23618E-02,   2.55904E-02,  14.44
  319,    1.70212E-02,   1.79140E-02,  5.25
  320,    2.45714E+00,   1.07578E+00,  -56.22
  321,    9.03480E-01,   5.37165E-01,  -40.54
  322,    1.82202E-01,   3.07475E-01,  68.75
  323,    1.66081E-01,   1.27906E-01,  -22.99
  324,    1.09426E-01,   8.96787E-02,  -18.05
  325,    3.16558E-01,   2.68855E-01,  -15.07
  326,    1.79875E-01,   1.53500E-01,  -14.66
  327,    1.09995E-01,   9.59486E-02,  -12.77
  328,    5.94460E-02,   6.40107E-02,  7.68
  329,    3.31911E-02,   4.47713E-02,  34.89
  330,    5.25062E-02,   6.39914E-02,  21.87
  331,    4.42747E-02,   4.26609E-02,  -3.64
  332,    2.24154E-02,   2.98627E-02,  33.22
  333,    3.92747E-02,   4.80032E-02,  22.22
  334,    2.48500E-02,   3.19909E-02,  28.74
  335,    1.74309E-02,   2.24027E-02,  28.52
  336,    2.08296E-02,   2.55997E-02,  22.90
  337,    1.74077E-02,   1.79140E-02,  2.91
  338,    2.15001E+00,   1.07469E+00,  -50.01
  339,    9.91793E-01,   5.38254E-01,  -45.73
  340,    1.39811E-01,   3.07475E-01,  119.92
  341,    1.61607E-01,   1.28137E-01,  -20.71
  342,    1.27958E-01,   8.96787E-02,  -29.92
  343,    3.73491E-01,   2.68855E-01,  -28.02
  344,    1.82501E-01,   1.53737E-01,  -15.76
  345,    1.07117E-01,   9.60064E-02,  -10.37
  346,    5.49832E-02,   6.40107E-02,  16.42
  347,    3.14264E-02,   4.48394E-02,  42.68
  348,    5.80390E-02,   6.39914E-02,  10.26
  349,    3.50537E-02,   4.26609E-02,  21.70
  350,    2.26806E-02,   2.98627E-02,  31.67
  351,    3.84461E-02,   4.79887E-02,  24.82
  352,    2.28213E-02,   3.20054E-02,  40.24
  353,    1.63110E-02,   2.24027E-02,  37.35
  354,    2.02806E-02,   2.55997E-02,  26.23
  355,    6.32291E+00,   2.68160E+00,  -57.59
  356,    2.42941E+00,   1.07469E+00,  -55.76
  357,    9.34296E-01,   5.37165E-01,  -42.51
  358,    2.53052E-01,   3.06527E-01,  21.13
  359,    4.70146E-01,   1.91897E-01,  -59.18
  360,    2.05146E-01,   1.27906E-01,  -37.65
  361,    1.38997E-01,   8.94067E-02,  -35.68
  362,    3.64430E-01,   2.68583E-01,  -26.30
  363,    1.98949E-01,   1.53500E-01,  -22.84
  364,    9.42916E-02,   9.60064E-02,  1.82
  365,    4.87184E-02,   6.39529E-02,  31.27
  366,    3.58201E-02,   4.47713E-02,  24.99
  367,    6.18732E-02,   6.39914E-02,  3.42
  368,    3.14527E-02,   4.26609E-02,  35.64
  369,    2.36043E-02,   2.98627E-02,  26.51
  370,    3.66439E-02,   4.79887E-02,  30.96
  371,    2.19586E-02,   3.19909E-02,  45.69
  372,    1.62634E-02,   2.23857E-02,  37.64
  373,    2.03385E-02,   2.55904E-02,  25.82
  374,    2.14589E+00,   1.07578E+00,  -49.87
  375,    8.45372E-01,   5.37165E-01,  -36.46
  376,    2.44612E-01,   3.07475E-01,  25.70
  377,    1.99963E-01,   1.27906E-01,  -36.04
  378,    1.13386E-01,   8.96787E-02,  -20.91
  379,    3.50445E-01,   2.68855E-01,  -23.28
  380,    1.83315E-01,   1.53500E-01,  -16.26
  381,    8.18915E-02,   9.59486E-02,  17.17
  382,    4.43376E-02,   6.40107E-02,  44.37
  383,    3.74022E-02,   4.47713E-02,  19.70
  384,    6.16918E-02,   6.39914E-02,  3.73
  385,    2.91736E-02,   4.26609E-02,  46.23
  386,    2.26963E-02,   2.98627E-02,  31.58
  387,    3.60432E-02,   4.80032E-02,  33.18
  388,    2.23686E-02,   3.19909E-02,  43.02
  389,    1.57647E-02,   2.24027E-02,  42.11
  390,    1.92219E-02,   2.55997E-02,  33.18
  391,    1.99952E+00,   1.07469E+00,  -46.25
  392,    8.46089E-01,   5.38254E-01,  -36.38
  393,    3.85740E-01,   3.07475E-01,  -20.29
  394,    1.78218E-01,   1.28137E-01,  -28.10
  395,    1.34689E-01,   8.96787E-02,  -33.42
  396,    3.74887E-01,   2.68855E-01,  -28.28
  397,    1.54621E-01,   1.53737E-01,  -0.57
  398,    7.03302E-02,   9.60064E-02,  36.51
  399,    4.76763E-02,   6.40107E-02,  34.26
  400,    3.89113E-02,   4.48394E-02,  15.23
  401,    5.12519E-02,   6.39914E-02,  24.86
  402,    3.10974E-02,   4.26609E-02,  37.18
  403,    1.97023E-02,   2.98627E-02,  51.57
  404,    3.20080E-02,   4.79887E-02,  49.93
  405,    2.10656E-02,   3.20054E-02,  51.93
  406,    1.54380E-02,   2.24027E-02,  45.11
  407,    1.94699E-02,   2.55997E-02,  31.48
  408,    6.11714E+00,   2.68160E+00,  -56.16
  409,    1.96900E+00,   1.07469E+00,  -45.42
  410,    1.11223E+00,   5.37165E-01,  -51.70
  411,    4.54019E-01,   3.06527E-01,  -32.49
  412,    4.47306E-01,   1.91897E-01,  -57.10
  413,    2.22446E-01,   1.27906E-01,  -42.50
  414,    1.42246E-01,   8.94067E-02,  -37.15
  415,    3.65735E-01,   2.68583E-01,  -26.56
  416,    1.39970E-01,   1.53500E-01,  9.67
  417,    6.62039E-02,   9.60064E-02,  45.02
  418,    5.30261E-02,   6.39529E-02,  20.61
  419,    4.62791E-02,   4.47713E-02,  -3.26
  420,    4.34874E-02,   6.39914E-02,  47.15
  421,    3.12419E-02,   4.26609E-02,  36.55
  422,    1.85895E-02,   2.98627E-02,  60.64
  423,    3.09585E-02,   4.79887E-02,  55.01
  424,    2.11322E-02,   3.19909E-02,  51.38
  425,    1.56539E-02,   2.23857E-02,  43.00
  426,    2.06630E-02,   2.55904E-02,  23.85
  427,    5.59096E+00,   2.69066E+00,  -51.87
  428,    2.54020E+00,   1.07578E+00,  -57.65
  429,    1.17197E+00,   5.37165E-01,  -54.17
  430,    3.70809E-01,   3.07475E-01,  -17.08
  431,    2.29461E-01,   1.27906E-01,  -44.26
  432,    1.23286E-01,   8.96787E-02,  -27.26
  433,    3.23268E-01,   2.68855E-01,  -16.83
  434,    1.25831E-01,   1.53500E-01,  21.99
  435,    7.66221E-02,   9.59486E-02,  25.22
  436,    5.95566E-02,   6.40107E-02,  7.48
  437,    3.93403E-02,   4.47713E-02,  13.81
  438,    4.23110E-02,   6.39914E-02,  51.24
  439,    3.11593E-02,   4.26609E-02,  36.91
  440,    1.91772E-02,   2.98627E-02,  55.72
  441,    3.08001E-02,   4.80032E-02,  55.85
  442,    2.13899E-02,   3.19909E-02,  49.56
  443,    1.53893E-02,   2.24027E-02,  45.57
  444,    1.10216E+00,   5.38254E-01,  -51.16
  445,    3.55291E-01,   3.07475E-01,  -13.46
  446,    2.01173E-01,   1.28137E-01,  -36.30
  447,    1.09193E-01,   8.96787E-02,  -17.87
  448,    2.85219E-01,   2.68855E-01,  -5.74
  449,    1.14398E-01,   1.53737E-01,  34.39
  450,    8.33429E-02,   9.60064E-02,  15.19
  451,    6.73928E-02,   6.40107E-02,  -5.02
  452,    3.10131E-02,   4.48394E-02,  44.58
  453,    4.63897E-02,   6.39914E-02,  37.94
  454,    2.79575E-02,   4.26609E-02,  52.59
  455,    1.93758E-02,   2.98627E-02,  54.12
  456,    3.14156E-02,   4.79887E-02,  52.75
  457,    2.10809E-02,   3.20054E-02,  51.82
  458,    1.58374E-02,   2.24027E-02,  41.45
  459,    2.59148E+00,   1.07469E+00,  -58.53
  460,    2.69711E-01,   3.06527E-01,  13.65
  461,    1.79430E-01,   1.27906E-01,  -28.72
  462,    9.71550E-02,   8.94067E-02,  -7.98
  463,    2.52782E-01,   2.68583E-01,  6.25
  464,    1.31542E-01,   1.53500E-01,  16.69
  465,    9.25395E-02,   9.60064E-02,  3.75
  466,    5.65087E-02,   6.39529E-02,  13.17
  467,    3.04459E-02,   4.47713E-02,  47.05
  468,    4.72243E-02,   6.39914E-02,  35.51
  469,    2.64648E-02,   4.26609E-02,  61.20
  470,    1.95223E-02,   2.98627E-02,  52.97
  471,    3.12206E-02,   4.79887E-02,  53.71
  472,    2.13894E-02,   3.19909E-02,  49.56
  473,    1.68177E-02,   2.23857E-02,  33.11
  474,    6.58037E+00,   2.69066E+00,  -59.11
  475,    1.32024E+00,   5.37165E-01,  -59.31
  476,    2.97713E-01,   3.07475E-01,  3.28
  477,    1.39096E-01,   1.27906E-01,  -8.05
  478,    7.57013E-02,   8.96787E-02,  18.46
  479,    2.18441E-01,   2.68855E-01,  23.08
  480,    1.42850E-01,   1.53500E-01,  7.46
  481,    1.04678E-01,   9.59486E-02,  -8.34
  482,    4.50503E-02,   6.40107E-02,  42.09
  483,    3.05649E-02,   4.47713E-02,  46.48
  484,    4.68946E-02,   6.39914E-02,  36.46
  485,    2.70807E-02,   4.26609E-02,  57.53
  486,    1.89779E-02,   2.98627E-02,  57.35
  487,    3.05025E-02,   4.80032E-02,  57.37
  488,    2.15553E-02,   3.19909E-02,  48.41
  489,    1.75997E-02,   2.24027E-02,  27.29
  490,    1.13693E+00,   5.38254E-01,  -52.66
  491,    2.05482E-01,   3.07475E-01,  49.64
  492,    1.19034E-01,   1.28137E-01,  7.65
  493,    7.44040E-02,   8.96787E-02,  20.53
  494,    2.40615E-01,   2.68855E-01,  11.74
  495,    1.56809E-01,   1.53737E-01,  -1.96
  496,    8.71872E-02,   9.60064E-02,  10.12
  497,    4.46907E-02,   6.40107E-02,  43.23
  498,    3.42368E-02,   4.48394E-02,  30.97
  499,    4.33740E-02,   6.39914E-02,  47.53
  500,    2.79442E-02,   4.26609E-02,  52.66
  501,    1.95538E-02,   2.98627E-02,  52.72
  502,    3.21501E-02,   4.79887E-02,  49.26
  503,    2.18782E-02,   3.20054E-02,  46.29
  504,    1.00591E+00,   5.37165E-01,  -46.60
  505,    1.33652E-01,   3.06527E-01,  129.35
  506,    1.16760E-01,   1.27906E-01,  9.55
  507,    1.05913E-01,   8.94067E-02,  -15.58
  508,    2.82124E-01,   2.68583E-01,  -4.80
  509,    1.88030E-01,   1.53500E-01,  -18.36
  510,    7.33085E-02,   9.60064E-02,  30.96
  511,    4.74624E-02,   6.39529E-02,  34.74
  512,    3.83079E-02,   4.47713E-02,  16.87
  513,    4.16925E-02,   6.39914E-02,  53.48
  514,    2.93357E-02,   4.26609E-02,  45.42
  515,    2.03250E-02,   2.98627E-02,  46.93
  516,    3.25848E-02,   4.79887E-02,  47.27
  517,    2.32618E-02,   3.19909E-02,  37.53
  518,    5.57527E+00,   2.69066E+00,  -51.74
  519,    1.77954E+00,   1.07578E+00,  -39.55
  520,    6.51715E-01,   5.37165E-01,  -17.58
  521,    1.22119E-01,   3.07475E-01,  151.78
  522,    2.99050E-01,   1.92129E-01,  -35.75
  523,    1.29912E-01,   1.27906E-01,  -1.54
  524,    7.71218E-02,   8.96787E-02,  16.28
  525,    2.81795E-01,   2.68855E-01,  -4.59
  526,    1.40823E-01,   1.53500E-01,  9.00
  527,    6.60604E-02,   9.59486E-02,  45.24
  528,    4.80322E-02,   6.40107E-02,  33.27
  529,    3.00191E-02,   4.47713E-02,  49.14
  530,    4.15528E-02,   6.39914E-02,  54.00
  531,    2.76315E-02,   4.26609E-02,  54.39
  532,    2.04332E-02,   2.98627E-02,  46.15
  533,    3.21279E-02,   4.80032E-02,  49.41
  534,    2.37388E-02,   3.19909E-02,  34.76
  535,    5.21130E+00,   2.69066E+00,  -48.37
  536,    1.56605E+00,   1.07469E+00,  -31.38
  537,    5.72462E-01,   5.38254E-01,  -5.98
  538,    1.76971E-01,   3.07475E-01,  73.74
  539,    3.34841E-01,   1.91897E-01,  -42.69
  540,    1.32818E-01,   1.28137E-01,  -3.52
  541,    1.26665E-01,   8.96787E-02,  -29.20
  542,    3.23660E-01,   2.68855E-01,  -16.93
  543,    1.12088E-01,   1.53737E-01,  37.16
  544,    6.67424E-02,   9.60064E-02,  43.85
  545,    5.08003E-02,   6.40107E-02,  26.00
  546,    2.72923E-02,   4.48394E-02,  64.29
  547,    4.16490E-02,   6.39914E-02,  53.64
  548,    2.77499E-02,   4.26609E-02,  53.73
  549,    2.03417E-02,   2.98627E-02,  46.81
  550,    3.29427E-02,   4.79887E-02,  45.67
  551,    2.57314E-02,   3.20054E-02,  24.38
  552,    2.38875E+01,   1.07385E+01,  -55.05
  553,    4.41358E+00,   2.68160E+00,  -39.24
  554,    1.29953E+00,   1.07469E+00,  -17.30
  555,    5.60187E-01,   5.37165E-01,  -4.11
  556,    3.87876E-01,   3.06527E-01,  -20.97
  557,    2.58467E-01,   1.91897E-01,  -25.76
  558,    2.11006E-01,   1.27906E-01,  -39.38
  559,    1.19297E-01,   8.94067E-02,  -25.06
  560,    2.93383E-01,   2.68583E-01,  -8.45
  561,    1.22231E-01,   1.53500E-01,  25.58
  562,    8.06615E-02,   9.60064E-02,  19.02
  563,    4.70720E-02,   6.39529E-02,  35.86
  564,    3.13164E-02,   4.47713E-02,  42.96
  565,    4.31678E-02,   6.39914E-02,  48.24
  566,    2.89400E-02,   4.26609E-02,  47.41
  567,    1.97790E-02,   2.98627E-02,  50.98
  568,    3.36847E-02,   4.79887E-02,  42.46
  569,    1.67942E+01,   1.07385E+01,  -36.06
  570,    3.07161E+00,   2.69066E+00,  -12.40
  571,    1.08454E+00,   1.07578E+00,  -0.81
  572,    7.31747E-01,   5.37165E-01,  -26.59
  573,    3.66913E-01,   3.07475E-01,  -16.20
  574,    3.27837E-01,   1.92129E-01,  -41.40
  575,    1.69613E-01,   1.27906E-01,  -24.59
  576,    8.09325E-02,   8.96787E-02,  10.81
  577,    2.31591E-01,   2.68855E-01,  16.09
  578,    1.24665E-01,   1.53500E-01,  23.13
  579,    8.57160E-02,   9.59486E-02,  11.94
  580,    4.33129E-02,   6.40107E-02,  47.79
  581,    3.19547E-02,   4.47713E-02,  40.11
  582,    4.37952E-02,   6.39914E-02,  46.12
  583,    3.06382E-02,   4.26609E-02,  39.24
  584,    2.15092E-02,   2.98627E-02,  38.84
  585,    3.42349E-02,   4.80032E-02,  40.22
  586,    9.89550E+00,   1.07748E+01,  8.89
  587,    2.38184E+00,   2.69066E+00,  12.97
  588,    1.39654E+00,   1.07469E+00,  -23.05
  589,    6.61919E-01,   5.38254E-01,  -18.68
  590,    5.03590E-01,   3.07475E-01,  -38.94
  591,    2.93625E-01,   1.91897E-01,  -34.65
  592,    1.16914E-01,   1.28137E-01,  9.60
  593,    7.23241E-02,   8.96787E-02,  24.00
  594,    2.19162E-01,   2.68855E-01,  22.67
  595,    1.30039E-01,   1.53737E-01,  18.22
  596,    6.85258E-02,   9.60064E-02,  40.10
  597,    4.31907E-02,   6.40107E-02,  48.20
  598,    2.99446E-02,   4.48394E-02,  49.74
  599,    4.31238E-02,   6.39914E-02,  48.39
  600,    2.98551E-02,   4.26609E-02,  42.89
  601,    2.25431E-02,   2.98627E-02,  32.47
  602,    3.65465E-02,   4.79887E-02,  31.31
  603,    7.08428E+00,   1.07385E+01,  51.58
  604,    2.89216E+00,   2.68160E+00,  -7.28
  605,    1.21571E+00,   1.07469E+00,  -11.60
  606,    8.93043E-01,   5.37165E-01,  -39.85
  607,    2.57100E-01,   3.06527E-01,  19.22
  608,    3.13606E-01,   1.91897E-01,  -38.81
  609,    1.00731E-01,   1.27906E-01,  26.98
  610,    7.36282E-02,   8.94067E-02,  21.43
  611,    2.12331E-01,   2.68583E-01,  26.49
  612,    1.30740E-01,   1.53500E-01,  17.41
  613,    6.02286E-02,   9.60064E-02,  59.40
  614,    4.17568E-02,   6.39529E-02,  53.16
  615,    2.89149E-02,   4.47713E-02,  54.84
  616,    4.07218E-02,   6.39914E-02,  57.14
  617,    2.70620E-02,   4.26609E-02,  57.64
  618,    2.15469E-02,   2.98627E-02,  38.59
  619,    3.70290E-02,   4.79887E-02,  29.60
  620,    8.79268E+00,   1.07385E+01,  22.13
  621,    2.54118E+00,   2.69066E+00,  5.88
  622,    1.74784E+00,   1.07578E+00,  -38.45
  623,    6.85082E-01,   5.37165E-01,  -21.59
  624,    9.80398E-02,   3.07475E-01,  213.62
  625,    3.19806E-01,   1.92129E-01,  -39.92
  626,    1.07180E-01,   1.27906E-01,  19.34
  627,    6.78824E-02,   8.96787E-02,  32.11
  628,    2.20046E-01,   2.68855E-01,  22.18
  629,    1.04101E-01,   1.53500E-01,  47.45
  630,    5.97977E-02,   9.59486E-02,  60.46
  631,    3.92570E-02,   6.40107E-02,  63.06
  632,    2.71704E-02,   4.47713E-02,  64.78
  633,    4.00146E-02,   6.39914E-02,  59.92
  634,    2.61179E-02,   4.26609E-02,  63.34
  635,    2.11287E-02,   2.98627E-02,  41.34
  636,    8.51856E+00,   1.07748E+01,  26.49
  637,    3.76990E+00,   2.69066E+00,  -28.63
  638,    1.38552E+00,   1.07469E+00,  -22.43
  639,    4.72214E-01,   5.38254E-01,  13.99
  640,    3.79685E-01,   1.91897E-01,  -49.46
  641,    1.03746E-01,   1.28137E-01,  23.51
  642,    8.84052E-02,   8.96787E-02,  1.44
  643,    6.38813E-02,   3.07475E-01,  381.32
  644,    2.34054E-01,   2.68855E-01,  14.87
  645,    9.64497E-02,   1.53737E-01,  59.40
  646,    6.11518E-02,   9.60064E-02,  57.00
  647,    3.98833E-02,   6.40107E-02,  60.49
  648,    2.58941E-02,   4.48394E-02,  73.16
  649,    3.89861E-02,   6.39914E-02,  64.14
  650,    2.69907E-02,   4.26609E-02,  58.06
  651,    1.67956E+01,   1.07385E+01,  -36.06
  652,    3.93603E+00,   2.68160E+00,  -31.87
  653,    1.17817E+00,   1.07469E+00,  -8.78
  654,    5.67485E-01,   5.37165E-01,  -5.34
  655,    2.37236E-01,   3.06527E-01,  29.21
  656,    3.31717E-01,   1.91897E-01,  -42.15
  657,    1.69616E-01,   1.27906E-01,  -24.59
  658,    9.37500E-02,   8.94067E-02,  -4.63
  659,    2.30507E-01,   2.68583E-01,  16.52
  660,    1.20047E-01,   1.53500E-01,  27.87
  661,    7.20498E-02,   9.60064E-02,  33.25
  662,    4.71842E-02,   6.39529E-02,  35.54
  663,    3.35480E-02,   4.47713E-02,  33.45
  664,    4.16027E-02,   6.39914E-02,  53.82
  665,    3.09103E-02,   4.26609E-02,  38.02
  666,    1.11676E+01,   1.07385E+01,  -3.84
  667,    2.19845E+00,   2.69066E+00,  22.39
  668,    9.13035E-01,   1.07578E+00,  17.82
  669,    5.31806E-01,   5.37165E-01,  1.01
  670,    2.15799E-01,   3.07475E-01,  42.48
  671,    2.88455E-01,   1.92129E-01,  -33.39
  672,    1.14386E-01,   1.27906E-01,  11.82
  673,    6.52320E-02,   8.96787E-02,  37.48
  674,    2.13195E-01,   2.68855E-01,  26.11
  675,    1.23952E-01,   1.53500E-01,  23.84
  676,    7.43755E-02,   9.59486E-02,  29.01
  677,    4.60745E-02,   6.40107E-02,  38.93
  678,    3.48140E-02,   4.47713E-02,  28.60
  679,    4.40071E-02,   6.39914E-02,  45.41
  680,    3.26938E-02,   4.26609E-02,  30.49
  681,    1.45624E+01,   1.07748E+01,  -26.01
  682,    3.87921E+00,   2.69066E+00,  -30.64
  683,    2.00283E+00,   1.07469E+00,  -46.34
  684,    9.35157E-01,   5.38254E-01,  -42.44
  685,    4.28887E-01,   3.07475E-01,  -28.31
  686,    1.69178E-01,   1.28137E-01,  -24.26
  687,    1.22778E-01,   8.96787E-02,  -26.96
  688,    2.95345E-01,   2.68855E-01,  -8.97
  689,    1.60030E-01,   1.53737E-01,  -3.93
  690,    9.53733E-02,   9.60064E-02,  0.66
  691,    6.40765E-02,   6.40107E-02,  -0.10
  692,    3.95353E-02,   4.48394E-02,  13.42
  693,    5.81647E-02,   6.39914E-02,  10.02
  694,    1.31056E+01,   1.07385E+01,  -18.06
  695,    4.77626E+00,   2.68160E+00,  -43.86
  696,    2.07477E+00,   1.07469E+00,  -48.20
  697,    1.30047E+00,   5.37165E-01,  -58.69
  698,    2.83145E-01,   3.06527E-01,  8.26
  699,    2.04505E-01,   1.27906E-01,  -37.46
  700,    1.40413E-01,   8.94067E-02,  -36.33
  701,    3.94026E-01,   2.68583E-01,  -31.84
  702,    2.13369E-01,   1.53500E-01,  -28.06
  703,    1.18608E-01,   9.60064E-02,  -19.06
  704,    8.40657E-02,   6.39529E-02,  -23.93
  705,    5.06893E-02,   4.47713E-02,  -11.68
  706,    6.94621E-02,   6.39914E-02,  -7.88
  707,    1.21473E+01,   1.07385E+01,  -11.60
  708,    3.39929E+00,   2.69066E+00,  -20.85
  709,    1.98238E+00,   1.07578E+00,  -45.73
  710,    7.77106E-01,   5.37165E-01,  -30.88
  711,    1.71175E-01,   3.07475E-01,  79.63
  712,    4.39087E-01,   1.92129E-01,  -56.24
  713,    1.62261E-01,   1.27906E-01,  -21.17
  714,    1.13441E-01,   8.96787E-02,  -20.95
  715,    3.60388E-01,   2.68855E-01,  -25.40
  716,    1.96316E-01,   1.53500E-01,  -21.81
  717,    1.20394E-01,   9.59486E-02,  -20.30
  718,    6.97173E-02,   6.40107E-02,  -8.19
  719,    5.05887E-02,   4.47713E-02,  -11.50
  720,    7.48064E-02,   6.39914E-02,  -14.46
  721,    9.51800E+00,   1.07748E+01,  13.20
  722,    3.52661E+00,   2.69066E+00,  -23.70
  723,    1.25238E+00,   1.07469E+00,  -14.19
  724,    5.38351E-01,   5.38254E-01,  -0.02
  725,    1.75711E-01,   3.07475E-01,  74.99
  726,    3.80979E-01,   1.91897E-01,  -49.63
  727,    1.47120E-01,   1.28137E-01,  -12.90
  728,    9.73818E-02,   8.96787E-02,  -7.91
  729,    3.10154E-01,   2.68855E-01,  -13.32
  730,    1.59645E-01,   1.53737E-01,  -3.70
  731,    1.04328E-01,   9.60064E-02,  -7.98
  732,    5.94718E-02,   6.40107E-02,  7.63
  733,    4.46862E-02,   4.48394E-02,  0.34
  734,    1.07297E+01,   1.07385E+01,  0.08
  735,    2.60551E+00,   2.68160E+00,  2.92
  736,    9.77850E-01,   1.07469E+00,  9.90
  737,    5.65629E-01,   5.37165E-01,  -5.03
  738,    2.41966E-01,   3.06527E-01,  26.68
  739,    3.24049E-01,   1.91897E-01,  -40.78
  740,    1.42596E-01,   1.27906E-01,  -10.30
  741,    1.08078E-01,   8.94067E-02,  -17.28
  742,    3.00082E-01,   2.68583E-01,  -10.50
  743,    1.71920E-01,   1.53500E-01,  -10.71
  744,    9.15940E-02,   9.60064E-02,  4.82
  745,    6.33555E-02,   6.39529E-02,  0.94
  746,    4.34306E-02,   4.47713E-02,  3.09
  747,    7.77629E+00,   1.07385E+01,  38.09
  748,    1.92329E+00,   2.69066E+00,  39.90
  749,    9.67088E-01,   1.07578E+00,  11.24
  750,    5.37815E-01,   5.37165E-01,  -0.12
  751,    2.54371E-01,   3.07475E-01,  20.88
  752,    2.74375E-01,   1.92129E-01,  -29.98
  753,    1.47296E-01,   1.27906E-01,  -13.16
  754,    9.00716E-02,   8.96787E-02,  -0.44
  755,    2.80558E-01,   2.68855E-01,  -4.17
  756,    1.71164E-01,   1.53500E-01,  -10.32
  757,    9.03551E-02,   9.59486E-02,  6.19
  758,    6.50338E-02,   6.40107E-02,  -1.57
  759,    4.61509E-02,   4.47713E-02,  -2.99
  760,    8.37240E+00,   1.07748E+01,  28.69
  761,    2.79498E+00,   2.69066E+00,  -3.73
  762,    1.36425E+00,   1.07469E+00,  -21.22
  763,    7.50799E-01,   5.38254E-01,  -28.31
  764,    2.91485E-01,   3.07475E-01,  5.49
  765,    4.50793E-01,   1.91897E-01,  -57.43
  766,    1.78233E-01,   1.28137E-01,  -28.11
  767,    1.34518E-01,   8.96787E-02,  -33.33
  768,    3.70616E-01,   2.68855E-01,  -27.46
  769,    1.83500E-01,   1.53737E-01,  -16.22
  770,    1.16698E-01,   9.60064E-02,  -17.73
  771,    7.58889E-02,   6.40107E-02,  -15.65
  772,    7.66502E+00,   1.07385E+01,  40.10
  773,    2.48971E+00,   2.68160E+00,  7.71
  774,    1.20641E+00,   1.07469E+00,  -10.92
  775,    6.49498E-01,   5.37165E-01,  -17.30
  776,    3.01735E-01,   3.06527E-01,  1.59
  777,    3.60084E-01,   1.91897E-01,  -46.71
  778,    1.74358E-01,   1.27906E-01,  -26.64
  779,    1.37061E-01,   8.94067E-02,  -34.77
  780,    4.00333E-01,   2.68583E-01,  -32.91
  781,    1.95263E-01,   1.53500E-01,  -21.39
  782,    1.29372E-01,   9.60064E-02,  -25.79
  783,    8.68967E-02,   6.39529E-02,  -26.40
  784,    5.70547E+00,   1.07385E+01,  88.21
  785,    1.90659E+00,   2.69066E+00,  41.12
  786,    9.01092E-01,   1.07578E+00,  19.39
  787,    5.43620E-01,   5.37165E-01,  -1.19
  788,    2.11083E-01,   3.07475E-01,  45.67
  789,    2.80896E-01,   1.92129E-01,  -31.60
  790,    1.56031E-01,   1.27906E-01,  -18.03
  791,    9.48318E-02,   8.96787E-02,  -5.43
  792,    3.02120E-01,   2.68855E-01,  -11.01
  793,    1.80510E-01,   1.53500E-01,  -14.96
  794,    1.08508E-01,   9.59486E-02,  -11.57
  795,    5.52423E+00,   1.07748E+01,  95.05
  796,    1.79776E+00,   2.69066E+00,  49.67
  797,    9.50088E-01,   1.07469E+00,  13.12
  798,    4.61608E-01,   5.38254E-01,  16.60
  799,    2.34349E-01,   3.07475E-01,  31.20
  800,    3.02701E-01,   1.91897E-01,  -36.61
  801,    1.34365E-01,   1.28137E-01,  -4.64
  802,    8.82631E-02,   8.96787E-02,  1.60
  803,    2.71833E-01,   2.68855E-01,  -1.10
  804,    1.69750E-01,   1.53737E-01,  -9.43
  805,    1.05725E-01,   9.60064E-02,  -9.19
  806,    5.70785E+00,   1.07385E+01,  88.14
  807,    1.97931E+00,   2.68160E+00,  35.48
  808,    8.23320E-01,   1.07469E+00,  30.53
  809,    5.05127E-01,   5.37165E-01,  6.34
  810,    2.71757E-01,   3.06527E-01,  12.79
  811,    2.84022E-01,   1.91897E-01,  -32.44
  812,    1.27322E-01,   1.27906E-01,  0.46
  813,    9.79994E-02,   8.94067E-02,  -8.77
  814,    3.00939E-01,   2.68583E-01,  -10.75
  815,    1.70370E-01,   1.53500E-01,  -9.90
  816,    6.07137E+00,   1.07385E+01,  76.87
  817,    1.60104E+00,   2.69066E+00,  68.06
  818,    8.54563E-01,   1.07578E+00,  25.89
  819,    5.53855E-01,   5.37165E-01,  -3.01
  820,    2.32038E-01,   3.07475E-01,  32.51
  821,    2.47654E-01,   1.92129E-01,  -22.42
  822,    1.35813E-01,   1.27906E-01,  -5.82
  823,    1.05678E-01,   8.96787E-02,  -15.14
  824,    3.11681E-01,   2.68855E-01,  -13.74
  825,    1.82920E-01,   1.53500E-01,  -16.08
  826,    4.54372E+00,   1.07748E+01,  137.14
  827,    1.48054E+00,   2.69066E+00,  81.74
  828,    8.25334E-01,   1.07469E+00,  30.21
  829,    4.06646E-01,   5.38254E-01,  32.36
  830,    1.89750E-01,   3.07475E-01,  62.04
  831,    2.15815E-01,   1.91897E-01,  -11.08
  832,    1.28207E-01,   1.28137E-01,  -0.05
  833,    8.74299E-02,   8.96787E-02,  2.57
  834,    2.81295E-01,   2.68855E-01,  -4.42
  835,    5.34105E+00,   1.07385E+01,  101.06
  836,    1.86299E+00,   2.68160E+00,  43.94
  837,    7.69549E-01,   1.07469E+00,  39.65
  838,    4.03310E-01,   5.37165E-01,  33.19
  839,    2.22646E-01,   3.06527E-01,  37.67
  840,    2.56071E-01,   1.91897E-01,  -25.06
  841,    1.32216E-01,   1.27906E-01,  -3.26
  842,    9.60375E-02,   8.94067E-02,  -6.90
  843,    2.95837E-01,   2.68583E-01,  -9.21
  844,    5.24726E+00,   1.07385E+01,  104.65
  845,    1.33018E+00,   2.69066E+00,  102.28
  846,    5.80960E-01,   1.07578E+00,  85.17
  847,    3.63987E-01,   5.37165E-01,  47.58
  848,    2.21368E-01,   3.07475E-01,  38.90
  849,    1.86606E-01,   1.92129E-01,  2.96
  850,    1.11113E-01,   1.27906E-01,  15.11
  851,    9.01945E-02,   8.96787E-02,  -0.57
  852,    4.30290E+00,   1.07748E+01,  150.41
  853,    1.10858E+00,   2.69066E+00,  142.71
  854,    6.05632E-01,   1.07469E+00,  77.45
  855,    3.79821E-01,   5.38254E-01,  41.71
  856,    1.98370E-01,   3.07475E-01,  55.00
  857,    1.83362E-01,   1.91897E-01,  4.65
  858,    1.21171E-01,   1.28137E-01,  5.75
  859,    4.15210E+00,   1.07385E+01,  158.63
  860,    1.39602E+00,   2.68160E+00,  92.09
  861,    7.37753E-01,   1.07469E+00,  45.67
  862,    4.00083E-01,   5.37165E-01,  34.26
  863,    2.10898E-01,   3.06527E-01,  45.34
  864,    2.38774E-01,   1.91897E-01,  -19.63
  865,    4.45874E+00,   1.07385E+01,  140.84
  866,    1.41375E+00,   2.69066E+00,  90.32
  867,    6.50217E-01,   1.07578E+00,  65.45
  868,    3.79948E-01,   5.37165E-01,  41.38
  869,    2.15155E-01,   3.07475E-01,  42.91
  870,    4.53980E+00,   1.07748E+01,  137.34
  871,    1.23305E+00,   2.69066E+00,  118.21
  872,    6.01100E-01,   1.07469E+00,  78.79
  873,    3.91204E-01,   5.38254E-01,  37.59
  874,    4.14627E+00,   1.07385E+01,  158.99
  875,    1.23464E+00,   2.68160E+00,  117.20
  876,    6.81599E-01,   1.07469E+00,  57.67
  877,    4.35325E+00,   1.07385E+01,  146.68
  878,    1.51930E+00,   2.69066E+00,  77.10
  879,    4.05453E+00,   1.07748E+01,  165.75

;-Resistivity in Ohm-m in the elemental sequential order

 4.05287E+02,  4.05287E+02,  4.05287E+02,  4.05287E+02,  4.05287E+02
 4.05287E+02,  4.05287E+02,  4.05287E+02,  4.05287E+02,  4.05287E+02
 4.05287E+02,  4.05287E+02,  4.05287E+02,  4.05287E+02,  4.05287E+02
 4.05287E+02,  4.05287E+02,  4.05287E+02,  4.05287E+02,  4.05287E+02
 4.05287E+02,  4.05287E+02,  4.05287E+02,  4.05287E+02,  4.05287E+02
 4.05287E+02,  4.05287E+02,  4.05287E+02,  4.05287E+02,  4.05287E+02
 4.05287E+02,  4.05287E+02,  4.05287E+02,  4.05287E+02,  4.05287E+02
 4.05287E+02,  4.05287E+02,  4.05287E+02,  4.05287E+02,  4.05287E+02
 4.05287E+02,  4.05287E+02,  4.05287E+02,  4.05287E+02,  4.05287E+02
 4.05287E+02,  4.05287E+02,  4.05287E+02,  4.05287E+02,  4.05287E+02
 4.05287E+02,  4.05287E+02,  4.05287E+02,  4.05287E+02,  4.05287E+02
 4.05287E+02,  4.05287E+02,  4.05287E+02,  4.05287E+02,  4.05287E+02
 4.05287E+02,  4.05287E+02,  4.05287E+02,  4.05287E+02,  4.05287E+02
 4.05287E+02,  4.05287E+02,  4.05287E+02,  4.05287E+02,  4.05287E+02
 4.05287E+02,  4.05287E+02,  4.05287E+02,  4.05287E+02,  4.05287E+02
 4.05287E+02,  4.05287E+02,  4.05287E+02,  4.05287E+02,  4.05287E+02
 4.05287E+02,  4.05287E+02,  4.05287E+02,  4.05287E+02,  4.05287E+02
 4.05287E+02,  4.05287E+02,  4.05287E+02,  4.05287E+02,  4.05287E+02
 4.05287E+02,  4.05287E+02,  4.05287E+02,  4.05287E+02,  4.05287E+02
 4.05287E+02,  4.05287E+02,  4.05287E+02,  4.05287E+02,  4.05287E+02
 4.05287E+02,  4.05287E+02,  4.05287E+02,  4.05287E+02,  4.05287E+02
 4.05287E+02,  4.05287E+02,  4.05287E+02,  4.05287E+02,  4.05287E+02
 4.05287E+02,  4.05287E+02,  4.05287E+02,  4.05287E+02,  4.05287E+02
 4.05287E+02,  4.05287E+02,  4.05287E+02,  4.05287E+02,  4.05287E+02
 4.05287E+02,  4.05287E+02,  4.05287E+02,  4.05287E+02,  4.05287E+02
 4.05287E+02,  4.05287E+02,  4.05287E+02,  4.05287E+02,  4.05287E+02
 4.05287E+02,  4.05287E+02,  4.05287E+02,  4.05287E+02,  4.05287E+02
 4.05287E+02,  4.05287E+02,  4.05287E+02,  4.05287E+02,  4.05287E+02
 4.05287E+02,  4.05287E+02,  4.05287E+02,  4.05287E+02,  4.05287E+02
 4.05287E+02,  4.05287E+02,  4.05287E+02,  4.05287E+02,  4.05287E+02
 4.05287E+02,  4.05287E+02,  4.05287E+02,  4.05287E+02,  4.05287E+02
 4.05287E+02,  4.05287E+02,  4.05287E+02,  4.05287E+02,  4.05287E+02
 4.05287E+02,  4.05287E+02,  4.05287E+02,  4.05287E+02,  4.05287E+02
 4.05287E+02,  4.05287E+02,  4.05287E+02,  4.05287E+02,  4.05287E+02
 4.05287E+02,  4.05287E+02,  4.05287E+02,  4.05287E+02,  4.05287E+02
 4.05287E+02,  4.05287E+02,  4.05287E+02,  4.05287E+02,  4.05287E+02
 4.05287E+02,  4.05287E+02,  4.05287E+02,  4.05287E+02,  4.05287E+02
 4.05287E+02,  4.05287E+02,  4.05287E+02,  4.05287E+02,  4.05287E+02
 4.05287E+02,  4.05287E+02,  4.05287E+02,  4.05287E+02,  4.05287E+02
 4.05287E+02,  4.05287E+02,  4.05287E+02,  4.05287E+02,  4.05287E+02
 4.05287E+02,  4.05287E+02,  4.05287E+02,  4.05287E+02,  4.05287E+02
 4.05287E+02,  4.05287E+02,  4.05287E+02,  4.05287E+02,  4.05287E+02
 4.05287E+02,  4.05287E+02,  4.05287E+02,  4.05287E+02,  4.05287E+02
 4.05287E+02,  4.05287E+02,  4.05287E+02,  4.05287E+02,  4.05287E+02
 4.05287E+02,  4.05287E+02,  4.05287E+02,  4.05287E+02,  4.05287E+02
 4.05287E+02,  4.05287E+02,  4.05287E+02,  4.05287E+02,  4.05287E+02
 4.05287E+02,  4.05287E+02,  4.05287E+02,  4.05287E+02,  4.05287E+02
 4.05287E+02,  4.05287E+02,  4.05287E+02,  4.05287E+02,  4.05287E+02
 4.05287E+02,  4.05287E+02,  4.05287E+02,  4.05287E+02,  4.05287E+02
 4.05287E+02,  4.05287E+02,  4.05287E+02,  4.05287E+02,  4.05287E+02
 4.05287E+02,  4.05287E+02,  4.05287E+02,  4.05287E+02,  4.05287E+02
 4.05287E+02,  4.05287E+02,  4.05287E+02,  4.05287E+02,  4.05287E+02
 4.05287E+02,  4.05287E+02,  4.05287E+02,  4.05287E+02,  4.05287E+02
 4.05287E+02,  4.05287E+02,  4.05287E+02,  4.05287E+02,  4.05287E+02
 4.05287E+02,  4.05287E+02,  4.05287E+02,  4.05287E+02,  4.05287E+02
 4.05287E+02,  4.05287E+02,  4.05287E+02,  4.05287E+02,  4.05287E+02
 4.05287E+02,  4.05287E+02,  4.05287E+02,  4.05287E+02,  4.05287E+02
 4.05287E+02,  4.05287E+02,  4.05287E+02,  4.05287E+02,  4.05287E+02
 4.05287E+02,  4.05287E+02,  4.05287E+02,  4.05287E+02,  4.05287E+02
 4.05287E+02,  4.05287E+02,  4.05287E+02,  4.05287E+02,  4.05287E+02
 4.05287E+02,  4.05287E+02,  4.05287E+02,  4.05287E+02,  4.05287E+02
 4.05287E+02,  4.05287E+02,  4.05287E+02,  4.05287E+02,  4.05287E+02
 4.05287E+02,  4.05287E+02,  4.05287E+02,  4.05287E+02,  4.05287E+02
 4.05287E+02,  4.05287E+02,  4.05287E+02,  4.05287E+02,  4.05287E+02
 4.05287E+02,  4.05287E+02,  4.05287E+02,  4.05287E+02,  4.05287E+02
 4.05287E+02,  4.05287E+02,  4.05287E+02,  4.05287E+02,  4.05287E+02
 4.05287E+02,  4.05287E+02,  4.05287E+02,  4.05287E+02,  4.05287E+02
 4.05287E+02,  4.05287E+02,  4.05287E+02,  4.05287E+02,  4.05287E+02
 4.05287E+02,  4.05287E+02,  4.05287E+02,  4.05287E+02,  4.05287E+02
 4.05287E+02,  4.05287E+02,  4.05287E+02,  4.05287E+02,  4.05287E+02
 4.05287E+02,  4.05287E+02,  4.05287E+02,  4.05287E+02,  4.05287E+02
 4.05287E+02,  4.05287E+02,  4.05287E+02,  4.05287E+02,  4.05287E+02
 4.05287E+02,  4.05287E+02,  4.05287E+02,  4.05287E+02,  4.05287E+02
 4.05287E+02,  4.05287E+02,  4.05287E+02,  4.05287E+02,  4.05287E+02
 4.05287E+02,  4.05287E+02,  4.05287E+02,  4.05287E+02,  4.05287E+02
 4.05287E+02,  4.05287E+02,  4.05287E+02,  4.05287E+02,  4.05287E+02
 4.05287E+02,  4.05287E+02,  4.05287E+02,  4.05287E+02,  4.05287E+02
 4.05287E+02,  4.05287E+02,  4.05287E+02,  4.05287E+02,  4.05287E+02
 4.05287E+02,  4.05287E+02,  4.05287E+02,  4.05287E+02,  4.05287E+02
 4.05287E+02,  4.05287E+02,  4.05287E+02,  4.05287E+02,  4.05287E+02
 4.05287E+02,  4.05287E+02,  4.05287E+02,  4.05287E+02,  4.05287E+02
 4.05287E+02,  4.05287E+02,  4.05287E+02,  4.05287E+02,  4.05287E+02
 4.05287E+02,  4.05287E+02,  4.05287E+02,  4.05287E+02,  4.05287E+02
 4.05287E+02,  4.05287E+02,  4.05287E+02,  4.05287E+02,  4.05287E+02
 4.05287E+02,  4.05287E+02,  4.05287E+02,  4.05287E+02,  4.05287E+02
 4.05287E+02,  4.05287E+02,  4.05287E+02,  4.05287E+02,  4.05287E+02
 4.05287E+02,  4.05287E+02,  4.05287E+02,  4.05287E+02,  4.05287E+02
 4.05287E+02,  4.05287E+02,  4.05287E+02,  4.05287E+02,  4.05287E+02
 4.05287E+02,  4.05287E+02,  4.05287E+02,  4.05287E+02,  4.05287E+02
 4.05287E+02,  4.05287E+02,  4.05287E+02,  4.05287E+02,  4.05287E+02
 4.05287E+02,  4.05287E+02,  4.05287E+02,  4.05287E+02,  4.05287E+02
 4.05287E+02,  4.05287E+02,  4.05287E+02,  4.05287E+02,  4.05287E+02
 4.05287E+02,  4.05287E+02,  4.05287E+02,  4.05287E+02,  4.05287E+02
 4.05287E+02,  4.05287E+02,  4.05287E+02,  4.05287E+02,  4.05287E+02
 4.05287E+02,  4.05287E+02,  4.05287E+02,  4.05287E+02,  4.05287E+02
 4.05287E+02,  4.05287E+02,  4.05287E+02,  4.05287E+02,  4.05287E+02
 4.05287E+02,  4.05287E+02,  4.05287E+02,  4.05287E+02,  4.05287E+02
 4.05287E+02,  4.05287E+02,  4.05287E+02,  4.05287E+02,  4.05287E+02
 4.05287E+02,  4.05287E+02,  4.05287E+02,  4.05287E+02,  4.05287E+02
 4.05287E+02,  4.05287E+02,  4.05287E+02,  4.05287E+02,  4.05287E+02
 4.05287E+02,  4.05287E+02,  4.05287E+02,  4.05287E+02,  4.05287E+02
 4.05287E+02,  4.05287E+02,  4.05287E+02,  4.05287E+02,  4.05287E+02
 4.05287E+02,  4.05287E+02,  4.05287E+02,  4.05287E+02,  4.05287E+02
 4.05287E+02,  4.05287E+02,  4.05287E+02,  4.05287E+02,  4.05287E+02
 4.05287E+02,  4.05287E+02,  4.05287E+02,  4.05287E+02,  4.05287E+02
 4.05287E+02,  4.05287E+02,  4.05287E+02,  4.05287E+02,  4.05287E+02
 4.05287E+02,  4.05287E+02,  4.05287E+02,  4.05287E+02,  4.05287E+02
 4.05287E+02,  4.05287E+02,  4.05287E+02,  4.05287E+02,  4.05287E+02
 4.05287E+02,  4.05287E+02,  4.05287E+02,  4.05287E+02,  4.05287E+02
 4.05287E+02,  4.05287E+02,  4.05287E+02,  4.05287E+02,  4.05287E+02
 4.05287E+02,  4.05287E+02,  4.05287E+02,  4.05287E+02,  4.05287E+02
 4.05287E+02,  4.05287E+02,  4.05287E+02,  4.05287E+02,  4.05287E+02
 4.05287E+02,  4.05287E+02,  4.05287E+02,  4.05287E+02,  4.05287E+02
 4.05287E+02,  4.05287E+02,  4.05287E+02,  4.05287E+02,  4.05287E+02
 4.05287E+02,  4.05287E+02,  4.05287E+02,  4.05287E+02,  4.05287E+02
 4.05287E+02,  4.05287E+02,  4.05287E+02,  4.05287E+02,  4.05287E+02
 4.05287E+02,  4.05287E+02,  4.05287E+02,  4.05287E+02,  4.05287E+02
 4.05287E+02,  4.05287E+02,  4.05287E+02,  4.05287E+02,  4.05287E+02
 4.05287E+02,  4.05287E+02,  4.05287E+02,  4.05287E+02,  4.05287E+02
 4.05287E+02,  4.05287E+02,  4.05287E+02,  4.05287E+02,  4.05287E+02
 4.05287E+02,  4.05287E+02,  4.05287E+02,  4.05287E+02,  4.05287E+02
 4.05287E+02,  4.05287E+02,  4.05287E+02,  4.05287E+02,  4.05287E+02
 4.05287E+02,  4.05287E+02,  4.05287E+02,  4.05287E+02,  4.05287E+02
 4.05287E+02,  4.05287E+02,  4.05287E+02,  4.05287E+02,  4.05287E+02
 4.05287E+02,  4.05287E+02,  4.05287E+02,  4.05287E+02,  4.05287E+02
 4.05287E+02,  4.05287E+02,  4.05287E+02,  4.05287E+02,  4.05287E+02
 4.05287E+02,  4.05287E+02,  4.05287E+02,  4.05287E+02,  4.05287E+02
 4.05287E+02,  4.05287E+02,  4.05287E+02,  4.05287E+02,  4.05287E+02
 4.05287E+02,  4.05287E+02,  4.05287E+02,  4.05287E+02,  4.05287E+02
 4.05287E+02,  4.05287E+02,  4.05287E+02,  4.05287E+02,  4.05287E+02
 4.05287E+02,  4.05287E+02,  4.05287E+02,  4.05287E+02,  4.05287E+02
 4.05287E+02,  4.05287E+02,  4.05287E+02,  4.05287E+02,  4.05287E+02
 4.05287E+02,  4.05287E+02,  4.05287E+02,  4.05287E+02,  4.05287E+02
 4.05287E+02,  4.05287E+02,  4.05287E+02,  4.05287E+02,  4.05287E+02
 4.05287E+02,  4.05287E+02,  4.05287E+02,  4.05287E+02,  4.05287E+02
 4.05287E+02,  4.05287E+02,  4.05287E+02,  4.05287E+02,  4.05287E+02
 4.05287E+02,  4.05287E+02,  4.05287E+02,  4.05287E+02,  4.05287E+02
 4.05287E+02,  4.05287E+02,  4.05287E+02,  4.05287E+02,  4.05287E+02
 4.05287E+02,  4.05287E+02,  4.05287E+02,  4.05287E+02,  4.05287E+02
 4.05287E+02,  4.05287E+02,  4.05287E+02,  4.05287E+02,  4.05287E+02
 4.05287E+02,  4.05287E+02,  4.05287E+02,  4.05287E+02,  4.05287E+02
 4.05287E+02,  4.05287E+02,  4.05287E+02,  4.05287E+02,  4.05287E+02
 4.05287E+02,  4.05287E+02,  4.05287E+02,  4.05287E+02,  4.05287E+02
 4.05287E+02,  4.05287E+02,  4.05287E+02,  4.05287E+02,  4.05287E+02
 4.05287E+02,  4.05287E+02,  4.05287E+02,  4.05287E+02,  4.05287E+02
 4.05287E+02,  4.05287E+02,  4.05287E+02,  4.05287E+02,  4.05287E+02
 4.05287E+02,  4.05287E+02,  4.05287E+02,  4.05287E+02,  4.05287E+02
 4.05287E+02,  4.05287E+02,  4.05287E+02,  4.05287E+02,  4.05287E+02
 4.05287E+02,  4.05287E+02,  4.05287E+02,  4.05287E+02,  4.05287E+02
 4.05287E+02,  4.05287E+02,  4.05287E+02,  4.05287E+02,  4.05287E+02
 4.05287E+02,  4.05287E+02,  4.05287E+02,  4.05287E+02,  4.05287E+02
 4.05287E+02,  4.05287E+02,  4.05287E+02,  4.05287E+02,  4.05287E+02
 4.05287E+02,  4.05287E+02,  4.05287E+02,  4.05287E+02,  4.05287E+02
 4.05287E+02,  4.05287E+02,  4.05287E+02,  4.05287E+02,  4.05287E+02
 4.05287E+02,  4.05287E+02,  4.05287E+02,  4.05287E+02,  4.05287E+02
 4.05287E+02,  4.05287E+02,  4.05287E+02,  4.05287E+02,  4.05287E+02
 4.05287E+02,  4.05287E+02,  4.05287E+02,  4.05287E+02,  4.05287E+02
 4.05287E+02,  4.05287E+02,  4.05287E+02,  4.05287E+02,  4.05287E+02
 4.05287E+02,  4.05287E+02,  4.05287E+02,  4.05287E+02,  4.05287E+02
 4.05287E+02,  4.05287E+02,  4.05287E+02,  4.05287E+02,  4.05287E+02
 4.05287E+02,  4.05287E+02,  4.05287E+02,  4.05287E+02,  4.05287E+02
 4.05287E+02,  4.05287E+02,  4.05287E+02,  4.05287E+02,  4.05287E+02
 4.05287E+02,  4.05287E+02,  4.05287E+02,  4.05287E+02,  4.05287E+02
 4.05287E+02,  4.05287E+02,  4.05287E+02,  4.05287E+02,  4.05287E+02
 4.05287E+02,  4.05287E+02,  4.05287E+02,  4.05287E+02,  4.05287E+02
 4.05287E+02,  4.05287E+02,  4.05287E+02,  4.05287E+02,  4.05287E+02
 4.05287E+02,  4.05287E+02,  4.05287E+02,  4.05287E+02,  4.05287E+02
 4.05287E+02,  4.05287E+02,  4.05287E+02,  4.05287E+02,  4.05287E+02
 4.05287E+02,  4.05287E+02,  4.05287E+02,  4.05287E+02,  4.05287E+02
 4.05287E+02,  4.05287E+02,  4.05287E+02,  4.05287E+02,  4.05287E+02
 4.05287E+02,  4.05287E+02,  4.05287E+02,  4.05287E+02,  4.05287E+02
 4.05287E+02,  4.05287E+02,  4.05287E+02,  4.05287E+02,  4.05287E+02
 4.05287E+02,  4.05287E+02,  4.05287E+02,  4.05287E+02,  4.05287E+02
 4.05287E+02,  4.05287E+02,  4.05287E+02,  4.05287E+02,  4.05287E+02
 4.05287E+02,  4.05287E+02,  4.05287E+02,  4.05287E+02,  4.05287E+02
 4.05287E+02,  4.05287E+02,  4.05287E+02,  4.05287E+02,  4.05287E+02
 4.05287E+02,  4.05287E+02,  4.05287E+02,  4.05287E+02,  4.05287E+02
 4.05287E+02,  4.05287E+02,  4.05287E+02,  4.05287E+02,  4.05287E+02
 4.05287E+02,  4.05287E+02,  4.05287E+02,  4.05287E+02,  4.05287E+02
 4.05287E+02,  4.05287E+02,  4.05287E+02,  4.05287E+02,  4.05287E+02
 4.05287E+02,  4.05287E+02,  4.05287E+02,  4.05287E+02,  4.05287E+02
 4.05287E+02,  4.05287E+02,  4.05287E+02,  4.05287E+02,  4.05287E+02
 4.05287E+02,  4.05287E+02,  4.05287E+02,  4.05287E+02,  4.05287E+02
 4.05287E+02,  4.05287E+02,  4.05287E+02,  4.05287E+02,  4.05287E+02
 4.05287E+02,  4.05287E+02,  4.05287E+02,  4.05287E+02,  4.05287E+02
 4.05287E+02,  4.05287E+02,  4.05287E+02,  4.05287E+02,  4.05287E+02
 4.05287E+02,  4.05287E+02,  4.05287E+02,  4.05287E+02,  4.05287E+02
 4.05287E+02,  4.05287E+02,  4.05287E+02,  4.05287E+02,  4.05287E+02
 4.05287E+02,  4.05287E+02,  4.05287E+02,  4.05287E+02,  4.05287E+02
 4.05287E+02,  4.05287E+02,  4.05287E+02,  4.05287E+02,  4.05287E+02
 4.05287E+02,  4.05287E+02,  4.05287E+02,  4.05287E+02,  4.05287E+02
 4.05287E+02,  4.05287E+02,  4.05287E+02,  4.05287E+02,  4.05287E+02
 4.05287E+02,  4.05287E+02,  4.05287E+02,  4.05287E+02,  4.05287E+02
 4.05287E+02,  4.05287E+02,  4.05287E+02,  4.05287E+02,  4.05287E+02
 4.05287E+02,  4.05287E+02,  4.05287E+02,  4.05287E+02,  4.05287E+02
 4.05287E+02,  4.05287E+02,  4.05287E+02,  4.05287E+02,  4.05287E+02
 4.05287E+02,  4.05287E+02,  4.05287E+02,  4.05287E+02,  4.05287E+02
 4.05287E+02,  4.05287E+02,  4.05287E+02,  4.05287E+02,  4.05287E+02
 4.05287E+02,  4.05287E+02,  4.05287E+02,  4.05287E+02,  4.05287E+02
 4.05287E+02,  4.05287E+02,  4.05287E+02,  4.05287E+02,  4.05287E+02
 4.05287E+02,  4.05287E+02,  4.05287E+02,  4.05287E+02,  4.05287E+02
 4.05287E+02,  4.05287E+02,  4.05287E+02,  4.05287E+02,  4.05287E+02
 4.05287E+02,  4.05287E+02,  4.05287E+02,  4.05287E+02,  4.05287E+02
 4.05287E+02,  4.05287E+02,  4.05287E+02,  4.05287E+02,  4.05287E+02
 4.05287E+02,  4.05287E+02,  4.05287E+02,  4.05287E+02,  4.05287E+02
 4.05287E+02,  4.05287E+02,  4.05287E+02,  4.05287E+02,  4.05287E+02
 4.05287E+02,  4.05287E+02,  4.05287E+02,  4.05287E+02,  4.05287E+02
 4.05287E+02,  4.05287E+02,  4.05287E+02,  4.05287E+02,  4.05287E+02
 4.05287E+02,  4.05287E+02,  4.05287E+02,  4.05287E+02,  4.05287E+02
 4.05287E+02,  4.05287E+02,  4.05287E+02,  4.05287E+02,  4.05287E+02
 4.05287E+02,  4.05287E+02,  4.05287E+02,  4.05287E+02,  4.05287E+02
 4.05287E+02,  4.05287E+02,  4.05287E+02,  4.05287E+02,  4.05287E+02
 4.05287E+02,  4.05287E+02,  4.05287E+02,  4.05287E+02,  4.05287E+02
 4.05287E+02,  4.05287E+02,  4.05287E+02,  4.05287E+02,  4.05287E+02
 4.05287E+02,  4.05287E+02,  4.05287E+02,  4.05287E+02,  4.05287E+02
 4.05287E+02,  4.05287E+02,  4.05287E+02,  4.05287E+02,  4.05287E+02
 4.05287E+02,  4.05287E+02,  4.05287E+02,  4.05287E+02,  4.05287E+02
 4.05287E+02,  4.05287E+02,  4.05287E+02,  4.05287E+02,  4.05287E+02
 4.05287E+02,  4.05287E+02,  4.05287E+02,  4.05287E+02,  4.05287E+02
 4.05287E+02,  4.05287E+02,  4.05287E+02,  4.05287E+02,  4.05287E+02
 4.05287E+02,  4.05287E+02,  4.05287E+02,  4.05287E+02,  4.05287E+02
 4.05287E+02,  4.05287E+02,  4.05287E+02,  4.05287E+02,  4.05287E+02
 4.05287E+02,  4.05287E+02,  4.05287E+02,  4.05287E+02,  4.05287E+02
 4.05287E+02,  4.05287E+02,  4.05287E+02,  4.05287E+02,  4.05287E+02
 4.05287E+02,  4.05287E+02,  4.05287E+02,  4.05287E+02,  4.05287E+02
 4.05287E+02,  4.05287E+02,  4.05287E+02,  4.05287E+02,  4.05287E+02
 4.05287E+02,  4.05287E+02,  4.05287E+02,  4.05287E+02,  4.05287E+02
 4.05287E+02,  4.05287E+02,  4.05287E+02,  4.05287E+02,  4.05287E+02
 4.05287E+02,  4.05287E+02,  4.05287E+02,  4.05287E+02,  4.05287E+02
 4.05287E+02,  4.05287E+02,  4.05287E+02,  4.05287E+02,  4.05287E+02
 4.05287E+02,  4.05287E+02,  4.05287E+02,  4.05287E+02,  4.05287E+02
 4.05287E+02,  4.05287E+02,  4.05287E+02,  4.05287E+02,  4.05287E+02
 4.05287E+02,  4.05287E+02,  4.05287E+02,  4.05287E+02,  4.05287E+02
 4.05287E+02,  4.05287E+02,  4.05287E+02,  4.05287E+02,  4.05287E+02
 4.05287E+02,  4.05287E+02,  4.05287E+02,  4.05287E+02,  4.05287E+02
 4.05287E+02,  4.05287E+02,  4.05287E+02,  4.05287E+02,  4.05287E+02
 4.05287E+02,  4.05287E+02,  4.05287E+02,  4.05287E+02,  4.05287E+02
 4.05287E+02,  4.05287E+02,  4.05287E+02,  4.05287E+02,  4.05287E+02
 4.05287E+02,  4.05287E+02,  4.05287E+02,  4.05287E+02,  4.05287E+02
 4.05287E+02,  4.05287E+02,  4.05287E+02,  4.05287E+02,  4.05287E+02
 4.05287E+02,  4.05287E+02,  4.05287E+02,  4.05287E+02,  4.05287E+02
 4.05287E+02,  4.05287E+02,  4.05287E+02,  4.05287E+02,  4.05287E+02
 4.05287E+02,  4.05287E+02,  4.05287E+02,  4.05287E+02,  4.05287E+02
 4.05287E+02,  4.05287E+02,  4.05287E+02,  4.05287E+02,  4.05287E+02
 4.05287E+02,  4.05287E+02,  4.05287E+02,  4.05287E+02,  4.05287E+02
 4.05287E+02,  4.05287E+02,  4.05287E+02,  4.05287E+02,  4.05287E+02
 4.05287E+02,  4.05287E+02,  4.05287E+02,  4.05287E+02,  4.05287E+02
 4.05287E+02,  4.05287E+02,  4.05287E+02,  4.05287E+02,  4.05287E+02
 4.05287E+02,  4.05287E+02,  4.05287E+02,  4.05287E+02,  4.05287E+02
 4.05287E+02,  4.05287E+02,  4.05287E+02,  4.05287E+02,  4.05287E+02
 4.05287E+02,  4.05287E+02,  4.05287E+02,  4.05287E+02,  4.05287E+02
 4.05287E+02,  4.05287E+02,  4.05287E+02,  4.05287E+02,  4.05287E+02
 4.05287E+02,  4.05287E+02,  4.05287E+02,  4.05287E+02,  4.05287E+02
 4.05287E+02,  4.05287E+02,  4.05287E+02,  4.05287E+02,  4.05287E+02
 4.05287E+02,  4.05287E+02,  4.05287E+02,  4.05287E+02,  4.05287E+02
 4.05287E+02,  4.05287E+02,  4.05287E+02,  4.05287E+02,  4.05287E+02
 4.05287E+02,  4.05287E+02,  4.05287E+02,  4.05287E+02,  4.05287E+02
 4.05287E+02,  4.05287E+02,  4.05287E+02,  4.05287E+02,  4.05287E+02
 4.05287E+02,  4.05287E+02,  4.05287E+02,  4.05287E+02,  4.05287E+02
 4.05287E+02,  4.05287E+02,  4.05287E+02,  4.05287E+02,  4.05287E+02
 4.05287E+02,  4.05287E+02,  4.05287E+02,  4.05287E+02,  4.05287E+02
 4.05287E+02,  4.05287E+02,  4.05287E+02,  4.05287E+02,  4.05287E+02
 4.05287E+02,  4.05287E+02,  4.05287E+02,  4.05287E+02,  4.05287E+02
 4.05287E+02,  4.05287E+02,  4.05287E+02,  4.05287E+02,  4.05287E+02
 4.05287E+02,  4.05287E+02,  4.05287E+02,  4.05287E+02,  4.05287E+02
 4.05287E+02,  4.05287E+02,  4.05287E+02,  4.05287E+02,  4.05287E+02
 4.05287E+02,  4.05287E+02,  4.05287E+02,  4.05287E+02,  4.05287E+02
 4.05287E+02,  4.05287E+02,  4.05287E+02,  4.05287E+02,  4.05287E+02
 4.05287E+02,  4.05287E+02,  4.05287E+02,  4.05287E+02,  4.05287E+02
 4.05287E+02,  4.05287E+02,  4.05287E+02,  4.05287E+02,  4.05287E+02
 4.05287E+02,  4.05287E+02,  4.05287E+02,  4.05287E+02,  4.05287E+02
 4.05287E+02,  4.05287E+02,  4.05287E+02,  4.05287E+02,  4.05287E+02
 4.05287E+02,  4.05287E+02,  4.05287E+02,  4.05287E+02,  4.05287E+02
 4.05287E+02,  4.05287E+02,  4.05287E+02,  4.05287E+02,  4.05287E+02
 4.05287E+02,  4.05287E+02,  4.05287E+02,  4.05287E+02,  4.05287E+02
 4.05287E+02,  4.05287E+02,  4.05287E+02,  4.05287E+02,  4.05287E+02
 4.05287E+02,  4.05287E+02,  4.05287E+02,  4.05287E+02,  4.05287E+02
 4.05287E+02,  4.05287E+02,  4.05287E+02,  4.05287E+02,  4.05287E+02
 4.05287E+02,  4.05287E+02,  4.05287E+02,  4.05287E+02,  4.05287E+02
 4.05287E+02,  4.05287E+02,  4.05287E+02,  4.05287E+02,  4.05287E+02
 4.05287E+02,  4.05287E+02,  4.05287E+02,  4.05287E+02,  4.05287E+02
 4.05287E+02,  4.05287E+02,  4.05287E+02,  4.05287E+02,  4.05287E+02
 4.05287E+02,  4.05287E+02,  4.05287E+02,  4.05287E+02,  4.05287E+02
 4.05287E+02,  4.05287E+02,  4.05287E+02,  4.05287E+02,  4.05287E+02
 4.05287E+02,  4.05287E+02,  4.05287E+02,  4.05287E+02,  4.05287E+02
 4.05287E+02,  4.05287E+02,  4.05287E+02,  4.05287E+02,  4.05287E+02
 4.05287E+02,  4.05287E+02,  4.05287E+02,  4.05287E+02,  4.05287E+02
 4.05287E+02,  4.05287E+02,  4.05287E+02,  4.05287E+02,  4.05287E+02
 4.05287E+02,  4.05287E+02,  4.05287E+02,  4.05287E+02,  4.05287E+02
 4.05287E+02,  4.05287E+02,  4.05287E+02,  4.05287E+02,  4.05287E+02
 4.05287E+02,  4.05287E+02,  4.05287E+02,  4.05287E+02,  4.05287E+02
 4.05287E+02,  4.05287E+02,  4.05287E+02,  4.05287E+02,  4.05287E+02
 4.05287E+02,  4.05287E+02,  4.05287E+02,  4.05287E+02,  4.05287E+02
 4.05287E+02,  4.05287E+02,  4.05287E+02,  4.05287E+02,  4.05287E+02
 4.05287E+02,  4.05287E+02,  4.05287E+02,  4.05287E+02,  4.05287E+02
 4.05287E+02,  4.05287E+02,  4.05287E+02,  4.05287E+02,  4.05287E+02
 4.05287E+02,  4.05287E+02,  4.05287E+02,  4.05287E+02,  4.05287E+02
 4.05287E+02,  4.05287E+02,  4.05287E+02,  4.05287E+02,  4.05287E+02
 4.05287E+02,  4.05287E+02,  4.05287E+02,  4.05287E+02,  4.05287E+02
 4.05287E+02,  4.05287E+02,  4.05287E+02,  4.05287E+02,  4.05287E+02
 4.05287E+02,  4.05287E+02,  4.05287E+02,  4.05287E+02,  4.05287E+02
 4.05287E+02,  4.05287E+02,  4.05287E+02,  4.05287E+02,  4.05287E+02
 4.05287E+02,  4.05287E+02,  4.05287E+02,  4.05287E+02,  4.05287E+02
 4.05287E+02,  4.05287E+02,  4.05287E+02,  4.05287E+02,  4.05287E+02
 4.05287E+02,  4.05287E+02,  4.05287E+02,  4.05287E+02,  4.05287E+02
 4.05287E+02,  4.05287E+02,  4.05287E+02,  4.05287E+02,  4.05287E+02
 4.05287E+02,  4.05287E+02,  4.05287E+02,  4.05287E+02,  4.05287E+02
 4.05287E+02,  4.05287E+02,  4.05287E+02,  4.05287E+02,  4.05287E+02
 4.05287E+02,  4.05287E+02,  4.05287E+02,  4.05287E+02,  4.05287E+02
 4.05287E+02,  4.05287E+02,  4.05287E+02,  4.05287E+02,  4.05287E+02
 4.05287E+02,  4.05287E+02,  4.05287E+02,  4.05287E+02,  4.05287E+02
 4.05287E+02,  4.05287E+02,  4.05287E+02,  4.05287E+02,  4.05287E+02
 4.05287E+02,  4.05287E+02,  4.05287E+02,  4.05287E+02,  4.05287E+02
 4.05287E+02,  4.05287E+02,  4.05287E+02,  4.05287E+02,  4.05287E+02
 4.05287E+02,  4.05287E+02,  4.05287E+02,  4.05287E+02,  4.05287E+02
 4.05287E+02,  4.05287E+02,  4.05287E+02,  4.05287E+02,  4.05287E+02
 4.05287E+02,  4.05287E+02,  4.05287E+02,  4.05287E+02,  4.05287E+02
 4.05287E+02,  4.05287E+02,  4.05287E+02,  4.05287E+02,  4.05287E+02
 4.05287E+02,  4.05287E+02,  4.05287E+02,  4.05287E+02,  4.05287E+02
 4.05287E+02,  4.05287E+02,  4.05287E+02,  4.05287E+02,  4.05287E+02
 4.05287E+02,  4.05287E+02,  4.05287E+02,  4.05287E+02,  4.05287E+02
 4.05287E+02,  4.05287E+02,  4.05287E+02,  4.05287E+02,  4.05287E+02
 4.05287E+02,  4.05287E+02,  4.05287E+02,  4.05287E+02,  4.05287E+02
 4.05287E+02,  4.05287E+02,  4.05287E+02,  4.05287E+02,  4.05287E+02
 4.05287E+02,  4.05287E+02,  4.05287E+02,  4.05287E+02,  4.05287E+02
 4.05287E+02,  4.05287E+02,  4.05287E+02,  4.05287E+02,  4.05287E+02
 4.05287E+02,  4.05287E+02,  4.05287E+02,  4.05287E+02,  4.05287E+02
 4.05287E+02,  4.05287E+02,  4.05287E+02,  4.05287E+02,  4.05287E+02
 4.05287E+02,  4.05287E+02,  4.05287E+02,  4.05287E+02,  4.05287E+02
 4.05287E+02,  4.05287E+02,  4.05287E+02,  4.05287E+02,  4.05287E+02
 4.05287E+02,  4.05287E+02,  4.05287E+02,  4.05287E+02,  4.05287E+02
 4.05287E+02,  4.05287E+02,  4.05287E+02,  4.05287E+02,  4.05287E+02
 4.05287E+02,  4.05287E+02,  4.05287E+02,  4.05287E+02,  4.05287E+02
 4.05287E+02,  4.05287E+02,  4.05287E+02,  4.05287E+02,  4.05287E+02
 4.05287E+02,  4.05287E+02,  4.05287E+02,  4.05287E+02,  4.05287E+02
 4.05287E+02,  4.05287E+02,  4.05287E+02,  4.05287E+02,  4.05287E+02
 4.05287E+02,  4.05287E+02,  4.05287E+02,  4.05287E+02,  4.05287E+02
 4.05287E+02,  4.05287E+02,  4.05287E+02,  4.05287E+02,  4.05287E+02
 4.05287E+02,  4.05287E+02,  4.05287E+02,  4.05287E+02,  4.05287E+02
 4.05287E+02,  4.05287E+02,  4.05287E+02,  4.05287E+02,  4.05287E+02
 4.05287E+02,  4.05287E+02,  4.05287E+02,  4.05287E+02,  4.05287E+02
 4.05287E+02,  4.05287E+02,  4.05287E+02,  4.05287E+02,  4.05287E+02
 4.05287E+02,  4.05287E+02,  4.05287E+02,  4.05287E+02,  4.05287E+02
 4.05287E+02,  4.05287E+02,  4.05287E+02,  4.05287E+02,  4.05287E+02
 4.05287E+02,  4.05287E+02,  4.05287E+02,  4.05287E+02,  4.05287E+02
 4.05287E+02,  4.05287E+02,  4.05287E+02,  4.05287E+02,  4.05287E+02
 4.05287E+02,  4.05287E+02,  4.05287E+02,  4.05287E+02,  4.05287E+02
 4.05287E+02,  4.05287E+02,  4.05287E+02,  4.05287E+02,  4.05287E+02
 4.05287E+02,  4.05287E+02,  4.05287E+02,  4.05287E+02,  4.05287E+02
 4.05287E+02,  4.05287E+02,  4.05287E+02,  4.05287E+02,  4.05287E+02
 4.05287E+02,  4.05287E+02,  4.05287E+02,  4.05287E+02,  4.05287E+02
 4.05287E+02,  4.05287E+02,  4.05287E+02,  4.05287E+02,  4.05287E+02
 4.05287E+02,  4.05287E+02,  4.05287E+02,  4.05287E+02,  4.05287E+02
 4.05287E+02,  4.05287E+02,  4.05287E+02,  4.05287E+02,  4.05287E+02
 4.05287E+02,  4.05287E+02,  4.05287E+02,  4.05287E+02,  4.05287E+02
 4.05287E+02,  4.05287E+02,  4.05287E+02,  4.05287E+02,  4.05287E+02
 4.05287E+02,  4.05287E+02,  4.05287E+02,  4.05287E+02,  4.05287E+02
 4.05287E+02,  4.05287E+02,  4.05287E+02,  4.05287E+02,  4.05287E+02
 4.05287E+02,  4.05287E+02,  4.05287E+02,  4.05287E+02,  4.05287E+02
 4.05287E+02,  4.05287E+02,  4.05287E+02,  4.05287E+02,  4.05287E+02
 4.05287E+02,  4.05287E+02,  4.05287E+02,  4.05287E+02,  4.05287E+02
 4.05287E+02,  4.05287E+02,  4.05287E+02,  4.05287E+02,  4.05287E+02
 4.05287E+02,  4.05287E+02,  4.05287E+02,  4.05287E+02,  4.05287E+02
 4.05287E+02,  4.05287E+02,  4.05287E+02,  4.05287E+02,  4.05287E+02
 4.05287E+02,  4.05287E+02,  4.05287E+02,  4.05287E+02,  4.05287E+02
 4.05287E+02,  4.05287E+02,  4.05287E+02,  4.05287E+02,  4.05287E+02
 4.05287E+02,  4.05287E+02,  4.05287E+02,  4.05287E+02,  4.05287E+02
 4.05287E+02,  4.05287E+02,  4.05287E+02,  4.05287E+02,  4.05287E+02
 4.05287E+02,  4.05287E+02,  4.05287E+02,  4.05287E+02,  4.05287E+02
 4.05287E+02,  4.05287E+02,  4.05287E+02,  4.05287E+02,  4.05287E+02
 4.05287E+02,  4.05287E+02,  4.05287E+02,  4.05287E+02,  4.05287E+02
 4.05287E+02,  4.05287E+02,  4.05287E+02,  4.05287E+02,  4.05287E+02
 4.05287E+02,  4.05287E+02,  4.05287E+02,  4.05287E+02,  4.05287E+02
 4.05287E+02,  4.05287E+02,  4.05287E+02,  4.05287E+02,  4.05287E+02
 4.05287E+02,  4.05287E+02,  4.05287E+02,  4.05287E+02,  4.05287E+02
 4.05287E+02,  4.05287E+02,  4.05287E+02,  4.05287E+02,  4.05287E+02
 4.05287E+02,  4.05287E+02,  4.05287E+02,  4.05287E+02,  4.05287E+02
 4.05287E+02,  4.05287E+02,  4.05287E+02,  4.05287E+02,  4.05287E+02
 4.05287E+02,  4.05287E+02,  4.05287E+02,  4.05287E+02,  4.05287E+02
 4.05287E+02,  4.05287E+02,  4.05287E+02,  4.05287E+02,  4.05287E+02
 4.05287E+02,  4.05287E+02,  4.05287E+02,  4.05287E+02,  4.05287E+02
 4.05287E+02,  4.05287E+02,  4.05287E+02,  4.05287E+02,  4.05287E+02
 4.05287E+02,  4.05287E+02,  4.05287E+02,  4.05287E+02,  4.05287E+02
 4.05287E+02,  4.05287E+02,  4.05287E+02,  4.05287E+02,  4.05287E+02
 4.05287E+02,  4.05287E+02,  4.05287E+02,  4.05287E+02,  4.05287E+02
 4.05287E+02,  4.05287E+02,  4.05287E+02,  4.05287E+02,  4.05287E+02
 4.05287E+02,  4.05287E+02,  4.05287E+02,  4.05287E+02,  4.05287E+02
 4.05287E+02,  4.05287E+02,  4.05287E+02,  4.05287E+02,  4.05287E+02
 4.05287E+02,  4.05287E+02,  4.05287E+02,  4.05287E+02,  4.05287E+02
 4.05287E+02,  4.05287E+02,  4.05287E+02,  4.05287E+02,  4.05287E+02
 4.05287E+02,  4.05287E+02,  4.05287E+02,  4.05287E+02,  4.05287E+02
 4.05287E+02,  4.05287E+02,  4.05287E+02,  4.05287E+02,  4.05287E+02
 4.05287E+02,  4.05287E+02,  4.05287E+02,  4.05287E+02,  4.05287E+02
 4.05287E+02,  4.05287E+02,  4.05287E+02,  4.05287E+02,  4.05287E+02
 4.05287E+02,  4.05287E+02,  4.05287E+02,  4.05287E+02,  4.05287E+02
 4.05287E+02,  4.05287E+02,  4.05287E+02,  4.05287E+02,  4.05287E+02
 4.05287E+02,  4.05287E+02,  4.05287E+02,  4.05287E+02,  4.05287E+02
 4.05287E+02,  4.05287E+02,  4.05287E+02,  4.05287E+02,  4.05287E+02
 4.05287E+02,  4.05287E+02,  4.05287E+02,  4.05287E+02,  4.05287E+02
 4.05287E+02,  4.05287E+02,  4.05287E+02,  4.05287E+02,  4.05287E+02
 4.05287E+02,  4.05287E+02,  4.05287E+02,  4.05287E+02,  4.05287E+02
 4.05287E+02,  4.05287E+02,  4.05287E+02,  4.05287E+02,  4.05287E+02
 4.05287E+02,  4.05287E+02,  4.05287E+02,  4.05287E+02,  4.05287E+02
 4.05287E+02,  4.05287E+02,  4.05287E+02,  4.05287E+02,  4.05287E+02
 4.05287E+02,  4.05287E+02,  4.05287E+02,  4.05287E+02,  4.05287E+02
 4.05287E+02,  4.05287E+02,  4.05287E+02,  4.05287E+02,  4.05287E+02
 4.05287E+02,  4.05287E+02,  4.05287E+02,  4.05287E+02,  4.05287E+02
 4.05287E+02,  4.05287E+02,  4.05287E+02,  4.05287E+02,  4.05287E+02
 4.05287E+02,  4.05287E+02,  4.05287E+02,  4.05287E+02,  4.05287E+02
 4.05287E+02,  4.05287E+02,  4.05287E+02,  4.05287E+02,  4.05287E+02
 4.05287E+02,  4.05287E+02,  4.05287E+02,  4.05287E+02,  4.05287E+02
 4.05287E+02,  4.05287E+02,  4.05287E+02,  4.05287E+02,  4.05287E+02
 4.05287E+02,  4.05287E+02,  4.05287E+02,  4.05287E+02,  4.05287E+02
 4.05287E+02,  4.05287E+02,  4.05287E+02,  4.05287E+02,  4.05287E+02
 4.05287E+02,  4.05287E+02,  4.05287E+02,  4.05287E+02,  4.05287E+02
 4.05287E+02,  4.05287E+02,  4.05287E+02,  4.05287E+02,  4.05287E+02
 4.05287E+02,  4.05287E+02,  4.05287E+02,  4.05287E+02,  4.05287E+02
 4.05287E+02,  4.05287E+02,  4.05287E+02,  4.05287E+02,  4.05287E+02
 4.05287E+02,  4.05287E+02,  4.05287E+02,  4.05287E+02,  4.05287E+02
 4.05287E+02,  4.05287E+02,  4.05287E+02,  4.05287E+02,  4.05287E+02
 4.05287E+02,  4.05287E+02,  4.05287E+02,  4.05287E+02,  4.05287E+02
 4.05287E+02,  4.05287E+02,  4.05287E+02,  4.05287E+02,  4.05287E+02
 4.05287E+02,  4.05287E+02,  4.05287E+02,  4.05287E+02,  4.05287E+02
 4.05287E+02,  4.05287E+02,  4.05287E+02,  4.05287E+02,  4.05287E+02
 4.05287E+02,  4.05287E+02,  4.05287E+02,  4.05287E+02,  4.05287E+02
 4.05287E+02,  4.05287E+02,  4.05287E+02,  4.05287E+02,  4.05287E+02
 4.05287E+02,  4.05287E+02,  4.05287E+02,  4.05287E+02,  4.05287E+02
 4.05287E+02,  4.05287E+02,  4.05287E+02,  4.05287E+02,  4.05287E+02
 4.05287E+02,  4.05287E+02,  4.05287E+02,  4.05287E+02,  4.05287E+02
 4.05287E+02,  4.05287E+02,  4.05287E+02,  4.05287E+02,  4.05287E+02
 4.05287E+02,  4.05287E+02,  4.05287E+02,  4.05287E+02,  4.05287E+02
 4.05287E+02,  4.05287E+02,  4.05287E+02,  4.05287E+02,  4.05287E+02
 4.05287E+02,  4.05287E+02,  4.05287E+02,  4.05287E+02,  4.05287E+02
 4.05287E+02,  4.05287E+02,  4.05287E+02,  4.05287E+02,  4.05287E+02
 4.05287E+02,  4.05287E+02,  4.05287E+02,  4.05287E+02,  4.05287E+02
 4.05287E+02,  4.05287E+02,  4.05287E+02,  4.05287E+02,  4.05287E+02
 4.05287E+02,  4.05287E+02,  4.05287E+02,  4.05287E+02,  4.05287E+02
 4.05287E+02,  4.05287E+02,  4.05287E+02,  4.05287E+02,  4.05287E+02
 4.05287E+02,  4.05287E+02,  4.05287E+02,  4.05287E+02,  4.05287E+02
 4.05287E+02,  4.05287E+02,  4.05287E+02,  4.05287E+02,  4.05287E+02
 4.05287E+02,  4.05287E+02,  4.05287E+02,  4.05287E+02,  4.05287E+02
 4.05287E+02,  4.05287E+02,  4.05287E+02,  4.05287E+02,  4.05287E+02
 4.05287E+02,  4.05287E+02,  4.05287E+02,  4.05287E+02,  4.05287E+02
 4.05287E+02,  4.05287E+02,  4.05287E+02,  4.05287E+02,  4.05287E+02
 4.05287E+02,  4.05287E+02,  4.05287E+02,  4.05287E+02,  4.05287E+02
 4.05287E+02,  4.05287E+02,  4.05287E+02,  4.05287E+02,  4.05287E+02
 4.05287E+02,  4.05287E+02,  4.05287E+02,  4.05287E+02,  4.05287E+02
 4.05287E+02,  4.05287E+02,  4.05287E+02,  4.05287E+02,  4.05287E+02
 4.05287E+02,  4.05287E+02,  4.05287E+02,  4.05287E+02,  4.05287E+02
 4.05287E+02,  4.05287E+02,  4.05287E+02,  4.05287E+02,  4.05287E+02
 4.05287E+02,  4.05287E+02,  4.05287E+02,  4.05287E+02,  4.05287E+02
 4.05287E+02,  4.05287E+02,  4.05287E+02,  4.05287E+02,  4.05287E+02
 4.05287E+02,  4.05287E+02,  4.05287E+02,  4.05287E+02,  4.05287E+02
 4.05287E+02,  4.05287E+02,  4.05287E+02,  4.05287E+02,  4.05287E+02
 4.05287E+02,  4.05287E+02,  4.05287E+02,  4.05287E+02,  4.05287E+02
 4.05287E+02,  4.05287E+02,  4.05287E+02,  4.05287E+02,  4.05287E+02
 4.05287E+02,  4.05287E+02,  4.05287E+02,  4.05287E+02,  4.05287E+02
 4.05287E+02,  4.05287E+02,  4.05287E+02,  4.05287E+02,  4.05287E+02
 4.05287E+02,  4.05287E+02,  4.05287E+02,  4.05287E+02,  4.05287E+02
 4.05287E+02,  4.05287E+02,  4.05287E+02,  4.05287E+02,  4.05287E+02
 4.05287E+02,  4.05287E+02,  4.05287E+02,  4.05287E+02,  4.05287E+02
 4.05287E+02,  4.05287E+02,  4.05287E+02,  4.05287E+02,  4.05287E+02
 4.05287E+02,  4.05287E+02,  4.05287E+02,  4.05287E+02,  4.05287E+02
 4.05287E+02,  4.05287E+02,  4.05287E+02,  4.05287E+02,  4.05287E+02
 4.05287E+02,  4.05287E+02,  4.05287E+02,  4.05287E+02,  4.05287E+02
 4.05287E+02,  4.05287E+02,  4.05287E+02,  4.05287E+02,  4.05287E+02
 4.05287E+02,  4.05287E+02,  4.05287E+02,  4.05287E+02,  4.05287E+02
 4.05287E+02,  4.05287E+02,  4.05287E+02,  4.05287E+02,  4.05287E+02
 4.05287E+02,  4.05287E+02,  4.05287E+02,  4.05287E+02,  4.05287E+02
 4.05287E+02,  4.05287E+02,  4.05287E+02,  4.05287E+02,  4.05287E+02
 4.05287E+02,  4.05287E+02,  4.05287E+02,  4.05287E+02,  4.05287E+02
 4.05287E+02,  4.05287E+02,  4.05287E+02,  4.05287E+02,  4.05287E+02
 4.05287E+02,  4.05287E+02,  4.05287E+02,  4.05287E+02,  4.05287E+02
 4.05287E+02,  4.05287E+02,  4.05287E+02,  4.05287E+02,  4.05287E+02
 4.05287E+02,  4.05287E+02,  4.05287E+02,  4.05287E+02,  4.05287E+02
 4.05287E+02,  4.05287E+02,  4.05287E+02,  4.05287E+02,  4.05287E+02
 4.05287E+02,  4.05287E+02,  4.05287E+02,  4.05287E+02,  4.05287E+02
 4.05287E+02,  4.05287E+02,  4.05287E+02,  4.05287E+02,  4.05287E+02
 4.05287E+02,  4.05287E+02,  4.05287E+02,  4.05287E+02,  4.05287E+02
 4.05287E+02,  4.05287E+02,  4.05287E+02,  4.05287E+02,  4.05287E+02
 4.05287E+02,  4.05287E+02,  4.05287E+02,  4.05287E+02,  4.05287E+02
 4.05287E+02,  4.05287E+02,  4.05287E+02,  4.05287E+02,  4.05287E+02
 4.05287E+02,  4.05287E+02,  4.05287E+02,  4.05287E+02,  4.05287E+02
 4.05287E+02,  4.05287E+02,  4.05287E+02,  4.05287E+02,  4.05287E+02
 4.05287E+02,  4.05287E+02,  4.05287E+02,  4.05287E+02,  4.05287E+02
 4.05287E+02,  4.05287E+02,  4.05287E+02,  4.05287E+02,  4.05287E+02
 4.05287E+02,  4.05287E+02,  4.05287E+02,  4.05287E+02,  4.05287E+02
 4.05287E+02,  4.05287E+02,  4.05287E+02,  4.05287E+02,  4.05287E+02
 4.05287E+02,  4.05287E+02,  4.05287E+02,  4.05287E+02,  4.05287E+02
 4.05287E+02,  4.05287E+02,  4.05287E+02,  4.05287E+02,  4.05287E+02
 4.05287E+02,  4.05287E+02,  4.05287E+02,  4.05287E+02,  4.05287E+02
 4.05287E+02,  4.05287E+02,  4.05287E+02,  4.05287E+02,  4.05287E+02
 4.05287E+02,  4.05287E+02,  4.05287E+02,  4.05287E+02,  4.05287E+02
 4.05287E+02,  4.05287E+02,  4.05287E+02,  4.05287E+02,  4.05287E+02
 4.05287E+02,  4.05287E+02,  4.05287E+02,  4.05287E+02,  4.05287E+02
 4.05287E+02,  4.05287E+02,  4.05287E+02,  4.05287E+02,  4.05287E+02
 4.05287E+02,  4.05287E+02,  4.05287E+02,  4.05287E+02,  4.05287E+02
 4.05287E+02,  4.05287E+02,  4.05287E+02,  4.05287E+02,  4.05287E+02
 4.05287E+02,  4.05287E+02,  4.05287E+02,  4.05287E+02,  4.05287E+02
 4.05287E+02,  4.05287E+02,  4.05287E+02,  4.05287E+02,  4.05287E+02
 4.05287E+02,  4.05287E+02,  4.05287E+02,  4.05287E+02,  4.05287E+02
 4.05287E+02,  4.05287E+02,  4.05287E+02,  4.05287E+02,  4.05287E+02
 4.05287E+02,  4.05287E+02,  4.05287E+02,  4.05287E+02,  4.05287E+02
 4.05287E+02,  4.05287E+02,  4.05287E+02,  4.05287E+02,  4.05287E+02
 4.05287E+02,  4.05287E+02,  4.05287E+02,  4.05287E+02,  4.05287E+02
 4.05287E+02,  4.05287E+02,  4.05287E+02,  4.05287E+02,  4.05287E+02
 4.05287E+02,  4.05287E+02,  4.05287E+02,  4.05287E+02,  4.05287E+02
 4.05287E+02,  4.05287E+02,  4.05287E+02,  4.05287E+02,  4.05287E+02
 4.05287E+02,  4.05287E+02,  4.05287E+02,  4.05287E+02,  4.05287E+02
 4.05287E+02,  4.05287E+02,  4.05287E+02,  4.05287E+02,  4.05287E+02
 4.05287E+02,  4.05287E+02,  4.05287E+02,  4.05287E+02,  4.05287E+02
 4.05287E+02,  4.05287E+02,  4.05287E+02,  4.05287E+02,  4.05287E+02
 4.05287E+02,  4.05287E+02,  4.05287E+02,  4.05287E+02,  4.05287E+02
 4.05287E+02,  4.05287E+02,  4.05287E+02,  4.05287E+02,  4.05287E+02
 4.05287E+02,  4.05287E+02,  4.05287E+02,  4.05287E+02,  4.05287E+02
 4.05287E+02,  4.05287E+02,  4.05287E+02,  4.05287E+02,  4.05287E+02
 4.05287E+02,  4.05287E+02,  4.05287E+02,  4.05287E+02,  4.05287E+02
 4.05287E+02,  4.05287E+02,  4.05287E+02,  4.05287E+02,  4.05287E+02
 4.05287E+02,  4.05287E+02,  4.05287E+02,  4.05287E+02,  4.05287E+02
 4.05287E+02,  4.05287E+02,  4.05287E+02,  4.05287E+02,  4.05287E+02
 4.05287E+02,  4.05287E+02,  4.05287E+02,  4.05287E+02,  4.05287E+02
 4.05287E+02,  4.05287E+02,  4.05287E+02,  4.05287E+02,  4.05287E+02
 4.05287E+02,  4.05287E+02,  4.05287E+02,  4.05287E+02,  4.05287E+02
 4.05287E+02,  4.05287E+02,  4.05287E+02,  4.05287E+02,  4.05287E+02
 4.05287E+02,  4.05287E+02,  4.05287E+02,  4.05287E+02,  4.05287E+02
 4.05287E+02,  4.05287E+02,  4.05287E+02,  4.05287E+02,  4.05287E+02
 4.05287E+02,  4.05287E+02,  4.05287E+02,  4.05287E+02,  4.05287E+02
 4.05287E+02,  4.05287E+02,  4.05287E+02,  4.05287E+02,  4.05287E+02
 4.05287E+02,  4.05287E+02,  4.05287E+02,  4.05287E+02,  4.05287E+02
 4.05287E+02,  4.05287E+02,  4.05287E+02,  4.05287E+02,  4.05287E+02
 4.05287E+02,  4.05287E+02,  4.05287E+02,  4.05287E+02,  4.05287E+02
 4.05287E+02,  4.05287E+02,  4.05287E+02,  4.05287E+02,  4.05287E+02
 4.05287E+02,  4.05287E+02,  4.05287E+02,  4.05287E+02,  4.05287E+02
 4.05287E+02,  4.05287E+02,  4.05287E+02,  4.05287E+02,  4.05287E+02
 4.05287E+02,  4.05287E+02,  4.05287E+02,  4.05287E+02,  4.05287E+02
 4.05287E+02,  4.05287E+02,  4.05287E+02,  4.05287E+02,  4.05287E+02
 4.05287E+02,  4.05287E+02,  4.05287E+02,  4.05287E+02,  4.05287E+02
 4.05287E+02,  4.05287E+02,  4.05287E+02,  4.05287E+02,  4.05287E+02
 4.05287E+02,  4.05287E+02,  4.05287E+02,  4.05287E+02,  4.05287E+02
 4.05287E+02,  4.05287E+02,  4.05287E+02,  4.05287E+02,  4.05287E+02
 4.05287E+02,  4.05287E+02,  4.05287E+02,  4.05287E+02,  4.05287E+02
 4.05287E+02,  4.05287E+02,  4.05287E+02,  4.05287E+02,  4.05287E+02
 4.05287E+02,  4.05287E+02,  4.05287E+02,  4.05287E+02,  4.05287E+02
 4.05287E+02,  4.05287E+02,  4.05287E+02,  4.05287E+02,  4.05287E+02
 4.05287E+02,  4.05287E+02,  4.05287E+02,  4.05287E+02,  4.05287E+02
 4.05287E+02,  4.05287E+02,  4.05287E+02,  4.05287E+02,  4.05287E+02
 4.05287E+02,  4.05287E+02,  4.05287E+02,  4.05287E+02,  4.05287E+02
 4.05287E+02,  4.05287E+02,  4.05287E+02,  4.05287E+02,  4.05287E+02
 4.05287E+02,  4.05287E+02,  4.05287E+02,  4.05287E+02,  4.05287E+02
 4.05287E+02,  4.05287E+02,  4.05287E+02,  4.05287E+02,  4.05287E+02
 4.05287E+02,  4.05287E+02,  4.05287E+02,  4.05287E+02,  4.05287E+02
 4.05287E+02,  4.05287E+02,  4.05287E+02,  4.05287E+02,  4.05287E+02
 4.05287E+02,  4.05287E+02,  4.05287E+02,  4.05287E+02,  4.05287E+02
 4.05287E+02,  4.05287E+02,  4.05287E+02,  4.05287E+02,  4.05287E+02
 4.05287E+02,  4.05287E+02,  4.05287E+02,  4.05287E+02,  4.05287E+02
 4.05287E+02,  4.05287E+02,  4.05287E+02,  4.05287E+02,  4.05287E+02
 4.05287E+02,  4.05287E+02,  4.05287E+02,  4.05287E+02,  4.05287E+02
 4.05287E+02,  4.05287E+02,  4.05287E+02,  4.05287E+02,  4.05287E+02
 4.05287E+02,  4.05287E+02,  4.05287E+02,  4.05287E+02,  4.05287E+02
 4.05287E+02,  4.05287E+02,  4.05287E+02,  4.05287E+02,  4.05287E+02
 4.05287E+02,  4.05287E+02,  4.05287E+02,  4.05287E+02,  4.05287E+02
 4.05287E+02,  4.05287E+02,  4.05287E+02,  4.05287E+02,  4.05287E+02
 4.05287E+02,  4.05287E+02,  4.05287E+02,  4.05287E+02,  4.05287E+02
 4.05287E+02,  4.05287E+02,  4.05287E+02,  4.05287E+02,  4.05287E+02
 4.05287E+02,  4.05287E+02,  4.05287E+02,  4.05287E+02,  4.05287E+02
 4.05287E+02,  4.05287E+02,  4.05287E+02,  4.05287E+02,  4.05287E+02
 4.05287E+02,  4.05287E+02,  4.05287E+02,  4.05287E+02,  4.05287E+02
 4.05287E+02,  4.05287E+02,  4.05287E+02,  4.05287E+02,  4.05287E+02
 4.05287E+02,  4.05287E+02,  4.05287E+02,  4.05287E+02,  4.05287E+02
 4.05287E+02,  4.05287E+02,  4.05287E+02,  4.05287E+02,  4.05287E+02
 4.05287E+02,  4.05287E+02,  4.05287E+02,  4.05287E+02,  4.05287E+02
 4.05287E+02,  4.05287E+02,  4.05287E+02,  4.05287E+02,  4.05287E+02
 4.05287E+02,  4.05287E+02,  4.05287E+02,  4.05287E+02,  4.05287E+02
 4.05287E+02,  4.05287E+02,  4.05287E+02,  4.05287E+02,  4.05287E+02
 4.05287E+02,  4.05287E+02,  4.05287E+02,  4.05287E+02,  4.05287E+02
 4.05287E+02,  4.05287E+02,  4.05287E+02,  4.05287E+02,  4.05287E+02
 4.05287E+02,  4.05287E+02,  4.05287E+02,  4.05287E+02,  4.05287E+02
 4.05287E+02,  4.05287E+02,  4.05287E+02,  4.05287E+02,  4.05287E+02
 4.05287E+02,  4.05287E+02,  4.05287E+02,  4.05287E+02,  4.05287E+02
 4.05287E+02,  4.05287E+02,  4.05287E+02,  4.05287E+02,  4.05287E+02
 4.05287E+02,  4.05287E+02,  4.05287E+02,  4.05287E+02,  4.05287E+02
 4.05287E+02,  4.05287E+02,  4.05287E+02,  4.05287E+02,  4.05287E+02
 4.05287E+02,  4.05287E+02,  4.05287E+02,  4.05287E+02,  4.05287E+02
 4.05287E+02,  4.05287E+02,  4.05287E+02,  4.05287E+02,  4.05287E+02
 4.05287E+02,  4.05287E+02,  4.05287E+02,  4.05287E+02,  4.05287E+02
 4.05287E+02,  4.05287E+02,  4.05287E+02,  4.05287E+02,  4.05287E+02
 4.05287E+02,  4.05287E+02,  4.05287E+02,  4.05287E+02,  4.05287E+02
 4.05287E+02,  4.05287E+02,  4.05287E+02,  4.05287E+02,  4.05287E+02
 4.05287E+02,  4.05287E+02,  4.05287E+02,  4.05287E+02,  4.05287E+02
 4.05287E+02,  4.05287E+02,  4.05287E+02,  4.05287E+02,  4.05287E+02
 4.05287E+02,  4.05287E+02,  4.05287E+02,  4.05287E+02,  4.05287E+02
 4.05287E+02,  4.05287E+02,  4.05287E+02,  4.05287E+02,  4.05287E+02
 4.05287E+02,  4.05287E+02,  4.05287E+02,  4.05287E+02,  4.05287E+02
 4.05287E+02,  4.05287E+02,  4.05287E+02,  4.05287E+02,  4.05287E+02
 4.05287E+02,  4.05287E+02,  4.05287E+02,  4.05287E+02,  4.05287E+02
 4.05287E+02,  4.05287E+02,  4.05287E+02,  4.05287E+02,  4.05287E+02
 4.05287E+02,  4.05287E+02,  4.05287E+02,  4.05287E+02,  4.05287E+02
 4.05287E+02,  4.05287E+02,  4.05287E+02,  4.05287E+02,  4.05287E+02
 4.05287E+02,  4.05287E+02,  4.05287E+02,  4.05287E+02,  4.05287E+02
 4.05287E+02,  4.05287E+02,  4.05287E+02,  4.05287E+02,  4.05287E+02
 4.05287E+02,  4.05287E+02,  4.05287E+02,  4.05287E+02,  4.05287E+02
 4.05287E+02,  4.05287E+02,  4.05287E+02,  4.05287E+02,  4.05287E+02
 4.05287E+02,  4.05287E+02,  4.05287E+02,  4.05287E+02,  4.05287E+02
 4.05287E+02,  4.05287E+02,  4.05287E+02,  4.05287E+02,  4.05287E+02
 4.05287E+02,  4.05287E+02,  4.05287E+02,  4.05287E+02,  4.05287E+02
 4.05287E+02,  4.05287E+02,  4.05287E+02,  4.05287E+02,  4.05287E+02
 4.05287E+02,  4.05287E+02,  4.05287E+02,  4.05287E+02,  4.05287E+02
 4.05287E+02,  4.05287E+02,  4.05287E+02,  4.05287E+02,  4.05287E+02
 4.05287E+02,  4.05287E+02,  4.05287E+02,  4.05287E+02,  4.05287E+02
 4.05287E+02,  4.05287E+02,  4.05287E+02,  4.05287E+02,  4.05287E+02
 4.05287E+02,  4.05287E+02,  4.05287E+02,  4.05287E+02,  4.05287E+02
 4.05287E+02,  4.05287E+02,  4.05287E+02,  4.05287E+02,  4.05287E+02
 4.05287E+02,  4.05287E+02,  4.05287E+02,  4.05287E+02,  4.05287E+02
 4.05287E+02,  4.05287E+02,  4.05287E+02,  4.05287E+02,  4.05287E+02
 4.05287E+02,  4.05287E+02,  4.05287E+02,  4.05287E+02,  4.05287E+02
 4.05287E+02,  4.05287E+02,  4.05287E+02,  4.05287E+02,  4.05287E+02
 4.05287E+02,  4.05287E+02,  4.05287E+02,  4.05287E+02,  4.05287E+02
 4.05287E+02,  4.05287E+02,  4.05287E+02,  4.05287E+02,  4.05287E+02
 4.05287E+02,  4.05287E+02,  4.05287E+02,  4.05287E+02,  4.05287E+02
 4.05287E+02,  4.05287E+02,  4.05287E+02,  4.05287E+02,  4.05287E+02
 4.05287E+02,  4.05287E+02,  4.05287E+02,  4.05287E+02,  4.05287E+02
 4.05287E+02,  4.05287E+02,  4.05287E+02,  4.05287E+02,  4.05287E+02
 4.05287E+02,  4.05287E+02,  4.05287E+02,  4.05287E+02,  4.05287E+02
 4.05287E+02,  4.05287E+02,  4.05287E+02,  4.05287E+02,  4.05287E+02
 4.05287E+02,  4.05287E+02,  4.05287E+02,  4.05287E+02,  4.05287E+02
 4.05287E+02,  4.05287E+02,  4.05287E+02,  4.05287E+02,  4.05287E+02
 4.05287E+02,  4.05287E+02,  4.05287E+02,  4.05287E+02,  4.05287E+02
 4.05287E+02,  4.05287E+02,  4.05287E+02,  4.05287E+02,  4.05287E+02
 4.05287E+02,  4.05287E+02,  4.05287E+02,  4.05287E+02,  4.05287E+02
 4.05287E+02,  4.05287E+02,  4.05287E+02,  4.05287E+02,  4.05287E+02
 4.05287E+02,  4.05287E+02,  4.05287E+02,  4.05287E+02,  4.05287E+02
 4.05287E+02,  4.05287E+02,  4.05287E+02,  4.05287E+02,  4.05287E+02
 4.05287E+02,  4.05287E+02,  4.05287E+02,  4.05287E+02,  4.05287E+02
 4.05287E+02,  4.05287E+02,  4.05287E+02,  4.05287E+02,  4.05287E+02
 4.05287E+02,  4.05287E+02,  4.05287E+02,  4.05287E+02,  4.05287E+02
 4.05287E+02,  4.05287E+02,  4.05287E+02,  4.05287E+02,  4.05287E+02
 4.05287E+02,  4.05287E+02,  4.05287E+02,  4.05287E+02,  4.05287E+02
 4.05287E+02,  4.05287E+02,  4.05287E+02,  4.05287E+02,  4.05287E+02
 4.05287E+02,  4.05287E+02,  4.05287E+02,  4.05287E+02,  4.05287E+02
 4.05287E+02,  4.05287E+02,  4.05287E+02,  4.05287E+02,  4.05287E+02
 4.05287E+02,  4.05287E+02,  4.05287E+02,  4.05287E+02,  4.05287E+02
 4.05287E+02,  4.05287E+02,  4.05287E+02,  4.05287E+02,  4.05287E+02
 4.05287E+02,  4.05287E+02,  4.05287E+02,  4.05287E+02,  4.05287E+02
 4.05287E+02,  4.05287E+02,  4.05287E+02,  4.05287E+02,  4.05287E+02
 4.05287E+02,  4.05287E+02,  4.05287E+02,  4.05287E+02,  4.05287E+02
 4.05287E+02,  4.05287E+02,  4.05287E+02,  4.05287E+02,  4.05287E+02
 4.05287E+02,  4.05287E+02,  4.05287E+02,  4.05287E+02,  4.05287E+02
 4.05287E+02,  4.05287E+02,  4.05287E+02,  4.05287E+02,  4.05287E+02
 4.05287E+02,  4.05287E+02,  4.05287E+02,  4.05287E+02,  4.05287E+02
 4.05287E+02,  4.05287E+02,  4.05287E+02,  4.05287E+02,  4.05287E+02
 4.05287E+02,  4.05287E+02,  4.05287E+02,  4.05287E+02,  4.05287E+02
 4.05287E+02,  4.05287E+02,  4.05287E+02,  4.05287E+02,  4.05287E+02
 4.05287E+02,  4.05287E+02,  4.05287E+02,  4.05287E+02,  4.05287E+02
 4.05287E+02

;-Sensitivity in the elemental sequential order

 4.13878E-02,  4.26648E-02,  4.00612E-02,  3.28320E-02,  2.47697E-02
 1.82090E-02,  1.35138E-02,  1.02521E-02,  7.95508E-03,  6.30022E-03
 5.08490E-03,  4.17937E-03,  3.49661E-03,  2.97497E-03,  2.56867E-03
 5.54894E-03,  5.54894E-03,  9.21185E-03,  9.21185E-03,  9.21185E-03
 9.21185E-03,  9.21185E-03,  9.21185E-03,  4.13878E-02,  4.26648E-02
 4.00612E-02,  3.28320E-02,  2.47697E-02,  1.82090E-02,  1.35138E-02
 1.02521E-02,  7.95508E-03,  6.30022E-03,  5.08490E-03,  4.17937E-03
 3.49661E-03,  2.97497E-03,  2.56867E-03,  5.54894E-03,  5.54894E-03
 9.21185E-03,  9.21185E-03,  9.21185E-03,  9.21185E-03,  9.21185E-03
 9.21185E-03,  4.13878E-02,  4.26648E-02,  4.00612E-02,  3.28320E-02
 2.47697E-02,  1.82090E-02,  1.35138E-02,  1.02521E-02,  7.95508E-03
 6.30022E-03,  5.08490E-03,  4.17937E-03,  3.49661E-03,  2.97497E-03
 2.56867E-03,  5.54894E-03,  5.54894E-03,  9.21185E-03,  9.21185E-03
 9.21185E-03,  9.21185E-03,  9.21185E-03,  9.21185E-03,  4.13878E-02
 4.26648E-02,  4.00612E-02,  3.28320E-02,  2.47697E-02,  1.82090E-02
 1.35138E-02,  1.02521E-02,  7.95508E-03,  6.30022E-03,  5.08490E-03
 4.17937E-03,  3.49661E-03,  2.97497E-03,  2.56867E-03,  5.54894E-03
 5.54894E-03,  9.21185E-03,  9.21185E-03,  9.21185E-03,  9.21185E-03
 9.21185E-03,  9.21185E-03,  4.13878E-02,  4.26648E-02,  4.00612E-02
 3.28320E-02,  2.47697E-02,  1.82090E-02,  1.35138E-02,  1.02521E-02
 7.95508E-03,  6.30022E-03,  5.08490E-03,  4.17937E-03,  3.49661E-03
 2.97497E-03,  2.56867E-03,  5.54894E-03,  5.54894E-03,  9.21185E-03
 9.21185E-03,  9.21185E-03,  9.21185E-03,  9.21185E-03,  9.21185E-03
 4.13878E-02,  4.26648E-02,  4.00612E-02,  3.28320E-02,  2.47697E-02
 1.82090E-02,  1.35138E-02,  1.02521E-02,  7.95508E-03,  6.30022E-03
 5.08490E-03,  4.17937E-03,  3.49661E-03,  2.97497E-03,  2.56867E-03
 5.54894E-03,  5.54894E-03,  9.21185E-03,  9.21185E-03,  9.21185E-03
 9.21185E-03,  9.21185E-03,  9.21185E-03,  8.58865E-01,  2.53668E-01
 9.97766E-02,  4.60312E-02,  2.33446E-02,  1.27295E-02,  7.30657E-03
 4.37113E-03,  2.71833E-03,  1.75265E-03,  1.16661E-03,  7.98471E-04
 5.60644E-04,  4.03438E-04,  2.97223E-04,  4.96215E-04,  4.96215E-04
 4.40735E-04,  4.40735E-04,  4.40735E-04,  4.40735E-04,  4.40735E-04
 4.40735E-04,  8.58865E-01,  2.53668E-01,  9.97766E-02,  4.60312E-02
 2.33446E-02,  1.27295E-02,  7.30657E-03,  4.37113E-03,  2.71833E-03
 1.75265E-03,  1.16661E-03,  7.98471E-04,  5.60644E-04,  4.03438E-04
 2.97223E-04,  4.96215E-04,  4.96215E-04,  4.40735E-04,  4.40735E-04
 4.40735E-04,  4.40735E-04,  4.40735E-04,  4.40735E-04,  1.14536E+00
 2.71753E-01,  7.20134E-02,  2.27250E-02,  9.85861E-03,  5.16082E-03
 2.90512E-03,  1.71088E-03,  1.04769E-03,  6.65002E-04,  4.36184E-04
 2.94902E-04,  2.05138E-04,  1.46551E-04,  1.07238E-04,  1.76631E-04
 1.76631E-04,  1.50625E-04,  1.50625E-04,  1.50625E-04,  1.50625E-04
 1.50625E-04,  1.50625E-04,  4.09178E+00,  9.49563E-01,  1.98411E-01
 4.37071E-02,  1.38013E-02,  6.20294E-03,  3.30836E-03,  1.90715E-03
 1.15365E-03,  7.24647E-04,  4.70550E-04,  3.15255E-04,  2.17660E-04
 1.54571E-04,  1.12522E-04,  1.83715E-04,  1.83715E-04,  1.52995E-04
 1.52995E-04,  1.52995E-04,  1.52995E-04,  1.52995E-04,  1.52995E-04
 1.94223E+00,  1.27039E+00,  2.91788E-01,  6.40788E-02,  1.89569E-02
 7.73153E-03,  3.88417E-03,  2.17474E-03,  1.29375E-03,  8.01956E-04
 5.14286E-04,  3.40601E-04,  2.32858E-04,  1.64054E-04,  1.18629E-04
 1.91691E-04,  1.91691E-04,  1.55563E-04,  1.55563E-04,  1.55563E-04
 1.55563E-04,  1.55563E-04,  1.55563E-04,  4.35980E+00,  1.54629E+00
 3.44627E-01,  7.85857E-02,  2.36763E-02,  9.40832E-03,  4.57198E-03
 2.50407E-03,  1.46802E-03,  8.98513E-04,  5.68883E-04,  3.72059E-04
 2.51520E-04,  1.75545E-04,  1.25946E-04,  2.01165E-04,  2.01165E-04
 1.58812E-04,  1.58812E-04,  1.58812E-04,  1.58812E-04,  1.58812E-04
 1.58812E-04,  4.37749E+00,  1.55322E+00,  3.58566E-01,  8.67292E-02
 2.72985E-02,  1.09592E-02,  5.28618E-03,  2.86909E-03,  1.66820E-03
 1.01164E-03,  6.33526E-04,  4.09437E-04,  2.73640E-04,  1.89084E-04
 1.34511E-04,  2.12201E-04,  2.12201E-04,  1.62777E-04,  1.62777E-04
 1.62777E-04,  1.62777E-04,  1.62777E-04,  1.62777E-04,  4.49776E+00
 1.57523E+00,  3.66899E-01,  9.14653E-02,  2.98399E-02,  1.22339E-02
 5.94639E-03,  3.23429E-03,  1.87844E-03,  1.13388E-03,  7.04498E-04
 4.50779E-04,  2.98121E-04,  2.04003E-04,  1.43888E-04,  2.24157E-04
 2.24157E-04,  1.66983E-04,  1.66983E-04,  1.66983E-04,  1.66983E-04
 1.66983E-04,  1.66983E-04,  4.50015E+00,  1.57818E+00,  3.70576E-01
 9.43204E-02,  3.15991E-02,  1.32334E-02,  6.52499E-03,  3.58272E-03
 2.09060E-03,  1.26162E-03,  7.80312E-04,  4.95567E-04,  3.24860E-04
 2.20354E-04,  1.54174E-04,  2.37264E-04,  2.37264E-04,  1.71666E-04
 1.71666E-04,  1.71666E-04,  1.71666E-04,  1.71666E-04,  1.71666E-04
 4.52799E+00,  1.58350E+00,  3.72809E-01,  9.60388E-02,  3.27899E-02
 1.39902E-02,  7.01217E-03,  3.90231E-03,  2.29682E-03,  1.39045E-03
 8.58668E-04,  5.42657E-04,  3.53314E-04,  2.37889E-04,  1.65254E-04
 2.51434E-04,  2.51434E-04,  1.76817E-04,  1.76817E-04,  1.76817E-04
 1.76817E-04,  1.76817E-04,  1.76817E-04,  4.51853E+00,  1.58354E+00
 3.73431E-01,  9.69172E-02,  3.35300E-02,  1.45280E-02,  7.40125E-03
 4.18161E-03,  2.48804E-03,  1.51447E-03,  9.36019E-04,  5.90005E-04
 3.82318E-04,  2.55932E-04,  1.76723E-04,  2.66149E-04,  2.66149E-04
 1.82141E-04,  1.82141E-04,  1.82141E-04,  1.82141E-04,  1.82141E-04
 1.82141E-04,  4.52238E+00,  1.58448E+00,  3.74031E-01,  9.75104E-02
 3.40439E-02,  1.49354E-02,  7.72571E-03,  4.43270E-03,  2.66859E-03
 1.63542E-03,  1.01330E-03,  6.38282E-04,  4.12422E-04,  2.74942E-04
 1.88951E-04,  2.82060E-04,  2.82060E-04,  1.88155E-04,  1.88155E-04
 1.88155E-04,  1.88155E-04,  1.88155E-04,  1.88155E-04,  4.53239E+00
 1.58524E+00,  3.74683E-01,  9.79873E-02,  3.44295E-02,  1.52561E-02
 8.00212E-03,  4.66001E-03,  2.83844E-03,  1.75224E-03,  1.08956E-03
 6.86884E-04,  4.43300E-04,  2.94763E-04,  2.01871E-04,  2.99135E-04
 2.99135E-04,  1.94868E-04,  1.94868E-04,  1.94868E-04,  1.94868E-04
 1.94868E-04,  1.94868E-04,  4.52318E+00,  1.58411E+00,  3.74789E-01
 9.82014E-02,  3.46552E-02,  1.54795E-02,  8.22150E-03,  4.85423E-03
 2.98935E-03,  1.85873E-03,  1.16060E-03,  7.33088E-04,  4.73223E-04
 3.14290E-04,  2.14763E-04,  3.16372E-04,  3.16372E-04,  2.01675E-04
 2.01675E-04,  2.01675E-04,  2.01675E-04,  2.01675E-04,  2.01675E-04
 4.52317E+00,  1.58416E+00,  3.74900E-01,  9.83467E-02,  3.48126E-02
 1.56528E-02,  8.40784E-03,  5.02632E-03,  3.12586E-03,  1.95666E-03
 1.22711E-03,  7.77232E-04,  5.02409E-04,  3.33698E-04,  2.27772E-04
 3.34054E-04,  3.34054E-04,  2.08822E-04,  2.08822E-04,  2.08822E-04
 2.08822E-04,  2.08822E-04,  2.08822E-04,  4.53402E+00,  1.58571E+00
 3.75083E-01,  9.84564E-02,  3.49283E-02,  1.57950E-02,  8.57143E-03
 5.18031E-03,  3.24885E-03,  2.04578E-03,  1.28862E-03,  8.18887E-04
 5.30554E-04,  3.52792E-04,  2.40783E-04,  3.52054E-04,  3.52054E-04
 2.16274E-04,  2.16274E-04,  2.16274E-04,  2.16274E-04,  2.16274E-04
 2.16274E-04,  4.52404E+00,  1.58513E+00,  3.74778E-01,  9.84030E-02
 3.49673E-02,  1.58961E-02,  8.70694E-03,  5.31118E-03,  3.35404E-03
 2.12286E-03,  1.34279E-03,  8.56451E-04,  5.56572E-04,  3.70842E-04
 2.53303E-04,  3.69686E-04,  3.69686E-04,  2.23651E-04,  2.23651E-04
 2.23651E-04,  2.23651E-04,  2.23651E-04,  2.23651E-04,  4.52428E+00
 1.58519E+00,  3.74816E-01,  9.84483E-02,  3.50406E-02,  1.60130E-02
 8.84496E-03,  5.43639E-03,  3.45197E-03,  2.19429E-03,  1.39352E-03
 8.92277E-04,  5.81934E-04,  3.88809E-04,  2.65987E-04,  3.87920E-04
 3.87920E-04,  2.31576E-04,  2.31576E-04,  2.31576E-04,  2.31576E-04
 2.31576E-04,  2.31576E-04,  4.53414E+00,  1.58578E+00,  3.75189E-01
 9.86019E-02,  3.51614E-02,  1.61540E-02,  8.98847E-03,  5.55734E-03
 3.54366E-03,  2.26077E-03,  1.44115E-03,  9.26521E-04,  6.06693E-04
 4.06706E-04,  2.78835E-04,  4.06766E-04,  4.06766E-04,  2.40061E-04
 2.40061E-04,  2.40061E-04,  2.40061E-04,  2.40061E-04,  2.40061E-04
 4.52391E+00,  1.58439E+00,  3.75107E-01,  9.86263E-02,  3.52442E-02
 1.62752E-02,  9.11029E-03,  5.65737E-03,  3.61900E-03,  2.31598E-03
 1.48162E-03,  9.56486E-04,  6.29019E-04,  4.23273E-04,  2.90973E-04
 4.24940E-04,  4.24940E-04,  2.48363E-04,  2.48363E-04,  2.48363E-04
 2.48363E-04,  2.48363E-04,  2.48363E-04,  4.52384E+00,  1.58438E+00
 3.75121E-01,  9.86826E-02,  3.53469E-02,  1.63968E-02,  9.22045E-03
 5.74394E-03,  3.68352E-03,  2.36367E-03,  1.51728E-03,  9.83590E-04
 6.49769E-04,  4.39040E-04,  3.02742E-04,  4.42930E-04,  4.42930E-04
 2.56788E-04,  2.56788E-04,  2.56788E-04,  2.56788E-04,  2.56788E-04
 2.56788E-04,  4.53438E+00,  1.58585E+00,  3.75263E-01,  9.87795E-02
 3.54607E-02,  1.65094E-02,  9.31528E-03,  5.81680E-03,  3.73789E-03
 2.40446E-03,  1.54851E-03,  1.00800E-03,  6.68984E-04,  4.53990E-04
 3.14110E-04,  4.60665E-04,  4.60665E-04,  2.65303E-04,  2.65303E-04
 2.65303E-04,  2.65303E-04,  2.65303E-04,  2.65303E-04,  4.52447E+00
 1.58528E+00,  3.74975E-01,  9.87496E-02,  3.55108E-02,  1.65782E-02
 9.37868E-03,  5.86771E-03,  3.77739E-03,  2.43541E-03,  1.57336E-03
 1.02837E-03,  6.85693E-04,  4.67415E-04,  3.24557E-04,  4.77353E-04
 4.77353E-04,  2.73459E-04,  2.73459E-04,  2.73459E-04,  2.73459E-04
 2.73459E-04,  2.73459E-04,  4.52450E+00,  1.58532E+00,  3.75023E-01
 9.88103E-02,  3.55806E-02,  1.66482E-02,  9.43917E-03,  5.91561E-03
 3.81448E-03,  2.46457E-03,  1.59699E-03,  1.04799E-03,  7.02022E-04
 4.80714E-04,  3.35030E-04,  4.94350E-04,  4.94350E-04,  2.82034E-04
 2.82034E-04,  2.82034E-04,  2.82034E-04,  2.82034E-04,  2.82034E-04
 4.53441E+00,  1.58592E+00,  3.75389E-01,  9.89595E-02,  3.56751E-02
 1.67241E-02,  9.50024E-03,  5.96283E-03,  3.85072E-03,  2.49294E-03
 1.62000E-03,  1.06721E-03,  7.18170E-04,  4.93994E-04,  3.45584E-04
 5.11714E-04,  5.11714E-04,  2.91050E-04,  2.91050E-04,  2.91050E-04
 2.91050E-04,  2.91050E-04,  2.91050E-04,  4.52410E+00,  1.58450E+00
 3.75299E-01,  9.89708E-02,  3.57091E-02,  1.67644E-02,  9.53744E-03
 5.99379E-03,  3.87592E-03,  2.51388E-03,  1.63802E-03,  1.08311E-03
 7.32116E-04,  5.05829E-04,  3.55199E-04,  5.27899E-04,  5.27899E-04
 2.99622E-04,  2.99622E-04,  2.99622E-04,  2.99622E-04,  2.99622E-04
 2.99622E-04,  4.52410E+00,  1.58451E+00,  3.75320E-01,  9.90001E-02
 3.57425E-02,  1.67980E-02,  9.56763E-03,  6.01910E-03,  3.89690E-03
 2.53173E-03,  1.65384E-03,  1.09747E-03,  7.45010E-04,  5.16968E-04
 3.64372E-04,  5.43604E-04,  5.43604E-04,  3.08141E-04,  3.08141E-04
 3.08141E-04,  3.08141E-04,  3.08141E-04,  3.08141E-04,  4.53449E+00
 1.58596E+00,  3.75439E-01,  9.90370E-02,  3.57723E-02,  1.68261E-02
 9.59266E-03,  6.04018E-03,  3.91459E-03,  2.54711E-03,  1.66783E-03
 1.11050E-03,  7.56956E-04,  5.27453E-04,  3.73113E-04,  5.58807E-04
 5.58807E-04,  3.16585E-04,  3.16585E-04,  3.16585E-04,  3.16585E-04
 3.16585E-04,  3.16585E-04,  4.52457E+00,  1.58536E+00,  3.75092E-01
 9.89308E-02,  3.57441E-02,  1.68245E-02,  9.59946E-03,  6.04899E-03
 3.92383E-03,  2.55665E-03,  1.67777E-03,  1.12069E-03,  7.66896E-04
 5.36514E-04,  3.80854E-04,  5.72619E-04,  5.72619E-04,  3.24438E-04
 3.24438E-04,  3.24438E-04,  3.24438E-04,  3.24438E-04,  3.24438E-04
 4.52459E+00,  1.58536E+00,  3.75095E-01,  9.89410E-02,  3.57612E-02
 1.68440E-02,  9.61743E-03,  6.06422E-03,  3.93683E-03,  2.56836E-03
 1.68894E-03,  1.13156E-03,  7.77204E-04,  5.45789E-04,  3.88740E-04
 5.86726E-04,  5.86726E-04,  3.32644E-04,  3.32644E-04,  3.32644E-04
 3.32644E-04,  3.32644E-04,  3.32644E-04,  4.53451E+00,  1.58596E+00
 3.75455E-01,  9.90737E-02,  3.58258E-02,  1.68850E-02,  9.64691E-03
 6.08629E-03,  3.95400E-03,  2.58259E-03,  1.70161E-03,  1.14331E-03
 7.88019E-04,  5.55369E-04,  3.96832E-04,  6.01206E-04,  6.01206E-04
 3.41234E-04,  3.41234E-04,  3.41234E-04,  3.41234E-04,  3.41234E-04
 3.41234E-04,  4.52409E+00,  1.58454E+00,  3.75363E-01,  9.90680E-02
 3.58325E-02,  1.68962E-02,  9.65859E-03,  6.09697E-03,  3.96368E-03
 2.59182E-03,  1.71086E-03,  1.15263E-03,  7.97066E-04,  5.63640E-04
 4.03964E-04,  6.14268E-04,  6.14268E-04,  3.49180E-04,  3.49180E-04
 3.49180E-04,  3.49180E-04,  3.49180E-04,  3.49180E-04,  4.52396E+00
 1.58448E+00,  3.75328E-01,  9.90461E-02,  3.58240E-02,  1.68978E-02
 9.66517E-03,  6.10492E-03,  3.97177E-03,  2.60002E-03,  1.71935E-03
 1.16133E-03,  8.05561E-04,  5.71444E-04,  4.10728E-04,  6.26783E-04
 6.26783E-04,  3.56961E-04,  3.56961E-04,  3.56961E-04,  3.56961E-04
 3.56961E-04,  3.56961E-04,  4.53411E+00,  1.58584E+00,  3.75369E-01
 9.90077E-02,  3.57946E-02,  1.68857E-02,  9.66478E-03,  6.10960E-03
 3.97823E-03,  2.60729E-03,  1.72718E-03,  1.16947E-03,  8.13555E-04
 5.78811E-04,  4.17136E-04,  6.38750E-04,  6.38750E-04,  3.64563E-04
 3.64563E-04,  3.64563E-04,  3.64563E-04,  3.64563E-04,  3.64563E-04
 4.52436E+00,  1.58531E+00,  3.75007E-01,  9.88412E-02,  3.56988E-02
 1.68346E-02,  9.64219E-03,  6.10158E-03,  3.97713E-03,  2.60982E-03
 1.73186E-03,  1.17535E-03,  8.19855E-04,  5.84884E-04,  4.22565E-04
 6.49192E-04,  6.49192E-04,  3.71413E-04,  3.71413E-04,  3.71413E-04
 3.71413E-04,  3.71413E-04,  3.71413E-04,  4.52422E+00,  1.58525E+00
 3.75005E-01,  9.88186E-02,  3.56541E-02,  1.67997E-02,  9.62722E-03
 6.09934E-03,  3.98052E-03,  2.61554E-03,  1.73865E-03,  1.18255E-03
 8.26946E-04,  5.91430E-04,  4.28287E-04,  6.60045E-04,  6.60045E-04
 3.78603E-04,  3.78603E-04,  3.78603E-04,  3.78603E-04,  3.78603E-04
 3.78603E-04,  4.53445E+00,  1.58596E+00,  3.75403E-01,  9.89539E-02
 3.56786E-02,  1.67905E-02,  9.62297E-03,  6.10383E-03,  3.98877E-03
 2.62465E-03,  1.74766E-03,  1.19115E-03,  8.34899E-04,  5.98509E-04
 4.34348E-04,  6.71383E-04,  6.71383E-04,  3.86169E-04,  3.86169E-04
 3.86169E-04,  3.86169E-04,  3.86169E-04,  3.86169E-04,  4.52413E+00
 1.58454E+00,  3.75361E-01,  9.89914E-02,  3.56808E-02,  1.67666E-02
 9.60501E-03,  6.09836E-03,  3.99054E-03,  2.62951E-03,  1.75375E-03
 1.19763E-03,  8.41245E-04,  6.04354E-04,  4.39466E-04,  6.81215E-04
 6.81215E-04,  3.92954E-04,  3.92954E-04,  3.92954E-04,  3.92954E-04
 3.92954E-04,  3.92954E-04,  4.52414E+00,  1.58454E+00,  3.75381E-01
 9.90408E-02,  3.57048E-02,  1.67559E-02,  9.59106E-03,  6.09371E-03
 3.99238E-03,  2.63424E-03,  1.75959E-03,  1.20378E-03,  8.47237E-04
 6.09861E-04,  4.44290E-04,  6.90534E-04,  6.90534E-04,  3.99514E-04
 3.99514E-04,  3.99514E-04,  3.99514E-04,  3.99514E-04,  3.99514E-04
 4.53453E+00,  1.58598E+00,  3.75485E-01,  9.90830E-02,  3.57330E-02
 1.67549E-02,  9.58289E-03,  6.09136E-03,  3.99492E-03,  2.63902E-03
 1.76521E-03,  1.20961E-03,  8.52889E-04,  6.15045E-04,  4.48831E-04
 6.99349E-04,  6.99349E-04,  4.05843E-04,  4.05843E-04,  4.05843E-04
 4.05843E-04,  4.05843E-04,  4.05843E-04,  4.52461E+00,  1.58538E+00
 3.75133E-01,  9.89755E-02,  3.56999E-02,  1.67330E-02,  9.56663E-03
 6.08320E-03,  3.99261E-03,  2.64001E-03,  1.76800E-03,  1.21331E-03
 8.56921E-04,  6.18986E-04,  4.52417E-04,  7.06606E-04,  7.06606E-04
 4.11314E-04,  4.11314E-04,  4.11314E-04,  4.11314E-04,  4.11314E-04
 4.11314E-04,  4.52461E+00,  1.58538E+00,  3.75133E-01,  9.89758E-02
 3.57011E-02,  1.67358E-02,  9.57065E-03,  6.08786E-03,  3.99756E-03
 2.64513E-03,  1.77321E-03,  1.21851E-03,  8.61903E-04,  6.23544E-04
 4.56410E-04,  7.14426E-04,  7.14426E-04,  4.17150E-04,  4.17150E-04
 4.17150E-04,  4.17150E-04,  4.17150E-04,  4.17150E-04,  4.53453E+00
 1.58598E+00,  3.75485E-01,  9.90850E-02,  3.57379E-02,  1.67638E-02
 9.59512E-03,  6.10533E-03,  4.00973E-03,  2.65433E-03,  1.78086E-03
 1.22523E-03,  8.67873E-04,  6.28758E-04,  4.60844E-04,  7.22868E-04
 7.22868E-04,  4.23382E-04,  4.23382E-04,  4.23382E-04,  4.23382E-04
 4.23382E-04,  4.23382E-04,  4.52415E+00,  1.58455E+00,  3.75384E-01
 9.90470E-02,  3.57156E-02,  1.67724E-02,  9.61185E-03,  6.11684E-03
 4.01678E-03,  2.65956E-03,  1.78556E-03,  1.22979E-03,  8.72245E-04
 6.32760E-04,  4.64351E-04,  7.29789E-04,  7.29789E-04,  4.28745E-04
 4.28745E-04,  4.28745E-04,  4.28745E-04,  4.28745E-04,  4.28745E-04
 4.52414E+00,  1.58455E+00,  3.75368E-01,  9.90031E-02,  3.56993E-02
 1.67917E-02,  9.63458E-03,  6.13038E-03,  4.02416E-03,  2.66456E-03
 1.78993E-03,  1.23403E-03,  8.76315E-04,  6.36493E-04,  4.67622E-04
 7.36267E-04,  7.36267E-04,  4.33860E-04,  4.33860E-04,  4.33860E-04
 4.33860E-04,  4.33860E-04,  4.33860E-04,  4.53446E+00,  1.58596E+00
 3.75412E-01,  9.89712E-02,  3.57052E-02,  1.68245E-02,  9.66131E-03
 6.14442E-03,  4.03124E-03,  2.66914E-03,  1.79391E-03,  1.23793E-03
 8.80091E-04,  6.39965E-04,  4.70667E-04,  7.42315E-04,  7.42315E-04
 4.38724E-04,  4.38724E-04,  4.38724E-04,  4.38724E-04,  4.38724E-04
 4.38724E-04,  4.52423E+00,  1.58526E+00,  3.75016E-01,  9.88414E-02
 3.56887E-02,  1.68426E-02,  9.67407E-03,  6.14814E-03,  4.03142E-03
 2.66915E-03,  1.79478E-03,  1.23964E-03,  8.82261E-04,  6.42222E-04
 4.72782E-04,  7.46822E-04,  7.46822E-04,  4.42670E-04,  4.42670E-04
 4.42670E-04,  4.42670E-04,  4.42670E-04,  4.42670E-04,  4.52437E+00
 1.58532E+00,  3.75023E-01,  9.88704E-02,  3.57414E-02,  1.68863E-02
 9.69756E-03,  6.15853E-03,  4.03636E-03,  2.67247E-03,  1.79791E-03
 1.24288E-03,  8.85477E-04,  6.45197E-04,  4.75390E-04,  7.52035E-04
 7.52035E-04,  4.47019E-04,  4.47019E-04,  4.47019E-04,  4.47019E-04
 4.47019E-04,  4.47019E-04,  4.53412E+00,  1.58586E+00,  3.75389E-01
 9.90431E-02,  3.58453E-02,  1.69464E-02,  9.72903E-03,  6.17495E-03
 4.04593E-03,  2.67911E-03,  1.80334E-03,  1.24769E-03,  8.89773E-04
 6.48916E-04,  4.78516E-04,  7.57999E-04,  7.57999E-04,  4.51797E-04
 4.51797E-04,  4.51797E-04,  4.51797E-04,  4.51797E-04,  4.51797E-04
 4.52398E+00,  1.58449E+00,  3.75350E-01,  9.90865E-02,  3.58831E-02
 1.69682E-02,  9.73882E-03,  6.17899E-03,  4.04810E-03,  2.68112E-03
 1.80571E-03,  1.25038E-03,  8.92502E-04,  6.51451E-04,  4.80736E-04
 7.62462E-04,  7.62462E-04,  4.55657E-04,  4.55657E-04,  4.55657E-04
 4.55657E-04,  4.55657E-04,  4.55657E-04,  4.52411E+00,  1.58455E+00
 3.75388E-01,  9.91151E-02,  3.59013E-02,  1.69774E-02,  9.74246E-03
 6.18035E-03,  4.04910E-03,  2.68256E-03,  1.80774E-03,  1.25280E-03
 8.95004E-04,  6.53776E-04,  4.82769E-04,  7.66561E-04,  7.66561E-04
 4.59265E-04,  4.59265E-04,  4.59265E-04,  4.59265E-04,  4.59265E-04
 4.59265E-04,  4.53453E+00,  1.58598E+00,  3.75489E-01,  9.91313E-02
 3.59065E-02,  1.69784E-02,  9.74186E-03,  6.17970E-03,  4.04915E-03
 2.68353E-03,  1.80949E-03,  1.25500E-03,  8.97290E-04,  6.55898E-04
 4.84623E-04,  7.70310E-04,  7.70310E-04,  4.62623E-04,  4.62623E-04
 4.62623E-04,  4.62623E-04,  4.62623E-04,  4.62623E-04,  4.52462E+00
 1.58539E+00,  3.75135E-01,  9.90095E-02,  3.58546E-02,  1.69501E-02
 9.72400E-03,  6.16826E-03,  4.04235E-03,  2.68008E-03,  1.80828E-03
 1.25510E-03,  8.98022E-04,  6.56841E-04,  4.85576E-04,  7.72560E-04
 7.72560E-04,  4.65032E-04,  4.65032E-04,  4.65032E-04,  4.65032E-04
 4.65032E-04,  4.65032E-04,  4.52462E+00,  1.58539E+00,  3.75135E-01
 9.90070E-02,  3.58494E-02,  1.69433E-02,  9.71799E-03,  6.16449E-03
 4.04082E-03,  2.68025E-03,  1.80953E-03,  1.25688E-03,  8.99898E-04
 6.58579E-04,  4.87088E-04,  7.75638E-04,  7.75638E-04,  4.67885E-04
 4.67885E-04,  4.67885E-04,  4.67885E-04,  4.67885E-04,  4.67885E-04
 4.53453E+00,  1.58598E+00,  3.75486E-01,  9.91220E-02,  3.58878E-02
 1.69553E-02,  9.72249E-03,  6.16787E-03,  4.04442E-03,  2.68403E-03
 1.81326E-03,  1.26034E-03,  9.02936E-04,  6.61129E-04,  4.89177E-04
 7.79575E-04,  7.79575E-04,  4.71200E-04,  4.71200E-04,  4.71200E-04
 4.71200E-04,  4.71200E-04,  4.71200E-04,  4.52411E+00,  1.58455E+00
 3.75380E-01,  9.90914E-02,  3.58591E-02,  1.69302E-02,  9.70571E-03
 6.15907E-03,  4.04083E-03,  2.68335E-03,  1.81404E-03,  1.26173E-03
 9.04439E-04,  6.62519E-04,  4.90384E-04,  7.82051E-04,  7.82051E-04
 4.73570E-04,  4.73570E-04,  4.73570E-04,  4.73570E-04,  4.73570E-04
 4.73570E-04,  4.52398E+00,  1.58449E+00,  3.75327E-01,  9.90282E-02
 3.57945E-02,  1.68813E-02,  9.67790E-03,  6.14613E-03,  4.03584E-03
 2.68217E-03,  1.81458E-03,  1.26291E-03,  9.05757E-04,  6.63742E-04
 4.91446E-04,  7.84237E-04,  7.84237E-04,  4.75697E-04,  4.75697E-04
 4.75697E-04,  4.75697E-04,  4.75697E-04,  4.75697E-04,  4.53411E+00
 1.58583E+00,  3.75321E-01,  9.88995E-02,  3.56648E-02,  1.67954E-02
 9.63503E-03,  6.12814E-03,  4.02928E-03,  2.68046E-03,  1.81485E-03
 1.26390E-03,  9.06894E-04,  6.64801E-04,  4.92367E-04,  7.86145E-04
 7.86145E-04,  4.77580E-04,  4.77580E-04,  4.77580E-04,  4.77580E-04
 4.77580E-04,  4.77580E-04,  4.52434E+00,  1.58523E+00,  3.74811E-01
 9.85206E-02,  3.53927E-02,  1.66408E-02,  9.56180E-03,  6.09596E-03
 4.01519E-03,  2.67425E-03,  1.81216E-03,  1.26280E-03,  9.06493E-04
 6.64706E-04,  4.92415E-04,  7.86603E-04,  7.86603E-04,  4.78504E-04
 4.78504E-04,  4.78504E-04,  4.78504E-04,  4.78504E-04,  4.78504E-04
 4.52399E+00,  1.58486E+00,  3.74311E-01,  9.80554E-02,  3.50845E-02
 1.64780E-02,  9.49098E-03,  6.06904E-03,  4.00592E-03,  2.67161E-03
 1.81193E-03,  1.26339E-03,  9.07274E-04,  6.65453E-04,  4.93071E-04
 7.87980E-04,  7.87980E-04,  4.79903E-04,  4.79903E-04,  4.79903E-04
 4.79903E-04,  4.79903E-04,  4.79903E-04,  4.53254E+00,  1.58346E+00
 3.73558E-01,  9.76201E-02,  3.48325E-02,  1.63400E-02,  9.43120E-03
 6.04938E-03,  4.00192E-03,  2.67265E-03,  1.81421E-03,  1.26568E-03
 9.09245E-04,  6.67052E-04,  4.94342E-04,  7.90292E-04,  7.90292E-04
 4.81787E-04,  4.81787E-04,  4.81787E-04,  4.81787E-04,  4.81787E-04
 4.81787E-04,  4.47978E+00,  1.58025E+00,  3.73504E-01,  9.75310E-02
 3.46755E-02,  1.62130E-02,  9.36330E-03,  6.02117E-03,  3.99178E-03
 2.66949E-03,  1.81358E-03,  1.26589E-03,  9.09686E-04,  6.67508E-04
 4.94754E-04,  7.91178E-04,  7.91178E-04,  4.82715E-04,  4.82715E-04
 4.82715E-04,  4.82715E-04,  4.82715E-04,  4.82715E-04,  4.39695E+00
 1.56553E+00,  3.70354E-01,  9.70934E-02,  3.45657E-02,  1.61170E-02
 9.30410E-03,  5.99484E-03,  3.98193E-03,  2.66627E-03,  1.81278E-03
 1.26592E-03,  9.09960E-04,  6.67821E-04,  4.95046E-04,  7.91825E-04
 7.91825E-04,  4.83405E-04,  4.83405E-04,  4.83405E-04,  4.83405E-04
 4.83405E-04,  4.83405E-04,  2.17127E+00,  1.30191E+00,  3.31448E-01
 9.32210E-02,  3.41708E-02,  1.60036E-02,  9.24774E-03,  5.97019E-03
 3.97254E-03,  2.66304E-03,  1.81183E-03,  1.26577E-03,  9.10066E-04
 6.67993E-04,  4.95223E-04,  7.92238E-04,  7.92238E-04,  4.83860E-04
 4.83860E-04,  4.83860E-04,  4.83860E-04,  4.83860E-04,  4.83860E-04
 4.10969E+00,  9.75841E-01,  2.65904E-01,  8.64781E-02,  3.32530E-02
 1.57841E-02,  9.16882E-03,  5.93693E-03,  3.95763E-03,  2.65585E-03
 1.80802E-03,  1.26354E-03,  9.08642E-04,  6.67024E-04,  4.94542E-04
 7.91232E-04,  7.91232E-04,  4.83354E-04,  4.83354E-04,  4.83354E-04
 4.83354E-04,  4.83354E-04,  4.83354E-04,  1.26491E+00,  3.73882E-01
 1.96326E-01,  7.83684E-02,  3.17443E-02,  1.54443E-02,  9.08316E-03
 5.91118E-03,  3.94885E-03,  2.65263E-03,  1.80676E-03,  1.26302E-03
 9.08408E-04,  6.66914E-04,  4.94488E-04,  7.91182E-04,  7.91182E-04
 4.83338E-04,  4.83338E-04,  4.83338E-04,  4.83338E-04,  4.83338E-04
 4.83338E-04,  1.24715E+00,  3.43581E-01,  1.69695E-01,  6.98552E-02
 2.95112E-02,  1.49594E-02,  8.98686E-03,  5.89220E-03,  3.94604E-03
 2.65332E-03,  1.80803E-03,  1.26419E-03,  9.09360E-04,  6.67660E-04
 4.95060E-04,  7.92089E-04,  7.92089E-04,  4.83813E-04,  4.83813E-04
 4.83813E-04,  4.83813E-04,  4.83813E-04,  4.83813E-04,  6.92796E-01
 2.87347E-01,  1.43882E-01,  5.82987E-02,  2.65424E-02,  1.43489E-02
 8.86499E-03,  5.86384E-03,  3.93745E-03,  2.64993E-03,  1.80636E-03
 1.26324E-03,  9.08763E-04,  6.67259E-04,  4.94772E-04,  7.91575E-04
 7.91575E-04,  4.83327E-04,  4.83327E-04,  4.83327E-04,  4.83327E-04
 4.83327E-04,  4.83327E-04,  1.13113E+00,  3.33820E-01,  1.12363E-01
 4.65358E-02,  2.39174E-02,  1.38281E-02,  8.75814E-03,  5.83803E-03
 3.92919E-03,  2.64636E-03,  1.80444E-03,  1.26205E-03,  9.07974E-04
 6.66705E-04,  4.94363E-04,  7.90825E-04,  7.90825E-04,  4.82606E-04
 4.82606E-04,  4.82606E-04,  4.82606E-04,  4.82606E-04,  4.82606E-04
 1.10735E+00,  3.33937E-01,  1.12764E-01,  4.58426E-02,  2.33895E-02
 1.36183E-02,  8.69293E-03,  5.81764E-03,  3.92140E-03,  2.64255E-03
 1.80221E-03,  1.26061E-03,  9.06984E-04,  6.65996E-04,  4.93831E-04
 7.89833E-04,  7.89833E-04,  4.81648E-04,  4.81648E-04,  4.81648E-04
 4.81648E-04,  4.81648E-04,  4.81648E-04,  5.53863E-01,  2.52869E-01
 1.36033E-01,  5.49676E-02,  2.48926E-02,  1.37136E-02,  8.66045E-03
 5.79452E-03,  3.90816E-03,  2.63449E-03,  1.79696E-03,  1.25702E-03
 9.04432E-04,  6.64130E-04,  4.92432E-04,  7.87414E-04,  7.87414E-04
 4.79734E-04,  4.79734E-04,  4.79734E-04,  4.79734E-04,  4.79734E-04
 4.79734E-04,  4.09821E-01,  1.35447E-01,  1.38640E-01,  6.14420E-02
 2.65212E-02,  1.39296E-02,  8.66457E-03,  5.78389E-03,  3.90094E-03
 2.63003E-03,  1.79407E-03,  1.25504E-03,  9.03027E-04,  6.63097E-04
 4.91643E-04,  7.85926E-04,  7.85926E-04,  4.78305E-04,  4.78305E-04
 4.78305E-04,  4.78305E-04,  4.78305E-04,  4.78305E-04,  4.34372E-01
 1.45493E-01,  1.37961E-01,  6.20371E-02,  2.70050E-02,  1.40524E-02
 8.67967E-03,  5.78306E-03,  3.89947E-03,  2.62915E-03,  1.79354E-03
 1.25468E-03,  9.02762E-04,  6.62888E-04,  4.91453E-04,  7.85351E-04
 7.85351E-04,  4.77353E-04,  4.77353E-04,  4.77353E-04,  4.77353E-04
 4.77353E-04,  4.77353E-04,  6.40998E-01,  2.68295E-01,  1.37103E-01
 5.80645E-02,  2.63821E-02,  1.40177E-02,  8.67352E-03,  5.77397E-03
 3.89215E-03,  2.62409E-03,  1.79004E-03,  1.25218E-03,  9.00933E-04
 6.61511E-04,  4.90385E-04,  7.83325E-04,  7.83325E-04,  4.75440E-04
 4.75440E-04,  4.75440E-04,  4.75440E-04,  4.75440E-04,  4.75440E-04
 1.06250E+00,  3.20091E-01,  1.20947E-01,  5.33040E-02,  2.57557E-02
 1.39976E-02,  8.67403E-03,  5.76673E-03,  3.88512E-03,  2.61890E-03
 1.78633E-03,  1.24947E-03,  8.98901E-04,  6.59961E-04,  4.89171E-04
 7.81018E-04,  7.81018E-04,  4.73287E-04,  4.73287E-04,  4.73287E-04
 4.73287E-04,  4.73287E-04,  4.73287E-04,  1.12757E+00,  3.33924E-01
 1.24521E-01,  5.48146E-02,  2.63564E-02,  1.41641E-02,  8.69991E-03
 5.76326E-03,  3.87874E-03,  2.61375E-03,  1.78248E-03,  1.24656E-03
 8.96678E-04,  6.58236E-04,  4.87808E-04,  7.78420E-04,  7.78420E-04
 4.70889E-04,  4.70889E-04,  4.70889E-04,  4.70889E-04,  4.70889E-04
 4.70889E-04,  7.59036E-01,  2.93835E-01,  1.47617E-01,  6.29561E-02
 2.82657E-02,  1.45176E-02,  8.74017E-03,  5.75506E-03,  3.86735E-03
 2.60486E-03,  1.77591E-03,  1.24165E-03,  8.92936E-04,  6.55355E-04
 4.85564E-04,  7.74360E-04,  7.74360E-04,  4.67548E-04,  4.67548E-04
 4.67548E-04,  4.67548E-04,  4.67548E-04,  4.67548E-04,  1.07235E+00
 3.25117E-01,  1.69155E-01,  7.25194E-02,  3.06029E-02,  1.49567E-02
 8.80175E-03,  5.75693E-03,  3.86230E-03,  2.60009E-03,  1.77201E-03
 1.23848E-03,  8.90370E-04,  6.53287E-04,  4.83895E-04,  7.71157E-04
 7.71157E-04,  4.64669E-04,  4.64669E-04,  4.64669E-04,  4.64669E-04
 4.64669E-04,  4.64669E-04,  6.08505E-01,  2.70033E-01,  1.89480E-01
 7.97586E-02,  3.23348E-02,  1.52976E-02,  8.85849E-03,  5.76550E-03
 3.86322E-03,  2.59943E-03,  1.77080E-03,  1.23707E-03,  8.88972E-04
 6.52019E-04,  4.82786E-04,  7.68780E-04,  7.68780E-04,  4.62234E-04
 4.62234E-04,  4.62234E-04,  4.62234E-04,  4.62234E-04,  4.62234E-04
 6.80568E-01,  2.88294E-01,  1.92945E-01,  8.08960E-02,  3.27030E-02
 1.53852E-02,  8.86837E-03,  5.76162E-03,  3.85837E-03,  2.59514E-03
 1.76701E-03,  1.23372E-03,  8.86083E-04,  6.49594E-04,  4.80783E-04
 7.64908E-04,  7.64908E-04,  4.58852E-04,  4.58852E-04,  4.58852E-04
 4.58852E-04,  4.58852E-04,  4.58852E-04,  1.08598E+00,  3.35074E-01
 1.76517E-01,  7.59599E-02,  3.18283E-02,  1.52654E-02,  8.84962E-03
 5.75491E-03,  3.85374E-03,  2.59115E-03,  1.76333E-03,  1.23031E-03
 8.83042E-04,  6.46989E-04,  4.78607E-04,  7.60688E-04,  7.60688E-04
 4.55219E-04,  4.55219E-04,  4.55219E-04,  4.55219E-04,  4.55219E-04
 4.55219E-04,  7.90933E-01,  2.99844E-01,  1.54693E-01,  6.83846E-02
 3.04322E-02,  1.50705E-02,  8.82399E-03,  5.74879E-03,  3.84985E-03
 2.58754E-03,  1.75974E-03,  1.22684E-03,  8.79847E-04,  6.44201E-04
 4.76254E-04,  7.56108E-04,  7.56108E-04,  4.51336E-04,  4.51336E-04
 4.51336E-04,  4.51336E-04,  4.51336E-04,  4.51336E-04,  1.14533E+00
 3.39189E-01,  1.31975E-01,  6.20108E-02,  2.93877E-02,  1.49349E-02
 8.80225E-03,  5.73827E-03,  3.84148E-03,  2.58049E-03,  1.75362E-03
 1.22145E-03,  8.75179E-04,  6.40264E-04,  4.73010E-04,  7.50035E-04
 7.50035E-04,  4.46535E-04,  4.46535E-04,  4.46535E-04,  4.46535E-04
 4.46535E-04,  4.46535E-04,  1.12523E+00,  3.39574E-01,  1.32535E-01
 6.22385E-02,  2.95080E-02,  1.49924E-02,  8.82137E-03,  5.74199E-03
 3.84033E-03,  2.57771E-03,  1.75019E-03,  1.21781E-03,  8.71656E-04
 6.37097E-04,  4.70291E-04,  7.44715E-04,  7.44715E-04,  4.42163E-04
 4.42163E-04,  4.42163E-04,  4.42163E-04,  4.42163E-04,  4.42163E-04
 6.90255E-01,  2.82487E-01,  1.52046E-01,  6.80852E-02,  3.05758E-02
 1.51972E-02,  8.87318E-03,  5.75877E-03,  3.84620E-03,  2.57912E-03
 1.74936E-03,  1.21584E-03,  8.69240E-04,  6.34670E-04,  4.68073E-04
 7.40104E-04,  7.40104E-04,  4.38195E-04,  4.38195E-04,  4.38195E-04
 4.38195E-04,  4.38195E-04,  4.38195E-04,  5.95609E-01,  1.97516E-01
 1.56530E-01,  7.24444E-02,  3.14705E-02,  1.53627E-02,  8.91232E-03
 5.76883E-03,  3.84717E-03,  2.57685E-03,  1.74584E-03,  1.21187E-03
 8.65301E-04,  6.31064E-04,  4.64941E-04,  7.33961E-04,  7.33961E-04
 4.33308E-04,  4.33308E-04,  4.33308E-04,  4.33308E-04,  4.33308E-04
 4.33308E-04,  5.92214E-01,  1.94337E-01,  1.56192E-01,  7.24352E-02
 3.15091E-02,  1.54046E-02,  8.93849E-03,  5.77888E-03,  3.84859E-03
 2.57464E-03,  1.74217E-03,  1.20769E-03,  8.61127E-04,  6.27225E-04
 4.61594E-04,  7.27395E-04,  7.27395E-04,  4.28172E-04,  4.28172E-04
 4.28172E-04,  4.28172E-04,  4.28172E-04,  4.28172E-04,  6.55465E-01
 2.80768E-01,  1.51945E-01,  6.81591E-02,  3.07091E-02,  1.53308E-02
 8.95361E-03,  5.78893E-03,  3.85030E-03,  2.57237E-03,  1.73829E-03
 1.20325E-03,  8.56698E-04,  6.23139E-04,  4.58021E-04,  7.20393E-04
 7.20393E-04,  4.22788E-04,  4.22788E-04,  4.22788E-04,  4.22788E-04
 4.22788E-04,  4.22788E-04,  1.05619E+00,  3.22085E-01,  1.28560E-01
 6.16423E-02,  2.96389E-02,  1.52173E-02,  8.95740E-03,  5.79163E-03
 3.84652E-03,  2.56612E-03,  1.73156E-03,  1.19675E-03,  8.50721E-04
 6.17870E-04,  4.53537E-04,  7.11880E-04,  7.11880E-04,  4.16536E-04
 4.16536E-04,  4.16536E-04,  4.16536E-04,  4.16536E-04,  4.16536E-04
 6.56714E-01,  2.02382E-01,  1.03514E-01,  5.75692E-02,  2.90917E-02
 1.52061E-02,  8.98788E-03,  5.80512E-03,  3.84864E-03,  2.56349E-03
 1.72714E-03,  1.19175E-03,  8.45737E-04,  6.13264E-04,  4.49498E-04
 7.03993E-04,  7.03993E-04,  4.10680E-04,  4.10680E-04,  4.10680E-04
 4.10680E-04,  4.10680E-04,  4.10680E-04,  5.73590E-01,  1.76983E-01
 9.92694E-02,  5.70784E-02,  2.91585E-02,  1.53077E-02,  9.04459E-03
 5.82863E-03,  3.85637E-03,  2.56437E-03,  1.72497E-03,  1.18820E-03
 8.41702E-04,  6.09281E-04,  4.45869E-04,  6.96672E-04,  6.96672E-04
 4.05188E-04,  4.05188E-04,  4.05188E-04,  4.05188E-04,  4.05188E-04
 4.05188E-04,  5.33907E-01,  1.78902E-01,  1.00554E-01,  5.75420E-02
 2.93794E-02,  1.54170E-02,  9.08947E-03,  5.84238E-03,  3.85765E-03
 2.56099E-03,  1.71986E-03,  1.18252E-03,  8.36073E-04,  6.04074E-04
 4.41298E-04,  6.87802E-04,  6.87802E-04,  3.98838E-04,  3.98838E-04
 3.98838E-04,  3.98838E-04,  3.98838E-04,  3.98838E-04,  5.32497E-01
 1.78543E-01,  1.00772E-01,  5.77602E-02,  2.95287E-02,  1.54992E-02
 9.12393E-03,  5.85242E-03,  3.85764E-03,  2.55707E-03,  1.71438E-03
 1.17651E-03,  8.30110E-04,  5.98554E-04,  4.36451E-04,  6.78436E-04
 6.78436E-04,  3.92259E-04,  3.92259E-04,  3.92259E-04,  3.92259E-04
 3.92259E-04,  3.92259E-04,  5.75548E-01,  1.78544E-01,  1.00316E-01
 5.77499E-02,  2.95893E-02,  1.55435E-02,  9.14337E-03,  5.85725E-03
 3.85593E-03,  2.55252E-03,  1.70853E-03,  1.17015E-03,  8.23800E-04
 5.92706E-04,  4.31316E-04,  6.68563E-04,  6.68563E-04,  3.85454E-04
 3.85454E-04,  3.85454E-04,  3.85454E-04,  3.85454E-04,  3.85454E-04
 6.59261E-01,  2.06359E-01,  1.05474E-01,  5.86205E-02,  2.97365E-02
 1.55592E-02,  9.13714E-03,  5.84806E-03,  3.84665E-03,  2.54350E-03
 1.69975E-03,  1.16170E-03,  8.15911E-04,  5.85642E-04,  4.25249E-04
 6.57194E-04,  6.57194E-04,  3.77870E-04,  3.77870E-04,  3.77870E-04
 3.77870E-04,  3.77870E-04,  3.77870E-04,  1.07995E+00,  3.25698E-01
 1.30778E-01,  6.29320E-02,  3.03916E-02,  1.56315E-02,  9.13697E-03
 5.84300E-03,  3.84142E-03,  2.53762E-03,  1.69313E-03,  1.15463E-03
 8.08882E-04,  5.79113E-04,  4.19524E-04,  6.46311E-04,  6.46311E-04
 3.70660E-04,  3.70660E-04,  3.70660E-04,  3.70660E-04,  3.70660E-04
 3.70660E-04,  7.72811E-01,  3.12798E-01,  1.59190E-01,  7.02542E-02
 3.15390E-02,  1.57546E-02,  9.14344E-03,  5.84279E-03,  3.84042E-03
 2.53488E-03,  1.68860E-03,  1.14888E-03,  8.02648E-04,  5.73060E-04
 4.14093E-04,  6.35842E-04,  6.35842E-04,  3.63791E-04,  3.63791E-04
 3.63791E-04,  3.63791E-04,  3.63791E-04,  3.63791E-04,  1.27393E+00
 3.52771E-01,  1.78661E-01,  7.69196E-02,  3.26034E-02,  1.58298E-02
 9.12667E-03,  5.83059E-03,  3.83238E-03,  2.52767E-03,  1.68107E-03
 1.14096E-03,  7.94763E-04,  5.65735E-04,  4.07693E-04,  6.23856E-04
 6.23856E-04,  3.56169E-04,  3.56169E-04,  3.56169E-04,  3.56169E-04
 3.56169E-04,  3.56169E-04,  1.31620E+00,  3.81892E-01,  2.01282E-01
 8.21809E-02,  3.33158E-02,  1.58434E-02,  9.09902E-03,  5.81561E-03
 3.82316E-03,  2.51977E-03,  1.67299E-03,  1.13254E-03,  7.86406E-04
 5.57987E-04,  4.00945E-04,  6.11328E-04,  6.11328E-04,  3.48369E-04
 3.48369E-04,  3.48369E-04,  3.48369E-04,  3.48369E-04,  3.48369E-04
 4.08179E+00,  9.76578E-01,  2.69205E-01,  8.82748E-02,  3.37480E-02
 1.58011E-02,  9.06280E-03,  5.79836E-03,  3.81277E-03,  2.51107E-03
 1.66429E-03,  1.12355E-03,  7.77528E-04,  5.49786E-04,  3.93834E-04
 5.98256E-04,  5.98256E-04,  3.40404E-04,  3.40404E-04,  3.40404E-04
 3.40404E-04,  3.40404E-04,  3.40404E-04,  1.93944E+00,  1.28738E+00
 3.29320E-01,  9.30308E-02,  3.38857E-02,  1.57069E-02,  9.00940E-03
 5.77067E-03,  3.79542E-03,  2.49769E-03,  1.65235E-03,  1.11224E-03
 7.66928E-04,  5.40297E-04,  3.85775E-04,  5.83777E-04,  5.83777E-04
 3.31796E-04,  3.31796E-04,  3.31796E-04,  3.31796E-04,  3.31796E-04
 3.31796E-04,  1.95076E+00,  1.28728E+00,  3.29170E-01,  9.29311E-02
 3.37937E-02,  1.56387E-02,  8.97102E-03,  5.75012E-03,  3.78225E-03
 2.48690E-03,  1.64198E-03,  1.10184E-03,  7.56852E-04,  5.31120E-04
 3.77922E-04,  5.69668E-04,  5.69668E-04,  3.23571E-04,  3.23571E-04
 3.23571E-04,  3.23571E-04,  3.23571E-04,  3.23571E-04,  4.10040E+00
 9.82535E-01,  2.71077E-01,  8.86189E-02,  3.36185E-02,  1.56225E-02
 8.95066E-03,  5.73656E-03,  3.77287E-03,  2.47834E-03,  1.63288E-03
 1.09216E-03,  7.47158E-04,  5.22160E-04,  3.70215E-04,  5.55853E-04
 5.55853E-04,  3.15697E-04,  3.15697E-04,  3.15697E-04,  3.15697E-04
 3.15697E-04,  3.15697E-04,  1.61729E+00,  4.69531E-01,  2.17416E-01
 8.53508E-02,  3.35931E-02,  1.56236E-02,  8.92070E-03,  5.71218E-03
 3.75551E-03,  2.46422E-03,  1.61991E-03,  1.07972E-03,  7.35498E-04
 5.11795E-04,  3.61517E-04,  5.40655E-04,  5.40655E-04,  3.07234E-04
 3.07234E-04,  3.07234E-04,  3.07234E-04,  3.07234E-04,  3.07234E-04
 1.38565E+00,  4.29427E-01,  2.14965E-01,  8.57818E-02,  3.38219E-02
 1.56424E-02,  8.88866E-03,  5.68415E-03,  3.73514E-03,  2.44779E-03
 1.60520E-03,  1.06600E-03,  7.22911E-04,  5.00784E-04,  3.52389E-04
 5.24955E-04,  5.24955E-04,  2.98695E-04,  2.98695E-04,  2.98695E-04
 2.98695E-04,  2.98695E-04,  2.98695E-04,  1.24446E+00,  4.23724E-01
 2.15978E-01,  8.62627E-02,  3.39556E-02,  1.56292E-02,  8.84615E-03
 5.65050E-03,  3.71080E-03,  2.42844E-03,  1.58836E-03,  1.05077E-03
 7.09285E-04,  4.89083E-04,  3.42823E-04,  5.08777E-04,  5.08777E-04
 2.90104E-04,  2.90104E-04,  2.90104E-04,  2.90104E-04,  2.90104E-04
 2.90104E-04,  1.23766E+00,  4.16109E-01,  2.14172E-01,  8.58297E-02
 3.38176E-02,  1.55362E-02,  8.77412E-03,  5.60070E-03,  3.67582E-03
 2.40183E-03,  1.56661E-03,  1.03225E-03,  6.93474E-04,  4.75944E-04
 3.32320E-04,  4.91424E-04,  4.91424E-04,  2.81069E-04,  2.81069E-04
 2.81069E-04,  2.81069E-04,  2.81069E-04,  2.81069E-04,  1.23596E+00
 4.14765E-01,  2.13426E-01,  8.54732E-02,  3.36443E-02,  1.54249E-02
 8.69732E-03,  5.54941E-03,  3.63979E-03,  2.37434E-03,  1.54418E-03
 1.01330E-03,  6.77465E-04,  4.62777E-04,  3.21894E-04,  4.74432E-04
 4.74432E-04,  2.72474E-04,  2.72474E-04,  2.72474E-04,  2.72474E-04
 2.72474E-04,  2.72474E-04,  1.23765E+00,  4.14991E-01,  2.13426E-01
 8.54224E-02,  3.35450E-02,  1.53178E-02,  8.61559E-03,  5.49413E-03
 3.60092E-03,  2.34483E-03,  1.52041E-03,  9.93540E-04,  6.61048E-04
 4.49472E-04,  3.11486E-04,  4.57743E-04,  4.57743E-04,  2.64297E-04
 2.64297E-04,  2.64297E-04,  2.64297E-04,  2.64297E-04,  2.64297E-04
 1.23453E+00,  4.15217E-01,  2.13779E-01,  8.54966E-02,  3.34435E-02
 1.51744E-02,  8.50152E-03,  5.41612E-03,  3.54680E-03,  2.30530E-03
 1.49017E-03,  9.69706E-04,  6.42113E-04,  4.34639E-04,  3.00159E-04
 4.40009E-04,  4.40009E-04,  2.55761E-04,  2.55761E-04,  2.55761E-04
 2.55761E-04,  2.55761E-04,  2.55761E-04,  1.24265E+00,  4.23418E-01
 2.15440E-01,  8.57232E-02,  3.33296E-02,  1.50042E-02,  8.36497E-03
 5.32180E-03,  3.48154E-03,  2.25846E-03,  1.45532E-03,  9.43100E-04
 6.21611E-04,  4.18975E-04,  2.88423E-04,  4.22015E-04,  4.22015E-04
 2.47316E-04,  2.47316E-04,  2.47316E-04,  2.47316E-04,  2.47316E-04
 2.47316E-04,  1.38052E+00,  4.28311E-01,  2.15045E-01,  8.54855E-02
 3.31072E-02,  1.47971E-02,  8.20529E-03,  5.21043E-03,  3.40423E-03
 2.20360E-03,  1.41545E-03,  9.13543E-04,  5.99492E-04,  4.02493E-04
 2.76312E-04,  4.03832E-04,  4.03832E-04,  2.38995E-04,  2.38995E-04
 2.38995E-04,  2.38995E-04,  2.38995E-04,  2.38995E-04,  1.61763E+00
 4.75314E-01,  2.19133E-01,  8.54338E-02,  3.28141E-02,  1.45480E-02
 8.01565E-03,  5.07545E-03,  3.30968E-03,  2.13713E-03,  1.36826E-03
 8.79631E-04,  5.74908E-04,  3.84668E-04,  2.63484E-04,  3.84975E-04
 3.84975E-04,  2.30492E-04,  2.30492E-04,  2.30492E-04,  2.30492E-04
 2.30492E-04,  2.30492E-04,  4.13374E+00,  9.85190E-01,  2.72209E-01
 8.87523E-02,  3.27591E-02,  1.43309E-02,  7.82919E-03,  4.93463E-03
 3.20815E-03,  2.06533E-03,  1.31779E-03,  8.44030E-04,  5.49663E-04
 3.66744E-04,  2.50808E-04,  3.66720E-04,  3.66720E-04,  2.22548E-04
 2.22548E-04,  2.22548E-04,  2.22548E-04,  2.22548E-04,  2.22548E-04
 2.21140E+00,  1.30705E+00,  3.33664E-01,  9.34939E-02,  3.28720E-02
 1.41595E-02,  7.65429E-03,  4.79023E-03,  3.09962E-03,  1.98780E-03
 1.26373E-03,  8.06597E-04,  5.23709E-04,  3.48708E-04,  2.38280E-04
 3.49055E-04,  3.49055E-04,  2.15151E-04,  2.15151E-04,  2.15151E-04
 2.15151E-04,  2.15151E-04,  2.15151E-04,  4.40008E+00,  1.56656E+00
 3.70695E-01,  9.64966E-02,  3.28636E-02,  1.39914E-02,  7.47526E-03
 4.63048E-03,  2.97531E-03,  1.89863E-03,  1.20237E-03,  7.65035E-04
 4.95595E-04,  3.29611E-04,  2.25253E-04,  3.31018E-04,  3.31018E-04
 2.07682E-04,  2.07682E-04,  2.07682E-04,  2.07682E-04,  2.07682E-04
 2.07682E-04,  4.47995E+00,  1.57992E+00,  3.73052E-01,  9.64772E-02
 3.26887E-02,  1.38474E-02,  7.30748E-03,  4.46424E-03,  2.84058E-03
 1.80133E-03,  1.13608E-03,  7.20947E-04,  4.66401E-04,  3.10176E-04
 2.12216E-04,  3.13292E-04,  3.13292E-04,  2.00519E-04,  2.00519E-04
 2.00519E-04,  2.00519E-04,  2.00519E-04,  2.00519E-04,  4.53040E+00
 1.58273E+00,  3.72718E-01,  9.61449E-02,  3.25334E-02,  1.37366E-02
 7.14862E-03,  4.29039E-03,  2.69545E-03,  1.69640E-03,  1.06541E-03
 6.74780E-04,  4.36433E-04,  2.90598E-04,  1.99285E-04,  2.96003E-04
 2.96003E-04,  1.93697E-04,  1.93697E-04,  1.93697E-04,  1.93697E-04
 1.93697E-04,  1.93697E-04,  4.52139E+00,  1.58355E+00,  3.72920E-01
 9.60522E-02,  3.24236E-02,  1.36255E-02,  6.97530E-03,  4.09844E-03
 2.53578E-03,  1.58225E-03,  9.89730E-04,  6.26221E-04,  4.05486E-04
 2.70709E-04,  1.86317E-04,  2.78874E-04,  2.78874E-04,  1.86974E-04
 1.86974E-04,  1.86974E-04,  1.86974E-04,  1.86974E-04,  1.86974E-04
 4.51263E+00,  1.58299E+00,  3.72855E-01,  9.59166E-02,  3.22895E-02
 1.34854E-02,  6.78059E-03,  3.89318E-03,  2.36873E-03,  1.46482E-03
 9.13172E-04,  5.77960E-04,  3.75271E-04,  2.51602E-04,  1.74027E-04
 2.62899E-04,  2.62899E-04,  1.80950E-04,  1.80950E-04,  1.80950E-04
 1.80950E-04,  1.80950E-04,  1.80950E-04,  4.50993E+00,  1.57966E+00
 3.71055E-01,  9.48393E-02,  3.17763E-02,  1.31936E-02,  6.52477E-03
 3.66432E-03,  2.19305E-03,  1.34490E-03,  8.36626E-04,  5.30592E-04
 3.46115E-04,  2.33437E-04,  1.62483E-04,  2.48112E-04,  2.48112E-04
 1.75616E-04,  1.75616E-04,  1.75616E-04,  1.75616E-04,  1.75616E-04
 1.75616E-04,  4.40463E+00,  1.55419E+00,  3.60829E-01,  9.06363E-02
 3.02818E-02,  1.25770E-02,  6.15245E-03,  3.39398E-03,  2.00308E-03
 1.22049E-03,  7.59136E-04,  4.83467E-04,  3.17490E-04,  2.15771E-04
 1.51325E-04,  2.33873E-04,  2.33873E-04,  1.70461E-04,  1.70461E-04
 1.70461E-04,  1.70461E-04,  1.70461E-04,  1.70461E-04,  4.47958E+00
 1.55916E+00,  3.47771E-01,  8.29671E-02,  2.75990E-02,  1.15862E-02
 5.65851E-03,  3.08855E-03,  1.80611E-03,  1.09700E-03,  6.84109E-04
 4.38597E-04,  2.90555E-04,  1.99278E-04,  1.40958E-04,  2.20700E-04
 2.20700E-04,  1.65777E-04,  1.65777E-04,  1.65777E-04,  1.65777E-04
 1.65777E-04,  1.65777E-04,  4.36867E+00,  1.55065E+00,  3.37278E-01
 7.39637E-02,  2.40227E-02,  1.02630E-02,  5.05903E-03,  2.75836E-03
 1.60883E-03,  9.78390E-04,  6.13744E-04,  3.97117E-04,  2.65863E-04
 1.84216E-04,  1.31502E-04,  2.08684E-04,  2.08684E-04,  1.61573E-04
 1.61573E-04,  1.61573E-04,  1.61573E-04,  1.61573E-04,  1.61573E-04
 4.35110E+00,  1.54379E+00,  3.22607E-01,  6.43733E-02,  1.99698E-02
 8.72824E-03,  4.39700E-03,  2.42071E-03,  1.41872E-03,  8.68022E-04
 5.49489E-04,  3.59569E-04,  2.43544E-04,  1.70551E-04,  1.22871E-04
 1.97604E-04,  1.97604E-04,  1.57616E-04,  1.57616E-04,  1.57616E-04
 1.57616E-04,  1.57616E-04,  1.57616E-04,  1.90289E+00,  1.25108E+00
 2.67815E-01,  5.17060E-02,  1.58289E-02,  7.20909E-03,  3.76172E-03
 2.11098E-03,  1.25100E-03,  7.73088E-04,  4.94989E-04,  3.27897E-04
 2.24696E-04,  1.58949E-04,  1.15498E-04,  1.88096E-04,  1.88096E-04
 1.54377E-04,  1.54377E-04,  1.54377E-04,  1.54377E-04,  1.54377E-04
 1.54377E-04,  3.98747E+00,  9.09560E-01,  1.80118E-01,  3.62648E-02
 1.20975E-02,  5.93716E-03,  3.23090E-03,  1.85406E-03,  1.11378E-03
 6.96291E-04,  4.51118E-04,  3.02342E-04,  2.09351E-04,  1.49384E-04
 1.09351E-04,  1.80100E-04,  1.80100E-04,  1.51821E-04,  1.51821E-04
 1.51821E-04,  1.51821E-04,  1.51821E-04,  1.51821E-04,  1.07708E+00
 2.50887E-01,  6.45661E-02,  2.05973E-02,  9.48538E-03,  5.07509E-03
 2.84382E-03,  1.65827E-03,  1.00748E-03,  6.36366E-04,  4.16560E-04
 2.81874E-04,  1.96769E-04,  1.41336E-04,  1.04056E-04,  1.73022E-04
 1.73022E-04,  1.49468E-04,  1.49468E-04,  1.49468E-04,  1.49468E-04
 1.49468E-04,  1.49468E-04,  8.06323E-01,  2.39156E-01,  9.51050E-02
 4.42590E-02,  2.25085E-02,  1.22427E-02,  6.99471E-03,  4.16729E-03
 2.58424E-03,  1.66383E-03,  1.10782E-03,  7.60063E-04,  5.36120E-04
 3.88172E-04,  2.87904E-04,  4.85666E-04,  4.85666E-04,  4.37400E-04
 4.37400E-04,  4.37400E-04,  4.37400E-04,  4.37400E-04,  4.37400E-04
 8.06323E-01,  2.39156E-01,  9.51050E-02,  4.42590E-02,  2.25085E-02
 1.22427E-02,  6.99471E-03,  4.16729E-03,  2.58424E-03,  1.66383E-03
 1.10782E-03,  7.60063E-04,  5.36120E-04,  3.88172E-04,  2.87904E-04
 4.85666E-04,  4.85666E-04,  4.37400E-04,  4.37400E-04,  4.37400E-04
 4.37400E-04,  4.37400E-04,  4.37400E-04,  3.72427E-02,  3.84263E-02
 3.61537E-02,  2.97433E-02,  2.25908E-02,  1.67663E-02,  1.25738E-02
 9.63245E-03,  7.53973E-03,  6.01893E-03,  4.89387E-03,  4.05011E-03
 3.40973E-03,  2.91688E-03,  2.52976E-03,  5.49533E-03,  5.49533E-03
 9.18230E-03,  9.18230E-03,  9.18230E-03,  9.18230E-03,  9.18230E-03
 9.18230E-03,  3.72427E-02,  3.84263E-02,  3.61537E-02,  2.97433E-02
 2.25908E-02,  1.67663E-02,  1.25738E-02,  9.63245E-03,  7.53973E-03
 6.01893E-03,  4.89387E-03,  4.05011E-03,  3.40973E-03,  2.91688E-03
 2.52976E-03,  5.49533E-03,  5.49533E-03,  9.18230E-03,  9.18230E-03
 9.18230E-03,  9.18230E-03,  9.18230E-03,  9.18230E-03,  3.72427E-02
 3.84263E-02,  3.61537E-02,  2.97433E-02,  2.25908E-02,  1.67663E-02
 1.25738E-02,  9.63245E-03,  7.53973E-03,  6.01893E-03,  4.89387E-03
 4.05011E-03,  3.40973E-03,  2.91688E-03,  2.52976E-03,  5.49533E-03
 5.49533E-03,  9.18230E-03,  9.18230E-03,  9.18230E-03,  9.18230E-03
 9.18230E-03,  9.18230E-03,  3.72427E-02,  3.84263E-02,  3.61537E-02
 2.97433E-02,  2.25908E-02,  1.67663E-02,  1.25738E-02,  9.63245E-03
 7.53973E-03,  6.01893E-03,  4.89387E-03,  4.05011E-03,  3.40973E-03
 2.91688E-03,  2.52976E-03,  5.49533E-03,  5.49533E-03,  9.18230E-03
 9.18230E-03,  9.18230E-03,  9.18230E-03,  9.18230E-03,  9.18230E-03
 3.72427E-02,  3.84263E-02,  3.61537E-02,  2.97433E-02,  2.25908E-02
 1.67663E-02,  1.25738E-02,  9.63245E-03,  7.53973E-03,  6.01893E-03
 4.89387E-03,  4.05011E-03,  3.40973E-03,  2.91688E-03,  2.52976E-03
 5.49533E-03,  5.49533E-03,  9.18230E-03,  9.18230E-03,  9.18230E-03
 9.18230E-03,  9.18230E-03,  9.18230E-03,  3.72427E-02,  3.84263E-02
 3.61537E-02,  2.97433E-02,  2.25908E-02,  1.67663E-02,  1.25738E-02
 9.63245E-03,  7.53973E-03,  6.01893E-03,  4.89387E-03,  4.05011E-03
 3.40973E-03,  2.91688E-03,  2.52976E-03,  5.49533E-03,  5.49533E-03
 9.18230E-03,  9.18230E-03,  9.18230E-03,  9.18230E-03,  9.18230E-03
 9.18230E-03

;------ Iteration  1
;-Index  V/I_Meas      V/I_Calc    VI_%ERR
  1,    2.07243E+01,   9.43583E+00,  -54.47
  2,    2.56875E+00,   5.02064E-01,  -80.45
  3,    1.24840E+00,   2.96255E-01,  -76.27
  4,    9.38865E-02,   1.40425E-01,  49.57
  5,    1.51760E-01,   8.66637E-02,  -42.89
  6,    9.01102E-02,   7.13054E-02,  -20.87
  7,    2.51083E+01,   1.01695E+01,  -59.50
  8,    6.05705E+00,   1.48635E+00,  -75.46
  9,    2.62075E+00,   6.37398E-01,  -75.68
  10,    1.10857E+00,   2.35468E-01,  -78.76
  11,    1.39745E-01,   7.80074E-02,  -44.18
  12,    8.66431E-02,   2.86188E-02,  -66.97
  13,    3.66935E-02,   9.24990E-02,  152.09
  14,    2.42305E-01,   1.25121E-01,  -48.36
  15,    1.08723E-01,   9.91313E-02,  -8.82
  16,    6.45944E-02,   6.67361E-02,  3.32
  17,    3.79840E-02,   4.11979E-02,  8.46
  18,    2.77012E-02,   2.99375E-02,  8.07
  19,    2.10235E+01,   1.06829E+01,  -49.19
  20,    5.51175E+00,   2.97505E+00,  -46.02
  21,    2.10442E+00,   8.43573E-01,  -59.91
  22,    8.42778E-01,   2.61604E-01,  -68.96
  23,    1.23720E-01,   5.58481E-02,  -54.86
  24,    8.03241E-02,   6.07417E-02,  -24.38
  25,    2.18757E-01,   1.66225E-01,  -24.01
  26,    1.03491E-01,   1.03090E-01,  -0.39
  27,    5.92737E-02,   6.75373E-02,  13.94
  28,    3.80062E-02,   3.79223E-02,  -0.22
  29,    2.69831E-02,   3.03295E-02,  12.40
  30,    4.16334E-02,   4.84493E-02,  16.37
  31,    3.13011E-02,   3.45005E-02,  10.22
  32,    2.56430E-02,   2.77513E-02,  8.22
  33,    2.12077E+01,   1.42007E+01,  -33.04
  34,    5.34089E+00,   2.70142E+00,  -49.42
  35,    1.90316E+00,   6.56729E-01,  -65.49
  36,    7.61439E-01,   5.08617E-01,  -33.20
  37,    1.40548E-01,   9.78897E-02,  -30.35
  38,    7.82689E-02,   7.24466E-02,  -7.44
  39,    2.08930E-01,   2.12615E-01,  1.76
  40,    1.10353E-01,   1.30211E-01,  17.99
  41,    5.87669E-02,   7.40607E-02,  26.02
  42,    4.03443E-02,   5.01992E-02,  24.43
  43,    2.84742E-02,   3.31822E-02,  16.53
  44,    4.56410E-02,   5.18492E-02,  13.60
  45,    3.47810E-02,   3.96450E-02,  13.98
  46,    2.67499E-02,   2.74382E-02,  2.57
  47,    4.41874E-02,   4.50778E-02,  2.02
  48,    2.76329E-02,   2.39823E-02,  -13.21
  49,    2.43151E-02,   1.72004E-02,  -29.26
  50,    2.33259E+01,   9.29972E+00,  -60.13
  51,    4.91551E+00,   1.35783E+00,  -72.38
  52,    1.71542E+00,   7.47731E-01,  -56.41
  53,    7.63683E-01,   4.11929E-01,  -46.06
  54,    1.34355E-01,   6.29831E-02,  -53.12
  55,    8.57191E-02,   4.74150E-02,  -44.69
  56,    2.89493E-02,   9.92572E-02,  242.87
  57,    2.31722E-01,   1.79961E-01,  -22.34
  58,    1.18091E-01,   1.08960E-01,  -7.73
  59,    6.76859E-02,   5.71161E-02,  -15.62
  60,    4.56516E-02,   4.33616E-02,  -5.02
  61,    3.30751E-02,   3.11891E-02,  -5.70
  62,    5.05039E-02,   4.78718E-02,  -5.21
  63,    3.83803E-02,   3.83020E-02,  -0.20
  64,    2.78508E-02,   2.57251E-02,  -7.63
  65,    4.45802E-02,   3.91123E-02,  -12.27
  66,    2.72002E-02,   1.94221E-02,  -28.60
  67,    2.78031E-02,   1.70229E-02,  -38.77
  68,    3.00666E-02,   1.68111E-02,  -44.09
  69,    2.17111E-02,   1.30020E-02,  -40.11
  70,    2.51867E+01,   1.21868E+01,  -51.61
  71,    4.91285E+00,   4.16943E+00,  -15.13
  72,    1.79343E+00,   1.88245E+00,  4.96
  73,    8.39700E-01,   3.57182E-01,  -57.46
  74,    1.49670E-01,   2.69313E-01,  79.94
  75,    1.47258E-01,   1.24109E-01,  -15.72
  76,    9.33280E-02,   8.52873E-02,  -8.62
  77,    2.58679E-01,   2.16332E-01,  -16.37
  78,    1.22031E-01,   1.10121E-01,  -9.76
  79,    7.54422E-02,   6.81730E-02,  -9.64
  80,    5.03819E-02,   4.23529E-02,  -15.94
  81,    3.87900E-02,   3.63038E-02,  -6.41
  82,    5.76154E-02,   5.42486E-02,  -5.84
  83,    4.36995E-02,   4.19215E-02,  -4.07
  84,    3.19190E-02,   2.68890E-02,  -15.76
  85,    4.86561E-02,   4.19280E-02,  -13.83
  86,    3.01298E-02,   2.20268E-02,  -26.89
  87,    2.91209E-02,   1.75533E-02,  -39.72
  88,    3.00144E-02,   1.73866E-02,  -42.07
  89,    2.13417E-02,   1.27818E-02,  -40.11
  90,    2.58147E-02,   1.59610E-02,  -38.17
  91,    1.98618E-02,   1.18349E-02,  -40.41
  92,    5.35987E+00,   5.34587E+00,  -0.26
  93,    2.08741E+00,   7.93698E-01,  -61.98
  94,    1.02678E+00,   4.86034E-01,  -52.66
  95,    1.87425E-01,   2.85628E-01,  52.40
  96,    1.72181E-01,   1.24947E-01,  -27.43
  97,    1.17447E-01,   9.68771E-02,  -17.51
  98,    2.90909E-01,   2.72817E-01,  -6.22
  99,    1.47621E-01,   1.26544E-01,  -14.28
  100,    8.99679E-02,   8.79290E-02,  -2.27
  101,    6.19399E-02,   5.92294E-02,  -4.38
  102,    4.74925E-02,   4.15312E-02,  -12.55
  103,    6.89750E-02,   6.27041E-02,  -9.09
  104,    4.92579E-02,   4.17073E-02,  -15.33
  105,    3.40743E-02,   2.66084E-02,  -21.91
  106,    5.22244E-02,   4.19267E-02,  -19.72
  107,    3.38687E-02,   2.25663E-02,  -33.37
  108,    3.23105E-02,   1.88904E-02,  -41.53
  109,    3.19228E-02,   2.01814E-02,  -36.78
  110,    2.16338E-02,   1.38354E-02,  -36.05
  111,    2.66745E-02,   1.67891E-02,  -37.06
  112,    2.14036E-02,   1.22202E-02,  -42.91
  113,    5.72150E+00,   1.96458E+00,  -65.66
  114,    2.31320E+00,   8.93605E-01,  -61.37
  115,    9.68294E-01,   4.54082E-01,  -53.10
  116,    1.86464E-01,   2.75518E-01,  47.76
  117,    1.88712E-01,   1.25434E-01,  -33.53
  118,    1.03236E-01,   7.67265E-02,  -25.68
  119,    2.96212E-01,   2.29916E-01,  -22.38
  120,    1.63627E-01,   1.28030E-01,  -21.76
  121,    1.00222E-01,   7.41437E-02,  -26.02
  122,    7.38560E-02,   6.04507E-02,  -18.15
  123,    5.39285E-02,   3.98538E-02,  -26.10
  124,    8.00984E-02,   7.05241E-02,  -11.95
  125,    5.42293E-02,   4.54225E-02,  -16.24
  126,    3.46281E-02,   2.66680E-02,  -22.99
  127,    5.20586E-02,   3.75262E-02,  -27.92
  128,    4.13181E-02,   2.57104E-02,  -37.77
  129,    3.06594E-02,   1.67440E-02,  -45.39
  130,    3.37121E-02,   2.12818E-02,  -36.87
  131,    2.32575E-02,   1.47551E-02,  -36.56
  132,    2.79093E-02,   1.79214E-02,  -35.79
  133,    2.16048E-02,   1.29521E-02,  -40.05
  134,    6.07769E+00,   3.25341E+00,  -46.47
  135,    2.01531E+00,   1.37365E+00,  -31.84
  136,    9.22482E-01,   7.49439E-01,  -18.76
  137,    2.93652E-01,   4.33311E-01,  47.56
  138,    4.42888E-01,   3.04252E-01,  -31.30
  139,    1.43564E-01,   1.78840E-01,  24.57
  140,    9.80310E-02,   1.12095E-01,  14.35
  141,    2.89595E-01,   2.73479E-01,  -5.56
  142,    1.62090E-01,   1.71211E-01,  5.63
  143,    1.02372E-01,   1.07081E-01,  4.60
  144,    7.43722E-02,   7.16192E-02,  -3.70
  145,    5.26667E-02,   5.83267E-02,  10.75
  146,    8.48895E-02,   8.62859E-02,  1.65
  147,    5.70213E-02,   5.29835E-02,  -7.08
  148,    3.24661E-02,   2.92304E-02,  -9.97
  149,    5.09961E-02,   4.38591E-02,  -14.00
  150,    4.73332E-02,   3.68155E-02,  -22.22
  151,    2.71496E-02,   1.98160E-02,  -27.01
  152,    3.33201E-02,   2.42973E-02,  -27.08
  153,    2.30520E-02,   1.73796E-02,  -24.61
  154,    2.80427E-02,   2.07571E-02,  -25.98
  155,    2.28094E-02,   1.60495E-02,  -29.64
  156,    5.95258E+00,   3.31118E+00,  -44.37
  157,    2.26191E+00,   1.44895E+00,  -35.94
  158,    9.77684E-01,   7.41415E-01,  -24.17
  159,    3.24570E-01,   4.77962E-01,  47.26
  160,    4.23618E-01,   2.63147E-01,  -37.88
  161,    1.53060E-01,   1.56265E-01,  2.09
  162,    9.56131E-02,   1.02614E-01,  7.32
  163,    2.82887E-01,   3.42934E-01,  21.23
  164,    1.58797E-01,   1.81578E-01,  14.35
  165,    1.07999E-01,   1.39336E-01,  29.02
  166,    7.42793E-02,   8.80437E-02,  18.53
  167,    5.51055E-02,   7.66952E-02,  39.18
  168,    8.47283E-02,   9.45036E-02,  11.54
  169,    5.42794E-02,   5.78398E-02,  6.56
  170,    3.04051E-02,   3.01935E-02,  -0.70
  171,    5.27314E-02,   4.97522E-02,  -5.65
  172,    4.60293E-02,   3.82124E-02,  -16.98
  173,    2.79294E-02,   2.55821E-02,  -8.40
  174,    3.38499E-02,   2.96792E-02,  -12.32
  175,    2.26353E-02,   2.09262E-02,  -7.55
  176,    2.78493E-02,   2.33361E-02,  -16.21
  177,    6.10244E+00,   2.56779E+00,  -57.92
  178,    2.13197E+00,   1.03791E+00,  -51.32
  179,    9.54436E-01,   5.74183E-01,  -39.84
  180,    2.45200E-01,   2.82363E-01,  15.16
  181,    3.76698E-01,   1.52641E-01,  -59.48
  182,    1.33233E-01,   9.30730E-02,  -30.14
  183,    9.42898E-02,   7.79520E-02,  -17.33
  184,    2.82526E-01,   2.71813E-01,  -3.79
  185,    1.63757E-01,   1.53643E-01,  -6.18
  186,    1.10012E-01,   9.67278E-02,  -12.08
  187,    7.46303E-02,   7.55709E-02,  1.26
  188,    5.90355E-02,   5.87242E-02,  -0.53
  189,    8.03295E-02,   8.85640E-02,  10.25
  190,    4.74987E-02,   4.98610E-02,  4.97
  191,    3.07734E-02,   3.08725E-02,  0.32
  192,    5.14108E-02,   4.53959E-02,  -11.70
  193,    4.45487E-02,   3.67750E-02,  -17.45
  194,    2.74163E-02,   2.63514E-02,  -3.88
  195,    3.06639E-02,   2.71586E-02,  -11.43
  196,    2.23371E-02,   2.05005E-02,  -8.22
  197,    2.72825E-02,   2.39753E-02,  -12.12
  198,    6.03535E+00,   3.21400E+00,  -46.75
  199,    2.22474E+00,   1.49342E+00,  -32.87
  200,    7.89918E-01,   6.62414E-01,  -16.14
  201,    2.48124E-01,   3.31798E-01,  33.72
  202,    3.35292E-01,   1.91173E-01,  -42.98
  203,    1.32921E-01,   1.52227E-01,  14.52
  204,    8.68220E-02,   8.53804E-02,  -1.66
  205,    2.64123E-01,   2.26583E-01,  -14.21
  206,    1.65569E-01,   1.53774E-01,  -7.12
  207,    1.07036E-01,   8.94482E-02,  -16.43
  208,    7.59017E-02,   7.40342E-02,  -2.46
  209,    5.40453E-02,   5.11379E-02,  -5.38
  210,    8.10408E-02,   7.85668E-02,  -3.05
  211,    4.27062E-02,   4.13730E-02,  -3.12
  212,    3.14016E-02,   2.84958E-02,  -9.25
  213,    5.61689E-02,   5.47996E-02,  -2.44
  214,    3.83145E-02,   3.45037E-02,  -9.95
  215,    2.56840E-02,   2.65835E-02,  3.50
  216,    2.82814E-02,   2.77424E-02,  -1.91
  217,    2.13449E-02,   2.14021E-02,  0.27
  218,    2.72835E-02,   2.55015E-02,  -6.53
  219,    2.60792E+01,   1.14809E+01,  -55.98
  220,    5.43997E+00,   3.41358E+00,  -37.25
  221,    1.55118E+00,   1.23180E+00,  -20.59
  222,    6.28012E-01,   5.38933E-01,  -14.18
  223,    2.03822E-01,   2.82576E-01,  38.64
  224,    2.36711E-01,   2.07594E-01,  -12.30
  225,    1.01014E-01,   1.09927E-01,  8.82
  226,    7.10739E-02,   7.59719E-02,  6.89
  227,    2.37972E-01,   2.62834E-01,  10.45
  228,    1.50735E-01,   1.48971E-01,  -1.17
  229,    9.68624E-02,   1.08481E-01,  11.99
  230,    7.46612E-02,   8.05916E-02,  7.94
  231,    4.77969E-02,   5.46609E-02,  14.36
  232,    7.03605E-02,   6.66328E-02,  -5.30
  233,    3.70233E-02,   3.29537E-02,  -10.99
  234,    3.44764E-02,   3.09649E-02,  -10.19
  235,    5.95121E-02,   5.55223E-02,  -6.70
  236,    3.17637E-02,   2.86839E-02,  -9.70
  237,    2.44197E-02,   2.45795E-02,  0.65
  238,    2.69293E-02,   2.95478E-02,  9.72
  239,    1.95159E-02,   2.16671E-02,  11.02
  240,    2.63180E-02,   2.57325E-02,  -2.22
  241,    6.07736E+00,   3.37645E+00,  -44.44
  242,    1.93509E+00,   1.19894E+00,  -38.04
  243,    6.86918E-01,   5.49316E-01,  -20.03
  244,    2.31855E-01,   3.60593E-01,  55.53
  245,    2.85318E-01,   1.76052E-01,  -38.30
  246,    1.19573E-01,   1.13583E-01,  -5.01
  247,    8.72093E-02,   9.57981E-02,  9.85
  248,    2.50916E-01,   2.73930E-01,  9.17
  249,    1.50949E-01,   1.43330E-01,  -5.05
  250,    9.97042E-02,   1.11479E-01,  11.81
  251,    6.79016E-02,   7.39001E-02,  8.83
  252,    4.91152E-02,   5.01661E-02,  2.14
  253,    6.06553E-02,   6.30313E-02,  3.92
  254,    3.72737E-02,   3.68572E-02,  -1.12
  255,    3.47560E-02,   3.22657E-02,  -7.17
  256,    5.53386E-02,   4.62688E-02,  -16.39
  257,    3.16469E-02,   2.94493E-02,  -6.94
  258,    2.13461E-02,   2.04656E-02,  -4.12
  259,    2.57171E-02,   2.74759E-02,  6.84
  260,    1.88288E-02,   2.03739E-02,  8.21
  261,    2.46788E-02,   2.62327E-02,  6.30
  262,    1.83269E+00,   1.09952E+00,  -40.01
  263,    6.79957E-01,   6.29517E-01,  -7.42
  264,    1.85478E-01,   2.80157E-01,  51.05
  265,    3.07694E-01,   1.67441E-01,  -45.58
  266,    1.19004E-01,   1.32908E-01,  11.68
  267,    8.97034E-02,   8.39398E-02,  -6.43
  268,    2.70660E-01,   2.43199E-01,  -10.15
  269,    1.57234E-01,   1.58318E-01,  0.69
  270,    1.12358E-01,   1.09837E-01,  -2.24
  271,    6.80839E-02,   7.07517E-02,  3.92
  272,    4.72548E-02,   4.62100E-02,  -2.21
  273,    5.29234E-02,   5.25709E-02,  -0.67
  274,    3.74505E-02,   3.43246E-02,  -8.35
  275,    3.42883E-02,   3.04291E-02,  -11.26
  276,    5.42960E-02,   4.72875E-02,  -12.91
  277,    3.08836E-02,   3.20173E-02,  3.67
  278,    1.97530E-02,   2.05898E-02,  4.24
  279,    2.42351E-02,   2.48121E-02,  2.38
  280,    1.85181E-02,   1.85613E-02,  0.23
  281,    2.43974E-02,   2.54976E-02,  4.51
  282,    2.09371E+00,   1.46906E+00,  -29.83
  283,    7.79404E-01,   5.77826E-01,  -25.86
  284,    1.91602E-01,   3.14179E-01,  63.97
  285,    3.78759E-01,   2.31891E-01,  -38.78
  286,    1.48487E-01,   1.38292E-01,  -6.87
  287,    9.99060E-02,   8.41430E-02,  -15.78
  288,    2.88083E-01,   2.57376E-01,  -10.66
  289,    1.73485E-01,   1.80651E-01,  4.13
  290,    1.09826E-01,   1.12075E-01,  2.05
  291,    7.46354E-02,   7.14150E-02,  -4.31
  292,    4.36110E-02,   4.32494E-02,  -0.83
  293,    5.13951E-02,   4.73166E-02,  -7.94
  294,    4.50839E-02,   4.19733E-02,  -6.90
  295,    2.97197E-02,   2.38736E-02,  -19.67
  296,    4.69384E-02,   4.03511E-02,  -14.03
  297,    2.95880E-02,   2.92560E-02,  -1.12
  298,    1.92295E-02,   2.03192E-02,  5.67
  299,    2.35129E-02,   2.54898E-02,  8.41
  300,    1.79449E-02,   1.85575E-02,  3.41
  301,    1.95633E+00,   1.11244E+00,  -43.14
  302,    7.22030E-01,   5.29051E-01,  -26.73
  303,    2.45501E-01,   3.54815E-01,  44.53
  304,    3.14589E-01,   1.97012E-01,  -37.37
  305,    1.32839E-01,   1.13259E-01,  -14.74
  306,    9.12254E-02,   9.34168E-02,  2.40
  307,    2.81530E-01,   2.96921E-01,  5.47
  308,    1.84205E-01,   1.87938E-01,  2.03
  309,    1.01430E-01,   1.13235E-01,  11.64
  310,    6.69656E-02,   6.90889E-02,  3.17
  311,    3.76459E-02,   3.86593E-02,  2.69
  312,    5.08173E-02,   4.92154E-02,  -3.15
  313,    4.43708E-02,   4.03052E-02,  -9.16
  314,    2.39373E-02,   2.09395E-02,  -12.52
  315,    3.91844E-02,   3.49738E-02,  -10.75
  316,    2.76876E-02,   2.81563E-02,  1.69
  317,    1.84457E-02,   1.97244E-02,  6.93
  318,    2.23618E-02,   2.39287E-02,  7.01
  319,    1.70212E-02,   1.78752E-02,  5.02
  320,    2.45714E+00,   9.85673E-01,  -59.89
  321,    9.03480E-01,   5.78681E-01,  -35.95
  322,    1.82202E-01,   2.93391E-01,  61.03
  323,    1.66081E-01,   1.24009E-01,  -25.33
  324,    1.09426E-01,   9.34055E-02,  -14.64
  325,    3.16558E-01,   3.00706E-01,  -5.01
  326,    1.79875E-01,   1.72396E-01,  -4.16
  327,    1.09995E-01,   1.02299E-01,  -7.00
  328,    5.94460E-02,   5.79515E-02,  -2.51
  329,    3.31911E-02,   3.10609E-02,  -6.42
  330,    5.25062E-02,   4.80226E-02,  -8.54
  331,    4.42747E-02,   3.96249E-02,  -10.50
  332,    2.24154E-02,   2.11618E-02,  -5.59
  333,    3.92747E-02,   3.72955E-02,  -5.04
  334,    2.48500E-02,   2.41525E-02,  -2.81
  335,    1.74309E-02,   1.81335E-02,  4.03
  336,    2.08296E-02,   2.20448E-02,  5.83
  337,    1.74077E-02,   1.78412E-02,  2.49
  338,    2.15001E+00,   1.09637E+00,  -49.01
  339,    9.91793E-01,   4.84489E-01,  -51.15
  340,    1.39811E-01,   2.35912E-01,  68.74
  341,    1.61607E-01,   1.25325E-01,  -22.45
  342,    1.27958E-01,   9.65964E-02,  -24.51
  343,    3.73491E-01,   2.90373E-01,  -22.25
  344,    1.82501E-01,   1.61885E-01,  -11.30
  345,    1.07117E-01,   9.17251E-02,  -14.37
  346,    5.49832E-02,   4.79026E-02,  -12.88
  347,    3.14264E-02,   2.64073E-02,  -15.97
  348,    5.80390E-02,   5.41506E-02,  -6.70
  349,    3.50537E-02,   2.85415E-02,  -18.58
  350,    2.26806E-02,   2.28134E-02,  0.59
  351,    3.84461E-02,   3.80744E-02,  -0.97
  352,    2.28213E-02,   2.25034E-02,  -1.39
  353,    1.63110E-02,   1.67993E-02,  2.99
  354,    2.02806E-02,   2.07468E-02,  2.30
  355,    6.32291E+00,   3.60748E+00,  -42.95
  356,    2.42941E+00,   1.27936E+00,  -47.34
  357,    9.34296E-01,   5.38679E-01,  -42.34
  358,    2.53052E-01,   3.63368E-01,  43.59
  359,    4.70146E-01,   2.44557E-01,  -47.98
  360,    2.05146E-01,   1.80025E-01,  -12.25
  361,    1.38997E-01,   1.20418E-01,  -13.37
  362,    3.64430E-01,   3.30306E-01,  -9.36
  363,    1.98949E-01,   1.79256E-01,  -9.90
  364,    9.42916E-02,   9.38695E-02,  -0.45
  365,    4.87184E-02,   4.68342E-02,  -3.87
  366,    3.58201E-02,   3.55512E-02,  -0.75
  367,    6.18732E-02,   5.64355E-02,  -8.79
  368,    3.14527E-02,   2.68853E-02,  -14.52
  369,    2.36043E-02,   2.32086E-02,  -1.68
  370,    3.66439E-02,   3.61073E-02,  -1.46
  371,    2.19586E-02,   2.29148E-02,  4.35
  372,    1.62634E-02,   1.69236E-02,  4.06
  373,    2.03385E-02,   2.07904E-02,  2.22
  374,    2.14589E+00,   8.71771E-01,  -59.37
  375,    8.45372E-01,   5.13735E-01,  -39.23
  376,    2.44612E-01,   3.16164E-01,  29.25
  377,    1.99963E-01,   1.40983E-01,  -29.50
  378,    1.13386E-01,   1.03797E-01,  -8.46
  379,    3.50445E-01,   3.30324E-01,  -5.74
  380,    1.83315E-01,   1.70685E-01,  -6.89
  381,    8.18915E-02,   8.20810E-02,  0.23
  382,    4.43376E-02,   4.26173E-02,  -3.88
  383,    3.74022E-02,   3.71611E-02,  -0.64
  384,    6.16918E-02,   5.66005E-02,  -8.25
  385,    2.91736E-02,   2.76898E-02,  -5.09
  386,    2.26963E-02,   2.22283E-02,  -2.06
  387,    3.60432E-02,   3.46940E-02,  -3.74
  388,    2.23686E-02,   2.22232E-02,  -0.65
  389,    1.57647E-02,   1.57583E-02,  -0.04
  390,    1.92219E-02,   1.88767E-02,  -1.80
  391,    1.99952E+00,   1.04196E+00,  -47.89
  392,    8.46089E-01,   5.62639E-01,  -33.50
  393,    3.85740E-01,   3.58895E-01,  -6.96
  394,    1.78218E-01,   1.55309E-01,  -12.85
  395,    1.34689E-01,   1.02407E-01,  -23.97
  396,    3.74887E-01,   2.98756E-01,  -20.31
  397,    1.54621E-01,   1.42279E-01,  -7.98
  398,    7.03302E-02,   6.51325E-02,  -7.39
  399,    4.76763E-02,   4.69178E-02,  -1.59
  400,    3.89113E-02,   3.64677E-02,  -6.28
  401,    5.12519E-02,   4.42521E-02,  -13.66
  402,    3.10974E-02,   3.27045E-02,  5.17
  403,    1.97023E-02,   1.91684E-02,  -2.71
  404,    3.20080E-02,   3.07301E-02,  -3.99
  405,    2.10656E-02,   2.12832E-02,  1.03
  406,    1.54380E-02,   1.53459E-02,  -0.60
  407,    1.94699E-02,   1.85069E-02,  -4.95
  408,    6.11714E+00,   2.97575E+00,  -51.35
  409,    1.96900E+00,   1.30705E+00,  -33.62
  410,    1.11223E+00,   7.41628E-01,  -33.32
  411,    4.54019E-01,   4.23233E-01,  -6.78
  412,    4.47306E-01,   2.86295E-01,  -36.00
  413,    2.22446E-01,   1.81375E-01,  -18.46
  414,    1.42246E-01,   1.25410E-01,  -11.84
  415,    3.65735E-01,   3.28882E-01,  -10.08
  416,    1.39970E-01,   1.41741E-01,  1.27
  417,    6.62039E-02,   6.78871E-02,  2.54
  418,    5.30261E-02,   5.63765E-02,  6.32
  419,    4.62791E-02,   4.94467E-02,  6.84
  420,    4.34874E-02,   4.01204E-02,  -7.74
  421,    3.12419E-02,   3.23661E-02,  3.60
  422,    1.85895E-02,   1.85840E-02,  -0.03
  423,    3.09585E-02,   3.17456E-02,  2.54
  424,    2.11322E-02,   2.19164E-02,  3.71
  425,    1.56539E-02,   1.59254E-02,  1.73
  426,    2.06630E-02,   2.00186E-02,  -3.12
  427,    5.59096E+00,   2.85261E+00,  -48.98
  428,    2.54020E+00,   1.30663E+00,  -48.56
  429,    1.17197E+00,   6.68136E-01,  -42.99
  430,    3.70809E-01,   4.22118E-01,  13.84
  431,    2.29461E-01,   1.68010E-01,  -26.78
  432,    1.23286E-01,   1.05564E-01,  -14.37
  433,    3.23268E-01,   3.07183E-01,  -4.98
  434,    1.25831E-01,   1.26403E-01,  0.45
  435,    7.66221E-02,   8.53722E-02,  11.42
  436,    5.95566E-02,   6.31217E-02,  5.99
  437,    3.93403E-02,   3.80876E-02,  -3.18
  438,    4.23110E-02,   4.38575E-02,  3.66
  439,    3.11593E-02,   3.28611E-02,  5.46
  440,    1.91772E-02,   2.02209E-02,  5.44
  441,    3.08001E-02,   3.16688E-02,  2.82
  442,    2.13899E-02,   2.16394E-02,  1.17
  443,    1.53893E-02,   1.51061E-02,  -1.84
  444,    1.10216E+00,   6.34380E-01,  -42.44
  445,    3.55291E-01,   3.54016E-01,  -0.36
  446,    2.01173E-01,   1.34423E-01,  -33.18
  447,    1.09193E-01,   8.20776E-02,  -24.83
  448,    2.85219E-01,   2.39251E-01,  -16.12
  449,    1.14398E-01,   1.04426E-01,  -8.72
  450,    8.33429E-02,   8.21918E-02,  -1.38
  451,    6.73928E-02,   6.83571E-02,  1.43
  452,    3.10131E-02,   2.50716E-02,  -19.16
  453,    4.63897E-02,   5.08902E-02,  9.70
  454,    2.79575E-02,   2.76369E-02,  -1.15
  455,    1.93758E-02,   1.98335E-02,  2.36
  456,    3.14156E-02,   3.15432E-02,  0.41
  457,    2.10809E-02,   2.07343E-02,  -1.64
  458,    1.58374E-02,   1.47758E-02,  -6.70
  459,    2.59148E+00,   1.29628E+00,  -49.98
  460,    2.69711E-01,   3.81035E-01,  41.28
  461,    1.79430E-01,   1.28655E-01,  -28.30
  462,    9.71550E-02,   7.38961E-02,  -23.94
  463,    2.52782E-01,   2.02089E-01,  -20.05
  464,    1.31542E-01,   1.25732E-01,  -4.42
  465,    9.25395E-02,   8.77524E-02,  -5.17
  466,    5.65087E-02,   5.03760E-02,  -10.85
  467,    3.04459E-02,   2.90873E-02,  -4.46
  468,    4.72243E-02,   4.83578E-02,  2.40
  469,    2.64648E-02,   2.56967E-02,  -2.90
  470,    1.95223E-02,   1.90869E-02,  -2.23
  471,    3.12206E-02,   3.12693E-02,  0.16
  472,    2.13894E-02,   2.09532E-02,  -2.04
  473,    1.68177E-02,   1.54178E-02,  -8.32
  474,    6.58037E+00,   3.20695E+00,  -51.26
  475,    1.32024E+00,   6.81863E-01,  -48.35
  476,    2.97713E-01,   3.65091E-01,  22.63
  477,    1.39096E-01,   1.09472E-01,  -21.30
  478,    7.57013E-02,   6.73021E-02,  -11.10
  479,    2.18441E-01,   1.96471E-01,  -10.06
  480,    1.42850E-01,   1.44436E-01,  1.11
  481,    1.04678E-01,   1.13070E-01,  8.02
  482,    4.50503E-02,   3.91138E-02,  -13.18
  483,    3.05649E-02,   3.49036E-02,  14.19
  484,    4.68946E-02,   4.83383E-02,  3.08
  485,    2.70807E-02,   2.74831E-02,  1.49
  486,    1.89779E-02,   1.84551E-02,  -2.75
  487,    3.05025E-02,   3.01733E-02,  -1.08
  488,    2.15553E-02,   2.04085E-02,  -5.32
  489,    1.75997E-02,   1.59221E-02,  -9.53
  490,    1.13693E+00,   6.38406E-01,  -43.85
  491,    2.05482E-01,   3.24405E-01,  57.88
  492,    1.19034E-01,   9.65277E-02,  -18.91
  493,    7.44040E-02,   6.65586E-02,  -10.54
  494,    2.40615E-01,   2.42330E-01,  0.71
  495,    1.56809E-01,   1.57827E-01,  0.65
  496,    8.71872E-02,   8.57943E-02,  -1.60
  497,    4.46907E-02,   4.67208E-02,  4.54
  498,    3.42368E-02,   3.86405E-02,  12.86
  499,    4.33740E-02,   4.34678E-02,  0.22
  500,    2.79442E-02,   2.90600E-02,  3.99
  501,    1.95538E-02,   1.95832E-02,  0.15
  502,    3.21501E-02,   3.11915E-02,  -2.98
  503,    2.18782E-02,   2.02964E-02,  -7.23
  504,    1.00591E+00,   4.99338E-01,  -50.36
  505,    1.33652E-01,   2.26717E-01,  69.63
  506,    1.16760E-01,   8.16442E-02,  -30.08
  507,    1.05913E-01,   8.74236E-02,  -17.46
  508,    2.82124E-01,   2.44857E-01,  -13.21
  509,    1.88030E-01,   1.77883E-01,  -5.40
  510,    7.33085E-02,   5.75458E-02,  -21.50
  511,    4.74624E-02,   4.92055E-02,  3.67
  512,    3.83079E-02,   3.80508E-02,  -0.67
  513,    4.16925E-02,   4.01183E-02,  -3.78
  514,    2.93357E-02,   2.80136E-02,  -4.51
  515,    2.03250E-02,   1.90569E-02,  -6.24
  516,    3.25848E-02,   3.03467E-02,  -6.87
  517,    2.32618E-02,   2.02242E-02,  -13.06
  518,    5.57527E+00,   3.30183E+00,  -40.78
  519,    1.77954E+00,   1.16655E+00,  -34.45
  520,    6.51715E-01,   4.40017E-01,  -32.48
  521,    1.22119E-01,   2.11006E-01,  72.79
  522,    2.99050E-01,   1.29497E-01,  -56.70
  523,    1.29912E-01,   1.31217E-01,  1.00
  524,    7.71218E-02,   6.53205E-02,  -15.30
  525,    2.81795E-01,   2.49391E-01,  -11.50
  526,    1.40823E-01,   1.25394E-01,  -10.96
  527,    6.60604E-02,   6.30655E-02,  -4.53
  528,    4.80322E-02,   4.99546E-02,  4.00
  529,    3.00191E-02,   2.82948E-02,  -5.74
  530,    4.15528E-02,   4.08855E-02,  -1.61
  531,    2.76315E-02,   2.58215E-02,  -6.55
  532,    2.04332E-02,   1.84733E-02,  -9.59
  533,    3.21279E-02,   2.96958E-02,  -7.57
  534,    2.37388E-02,   2.03898E-02,  -14.11
  535,    5.21130E+00,   3.75386E+00,  -27.97
  536,    1.56605E+00,   1.09832E+00,  -29.87
  537,    5.72462E-01,   4.37988E-01,  -23.49
  538,    1.76971E-01,   2.40868E-01,  36.11
  539,    3.34841E-01,   2.25248E-01,  -32.73
  540,    1.32818E-01,   1.07087E-01,  -19.37
  541,    1.26665E-01,   1.26620E-01,  -0.04
  542,    3.23660E-01,   3.31599E-01,  2.45
  543,    1.12088E-01,   9.51646E-02,  -15.10
  544,    6.67424E-02,   7.57501E-02,  13.50
  545,    5.08003E-02,   5.52528E-02,  8.76
  546,    2.72923E-02,   2.69127E-02,  -1.39
  547,    4.16490E-02,   4.02360E-02,  -3.39
  548,    2.77499E-02,   2.52519E-02,  -9.00
  549,    2.03417E-02,   1.73909E-02,  -14.51
  550,    3.29427E-02,   2.88422E-02,  -12.45
  551,    2.57314E-02,   2.08855E-02,  -18.83
  552,    2.38875E+01,   1.60091E+01,  -32.98
  553,    4.41358E+00,   3.16172E+00,  -28.36
  554,    1.29953E+00,   1.00175E+00,  -22.91
  555,    5.60187E-01,   4.81954E-01,  -13.97
  556,    3.87876E-01,   4.10710E-01,  5.89
  557,    2.58467E-01,   1.85708E-01,  -28.15
  558,    2.11006E-01,   2.08754E-01,  -1.07
  559,    1.19297E-01,   1.18419E-01,  -0.74
  560,    2.93383E-01,   2.75738E-01,  -6.01
  561,    1.22231E-01,   1.21293E-01,  -0.77
  562,    8.06615E-02,   8.98763E-02,  11.42
  563,    4.70720E-02,   4.76419E-02,  1.21
  564,    3.13164E-02,   3.12522E-02,  -0.21
  565,    4.31678E-02,   4.24702E-02,  -1.62
  566,    2.89400E-02,   2.66010E-02,  -8.08
  567,    1.97790E-02,   1.73959E-02,  -12.05
  568,    3.36847E-02,   2.82607E-02,  -16.10
  569,    1.67942E+01,   1.16049E+01,  -30.90
  570,    3.07161E+00,   2.36054E+00,  -23.15
  571,    1.08454E+00,   9.16364E-01,  -15.51
  572,    7.31747E-01,   6.83833E-01,  -6.55
  573,    3.66913E-01,   2.89646E-01,  -21.06
  574,    3.27837E-01,   3.06593E-01,  -6.48
  575,    1.69613E-01,   1.67229E-01,  -1.41
  576,    8.09325E-02,   6.81667E-02,  -15.77
  577,    2.31591E-01,   1.98038E-01,  -14.49
  578,    1.24665E-01,   1.44468E-01,  15.88
  579,    8.57160E-02,   9.86693E-02,  15.11
  580,    4.33129E-02,   4.49450E-02,  3.77
  581,    3.19547E-02,   3.36472E-02,  5.30
  582,    4.37952E-02,   4.19710E-02,  -4.17
  583,    3.06382E-02,   2.76184E-02,  -9.86
  584,    2.15092E-02,   1.82845E-02,  -14.99
  585,    3.42349E-02,   2.87131E-02,  -16.13
  586,    9.89550E+00,   9.15509E+00,  -7.48
  587,    2.38184E+00,   2.19588E+00,  -7.81
  588,    1.39654E+00,   1.29398E+00,  -7.34
  589,    6.61919E-01,   4.94503E-01,  -25.29
  590,    5.03590E-01,   4.81040E-01,  -4.48
  591,    2.93625E-01,   2.49261E-01,  -15.11
  592,    1.16914E-01,   9.68360E-02,  -17.17
  593,    7.23241E-02,   6.17668E-02,  -14.60
  594,    2.19162E-01,   2.20744E-01,  0.72
  595,    1.30039E-01,   1.53202E-01,  17.81
  596,    6.85258E-02,   7.65224E-02,  11.67
  597,    4.31907E-02,   4.74431E-02,  9.85
  598,    2.99446E-02,   3.25553E-02,  8.72
  599,    4.31238E-02,   4.29536E-02,  -0.39
  600,    2.98551E-02,   2.73950E-02,  -8.24
  601,    2.25431E-02,   1.87221E-02,  -16.95
  602,    3.65465E-02,   2.99931E-02,  -17.93
  603,    7.08428E+00,   8.12743E+00,  14.72
  604,    2.89216E+00,   2.73785E+00,  -5.34
  605,    1.21571E+00,   8.60646E-01,  -29.21
  606,    8.93043E-01,   7.32511E-01,  -17.98
  607,    2.57100E-01,   3.52627E-01,  37.16
  608,    3.13606E-01,   1.28595E-01,  -58.99
  609,    1.00731E-01,   7.79944E-02,  -22.57
  610,    7.36282E-02,   7.99558E-02,  8.59
  611,    2.12331E-01,   2.39234E-01,  12.67
  612,    1.30740E-01,   1.53093E-01,  17.10
  613,    6.02286E-02,   6.56400E-02,  8.98
  614,    4.17568E-02,   4.68701E-02,  12.25
  615,    2.89149E-02,   3.02396E-02,  4.58
  616,    4.07218E-02,   4.13556E-02,  1.56
  617,    2.70620E-02,   2.52597E-02,  -6.66
  618,    2.15469E-02,   1.82945E-02,  -15.09
  619,    3.70290E-02,   3.09660E-02,  -16.37
  620,    8.79268E+00,   9.50621E+00,  8.12
  621,    2.54118E+00,   1.82323E+00,  -28.25
  622,    1.74784E+00,   1.20259E+00,  -31.20
  623,    6.85082E-01,   5.09768E-01,  -25.59
  624,    9.80398E-02,   1.68049E-01,  71.41
  625,    3.19806E-01,   9.43068E-02,  -70.51
  626,    1.07180E-01,   9.30128E-02,  -13.22
  627,    6.78824E-02,   5.85579E-02,  -13.74
  628,    2.20046E-01,   2.20299E-01,  0.12
  629,    1.04101E-01,   1.03618E-01,  -0.46
  630,    5.97977E-02,   6.09269E-02,  1.89
  631,    3.92570E-02,   4.01847E-02,  2.36
  632,    2.71704E-02,   2.60859E-02,  -3.99
  633,    4.00146E-02,   3.84657E-02,  -3.87
  634,    2.61179E-02,   2.39619E-02,  -8.25
  635,    2.11287E-02,   1.76562E-02,  -16.43
  636,    8.51856E+00,   7.93515E+00,  -6.85
  637,    3.76990E+00,   3.05164E+00,  -19.05
  638,    1.38552E+00,   1.01843E+00,  -26.49
  639,    4.72214E-01,   2.78716E-01,  -40.98
  640,    3.79685E-01,   1.23340E-01,  -67.52
  641,    1.03746E-01,   7.45978E-02,  -28.10
  642,    8.84052E-02,   7.14804E-02,  -19.14
  643,    6.38813E-02,   1.34530E-01,  110.59
  644,    2.34054E-01,   2.03375E-01,  -13.11
  645,    9.64497E-02,   8.13064E-02,  -15.70
  646,    6.11518E-02,   5.52583E-02,  -9.64
  647,    3.98833E-02,   3.43264E-02,  -13.93
  648,    2.58941E-02,   2.23798E-02,  -13.57
  649,    3.89861E-02,   3.36470E-02,  -13.69
  650,    2.69907E-02,   2.18167E-02,  -19.17
  651,    1.67956E+01,   2.25012E+01,  33.97
  652,    3.93603E+00,   5.08203E+00,  29.12
  653,    1.17817E+00,   1.07495E+00,  -8.76
  654,    5.67485E-01,   4.09146E-01,  -27.90
  655,    2.37236E-01,   3.29859E-01,  39.04
  656,    3.31717E-01,   1.86322E-01,  -43.83
  657,    1.69616E-01,   1.68969E-01,  -0.38
  658,    9.37500E-02,   9.14226E-02,  -2.48
  659,    2.30507E-01,   2.08275E-01,  -9.64
  660,    1.20047E-01,   1.11739E-01,  -6.92
  661,    7.20498E-02,   6.93752E-02,  -3.71
  662,    4.71842E-02,   4.28627E-02,  -9.16
  663,    3.35480E-02,   3.05177E-02,  -9.03
  664,    4.16027E-02,   3.66231E-02,  -11.97
  665,    3.09103E-02,   2.51349E-02,  -18.68
  666,    1.11676E+01,   1.49901E+01,  34.23
  667,    2.19845E+00,   2.17722E+00,  -0.97
  668,    9.13035E-01,   6.24983E-01,  -31.55
  669,    5.31806E-01,   4.25919E-01,  -19.91
  670,    2.15799E-01,   2.20442E-01,  2.15
  671,    2.88455E-01,   1.86961E-01,  -35.19
  672,    1.14386E-01,   9.63704E-02,  -15.75
  673,    6.52320E-02,   5.33245E-02,  -18.25
  674,    2.13195E-01,   1.89530E-01,  -11.10
  675,    1.23952E-01,   1.18192E-01,  -4.65
  676,    7.43755E-02,   6.90603E-02,  -7.15
  677,    4.60745E-02,   4.27280E-02,  -7.26
  678,    3.48140E-02,   3.07110E-02,  -11.79
  679,    4.40071E-02,   3.77279E-02,  -14.27
  680,    3.26938E-02,   2.62553E-02,  -19.69
  681,    1.45624E+01,   1.74581E+01,  19.88
  682,    3.87921E+00,   3.30078E+00,  -14.91
  683,    2.00283E+00,   1.77873E+00,  -11.19
  684,    9.35157E-01,   8.18130E-01,  -12.51
  685,    4.28887E-01,   6.36628E-01,  48.44
  686,    1.69178E-01,   1.63266E-01,  -3.49
  687,    1.22778E-01,   1.22423E-01,  -0.29
  688,    2.95345E-01,   2.88744E-01,  -2.24
  689,    1.60030E-01,   1.63940E-01,  2.44
  690,    9.53733E-02,   9.43241E-02,  -1.10
  691,    6.40765E-02,   6.34533E-02,  -0.97
  692,    3.95353E-02,   3.87206E-02,  -2.06
  693,    5.81647E-02,   5.42449E-02,  -6.74
  694,    1.31056E+01,   1.10341E+01,  -15.81
  695,    4.77626E+00,   3.63677E+00,  -23.86
  696,    2.07477E+00,   1.37541E+00,  -33.71
  697,    1.30047E+00,   9.48528E-01,  -27.06
  698,    2.83145E-01,   4.27969E-01,  51.15
  699,    2.04505E-01,   1.54846E-01,  -24.28
  700,    1.40413E-01,   1.13748E-01,  -18.99
  701,    3.94026E-01,   3.62317E-01,  -8.05
  702,    2.13369E-01,   1.95460E-01,  -8.39
  703,    1.18608E-01,   1.13074E-01,  -4.67
  704,    8.40657E-02,   7.74358E-02,  -7.89
  705,    5.06893E-02,   4.92165E-02,  -2.91
  706,    6.94621E-02,   6.18029E-02,  -11.03
  707,    1.21473E+01,   1.08104E+01,  -11.01
  708,    3.39929E+00,   2.49320E+00,  -26.66
  709,    1.98238E+00,   1.34854E+00,  -31.97
  710,    7.77106E-01,   5.34192E-01,  -31.26
  711,    1.71175E-01,   2.46007E-01,  43.72
  712,    4.39087E-01,   1.67322E-01,  -61.89
  713,    1.62261E-01,   1.17726E-01,  -27.45
  714,    1.13441E-01,   8.53817E-02,  -24.73
  715,    3.60388E-01,   2.86804E-01,  -20.42
  716,    1.96316E-01,   1.54612E-01,  -21.24
  717,    1.20394E-01,   9.88820E-02,  -17.87
  718,    6.97173E-02,   5.80101E-02,  -16.79
  719,    5.05887E-02,   4.30021E-02,  -15.00
  720,    7.48064E-02,   6.61913E-02,  -11.52
  721,    9.51800E+00,   9.17026E+00,  -3.65
  722,    3.52661E+00,   3.06372E+00,  -13.13
  723,    1.25238E+00,   9.92463E-01,  -20.75
  724,    5.38351E-01,   4.07495E-01,  -24.31
  725,    1.75711E-01,   2.57466E-01,  46.53
  726,    3.80979E-01,   1.72327E-01,  -54.77
  727,    1.47120E-01,   1.20827E-01,  -17.87
  728,    9.73818E-02,   7.95408E-02,  -18.32
  729,    3.10154E-01,   2.42553E-01,  -21.80
  730,    1.59645E-01,   1.30372E-01,  -18.34
  731,    1.04328E-01,   8.49308E-02,  -18.59
  732,    5.94718E-02,   5.16792E-02,  -13.10
  733,    4.46862E-02,   3.72299E-02,  -16.69
  734,    1.07297E+01,   1.27955E+01,  19.25
  735,    2.60551E+00,   2.69943E+00,  3.60
  736,    9.77850E-01,   9.19402E-01,  -5.98
  737,    5.65629E-01,   5.23367E-01,  -7.47
  738,    2.41966E-01,   3.28833E-01,  35.90
  739,    3.24049E-01,   2.21681E-01,  -31.59
  740,    1.42596E-01,   1.42198E-01,  -0.28
  741,    1.08078E-01,   1.06078E-01,  -1.85
  742,    3.00082E-01,   2.77060E-01,  -7.67
  743,    1.71920E-01,   1.66005E-01,  -3.44
  744,    9.15940E-02,   9.29159E-02,  1.44
  745,    6.33555E-02,   6.63707E-02,  4.76
  746,    4.34306E-02,   4.44797E-02,  2.42
  747,    7.77629E+00,   8.85583E+00,  13.88
  748,    1.92329E+00,   1.83065E+00,  -4.82
  749,    9.67088E-01,   8.23484E-01,  -14.85
  750,    5.37815E-01,   4.54916E-01,  -15.41
  751,    2.54371E-01,   2.84904E-01,  12.00
  752,    2.74375E-01,   1.74608E-01,  -36.36
  753,    1.47296E-01,   1.25671E-01,  -14.68
  754,    9.00716E-02,   8.03331E-02,  -10.81
  755,    2.80558E-01,   2.71304E-01,  -3.30
  756,    1.71164E-01,   1.68081E-01,  -1.80
  757,    9.03551E-02,   9.81660E-02,  8.64
  758,    6.50338E-02,   6.86926E-02,  5.63
  759,    4.61509E-02,   5.28726E-02,  14.56
  760,    8.37240E+00,   9.90090E+00,  18.26
  761,    2.79498E+00,   2.69202E+00,  -3.68
  762,    1.36425E+00,   1.18651E+00,  -13.03
  763,    7.50799E-01,   6.62284E-01,  -11.79
  764,    2.91485E-01,   3.80217E-01,  30.44
  765,    4.50793E-01,   2.60774E-01,  -42.15
  766,    1.78233E-01,   1.60600E-01,  -9.89
  767,    1.34518E-01,   1.25093E-01,  -7.01
  768,    3.70616E-01,   3.42003E-01,  -7.72
  769,    1.83500E-01,   1.80283E-01,  -1.75
  770,    1.16698E-01,   1.23208E-01,  5.58
  771,    7.58889E-02,   7.97292E-02,  5.06
  772,    7.66502E+00,   8.80454E+00,  14.87
  773,    2.48971E+00,   2.21492E+00,  -11.04
  774,    1.20641E+00,   9.86540E-01,  -18.23
  775,    6.49498E-01,   5.08037E-01,  -21.78
  776,    3.01735E-01,   3.24538E-01,  7.56
  777,    3.60084E-01,   1.89971E-01,  -47.24
  778,    1.74358E-01,   1.43064E-01,  -17.95
  779,    1.37061E-01,   1.11787E-01,  -18.44
  780,    4.00333E-01,   3.51911E-01,  -12.10
  781,    1.95263E-01,   1.92943E-01,  -1.19
  782,    1.29372E-01,   1.29483E-01,  0.09
  783,    8.68967E-02,   9.58264E-02,  10.28
  784,    5.70547E+00,   7.02413E+00,  23.11
  785,    1.90659E+00,   1.77890E+00,  -6.70
  786,    9.01092E-01,   7.46346E-01,  -17.17
  787,    5.43620E-01,   4.26587E-01,  -21.53
  788,    2.11083E-01,   2.32502E-01,  10.15
  789,    2.80896E-01,   1.67450E-01,  -40.39
  790,    1.56031E-01,   1.26771E-01,  -18.75
  791,    9.48318E-02,   8.07285E-02,  -14.87
  792,    3.02120E-01,   2.66550E-01,  -11.77
  793,    1.80510E-01,   1.72306E-01,  -4.55
  794,    1.08508E-01,   1.06970E-01,  -1.42
  795,    5.52423E+00,   6.96891E+00,  26.15
  796,    1.79776E+00,   1.70779E+00,  -5.00
  797,    9.50088E-01,   7.91724E-01,  -16.67
  798,    4.61608E-01,   3.85990E-01,  -16.38
  799,    2.34349E-01,   2.61092E-01,  11.41
  800,    3.02701E-01,   1.89683E-01,  -37.34
  801,    1.34365E-01,   1.17080E-01,  -12.86
  802,    8.82631E-02,   8.29885E-02,  -5.98
  803,    2.71833E-01,   2.57313E-01,  -5.34
  804,    1.69750E-01,   1.63480E-01,  -3.69
  805,    1.05725E-01,   1.15315E-01,  9.07
  806,    5.70785E+00,   6.94479E+00,  21.67
  807,    1.97931E+00,   1.80763E+00,  -8.67
  808,    8.23320E-01,   6.98621E-01,  -15.15
  809,    5.05127E-01,   4.23135E-01,  -16.23
  810,    2.71757E-01,   2.88156E-01,  6.03
  811,    2.84022E-01,   1.70020E-01,  -40.14
  812,    1.27322E-01,   1.16544E-01,  -8.46
  813,    9.79994E-02,   9.22690E-02,  -5.85
  814,    3.00939E-01,   2.88928E-01,  -3.99
  815,    1.70370E-01,   1.69509E-01,  -0.51
  816,    6.07137E+00,   7.18267E+00,  18.30
  817,    1.60104E+00,   1.50980E+00,  -5.70
  818,    8.54563E-01,   7.30460E-01,  -14.52
  819,    5.53855E-01,   4.46146E-01,  -19.45
  820,    2.32038E-01,   2.46213E-01,  6.11
  821,    2.47654E-01,   1.61197E-01,  -34.91
  822,    1.35813E-01,   1.23720E-01,  -8.90
  823,    1.05678E-01,   9.72231E-02,  -8.00
  824,    3.11681E-01,   2.90174E-01,  -6.90
  825,    1.82920E-01,   1.92506E-01,  5.24
  826,    4.54372E+00,   5.49416E+00,  20.92
  827,    1.48054E+00,   1.41424E+00,  -4.48
  828,    8.25334E-01,   6.88007E-01,  -16.64
  829,    4.06646E-01,   3.38714E-01,  -16.71
  830,    1.89750E-01,   2.06874E-01,  9.02
  831,    2.15815E-01,   1.51973E-01,  -29.58
  832,    1.28207E-01,   1.15733E-01,  -9.73
  833,    8.74299E-02,   7.76536E-02,  -11.18
  834,    2.81295E-01,   2.64131E-01,  -6.10
  835,    5.34105E+00,   6.42791E+00,  20.35
  836,    1.86299E+00,   1.64477E+00,  -11.71
  837,    7.69549E-01,   6.33611E-01,  -17.66
  838,    4.03310E-01,   3.41935E-01,  -15.22
  839,    2.22646E-01,   2.34235E-01,  5.21
  840,    2.56071E-01,   1.70234E-01,  -33.52
  841,    1.32216E-01,   1.10465E-01,  -16.45
  842,    9.60375E-02,   8.76749E-02,  -8.71
  843,    2.95837E-01,   2.85132E-01,  -3.62
  844,    5.24726E+00,   6.39217E+00,  21.82
  845,    1.33018E+00,   1.29080E+00,  -2.96
  846,    5.80960E-01,   5.43495E-01,  -6.45
  847,    3.63987E-01,   3.31578E-01,  -8.90
  848,    2.21368E-01,   2.25010E-01,  1.65
  849,    1.86606E-01,   1.39539E-01,  -25.22
  850,    1.11113E-01,   1.06332E-01,  -4.30
  851,    9.01945E-02,   9.04739E-02,  0.31
  852,    4.30290E+00,   5.41404E+00,  25.82
  853,    1.10858E+00,   1.18265E+00,  6.68
  854,    6.05632E-01,   5.76050E-01,  -4.88
  855,    3.79821E-01,   3.51524E-01,  -7.45
  856,    1.98370E-01,   2.05079E-01,  3.38
  857,    1.83362E-01,   1.48673E-01,  -18.92
  858,    1.21171E-01,   1.22280E-01,  0.92
  859,    4.15210E+00,   5.37946E+00,  29.56
  860,    1.39602E+00,   1.31638E+00,  -5.70
  861,    7.37753E-01,   6.31921E-01,  -14.35
  862,    4.00083E-01,   3.29948E-01,  -17.53
  863,    2.10898E-01,   2.21221E-01,  4.89
  864,    2.38774E-01,   1.73045E-01,  -27.53
  865,    4.45874E+00,   5.54724E+00,  24.41
  866,    1.41375E+00,   1.31095E+00,  -7.27
  867,    6.50217E-01,   5.33560E-01,  -17.94
  868,    3.79948E-01,   3.11298E-01,  -18.07
  869,    2.15155E-01,   2.24526E-01,  4.36
  870,    4.53980E+00,   5.63844E+00,  24.20
  871,    1.23305E+00,   1.19089E+00,  -3.42
  872,    6.01100E-01,   5.37723E-01,  -10.54
  873,    3.91204E-01,   3.42802E-01,  -12.37
  874,    4.14627E+00,   5.22982E+00,  26.13
  875,    1.23464E+00,   1.20008E+00,  -2.80
  876,    6.81599E-01,   6.05998E-01,  -11.09
  877,    4.35325E+00,   5.37548E+00,  23.48
  878,    1.51930E+00,   1.36579E+00,  -10.10
  879,    4.05453E+00,   5.28227E+00,  30.28

;-Resistivity in Ohm-m in the elemental sequential order

 3.02496E+02,  3.19425E+02,  3.28271E+02,  3.43122E+02,  3.66344E+02
 4.00463E+02,  4.46895E+02,  5.05477E+02,  5.74481E+02,  6.50418E+02
 7.27816E+02,  7.99563E+02,  8.58115E+02,  8.97285E+02,  9.14056E+02
 9.95642E+02,  9.95642E+02,  6.32554E+02,  6.32554E+02,  6.32554E+02
 6.32554E+02,  6.32554E+02,  6.32554E+02,  3.02496E+02,  3.19425E+02
 3.28271E+02,  3.43122E+02,  3.66344E+02,  4.00463E+02,  4.46895E+02
 5.05477E+02,  5.74481E+02,  6.50418E+02,  7.27816E+02,  7.99563E+02
 8.58115E+02,  8.97285E+02,  9.14056E+02,  9.95642E+02,  9.95642E+02
 6.32554E+02,  6.32554E+02,  6.32554E+02,  6.32554E+02,  6.32554E+02
 6.32554E+02,  3.02496E+02,  3.19425E+02,  3.28271E+02,  3.43122E+02
 3.66344E+02,  4.00463E+02,  4.46895E+02,  5.05477E+02,  5.74481E+02
 6.50418E+02,  7.27816E+02,  7.99563E+02,  8.58115E+02,  8.97285E+02
 9.14056E+02,  9.95642E+02,  9.95642E+02,  6.32554E+02,  6.32554E+02
 6.32554E+02,  6.32554E+02,  6.32554E+02,  6.32554E+02,  3.02496E+02
 3.19425E+02,  3.28271E+02,  3.43122E+02,  3.66344E+02,  4.00463E+02
 4.46895E+02,  5.05477E+02,  5.74481E+02,  6.50418E+02,  7.27816E+02
 7.99563E+02,  8.58115E+02,  8.97285E+02,  9.14056E+02,  9.95642E+02
 9.95642E+02,  6.32554E+02,  6.32554E+02,  6.32554E+02,  6.32554E+02
 6.32554E+02,  6.32554E+02,  3.02496E+02,  3.19425E+02,  3.28271E+02
 3.43122E+02,  3.66344E+02,  4.00463E+02,  4.46895E+02,  5.05477E+02
 5.74481E+02,  6.50418E+02,  7.27816E+02,  7.99563E+02,  8.58115E+02
 8.97285E+02,  9.14056E+02,  9.95642E+02,  9.95642E+02,  6.32554E+02
 6.32554E+02,  6.32554E+02,  6.32554E+02,  6.32554E+02,  6.32554E+02
 3.02496E+02,  3.19425E+02,  3.28271E+02,  3.43122E+02,  3.66344E+02
 4.00463E+02,  4.46895E+02,  5.05477E+02,  5.74481E+02,  6.50418E+02
 7.27816E+02,  7.99563E+02,  8.58115E+02,  8.97285E+02,  9.14056E+02
 9.95642E+02,  9.95642E+02,  6.32554E+02,  6.32554E+02,  6.32554E+02
 6.32554E+02,  6.32554E+02,  6.32554E+02,  5.37292E+02,  5.41569E+02
 5.34994E+02,  5.15767E+02,  5.04161E+02,  5.04465E+02,  5.09740E+02
 5.13423E+02,  5.11548E+02,  5.02998E+02,  4.88960E+02,  4.71746E+02
 4.53759E+02,  4.36988E+02,  4.23279E+02,  4.12956E+02,  4.12956E+02
 3.84653E+02,  3.84653E+02,  3.84653E+02,  3.84653E+02,  3.84653E+02
 3.84653E+02,  5.37292E+02,  5.41569E+02,  5.34994E+02,  5.15767E+02
 5.04161E+02,  5.04465E+02,  5.09740E+02,  5.13423E+02,  5.11548E+02
 5.02998E+02,  4.88960E+02,  4.71746E+02,  4.53759E+02,  4.36988E+02
 4.23279E+02,  4.12956E+02,  4.12956E+02,  3.84653E+02,  3.84653E+02
 3.84653E+02,  3.84653E+02,  3.84653E+02,  3.84653E+02,  3.34547E+02
 4.01062E+02,  5.18895E+02,  6.13944E+02,  6.32594E+02,  6.08331E+02
 5.73663E+02,  5.40458E+02,  5.11447E+02,  4.86640E+02,  4.65540E+02
 4.47754E+02,  4.33057E+02,  4.21333E+02,  4.12594E+02,  4.08455E+02
 4.08455E+02,  3.99430E+02,  3.99430E+02,  3.99430E+02,  3.99430E+02
 3.99430E+02,  3.99430E+02,  2.96666E+02,  2.66744E+02,  3.87580E+02
 5.63462E+02,  6.45800E+02,  6.41358E+02,  6.03406E+02,  5.60793E+02
 5.23009E+02,  4.91757E+02,  4.66469E+02,  4.46233E+02,  4.30300E+02
 4.18131E+02,  4.09398E+02,  4.04030E+02,  4.04030E+02,  3.98123E+02
 3.98123E+02,  3.98123E+02,  3.98123E+02,  3.98123E+02,  3.98123E+02
 3.92681E+02,  1.65939E+02,  2.85151E+02,  5.10023E+02,  6.54930E+02
 6.78680E+02,  6.40644E+02,  5.87892E+02,  5.39426E+02,  4.99787E+02
 4.68632E+02,  4.44581E+02,  4.26361E+02,  4.13006E+02,  4.03854E+02
 3.95378E+02,  3.95378E+02,  3.91960E+02,  3.91960E+02,  3.91960E+02
 3.91960E+02,  3.91960E+02,  3.91960E+02,  3.04292E+02,  1.32510E+02
 2.24238E+02,  4.68890E+02,  6.62923E+02,  7.15206E+02,  6.79597E+02
 6.17666E+02,  5.58426E+02,  5.09979E+02,  4.72509E+02,  4.44253E+02
 4.23431E+02,  4.08642E+02,  3.98890E+02,  3.87889E+02,  3.87889E+02
 3.86788E+02,  3.86788E+02,  3.86788E+02,  3.86788E+02,  3.86788E+02
 3.86788E+02,  2.95995E+02,  1.15785E+02,  2.05115E+02,  4.51150E+02
 6.74535E+02,  7.49141E+02,  7.15948E+02,  6.45746E+02,  5.76334E+02
 5.19420E+02,  4.75850E+02,  4.43542E+02,  4.20228E+02,  4.04090E+02
 3.93797E+02,  3.80450E+02,  3.80450E+02,  3.81760E+02,  3.81760E+02
 3.81760E+02,  3.81760E+02,  3.81760E+02,  3.81760E+02,  3.27262E+02
 1.41813E+02,  2.12321E+02,  4.52987E+02,  6.91262E+02,  7.80642E+02
 7.48781E+02,  6.71069E+02,  5.92281E+02,  5.27482E+02,  4.78232E+02
 4.42180E+02,  4.16602E+02,  3.99277E+02,  3.88559E+02,  3.73052E+02
 3.73052E+02,  3.76908E+02,  3.76908E+02,  3.76908E+02,  3.76908E+02
 3.76908E+02,  3.76908E+02,  3.14409E+02,  1.36083E+02,  2.16624E+02
 4.60503E+02,  7.09065E+02,  8.08673E+02,  7.77602E+02,  6.93229E+02
 6.05927E+02,  5.33903E+02,  4.79468E+02,  4.40040E+02,  4.12467E+02
 3.94149E+02,  3.83140E+02,  3.65672E+02,  3.65672E+02,  3.72235E+02
 3.72235E+02,  3.72235E+02,  3.72235E+02,  3.72235E+02,  3.72235E+02
 3.51781E+02,  1.42943E+02,  2.17440E+02,  4.64263E+02,  7.21790E+02
 8.31045E+02,  8.01749E+02,  7.11887E+02,  6.17000E+02,  5.38462E+02
 4.79392E+02,  4.37008E+02,  4.07750E+02,  3.88657E+02,  3.77509E+02
 3.58283E+02,  3.58283E+02,  3.67740E+02,  3.67740E+02,  3.67740E+02
 3.67740E+02,  3.67740E+02,  3.67740E+02,  2.84266E+02,  1.35713E+02
 2.14820E+02,  4.59793E+02,  7.24063E+02,  8.45282E+02,  8.20283E+02
 7.26539E+02,  6.25149E+02,  5.40929E+02,  4.77879E+02,  4.33036E+02
 4.02451E+02,  3.82834E+02,  3.71714E+02,  3.50979E+02,  3.50979E+02
 3.63523E+02,  3.63523E+02,  3.63523E+02,  3.63523E+02,  3.63523E+02
 3.63523E+02,  3.23932E+02,  1.45401E+02,  2.11638E+02,  4.45562E+02
 7.15406E+02,  8.52362E+02,  8.34343E+02,  7.37879E+02,  6.30679E+02
 5.41397E+02,  4.74918E+02,  4.28060E+02,  3.96481E+02,  3.76575E+02
 3.65645E+02,  3.43600E+02,  3.43600E+02,  3.59453E+02,  3.59453E+02
 3.59453E+02,  3.59453E+02,  3.59453E+02,  3.59453E+02,  2.97048E+02
 1.36994E+02,  1.99784E+02,  4.23165E+02,  6.99755E+02,  8.55002E+02
 8.45238E+02,  7.46371E+02,  6.33678E+02,  5.39824E+02,  4.70437E+02
 4.22004E+02,  3.89765E+02,  3.69810E+02,  3.59238E+02,  3.36064E+02
 3.36064E+02,  3.55469E+02,  3.55469E+02,  3.55469E+02,  3.55469E+02
 3.55469E+02,  3.55469E+02,  2.92621E+02,  1.32569E+02,  1.86139E+02
 4.00541E+02,  6.84019E+02,  8.55777E+02,  8.52964E+02,  7.51351E+02
 6.33585E+02,  5.35895E+02,  4.64311E+02,  4.14869E+02,  3.82377E+02
 3.62650E+02,  3.52620E+02,  3.28564E+02,  3.28564E+02,  3.51741E+02
 3.51741E+02,  3.51741E+02,  3.51741E+02,  3.51741E+02,  3.51741E+02
 3.30134E+02,  1.28319E+02,  1.79039E+02,  3.88853E+02,  6.76971E+02
 8.58843E+02,  8.58661E+02,  7.52930E+02,  6.30341E+02,  5.29571E+02
 4.56532E+02,  4.06655E+02,  3.74314E+02,  3.55090E+02,  3.45779E+02
 3.21077E+02,  3.21077E+02,  3.48237E+02,  3.48237E+02,  3.48237E+02
 3.48237E+02,  3.48237E+02,  3.48237E+02,  3.20838E+02,  1.33236E+02
 1.83319E+02,  3.93814E+02,  6.83506E+02,  8.66511E+02,  8.62792E+02
 7.51065E+02,  6.23912E+02,  5.20873E+02,  4.47137E+02,  3.97392E+02
 3.65596E+02,  3.47136E+02,  3.38715E+02,  3.13591E+02,  3.13591E+02
 3.44935E+02,  3.44935E+02,  3.44935E+02,  3.44935E+02,  3.44935E+02
 3.44935E+02,  3.36478E+02,  1.45008E+02,  1.98390E+02,  4.13964E+02
 7.01947E+02,  8.77009E+02,  8.63957E+02,  7.45038E+02,  6.14079E+02
 5.09823E+02,  4.36232E+02,  3.87209E+02,  3.56349E+02,  3.38906E+02
 3.31536E+02,  3.06237E+02,  3.06237E+02,  3.41937E+02,  3.41937E+02
 3.41937E+02,  3.41937E+02,  3.41937E+02,  3.41937E+02,  3.86933E+02
 1.58705E+02,  2.19132E+02,  4.42444E+02,  7.26053E+02,  8.87228E+02
 8.61509E+02,  7.35161E+02,  6.01296E+02,  4.96743E+02,  4.23978E+02
 3.76138E+02,  3.46522E+02,  3.30299E+02,  3.24114E+02,  2.98819E+02
 2.98819E+02,  3.39072E+02,  3.39072E+02,  3.39072E+02,  3.39072E+02
 3.39072E+02,  3.39072E+02,  2.90421E+02,  1.65521E+02,  2.36222E+02
 4.67392E+02,  7.45133E+02,  8.91582E+02,  8.53709E+02,  7.21245E+02
 5.85753E+02,  4.81827E+02,  4.10494E+02,  3.64231E+02,  3.36117E+02
 3.21288E+02,  3.16408E+02,  2.91269E+02,  2.91269E+02,  3.36274E+02
 3.36274E+02,  3.36274E+02,  3.36274E+02,  3.36274E+02,  3.36274E+02
 3.26157E+02,  1.67938E+02,  2.43730E+02,  4.76397E+02,  7.47821E+02
 8.83528E+02,  8.37759E+02,  7.02342E+02,  5.67261E+02,  4.65175E+02
 3.95983E+02,  3.51722E+02,  3.25376E+02,  3.12109E+02,  3.08639E+02
 2.83854E+02,  2.83854E+02,  3.33751E+02,  3.33751E+02,  3.33751E+02
 3.33751E+02,  3.33751E+02,  3.33751E+02,  3.05698E+02,  1.67031E+02
 2.38489E+02,  4.66394E+02,  7.32111E+02,  8.62669E+02,  8.14197E+02
 6.79165E+02,  5.46398E+02,  4.47184E+02,  3.80701E+02,  3.38770E+02
 3.14390E+02,  3.02808E+02,  3.00827E+02,  2.76571E+02,  2.76571E+02
 3.31468E+02,  3.31468E+02,  3.31468E+02,  3.31468E+02,  3.31468E+02
 3.31468E+02,  2.89764E+02,  1.55928E+02,  2.26566E+02,  4.47814E+02
 7.06567E+02,  8.33931E+02,  7.85546E+02,  6.53066E+02,  5.23930E+02
 4.28308E+02,  3.64921E+02,  3.25539E+02,  3.03253E+02,  2.93439E+02
 2.92997E+02,  2.69419E+02,  2.69419E+02,  3.29404E+02,  3.29404E+02
 3.29404E+02,  3.29404E+02,  3.29404E+02,  3.29404E+02,  3.57520E+02
 1.60382E+02,  2.23590E+02,  4.36031E+02,  6.83644E+02,  8.04032E+02
 7.54741E+02,  6.25376E+02,  5.00575E+02,  4.09004E+02,  3.48970E+02
 3.12277E+02,  2.92167E+02,  2.84167E+02,  2.85294E+02,  2.62543E+02
 2.62543E+02,  3.27669E+02,  3.27669E+02,  3.27669E+02,  3.27669E+02
 3.27669E+02,  3.27669E+02,  3.60032E+02,  1.67332E+02,  2.33601E+02
 4.40696E+02,  6.73488E+02,  7.80099E+02,  7.25841E+02,  5.98160E+02
 4.77328E+02,  3.89727E+02,  3.33018E+02,  2.98995E+02,  2.81049E+02
 2.74858E+02,  2.77555E+02,  2.55721E+02,  2.55721E+02,  3.26076E+02
 3.26076E+02,  3.26076E+02,  3.26076E+02,  3.26076E+02,  3.26076E+02
 3.01792E+02,  1.81433E+02,  2.56221E+02,  4.63419E+02,  6.78972E+02
 7.65171E+02,  7.00982E+02,  5.72575E+02,  4.54771E+02,  3.70774E+02
 3.17212E+02,  2.85756E+02,  2.69913E+02,  2.65495E+02,  2.69746E+02
 2.48883E+02,  2.48883E+02,  3.24562E+02,  3.24562E+02,  3.24562E+02
 3.24562E+02,  3.24562E+02,  3.24562E+02,  3.17322E+02,  1.98118E+02
 2.87050E+02,  4.98559E+02,  6.95896E+02,  7.57696E+02,  6.79802E+02
 5.48647E+02,  4.33108E+02,  3.52432E+02,  3.01871E+02,  2.72882E+02
 2.59069E+02,  2.56375E+02,  2.62144E+02,  2.42338E+02,  2.42338E+02
 3.23356E+02,  3.23356E+02,  3.23356E+02,  3.23356E+02,  3.23356E+02
 3.23356E+02,  3.44614E+02,  2.11500E+02,  3.13635E+02,  5.34247E+02
 7.17422E+02,  7.55263E+02,  6.61885E+02,  5.26577E+02,  4.12636E+02
 3.34944E+02,  2.87167E+02,  2.60489E+02,  2.48591E+02,  2.47538E+02
 2.54768E+02,  2.36082E+02,  2.36082E+02,  3.22426E+02,  3.22426E+02
 3.22426E+02,  3.22426E+02,  3.22426E+02,  3.22426E+02,  3.25544E+02
 2.09371E+02,  3.26724E+02,  5.60839E+02,  7.37020E+02,  7.54452E+02
 6.45951E+02,  5.06145E+02,  3.93461E+02,  3.18458E+02,  2.73219E+02
 2.48660E+02,  2.38536E+02,  2.39022E+02,  2.47640E+02,  2.30111E+02
 2.30111E+02,  3.21746E+02,  3.21746E+02,  3.21746E+02,  3.21746E+02
 3.21746E+02,  3.21746E+02,  3.42758E+02,  2.07098E+02,  3.30562E+02
 5.76294E+02,  7.49329E+02,  7.50636E+02,  6.29721E+02,  4.86654E+02
 3.75508E+02,  3.03076E+02,  2.60173E+02,  2.37551E+02,  2.29057E+02
 2.30971E+02,  2.40895E+02,  2.24563E+02,  2.24563E+02,  3.21430E+02
 3.21430E+02,  3.21430E+02,  3.21430E+02,  3.21430E+02,  3.21430E+02
 3.39645E+02,  2.02140E+02,  3.31601E+02,  5.82257E+02,  7.50572E+02
 7.40228E+02,  6.11752E+02,  4.67784E+02,  3.58704E+02,  2.88713E+02
 2.47899E+02,  2.26997E+02,  2.19964E+02,  2.23184E+02,  2.34328E+02
 2.19185E+02,  2.19185E+02,  3.21285E+02,  3.21285E+02,  3.21285E+02
 3.21285E+02,  3.21285E+02,  3.21285E+02,  3.16287E+02,  2.07784E+02
 3.37277E+02,  5.78281E+02,  7.35551E+02,  7.19332E+02,  5.90537E+02
 4.49117E+02,  3.42921E+02,  2.75299E+02,  2.36342E+02,  2.16948E+02
 2.11212E+02,  2.15613E+02,  2.27887E+02,  2.13904E+02,  2.13904E+02
 3.21251E+02,  3.21251E+02,  3.21251E+02,  3.21251E+02,  3.21251E+02
 3.21251E+02,  3.35368E+02,  2.26984E+02,  3.46887E+02,  5.59228E+02
 6.98786E+02,  6.84676E+02,  5.64773E+02,  4.30251E+02,  3.28116E+02
 2.62959E+02,  2.25715E+02,  2.07668E+02,  2.03086E+02,  2.08551E+02
 2.21863E+02,  2.09035E+02,  2.09035E+02,  3.21563E+02,  3.21563E+02
 3.21563E+02,  3.21563E+02,  3.21563E+02,  3.21563E+02,  3.21670E+02
 2.43126E+02,  3.49584E+02,  5.23727E+02,  6.42896E+02,  6.38627E+02
 5.35633E+02,  4.11595E+02,  3.14394E+02,  2.51714E+02,  2.16030E+02
 1.99166E+02,  1.95596E+02,  2.02004E+02,  2.16255E+02,  2.04569E+02
 2.04569E+02,  3.22187E+02,  3.22187E+02,  3.22187E+02,  3.22187E+02
 3.22187E+02,  3.22187E+02,  2.91632E+02,  2.65649E+02,  3.53033E+02
 4.81865E+02,  5.79502E+02,  5.88151E+02,  5.05804E+02,  3.93911E+02
 3.01902E+02,  2.41566E+02,  2.07267E+02,  1.91432E+02,  1.88737E+02
 1.95970E+02,  2.11063E+02,  2.00490E+02,  2.00490E+02,  3.23099E+02
 3.23099E+02,  3.23099E+02,  3.23099E+02,  3.23099E+02,  3.23099E+02
 4.66602E+02,  3.27407E+02,  3.66658E+02,  4.47220E+02,  5.22940E+02
 5.41790E+02,  4.78508E+02,  3.78055E+02,  2.90811E+02,  2.32564E+02
 1.99481E+02,  1.84540E+02,  1.82601E+02,  1.90555E+02,  2.06399E+02
 1.96921E+02,  1.96921E+02,  3.24406E+02,  3.24406E+02,  3.24406E+02
 3.24406E+02,  3.24406E+02,  3.24406E+02,  3.71279E+02,  3.72864E+02
 3.90174E+02,  4.28447E+02,  4.83834E+02,  5.07355E+02,  4.57235E+02
 3.65003E+02,  2.81194E+02,  2.24534E+02,  1.92442E+02,  1.78246E+02
 1.76942E+02,  1.85513E+02,  2.02024E+02,  1.93593E+02,  1.93593E+02
 3.25921E+02,  3.25921E+02,  3.25921E+02,  3.25921E+02,  3.25921E+02
 3.25921E+02,  5.43383E+02,  4.42136E+02,  4.19634E+02,  4.26921E+02
 4.66823E+02,  4.89471E+02,  4.44314E+02,  3.55397E+02,  2.73111E+02
 2.17408E+02,  1.86063E+02,  1.72468E+02,  1.71685E+02,  1.80775E+02
 1.97872E+02,  1.90428E+02,  1.90428E+02,  3.27591E+02,  3.27591E+02
 3.27591E+02,  3.27591E+02,  3.27591E+02,  3.27591E+02,  5.69953E+02
 4.48286E+02,  4.34304E+02,  4.40931E+02,  4.74123E+02,  4.90355E+02
 4.40744E+02,  3.49501E+02,  2.66709E+02,  2.11377E+02,  1.80572E+02
 1.67455E+02,  1.67093E+02,  1.76618E+02,  1.94228E+02,  1.87737E+02
 1.87737E+02,  3.29643E+02,  3.29643E+02,  3.29643E+02,  3.29643E+02
 3.29643E+02,  3.29643E+02,  3.30442E+02,  3.65924E+02,  4.31058E+02
 4.73380E+02,  5.07747E+02,  5.10368E+02,  4.46272E+02,  3.47121E+02
 2.61938E+02,  2.06437E+02,  1.75965E+02,  1.63197E+02,  1.63155E+02
 1.73028E+02,  1.91076E+02,  1.85507E+02,  1.85507E+02,  3.32043E+02
 3.32043E+02,  3.32043E+02,  3.32043E+02,  3.32043E+02,  3.32043E+02
 3.85724E+02,  3.59903E+02,  4.56841E+02,  5.33679E+02,  5.66355E+02
 5.45878E+02,  4.58521E+02,  3.47398E+02,  2.58593E+02,  2.02543E+02
 1.72217E+02,  1.59668E+02,  1.59846E+02,  1.69985E+02,  1.88400E+02
 1.83716E+02,  1.83716E+02,  3.34768E+02,  3.34768E+02,  3.34768E+02
 3.34768E+02,  3.34768E+02,  3.34768E+02,  3.68520E+02,  4.06045E+02
 5.31296E+02,  6.15110E+02,  6.35222E+02,  5.85898E+02,  4.72427E+02
 3.48816E+02,  2.56381E+02,  1.99694E+02,  1.69379E+02,  1.56930E+02
 1.57236E+02,  1.67571E+02,  1.86297E+02,  1.82474E+02,  1.82474E+02
 3.37913E+02,  3.37913E+02,  3.37913E+02,  3.37913E+02,  3.37913E+02
 3.37913E+02,  4.14103E+02,  4.67589E+02,  5.82276E+02,  6.61160E+02
 6.77913E+02,  6.11756E+02,  4.81169E+02,  3.49520E+02,  2.54792E+02
 1.97623E+02,  1.67204E+02,  1.54727E+02,  1.55066E+02,  1.65527E+02
 1.84509E+02,  1.81513E+02,  1.81513E+02,  3.41313E+02,  3.41313E+02
 3.41313E+02,  3.41313E+02,  3.41313E+02,  3.41313E+02,  3.45468E+02
 3.66670E+02,  4.83198E+02,  5.99932E+02,  6.52739E+02,  6.03744E+02
 4.78163E+02,  3.47873E+02,  2.53464E+02,  1.96210E+02,  1.65603E+02
 1.52975E+02,  1.53255E+02,  1.63778E+02,  1.82969E+02,  1.80757E+02
 1.80757E+02,  3.44932E+02,  3.44932E+02,  3.44932E+02,  3.44932E+02
 3.44932E+02,  3.44932E+02,  2.91935E+02,  2.91255E+02,  3.60903E+02
 4.72029E+02,  5.59383E+02,  5.54974E+02,  4.60051E+02,  3.43001E+02
 2.52354E+02,  1.95618E+02,  1.64787E+02,  1.51905E+02,  1.52050E+02
 1.62586E+02,  1.81951E+02,  1.80509E+02,  1.80509E+02,  3.48969E+02
 3.48969E+02,  3.48969E+02,  3.48969E+02,  3.48969E+02,  3.48969E+02
 5.09250E+02,  3.53639E+02,  3.24035E+02,  3.70938E+02,  4.46565E+02
 4.80377E+02,  4.29602E+02,  3.35260E+02,  2.51486E+02,  1.95820E+02
 1.64723E+02,  1.51484E+02,  1.51425E+02,  1.61929E+02,  1.81433E+02
 1.80759E+02,  1.80759E+02,  3.53394E+02,  3.53394E+02,  3.53394E+02
 3.53394E+02,  3.53394E+02,  3.53394E+02,  3.65387E+02,  4.59316E+02
 3.56350E+02,  3.15976E+02,  3.53679E+02,  4.03483E+02,  3.93938E+02
 3.26118E+02,  2.51073E+02,  1.96791E+02,  1.65352E+02,  1.51664E+02
 1.51341E+02,  1.61776E+02,  1.81392E+02,  1.81487E+02,  1.81487E+02
 3.58186E+02,  3.58186E+02,  3.58186E+02,  3.58186E+02,  3.58186E+02
 3.58186E+02,  8.31741E+02,  7.87561E+02,  4.55115E+02,  2.92414E+02
 2.89440E+02,  3.40333E+02,  3.60756E+02,  3.17641E+02,  2.51498E+02
 1.98569E+02,  1.66681E+02,  1.52471E+02,  1.51848E+02,  1.62198E+02
 1.81912E+02,  1.82799E+02,  1.82799E+02,  3.63426E+02,  3.63426E+02
 3.63426E+02,  3.63426E+02,  3.63426E+02,  3.63426E+02,  6.95503E+02
 1.22647E+03,  6.00273E+02,  2.83449E+02,  2.48794E+02,  2.96568E+02
 3.35841E+02,  3.11910E+02,  2.53038E+02,  2.00946E+02,  1.68423E+02
 1.53624E+02,  1.52677E+02,  1.62930E+02,  1.82738E+02,  1.84434E+02
 1.84434E+02,  3.68991E+02,  3.68991E+02,  3.68991E+02,  3.68991E+02
 3.68991E+02,  3.68991E+02,  8.81165E+02,  1.36537E+03,  6.71452E+02
 2.76255E+02,  2.26020E+02,  2.72196E+02,  3.22435E+02,  3.10640E+02
 2.56027E+02,  2.03843E+02,  1.70449E+02,  1.55013E+02,  1.53737E+02
 1.63897E+02,  1.83801E+02,  1.86326E+02,  1.86326E+02,  3.74866E+02
 3.74866E+02,  3.74866E+02,  3.74866E+02,  3.74866E+02,  3.74866E+02
 9.60382E+02,  1.01707E+03,  6.03094E+02,  2.68248E+02,  2.18815E+02
 2.66657E+02,  3.22388E+02,  3.15026E+02,  2.60782E+02,  2.07378E+02
 1.72909E+02,  1.56836E+02,  1.55259E+02,  1.65351E+02,  1.85370E+02
 1.88777E+02,  1.88777E+02,  3.81209E+02,  3.81209E+02,  3.81209E+02
 3.81209E+02,  3.81209E+02,  3.81209E+02,  3.59574E+02,  6.20592E+02
 5.18531E+02,  2.65188E+02,  2.27324E+02,  2.80390E+02,  3.36739E+02
 3.25466E+02,  2.67214E+02,  2.11406E+02,  1.75706E+02,  1.59036E+02
 1.57209E+02,  1.67269E+02,  1.87422E+02,  1.91781E+02,  1.91781E+02
 3.87993E+02,  3.87993E+02,  3.87993E+02,  3.87993E+02,  3.87993E+02
 3.87993E+02,  4.68671E+02,  6.48027E+02,  4.75358E+02,  2.70065E+02
 2.53546E+02,  3.15263E+02,  3.65675E+02,  3.41348E+02,  2.74865E+02
 2.15691E+02,  1.78723E+02,  1.61551E+02,  1.59547E+02,  1.69621E+02
 1.89937E+02,  1.95329E+02,  1.95329E+02,  3.95203E+02,  3.95203E+02
 3.95203E+02,  3.95203E+02,  3.95203E+02,  3.95203E+02,  5.65132E+02
 6.70939E+02,  4.00834E+02,  2.82268E+02,  3.01555E+02,  3.73624E+02
 4.07438E+02,  3.60706E+02,  2.82881E+02,  2.19968E+02,  1.81902E+02
 1.64394E+02,  1.62320E+02,  1.72475E+02,  1.92992E+02,  1.99523E+02
 1.99523E+02,  4.02898E+02,  4.02898E+02,  4.02898E+02,  4.02898E+02
 4.02898E+02,  4.02898E+02,  6.30664E+02,  4.00899E+02,  3.08019E+02
 3.09173E+02,  3.77510E+02,  4.54824E+02,  4.56686E+02,  3.80238E+02
 2.90033E+02,  2.23735E+02,  1.84929E+02,  1.67298E+02,  1.65273E+02
 1.75580E+02,  1.96345E+02,  2.04123E+02,  2.04123E+02,  4.11021E+02
 4.11021E+02,  4.11021E+02,  4.11021E+02,  4.11021E+02,  4.11021E+02
 2.86173E+02,  2.55379E+02,  2.79560E+02,  3.67007E+02,  4.84196E+02
 5.48322E+02,  5.03179E+02,  3.95747E+02,  2.95123E+02,  2.26661E+02
 1.87671E+02,  1.70175E+02,  1.68333E+02,  1.78871E+02,  1.99940E+02
 2.09083E+02,  2.09083E+02,  4.19596E+02,  4.19596E+02,  4.19596E+02
 4.19596E+02,  4.19596E+02,  4.19596E+02,  3.58302E+02,  2.53303E+02
 3.06609E+02,  4.55210E+02,  5.98366E+02,  6.25145E+02,  5.32351E+02
 4.02874E+02,  2.97223E+02,  2.28700E+02,  1.90295E+02,  1.73247E+02
 1.71742E+02,  1.82607E+02,  2.04039E+02,  2.14700E+02,  2.14700E+02
 4.28710E+02,  4.28710E+02,  4.28710E+02,  4.28710E+02,  4.28710E+02
 4.28710E+02,  3.10723E+02,  2.50338E+02,  3.42467E+02,  5.22680E+02
 6.57627E+02,  6.48265E+02,  5.32671E+02,  3.99156E+02,  2.95901E+02
 2.29792E+02,  1.92791E+02,  1.76504E+02,  1.75491E+02,  1.86774E+02
 2.08629E+02,  2.20979E+02,  2.20979E+02,  4.38339E+02,  4.38339E+02
 4.38339E+02,  4.38339E+02,  4.38339E+02,  4.38339E+02,  3.06436E+02
 2.60305E+02,  3.51909E+02,  5.08550E+02,  6.16484E+02,  6.04023E+02
 5.03172E+02,  3.85122E+02,  2.91432E+02,  2.30029E+02,  1.95179E+02
 1.79941E+02,  1.79565E+02,  1.91358E+02,  2.13696E+02,  2.27920E+02
 2.27920E+02,  4.48474E+02,  4.48474E+02,  4.48474E+02,  4.48474E+02
 4.48474E+02,  4.48474E+02,  4.03154E+02,  3.16519E+02,  3.44006E+02
 4.30369E+02,  5.06929E+02,  5.16091E+02,  4.53921E+02,  3.63937E+02
 2.84710E+02,  2.29685E+02,  1.97571E+02,  1.83633E+02,  1.84036E+02
 1.96434E+02,  2.19318E+02,  2.35628E+02,  2.35628E+02,  4.59143E+02
 4.59143E+02,  4.59143E+02,  4.59143E+02,  4.59143E+02,  4.59143E+02
 3.59720E+02,  3.63172E+02,  3.35819E+02,  3.49022E+02,  3.94154E+02
 4.22464E+02,  3.99806E+02,  3.40213E+02,  2.76934E+02,  2.28946E+02
 1.99861E+02,  1.87387E+02,  1.88685E+02,  2.01780E+02,  2.25279E+02
 2.43898E+02,  2.43898E+02,  4.70392E+02,  4.70392E+02,  4.70392E+02
 4.70392E+02,  4.70392E+02,  4.70392E+02,  4.74530E+02,  4.55379E+02
 3.49741E+02,  2.96958E+02,  3.12236E+02,  3.46913E+02,  3.52114E+02
 3.18052E+02,  2.69371E+02,  2.28150E+02,  2.02109E+02,  1.91186E+02
 1.93478E+02,  2.07358E+02,  2.31546E+02,  2.52714E+02,  2.52714E+02
 4.82293E+02,  4.82293E+02,  4.82293E+02,  4.82293E+02,  4.82293E+02
 4.82293E+02,  4.63346E+02,  5.75622E+02,  3.99198E+02,  2.77839E+02
 2.64655E+02,  2.96280E+02,  3.16580E+02,  3.00366E+02,  2.63220E+02
 2.27829E+02,  2.04643E+02,  1.95303E+02,  1.98675E+02,  2.13427E+02
 2.38372E+02,  2.62358E+02,  2.62358E+02,  4.94824E+02,  4.94824E+02
 4.94824E+02,  4.94824E+02,  4.94824E+02,  4.94824E+02,  4.97186E+02
 6.71508E+02,  4.77745E+02,  2.84424E+02,  2.43980E+02,  2.68648E+02
 2.94820E+02,  2.88753E+02,  2.59265E+02,  2.28285E+02,  2.07570E+02
 1.99780E+02,  2.04293E+02,  2.19992E+02,  2.45749E+02,  2.72843E+02
 2.72843E+02,  5.07961E+02,  5.07961E+02,  5.07961E+02,  5.07961E+02
 5.07961E+02,  5.07961E+02,  4.88408E+02,  7.78792E+02,  5.63119E+02
 3.04565E+02,  2.41901E+02,  2.59692E+02,  2.86125E+02,  2.83656E+02
 2.57882E+02,  2.29700E+02,  2.10967E+02,  2.04649E+02,  2.10348E+02
 2.27059E+02,  2.53678E+02,  2.84183E+02,  2.84183E+02,  5.21703E+02
 5.21703E+02,  5.21703E+02,  5.21703E+02,  5.21703E+02,  5.21703E+02
 5.49020E+02,  7.98258E+02,  5.99309E+02,  3.22960E+02,  2.52067E+02
 2.65864E+02,  2.89114E+02,  2.84810E+02,  2.59139E+02,  2.32192E+02
 2.14944E+02,  2.10006E+02,  2.16925E+02,  2.34705E+02,  2.62230E+02
 2.96467E+02,  2.96467E+02,  5.36022E+02,  5.36022E+02,  5.36022E+02
 5.36022E+02,  5.36022E+02,  5.36022E+02,  5.10463E+02,  7.15931E+02
 5.53529E+02,  3.29099E+02,  2.70674E+02,  2.84857E+02,  3.02202E+02
 2.91376E+02,  2.62683E+02,  2.35582E+02,  2.19349E+02,  2.15686E+02
 2.23847E+02,  2.42750E+02,  2.71230E+02,  3.09557E+02,  3.09557E+02
 5.51117E+02,  5.51117E+02,  5.51117E+02,  5.51117E+02,  5.51117E+02
 5.51117E+02,  4.91415E+02,  6.06829E+02,  4.69151E+02,  3.28492E+02
 2.98347E+02,  3.16055E+02,  3.23988E+02,  3.02327E+02,  2.68099E+02
 2.39768E+02,  2.24169E+02,  2.21692E+02,  2.31112E+02,  2.51189E+02
 2.80679E+02,  3.23489E+02,  3.23489E+02,  5.67130E+02,  5.67130E+02
 5.67130E+02,  5.67130E+02,  5.67130E+02,  5.67130E+02,  5.37275E+02
 5.08437E+02,  4.01638E+02,  3.38947E+02,  3.40293E+02,  3.59852E+02
 3.52895E+02,  3.16503E+02,  2.75035E+02,  2.44825E+02,  2.29631E+02
 2.28285E+02,  2.38979E+02,  2.60264E+02,  2.90787E+02,  3.38481E+02
 3.38481E+02,  5.83863E+02,  5.83863E+02,  5.83863E+02,  5.83863E+02
 5.83863E+02,  5.83863E+02,  3.88493E+02,  4.23576E+02,  3.86928E+02
 3.78820E+02,  4.02914E+02,  4.15430E+02,  3.86370E+02,  3.32396E+02
 2.82958E+02,  2.50643E+02,  2.35754E+02,  2.35503E+02,  2.47475E+02
 2.69984E+02,  3.01550E+02,  3.54544E+02,  3.54544E+02,  6.01287E+02
 6.01287E+02,  6.01287E+02,  6.01287E+02,  6.01287E+02,  6.01287E+02
 5.35122E+02,  4.52897E+02,  4.34878E+02,  4.58681E+02,  4.87556E+02
 4.78406E+02,  4.20787E+02,  3.48408E+02,  2.91353E+02,  2.57112E+02
 2.42548E+02,  2.43378E+02,  2.56623E+02,  2.80359E+02,  3.12966E+02
 3.71691E+02,  3.71691E+02,  6.19404E+02,  6.19404E+02,  6.19404E+02
 6.19404E+02,  6.19404E+02,  6.19404E+02,  3.17747E+02,  4.27713E+02
 5.15678E+02,  5.66986E+02,  5.81626E+02,  5.39222E+02,  4.51760E+02
 3.63061E+02,  2.99820E+02,  2.64182E+02,  2.50067E+02,  2.51986E+02
 2.66491E+02,  2.91443E+02,  3.25070E+02,  3.89960E+02,  3.89960E+02
 6.38097E+02,  6.38097E+02,  6.38097E+02,  6.38097E+02,  6.38097E+02
 6.38097E+02,  4.18443E+02,  4.37677E+02,  5.83459E+02,  6.60875E+02
 6.58857E+02,  5.86589E+02,  4.75756E+02,  3.75357E+02,  3.08011E+02
 2.71667E+02,  2.58163E+02,  2.61179E+02,  2.76932E+02,  3.03094E+02
 3.37745E+02,  4.09330E+02,  4.09330E+02,  6.57784E+02,  6.57784E+02
 6.57784E+02,  6.57784E+02,  6.57784E+02,  6.57784E+02,  3.43150E+02
 4.33876E+02,  5.95855E+02,  6.95263E+02,  6.97097E+02,  6.13616E+02
 4.91246E+02,  3.85006E+02,  3.15864E+02,  2.79557E+02,  2.66841E+02
 2.70965E+02,  2.87950E+02,  3.15323E+02,  3.51010E+02,  4.29901E+02
 4.29901E+02,  6.78702E+02,  6.78702E+02,  6.78702E+02,  6.78702E+02
 6.78702E+02,  6.78702E+02,  4.28416E+02,  4.41532E+02,  5.57284E+02
 6.69631E+02,  6.96214E+02,  6.20762E+02,  4.98580E+02,  3.92214E+02
 3.23557E+02,  2.88040E+02,  2.76294E+02,  2.81531E+02,  2.99717E+02
 3.28274E+02,  3.64970E+02,  4.51722E+02,  4.51722E+02,  7.00374E+02
 7.00374E+02,  7.00374E+02,  7.00374E+02,  7.00374E+02,  7.00374E+02
 3.48355E+02,  3.93000E+02,  4.94186E+02,  6.23342E+02,  6.75828E+02
 6.14782E+02,  4.99796E+02,  3.97577E+02,  3.31259E+02,  2.97161E+02
 2.86525E+02,  2.92858E+02,  3.12204E+02,  3.41911E+02,  3.79584E+02
 4.74766E+02,  4.74766E+02,  7.22757E+02,  7.22757E+02,  7.22757E+02
 7.22757E+02,  7.22757E+02,  7.22757E+02,  3.99294E+02,  3.62472E+02
 4.58499E+02,  5.95274E+02,  6.54609E+02,  6.02326E+02,  4.97036E+02
 4.01752E+02,  3.39153E+02,  3.06942E+02,  2.97502E+02,  3.04900E+02
 3.25364E+02,  3.56192E+02,  3.94814E+02,  4.99016E+02,  4.99016E+02
 7.45845E+02,  7.45845E+02,  7.45845E+02,  7.45845E+02,  7.45845E+02
 7.45845E+02,  3.19768E+02,  3.55105E+02,  4.71103E+02,  5.93507E+02
 6.36119E+02,  5.85611E+02,  4.91421E+02,  4.05161E+02,  3.47344E+02
 3.17369E+02,  3.09170E+02,  3.17597E+02,  3.39141E+02,  3.71066E+02
 4.10605E+02,  5.24384E+02,  5.24384E+02,  7.69382E+02,  7.69382E+02
 7.69382E+02,  7.69382E+02,  7.69382E+02,  7.69382E+02,  3.72515E+02
 3.87317E+02,  5.04764E+02,  5.93233E+02,  6.11284E+02,  5.63779E+02
 4.83553E+02,  4.08124E+02,  3.55827E+02,  3.28271E+02,  3.21305E+02
 3.30731E+02,  3.53362E+02,  3.86419E+02,  4.26913E+02,  5.51035E+02
 5.51035E+02,  7.94094E+02,  7.94094E+02,  7.94094E+02,  7.94094E+02
 7.94094E+02,  7.94094E+02,  3.22194E+02,  3.72639E+02,  4.94981E+02
 5.61369E+02,  5.70280E+02,  5.35443E+02,  4.73658E+02,  4.10823E+02
 3.64587E+02,  3.39526E+02,  3.33763E+02,  3.44186E+02,  3.67955E+02
 4.02230E+02,  4.43759E+02,  5.79141E+02,  5.79141E+02,  8.20327E+02
 8.20327E+02,  8.20327E+02,  8.20327E+02,  8.20327E+02,  8.20327E+02
 2.95755E+02,  3.38854E+02,  4.42836E+02,  4.99431E+02,  5.15148E+02
 5.01721E+02,  4.62094E+02,  4.13251E+02,  3.73476E+02,  3.50963E+02
 3.46403E+02,  3.57866E+02,  3.82859E+02,  4.18440E+02,  4.61053E+02
 6.08415E+02,  6.08415E+02,  8.47192E+02,  8.47192E+02,  8.47192E+02
 8.47192E+02,  8.47192E+02,  8.47192E+02,  4.26247E+02,  3.71890E+02
 4.12246E+02,  4.40145E+02,  4.59532E+02,  4.67343E+02,  4.50128E+02
 4.15493E+02,  3.82214E+02,  3.62233E+02,  3.58917E+02,  3.71534E+02
 3.97901E+02,  4.34924E+02,  4.78698E+02,  6.38741E+02,  6.38741E+02
 8.74613E+02,  8.74613E+02,  8.74613E+02,  8.74613E+02,  8.74613E+02
 8.74613E+02,  3.70455E+02,  4.20221E+02,  4.14450E+02,  4.02473E+02
 4.15341E+02,  4.37396E+02,  4.39197E+02,  4.17569E+02,  3.90406E+02
 3.72902E+02,  3.70951E+02,  3.84932E+02,  4.12903E+02,  4.51561E+02
 4.96608E+02,  6.70035E+02,  6.70035E+02,  9.02562E+02,  9.02562E+02
 9.02562E+02,  9.02562E+02,  9.02562E+02,  9.02562E+02,  4.71860E+02
 4.67641E+02,  4.30650E+02,  3.84713E+02,  3.86075E+02,  4.14666E+02
 4.30135E+02,  4.19177E+02,  3.97433E+02,  3.82402E+02,  3.82077E+02
 3.97762E+02,  4.27658E+02,  4.68190E+02,  5.14629E+02,  7.02000E+02
 7.02000E+02,  9.30571E+02,  9.30571E+02,  9.30571E+02,  9.30571E+02
 9.30571E+02,  9.30571E+02,  4.40920E+02,  4.84238E+02,  4.43587E+02
 3.78049E+02,  3.69214E+02,  3.99362E+02,  4.23173E+02,  4.19969E+02
 4.02719E+02,  3.90205E+02,  3.91905E+02,  4.09771E+02,  4.42040E+02
 4.84801E+02,  5.32860E+02,  7.35111E+02,  7.35111E+02,  9.59782E+02
 9.59782E+02,  9.59782E+02,  9.59782E+02,  9.59782E+02,  9.59782E+02
 3.86865E+02,  4.45223E+02,  4.39820E+02,  3.74735E+02,  3.60261E+02
 3.89805E+02,  4.17676E+02,  4.19335E+02,  4.05669E+02,  3.95853E+02
 4.00130E+02,  4.20787E+02,  4.55974E+02,  5.01394E+02,  5.51357E+02
 7.69629E+02,  7.69629E+02,  9.90665E+02,  9.90665E+02,  9.90665E+02
 9.90665E+02,  9.90665E+02,  9.90665E+02,  3.53054E+02,  4.01495E+02
 4.26770E+02,  3.71441E+02,  3.55397E+02,  3.83699E+02,  4.12326E+02
 4.16299E+02,  4.05560E+02,  3.98868E+02,  4.06451E+02,  4.30604E+02
 4.69282E+02,  5.17756E+02,  5.69825E+02,  8.04739E+02,  8.04739E+02
 1.02174E+03,  1.02174E+03,  1.02174E+03,  1.02174E+03,  1.02174E+03
 1.02174E+03,  4.01410E+02,  4.12683E+02,  4.26687E+02,  3.68519E+02
 3.52489E+02,  3.79280E+02,  4.05992E+02,  4.10209E+02,  4.02025E+02
 3.99033E+02,  4.10728E+02,  4.39117E+02,  4.81872E+02,  5.33798E+02
 5.88171E+02,  8.40227E+02,  8.40227E+02,  1.05290E+03,  1.05290E+03
 1.05290E+03,  1.05290E+03,  1.05290E+03,  1.05290E+03,  3.57073E+02
 4.56825E+02,  4.37202E+02,  3.65869E+02,  3.51315E+02,  3.75580E+02
 3.97800E+02,  4.00709E+02,  3.95017E+02,  3.96380E+02,  4.12984E+02
 4.46322E+02,  4.93715E+02,  5.49469E+02,  6.06330E+02,  8.75936E+02
 8.75936E+02,  1.08407E+03,  1.08407E+03,  1.08407E+03,  1.08407E+03
 1.08407E+03,  1.08407E+03,  5.45328E+02,  5.30375E+02,  4.34083E+02
 3.64496E+02,  3.53277E+02,  3.72039E+02,  3.87068E+02,  3.87729E+02
 3.84777E+02,  3.91170E+02,  4.13398E+02,  4.52307E+02,  5.04811E+02
 5.64679E+02,  6.24122E+02,  9.11327E+02,  9.11327E+02,  1.11450E+03
 1.11450E+03,  1.11450E+03,  1.11450E+03,  1.11450E+03,  1.11450E+03
 4.64982E+02,  4.55197E+02,  4.13280E+02,  3.71567E+02,  3.59982E+02
 3.67999E+02,  3.73613E+02,  3.71834E+02,  3.72034E+02,  3.83981E+02
 4.12367E+02,  4.57354E+02,  5.15402E+02,  5.79699E+02,  6.41895E+02
 9.47343E+02,  9.47343E+02,  1.14587E+03,  1.14587E+03,  1.14587E+03
 1.14587E+03,  1.14587E+03,  1.14587E+03,  3.68311E+02,  3.95126E+02
 4.20072E+02,  3.94372E+02,  3.70095E+02,  3.61852E+02,  3.57390E+02
 3.53832E+02,  3.57685E+02,  3.75507E+02,  4.10361E+02,  4.61766E+02
 5.25694E+02,  5.94687E+02,  6.59791E+02,  9.84357E+02,  9.84357E+02
 1.17876E+03,  1.17876E+03,  1.17876E+03,  1.17876E+03,  1.17876E+03
 1.17876E+03,  3.90746E+02,  4.34299E+02,  4.69204E+02,  4.26496E+02
 3.77245E+02,  3.51353E+02,  3.38692E+02,  3.34806E+02,  3.42827E+02
 3.66621E+02,  4.07977E+02,  4.65863E+02,  5.35733E+02,  6.09423E+02
 6.77347E+02,  1.02089E+03,  1.02089E+03,  1.21095E+03,  1.21095E+03
 1.21095E+03,  1.21095E+03,  1.21095E+03,  1.21095E+03,  4.07079E+02
 4.68626E+02,  5.14649E+02,  4.45528E+02,  3.73693E+02,  3.35605E+02
 3.18703E+02,  3.16210E+02,  3.28704E+02,  3.58268E+02,  4.05868E+02
 4.70042E+02,  5.45705E+02,  6.23943E+02,  6.94514E+02,  1.05663E+03
 1.05663E+03,  1.24230E+03,  1.24230E+03,  1.24230E+03,  1.24230E+03
 1.24230E+03,  1.24230E+03,  3.80682E+02,  4.75545E+02,  5.19153E+02
 4.37357E+02,  3.58106E+02,  3.16354E+02,  2.99273E+02,  2.99516E+02
 3.16466E+02,  3.51331E+02,  4.04668E+02,  4.74705E+02,  5.55814E+02
 6.38301E+02,  7.11255E+02,  1.09140E+03,  1.09140E+03,  1.27270E+03
 1.27270E+03,  1.27270E+03,  1.27270E+03,  1.27270E+03,  1.27270E+03
 4.62198E+02,  5.03175E+02,  5.04479E+02,  4.15676E+02,  3.37909E+02
 2.97545E+02,  2.82623E+02,  2.86165E+02,  3.07215E+02,  3.46706E+02
 4.05069E+02,  4.80309E+02,  5.66271E+02,  6.52479E+02,  7.27365E+02
 1.12439E+03,  1.12439E+03,  1.30112E+03,  1.30112E+03,  1.30112E+03
 1.30112E+03,  1.30112E+03,  1.30112E+03,  4.34243E+02,  5.17234E+02
 5.07781E+02,  4.03407E+02,  3.22604E+02,  2.83260E+02,  2.70697E+02
 2.77241E+02,  3.01687E+02,  3.44964E+02,  4.07535E+02,  4.87251E+02
 5.77457E+02,  6.66913E+02,  7.43396E+02,  1.15713E+03,  1.15713E+03
 1.32980E+03,  1.32980E+03,  1.32980E+03,  1.32980E+03,  1.32980E+03
 1.32980E+03,  4.64248E+02,  5.76044E+02,  5.46250E+02,  4.09339E+02
 3.17021E+02,  2.76169E+02,  2.65001E+02,  2.73656E+02,  3.00517E+02
 3.46593E+02,  4.12446E+02,  4.95808E+02,  5.89571E+02,  6.81761E+02
 7.59499E+02,  1.19008E+03,  1.19008E+03,  1.35946E+03,  1.35946E+03
 1.35946E+03,  1.35946E+03,  1.35946E+03,  1.35946E+03,  5.06446E+02
 6.10862E+02,  5.86909E+02,  4.25260E+02,  3.20889E+02,  2.77746E+02
 2.66972E+02,  2.76535E+02,  3.04590E+02,  3.52300E+02,  4.20309E+02
 5.06226E+02,  6.02536E+02,  6.96604E+02,  7.74952E+02,  1.22101E+03
 1.22101E+03,  1.38707E+03,  1.38707E+03,  1.38707E+03,  1.38707E+03
 1.38707E+03,  1.38707E+03,  3.79760E+02,  5.40256E+02,  5.88495E+02
 4.36476E+02,  3.31654E+02,  2.88792E+02,  2.77759E+02,  2.86717E+02
 3.14442E+02,  3.62413E+02,  4.31301E+02,  5.18558E+02,  6.16304E+02
 7.11336E+02,  7.89644E+02,  1.24960E+03,  1.24960E+03,  1.41251E+03
 1.41251E+03,  1.41251E+03,  1.41251E+03,  1.41251E+03,  1.41251E+03
 4.32481E+02,  5.53519E+02,  5.69095E+02,  4.36514E+02,  3.48529E+02
 3.10565E+02,  2.98570E+02,  3.04941E+02,  3.30448E+02,  3.77084E+02
 4.45436E+02,  5.32731E+02,  6.30756E+02,  7.25825E+02,  8.03455E+02
 1.27564E+03,  1.27564E+03,  1.43572E+03,  1.43572E+03,  1.43572E+03
 1.43572E+03,  1.43572E+03,  1.43572E+03,  4.14760E+02,  5.51308E+02
 5.25066E+02,  4.32749E+02,  3.75285E+02,  3.45407E+02,  3.30780E+02
 3.31936E+02,  3.52974E+02,  3.96467E+02,  4.62739E+02,  5.48672E+02
 6.45726E+02,  7.39808E+02,  8.16036E+02,  1.29814E+03,  1.29814E+03
 1.45539E+03,  1.45539E+03,  1.45539E+03,  1.45539E+03,  1.45539E+03
 1.45539E+03,  4.10895E+02,  4.75404E+02,  4.74722E+02,  4.44065E+02
 4.19021E+02,  3.95444E+02,  3.74813E+02,  3.67575E+02,  3.81669E+02
 4.20124E+02,  4.82803E+02,  5.66141E+02,  6.61245E+02,  7.53635E+02
 8.28039E+02,  1.31921E+03,  1.31921E+03,  1.47439E+03,  1.47439E+03
 1.47439E+03,  1.47439E+03,  1.47439E+03,  1.47439E+03,  3.77688E+02
 4.13995E+02,  4.70665E+02,  4.90075E+02,  4.84095E+02,  4.59579E+02
 4.29228E+02,  4.10953E+02,  4.15871E+02,  4.47452E+02,  5.05095E+02
 5.84734E+02,  6.77079E+02,  7.67247E+02,  8.39545E+02,  1.33939E+03
 1.33939E+03,  1.49348E+03,  1.49348E+03,  1.49348E+03,  1.49348E+03
 1.49348E+03,  1.49348E+03,  3.86623E+02,  4.39310E+02,  5.36765E+02
 5.70154E+02,  5.58310E+02,  5.27425E+02,  4.88854E+02,  4.59963E+02
 4.54576E+02,  4.77759E+02,  5.29005E+02,  6.03835E+02,  6.92529E+02
 7.79787E+02,  8.49524E+02,  1.35588E+03,  1.35588E+03,  1.50903E+03
 1.50903E+03,  1.50903E+03,  1.50903E+03,  1.50903E+03,  1.50903E+03
 3.93079E+02,  4.74549E+02,  6.15339E+02,  6.23830E+02,  5.97450E+02
 5.75362E+02,  5.43502E+02,  5.10377E+02,  4.95573E+02,  5.09532E+02
 5.53397E+02,  6.22612E+02,  7.07029E+02,  7.90921E+02,  8.57819E+02
 1.36849E+03,  1.36849E+03,  1.52107E+03,  1.52107E+03,  1.52107E+03
 1.52107E+03,  1.52107E+03,  1.52107E+03,  4.00376E+02,  4.78862E+02
 5.64174E+02,  5.43935E+02,  5.48717E+02,  5.77363E+02,  5.81217E+02
 5.56869E+02,  5.35996E+02,  5.40898E+02,  5.76974E+02,  6.40193E+02
 7.20038E+02,  8.00348E+02,  8.64298E+02,  1.37720E+03,  1.37720E+03
 1.52962E+03,  1.52962E+03,  1.52962E+03,  1.52962E+03,  1.52962E+03
 1.52962E+03,  3.63192E+02,  3.29159E+02,  3.44940E+02,  3.68618E+02
 4.32449E+02,  5.30857E+02,  5.94536E+02,  5.94369E+02,  5.72753E+02
 5.69892E+02,  5.98478E+02,  6.55773E+02,  7.31006E+02,  8.07637E+02
 8.68561E+02,  1.38107E+03,  1.38107E+03,  1.53333E+03,  1.53333E+03
 1.53333E+03,  1.53333E+03,  1.53333E+03,  1.53333E+03,  3.35026E+02
 2.98099E+02,  2.71129E+02,  2.72674E+02,  3.36209E+02,  4.66338E+02
 5.85750E+02,  6.19397E+02,  6.02728E+02,  5.94425E+02,  6.16701E+02
 6.68833E+02,  7.39983E+02,  8.13303E+02,  8.71476E+02,  1.38272E+03
 1.38272E+03,  1.53552E+03,  1.53552E+03,  1.53552E+03,  1.53552E+03
 1.53552E+03,  1.53552E+03,  6.48820E+02,  4.40995E+02,  2.86369E+02
 2.49666E+02,  2.90176E+02,  4.14730E+02,  5.64222E+02,  6.30626E+02
 6.23321E+02,  6.12642E+02,  6.30553E+02,  6.78820E+02,  7.46768E+02
 8.17375E+02,  8.73210E+02,  1.38286E+03,  1.38286E+03,  1.53697E+03
 1.53697E+03,  1.53697E+03,  1.53697E+03,  1.53697E+03,  1.53697E+03
 9.08359E+02,  1.14049E+03,  4.11465E+02,  2.66058E+02,  2.78213E+02
 3.83396E+02,  5.37984E+02,  6.27796E+02,  6.32312E+02,  6.22861E+02
 6.38955E+02,  6.84933E+02,  7.50580E+02,  8.18946E+02,  8.72695E+02
 1.37860E+03,  1.37860E+03,  1.53382E+03,  1.53382E+03,  1.53382E+03
 1.53382E+03,  1.53382E+03,  1.53382E+03,  6.01081E+02,  1.34331E+03
 7.02403E+02,  3.06744E+02,  2.80847E+02,  3.64111E+02,  5.09375E+02
 6.11447E+02,  6.28502E+02,  6.24026E+02,  6.41257E+02,  6.86812E+02
 7.51249E+02,  8.17981E+02,  8.70002E+02,  1.37013E+03,  1.37013E+03
 1.52636E+03,  1.52636E+03,  1.52636E+03,  1.52636E+03,  1.52636E+03
 1.52636E+03,  6.36534E+02,  1.29220E+03,  9.41608E+02,  3.37203E+02
 2.78768E+02,  3.44541E+02,  4.76104E+02,  5.82499E+02,  6.12063E+02
 6.16045E+02,  6.37392E+02,  6.84448E+02,  7.48809E+02,  8.14555E+02
 8.65235E+02,  1.35777E+03,  1.35777E+03,  1.51482E+03,  1.51482E+03
 1.51482E+03,  1.51482E+03,  1.51482E+03,  1.51482E+03,  3.91703E+02
 5.66819E+02,  5.98937E+02,  3.07641E+02,  2.57765E+02,  3.15992E+02
 4.35572E+02,  5.42508E+02,  5.84478E+02,  5.99762E+02,  6.27831E+02
 6.78081E+02,  7.43327E+02,  8.08583E+02,  8.58190E+02,  1.34085E+03
 1.34085E+03,  1.49802E+03,  1.49802E+03,  1.49802E+03,  1.49802E+03
 1.49802E+03,  1.49802E+03,  3.72501E+02,  4.11821E+02,  3.77108E+02
 2.42630E+02,  2.21853E+02,  2.78908E+02,  3.88969E+02,  4.94898E+02
 5.48796E+02,  5.77090E+02,  6.13795E+02,  6.68654E+02,  7.35715E+02
 8.01069E+02,  8.49987E+02,  1.32222E+03,  1.32222E+03,  1.47936E+03
 1.47936E+03,  1.47936E+03,  1.47936E+03,  1.47936E+03,  1.47936E+03
 5.50561E+02,  5.42781E+02,  3.00651E+02,  1.91161E+02,  1.86897E+02
 2.40747E+02,  3.40761E+02,  4.43952E+02,  5.08457E+02,  5.50152E+02
 5.96514E+02,  6.56915E+02,  7.26477E+02,  7.92396E+02,  8.40949E+02
 1.30260E+03,  1.30260E+03,  1.45953E+03,  1.45953E+03,  1.45953E+03
 1.45953E+03,  1.45953E+03,  1.45953E+03,  5.55070E+02,  6.48962E+02
 2.49190E+02,  1.59346E+02,  1.61844E+02,  2.08398E+02,  2.96056E+02
 3.94042E+02,  4.66830E+02,  5.21005E+02,  5.77030E+02,  6.43199E+02
 7.15420E+02,  7.81967E+02,  8.30188E+02,  1.27944E+03,  1.27944E+03
 1.43504E+03,  1.43504E+03,  1.43504E+03,  1.43504E+03,  1.43504E+03
 1.43504E+03,  6.23312E+02,  6.63615E+02,  2.13072E+02,  1.46266E+02
 1.47008E+02,  1.84149E+02,  2.58359E+02,  3.49115E+02,  4.27254E+02
 4.91893E+02,  5.56700E+02,  6.28307E+02,  7.03034E+02,  7.70121E+02
 8.17988E+02,  1.25321E+03,  1.25321E+03,  1.40645E+03,  1.40645E+03
 1.40645E+03,  1.40645E+03,  1.40645E+03,  1.40645E+03,  6.93901E+02
 4.27300E+02,  2.09868E+02,  1.47613E+02,  1.39310E+02,  1.66994E+02
 2.28752E+02,  3.11542E+02,  3.92193E+02,  4.64697E+02,  5.36770E+02
 6.13020E+02,  6.89812E+02,  7.57184E+02,  8.04586E+02,  1.22435E+03
 1.22435E+03,  1.37420E+03,  1.37420E+03,  1.37420E+03,  1.37420E+03
 1.37420E+03,  1.37420E+03,  3.32999E+02,  3.04243E+02,  2.31838E+02
 1.54193E+02,  1.35370E+02,  1.55339E+02,  2.07022E+02,  2.82290E+02
 3.63162E+02,  4.40813E+02,  5.18242E+02,  5.97941E+02,  6.76031E+02
 7.43196E+02,  7.89857E+02,  1.19239E+03,  1.19239E+03,  1.33750E+03
 1.33750E+03,  1.33750E+03,  1.33750E+03,  1.33750E+03,  1.33750E+03
 3.50315E+02,  3.58028E+02,  2.73691E+02,  1.59417E+02,  1.33416E+02
 1.48185E+02,  1.92427E+02,  2.61239E+02,  3.40752E+02,  4.21123E+02
 5.01997E+02,  5.83907E+02,  6.62543E+02,  7.29072E+02,  7.74791E+02
 1.15969E+03,  1.15969E+03,  1.29939E+03,  1.29939E+03,  1.29939E+03
 1.29939E+03,  1.29939E+03,  1.29939E+03,  5.09043E+02,  6.13177E+02
 3.41974E+02,  1.62320E+02,  1.34074E+02,  1.45296E+02,  1.84250E+02
 2.47772E+02,  3.24906E+02,  4.05955E+02,  4.88451E+02,  5.71286E+02
 6.49643E+02,  7.15054E+02,  7.59588E+02,  1.12671E+03,  1.12671E+03
 1.26048E+03,  1.26048E+03,  1.26048E+03,  1.26048E+03,  1.26048E+03
 1.26048E+03,  5.36542E+02,  6.71955E+02,  3.18413E+02,  1.63408E+02
 1.37666E+02,  1.46637E+02,  1.82163E+02,  2.41451E+02,  3.15480E+02
 3.95408E+02,  4.77683E+02,  5.59958E+02,  6.36947E+02,  7.00504E+02
 7.43428E+02,  1.09132E+03,  1.09132E+03,  1.21821E+03,  1.21821E+03
 1.21821E+03,  1.21821E+03,  1.21821E+03,  1.21821E+03,  5.04128E+02
 4.76600E+02,  2.39285E+02,  1.62145E+02,  1.43075E+02,  1.52060E+02
 1.85898E+02,  2.41740E+02,  3.12058E+02,  3.89333E+02,  4.69708E+02
 5.49999E+02,  6.24554E+02,  6.85557E+02,  7.26485E+02,  1.05394E+03
 1.05394E+03,  1.17346E+03,  1.17346E+03,  1.17346E+03,  1.17346E+03
 1.17346E+03,  1.17346E+03,  4.75694E+02,  3.20064E+02,  2.09160E+02
 1.64799E+02,  1.51238E+02,  1.62252E+02,  1.95580E+02,  2.48226E+02
 3.14130E+02,  3.87387E+02,  4.64351E+02,  5.41332E+02,  6.12448E+02
 6.70238E+02,  7.08819E+02,  1.01485E+03,  1.01485E+03,  1.12690E+03
 1.12690E+03,  1.12690E+03,  1.12690E+03,  1.12690E+03,  1.12690E+03
 3.54728E+02,  2.92553E+02,  2.13067E+02,  1.73490E+02,  1.65185E+02
 1.79083E+02,  2.11885E+02,  2.60747E+02,  3.21229E+02,  3.89135E+02
 4.61265E+02,  5.33656E+02,  6.00339E+02,  6.54264E+02,  6.90160E+02
 9.73634E+02,  9.73634E+02,  1.07835E+03,  1.07835E+03,  1.07835E+03
 1.07835E+03,  1.07835E+03,  1.07835E+03,  3.38818E+02,  2.86484E+02
 2.21789E+02,  1.92891E+02,  1.90031E+02,  2.05254E+02,  2.35625E+02
 2.79021E+02,  3.32698E+02,  3.93974E+02,  4.60069E+02,  5.26855E+02
 5.88382E+02,  6.38040E+02,  6.71105E+02,  9.32067E+02,  9.32067E+02
 1.03047E+03,  1.03047E+03,  1.03047E+03,  1.03047E+03,  1.03047E+03
 1.03047E+03,  4.18788E+02,  3.37195E+02,  2.71102E+02,  2.41911E+02
 2.36201E+02,  2.46185E+02,  2.69192E+02,  3.03850E+02,  3.48700E+02
 4.01985E+02,  4.61044E+02,  5.21539E+02,  5.77542E+02,  6.22825E+02
 6.53088E+02,  8.95074E+02,  8.95074E+02,  9.90378E+02,  9.90378E+02
 9.90378E+02,  9.90378E+02,  9.90378E+02,  9.90378E+02,  3.95895E+02
 4.37801E+02,  4.14347E+02,  3.69313E+02,  3.34869E+02,  3.17791E+02
 3.18526E+02,  3.35920E+02,  3.68312E+02,  4.13556E+02,  4.68220E+02
 5.26943E+02,  5.82766E+02,  6.28588E+02,  6.59514E+02,  9.30482E+02
 9.30482E+02,  1.05451E+03,  1.05451E+03,  1.05451E+03,  1.05451E+03
 1.05451E+03,  1.05451E+03,  6.46797E+02,  7.70672E+02,  8.12621E+02
 7.11350E+02,  5.60587E+02,  4.41479E+02,  3.75511E+02,  3.55119E+02
 3.70894E+02,  4.17313E+02,  4.90048E+02,  5.82138E+02,  6.81839E+02
 7.73757E+02,  8.44859E+02,  1.48130E+03,  1.48130E+03,  1.92484E+03
 1.92484E+03,  1.92484E+03,  1.92484E+03,  1.92484E+03,  1.92484E+03
 6.46797E+02,  7.70672E+02,  8.12621E+02,  7.11350E+02,  5.60587E+02
 4.41479E+02,  3.75511E+02,  3.55119E+02,  3.70894E+02,  4.17313E+02
 4.90048E+02,  5.82138E+02,  6.81839E+02,  7.73757E+02,  8.44859E+02
 1.48130E+03,  1.48130E+03,  1.92484E+03,  1.92484E+03,  1.92484E+03
 1.92484E+03,  1.92484E+03,  1.92484E+03,  6.35184E+02,  6.27375E+02
 5.91084E+02,  5.17481E+02,  4.20178E+02,  3.21143E+02,  2.37835E+02
 1.76971E+02,  1.36844E+02,  1.12677E+02,  1.00012E+02,  9.57326E+01
 9.79261E+01,  1.05439E+02,  1.17371E+02,  1.04697E+02,  1.04697E+02
 1.79434E+02,  1.79434E+02,  1.79434E+02,  1.79434E+02,  1.79434E+02
 1.79434E+02,  6.35184E+02,  6.27375E+02,  5.91084E+02,  5.17481E+02
 4.20178E+02,  3.21143E+02,  2.37835E+02,  1.76971E+02,  1.36844E+02
 1.12677E+02,  1.00012E+02,  9.57326E+01,  9.79261E+01,  1.05439E+02
 1.17371E+02,  1.04697E+02,  1.04697E+02,  1.79434E+02,  1.79434E+02
 1.79434E+02,  1.79434E+02,  1.79434E+02,  1.79434E+02,  6.35184E+02
 6.27375E+02,  5.91084E+02,  5.17481E+02,  4.20178E+02,  3.21143E+02
 2.37835E+02,  1.76971E+02,  1.36844E+02,  1.12677E+02,  1.00012E+02
 9.57326E+01,  9.79261E+01,  1.05439E+02,  1.17371E+02,  1.04697E+02
 1.04697E+02,  1.79434E+02,  1.79434E+02,  1.79434E+02,  1.79434E+02
 1.79434E+02,  1.79434E+02,  6.35184E+02,  6.27375E+02,  5.91084E+02
 5.17481E+02,  4.20178E+02,  3.21143E+02,  2.37835E+02,  1.76971E+02
 1.36844E+02,  1.12677E+02,  1.00012E+02,  9.57326E+01,  9.79261E+01
 1.05439E+02,  1.17371E+02,  1.04697E+02,  1.04697E+02,  1.79434E+02
 1.79434E+02,  1.79434E+02,  1.79434E+02,  1.79434E+02,  1.79434E+02
 6.35184E+02,  6.27375E+02,  5.91084E+02,  5.17481E+02,  4.20178E+02
 3.21143E+02,  2.37835E+02,  1.76971E+02,  1.36844E+02,  1.12677E+02
 1.00012E+02,  9.57326E+01,  9.79261E+01,  1.05439E+02,  1.17371E+02
 1.04697E+02,  1.04697E+02,  1.79434E+02,  1.79434E+02,  1.79434E+02
 1.79434E+02,  1.79434E+02,  1.79434E+02,  6.35184E+02,  6.27375E+02
 5.91084E+02,  5.17481E+02,  4.20178E+02,  3.21143E+02,  2.37835E+02
 1.76971E+02,  1.36844E+02,  1.12677E+02,  1.00012E+02,  9.57326E+01
 9.79261E+01,  1.05439E+02,  1.17371E+02,  1.04697E+02,  1.04697E+02
 1.79434E+02,  1.79434E+02,  1.79434E+02,  1.79434E+02,  1.79434E+02
 1.79434E+02

;-Sensitivity in the elemental sequential order

 3.31072E-02,  3.25291E-02,  3.03413E-02,  2.52598E-02,  1.96220E-02
 1.48091E-02,  1.11519E-02,  8.48512E-03,  6.54652E-03,  5.12580E-03
 4.07630E-03,  3.29561E-03,  2.71043E-03,  2.26730E-03,  1.92574E-03
 4.28036E-03,  4.28036E-03,  7.89430E-03,  7.89430E-03,  7.89430E-03
 7.89430E-03,  7.89430E-03,  7.89430E-03,  3.31072E-02,  3.25291E-02
 3.03413E-02,  2.52598E-02,  1.96220E-02,  1.48091E-02,  1.11519E-02
 8.48512E-03,  6.54652E-03,  5.12580E-03,  4.07630E-03,  3.29561E-03
 2.71043E-03,  2.26730E-03,  1.92574E-03,  4.28036E-03,  4.28036E-03
 7.89430E-03,  7.89430E-03,  7.89430E-03,  7.89430E-03,  7.89430E-03
 7.89430E-03,  3.31072E-02,  3.25291E-02,  3.03413E-02,  2.52598E-02
 1.96220E-02,  1.48091E-02,  1.11519E-02,  8.48512E-03,  6.54652E-03
 5.12580E-03,  4.07630E-03,  3.29561E-03,  2.71043E-03,  2.26730E-03
 1.92574E-03,  4.28036E-03,  4.28036E-03,  7.89430E-03,  7.89430E-03
 7.89430E-03,  7.89430E-03,  7.89430E-03,  7.89430E-03,  3.31072E-02
 3.25291E-02,  3.03413E-02,  2.52598E-02,  1.96220E-02,  1.48091E-02
 1.11519E-02,  8.48512E-03,  6.54652E-03,  5.12580E-03,  4.07630E-03
 3.29561E-03,  2.71043E-03,  2.26730E-03,  1.92574E-03,  4.28036E-03
 4.28036E-03,  7.89430E-03,  7.89430E-03,  7.89430E-03,  7.89430E-03
 7.89430E-03,  7.89430E-03,  3.31072E-02,  3.25291E-02,  3.03413E-02
 2.52598E-02,  1.96220E-02,  1.48091E-02,  1.11519E-02,  8.48512E-03
 6.54652E-03,  5.12580E-03,  4.07630E-03,  3.29561E-03,  2.71043E-03
 2.26730E-03,  1.92574E-03,  4.28036E-03,  4.28036E-03,  7.89430E-03
 7.89430E-03,  7.89430E-03,  7.89430E-03,  7.89430E-03,  7.89430E-03
 3.31072E-02,  3.25291E-02,  3.03413E-02,  2.52598E-02,  1.96220E-02
 1.48091E-02,  1.11519E-02,  8.48512E-03,  6.54652E-03,  5.12580E-03
 4.07630E-03,  3.29561E-03,  2.71043E-03,  2.26730E-03,  1.92574E-03
 4.28036E-03,  4.28036E-03,  7.89430E-03,  7.89430E-03,  7.89430E-03
 7.89430E-03,  7.89430E-03,  7.89430E-03,  5.66177E-01,  1.74440E-01
 7.10758E-02,  3.22537E-02,  1.56794E-02,  8.45365E-03,  5.06948E-03
 3.32861E-03,  2.34028E-03,  1.71861E-03,  1.28532E-03,  9.58574E-04
 7.04457E-04,  5.10068E-04,  3.68696E-04,  6.10886E-04,  6.10886E-04
 5.45792E-04,  5.45792E-04,  5.45792E-04,  5.45792E-04,  5.45792E-04
 5.45792E-04,  5.66177E-01,  1.74440E-01,  7.10758E-02,  3.22537E-02
 1.56794E-02,  8.45365E-03,  5.06948E-03,  3.32861E-03,  2.34028E-03
 1.71861E-03,  1.28532E-03,  9.58574E-04,  7.04457E-04,  5.10068E-04
 3.68696E-04,  6.10886E-04,  6.10886E-04,  5.45792E-04,  5.45792E-04
 5.45792E-04,  5.45792E-04,  5.45792E-04,  5.45792E-04,  6.67198E-01
 1.46505E-01,  4.45060E-02,  1.70362E-02,  7.10622E-03,  3.44724E-03
 1.95526E-03,  1.23812E-03,  8.42716E-04,  6.01100E-04,  4.39456E-04
 3.22910E-04,  2.35411E-04,  1.69769E-04,  1.22033E-04,  1.90224E-04
 1.90224E-04,  1.74981E-04,  1.74981E-04,  1.74981E-04,  1.74981E-04
 1.74981E-04,  1.74981E-04,  2.12012E+00,  4.18317E-01,  9.54686E-02
 2.66331E-02,  9.99513E-03,  4.38733E-03,  2.24371E-03,  1.31779E-03
 8.57383E-04,  5.97529E-04,  4.33014E-04,  3.18059E-04,  2.32747E-04
 1.68647E-04,  1.21665E-04,  1.87258E-04,  1.87258E-04,  1.76925E-04
 1.76925E-04,  1.76925E-04,  1.76925E-04,  1.76925E-04,  1.76925E-04
 1.12302E+00,  5.92459E-01,  1.33303E-01,  3.43241E-02,  1.25845E-02
 5.38981E-03,  2.61417E-03,  1.43955E-03,  8.87446E-04,  5.98117E-04
 4.27434E-04,  3.13596E-04,  2.30612E-04,  1.68191E-04,  1.22008E-04
 1.87479E-04,  1.87479E-04,  1.81064E-04,  1.81064E-04,  1.81064E-04
 1.81064E-04,  1.81064E-04,  1.81064E-04,  1.93714E+00,  8.72196E-01
 1.74772E-01,  3.89142E-02,  1.41581E-02,  6.19010E-03,  2.99659E-03
 1.59969E-03,  9.41685E-04,  6.09278E-04,  4.25680E-04,  3.10582E-04
 2.29289E-04,  1.68408E-04,  1.22966E-04,  1.89506E-04,  1.89506E-04
 1.85845E-04,  1.85845E-04,  1.85845E-04,  1.85845E-04,  1.85845E-04
 1.85845E-04,  1.98010E+00,  9.22023E-01,  1.79039E-01,  3.94937E-02
 1.46136E-02,  6.69217E-03,  3.33914E-03,  1.78224E-03,  1.02064E-03
 6.35128E-04,  4.30793E-04,  3.10676E-04,  2.29631E-04,  1.69748E-04
 1.24780E-04,  1.93964E-04,  1.93964E-04,  1.91678E-04,  1.91678E-04
 1.91678E-04,  1.91678E-04,  1.91678E-04,  1.91678E-04,  2.13436E+00
 8.33710E-01,  1.82079E-01,  3.84300E-02,  1.43949E-02,  6.94533E-03
 3.62235E-03,  1.96857E-03,  1.11588E-03,  6.73622E-04,  4.42575E-04
 3.13751E-04,  2.31389E-04,  1.71932E-04,  1.27188E-04,  2.00398E-04
 2.00398E-04,  1.98063E-04,  1.98063E-04,  1.98063E-04,  1.98063E-04
 1.98063E-04,  1.98063E-04,  2.08278E+00,  8.73043E-01,  1.78030E-01
 3.78949E-02,  1.41638E-02,  7.11296E-03,  3.87460E-03,  2.15692E-03
 1.22329E-03,  7.23609E-04,  4.61683E-04,  3.20681E-04,  2.35201E-04
 1.75373E-04,  1.30453E-04,  2.09104E-04,  2.09104E-04,  2.05332E-04
 2.05332E-04,  2.05332E-04,  2.05332E-04,  2.05332E-04,  2.05332E-04
 2.17654E+00,  8.64382E-01,  1.81197E-01,  3.79476E-02,  1.41958E-02
 7.32483E-03,  4.12909E-03,  2.34885E-03,  1.33866E-03,  7.82299E-04
 4.87324E-04,  3.31484E-04,  2.41196E-04,  1.80154E-04,  1.34609E-04
 2.19998E-04,  2.19998E-04,  2.13521E-04,  2.13521E-04,  2.13521E-04
 2.13521E-04,  2.13521E-04,  2.13521E-04,  2.13228E+00,  9.10842E-01
 1.79716E-01,  3.82795E-02,  1.44383E-02,  7.62145E-03,  4.39958E-03
 2.54172E-03,  1.45627E-03,  8.45461E-04,  5.17387E-04,  3.45305E-04
 2.48965E-04,  1.86005E-04,  1.39456E-04,  2.32602E-04,  2.32602E-04
 2.22296E-04,  2.22296E-04,  2.22296E-04,  2.22296E-04,  2.22296E-04
 2.22296E-04,  2.27157E+00,  8.92411E-01,  1.84388E-01,  3.89264E-02
 1.48589E-02,  8.00251E-03,  4.69136E-03,  2.73776E-03,  1.57616E-03
 9.12635E-04,  5.51862E-04,  3.62601E-04,  2.59065E-04,  1.93394E-04
 1.45343E-04,  2.47341E-04,  2.47341E-04,  2.32321E-04,  2.32321E-04
 2.32321E-04,  2.32321E-04,  2.32321E-04,  2.32321E-04,  2.30701E+00
 9.17273E-01,  1.85711E-01,  4.00269E-02,  1.54287E-02,  8.41385E-03
 4.98206E-03,  2.92954E-03,  1.69514E-03,  9.81869E-04,  5.89579E-04
 3.82836E-04,  2.71288E-04,  2.02233E-04,  1.52218E-04,  2.64021E-04
 2.64021E-04,  2.43633E-04,  2.43633E-04,  2.43633E-04,  2.43633E-04
 2.43633E-04,  2.43633E-04,  2.19482E+00,  9.13224E-01,  1.91523E-01
 4.13777E-02,  1.59827E-02,  8.76292E-03,  5.23287E-03,  3.10180E-03
 1.80594E-03,  1.04882E-03,  6.27741E-04,  4.04279E-04,  2.84565E-04
 2.11812E-04,  1.59600E-04,  2.81740E-04,  2.81740E-04,  2.55474E-04
 2.55474E-04,  2.55474E-04,  2.55474E-04,  2.55474E-04,  2.55474E-04
 2.17422E+00,  8.99482E-01,  1.95144E-01,  4.25454E-02,  1.63320E-02
 8.98579E-03,  5.42671E-03,  3.25200E-03,  1.90889E-03,  1.11374E-03
 6.66324E-04,  4.26924E-04,  2.98981E-04,  2.22253E-04,  1.67611E-04
 3.00618E-04,  3.00618E-04,  2.68141E-04,  2.68141E-04,  2.68141E-04
 2.68141E-04,  2.68141E-04,  2.68141E-04,  2.15975E+00,  8.83964E-01
 1.98337E-01,  4.32729E-02,  1.63833E-02,  9.05935E-03,  5.55988E-03
 3.38016E-03,  2.00404E-03,  1.17626E-03,  7.04827E-04,  4.50347E-04
 3.14266E-04,  2.33399E-04,  1.76160E-04,  3.20428E-04,  3.20428E-04
 2.81578E-04,  2.81578E-04,  2.81578E-04,  2.81578E-04,  2.81578E-04
 2.81578E-04,  2.05865E+00,  8.78304E-01,  1.99932E-01,  4.34981E-02
 1.62462E-02,  9.04056E-03,  5.65297E-03,  3.49098E-03,  2.09098E-03
 1.23492E-03,  7.41854E-04,  4.73499E-04,  3.29700E-04,  2.44757E-04
 1.84916E-04,  3.40532E-04,  3.40532E-04,  2.95265E-04,  2.95265E-04
 2.95265E-04,  2.95265E-04,  2.95265E-04,  2.95265E-04,  2.40532E+00
 9.31881E-01,  2.03433E-01,  4.39636E-02,  1.62560E-02,  9.07793E-03
 5.76457E-03,  3.60639E-03,  2.17860E-03,  1.29381E-03,  7.79509E-04
 4.97571E-04,  3.46047E-04,  2.56875E-04,  1.94279E-04,  3.61582E-04
 3.61582E-04,  3.09986E-04,  3.09986E-04,  3.09986E-04,  3.09986E-04
 3.09986E-04,  3.09986E-04,  2.27598E+00,  9.79100E-01,  2.04616E-01
 4.47376E-02,  1.66435E-02,  9.30492E-03,  5.94571E-03,  3.74217E-03
 2.27139E-03,  1.35423E-03,  8.18152E-04,  5.22623E-04,  3.63276E-04
 2.69709E-04,  2.04218E-04,  3.83470E-04,  3.83470E-04,  3.25741E-04
 3.25741E-04,  3.25741E-04,  3.25741E-04,  3.25741E-04,  3.25741E-04
 2.61980E+00,  1.02968E+00,  2.06987E-01,  4.58125E-02,  1.74211E-02
 9.77356E-03,  6.21810E-03,  3.90172E-03,  2.36712E-03,  1.41330E-03
 8.55491E-04,  5.47022E-04,  3.80246E-04,  2.82446E-04,  2.14164E-04
 4.05131E-04,  4.05131E-04,  3.41497E-04,  3.41497E-04,  3.41497E-04
 3.41497E-04,  3.41497E-04,  3.41497E-04,  2.64616E+00,  1.02392E+00
 2.11776E-01,  4.75865E-02,  1.85573E-02,  1.04557E-02,  6.57974E-03
 4.08867E-03,  2.46882E-03,  1.47289E-03,  8.92642E-04,  5.71439E-04
 3.97389E-04,  2.95389E-04,  2.24343E-04,  4.26930E-04,  4.26930E-04
 3.57626E-04,  3.57626E-04,  3.57626E-04,  3.57626E-04,  3.57626E-04
 3.57626E-04,  2.33595E+00,  1.02490E+00,  2.14969E-01,  4.97973E-02
 1.98498E-02,  1.12264E-02,  6.98342E-03,  4.28914E-03,  2.57292E-03
 1.53220E-03,  9.29447E-04,  5.95827E-04,  4.14655E-04,  3.08485E-04
 2.34709E-04,  4.48727E-04,  4.48727E-04,  3.74040E-04,  3.74040E-04
 3.74040E-04,  3.74040E-04,  3.74040E-04,  3.74040E-04,  2.41343E+00
 9.69214E-01,  2.19815E-01,  5.17575E-02,  2.10022E-02,  1.19269E-02
 7.35945E-03,  4.47728E-03,  2.67002E-03,  1.58745E-03,  9.64090E-04
 6.19129E-04,  4.31336E-04,  3.21218E-04,  2.44877E-04,  4.69780E-04
 4.69780E-04,  3.90046E-04,  3.90046E-04,  3.90046E-04,  3.90046E-04
 3.90046E-04,  3.90046E-04,  2.65916E+00,  1.02337E+00,  2.27159E-01
 5.37861E-02,  2.19170E-02,  1.24622E-02,  7.66502E-03,  4.64173E-03
 2.76053E-03,  1.64166E-03,  9.99287E-04,  6.43262E-04,  4.48717E-04
 3.34476E-04,  2.55474E-04,  4.91189E-04,  4.91189E-04,  4.06708E-04
 4.06708E-04,  4.06708E-04,  4.06708E-04,  4.06708E-04,  4.06708E-04
 2.37604E+00,  1.08655E+00,  2.33213E-01,  5.54826E-02,  2.25206E-02
 1.27800E-02,  7.86789E-03,  4.76818E-03,  2.84006E-03,  1.69412E-03
 1.03525E-03,  6.68490E-04,  4.66955E-04,  3.48334E-04,  2.66537E-04
 5.12954E-04,  5.12954E-04,  4.24041E-04,  4.24041E-04,  4.24041E-04
 4.24041E-04,  4.24041E-04,  4.24041E-04,  2.91137E+00,  1.11762E+00
 2.33976E-01,  5.62754E-02,  2.28003E-02,  1.28988E-02,  7.95952E-03
 4.84403E-03,  2.89998E-03,  1.73963E-03,  1.06874E-03,  6.92700E-04
 4.84610E-04,  3.61756E-04,  2.77311E-04,  5.33666E-04,  5.33666E-04
 4.40681E-04,  4.40681E-04,  4.40681E-04,  4.40681E-04,  4.40681E-04
 4.40681E-04,  2.88154E+00,  1.09908E+00,  2.34427E-01,  5.70503E-02
 2.31009E-02,  1.29634E-02,  7.98956E-03,  4.88621E-03,  2.94716E-03
 1.78146E-03,  1.10148E-03,  7.16880E-04,  5.02323E-04,  3.75200E-04
 2.88126E-04,  5.53935E-04,  5.53935E-04,  4.57147E-04,  4.57147E-04
 4.57147E-04,  4.57147E-04,  4.57147E-04,  4.57147E-04,  2.80764E+00
 1.10687E+00,  2.36212E-01,  5.86694E-02,  2.37683E-02,  1.31185E-02
 8.01431E-03,  4.91519E-03,  2.98840E-03,  1.82159E-03,  1.13392E-03
 7.41088E-04,  5.20073E-04,  3.88633E-04,  2.98941E-04,  5.73668E-04
 5.73668E-04,  4.73361E-04,  4.73361E-04,  4.73361E-04,  4.73361E-04
 4.73361E-04,  4.73361E-04,  2.81087E+00,  1.09887E+00,  2.39526E-01
 6.06155E-02,  2.47737E-02,  1.34232E-02,  8.08088E-03,  4.95176E-03
 3.02914E-03,  1.85982E-03,  1.16465E-03,  7.64035E-04,  5.36912E-04
 4.01363E-04,  3.09228E-04,  5.91918E-04,  5.91918E-04,  4.88458E-04
 4.88458E-04,  4.88458E-04,  4.88458E-04,  4.88458E-04,  4.88458E-04
 2.85329E+00,  1.13521E+00,  2.43722E-01,  6.27778E-02,  2.59649E-02
 1.38969E-02,  8.24788E-03,  5.03463E-03,  3.08817E-03,  1.90481E-03
 1.19806E-03,  7.88317E-04,  5.54560E-04,  4.14614E-04,  3.19877E-04
 6.10306E-04,  6.10306E-04,  5.03861E-04,  5.03861E-04,  5.03861E-04
 5.03861E-04,  5.03861E-04,  5.03861E-04,  2.86354E+00,  1.15950E+00
 2.48567E-01,  6.53054E-02,  2.73033E-02,  1.45386E-02,  8.54407E-03
 5.18376E-03,  3.17342E-03,  1.95889E-03,  1.23478E-03,  8.14181E-04
 5.73167E-04,  4.28480E-04,  3.30946E-04,  6.28912E-04,  6.28912E-04
 5.19612E-04,  5.19612E-04,  5.19612E-04,  5.19612E-04,  5.19612E-04
 5.19612E-04,  3.57668E+00,  1.25369E+00,  2.62287E-01,  6.92673E-02
 2.89899E-02,  1.53647E-02,  8.96855E-03,  5.39465E-03,  3.27806E-03
 2.01576E-03,  1.27020E-03,  8.38530E-04,  5.90655E-04,  4.41491E-04
 3.41351E-04,  6.45824E-04,  6.45824E-04,  5.33993E-04,  5.33993E-04
 5.33993E-04,  5.33993E-04,  5.33993E-04,  5.33993E-04,  3.22972E+00
 1.34319E+00,  2.84329E-01,  7.59395E-02,  3.12337E-02,  1.63833E-02
 9.51242E-03,  5.66334E-03,  3.40133E-03,  2.07593E-03,  1.30516E-03
 8.62170E-04,  6.07696E-04,  4.54185E-04,  3.51499E-04,  6.61864E-04
 6.61864E-04,  5.47704E-04,  5.47704E-04,  5.47704E-04,  5.47704E-04
 5.47704E-04,  5.47704E-04,  4.29360E+00,  1.45245E+00,  3.15293E-01
 8.43160E-02,  3.36570E-02,  1.74470E-02,  1.01075E-02,  5.95804E-03
 3.53039E-03,  2.13496E-03,  1.33829E-03,  8.84705E-04,  6.24158E-04
 4.66495E-04,  3.61332E-04,  6.76974E-04,  6.76974E-04,  5.60701E-04
 5.60701E-04,  5.60701E-04,  5.60701E-04,  5.60701E-04,  5.60701E-04
 3.74595E+00,  1.43403E+00,  3.39387E-01,  9.11094E-02,  3.54502E-02
 1.83120E-02,  1.06451E-02,  6.22448E-03,  3.64164E-03,  2.18346E-03
 1.36565E-03,  9.04121E-04,  6.38776E-04,  4.77523E-04,  3.70162E-04
 6.89989E-04,  6.89989E-04,  5.71986E-04,  5.71986E-04,  5.71986E-04
 5.71986E-04,  5.71986E-04,  5.71986E-04,  3.79269E+00,  1.40793E+00
 3.49766E-01,  9.47622E-02,  3.62518E-02,  1.88947E-02,  1.10585E-02
 6.42920E-03,  3.72727E-03,  2.22339E-03,  1.39095E-03,  9.23519E-04
 6.53798E-04,  4.88901E-04,  3.79200E-04,  7.03091E-04,  7.03091E-04
 5.83339E-04,  5.83339E-04,  5.83339E-04,  5.83339E-04,  5.83339E-04
 5.83339E-04,  3.72787E+00,  1.30595E+00,  3.47846E-01,  9.61214E-02
 3.68180E-02,  1.92783E-02,  1.12777E-02,  6.52810E-03,  3.77210E-03
 2.25134E-03,  1.41399E-03,  9.43197E-04,  6.69452E-04,  5.00762E-04
 3.88534E-04,  7.16436E-04,  7.16436E-04,  5.94824E-04,  5.94824E-04
 5.94824E-04,  5.94824E-04,  5.94824E-04,  5.94824E-04,  4.32123E+00
 1.48150E+00,  3.84472E-01,  1.03743E-01,  3.84058E-02,  1.94676E-02
 1.12109E-02,  6.47303E-03,  3.75589E-03,  2.25805E-03,  1.42956E-03
 9.59640E-04,  6.83200E-04,  5.11227E-04,  3.96746E-04,  7.27588E-04
 7.27588E-04,  6.04444E-04,  6.04444E-04,  6.04444E-04,  6.04444E-04
 6.04444E-04,  6.04444E-04,  3.99974E+00,  1.72760E+00,  4.26387E-01
 1.11854E-01,  3.96727E-02,  1.91927E-02,  1.08283E-02,  6.27468E-03
 3.68963E-03,  2.25002E-03,  1.44093E-03,  9.74525E-04,  6.96030E-04
 5.20996E-04,  4.04364E-04,  7.37572E-04,  7.37572E-04,  6.13074E-04
 6.13074E-04,  6.13074E-04,  6.13074E-04,  6.13074E-04,  6.13074E-04
 4.32653E+00,  1.68586E+00,  4.04152E-01,  1.05894E-01,  3.80356E-02
 1.81736E-02,  1.01829E-02,  5.98244E-03,  3.59557E-03,  2.23516E-03
 1.45042E-03,  9.88358E-04,  7.08010E-04,  5.30063E-04,  4.11370E-04
 7.46398E-04,  7.46398E-04,  6.20724E-04,  6.20724E-04,  6.20724E-04
 6.20724E-04,  6.20724E-04,  6.20724E-04,  4.89619E+00,  1.52811E+00
 3.40009E-01,  9.16188E-02,  3.45935E-02,  1.68352E-02,  9.49893E-03
 5.69143E-03,  3.50539E-03,  2.22101E-03,  1.45825E-03,  9.99848E-04
 7.17883E-04,  5.37448E-04,  4.17009E-04,  7.52775E-04,  7.52775E-04
 6.26336E-04,  6.26336E-04,  6.26336E-04,  6.26336E-04,  6.26336E-04
 6.26336E-04,  4.68663E+00,  1.36768E+00,  3.12158E-01,  8.57909E-02
 3.33259E-02,  1.62847E-02,  9.16229E-03,  5.54827E-03,  3.47297E-03
 2.22714E-03,  1.47242E-03,  1.01321E-03,  7.28408E-04,  5.45170E-04
 4.22816E-04,  7.59383E-04,  7.59383E-04,  6.31948E-04,  6.31948E-04
 6.31948E-04,  6.31948E-04,  6.31948E-04,  6.31948E-04,  4.61771E+00
 1.53596E+00,  3.36162E-01,  9.30660E-02,  3.60248E-02,  1.71221E-02
 9.40006E-03,  5.64372E-03,  3.52921E-03,  2.26193E-03,  1.49478E-03
 1.02885E-03,  7.39780E-04,  5.53380E-04,  4.28918E-04,  7.66433E-04
 7.66433E-04,  6.37629E-04,  6.37629E-04,  6.37629E-04,  6.37629E-04
 6.37629E-04,  6.37629E-04,  5.05435E+00,  1.90851E+00,  4.18595E-01
 1.13641E-01,  4.15915E-02,  1.88268E-02,  1.00787E-02,  5.95842E-03
 3.66773E-03,  2.31841E-03,  1.51937E-03,  1.04248E-03,  7.49008E-04
 5.59927E-04,  4.33702E-04,  7.71139E-04,  7.71139E-04,  6.41251E-04
 6.41251E-04,  6.41251E-04,  6.41251E-04,  6.41251E-04,  6.41251E-04
 4.87972E+00,  1.91621E+00,  4.64611E-01,  1.35646E-01,  4.78728E-02
 2.05029E-02,  1.08832E-02,  6.41177E-03,  3.87076E-03,  2.39322E-03
 1.54627E-03,  1.05502E-03,  7.57081E-04,  5.65661E-04,  4.37848E-04
 7.74705E-04,  7.74705E-04,  6.43819E-04,  6.43819E-04,  6.43819E-04
 6.43819E-04,  6.43819E-04,  6.43819E-04,  7.88850E+00,  2.23966E+00
 5.17050E-01,  1.46731E-01,  5.15332E-02,  2.13409E-02,  1.15268E-02
 6.89295E-03,  4.09880E-03,  2.47397E-03,  1.57211E-03,  1.06575E-03
 7.63956E-04,  5.70663E-04,  4.41427E-04,  7.77236E-04,  7.77236E-04
 6.45389E-04,  6.45389E-04,  6.45389E-04,  6.45389E-04,  6.45389E-04
 6.45389E-04,  5.81116E+00,  2.29826E+00,  5.28190E-01,  1.40225E-01
 5.02006E-02,  2.09569E-02,  1.18836E-02,  7.30622E-03,  4.30275E-03
 2.54166E-03,  1.59021E-03,  1.07205E-03,  7.68275E-04,  5.74011E-04
 4.43727E-04,  7.77441E-04,  7.77441E-04,  6.44923E-04,  6.44923E-04
 6.44923E-04,  6.44923E-04,  6.44923E-04,  6.44923E-04,  6.52224E+00
 2.08793E+00,  4.80128E-01,  1.22838E-01,  4.51445E-02,  1.98920E-02
 1.20636E-02,  7.62317E-03,  4.46102E-03,  2.59231E-03,  1.60333E-03
 1.07761E-03,  7.73085E-04,  5.78009E-04,  4.46498E-04,  7.78273E-04
 7.78273E-04,  6.44542E-04,  6.44542E-04,  6.44542E-04,  6.44542E-04
 6.44542E-04,  6.44542E-04,  6.70004E+00,  1.87834E+00,  4.63006E-01
 1.11121E-01,  4.09383E-02,  1.92479E-02,  1.22099E-02,  7.81469E-03
 4.54868E-03,  2.61731E-03,  1.60995E-03,  1.08272E-03,  7.78783E-04
 5.82914E-04,  4.49910E-04,  7.79942E-04,  7.79942E-04,  6.44294E-04
 6.44294E-04,  6.44294E-04,  6.44294E-04,  6.44294E-04,  6.44294E-04
 7.07945E+00,  2.23583E+00,  5.74223E-01,  1.21100E-01,  4.11251E-02
 1.94977E-02,  1.23006E-02,  7.82727E-03,  4.53478E-03,  2.60270E-03
 1.60373E-03,  1.08376E-03,  7.82772E-04,  5.86677E-04,  4.52332E-04
 7.79548E-04,  7.79548E-04,  6.42086E-04,  6.42086E-04,  6.42086E-04
 6.42086E-04,  6.42086E-04,  6.42086E-04,  7.26465E+00,  3.31703E+00
 7.29422E-01,  1.32401E-01,  4.26913E-02,  1.99317E-02,  1.22081E-02
 7.64864E-03,  4.42434E-03,  2.55458E-03,  1.58920E-03,  1.08361E-03
 7.86774E-04,  5.90405E-04,  4.54554E-04,  7.78375E-04,  7.78375E-04
 6.38977E-04,  6.38977E-04,  6.38977E-04,  6.38977E-04,  6.38977E-04
 6.38977E-04,  5.24356E+00,  2.77775E+00,  6.72993E-01,  1.21527E-01
 4.20032E-02,  1.97111E-02,  1.17953E-02,  7.28261E-03,  4.23255E-03
 2.48206E-03,  1.57071E-03,  1.08402E-03,  7.91433E-04,  5.94339E-04
 4.56684E-04,  7.76553E-04,  7.76553E-04,  6.35046E-04,  6.35046E-04
 6.35046E-04,  6.35046E-04,  6.35046E-04,  6.35046E-04,  7.78762E+00
 2.04862E+00,  4.83878E-01,  1.06859E-01,  4.03098E-02,  1.87877E-02
 1.10608E-02,  6.76718E-03,  3.98546E-03,  2.39623E-03,  1.55145E-03
 1.08507E-03,  7.95969E-04,  5.97631E-04,  4.58005E-04,  7.72814E-04
 7.72814E-04,  6.29334E-04,  6.29334E-04,  6.29334E-04,  6.29334E-04
 6.29334E-04,  6.29334E-04,  3.83032E+00,  1.49740E+00,  3.63987E-01
 1.06500E-01,  3.85454E-02,  1.75625E-02,  1.01763E-02,  6.20765E-03
 3.74081E-03,  2.32403E-03,  1.54309E-03,  1.09225E-03,  8.03583E-04
 6.02511E-04,  4.60210E-04,  7.70053E-04,  7.70053E-04,  6.23859E-04
 6.23859E-04,  6.23859E-04,  6.23859E-04,  6.23859E-04,  6.23859E-04
 3.97359E+00,  1.58804E+00,  3.71470E-01,  1.01006E-01,  3.54551E-02
 1.62683E-02,  9.30948E-03,  5.70445E-03,  3.54735E-03,  2.28349E-03
 1.55066E-03,  1.10664E-03,  8.14451E-04,  6.09004E-04,  4.63326E-04
 7.68369E-04,  7.68369E-04,  6.18619E-04,  6.18619E-04,  6.18619E-04
 6.18619E-04,  6.18619E-04,  6.18619E-04,  3.73324E+00,  1.47794E+00
 3.27542E-01,  8.61989E-02,  3.18580E-02,  1.51137E-02,  8.60654E-03
 5.34817E-03,  3.44030E-03,  2.28088E-03,  1.57141E-03,  1.12442E-03
 8.25470E-04,  6.14776E-04,  4.65603E-04,  7.64887E-04,  7.64887E-04
 6.11708E-04,  6.11708E-04,  6.11708E-04,  6.11708E-04,  6.11708E-04
 6.11708E-04,  4.02563E+00,  1.42518E+00,  2.95851E-01,  7.76140E-02
 2.98194E-02,  1.43847E-02,  8.23687E-03,  5.23195E-03,  3.45335E-03
 2.32471E-03,  1.60710E-03,  1.14632E-03,  8.37356E-04,  6.20537E-04
 4.67677E-04,  7.60824E-04,  7.60824E-04,  6.04161E-04,  6.04161E-04
 6.04161E-04,  6.04161E-04,  6.04161E-04,  6.04161E-04,  4.06314E+00
 1.39808E+00,  2.95444E-01,  7.85394E-02,  2.98423E-02,  1.42984E-02
 8.31132E-03,  5.38244E-03,  3.58377E-03,  2.40879E-03,  1.65392E-03
 1.17056E-03,  8.49393E-04,  6.26026E-04,  4.69465E-04,  7.56238E-04
 7.56238E-04,  5.96058E-04,  5.96058E-04,  5.96058E-04,  5.96058E-04
 5.96058E-04,  5.96058E-04,  3.64447E+00,  1.40667E+00,  3.21480E-01
 8.61840E-02,  3.17646E-02,  1.49815E-02,  8.81045E-03,  5.74211E-03
 3.79302E-03,  2.51387E-03,  1.70292E-03,  1.19286E-03,  8.59302E-04
 6.29889E-04,  4.70077E-04,  7.49876E-04,  7.49876E-04,  5.86553E-04
 5.86553E-04,  5.86553E-04,  5.86553E-04,  5.86553E-04,  5.86553E-04
 4.94662E+00,  1.56035E+00,  3.60449E-01,  9.68149E-02,  3.50201E-02
 1.62669E-02,  9.58615E-03,  6.22115E-03,  4.04358E-03,  2.62889E-03
 1.75290E-03,  1.21479E-03,  8.69129E-04,  6.33963E-04,  4.71019E-04
 7.44392E-04,  7.44392E-04,  5.77423E-04,  5.77423E-04,  5.77423E-04
 5.77423E-04,  5.77423E-04,  5.77423E-04,  4.17086E+00,  1.67795E+00
 3.96672E-01,  1.04715E-01,  3.79579E-02,  1.75888E-02,  1.03859E-02
 6.70388E-03,  4.28796E-03,  2.73673E-03,  1.79821E-03,  1.23453E-03
 8.78228E-04,  6.37996E-04,  4.72186E-04,  7.39775E-04,  7.39775E-04
 5.68609E-04,  5.68609E-04,  5.68609E-04,  5.68609E-04,  5.68609E-04
 5.68609E-04,  6.45890E+00,  1.88427E+00,  4.37268E-01,  1.07477E-01
 3.89819E-02,  1.83330E-02,  1.09568E-02,  7.07325E-03,  4.47276E-03
 2.81376E-03,  1.82784E-03,  1.24620E-03,  8.82978E-04,  6.39530E-04
 4.71824E-04,  7.33350E-04,  7.33350E-04,  5.58497E-04,  5.58497E-04
 5.58497E-04,  5.58497E-04,  5.58497E-04,  5.58497E-04,  5.04761E+00
 2.07727E+00,  4.75698E-01,  1.05705E-01,  3.79378E-02,  1.83352E-02
 1.12081E-02,  7.28096E-03,  4.57839E-03,  2.85471E-03,  1.84157E-03
 1.25078E-03,  8.84406E-04,  6.39417E-04,  4.70607E-04,  7.26288E-04
 7.26288E-04,  5.48043E-04,  5.48043E-04,  5.48043E-04,  5.48043E-04
 5.48043E-04,  5.48043E-04,  2.81035E+00,  1.72245E+00,  4.18521E-01
 9.74313E-02,  3.59161E-02,  1.79059E-02,  1.11846E-02,  7.31808E-03
 4.59668E-03,  2.85683E-03,  1.83897E-03,  1.24830E-03,  8.82558E-04
 6.37672E-04,  4.68535E-04,  7.18654E-04,  7.18654E-04,  5.37311E-04
 5.37311E-04,  5.37311E-04,  5.37311E-04,  5.37311E-04,  5.37311E-04
 5.97272E+00,  1.22772E+00,  3.09220E-01,  8.73925E-02,  3.45001E-02
 1.75144E-02,  1.09900E-02,  7.19891E-03,  4.52705E-03,  2.81850E-03
 1.81864E-03,  1.23752E-03,  8.76315E-04,  6.33379E-04,  4.64897E-04
 7.09345E-04,  7.09345E-04,  5.25597E-04,  5.25597E-04,  5.25597E-04
 5.25597E-04,  5.25597E-04,  5.25597E-04,  1.83854E+00,  4.51301E-01
 2.30454E-01,  8.17872E-02,  3.40967E-02,  1.73626E-02,  1.07412E-02
 6.98414E-03,  4.40139E-03,  2.75713E-03,  1.79044E-03,  1.22418E-03
 8.69224E-04,  6.28865E-04,  4.61306E-04,  7.00788E-04,  7.00788E-04
 5.14359E-04,  5.14359E-04,  5.14359E-04,  5.14359E-04,  5.14359E-04
 5.14359E-04,  1.74054E+00,  4.66156E-01,  2.10357E-01,  7.71839E-02
 3.31793E-02,  1.71215E-02,  1.04250E-02,  6.70361E-03,  4.23986E-03
 2.68255E-03,  1.75864E-03,  1.20999E-03,  8.61917E-04,  6.24338E-04
 4.57812E-04,  6.92966E-04,  6.92966E-04,  5.03491E-04,  5.03491E-04
 5.03491E-04,  5.03491E-04,  5.03491E-04,  5.03491E-04,  9.02291E-01
 3.71305E-01,  1.74612E-01,  6.54269E-02,  3.04065E-02,  1.64026E-02
 9.96504E-03,  6.36148E-03,  4.04998E-03,  2.59612E-03,  1.72148E-03
 1.19246E-03,  8.52087E-04,  6.17932E-04,  4.52976E-04,  6.83598E-04
 6.83598E-04,  4.91720E-04,  4.91720E-04,  4.91720E-04,  4.91720E-04
 4.91720E-04,  4.91720E-04,  1.31345E+00,  3.61272E-01,  1.22897E-01
 5.08357E-02,  2.67976E-02,  1.53062E-02,  9.39541E-03,  6.00184E-03
 3.86181E-03,  2.51322E-03,  1.68626E-03,  1.17524E-03,  8.41793E-04
 6.10921E-04,  4.47642E-04,  6.73849E-04,  6.73849E-04,  4.79892E-04
 4.79892E-04,  4.79892E-04,  4.79892E-04,  4.79892E-04,  4.79892E-04
 1.27954E+00,  4.71362E-01,  1.40805E-01,  5.08355E-02,  2.48854E-02
 1.42572E-02,  8.81559E-03,  5.66934E-03,  3.69816E-03,  2.44386E-03
 1.65689E-03,  1.15989E-03,  8.31716E-04,  6.03625E-04,  4.41963E-04
 6.63833E-04,  6.63833E-04,  4.68052E-04,  4.68052E-04,  4.68052E-04
 4.68052E-04,  4.68052E-04,  4.68052E-04,  4.55574E-01,  3.29719E-01
 1.64640E-01,  5.99708E-02,  2.53211E-02,  1.36263E-02,  8.34729E-03
 5.40430E-03,  3.57262E-03,  2.39152E-03,  1.63346E-03,  1.14569E-03
 8.21095E-04,  5.95390E-04,  4.35408E-04,  6.52643E-04,  6.52643E-04
 4.55639E-04,  4.55639E-04,  4.55639E-04,  4.55639E-04,  4.55639E-04
 4.55639E-04,  5.35104E-01,  1.52732E-01,  1.46599E-01,  6.24711E-02
 2.63273E-02,  1.35006E-02,  8.10677E-03,  5.25745E-03,  3.50747E-03
 2.36736E-03,  1.62247E-03,  1.13697E-03,  8.12971E-04,  5.88358E-04
 4.29484E-04,  6.42388E-04,  6.42388E-04,  4.43776E-04,  4.43776E-04
 4.43776E-04,  4.43776E-04,  4.43776E-04,  4.43776E-04,  4.57687E-01
 1.61870E-01,  1.37187E-01,  6.10121E-02,  2.68591E-02,  1.37094E-02
 8.10307E-03,  5.23478E-03,  3.50268E-03,  2.37042E-03,  1.62334E-03
 1.13360E-03,  8.07401E-04,  5.82601E-04,  4.24223E-04,  6.33014E-04
 6.33014E-04,  4.32330E-04,  4.32330E-04,  4.32330E-04,  4.32330E-04
 4.32330E-04,  4.32330E-04,  8.22661E-01,  2.99106E-01,  1.44189E-01
 5.86270E-02,  2.69759E-02,  1.40624E-02,  8.25644E-03,  5.30030E-03
 3.53826E-03,  2.38889E-03,  1.62912E-03,  1.13138E-03,  8.01722E-04
 5.76318E-04,  4.18344E-04,  6.22641E-04,  6.22641E-04,  4.20361E-04
 4.20361E-04,  4.20361E-04,  4.20361E-04,  4.20361E-04,  4.20361E-04
 1.26479E+00,  3.73288E-01,  1.34089E-01,  5.53618E-02,  2.71374E-02
 1.44766E-02,  8.49259E-03,  5.42591E-03,  3.60462E-03,  2.42012E-03
 1.63986E-03,  1.13132E-03,  7.97064E-04,  5.70461E-04,  4.12570E-04
 6.12329E-04,  6.12329E-04,  4.08588E-04,  4.08588E-04,  4.08588E-04
 4.08588E-04,  4.08588E-04,  4.08588E-04,  1.23539E+00,  4.09296E-01
 1.31740E-01,  5.58577E-02,  2.78175E-02,  1.48834E-02,  8.74102E-03
 5.57722E-03,  3.68619E-03,  2.45741E-03,  1.65300E-03,  1.13260E-03
 7.93261E-04,  5.65047E-04,  4.06947E-04,  6.02144E-04,  6.02144E-04
 3.97034E-04,  3.97034E-04,  3.97034E-04,  3.97034E-04,  3.97034E-04
 3.97034E-04,  7.72763E-01,  3.27044E-01,  1.46919E-01,  6.10211E-02
 2.89980E-02,  1.52379E-02,  8.95766E-03,  5.72254E-03,  3.76430E-03
 2.49099E-03,  1.66365E-03,  1.13271E-03,  7.88915E-04,  5.59214E-04
 4.00893E-04,  5.91291E-04,  5.91291E-04,  3.85266E-04,  3.85266E-04
 3.85266E-04,  3.85266E-04,  3.85266E-04,  3.85266E-04,  1.20440E+00
 3.71129E-01,  1.59903E-01,  6.81560E-02,  3.06066E-02,  1.56046E-02
 9.16449E-03,  5.86528E-03,  3.84083E-03,  2.52396E-03,  1.67516E-03
 1.13453E-03,  7.86264E-04,  5.54618E-04,  3.95608E-04,  5.81444E-04
 5.81444E-04,  3.74107E-04,  3.74107E-04,  3.74107E-04,  3.74107E-04
 3.74107E-04,  3.74107E-04,  6.13704E-01,  2.85484E-01,  1.82312E-01
 7.68304E-02,  3.24451E-02,  1.59881E-02,  9.36259E-03,  5.99743E-03
 3.90964E-03,  2.55344E-03,  1.68639E-03,  1.13759E-03,  7.85077E-04
 5.51122E-04,  3.90988E-04,  5.72454E-04,  5.72454E-04,  3.63411E-04
 3.63411E-04,  3.63411E-04,  3.63411E-04,  3.63411E-04,  3.63411E-04
 5.57763E-01,  3.34763E-01,  2.04670E-01,  8.31749E-02,  3.37344E-02
 1.62526E-02,  9.51095E-03,  6.09355E-03,  3.95468E-03,  2.56997E-03
 1.69161E-03,  1.13817E-03,  7.82813E-04,  5.46973E-04,  3.85809E-04
 5.62777E-04,  5.62777E-04,  3.52519E-04,  3.52519E-04,  3.52519E-04
 3.52519E-04,  3.52519E-04,  3.52519E-04,  1.13049E+00,  3.91423E-01
 1.98214E-01,  8.31923E-02,  3.38120E-02,  1.62980E-02,  9.59875E-03
 6.15465E-03,  3.97935E-03,  2.57702E-03,  1.69347E-03,  1.13800E-03
 7.80606E-04,  5.42940E-04,  3.80625E-04,  5.53307E-04,  5.53307E-04
 3.42019E-04,  3.42019E-04,  3.42019E-04,  3.42019E-04,  3.42019E-04
 3.42019E-04,  8.29798E-01,  3.12517E-01,  1.74902E-01,  7.64015E-02
 3.25423E-02,  1.61229E-02,  9.62193E-03,  6.17836E-03,  3.98402E-03
 2.57562E-03,  1.69262E-03,  1.13731E-03,  7.78441E-04,  5.38957E-04
 3.75383E-04,  5.44035E-04,  5.44035E-04,  3.31914E-04,  3.31914E-04
 3.31914E-04,  3.31914E-04,  3.31914E-04,  3.31914E-04,  1.25310E+00
 3.80434E-01,  1.46435E-01,  6.70166E-02,  3.08478E-02,  1.58901E-02
 9.59358E-03,  6.16146E-03,  3.96631E-03,  2.56417E-03,  1.68763E-03
 1.13473E-03,  7.75171E-04,  5.34170E-04,  3.69492E-04,  5.34247E-04
 5.34247E-04,  3.21865E-04,  3.21865E-04,  3.21865E-04,  3.21865E-04
 3.21865E-04,  3.21865E-04,  1.34635E+00,  3.94656E-01,  1.50560E-01
 6.61142E-02,  3.05860E-02,  1.58794E-02,  9.57253E-03,  6.13051E-03
 3.94280E-03,  2.55310E-03,  1.68476E-03,  1.13398E-03,  7.73084E-04
 5.30056E-04,  3.63955E-04,  5.25210E-04,  5.25210E-04,  3.12470E-04
 3.12470E-04,  3.12470E-04,  3.12470E-04,  3.12470E-04,  3.12470E-04
 7.79085E-01,  3.35284E-01,  1.83924E-01,  7.51680E-02,  3.20565E-02
 1.61132E-02,  9.56870E-03,  6.09408E-03,  3.91900E-03,  2.54530E-03
 1.68516E-03,  1.13531E-03,  7.72083E-04,  5.26466E-04,  3.58643E-04
 5.16706E-04,  5.16706E-04,  3.03600E-04,  3.03600E-04,  3.03600E-04
 3.03600E-04,  3.03600E-04,  3.03600E-04,  5.97892E-01,  2.24157E-01
 2.01764E-01,  8.29183E-02,  3.35518E-02,  1.63385E-02,  9.54467E-03
 6.04365E-03,  3.88978E-03,  2.53627E-03,  1.68488E-03,  1.13553E-03
 7.69835E-04,  5.21807E-04,  3.52504E-04,  5.07538E-04,  5.07538E-04
 2.94773E-04,  2.94773E-04,  2.94773E-04,  2.94773E-04,  2.94773E-04
 2.94773E-04,  6.42139E-01,  2.10884E-01,  2.03641E-01,  8.36017E-02
 3.38154E-02,  1.63866E-02,  9.50200E-03,  5.99466E-03,  3.86601E-03
 2.53222E-03,  1.68717E-03,  1.13640E-03,  7.67421E-04,  5.16824E-04
 3.46095E-04,  4.98494E-04,  4.98494E-04,  2.86459E-04,  2.86459E-04
 2.86459E-04,  2.86459E-04,  2.86459E-04,  2.86459E-04,  6.60731E-01
 3.52863E-01,  1.89491E-01,  7.67874E-02,  3.27178E-02,  1.62446E-02
 9.44593E-03,  5.95335E-03,  3.85185E-03,  2.53485E-03,  1.69237E-03
 1.13783E-03,  7.64733E-04,  5.11477E-04,  3.39444E-04,  4.89551E-04
 4.89551E-04,  2.78639E-04,  2.78639E-04,  2.78639E-04,  2.78639E-04
 2.78639E-04,  2.78639E-04,  1.25329E+00,  4.05660E-01,  1.51150E-01
 6.64822E-02,  3.11837E-02,  1.60436E-02,  9.38483E-03,  5.91832E-03
 3.84527E-03,  2.54143E-03,  1.69786E-03,  1.13789E-03,  7.60526E-04
 5.05029E-04,  3.32146E-04,  4.80133E-04,  4.80133E-04,  2.71018E-04
 2.71018E-04,  2.71018E-04,  2.71018E-04,  2.71018E-04,  2.71018E-04
 7.22492E-01,  2.27594E-01,  1.15427E-01,  6.18670E-02,  3.06063E-02
 1.59912E-02,  9.36241E-03,  5.91173E-03,  3.85975E-03,  2.55956E-03
 1.70810E-03,  1.13949E-03,  7.56796E-04,  4.98854E-04,  3.25161E-04
 4.71205E-04,  4.71205E-04,  2.64076E-04,  2.64076E-04,  2.64076E-04
 2.64076E-04,  2.64076E-04,  2.64076E-04,  5.94998E-01,  1.91572E-01
 1.14794E-01,  6.26968E-02,  3.09212E-02,  1.60850E-02,  9.38064E-03
 5.93761E-03,  3.89662E-03,  2.58859E-03,  1.72221E-03,  1.14209E-03
 7.53296E-04,  4.92873E-04,  3.18497E-04,  4.62569E-04,  4.62569E-04
 2.57722E-04,  2.57722E-04,  2.57722E-04,  2.57722E-04,  2.57722E-04
 2.57722E-04,  5.86983E-01,  1.84823E-01,  1.08637E-01,  6.24714E-02
 3.11920E-02,  1.61722E-02,  9.40946E-03,  5.98196E-03,  3.94356E-03
 2.61876E-03,  1.73366E-03,  1.14174E-03,  7.47759E-04,  4.85818E-04
 3.11468E-04,  4.53388E-04,  4.53388E-04,  2.51511E-04,  2.51511E-04
 2.51511E-04,  2.51511E-04,  2.51511E-04,  2.51511E-04,  5.65038E-01
 1.80582E-01,  1.04479E-01,  6.18863E-02,  3.13171E-02,  1.62445E-02
 9.46897E-03,  6.05395E-03,  4.00233E-03,  2.65042E-03,  1.74326E-03
 1.13957E-03,  7.41252E-04,  4.78539E-04,  3.04730E-04,  4.44395E-04
 4.44395E-04,  2.45801E-04,  2.45801E-04,  2.45801E-04,  2.45801E-04
 2.45801E-04,  2.45801E-04,  6.38683E-01,  1.78737E-01,  1.07159E-01
 6.30488E-02,  3.16583E-02,  1.63682E-02,  9.57051E-03,  6.14805E-03
 4.06540E-03,  2.67902E-03,  1.74913E-03,  1.13506E-03,  7.33747E-04
 4.71149E-04,  2.98437E-04,  4.35586E-04,  4.35586E-04,  2.40547E-04
 2.40547E-04,  2.40547E-04,  2.40547E-04,  2.40547E-04,  2.40547E-04
 7.82400E-01,  2.29425E-01,  1.18220E-01,  6.59217E-02,  3.22602E-02
 1.65403E-02,  9.68893E-03,  6.23818E-03,  4.11472E-03,  2.69464E-03
 1.74646E-03,  1.12595E-03,  7.24157E-04,  4.63112E-04,  2.92332E-04
 4.26495E-04,  4.26495E-04,  2.35428E-04,  2.35428E-04,  2.35428E-04
 2.35428E-04,  2.35428E-04,  2.35428E-04,  1.35920E+00,  3.78774E-01
 1.51197E-01,  7.09173E-02,  3.30352E-02,  1.67412E-02,  9.81511E-03
 6.31859E-03,  4.15012E-03,  2.70053E-03,  1.73904E-03,  1.11524E-03
 7.14495E-04,  4.55707E-04,  2.87230E-04,  4.17897E-04,  4.17897E-04
 2.30929E-04,  2.30929E-04,  2.30929E-04,  2.30929E-04,  2.30929E-04
 2.30929E-04,  9.57514E-01,  3.59554E-01,  1.86338E-01,  7.83766E-02
 3.40159E-02,  1.69279E-02,  9.90751E-03,  6.36271E-03,  4.15967E-03
 2.69271E-03,  1.72593E-03,  1.10279E-03,  7.04769E-04,  4.48951E-04
 2.83160E-04,  4.09659E-04,  4.09659E-04,  2.26993E-04,  2.26993E-04
 2.26993E-04,  2.26993E-04,  2.26993E-04,  2.26993E-04,  1.57252E+00
 4.11935E-01,  2.12143E-01,  8.62250E-02,  3.52468E-02,  1.70977E-02
 9.90515E-03,  6.32405E-03,  4.11861E-03,  2.65902E-03,  1.70099E-03
 1.08536E-03,  6.93171E-04,  4.41799E-04,  2.79489E-04,  4.01104E-04
 4.01104E-04,  2.23066E-04,  2.23066E-04,  2.23066E-04,  2.23066E-04
 2.23066E-04,  2.23066E-04,  1.42167E+00,  4.00307E-01,  2.36801E-01
 9.30645E-02,  3.69507E-02,  1.73490E-02,  9.80565E-03,  6.19829E-03
 4.02947E-03,  2.60353E-03,  1.66745E-03,  1.06504E-03,  6.80966E-04
 4.34978E-04,  2.76613E-04,  3.92832E-04,  3.92832E-04,  2.19421E-04
 2.19421E-04,  2.19421E-04,  2.19421E-04,  2.19421E-04,  2.19421E-04
 4.58580E+00,  9.80485E-01,  2.84612E-01,  1.01076E-01,  3.90865E-02
 1.75717E-02,  9.57944E-03,  5.98595E-03,  3.89672E-03,  2.52917E-03
 1.62676E-03,  1.04240E-03,  6.68301E-04,  4.28462E-04,  2.74429E-04
 3.84778E-04,  3.84778E-04,  2.15993E-04,  2.15993E-04,  2.15993E-04
 2.15993E-04,  2.15993E-04,  2.15993E-04,  2.17319E+00,  1.24633E+00
 3.47696E-01,  1.09229E-01,  4.03869E-02,  1.73640E-02,  9.17605E-03
 5.69384E-03,  3.72515E-03,  2.43657E-03,  1.57799E-03,  1.01631E-03
 6.54241E-04,  4.21554E-04,  2.72374E-04,  3.76429E-04,  3.76429E-04
 2.12406E-04,  2.12406E-04,  2.12406E-04,  2.12406E-04,  2.12406E-04
 2.12406E-04,  2.11424E+00,  1.36995E+00,  3.58955E-01,  1.08633E-01
 3.92076E-02,  1.65040E-02,  8.65389E-03,  5.37870E-03,  3.54438E-03
 2.34008E-03,  1.52820E-03,  9.90283E-04,  6.40595E-04,  4.15212E-04
 2.70977E-04,  3.68514E-04,  3.68514E-04,  2.09243E-04,  2.09243E-04
 2.09243E-04,  2.09243E-04,  2.09243E-04,  2.09243E-04,  4.59297E+00
 1.06799E+00,  2.87170E-01,  9.71849E-02,  3.56161E-02,  1.52479E-02
 8.14471E-03,  5.08855E-03,  3.37064E-03,  2.24513E-03,  1.47897E-03
 9.64624E-04,  6.27272E-04,  4.09247E-04,  2.70065E-04,  3.60936E-04
 3.60936E-04,  2.06486E-04,  2.06486E-04,  2.06486E-04,  2.06486E-04
 2.06486E-04,  2.06486E-04,  1.97335E+00,  5.48346E-01,  2.24630E-01
 8.44217E-02,  3.19422E-02,  1.43122E-02,  7.81252E-03,  4.85113E-03
 3.20587E-03,  2.14879E-03,  1.42693E-03,  9.36644E-04,  6.12384E-04
 4.02343E-04,  2.68641E-04,  3.52854E-04,  3.52854E-04,  2.03420E-04
 2.03420E-04,  2.03420E-04,  2.03420E-04,  2.03420E-04,  2.03420E-04
 1.64625E+00,  4.75156E-01,  2.06648E-01,  7.86816E-02,  3.08897E-02
 1.43358E-02,  7.76461E-03,  4.69168E-03,  3.06233E-03,  2.05745E-03
 1.37510E-03,  9.07767E-04,  5.96644E-04,  3.94850E-04,  2.66829E-04
 3.44709E-04,  3.44709E-04,  2.00295E-04,  2.00295E-04,  2.00295E-04
 2.00295E-04,  2.00295E-04,  2.00295E-04,  1.41232E+00,  4.51777E-01
 2.07996E-01,  8.20130E-02,  3.27061E-02,  1.50859E-02,  7.89103E-03
 4.58858E-03,  2.93908E-03,  1.97170E-03,  1.32341E-03,  8.77679E-04
 5.79746E-04,  3.86499E-04,  2.64369E-04,  3.36391E-04,  3.36391E-04
 1.97062E-04,  1.97062E-04,  1.97062E-04,  1.97062E-04,  1.97062E-04
 1.97062E-04,  1.33514E+00,  4.91032E-01,  2.65498E-01,  1.00497E-01
 3.74008E-02,  1.60407E-02,  7.99099E-03,  4.49531E-03,  2.82630E-03
 1.88780E-03,  1.26942E-03,  8.44710E-04,  5.60560E-04,  3.76498E-04
 2.60620E-04,  3.27336E-04,  3.27336E-04,  1.93331E-04,  1.93331E-04
 1.93331E-04,  1.93331E-04,  1.93331E-04,  1.93331E-04,  1.02294E+00
 5.19401E-01,  3.04801E-01,  1.20817E-01,  4.34396E-02,  1.70154E-02
 7.99432E-03,  4.39604E-03,  2.72618E-03,  1.80986E-03,  1.21637E-03
 8.11139E-04,  5.40639E-04,  3.65881E-04,  2.56318E-04,  3.18441E-04
 3.18441E-04,  1.89813E-04,  1.89813E-04,  1.89813E-04,  1.89813E-04
 1.89813E-04,  1.89813E-04,  1.11420E+00,  4.78705E-01,  2.72792E-01
 1.18956E-01,  4.56325E-02,  1.74860E-02,  7.87789E-03,  4.27879E-03
 2.63244E-03,  1.73547E-03,  1.16340E-03,  7.76696E-04,  5.19895E-04
 3.54592E-04,  2.51444E-04,  3.09693E-04,  3.09693E-04,  1.86525E-04
 1.86525E-04,  1.86525E-04,  1.86525E-04,  1.86525E-04,  1.86525E-04
 2.24102E+00,  5.74988E-01,  2.24090E-01,  1.02779E-01,  4.32102E-02
 1.71025E-02,  7.61455E-03,  4.13012E-03,  2.53276E-03,  1.65752E-03
 1.10655E-03,  7.38993E-04,  4.96749E-04,  3.41498E-04,  2.45073E-04
 3.00113E-04,  3.00113E-04,  1.82667E-04,  1.82667E-04,  1.82667E-04
 1.82667E-04,  1.82667E-04,  1.82667E-04,  1.65567E+00,  5.48800E-01
 2.28193E-01,  8.72014E-02,  3.87170E-02,  1.59967E-02,  7.22781E-03
 3.95803E-03,  2.42863E-03,  1.57785E-03,  1.04782E-03,  6.99589E-04
 4.72249E-04,  3.27269E-04,  2.37622E-04,  2.90172E-04,  2.90172E-04
 1.78517E-04,  1.78517E-04,  1.78517E-04,  1.78517E-04,  1.78517E-04
 1.78517E-04,  2.01375E+00,  3.78246E-01,  2.26453E-01,  8.22863E-02
 3.36312E-02,  1.43853E-02,  6.75093E-03,  3.76951E-03,  2.32035E-03
 1.49697E-03,  9.88093E-04,  6.59182E-04,  4.46810E-04,  3.12124E-04
 2.29202E-04,  2.79885E-04,  2.79885E-04,  1.74072E-04,  1.74072E-04
 1.74072E-04,  1.74072E-04,  1.74072E-04,  1.74072E-04,  1.74618E+00
 6.01475E-01,  3.46932E-01,  8.81689E-02,  2.98901E-02,  1.27651E-02
 6.26945E-03,  3.58000E-03,  2.20955E-03,  1.41501E-03,  9.27582E-04
 6.17864E-04,  4.20351E-04,  2.95893E-04,  2.19589E-04,  2.68835E-04
 2.68835E-04,  1.68987E-04,  1.68987E-04,  1.68987E-04,  1.68987E-04
 1.68987E-04,  1.68987E-04,  5.46561E+00,  1.29534E+00,  4.34515E-01
 1.04194E-01,  3.02757E-02,  1.19897E-02,  5.95461E-03,  3.43154E-03
 2.11128E-03,  1.33977E-03,  8.71233E-04,  5.78854E-04,  3.94971E-04
 2.79992E-04,  2.09861E-04,  2.58077E-04,  2.58077E-04,  1.64024E-04
 1.64024E-04,  1.64024E-04,  1.64024E-04,  1.64024E-04,  1.64024E-04
 3.15571E+00,  1.74806E+00,  4.24397E-01,  1.09754E-01,  3.22831E-02
 1.21635E-02,  5.89315E-03,  3.34793E-03,  2.03298E-03,  1.27418E-03
 8.20611E-04,  5.43057E-04,  3.71184E-04,  2.64724E-04,  2.00246E-04
 2.47686E-04,  2.47686E-04,  1.59220E-04,  1.59220E-04,  1.59220E-04
 1.59220E-04,  1.59220E-04,  1.59220E-04,  4.30094E+00,  1.77100E+00
 3.92171E-01,  1.01388E-01,  3.22344E-02,  1.25719E-02,  6.00585E-03
 3.31837E-03,  1.97170E-03,  1.21648E-03,  7.74571E-04,  5.09632E-04
 3.48282E-04,  2.49469E-04,  1.90154E-04,  2.36764E-04,  2.36764E-04
 1.53816E-04,  1.53816E-04,  1.53816E-04,  1.53816E-04,  1.53816E-04
 1.53816E-04,  4.84623E+00,  1.49576E+00,  3.42995E-01,  8.92038E-02
 3.02329E-02,  1.27196E-02,  6.15688E-03,  3.31956E-03,  1.92631E-03
 1.16870E-03,  7.35118E-04,  4.80120E-04,  3.27351E-04,  2.34988E-04
 1.80140E-04,  2.25794E-04,  2.25794E-04,  1.48105E-04,  1.48105E-04
 1.48105E-04,  1.48105E-04,  1.48105E-04,  1.48105E-04,  4.65632E+00
 1.83162E+00,  4.07721E-01,  8.83466E-02,  2.82647E-02,  1.25600E-02
 6.22583E-03,  3.31255E-03,  1.88692E-03,  1.12850E-03,  7.01936E-04
 4.54744E-04,  3.08697E-04,  2.21539E-04,  1.70413E-04,  2.14859E-04
 2.14859E-04,  1.42126E-04,  1.42126E-04,  1.42126E-04,  1.42126E-04
 1.42126E-04,  1.42126E-04,  4.60202E+00,  2.46077E+00,  5.14219E-01
 9.35787E-02,  2.70980E-02,  1.21480E-02,  6.13861E-03,  3.26019E-03
 1.83974E-03,  1.09070E-03,  6.72938E-04,  4.32661E-04,  2.91965E-04
 2.08948E-04,  1.60836E-04,  2.03639E-04,  2.03639E-04,  1.35614E-04
 1.35614E-04,  1.35614E-04,  1.35614E-04,  1.35614E-04,  1.35614E-04
 5.21740E+00,  2.18421E+00,  4.79750E-01,  8.91004E-02,  2.54877E-02
 1.14556E-02,  5.89286E-03,  3.15534E-03,  1.78229E-03,  1.05513E-03
 6.48668E-04,  4.14653E-04,  2.78001E-04,  1.98009E-04,  1.52160E-04
 1.93013E-04,  1.93013E-04,  1.29260E-04,  1.29260E-04,  1.29260E-04
 1.29260E-04,  1.29260E-04,  1.29260E-04,  5.07706E+00,  1.59309E+00
 3.42255E-01,  7.22809E-02,  2.23679E-02,  1.04406E-02,  5.50231E-03
 2.99635E-03,  1.71108E-03,  1.01935E-03,  6.27605E-04,  3.99898E-04
 2.66447E-04,  1.88618E-04,  1.44397E-04,  1.82974E-04,  1.82974E-04
 1.23093E-04,  1.23093E-04,  1.23093E-04,  1.23093E-04,  1.23093E-04
 1.23093E-04,  4.30146E+00,  1.41600E+00,  2.83116E-01,  5.80455E-02
 1.88398E-02,  9.23301E-03,  5.00044E-03,  2.78639E-03,  1.62243E-03
 9.79474E-04,  6.06817E-04,  3.86437E-04,  2.56066E-04,  1.79976E-04
 1.36932E-04,  1.72739E-04,  1.72739E-04,  1.16511E-04,  1.16511E-04
 1.16511E-04,  1.16511E-04,  1.16511E-04,  1.16511E-04,  4.67198E+00
 1.55274E+00,  3.13913E-01,  5.64194E-02,  1.63538E-02,  8.10457E-03
 4.46550E-03,  2.55141E-03,  1.52431E-03,  9.37576E-04,  5.86596E-04
 3.74185E-04,  2.46850E-04,  1.72213E-04,  1.29953E-04,  1.62621E-04
 1.62621E-04,  1.09796E-04,  1.09796E-04,  1.09796E-04,  1.09796E-04
 1.09796E-04,  1.09796E-04,  3.68671E+00,  1.75702E+00,  3.22032E-01
 5.32915E-02,  1.45912E-02,  7.16228E-03,  3.95293E-03,  2.31424E-03
 1.42385E-03,  8.94998E-04,  5.66565E-04,  3.62504E-04,  2.38344E-04
 1.65115E-04,  1.23364E-04,  1.52610E-04,  1.52610E-04,  1.03017E-04
 1.03017E-04,  1.03017E-04,  1.03017E-04,  1.03017E-04,  1.03017E-04
 4.42822E+00,  1.60499E+00,  2.87997E-01,  4.46637E-02,  1.27743E-02
 6.32192E-03,  3.48130E-03,  2.09028E-03,  1.32609E-03,  8.52060E-04
 5.45704E-04,  3.50297E-04,  2.29735E-04,  1.58202E-04,  1.16826E-04
 1.42399E-04,  1.42399E-04,  9.60298E-05,  9.60298E-05,  9.60298E-05
 9.60298E-05,  9.60298E-05,  9.60298E-05,  1.33373E+00,  1.33515E+00
 2.18886E-01,  3.19392E-02,  1.10695E-02,  5.53554E-03,  3.06578E-03
 1.89754E-03,  1.24029E-03,  8.12595E-04,  5.25492E-04,  3.38160E-04
 2.21341E-04,  1.51841E-04,  1.10680E-04,  1.32556E-04,  1.32556E-04
 8.93910E-05,  8.93910E-05,  8.93910E-05,  8.93910E-05,  8.93910E-05
 8.93910E-05,  3.37917E+00,  7.33354E-01,  9.70113E-02,  2.12158E-02
 9.68639E-03,  4.76241E-03,  2.70512E-03,  1.74143E-03,  1.16943E-03
 7.77481E-04,  5.05951E-04,  3.25903E-04,  2.12967E-04,  1.46088E-04
 1.05117E-04,  1.23489E-04,  1.23489E-04,  8.37076E-05,  8.37076E-05
 8.37076E-05,  8.37076E-05,  8.37076E-05,  8.37076E-05,  7.49325E-01
 7.39880E-02,  3.50512E-02,  1.78091E-02,  7.80662E-03,  3.90867E-03
 2.39102E-03,  1.61770E-03,  1.11098E-03,  7.46763E-04,  4.88963E-04
 3.16200E-04,  2.07411E-04,  1.43702E-04,  1.04431E-04,  1.22473E-04
 1.22473E-04,  8.71316E-05,  8.71316E-05,  8.71316E-05,  8.71316E-05
 8.71316E-05,  8.71316E-05,  6.80049E-01,  1.91965E-01,  7.34265E-02
 2.98162E-02,  1.32207E-02,  7.43197E-03,  5.17167E-03,  3.88957E-03
 2.90720E-03,  2.09418E-03,  1.45272E-03,  9.88689E-04,  6.82126E-04
 4.97963E-04,  4.15481E-04,  5.57117E-04,  5.57117E-04,  4.82525E-04
 4.82525E-04,  4.82525E-04,  4.82525E-04,  4.82525E-04,  4.82525E-04
 6.80049E-01,  1.91965E-01,  7.34265E-02,  2.98162E-02,  1.32207E-02
 7.43197E-03,  5.17167E-03,  3.88957E-03,  2.90720E-03,  2.09418E-03
 1.45272E-03,  9.88689E-04,  6.82126E-04,  4.97963E-04,  4.15481E-04
 5.57117E-04,  5.57117E-04,  4.82525E-04,  4.82525E-04,  4.82525E-04
 4.82525E-04,  4.82525E-04,  4.82525E-04,  2.44096E-02,  2.56588E-02
 2.45351E-02,  1.97021E-02,  1.43704E-02,  1.04326E-02,  8.03095E-03
 6.62061E-03,  5.68365E-03,  4.93725E-03,  4.27649E-03,  3.67214E-03
 3.12495E-03,  2.65070E-03,  2.27119E-03,  5.13981E-03,  5.13981E-03
 7.70422E-03,  7.70422E-03,  7.70422E-03,  7.70422E-03,  7.70422E-03
 7.70422E-03,  2.44096E-02,  2.56588E-02,  2.45351E-02,  1.97021E-02
 1.43704E-02,  1.04326E-02,  8.03095E-03,  6.62061E-03,  5.68365E-03
 4.93725E-03,  4.27649E-03,  3.67214E-03,  3.12495E-03,  2.65070E-03
 2.27119E-03,  5.13981E-03,  5.13981E-03,  7.70422E-03,  7.70422E-03
 7.70422E-03,  7.70422E-03,  7.70422E-03,  7.70422E-03,  2.44096E-02
 2.56588E-02,  2.45351E-02,  1.97021E-02,  1.43704E-02,  1.04326E-02
 8.03095E-03,  6.62061E-03,  5.68365E-03,  4.93725E-03,  4.27649E-03
 3.67214E-03,  3.12495E-03,  2.65070E-03,  2.27119E-03,  5.13981E-03
 5.13981E-03,  7.70422E-03,  7.70422E-03,  7.70422E-03,  7.70422E-03
 7.70422E-03,  7.70422E-03,  2.44096E-02,  2.56588E-02,  2.45351E-02
 1.97021E-02,  1.43704E-02,  1.04326E-02,  8.03095E-03,  6.62061E-03
 5.68365E-03,  4.93725E-03,  4.27649E-03,  3.67214E-03,  3.12495E-03
 2.65070E-03,  2.27119E-03,  5.13981E-03,  5.13981E-03,  7.70422E-03
 7.70422E-03,  7.70422E-03,  7.70422E-03,  7.70422E-03,  7.70422E-03
 2.44096E-02,  2.56588E-02,  2.45351E-02,  1.97021E-02,  1.43704E-02
 1.04326E-02,  8.03095E-03,  6.62061E-03,  5.68365E-03,  4.93725E-03
 4.27649E-03,  3.67214E-03,  3.12495E-03,  2.65070E-03,  2.27119E-03
 5.13981E-03,  5.13981E-03,  7.70422E-03,  7.70422E-03,  7.70422E-03
 7.70422E-03,  7.70422E-03,  7.70422E-03,  2.44096E-02,  2.56588E-02
 2.45351E-02,  1.97021E-02,  1.43704E-02,  1.04326E-02,  8.03095E-03
 6.62061E-03,  5.68365E-03,  4.93725E-03,  4.27649E-03,  3.67214E-03
 3.12495E-03,  2.65070E-03,  2.27119E-03,  5.13981E-03,  5.13981E-03
 7.70422E-03,  7.70422E-03,  7.70422E-03,  7.70422E-03,  7.70422E-03
 7.70422E-03

;------ Iteration  2
;-Index  V/I_Meas      V/I_Calc    VI_%ERR
  1,    2.07243E+01,   1.08753E+01,  -47.52
  2,    2.56875E+00,   6.27474E-01,  -75.57
  3,    1.24840E+00,   3.76884E-01,  -69.81
  4,    9.38865E-02,   1.53626E-01,  63.63
  5,    1.51760E-01,   1.01830E-01,  -32.90
  6,    9.01102E-02,   7.51029E-02,  -16.65
  7,    2.51083E+01,   9.37984E+00,  -62.64
  8,    6.05705E+00,   1.92139E+00,  -68.28
  9,    2.62075E+00,   8.62637E-01,  -67.08
  10,    1.10857E+00,   2.30619E-01,  -79.20
  11,    1.39745E-01,   5.70298E-02,  -59.19
  12,    8.66431E-02,   2.28324E-02,  -73.65
  13,    3.66935E-02,   9.10703E-02,  148.19
  14,    2.42305E-01,   1.22134E-01,  -49.59
  15,    1.08723E-01,   8.74747E-02,  -19.54
  16,    6.45944E-02,   6.08811E-02,  -5.75
  17,    3.79840E-02,   3.55242E-02,  -6.48
  18,    2.77012E-02,   2.67709E-02,  -3.36
  19,    2.10235E+01,   2.02183E+01,  -3.83
  20,    5.51175E+00,   6.93825E+00,  25.88
  21,    2.10442E+00,   1.46834E+00,  -30.23
  22,    8.42778E-01,   4.12544E-01,  -51.05
  23,    1.23720E-01,   6.32299E-02,  -48.89
  24,    8.03241E-02,   6.66267E-02,  -17.05
  25,    2.18757E-01,   1.53769E-01,  -29.71
  26,    1.03491E-01,   9.39804E-02,  -9.19
  27,    5.92737E-02,   5.69695E-02,  -3.89
  28,    3.80062E-02,   3.38332E-02,  -10.98
  29,    2.69831E-02,   2.47116E-02,  -8.42
  30,    4.16334E-02,   4.37905E-02,  5.18
  31,    3.13011E-02,   3.28014E-02,  4.79
  32,    2.56430E-02,   2.76476E-02,  7.82
  33,    2.12077E+01,   2.46403E+01,  16.19
  34,    5.34089E+00,   4.04435E+00,  -24.28
  35,    1.90316E+00,   9.25362E-01,  -51.38
  36,    7.61439E-01,   6.07233E-01,  -20.25
  37,    1.40548E-01,   1.02408E-01,  -27.14
  38,    7.82689E-02,   6.55791E-02,  -16.21
  39,    2.08930E-01,   2.03250E-01,  -2.72
  40,    1.10353E-01,   1.26229E-01,  14.39
  41,    5.87669E-02,   6.57398E-02,  11.87
  42,    4.03443E-02,   4.54276E-02,  12.60
  43,    2.84742E-02,   3.08654E-02,  8.40
  44,    4.56410E-02,   4.42371E-02,  -3.08
  45,    3.47810E-02,   3.41477E-02,  -1.82
  46,    2.67499E-02,   2.62334E-02,  -1.93
  47,    4.41874E-02,   4.66276E-02,  5.52
  48,    2.76329E-02,   2.80396E-02,  1.47
  49,    2.43151E-02,   2.29223E-02,  -5.73
  50,    2.33259E+01,   1.07636E+01,  -53.86
  51,    4.91551E+00,   1.66576E+00,  -66.11
  52,    1.71542E+00,   8.67784E-01,  -49.41
  53,    7.63683E-01,   4.31952E-01,  -43.44
  54,    1.34355E-01,   6.48687E-02,  -51.72
  55,    8.57191E-02,   5.34183E-02,  -37.68
  56,    2.89493E-02,   1.11649E-01,  285.67
  57,    2.31722E-01,   1.86646E-01,  -19.45
  58,    1.18091E-01,   1.04922E-01,  -11.15
  59,    6.76859E-02,   5.76544E-02,  -14.82
  60,    4.56516E-02,   3.99743E-02,  -12.44
  61,    3.30751E-02,   2.95951E-02,  -10.52
  62,    5.05039E-02,   4.60537E-02,  -8.81
  63,    3.83803E-02,   3.80130E-02,  -0.96
  64,    2.78508E-02,   2.70701E-02,  -2.80
  65,    4.45802E-02,   4.01190E-02,  -10.01
  66,    2.72002E-02,   2.33167E-02,  -14.28
  67,    2.78031E-02,   2.25022E-02,  -19.07
  68,    3.00666E-02,   2.35767E-02,  -21.59
  69,    2.17111E-02,   1.58683E-02,  -26.91
  70,    2.51867E+01,   1.42788E+01,  -43.31
  71,    4.91285E+00,   4.70103E+00,  -4.31
  72,    1.79343E+00,   1.90246E+00,  6.08
  73,    8.39700E-01,   3.73297E-01,  -55.54
  74,    1.49670E-01,   3.06225E-01,  104.60
  75,    1.47258E-01,   1.36987E-01,  -6.97
  76,    9.33280E-02,   9.28750E-02,  -0.49
  77,    2.58679E-01,   2.36722E-01,  -8.49
  78,    1.22031E-01,   1.10913E-01,  -9.11
  79,    7.54422E-02,   7.07604E-02,  -6.21
  80,    5.03819E-02,   4.55153E-02,  -9.66
  81,    3.87900E-02,   3.61569E-02,  -6.79
  82,    5.76154E-02,   5.55868E-02,  -3.52
  83,    4.36995E-02,   4.45746E-02,  2.00
  84,    3.19190E-02,   3.14337E-02,  -1.52
  85,    4.86561E-02,   4.89345E-02,  0.57
  86,    3.01298E-02,   2.92268E-02,  -3.00
  87,    2.91209E-02,   2.67535E-02,  -8.13
  88,    3.00144E-02,   2.37875E-02,  -20.75
  89,    2.13417E-02,   1.56239E-02,  -26.79
  90,    2.58147E-02,   1.93595E-02,  -25.01
  91,    1.98618E-02,   1.44835E-02,  -27.08
  92,    5.35987E+00,   5.93308E+00,  10.69
  93,    2.08741E+00,   8.54761E-01,  -59.05
  94,    1.02678E+00,   5.84301E-01,  -43.09
  95,    1.87425E-01,   3.05122E-01,  62.80
  96,    1.72181E-01,   1.43308E-01,  -16.77
  97,    1.17447E-01,   1.10982E-01,  -5.50
  98,    2.90909E-01,   2.90437E-01,  -0.16
  99,    1.47621E-01,   1.40021E-01,  -5.15
  100,    8.99679E-02,   8.95697E-02,  -0.44
  101,    6.19399E-02,   6.26373E-02,  1.13
  102,    4.74925E-02,   4.53802E-02,  -4.45
  103,    6.89750E-02,   6.68184E-02,  -3.13
  104,    4.92579E-02,   4.91368E-02,  -0.25
  105,    3.40743E-02,   3.43462E-02,  0.80
  106,    5.22244E-02,   5.24408E-02,  0.41
  107,    3.38687E-02,   3.40626E-02,  0.57
  108,    3.23105E-02,   2.90988E-02,  -9.94
  109,    3.19228E-02,   2.80997E-02,  -11.98
  110,    2.16338E-02,   1.78223E-02,  -17.62
  111,    2.66745E-02,   2.04640E-02,  -23.28
  112,    2.14036E-02,   1.55254E-02,  -27.46
  113,    5.72150E+00,   2.18568E+00,  -61.80
  114,    2.31320E+00,   1.16307E+00,  -49.72
  115,    9.68294E-01,   5.33218E-01,  -44.93
  116,    1.86464E-01,   3.52206E-01,  88.89
  117,    1.88712E-01,   1.58661E-01,  -15.92
  118,    1.03236E-01,   8.39055E-02,  -18.72
  119,    2.96212E-01,   2.52132E-01,  -14.88
  120,    1.63627E-01,   1.43763E-01,  -12.14
  121,    1.00222E-01,   8.61642E-02,  -14.03
  122,    7.38560E-02,   6.52292E-02,  -11.68
  123,    5.39285E-02,   4.77948E-02,  -11.37
  124,    8.00984E-02,   8.22296E-02,  2.66
  125,    5.42293E-02,   5.59022E-02,  3.08
  126,    3.46281E-02,   3.65082E-02,  5.43
  127,    5.20586E-02,   5.24478E-02,  0.75
  128,    4.13181E-02,   4.13178E-02,  0.00
  129,    3.06594E-02,   2.82759E-02,  -7.77
  130,    3.37121E-02,   3.03423E-02,  -10.00
  131,    2.32575E-02,   2.02213E-02,  -13.05
  132,    2.79093E-02,   2.36893E-02,  -15.12
  133,    2.16048E-02,   1.75887E-02,  -18.59
  134,    6.07769E+00,   3.33154E+00,  -45.18
  135,    2.01531E+00,   1.27470E+00,  -36.75
  136,    9.22482E-01,   7.48313E-01,  -18.88
  137,    2.93652E-01,   4.25877E-01,  45.03
  138,    4.42888E-01,   2.97091E-01,  -32.92
  139,    1.43564E-01,   1.49309E-01,  4.00
  140,    9.80310E-02,   1.02278E-01,  4.33
  141,    2.89595E-01,   2.77266E-01,  -4.26
  142,    1.62090E-01,   1.59515E-01,  -1.59
  143,    1.02372E-01,   1.04151E-01,  1.74
  144,    7.43722E-02,   7.20606E-02,  -3.11
  145,    5.26667E-02,   5.68793E-02,  8.00
  146,    8.48895E-02,   9.30254E-02,  9.58
  147,    5.70213E-02,   6.26388E-02,  9.85
  148,    3.24661E-02,   3.83065E-02,  17.99
  149,    5.09961E-02,   5.89703E-02,  15.64
  150,    4.73332E-02,   5.53888E-02,  17.02
  151,    2.71496E-02,   3.10161E-02,  14.24
  152,    3.33201E-02,   3.42552E-02,  2.81
  153,    2.30520E-02,   2.31266E-02,  0.32
  154,    2.80427E-02,   2.70596E-02,  -3.51
  155,    2.28094E-02,   2.11133E-02,  -7.44
  156,    5.95258E+00,   3.58776E+00,  -39.73
  157,    2.26191E+00,   1.67627E+00,  -25.89
  158,    9.77684E-01,   8.36349E-01,  -14.46
  159,    3.24570E-01,   5.26095E-01,  62.09
  160,    4.23618E-01,   2.40087E-01,  -43.32
  161,    1.53060E-01,   1.48429E-01,  -3.03
  162,    9.56131E-02,   9.62728E-02,  0.69
  163,    2.82887E-01,   2.98987E-01,  5.69
  164,    1.58797E-01,   1.58840E-01,  0.03
  165,    1.07999E-01,   1.11529E-01,  3.27
  166,    7.42793E-02,   7.76894E-02,  4.59
  167,    5.51055E-02,   6.41208E-02,  16.36
  168,    8.47283E-02,   9.37005E-02,  10.59
  169,    5.42794E-02,   6.24036E-02,  14.97
  170,    3.04051E-02,   3.66308E-02,  20.48
  171,    5.27314E-02,   6.21303E-02,  17.82
  172,    4.60293E-02,   5.57495E-02,  21.12
  173,    2.79294E-02,   3.37981E-02,  21.01
  174,    3.38499E-02,   3.79912E-02,  12.23
  175,    2.26353E-02,   2.55064E-02,  12.68
  176,    2.78493E-02,   2.92197E-02,  4.92
  177,    6.10244E+00,   3.62228E+00,  -40.64
  178,    2.13197E+00,   1.51549E+00,  -28.92
  179,    9.54436E-01,   8.47060E-01,  -11.25
  180,    2.45200E-01,   3.50139E-01,  42.80
  181,    3.76698E-01,   1.94205E-01,  -48.45
  182,    1.33233E-01,   1.16202E-01,  -12.78
  183,    9.42898E-02,   8.17108E-02,  -13.34
  184,    2.82526E-01,   2.52705E-01,  -10.56
  185,    1.63757E-01,   1.41098E-01,  -13.84
  186,    1.10012E-01,   8.81297E-02,  -19.89
  187,    7.46303E-02,   6.52284E-02,  -12.60
  188,    5.90355E-02,   5.44467E-02,  -7.77
  189,    8.03295E-02,   8.27961E-02,  3.07
  190,    4.74987E-02,   5.10164E-02,  7.41
  191,    3.07734E-02,   3.53566E-02,  14.89
  192,    5.14108E-02,   5.93256E-02,  15.40
  193,    4.45487E-02,   4.97238E-02,  11.62
  194,    2.74163E-02,   3.19485E-02,  16.53
  195,    3.06639E-02,   3.36569E-02,  9.76
  196,    2.23371E-02,   2.46358E-02,  10.29
  197,    2.72825E-02,   2.92500E-02,  7.21
  198,    6.03535E+00,   3.91969E+00,  -35.05
  199,    2.22474E+00,   1.90158E+00,  -14.53
  200,    7.89918E-01,   7.24766E-01,  -8.25
  201,    2.48124E-01,   3.74369E-01,  50.88
  202,    3.35292E-01,   2.13460E-01,  -36.34
  203,    1.32921E-01,   1.43640E-01,  8.06
  204,    8.68220E-02,   8.47055E-02,  -2.44
  205,    2.64123E-01,   2.35135E-01,  -10.98
  206,    1.65569E-01,   1.41539E-01,  -14.51
  207,    1.07036E-01,   8.85032E-02,  -17.31
  208,    7.59017E-02,   6.78414E-02,  -10.62
  209,    5.40453E-02,   4.98015E-02,  -7.85
  210,    8.10408E-02,   7.52881E-02,  -7.10
  211,    4.27062E-02,   4.25706E-02,  -0.32
  212,    3.14016E-02,   3.35296E-02,  6.78
  213,    5.61689E-02,   6.47275E-02,  15.24
  214,    3.83145E-02,   4.32427E-02,  12.86
  215,    2.56840E-02,   3.01765E-02,  17.49
  216,    2.82814E-02,   3.18744E-02,  12.70
  217,    2.13449E-02,   2.45112E-02,  14.83
  218,    2.72835E-02,   3.02590E-02,  10.91
  219,    2.60792E+01,   1.29775E+01,  -50.24
  220,    5.43997E+00,   4.21079E+00,  -22.60
  221,    1.55118E+00,   1.33491E+00,  -13.94
  222,    6.28012E-01,   5.93132E-01,  -5.55
  223,    2.03822E-01,   3.05497E-01,  49.88
  224,    2.36711E-01,   1.87612E-01,  -20.74
  225,    1.01014E-01,   1.03428E-01,  2.39
  226,    7.10739E-02,   7.25618E-02,  2.09
  227,    2.37972E-01,   2.42608E-01,  1.95
  228,    1.50735E-01,   1.34641E-01,  -10.68
  229,    9.68624E-02,   9.24040E-02,  -4.60
  230,    7.46612E-02,   7.27410E-02,  -2.57
  231,    4.77969E-02,   4.65658E-02,  -2.58
  232,    7.03605E-02,   6.36236E-02,  -9.57
  233,    3.70233E-02,   3.40575E-02,  -8.01
  234,    3.44764E-02,   3.42615E-02,  -0.62
  235,    5.95121E-02,   6.19126E-02,  4.03
  236,    3.17637E-02,   3.34923E-02,  5.44
  237,    2.44197E-02,   2.55010E-02,  4.43
  238,    2.69293E-02,   3.08579E-02,  14.59
  239,    1.95159E-02,   2.23581E-02,  14.56
  240,    2.63180E-02,   2.91168E-02,  10.63
  241,    6.07736E+00,   4.03106E+00,  -33.67
  242,    1.93509E+00,   1.48619E+00,  -23.20
  243,    6.86918E-01,   6.79878E-01,  -1.02
  244,    2.31855E-01,   3.76275E-01,  62.29
  245,    2.85318E-01,   1.91671E-01,  -32.82
  246,    1.19573E-01,   1.25915E-01,  5.30
  247,    8.72093E-02,   9.27467E-02,  6.35
  248,    2.50916E-01,   2.48986E-01,  -0.77
  249,    1.50949E-01,   1.38583E-01,  -8.19
  250,    9.97042E-02,   9.86256E-02,  -1.08
  251,    6.79016E-02,   6.85025E-02,  0.88
  252,    4.91152E-02,   4.59930E-02,  -6.36
  253,    6.06553E-02,   5.90574E-02,  -2.63
  254,    3.72737E-02,   3.74126E-02,  0.37
  255,    3.47560E-02,   3.62544E-02,  4.31
  256,    5.53386E-02,   5.47796E-02,  -1.01
  257,    3.16469E-02,   3.16793E-02,  0.10
  258,    2.13461E-02,   2.11979E-02,  -0.69
  259,    2.57171E-02,   2.72907E-02,  6.12
  260,    1.88288E-02,   2.03072E-02,  7.85
  261,    2.46788E-02,   2.74853E-02,  11.37
  262,    1.83269E+00,   1.31982E+00,  -27.98
  263,    6.79957E-01,   6.45709E-01,  -5.04
  264,    1.85478E-01,   3.01245E-01,  62.42
  265,    3.07694E-01,   1.84454E-01,  -40.05
  266,    1.19004E-01,   1.28589E-01,  8.05
  267,    8.97034E-02,   8.08575E-02,  -9.86
  268,    2.70660E-01,   2.46416E-01,  -8.96
  269,    1.57234E-01,   1.51628E-01,  -3.57
  270,    1.12358E-01,   1.10122E-01,  -1.99
  271,    6.80839E-02,   6.55874E-02,  -3.67
  272,    4.72548E-02,   4.49175E-02,  -4.95
  273,    5.29234E-02,   5.02320E-02,  -5.09
  274,    3.74505E-02,   3.66256E-02,  -2.20
  275,    3.42883E-02,   3.23955E-02,  -5.52
  276,    5.42960E-02,   5.23765E-02,  -3.54
  277,    3.08836E-02,   3.19414E-02,  3.43
  278,    1.97530E-02,   2.02417E-02,  2.47
  279,    2.42351E-02,   2.40733E-02,  -0.67
  280,    1.85181E-02,   1.87655E-02,  1.34
  281,    2.43974E-02,   2.53676E-02,  3.98
  282,    2.09371E+00,   1.55137E+00,  -25.90
  283,    7.79404E-01,   6.41458E-01,  -17.70
  284,    1.91602E-01,   3.58743E-01,  87.23
  285,    3.78759E-01,   2.33599E-01,  -38.33
  286,    1.48487E-01,   1.38925E-01,  -6.44
  287,    9.99060E-02,   9.63484E-02,  -3.56
  288,    2.88083E-01,   2.75494E-01,  -4.37
  289,    1.73485E-01,   1.77687E-01,  2.42
  290,    1.09826E-01,   1.14813E-01,  4.54
  291,    7.46354E-02,   7.05822E-02,  -5.43
  292,    4.36110E-02,   4.19515E-02,  -3.81
  293,    5.13951E-02,   4.76930E-02,  -7.20
  294,    4.50839E-02,   4.48147E-02,  -0.60
  295,    2.97197E-02,   2.82675E-02,  -4.89
  296,    4.69384E-02,   4.47177E-02,  -4.73
  297,    2.95880E-02,   2.94745E-02,  -0.38
  298,    1.92295E-02,   1.93812E-02,  0.79
  299,    2.35129E-02,   2.44615E-02,  4.03
  300,    1.79449E-02,   1.83128E-02,  2.05
  301,    1.95633E+00,   1.17530E+00,  -39.92
  302,    7.22030E-01,   5.75755E-01,  -20.26
  303,    2.45501E-01,   3.41506E-01,  39.11
  304,    3.14589E-01,   1.88861E-01,  -39.97
  305,    1.32839E-01,   1.23995E-01,  -6.66
  306,    9.12254E-02,   9.22849E-02,  1.16
  307,    2.81530E-01,   2.94660E-01,  4.66
  308,    1.84205E-01,   1.95288E-01,  6.02
  309,    1.01430E-01,   1.07503E-01,  5.99
  310,    6.69656E-02,   6.73092E-02,  0.51
  311,    3.76459E-02,   3.62656E-02,  -3.67
  312,    5.08173E-02,   4.81344E-02,  -5.28
  313,    4.43708E-02,   4.35702E-02,  -1.80
  314,    2.39373E-02,   2.31754E-02,  -3.18
  315,    3.91844E-02,   3.86315E-02,  -1.41
  316,    2.76876E-02,   2.77406E-02,  0.19
  317,    1.84457E-02,   1.88166E-02,  2.01
  318,    2.23618E-02,   2.25007E-02,  0.62
  319,    1.70212E-02,   1.68814E-02,  -0.82
  320,    2.45714E+00,   1.22578E+00,  -50.11
  321,    9.03480E-01,   6.46467E-01,  -28.45
  322,    1.82202E-01,   3.28491E-01,  80.29
  323,    1.66081E-01,   1.45608E-01,  -12.33
  324,    1.09426E-01,   1.07314E-01,  -1.93
  325,    3.16558E-01,   3.23396E-01,  2.16
  326,    1.79875E-01,   1.93241E-01,  7.43
  327,    1.09995E-01,   1.08498E-01,  -1.36
  328,    5.94460E-02,   5.91882E-02,  -0.43
  329,    3.31911E-02,   3.13697E-02,  -5.49
  330,    5.25062E-02,   5.19781E-02,  -1.01
  331,    4.42747E-02,   4.27422E-02,  -3.46
  332,    2.24154E-02,   2.26906E-02,  1.23
  333,    3.92747E-02,   3.89859E-02,  -0.74
  334,    2.48500E-02,   2.44531E-02,  -1.60
  335,    1.74309E-02,   1.74509E-02,  0.11
  336,    2.08296E-02,   2.11338E-02,  1.46
  337,    1.74077E-02,   1.72536E-02,  -0.89
  338,    2.15001E+00,   1.16250E+00,  -45.93
  339,    9.91793E-01,   5.14925E-01,  -48.08
  340,    1.39811E-01,   2.89546E-01,  107.10
  341,    1.61607E-01,   1.39830E-01,  -13.48
  342,    1.27958E-01,   1.10813E-01,  -13.40
  343,    3.73491E-01,   3.52017E-01,  -5.75
  344,    1.82501E-01,   1.79664E-01,  -1.55
  345,    1.07117E-01,   1.03567E-01,  -3.31
  346,    5.49832E-02,   5.12843E-02,  -6.73
  347,    3.14264E-02,   2.93818E-02,  -6.51
  348,    5.80390E-02,   5.86484E-02,  1.05
  349,    3.50537E-02,   3.42277E-02,  -2.36
  350,    2.26806E-02,   2.32154E-02,  2.36
  351,    3.84461E-02,   3.88241E-02,  0.98
  352,    2.28213E-02,   2.28898E-02,  0.30
  353,    1.63110E-02,   1.64268E-02,  0.71
  354,    2.02806E-02,   2.02685E-02,  -0.06
  355,    6.32291E+00,   3.59218E+00,  -43.19
  356,    2.42941E+00,   1.25481E+00,  -48.35
  357,    9.34296E-01,   6.00393E-01,  -35.74
  358,    2.53052E-01,   3.74322E-01,  47.92
  359,    4.70146E-01,   2.48803E-01,  -47.08
  360,    2.05146E-01,   1.88439E-01,  -8.14
  361,    1.38997E-01,   1.40363E-01,  0.98
  362,    3.64430E-01,   3.72252E-01,  2.15
  363,    1.98949E-01,   1.90764E-01,  -4.11
  364,    9.42916E-02,   9.58938E-02,  1.70
  365,    4.87184E-02,   4.63686E-02,  -4.82
  366,    3.58201E-02,   3.43055E-02,  -4.23
  367,    6.18732E-02,   6.33378E-02,  2.37
  368,    3.14527E-02,   3.12035E-02,  -0.79
  369,    2.36043E-02,   2.43371E-02,  3.10
  370,    3.66439E-02,   3.70498E-02,  1.11
  371,    2.19586E-02,   2.26217E-02,  3.02
  372,    1.62634E-02,   1.65715E-02,  1.89
  373,    2.03385E-02,   2.06314E-02,  1.44
  374,    2.14589E+00,   1.01660E+00,  -52.63
  375,    8.45372E-01,   5.63027E-01,  -33.40
  376,    2.44612E-01,   3.45723E-01,  41.34
  377,    1.99963E-01,   1.78657E-01,  -10.65
  378,    1.13386E-01,   1.12219E-01,  -1.03
  379,    3.50445E-01,   3.47246E-01,  -0.91
  380,    1.83315E-01,   1.81009E-01,  -1.26
  381,    8.18915E-02,   8.11227E-02,  -0.94
  382,    4.43376E-02,   4.24301E-02,  -4.30
  383,    3.74022E-02,   3.87936E-02,  3.72
  384,    6.16918E-02,   5.95438E-02,  -3.48
  385,    2.91736E-02,   2.94808E-02,  1.05
  386,    2.26963E-02,   2.25267E-02,  -0.75
  387,    3.60432E-02,   3.58152E-02,  -0.63
  388,    2.23686E-02,   2.25744E-02,  0.92
  389,    1.57647E-02,   1.57402E-02,  -0.16
  390,    1.92219E-02,   1.88428E-02,  -1.97
  391,    1.99952E+00,   1.18755E+00,  -40.61
  392,    8.46089E-01,   6.47310E-01,  -23.49
  393,    3.85740E-01,   4.30957E-01,  11.72
  394,    1.78218E-01,   1.79939E-01,  0.97
  395,    1.34689E-01,   1.22125E-01,  -9.33
  396,    3.74887E-01,   3.47944E-01,  -7.19
  397,    1.54621E-01,   1.57862E-01,  2.10
  398,    7.03302E-02,   6.76730E-02,  -3.78
  399,    4.76763E-02,   4.64907E-02,  -2.49
  400,    3.89113E-02,   4.14068E-02,  6.41
  401,    5.12519E-02,   5.06255E-02,  -1.22
  402,    3.10974E-02,   3.22333E-02,  3.65
  403,    1.97023E-02,   1.98462E-02,  0.73
  404,    3.20080E-02,   3.21242E-02,  0.36
  405,    2.10656E-02,   2.14358E-02,  1.76
  406,    1.54380E-02,   1.53985E-02,  -0.26
  407,    1.94699E-02,   1.88477E-02,  -3.20
  408,    6.11714E+00,   3.03246E+00,  -50.43
  409,    1.96900E+00,   1.36201E+00,  -30.83
  410,    1.11223E+00,   8.13607E-01,  -26.85
  411,    4.54019E-01,   5.25943E-01,  15.84
  412,    4.47306E-01,   3.07297E-01,  -31.30
  413,    2.22446E-01,   2.00639E-01,  -9.80
  414,    1.42246E-01,   1.40355E-01,  -1.33
  415,    3.65735E-01,   3.72133E-01,  1.75
  416,    1.39970E-01,   1.47894E-01,  5.66
  417,    6.62039E-02,   6.85733E-02,  3.58
  418,    5.30261E-02,   5.90584E-02,  11.38
  419,    4.62791E-02,   4.83697E-02,  4.52
  420,    4.34874E-02,   4.47509E-02,  2.91
  421,    3.12419E-02,   3.28366E-02,  5.10
  422,    1.85895E-02,   1.91096E-02,  2.80
  423,    3.09585E-02,   3.18587E-02,  2.91
  424,    2.11322E-02,   2.13758E-02,  1.15
  425,    1.56539E-02,   1.58195E-02,  1.06
  426,    2.06630E-02,   1.98463E-02,  -3.95
  427,    5.59096E+00,   2.91206E+00,  -47.91
  428,    2.54020E+00,   1.42985E+00,  -43.71
  429,    1.17197E+00,   8.39464E-01,  -28.37
  430,    3.70809E-01,   4.64381E-01,  25.23
  431,    2.29461E-01,   1.95052E-01,  -15.00
  432,    1.23286E-01,   1.17952E-01,  -4.33
  433,    3.23268E-01,   3.33914E-01,  3.29
  434,    1.25831E-01,   1.25163E-01,  -0.53
  435,    7.66221E-02,   7.85654E-02,  2.54
  436,    5.95566E-02,   6.64631E-02,  11.60
  437,    3.93403E-02,   4.01215E-02,  1.99
  438,    4.23110E-02,   4.52931E-02,  7.05
  439,    3.11593E-02,   3.25462E-02,  4.45
  440,    1.91772E-02,   2.02893E-02,  5.80
  441,    3.08001E-02,   3.17132E-02,  2.96
  442,    2.13899E-02,   2.16864E-02,  1.39
  443,    1.53893E-02,   1.52496E-02,  -0.91
  444,    1.10216E+00,   7.69600E-01,  -30.17
  445,    3.55291E-01,   4.49641E-01,  26.56
  446,    2.01173E-01,   1.70157E-01,  -15.42
  447,    1.09193E-01,   1.02173E-01,  -6.43
  448,    2.85219E-01,   2.72297E-01,  -4.53
  449,    1.14398E-01,   1.11225E-01,  -2.77
  450,    8.33429E-02,   8.96847E-02,  7.61
  451,    6.73928E-02,   6.94099E-02,  2.99
  452,    3.10131E-02,   3.15468E-02,  1.72
  453,    4.63897E-02,   4.98870E-02,  7.54
  454,    2.79575E-02,   2.88758E-02,  3.28
  455,    1.93758E-02,   2.02498E-02,  4.51
  456,    3.14156E-02,   3.27582E-02,  4.27
  457,    2.10809E-02,   2.12781E-02,  0.94
  458,    1.58374E-02,   1.54594E-02,  -2.39
  459,    2.59148E+00,   1.35642E+00,  -47.66
  460,    2.69711E-01,   4.35367E-01,  61.42
  461,    1.79430E-01,   1.42270E-01,  -20.71
  462,    9.71550E-02,   7.47513E-02,  -23.06
  463,    2.52782E-01,   2.14859E-01,  -15.00
  464,    1.31542E-01,   1.22055E-01,  -7.21
  465,    9.25395E-02,   9.77583E-02,  5.64
  466,    5.65087E-02,   5.56478E-02,  -1.52
  467,    3.04459E-02,   3.10053E-02,  1.84
  468,    4.72243E-02,   4.93260E-02,  4.45
  469,    2.64648E-02,   2.70947E-02,  2.38
  470,    1.95223E-02,   1.98902E-02,  1.88
  471,    3.12206E-02,   3.18288E-02,  1.95
  472,    2.13894E-02,   2.13408E-02,  -0.23
  473,    1.68177E-02,   1.59285E-02,  -5.29
  474,    6.58037E+00,   3.26536E+00,  -50.38
  475,    1.32024E+00,   7.69221E-01,  -41.74
  476,    2.97713E-01,   4.06600E-01,  36.57
  477,    1.39096E-01,   1.11425E-01,  -19.89
  478,    7.57013E-02,   6.74355E-02,  -10.92
  479,    2.18441E-01,   1.93206E-01,  -11.55
  480,    1.42850E-01,   1.43928E-01,  0.75
  481,    1.04678E-01,   1.04816E-01,  0.13
  482,    4.50503E-02,   4.49394E-02,  -0.25
  483,    3.05649E-02,   3.21930E-02,  5.33
  484,    4.68946E-02,   4.82347E-02,  2.86
  485,    2.70807E-02,   2.84582E-02,  5.09
  486,    1.89779E-02,   1.92542E-02,  1.46
  487,    3.05025E-02,   3.08036E-02,  0.99
  488,    2.15553E-02,   2.13198E-02,  -1.09
  489,    1.75997E-02,   1.65023E-02,  -6.24
  490,    1.13693E+00,   7.44972E-01,  -34.48
  491,    2.05482E-01,   3.84377E-01,  87.06
  492,    1.19034E-01,   1.01886E-01,  -14.41
  493,    7.44040E-02,   6.59586E-02,  -11.35
  494,    2.40615E-01,   2.24619E-01,  -6.65
  495,    1.56809E-01,   1.67337E-01,  6.71
  496,    8.71872E-02,   8.86494E-02,  1.68
  497,    4.46907E-02,   4.68532E-02,  4.84
  498,    3.42368E-02,   3.72700E-02,  8.86
  499,    4.33740E-02,   4.38224E-02,  1.03
  500,    2.79442E-02,   2.92343E-02,  4.62
  501,    1.95538E-02,   1.99412E-02,  1.98
  502,    3.21501E-02,   3.27715E-02,  1.93
  503,    2.18782E-02,   2.15658E-02,  -1.43
  504,    1.00591E+00,   6.76142E-01,  -32.78
  505,    1.33652E-01,   2.84824E-01,  113.11
  506,    1.16760E-01,   9.11435E-02,  -21.94
  507,    1.05913E-01,   8.84448E-02,  -16.49
  508,    2.82124E-01,   2.68255E-01,  -4.92
  509,    1.88030E-01,   1.80184E-01,  -4.17
  510,    7.33085E-02,   7.16358E-02,  -2.28
  511,    4.74624E-02,   4.91192E-02,  3.49
  512,    3.83079E-02,   3.90349E-02,  1.90
  513,    4.16925E-02,   4.29674E-02,  3.06
  514,    2.93357E-02,   3.00506E-02,  2.44
  515,    2.03250E-02,   2.04019E-02,  0.38
  516,    3.25848E-02,   3.22770E-02,  -0.94
  517,    2.32618E-02,   2.20303E-02,  -5.29
  518,    5.57527E+00,   3.85296E+00,  -30.89
  519,    1.77954E+00,   1.47399E+00,  -17.17
  520,    6.51715E-01,   5.25400E-01,  -19.38
  521,    1.22119E-01,   2.33104E-01,  90.88
  522,    2.99050E-01,   1.29581E-01,  -56.67
  523,    1.29912E-01,   1.17678E-01,  -9.42
  524,    7.71218E-02,   8.22308E-02,  6.62
  525,    2.81795E-01,   2.81914E-01,  0.04
  526,    1.40823E-01,   1.34449E-01,  -4.53
  527,    6.60604E-02,   6.59666E-02,  -0.14
  528,    4.80322E-02,   4.99947E-02,  4.09
  529,    3.00191E-02,   2.95959E-02,  -1.41
  530,    4.15528E-02,   4.33138E-02,  4.24
  531,    2.76315E-02,   2.78847E-02,  0.92
  532,    2.04332E-02,   2.01401E-02,  -1.43
  533,    3.21279E-02,   3.16909E-02,  -1.36
  534,    2.37388E-02,   2.22564E-02,  -6.24
  535,    5.21130E+00,   5.19559E+00,  -0.30
  536,    1.56605E+00,   1.52337E+00,  -2.73
  537,    5.72462E-01,   5.57936E-01,  -2.54
  538,    1.76971E-01,   2.72085E-01,  53.75
  539,    3.34841E-01,   2.25881E-01,  -32.54
  540,    1.32818E-01,   1.50149E-01,  13.05
  541,    1.26665E-01,   1.29555E-01,  2.28
  542,    3.23660E-01,   3.27425E-01,  1.16
  543,    1.12088E-01,   1.11749E-01,  -0.30
  544,    6.67424E-02,   7.05813E-02,  5.75
  545,    5.08003E-02,   5.24953E-02,  3.34
  546,    2.72923E-02,   2.76004E-02,  1.13
  547,    4.16490E-02,   4.28996E-02,  3.00
  548,    2.77499E-02,   2.76426E-02,  -0.39
  549,    2.03417E-02,   1.96374E-02,  -3.46
  550,    3.29427E-02,   3.20555E-02,  -2.69
  551,    2.57314E-02,   2.32909E-02,  -9.48
  552,    2.38875E+01,   2.07824E+01,  -13.00
  553,    4.41358E+00,   4.49027E+00,  1.74
  554,    1.29953E+00,   1.33650E+00,  2.84
  555,    5.60187E-01,   5.66390E-01,  1.11
  556,    3.87876E-01,   4.27432E-01,  10.20
  557,    2.58467E-01,   2.69785E-01,  4.38
  558,    2.11006E-01,   2.21262E-01,  4.86
  559,    1.19297E-01,   1.23331E-01,  3.38
  560,    2.93383E-01,   3.00573E-01,  2.45
  561,    1.22231E-01,   1.27266E-01,  4.12
  562,    8.06615E-02,   8.79764E-02,  9.07
  563,    4.70720E-02,   4.83980E-02,  2.82
  564,    3.13164E-02,   3.30732E-02,  5.61
  565,    4.31678E-02,   4.49326E-02,  4.09
  566,    2.89400E-02,   2.85030E-02,  -1.51
  567,    1.97790E-02,   1.90239E-02,  -3.82
  568,    3.36847E-02,   3.19351E-02,  -5.19
  569,    1.67942E+01,   1.49677E+01,  -10.88
  570,    3.07161E+00,   3.07461E+00,  0.10
  571,    1.08454E+00,   1.06609E+00,  -1.70
  572,    7.31747E-01,   7.10285E-01,  -2.93
  573,    3.66913E-01,   4.20515E-01,  14.61
  574,    3.27837E-01,   3.26016E-01,  -0.56
  575,    1.69613E-01,   1.71632E-01,  1.19
  576,    8.09325E-02,   8.11328E-02,  0.25
  577,    2.31591E-01,   2.37270E-01,  2.45
  578,    1.24665E-01,   1.34590E-01,  7.96
  579,    8.57160E-02,   9.18410E-02,  7.15
  580,    4.33129E-02,   4.52103E-02,  4.38
  581,    3.19547E-02,   3.44021E-02,  7.66
  582,    4.37952E-02,   4.47621E-02,  2.21
  583,    3.06382E-02,   3.00716E-02,  -1.85
  584,    2.15092E-02,   2.02731E-02,  -5.75
  585,    3.42349E-02,   3.17850E-02,  -7.16
  586,    9.89550E+00,   1.08771E+01,  9.92
  587,    2.38184E+00,   2.46686E+00,  3.57
  588,    1.39654E+00,   1.34589E+00,  -3.63
  589,    6.61919E-01,   7.28077E-01,  9.99
  590,    5.03590E-01,   5.27276E-01,  4.70
  591,    2.93625E-01,   2.60779E-01,  -11.19
  592,    1.16914E-01,   1.16911E-01,  0.00
  593,    7.23241E-02,   7.39588E-02,  2.26
  594,    2.19162E-01,   2.27558E-01,  3.83
  595,    1.30039E-01,   1.42368E-01,  9.48
  596,    6.85258E-02,   7.23734E-02,  5.61
  597,    4.31907E-02,   4.68319E-02,  8.43
  598,    2.99446E-02,   3.19633E-02,  6.74
  599,    4.31238E-02,   4.48816E-02,  4.08
  600,    2.98551E-02,   2.96754E-02,  -0.60
  601,    2.25431E-02,   2.08174E-02,  -7.66
  602,    3.65465E-02,   3.32410E-02,  -9.04
  603,    7.08428E+00,   8.30764E+00,  17.27
  604,    2.89216E+00,   2.76266E+00,  -4.48
  605,    1.21571E+00,   1.26324E+00,  3.91
  606,    8.93043E-01,   8.29033E-01,  -7.17
  607,    2.57100E-01,   3.80002E-01,  47.80
  608,    3.13606E-01,   1.60373E-01,  -48.86
  609,    1.00731E-01,   9.73227E-02,  -3.38
  610,    7.36282E-02,   7.35456E-02,  -0.11
  611,    2.12331E-01,   2.24517E-01,  5.74
  612,    1.30740E-01,   1.39091E-01,  6.39
  613,    6.02286E-02,   6.36132E-02,  5.62
  614,    4.17568E-02,   4.61344E-02,  10.48
  615,    2.89149E-02,   3.08019E-02,  6.53
  616,    4.07218E-02,   4.22850E-02,  3.84
  617,    2.70620E-02,   2.63456E-02,  -2.65
  618,    2.15469E-02,   1.98888E-02,  -7.70
  619,    3.70290E-02,   3.37842E-02,  -8.76
  620,    8.79268E+00,   9.62004E+00,  9.41
  621,    2.54118E+00,   2.72929E+00,  7.40
  622,    1.74784E+00,   1.47898E+00,  -15.38
  623,    6.85082E-01,   6.02112E-01,  -12.11
  624,    9.80398E-02,   2.33729E-01,  138.40
  625,    3.19806E-01,   1.34446E-01,  -57.96
  626,    1.07180E-01,   9.79087E-02,  -8.65
  627,    6.78824E-02,   6.67390E-02,  -1.68
  628,    2.20046E-01,   2.24489E-01,  2.02
  629,    1.04101E-01,   1.04633E-01,  0.51
  630,    5.97977E-02,   6.38295E-02,  6.74
  631,    3.92570E-02,   4.17089E-02,  6.25
  632,    2.71704E-02,   2.86173E-02,  5.33
  633,    4.00146E-02,   4.12912E-02,  3.19
  634,    2.61179E-02,   2.60024E-02,  -0.44
  635,    2.11287E-02,   1.92109E-02,  -9.08
  636,    8.51856E+00,   1.02288E+01,  20.08
  637,    3.76990E+00,   3.43037E+00,  -9.01
  638,    1.38552E+00,   1.10499E+00,  -20.25
  639,    4.72214E-01,   3.68738E-01,  -21.91
  640,    3.79685E-01,   1.32859E-01,  -65.01
  641,    1.03746E-01,   8.63195E-02,  -16.80
  642,    8.84052E-02,   7.32400E-02,  -17.15
  643,    6.38813E-02,   1.93645E-01,  203.13
  644,    2.34054E-01,   2.10052E-01,  -10.25
  645,    9.64497E-02,   8.81222E-02,  -8.63
  646,    6.11518E-02,   6.06471E-02,  -0.83
  647,    3.98833E-02,   3.87953E-02,  -2.73
  648,    2.58941E-02,   2.45789E-02,  -5.08
  649,    3.89861E-02,   3.78469E-02,  -2.92
  650,    2.69907E-02,   2.49651E-02,  -7.50
  651,    1.67956E+01,   1.91376E+01,  13.94
  652,    3.93603E+00,   4.06346E+00,  3.24
  653,    1.17817E+00,   1.08170E+00,  -8.19
  654,    5.67485E-01,   4.98332E-01,  -12.19
  655,    2.37236E-01,   3.14491E-01,  32.56
  656,    3.31717E-01,   1.91258E-01,  -42.34
  657,    1.69616E-01,   1.53297E-01,  -9.62
  658,    9.37500E-02,   8.45401E-02,  -9.82
  659,    2.30507E-01,   2.02308E-01,  -12.23
  660,    1.20047E-01,   1.12576E-01,  -6.22
  661,    7.20498E-02,   6.92362E-02,  -3.91
  662,    4.71842E-02,   4.51614E-02,  -4.29
  663,    3.35480E-02,   3.16737E-02,  -5.59
  664,    4.16027E-02,   3.90212E-02,  -6.21
  665,    3.09103E-02,   2.77973E-02,  -10.07
  666,    1.11676E+01,   1.33564E+01,  19.60
  667,    2.19845E+00,   2.31567E+00,  5.33
  668,    9.13035E-01,   8.83836E-01,  -3.20
  669,    5.31806E-01,   5.02583E-01,  -5.50
  670,    2.15799E-01,   2.83831E-01,  31.53
  671,    2.88455E-01,   2.14223E-01,  -25.73
  672,    1.14386E-01,   1.12382E-01,  -1.75
  673,    6.52320E-02,   6.36652E-02,  -2.40
  674,    2.13195E-01,   2.04259E-01,  -4.19
  675,    1.23952E-01,   1.29611E-01,  4.57
  676,    7.43755E-02,   7.78797E-02,  4.71
  677,    4.60745E-02,   4.68577E-02,  1.70
  678,    3.48140E-02,   3.59244E-02,  3.19
  679,    4.40071E-02,   4.27140E-02,  -2.94
  680,    3.26938E-02,   2.97710E-02,  -8.94
  681,    1.45624E+01,   1.45410E+01,  -0.15
  682,    3.87921E+00,   3.55150E+00,  -8.45
  683,    2.00283E+00,   1.64957E+00,  -17.64
  684,    9.35157E-01,   8.20086E-01,  -12.31
  685,    4.28887E-01,   5.61092E-01,  30.83
  686,    1.69178E-01,   1.45492E-01,  -14.00
  687,    1.22778E-01,   1.11113E-01,  -9.50
  688,    2.95345E-01,   2.87489E-01,  -2.66
  689,    1.60030E-01,   1.62535E-01,  1.57
  690,    9.53733E-02,   9.89391E-02,  3.74
  691,    6.40765E-02,   6.54872E-02,  2.20
  692,    3.95353E-02,   3.98823E-02,  0.88
  693,    5.81647E-02,   5.68331E-02,  -2.29
  694,    1.31056E+01,   1.37366E+01,  4.81
  695,    4.77626E+00,   4.24846E+00,  -11.05
  696,    2.07477E+00,   1.75596E+00,  -15.37
  697,    1.30047E+00,   1.06617E+00,  -18.02
  698,    2.83145E-01,   4.73031E-01,  67.06
  699,    2.04505E-01,   1.75020E-01,  -14.42
  700,    1.40413E-01,   1.30739E-01,  -6.89
  701,    3.94026E-01,   3.76022E-01,  -4.57
  702,    2.13369E-01,   2.06844E-01,  -3.06
  703,    1.18608E-01,   1.15774E-01,  -2.39
  704,    8.40657E-02,   8.36375E-02,  -0.51
  705,    5.06893E-02,   4.94343E-02,  -2.48
  706,    6.94621E-02,   6.75491E-02,  -2.75
  707,    1.21473E+01,   1.20609E+01,  -0.71
  708,    3.39929E+00,   3.22423E+00,  -5.15
  709,    1.98238E+00,   1.59704E+00,  -19.44
  710,    7.77106E-01,   6.26782E-01,  -19.34
  711,    1.71175E-01,   2.92721E-01,  71.01
  712,    4.39087E-01,   2.04391E-01,  -53.45
  713,    1.62261E-01,   1.47365E-01,  -9.18
  714,    1.13441E-01,   1.04984E-01,  -7.45
  715,    3.60388E-01,   3.37693E-01,  -6.30
  716,    1.96316E-01,   1.91219E-01,  -2.60
  717,    1.20394E-01,   1.19203E-01,  -0.99
  718,    6.97173E-02,   6.88480E-02,  -1.25
  719,    5.05887E-02,   5.11042E-02,  1.02
  720,    7.48064E-02,   7.15412E-02,  -4.36
  721,    9.51800E+00,   1.02944E+01,  8.16
  722,    3.52661E+00,   3.24020E+00,  -8.12
  723,    1.25238E+00,   1.03630E+00,  -17.25
  724,    5.38351E-01,   4.31288E-01,  -19.89
  725,    1.75711E-01,   2.81199E-01,  60.03
  726,    3.80979E-01,   1.93717E-01,  -49.15
  727,    1.47120E-01,   1.33827E-01,  -9.04
  728,    9.73818E-02,   8.86205E-02,  -9.00
  729,    3.10154E-01,   2.91976E-01,  -5.86
  730,    1.59645E-01,   1.53280E-01,  -3.99
  731,    1.04328E-01,   1.05389E-01,  1.02
  732,    5.94718E-02,   5.93498E-02,  -0.21
  733,    4.46862E-02,   4.55333E-02,  1.90
  734,    1.07297E+01,   1.16125E+01,  8.23
  735,    2.60551E+00,   2.35784E+00,  -9.51
  736,    9.77850E-01,   7.99522E-01,  -18.24
  737,    5.65629E-01,   4.67291E-01,  -17.39
  738,    2.41966E-01,   3.01311E-01,  24.53
  739,    3.24049E-01,   1.99698E-01,  -38.37
  740,    1.42596E-01,   1.28499E-01,  -9.89
  741,    1.08078E-01,   1.02987E-01,  -4.71
  742,    3.00082E-01,   2.86254E-01,  -4.61
  743,    1.71920E-01,   1.67836E-01,  -2.38
  744,    9.15940E-02,   9.23967E-02,  0.88
  745,    6.33555E-02,   6.58285E-02,  3.90
  746,    4.34306E-02,   4.36532E-02,  0.51
  747,    7.77629E+00,   8.73987E+00,  12.39
  748,    1.92329E+00,   1.81455E+00,  -5.65
  749,    9.67088E-01,   8.55971E-01,  -11.49
  750,    5.37815E-01,   4.92343E-01,  -8.45
  751,    2.54371E-01,   3.05665E-01,  20.16
  752,    2.74375E-01,   1.88536E-01,  -31.29
  753,    1.47296E-01,   1.46153E-01,  -0.78
  754,    9.00716E-02,   8.89140E-02,  -1.29
  755,    2.80558E-01,   2.73220E-01,  -2.62
  756,    1.71164E-01,   1.77535E-01,  3.72
  757,    9.03551E-02,   9.50074E-02,  5.15
  758,    6.50338E-02,   7.03554E-02,  8.18
  759,    4.61509E-02,   4.96138E-02,  7.50
  760,    8.37240E+00,   8.82515E+00,  5.41
  761,    2.79498E+00,   2.50666E+00,  -10.32
  762,    1.36425E+00,   1.16882E+00,  -14.33
  763,    7.50799E-01,   6.55084E-01,  -12.75
  764,    2.91485E-01,   3.80756E-01,  30.63
  765,    4.50793E-01,   2.82616E-01,  -37.31
  766,    1.78233E-01,   1.66549E-01,  -6.56
  767,    1.34518E-01,   1.26460E-01,  -5.99
  768,    3.70616E-01,   3.66330E-01,  -1.16
  769,    1.83500E-01,   1.89282E-01,  3.15
  770,    1.16698E-01,   1.27981E-01,  9.67
  771,    7.58889E-02,   8.16942E-02,  7.65
  772,    7.66502E+00,   8.37469E+00,  9.26
  773,    2.48971E+00,   2.24162E+00,  -9.96
  774,    1.20641E+00,   1.02494E+00,  -15.04
  775,    6.49498E-01,   5.40134E-01,  -16.84
  776,    3.01735E-01,   3.76228E-01,  24.69
  777,    3.60084E-01,   2.12401E-01,  -41.01
  778,    1.74358E-01,   1.56589E-01,  -10.19
  779,    1.37061E-01,   1.32676E-01,  -3.20
  780,    4.00333E-01,   3.97015E-01,  -0.83
  781,    1.95263E-01,   1.98865E-01,  1.84
  782,    1.29372E-01,   1.40863E-01,  8.88
  783,    8.68967E-02,   9.53274E-02,  9.70
  784,    5.70547E+00,   6.56823E+00,  15.12
  785,    1.90659E+00,   1.71985E+00,  -9.79
  786,    9.01092E-01,   7.50432E-01,  -16.72
  787,    5.43620E-01,   4.73310E-01,  -12.93
  788,    2.11083E-01,   2.51828E-01,  19.30
  789,    2.80896E-01,   1.78762E-01,  -36.36
  790,    1.56031E-01,   1.47250E-01,  -5.63
  791,    9.48318E-02,   9.10587E-02,  -3.98
  792,    3.02120E-01,   2.94591E-01,  -2.49
  793,    1.80510E-01,   1.87980E-01,  4.14
  794,    1.08508E-01,   1.15227E-01,  6.19
  795,    5.52423E+00,   6.38954E+00,  15.66
  796,    1.79776E+00,   1.61849E+00,  -9.97
  797,    9.50088E-01,   8.36438E-01,  -11.96
  798,    4.61608E-01,   4.03888E-01,  -12.50
  799,    2.34349E-01,   2.71280E-01,  15.76
  800,    3.02701E-01,   2.15052E-01,  -28.96
  801,    1.34365E-01,   1.29265E-01,  -3.80
  802,    8.82631E-02,   8.55071E-02,  -3.12
  803,    2.71833E-01,   2.67827E-01,  -1.47
  804,    1.69750E-01,   1.79904E-01,  5.98
  805,    1.05725E-01,   1.16271E-01,  9.98
  806,    5.70785E+00,   6.45745E+00,  13.13
  807,    1.97931E+00,   1.85294E+00,  -6.38
  808,    8.23320E-01,   7.27135E-01,  -11.68
  809,    5.05127E-01,   4.43247E-01,  -12.25
  810,    2.71757E-01,   3.30933E-01,  21.78
  811,    2.84022E-01,   1.90918E-01,  -32.78
  812,    1.27322E-01,   1.22234E-01,  -4.00
  813,    9.79994E-02,   9.70982E-02,  -0.92
  814,    3.00939E-01,   3.09306E-01,  2.78
  815,    1.70370E-01,   1.79634E-01,  5.44
  816,    6.07137E+00,   6.88128E+00,  13.34
  817,    1.60104E+00,   1.49486E+00,  -6.63
  818,    8.54563E-01,   7.47694E-01,  -12.51
  819,    5.53855E-01,   5.06098E-01,  -8.62
  820,    2.32038E-01,   2.75307E-01,  18.65
  821,    2.47654E-01,   1.68829E-01,  -31.83
  822,    1.35813E-01,   1.30148E-01,  -4.17
  823,    1.05678E-01,   1.07934E-01,  2.14
  824,    3.11681E-01,   3.22180E-01,  3.37
  825,    1.82920E-01,   1.95954E-01,  7.13
  826,    4.54372E+00,   5.11844E+00,  12.65
  827,    1.48054E+00,   1.40675E+00,  -4.98
  828,    8.25334E-01,   7.77534E-01,  -5.79
  829,    4.06646E-01,   3.84198E-01,  -5.52
  830,    1.89750E-01,   2.21477E-01,  16.72
  831,    2.15815E-01,   1.63968E-01,  -24.02
  832,    1.28207E-01,   1.31932E-01,  2.91
  833,    8.74299E-02,   8.87859E-02,  1.55
  834,    2.81295E-01,   2.87100E-01,  2.06
  835,    5.34105E+00,   6.21792E+00,  16.42
  836,    1.86299E+00,   1.84161E+00,  -1.15
  837,    7.69549E-01,   7.41111E-01,  -3.70
  838,    4.03310E-01,   3.84840E-01,  -4.58
  839,    2.22646E-01,   2.67988E-01,  20.37
  840,    2.56071E-01,   2.06567E-01,  -19.33
  841,    1.32216E-01,   1.35079E-01,  2.17
  842,    9.60375E-02,   9.89182E-02,  3.00
  843,    2.95837E-01,   3.12004E-01,  5.46
  844,    5.24726E+00,   6.19946E+00,  18.15
  845,    1.33018E+00,   1.33654E+00,  0.48
  846,    5.80960E-01,   5.57992E-01,  -3.95
  847,    3.63987E-01,   3.50438E-01,  -3.72
  848,    2.21368E-01,   2.53267E-01,  14.41
  849,    1.86606E-01,   1.59079E-01,  -14.75
  850,    1.11113E-01,   1.12129E-01,  0.91
  851,    9.01945E-02,   9.52990E-02,  5.66
  852,    4.30290E+00,   5.05561E+00,  17.49
  853,    1.10858E+00,   1.13969E+00,  2.81
  854,    6.05632E-01,   5.87278E-01,  -3.03
  855,    3.79821E-01,   3.84987E-01,  1.36
  856,    1.98370E-01,   2.29020E-01,  15.45
  857,    1.83362E-01,   1.53987E-01,  -16.02
  858,    1.21171E-01,   1.26629E-01,  4.50
  859,    4.15210E+00,   5.16166E+00,  24.31
  860,    1.39602E+00,   1.40415E+00,  0.58
  861,    7.37753E-01,   7.46001E-01,  1.12
  862,    4.00083E-01,   4.04104E-01,  1.01
  863,    2.10898E-01,   2.53226E-01,  20.07
  864,    2.38774E-01,   1.98654E-01,  -16.80
  865,    4.45874E+00,   5.37030E+00,  20.44
  866,    1.41375E+00,   1.43512E+00,  1.51
  867,    6.50217E-01,   6.28523E-01,  -3.34
  868,    3.79948E-01,   3.48454E-01,  -8.29
  869,    2.15155E-01,   2.53546E-01,  17.84
  870,    4.53980E+00,   5.43280E+00,  19.67
  871,    1.23305E+00,   1.27587E+00,  3.47
  872,    6.01100E-01,   5.65623E-01,  -5.90
  873,    3.91204E-01,   3.67761E-01,  -5.99
  874,    4.14627E+00,   5.00948E+00,  20.82
  875,    1.23464E+00,   1.18795E+00,  -3.78
  876,    6.81599E-01,   6.29363E-01,  -7.66
  877,    4.35325E+00,   5.02177E+00,  15.36
  878,    1.51930E+00,   1.39573E+00,  -8.13
  879,    4.05453E+00,   4.77564E+00,  17.79

;-Resistivity in Ohm-m in the elemental sequential order

 2.76707E+02,  2.90611E+02,  2.99157E+02,  3.14750E+02,  3.42879E+02
 3.84207E+02,  4.40267E+02,  5.10532E+02,  5.91923E+02,  6.78190E+02
 7.60216E+02,  8.28563E+02,  8.76532E+02,  9.01038E+02,  9.04391E+02
 9.42700E+02,  9.42700E+02,  5.56466E+02,  5.56466E+02,  5.56466E+02
 5.56466E+02,  5.56466E+02,  5.56466E+02,  2.76707E+02,  2.90611E+02
 2.99157E+02,  3.14750E+02,  3.42879E+02,  3.84207E+02,  4.40267E+02
 5.10532E+02,  5.91923E+02,  6.78190E+02,  7.60216E+02,  8.28563E+02
 8.76532E+02,  9.01038E+02,  9.04391E+02,  9.42700E+02,  9.42700E+02
 5.56466E+02,  5.56466E+02,  5.56466E+02,  5.56466E+02,  5.56466E+02
 5.56466E+02,  2.76707E+02,  2.90611E+02,  2.99157E+02,  3.14750E+02
 3.42879E+02,  3.84207E+02,  4.40267E+02,  5.10532E+02,  5.91923E+02
 6.78190E+02,  7.60216E+02,  8.28563E+02,  8.76532E+02,  9.01038E+02
 9.04391E+02,  9.42700E+02,  9.42700E+02,  5.56466E+02,  5.56466E+02
 5.56466E+02,  5.56466E+02,  5.56466E+02,  5.56466E+02,  2.76707E+02
 2.90611E+02,  2.99157E+02,  3.14750E+02,  3.42879E+02,  3.84207E+02
 4.40267E+02,  5.10532E+02,  5.91923E+02,  6.78190E+02,  7.60216E+02
 8.28563E+02,  8.76532E+02,  9.01038E+02,  9.04391E+02,  9.42700E+02
 9.42700E+02,  5.56466E+02,  5.56466E+02,  5.56466E+02,  5.56466E+02
 5.56466E+02,  5.56466E+02,  2.76707E+02,  2.90611E+02,  2.99157E+02
 3.14750E+02,  3.42879E+02,  3.84207E+02,  4.40267E+02,  5.10532E+02
 5.91923E+02,  6.78190E+02,  7.60216E+02,  8.28563E+02,  8.76532E+02
 9.01038E+02,  9.04391E+02,  9.42700E+02,  9.42700E+02,  5.56466E+02
 5.56466E+02,  5.56466E+02,  5.56466E+02,  5.56466E+02,  5.56466E+02
 2.76707E+02,  2.90611E+02,  2.99157E+02,  3.14750E+02,  3.42879E+02
 3.84207E+02,  4.40267E+02,  5.10532E+02,  5.91923E+02,  6.78190E+02
 7.60216E+02,  8.28563E+02,  8.76532E+02,  9.01038E+02,  9.04391E+02
 9.42700E+02,  9.42700E+02,  5.56466E+02,  5.56466E+02,  5.56466E+02
 5.56466E+02,  5.56466E+02,  5.56466E+02,  5.18870E+02,  4.90966E+02
 4.74751E+02,  4.61817E+02,  4.74810E+02,  4.96667E+02,  5.19951E+02
 5.32537E+02,  5.31296E+02,  5.19652E+02,  4.95784E+02,  4.67701E+02
 4.41727E+02,  4.21288E+02,  4.06527E+02,  3.95258E+02,  3.95258E+02
 3.46404E+02,  3.46404E+02,  3.46404E+02,  3.46404E+02,  3.46404E+02
 3.46404E+02,  5.18870E+02,  4.90966E+02,  4.74751E+02,  4.61817E+02
 4.74810E+02,  4.96667E+02,  5.19951E+02,  5.32537E+02,  5.31296E+02
 5.19652E+02,  4.95784E+02,  4.67701E+02,  4.41727E+02,  4.21288E+02
 4.06527E+02,  3.95258E+02,  3.95258E+02,  3.46404E+02,  3.46404E+02
 3.46404E+02,  3.46404E+02,  3.46404E+02,  3.46404E+02,  3.34658E+02
 3.95719E+02,  4.82450E+02,  5.47057E+02,  6.00891E+02,  6.38197E+02
 6.48351E+02,  6.14045E+02,  5.49610E+02,  5.22998E+02,  4.84953E+02
 4.54619E+02,  4.30192E+02,  4.12305E+02,  4.00769E+02,  3.92359E+02
 3.92359E+02,  3.41723E+02,  3.41723E+02,  3.41723E+02,  3.41723E+02
 3.41723E+02,  3.41723E+02,  2.76497E+02,  2.55579E+02,  3.73843E+02
 5.32828E+02,  6.27167E+02,  6.63999E+02,  6.85709E+02,  6.59745E+02
 6.04055E+02,  5.42151E+02,  4.90037E+02,  4.56577E+02,  4.30730E+02
 4.10561E+02,  3.96326E+02,  3.78419E+02,  3.78419E+02,  3.27446E+02
 3.27446E+02,  3.27446E+02,  3.27446E+02,  3.27446E+02,  3.27446E+02
 3.98663E+02,  1.43685E+02,  2.82915E+02,  5.36954E+02,  6.69713E+02
 7.27222E+02,  7.28332E+02,  6.91959E+02,  6.27990E+02,  5.57711E+02
 4.97479E+02,  4.56508E+02,  4.28741E+02,  4.06323E+02,  3.90032E+02
 3.63590E+02,  3.63590E+02,  3.12528E+02,  3.12528E+02,  3.12528E+02
 3.12528E+02,  3.12528E+02,  3.12528E+02,  2.70194E+02,  1.09028E+02
 2.39956E+02,  5.77397E+02,  7.35984E+02,  8.00668E+02,  7.76188E+02
 7.23065E+02,  6.48627E+02,  5.70786E+02,  5.04260E+02,  4.57095E+02
 4.26919E+02,  4.02449E+02,  3.84576E+02,  3.52218E+02,  3.52218E+02
 3.05996E+02,  3.05996E+02,  3.05996E+02,  3.05996E+02,  3.05996E+02
 3.05996E+02,  2.65495E+02,  1.01257E+02,  2.66581E+02,  6.24956E+02
 8.48966E+02,  8.81511E+02,  8.21363E+02,  7.46652E+02,  6.61448E+02
 5.77320E+02,  5.06198E+02,  4.57491E+02,  4.24302E+02,  3.97910E+02
 3.78802E+02,  3.41365E+02,  3.41365E+02,  2.99622E+02,  2.99622E+02
 2.99622E+02,  2.99622E+02,  2.99622E+02,  2.99622E+02,  3.15050E+02
 1.41988E+02,  3.02680E+02,  6.91520E+02,  9.91753E+02,  9.57724E+02
 8.57607E+02,  7.60658E+02,  6.66364E+02,  5.78203E+02,  5.04612E+02
 4.56351E+02,  4.20482E+02,  3.92621E+02,  3.72715E+02,  3.31061E+02
 3.31061E+02,  2.93628E+02,  2.93628E+02,  2.93628E+02,  2.93628E+02
 2.93628E+02,  2.93628E+02,  2.88906E+02,  1.32157E+02,  3.00297E+02
 7.86235E+02,  1.07242E+03,  1.00649E+03,  8.77979E+02,  7.63850E+02
 6.63634E+02,  5.73943E+02,  5.00231E+02,  4.53279E+02,  4.15362E+02
 3.86556E+02,  3.66271E+02,  3.21139E+02,  3.21139E+02,  2.88123E+02
 2.88123E+02,  2.88123E+02,  2.88123E+02,  2.88123E+02,  2.88123E+02
 3.39555E+02,  1.35624E+02,  2.88653E+02,  7.81218E+02,  1.01526E+03
 1.00785E+03,  8.78087E+02,  7.56122E+02,  6.54026E+02,  5.65373E+02
 4.95941E+02,  4.47967E+02,  4.08854E+02,  3.79706E+02,  3.59475E+02
 3.11517E+02,  3.11517E+02,  2.83188E+02,  2.83188E+02,  2.83188E+02
 2.83188E+02,  2.83188E+02,  2.83188E+02,  2.52048E+02,  1.22710E+02
 2.84231E+02,  7.99455E+02,  9.84550E+02,  9.69455E+02,  8.60721E+02
 7.39752E+02,  6.39713E+02,  5.54215E+02,  4.89956E+02,  4.40272E+02
 4.00999E+02,  3.72156E+02,  3.52395E+02,  3.02160E+02,  3.02160E+02
 2.78721E+02,  2.78721E+02,  2.78721E+02,  2.78721E+02,  2.78721E+02
 2.78721E+02,  3.03369E+02,  1.34735E+02,  2.77120E+02,  8.04906E+02
 9.69261E+02,  9.22724E+02,  8.35510E+02,  7.19366E+02,  6.24025E+02
 5.43098E+02,  4.79729E+02,  4.30194E+02,  3.91783E+02,  3.63850E+02
 3.44928E+02,  2.92761E+02,  2.92761E+02,  2.74283E+02,  2.74283E+02
 2.74283E+02,  2.74283E+02,  2.74283E+02,  2.74283E+02,  2.80760E+02
 1.26420E+02,  2.62205E+02,  7.18787E+02,  8.99260E+02,  8.84820E+02
 8.11272E+02,  7.00063E+02,  6.09558E+02,  5.27829E+02,  4.65380E+02
 4.17787E+02,  3.81237E+02,  3.54824E+02,  3.37118E+02,  2.83423E+02
 2.83423E+02,  2.70237E+02,  2.70237E+02,  2.70237E+02,  2.70237E+02
 2.70237E+02,  2.70237E+02,  2.63606E+02,  1.21748E+02,  2.35826E+02
 6.15731E+02,  8.08108E+02,  8.54257E+02,  7.92719E+02,  6.86132E+02
 5.90803E+02,  5.05696E+02,  4.47308E+02,  4.03346E+02,  3.69612E+02
 3.45306E+02,  3.29169E+02,  2.74402E+02,  2.74402E+02,  2.66858E+02
 2.66858E+02,  2.66858E+02,  2.66858E+02,  2.66858E+02,  2.66858E+02
 3.28013E+02,  1.20781E+02,  2.23742E+02,  5.49766E+02,  7.66873E+02
 8.26502E+02,  7.78877E+02,  6.69678E+02,  5.57237E+02,  4.78541E+02
 4.26356E+02,  3.87256E+02,  3.57092E+02,  3.35373E+02,  3.21082E+02
 2.65561E+02,  2.65561E+02,  2.63794E+02,  2.63794E+02,  2.63794E+02
 2.63794E+02,  2.63794E+02,  2.63794E+02,  3.13752E+02,  1.30459E+02
 2.35726E+02,  5.63029E+02,  7.70117E+02,  8.09091E+02,  7.71491E+02
 6.37895E+02,  5.18942E+02,  4.48651E+02,  4.03548E+02,  3.69995E+02
 3.43922E+02,  3.25163E+02,  3.12944E+02,  2.57007E+02,  2.57007E+02
 2.61247E+02,  2.61247E+02,  2.61247E+02,  2.61247E+02,  2.61247E+02
 2.61247E+02,  3.18504E+02,  1.43809E+02,  2.64495E+02,  6.50721E+02
 8.20717E+02,  8.14146E+02,  7.62649E+02,  5.93623E+02,  4.80634E+02
 4.18158E+02,  3.79966E+02,  3.52137E+02,  3.30429E+02,  3.14879E+02
 3.04879E+02,  2.48773E+02,  2.48773E+02,  2.59009E+02,  2.59009E+02
 2.59009E+02,  2.59009E+02,  2.59009E+02,  2.59009E+02,  4.09538E+02
 1.55845E+02,  2.82877E+02,  7.15783E+02,  8.93076E+02,  8.51396E+02
 7.40377E+02,  5.55009E+02,  4.45773E+02,  3.88723E+02,  3.56425E+02
 3.34040E+02,  3.16724E+02,  3.04494E+02,  2.96775E+02,  2.40563E+02
 2.40563E+02,  2.56550E+02,  2.56550E+02,  2.56550E+02,  2.56550E+02
 2.56550E+02,  2.56550E+02,  2.49334E+02,  1.48294E+02,  2.88414E+02
 7.32160E+02,  9.36033E+02,  8.88820E+02,  7.11456E+02,  5.22536E+02
 4.14672E+02,  3.61109E+02,  3.33597E+02,  3.16143E+02,  3.03066E+02
 2.94168E+02,  2.88754E+02,  2.32669E+02,  2.32669E+02,  2.54622E+02
 2.54622E+02,  2.54622E+02,  2.54622E+02,  2.54622E+02,  2.54622E+02
 3.15517E+02,  1.50623E+02,  2.89296E+02,  7.47601E+02,  9.85099E+02
 9.16363E+02,  6.92922E+02,  4.96644E+02,  3.87593E+02,  3.35928E+02
 3.12126E+02,  2.98968E+02,  2.89848E+02,  2.84212E+02,  2.81070E+02
 2.25411E+02,  2.25411E+02,  2.53561E+02,  2.53561E+02,  2.53561E+02
 2.53561E+02,  2.53561E+02,  2.53561E+02,  2.80532E+02,  1.50335E+02
 2.90007E+02,  7.90237E+02,  1.10237E+03,  9.51398E+02,  6.87799E+02
 4.77661E+02,  3.64645E+02,  3.13414E+02,  2.92281E+02,  2.82727E+02
 2.77200E+02,  2.74675E+02,  2.73703E+02,  2.18595E+02,  2.18595E+02
 2.52837E+02,  2.52837E+02,  2.52837E+02,  2.52837E+02,  2.52837E+02
 2.52837E+02,  2.70168E+02,  1.44521E+02,  2.90930E+02,  8.04142E+02
 1.13628E+03,  9.69706E+02,  6.85002E+02,  4.62471E+02,  3.44982E+02
 2.93493E+02,  2.74250E+02,  2.67645E+02,  2.65296E+02,  2.65661E+02
 2.66711E+02,  2.12342E+02,  2.12342E+02,  2.52758E+02,  2.52758E+02
 2.52758E+02,  2.52758E+02,  2.52758E+02,  2.52758E+02,  3.49848E+02
 1.54212E+02,  2.87554E+02,  7.18778E+02,  1.04226E+03,  9.55112E+02
 6.76982E+02,  4.48777E+02,  3.27923E+02,  2.76033E+02,  2.58122E+02
 2.53877E+02,  2.54274E+02,  2.56705E+02,  2.59627E+02,  2.06607E+02
 2.06607E+02,  2.52904E+02,  2.52904E+02,  2.52904E+02,  2.52904E+02
 2.52904E+02,  2.52904E+02,  3.56721E+02,  1.59820E+02,  2.98221E+02
 7.00610E+02,  9.41527E+02,  9.14253E+02,  6.62541E+02,  4.35293E+02
 3.12730E+02,  2.60632E+02,  2.43701E+02,  2.41329E+02,  2.44057E+02
 2.48014E+02,  2.52615E+02,  2.01051E+02,  2.01051E+02,  2.52641E+02
 2.52641E+02,  2.52641E+02,  2.52641E+02,  2.52641E+02,  2.52641E+02
 2.77773E+02,  1.64386E+02,  3.07405E+02,  7.26317E+02,  9.12048E+02
 8.66319E+02,  6.44325E+02,  4.21443E+02,  2.98987E+02,  2.47162E+02
 2.31034E+02,  2.30118E+02,  2.34773E+02,  2.39943E+02,  2.46009E+02
 1.96036E+02,  1.96036E+02,  2.53137E+02,  2.53137E+02,  2.53137E+02
 2.53137E+02,  2.53137E+02,  2.53137E+02,  3.04130E+02,  1.75338E+02
 3.19400E+02,  7.07356E+02,  9.13804E+02,  8.30405E+02,  6.26629E+02
 4.08056E+02,  2.86898E+02,  2.35706E+02,  2.20216E+02,  2.20384E+02
 2.26598E+02,  2.32717E+02,  2.40027E+02,  1.91854E+02,  1.91854E+02
 2.54731E+02,  2.54731E+02,  2.54731E+02,  2.54731E+02,  2.54731E+02
 2.54731E+02,  3.23669E+02,  1.86663E+02,  3.33421E+02,  7.07536E+02
 9.06170E+02,  8.14528E+02,  6.12292E+02,  3.96018E+02,  2.76546E+02
 2.26113E+02,  2.11086E+02,  2.12020E+02,  2.19449E+02,  2.26274E+02
 2.34592E+02,  1.88249E+02,  1.88249E+02,  2.56677E+02,  2.56677E+02
 2.56677E+02,  2.56677E+02,  2.56677E+02,  2.56677E+02,  3.09147E+02
 1.88493E+02,  3.49216E+02,  7.30045E+02,  9.04105E+02,  8.13511E+02
 6.00939E+02,  3.85630E+02,  2.68033E+02,  2.18357E+02,  2.03609E+02
 2.05003E+02,  2.12914E+02,  2.20392E+02,  2.29716E+02,  1.85318E+02
 1.85318E+02,  2.59354E+02,  2.59354E+02,  2.59354E+02,  2.59354E+02
 2.59354E+02,  2.59354E+02,  3.26880E+02,  1.87727E+02,  3.56564E+02
 7.45511E+02,  8.94297E+02,  8.22464E+02,  5.91579E+02,  3.77230E+02
 2.61528E+02,  2.12413E+02,  1.97711E+02,  1.99273E+02,  2.06734E+02
 2.14965E+02,  2.25424E+02,  1.82944E+02,  1.82944E+02,  2.62101E+02
 2.62101E+02,  2.62101E+02,  2.62101E+02,  2.62101E+02,  2.62101E+02
 3.26243E+02,  1.81835E+02,  3.64779E+02,  7.57859E+02,  9.21150E+02
 8.37347E+02,  5.83169E+02,  3.70745E+02,  2.56951E+02,  2.08122E+02
 1.93226E+02,  1.94682E+02,  2.01610E+02,  2.10305E+02,  2.21534E+02
 1.80760E+02,  1.80760E+02,  2.63987E+02,  2.63987E+02,  2.63987E+02
 2.63987E+02,  2.63987E+02,  2.63987E+02,  2.94097E+02,  1.82398E+02
 3.80503E+02,  7.88915E+02,  9.95645E+02,  8.47955E+02,  5.73933E+02
 3.65942E+02,  2.54337E+02,  2.05560E+02,  1.90221E+02,  1.91253E+02
 1.97527E+02,  2.06424E+02,  2.18075E+02,  1.79134E+02,  1.79134E+02
 2.64157E+02,  2.64157E+02,  2.64157E+02,  2.64157E+02,  2.64157E+02
 2.64157E+02,  3.15303E+02,  1.98696E+02,  3.91297E+02,  8.35940E+02
 9.95107E+02,  8.29228E+02,  5.62591E+02,  3.63021E+02,  2.53778E+02
 2.04745E+02,  1.88702E+02,  1.89002E+02,  1.94534E+02,  2.03449E+02
 2.15225E+02,  1.78338E+02,  1.78338E+02,  2.63131E+02,  2.63131E+02
 2.63131E+02,  2.63131E+02,  2.63131E+02,  2.63131E+02,  3.06545E+02
 2.17941E+02,  4.01143E+02,  7.88805E+02,  8.88564E+02,  7.74508E+02
 5.48014E+02,  3.61961E+02,  2.55125E+02,  2.05503E+02,  1.88526E+02
 1.87800E+02,  1.92511E+02,  2.01301E+02,  2.12909E+02,  1.78108E+02
 1.78108E+02,  2.62381E+02,  2.62381E+02,  2.62381E+02,  2.62381E+02
 2.62381E+02,  2.62381E+02,  2.67184E+02,  2.42481E+02,  4.12065E+02
 6.69489E+02,  7.61197E+02,  7.03043E+02,  5.30338E+02,  3.62479E+02
 2.58182E+02,  2.07722E+02,  1.89627E+02,  1.87567E+02,  1.91372E+02
 1.99925E+02,  2.11100E+02,  1.78500E+02,  1.78500E+02,  2.61934E+02
 2.61934E+02,  2.61934E+02,  2.61934E+02,  2.61934E+02,  2.61934E+02
 4.74341E+02,  2.98789E+02,  3.96003E+02,  5.31023E+02,  6.23243E+02
 6.26815E+02,  5.11373E+02,  3.64279E+02,  2.62604E+02,  2.11174E+02
 1.91883E+02,  1.88235E+02,  1.91090E+02,  1.99350E+02,  2.09851E+02
 1.79366E+02,  1.79366E+02,  2.62395E+02,  2.62395E+02,  2.62395E+02
 2.62395E+02,  2.62395E+02,  2.62395E+02,  3.50678E+02,  3.14163E+02
 3.77876E+02,  4.31686E+02,  5.09357E+02,  5.58501E+02,  4.93193E+02
 3.66732E+02,  2.67800E+02,  2.15524E+02,  1.95094E+02,  1.89619E+02
 1.91469E+02,  1.99401E+02,  2.08961E+02,  1.80355E+02,  1.80355E+02
 2.63943E+02,  2.63943E+02,  2.63943E+02,  2.63943E+02,  2.63943E+02
 2.63943E+02,  5.23426E+02,  3.75900E+02,  3.93589E+02,  4.07850E+02
 4.48046E+02,  5.08815E+02,  4.76105E+02,  3.68358E+02,  2.72907E+02
 2.20348E+02,  1.98982E+02,  1.91459E+02,  1.92248E+02,  1.99825E+02
 2.08271E+02,  1.81719E+02,  1.81719E+02,  2.65395E+02,  2.65395E+02
 2.65395E+02,  2.65395E+02,  2.65395E+02,  2.65395E+02,  5.45873E+02
 4.17913E+02,  4.34897E+02,  4.01240E+02,  4.30910E+02,  5.00217E+02
 4.71112E+02,  3.66996E+02,  2.76745E+02,  2.25006E+02,  2.03182E+02
 1.93633E+02,  1.93403E+02,  2.00650E+02,  2.07917E+02,  1.83624E+02
 1.83624E+02,  2.66961E+02,  2.66961E+02,  2.66961E+02,  2.66961E+02
 2.66961E+02,  2.66961E+02,  3.39264E+02,  3.90498E+02,  4.70848E+02
 4.27355E+02,  4.40371E+02,  5.01019E+02,  4.77295E+02,  3.63180E+02
 2.78231E+02,  2.28769E+02,  2.07253E+02,  1.96010E+02,  1.94886E+02
 2.01823E+02,  2.07877E+02,  1.85798E+02,  1.85798E+02,  2.69246E+02
 2.69246E+02,  2.69246E+02,  2.69246E+02,  2.69246E+02,  2.69246E+02
 4.11988E+02,  3.88222E+02,  5.24907E+02,  4.80285E+02,  4.66632E+02
 5.16084E+02,  4.81153E+02,  3.61190E+02,  2.76918E+02,  2.30844E+02
 2.10475E+02,  1.98563E+02,  1.96747E+02,  2.03033E+02,  2.07982E+02
 1.88137E+02,  1.88137E+02,  2.72018E+02,  2.72018E+02,  2.72018E+02
 2.72018E+02,  2.72018E+02,  2.72018E+02,  3.33003E+02,  3.84987E+02
 5.60286E+02,  5.44341E+02,  5.09867E+02,  5.23230E+02,  4.69749E+02
 3.56197E+02,  2.73550E+02,  2.31163E+02,  2.12733E+02,  2.01053E+02
 1.98850E+02,  2.04572E+02,  2.08478E+02,  1.90624E+02,  1.90624E+02
 2.75685E+02,  2.75685E+02,  2.75685E+02,  2.75685E+02,  2.75685E+02
 2.75685E+02,  3.75419E+02,  4.46712E+02,  6.06183E+02,  5.94383E+02
 5.49352E+02,  5.27167E+02,  4.49416E+02,  3.45875E+02,  2.68868E+02
 2.29856E+02,  2.13811E+02,  2.03198E+02,  2.00991E+02,  2.06404E+02
 2.09256E+02,  1.93067E+02,  1.93067E+02,  2.80240E+02,  2.80240E+02
 2.80240E+02,  2.80240E+02,  2.80240E+02,  2.80240E+02,  3.74851E+02
 4.62081E+02,  6.58436E+02,  6.18847E+02,  5.36151E+02,  4.93057E+02
 4.15954E+02,  3.27890E+02,  2.62937E+02,  2.26264E+02,  2.11685E+02
 2.03020E+02,  2.01446E+02,  2.07008E+02,  2.09447E+02,  1.95133E+02
 1.95133E+02,  2.84954E+02,  2.84954E+02,  2.84954E+02,  2.84954E+02
 2.84954E+02,  2.84954E+02,  3.01604E+02,  4.44347E+02,  7.22441E+02
 6.74441E+02,  5.13508E+02,  4.38678E+02,  3.46420E+02,  2.99983E+02
 2.56514E+02,  2.23124E+02,  2.07027E+02,  2.00210E+02,  1.99743E+02
 2.06021E+02,  2.09077E+02,  1.97743E+02,  1.97743E+02,  2.90117E+02
 2.90117E+02,  2.90117E+02,  2.90117E+02,  2.90117E+02,  2.90117E+02
 5.54426E+02,  5.07078E+02,  6.70140E+02,  6.68597E+02,  4.97522E+02
 3.63670E+02,  2.97973E+02,  2.72654E+02,  2.50581E+02,  2.25237E+02
 2.09914E+02,  1.99276E+02,  1.97392E+02,  2.04521E+02,  2.08880E+02
 2.02520E+02,  2.02520E+02,  2.96073E+02,  2.96073E+02,  2.96073E+02
 2.96073E+02,  2.96073E+02,  2.96073E+02,  3.37380E+02,  5.42382E+02
 6.15218E+02,  5.55635E+02,  4.62500E+02,  3.18376E+02,  2.69264E+02
 2.52737E+02,  2.46182E+02,  2.32608E+02,  2.23213E+02,  2.06537E+02
 2.01303E+02,  2.07302E+02,  2.11767E+02,  2.09994E+02,  2.09994E+02
 3.02673E+02,  3.02673E+02,  3.02673E+02,  3.02673E+02,  3.02673E+02
 3.02673E+02,  9.30506E+02,  7.14169E+02,  5.81302E+02,  4.38410E+02
 3.94113E+02,  2.80677E+02,  2.39944E+02,  2.43699E+02,  2.43507E+02
 2.40609E+02,  2.38362E+02,  2.21484E+02,  2.12858E+02,  2.15999E+02
 2.18805E+02,  2.19315E+02,  2.19315E+02,  3.10164E+02,  3.10164E+02
 3.10164E+02,  3.10164E+02,  3.10164E+02,  3.10164E+02,  6.66731E+02
 6.45767E+02,  5.39129E+02,  3.85231E+02,  3.51483E+02,  2.56123E+02
 2.27906E+02,  2.48950E+02,  2.42077E+02,  2.48561E+02,  2.51425E+02
 2.34872E+02,  2.24704E+02,  2.26120E+02,  2.26181E+02,  2.28901E+02
 2.28901E+02,  3.18423E+02,  3.18423E+02,  3.18423E+02,  3.18423E+02
 3.18423E+02,  3.18423E+02,  8.46701E+02,  6.53594E+02,  4.91972E+02
 3.56148E+02,  3.11605E+02,  2.47137E+02,  2.52946E+02,  2.48600E+02
 2.42872E+02,  2.57657E+02,  2.64780E+02,  2.48974E+02,  2.37742E+02
 2.37676E+02,  2.34641E+02,  2.39693E+02,  2.39693E+02,  3.27125E+02
 3.27125E+02,  3.27125E+02,  3.27125E+02,  3.27125E+02,  3.27125E+02
 9.57021E+02,  7.47529E+02,  5.03475E+02,  3.51763E+02,  3.02973E+02
 2.47234E+02,  2.53862E+02,  2.40878E+02,  2.47229E+02,  2.68584E+02
 2.79657E+02,  2.65285E+02,  2.53403E+02,  2.51930E+02,  2.45190E+02
 2.52873E+02,  2.52873E+02,  3.36568E+02,  3.36568E+02,  3.36568E+02
 3.36568E+02,  3.36568E+02,  3.36568E+02,  3.73114E+02,  5.43013E+02
 5.88392E+02,  3.82847E+02,  3.32919E+02,  2.59421E+02,  2.31554E+02
 2.37562E+02,  2.55734E+02,  2.80575E+02,  2.94208E+02,  2.81385E+02
 2.69224E+02,  2.66733E+02,  2.56696E+02,  2.67554E+02,  2.67554E+02
 3.46866E+02,  3.46866E+02,  3.46866E+02,  3.46866E+02,  3.46866E+02
 3.46866E+02,  5.66511E+02,  7.84507E+02,  8.25960E+02,  4.55847E+02
 3.91391E+02,  2.87924E+02,  2.43407E+02,  2.45932E+02,  2.68234E+02
 2.92874E+02,  3.07937E+02,  2.96963E+02,  2.85012E+02,  2.82038E+02
 2.69186E+02,  2.83713E+02,  2.83713E+02,  3.57938E+02,  3.57938E+02
 3.57938E+02,  3.57938E+02,  3.57938E+02,  3.57938E+02,  4.51021E+02
 6.23498E+02,  6.52455E+02,  4.96311E+02,  4.58464E+02,  3.30254E+02
 2.70258E+02,  2.63440E+02,  2.83714E+02,  3.03605E+02,  3.18958E+02
 3.10334E+02,  2.99430E+02,  2.96942E+02,  2.82257E+02,  3.01081E+02
 3.01081E+02,  3.69915E+02,  3.69915E+02,  3.69915E+02,  3.69915E+02
 3.69915E+02,  3.69915E+02,  5.14434E+02,  3.61336E+02,  4.31887E+02
 4.87181E+02,  5.36507E+02,  3.89000E+02,  3.27696E+02,  2.88466E+02
 2.99605E+02,  3.09813E+02,  3.25014E+02,  3.19352E+02,  3.10522E+02
 3.09847E+02,  2.94807E+02,  3.18466E+02,  3.18466E+02,  3.82668E+02
 3.82668E+02,  3.82668E+02,  3.82668E+02,  3.82668E+02,  3.82668E+02
 3.16849E+02,  2.68765E+02,  3.86465E+02,  6.00502E+02,  6.33178E+02
 4.56966E+02,  3.51343E+02,  3.22143E+02,  3.11814E+02,  3.10419E+02
 3.28463E+02,  3.26821E+02,  3.20783E+02,  3.22994E+02,  3.08083E+02
 3.36934E+02,  3.36934E+02,  3.96157E+02,  3.96157E+02,  3.96157E+02
 3.96157E+02,  3.96157E+02,  3.96157E+02,  3.38561E+02,  2.65085E+02
 4.41140E+02,  7.50795E+02,  7.27758E+02,  5.32801E+02,  4.39480E+02
 3.50369E+02,  3.19105E+02,  3.05320E+02,  3.30611E+02,  3.33822E+02
 3.31119E+02,  3.37425E+02,  3.22895E+02,  3.57468E+02,  3.57468E+02
 4.10597E+02,  4.10597E+02,  4.10597E+02,  4.10597E+02,  4.10597E+02
 4.10597E+02,  3.40152E+02,  2.77149E+02,  4.92447E+02,  7.73268E+02
 7.30659E+02,  5.54761E+02,  4.43390E+02,  3.53154E+02,  3.24793E+02
 2.96570E+02,  3.30637E+02,  3.38527E+02,  3.39601E+02,  3.51594E+02
 3.38298E+02,  3.79170E+02,  3.79170E+02,  4.25961E+02,  4.25961E+02
 4.25961E+02,  4.25961E+02,  4.25961E+02,  4.25961E+02,  3.55579E+02
 3.05290E+02,  4.68455E+02,  6.51666E+02,  6.03654E+02,  4.76870E+02
 3.72361E+02,  3.38253E+02,  3.29971E+02,  2.92062E+02,  3.29384E+02
 3.41158E+02,  3.46207E+02,  3.65444E+02,  3.54233E+02,  4.01934E+02
 4.01934E+02,  4.42212E+02,  4.42212E+02,  4.42212E+02,  4.42212E+02
 4.42212E+02,  4.42212E+02,  3.73842E+02,  3.72021E+02,  4.27308E+02
 4.58518E+02,  4.17901E+02,  3.72377E+02,  3.29126E+02,  3.20934E+02
 3.25756E+02,  2.91993E+02,  3.26276E+02,  3.44009E+02,  3.54093E+02
 3.78288E+02,  3.70206E+02,  4.25362E+02,  4.25362E+02,  4.59367E+02
 4.59367E+02,  4.59367E+02,  4.59367E+02,  4.59367E+02,  4.59367E+02
 4.21280E+02,  5.30518E+02,  4.19744E+02,  3.30364E+02,  2.82888E+02
 2.79580E+02,  2.89134E+02,  3.00071E+02,  3.14195E+02,  2.89694E+02
 3.21299E+02,  3.46601E+02,  3.63184E+02,  3.89086E+02,  3.85314E+02
 4.48477E+02,  4.48477E+02,  4.77417E+02,  4.77417E+02,  4.77417E+02
 4.77417E+02,  4.77417E+02,  4.77417E+02,  4.55662E+02,  6.85899E+02
 4.64239E+02,  2.68934E+02,  2.16561E+02,  2.32662E+02,  2.62308E+02
 2.80350E+02,  2.99071E+02,  2.81638E+02,  3.17292E+02,  3.48015E+02
 3.71221E+02,  3.99269E+02,  4.00402E+02,  4.72024E+02,  4.72024E+02
 4.96486E+02,  4.96486E+02,  4.96486E+02,  4.96486E+02,  4.96486E+02
 4.96486E+02,  4.88955E+02,  1.09842E+03,  5.79973E+02,  2.55881E+02
 1.91237E+02,  2.02664E+02,  2.40123E+02,  2.66167E+02,  2.83760E+02
 2.74805E+02,  3.14575E+02,  3.48880E+02,  3.78715E+02,  4.09438E+02
 4.15873E+02,  4.96497E+02,  4.96497E+02,  5.16551E+02,  5.16551E+02
 5.16551E+02,  5.16551E+02,  5.16551E+02,  5.16551E+02,  5.04281E+02
 1.18224E+03,  7.31973E+02,  2.72179E+02,  2.04682E+02,  2.06606E+02
 2.40903E+02,  2.61288E+02,  2.71523E+02,  2.72556E+02,  3.11401E+02
 3.48085E+02,  3.84613E+02,  4.18661E+02,  4.30998E+02,  5.21212E+02
 5.21212E+02,  5.37523E+02,  5.37523E+02,  5.37523E+02,  5.37523E+02
 5.37523E+02,  5.37523E+02,  4.82770E+02,  1.30387E+03,  8.54828E+02
 3.15510E+02,  2.23469E+02,  2.28217E+02,  2.54911E+02,  2.65004E+02
 2.64409E+02,  2.71871E+02,  3.07195E+02,  3.45656E+02,  3.88892E+02
 4.26860E+02,  4.45599E+02,  5.45955E+02,  5.45955E+02,  5.59369E+02
 5.59369E+02,  5.59369E+02,  5.59369E+02,  5.59369E+02,  5.59369E+02
 5.83591E+02,  1.19138E+03,  9.01973E+02,  3.65142E+02,  2.65450E+02
 2.59547E+02,  2.65108E+02,  2.64221E+02,  2.58319E+02,  2.68661E+02
 3.01348E+02,  3.41238E+02,  3.91106E+02,  4.33534E+02,  4.59171E+02
 5.70271E+02,  5.70271E+02,  5.81992E+02,  5.81992E+02,  5.81992E+02
 5.81992E+02,  5.81992E+02,  5.81992E+02,  5.24273E+02,  1.05116E+03
 8.21381E+02,  3.81723E+02,  3.26370E+02,  3.09500E+02,  2.79156E+02
 2.56541E+02,  2.50377E+02,  2.62469E+02,  2.93827E+02,  3.34791E+02
 3.90966E+02,  4.38319E+02,  4.71298E+02,  5.93864E+02,  5.93864E+02
 6.05655E+02,  6.05655E+02,  6.05655E+02,  6.05655E+02,  6.05655E+02
 6.05655E+02,  5.08408E+02,  7.98315E+02,  6.54065E+02,  3.88412E+02
 3.89204E+02,  3.64018E+02,  3.04076E+02,  2.54758E+02,  2.42373E+02
 2.54362E+02,  2.85652E+02,  3.27479E+02,  3.89524E+02,  4.42005E+02
 4.82417E+02,  6.17110E+02,  6.17110E+02,  6.30500E+02,  6.30500E+02
 6.30500E+02,  6.30500E+02,  6.30500E+02,  6.30500E+02,  5.66416E+02
 6.36708E+02,  4.95764E+02,  4.12208E+02,  4.33123E+02,  4.14905E+02
 3.27119E+02,  2.54370E+02,  2.34391E+02,  2.45249E+02,  2.77299E+02
 3.19740E+02,  3.87120E+02,  4.44739E+02,  4.92460E+02,  6.39819E+02
 6.39819E+02,  6.56092E+02,  6.56092E+02,  6.56092E+02,  6.56092E+02
 6.56092E+02,  6.56092E+02,  3.89001E+02,  4.53696E+02,  4.21019E+02
 4.45371E+02,  5.07317E+02,  4.64210E+02,  3.40409E+02,  2.54177E+02
 2.27007E+02,  2.35824E+02,  2.69023E+02,  3.11728E+02,  3.83556E+02
 4.46249E+02,  5.01109E+02,  6.61773E+02,  6.61773E+02,  6.82363E+02
 6.82363E+02,  6.82363E+02,  6.82363E+02,  6.82363E+02,  6.82363E+02
 5.34458E+02,  4.61993E+02,  4.70277E+02,  5.32779E+02,  5.79441E+02
 5.07606E+02,  3.53939E+02,  2.54715E+02,  2.20690E+02,  2.26713E+02
 2.60963E+02,  3.06330E+02,  3.79122E+02,  4.46579E+02,  5.08250E+02
 6.82806E+02,  6.82806E+02,  7.09254E+02,  7.09254E+02,  7.09254E+02
 7.09254E+02,  7.09254E+02,  7.09254E+02,  3.51008E+02,  5.48420E+02
 6.55392E+02,  6.87544E+02,  6.77226E+02,  5.51331E+02,  3.69190E+02
 2.57402E+02,  2.15960E+02,  2.18532E+02,  2.52824E+02,  3.00832E+02
 3.73810E+02,  4.45637E+02,  5.13633E+02,  7.02602E+02,  7.02602E+02
 7.36568E+02,  7.36568E+02,  7.36568E+02,  7.36568E+02,  7.36568E+02
 7.36568E+02,  4.79834E+02,  5.47981E+02,  8.05719E+02,  8.28282E+02
 7.71982E+02,  6.03504E+02,  3.90001E+02,  2.63402E+02,  2.12958E+02
 2.11666E+02,  2.45063E+02,  2.94710E+02,  3.67926E+02,  4.43678E+02
 5.17462E+02,  7.21705E+02,  7.21705E+02,  7.64958E+02,  7.64958E+02
 7.64958E+02,  7.64958E+02,  7.64958E+02,  7.64958E+02,  3.17733E+02
 4.88720E+02,  7.75252E+02,  8.89398E+02,  8.17301E+02,  6.54123E+02
 4.18836E+02,  2.72981E+02,  2.11507E+02,  2.06238E+02,  2.38142E+02
 2.88542E+02,  3.61923E+02,  4.41051E+02,  5.19924E+02,  7.40153E+02
 7.40153E+02,  7.94434E+02,  7.94434E+02,  7.94434E+02,  7.94434E+02
 7.94434E+02,  7.94434E+02,  4.53013E+02,  4.63314E+02,  6.67870E+02
 9.24136E+02,  8.57787E+02,  6.85731E+02,  4.50982E+02,  2.84749E+02
 2.11522E+02,  2.02542E+02,  2.32493E+02,  2.82770E+02,  3.55996E+02
 4.37791E+02,  5.20857E+02,  7.57283E+02,  7.57283E+02,  8.24060E+02
 8.24060E+02,  8.24060E+02,  8.24060E+02,  8.24060E+02,  8.24060E+02
 3.20383E+02,  3.89394E+02,  5.87211E+02,  9.44409E+02,  9.82151E+02
 7.06431E+02,  4.62772E+02,  2.96486E+02,  2.12979E+02,  2.00852E+02
 2.28447E+02,  2.77725E+02,  3.50364E+02,  4.34096E+02,  5.20467E+02
 7.73396E+02,  7.73396E+02,  8.53893E+02,  8.53893E+02,  8.53893E+02
 8.53893E+02,  8.53893E+02,  8.53893E+02,  3.94199E+02,  3.44000E+02
 5.54147E+02,  8.24151E+02,  9.83412E+02,  7.20144E+02,  4.60016E+02
 3.07404E+02,  2.16160E+02,  2.01350E+02,  2.26196E+02,  2.73642E+02
 3.45215E+02,  4.30150E+02,  5.18924E+02,  7.88510E+02,  7.88510E+02
 8.83855E+02,  8.83855E+02,  8.83855E+02,  8.83855E+02,  8.83855E+02
 8.83855E+02,  2.96593E+02,  3.61110E+02,  5.95740E+02,  7.59276E+02
 9.32879E+02,  7.08946E+02,  4.55358E+02,  3.17816E+02,  2.21581E+02
 2.04253E+02,  2.25900E+02,  2.70710E+02,  3.40707E+02,  4.26109E+02
 5.16396E+02,  8.02625E+02,  8.02625E+02,  9.13724E+02,  9.13724E+02
 9.13724E+02,  9.13724E+02,  9.13724E+02,  9.13724E+02,  3.52590E+02
 3.92107E+02,  6.45140E+02,  7.56521E+02,  8.57170E+02,  6.82048E+02
 4.53240E+02,  3.28433E+02,  2.29510E+02,  2.09485E+02,  2.27476E+02
 2.68948E+02,  3.36963E+02,  4.22254E+02,  5.13340E+02,  8.16667E+02
 8.16667E+02,  9.44549E+02,  9.44549E+02,  9.44549E+02,  9.44549E+02
 9.44549E+02,  9.44549E+02,  3.34219E+02,  4.40316E+02,  6.66099E+02
 7.81316E+02,  7.73192E+02,  6.48757E+02,  4.54350E+02,  3.40357E+02
 2.40268E+02,  2.16929E+02,  2.30758E+02,  2.68269E+02,  3.33980E+02
 4.18676E+02,  5.09884E+02,  8.30438E+02,  8.30438E+02,  9.76128E+02
 9.76128E+02,  9.76128E+02,  9.76128E+02,  9.76128E+02,  9.76128E+02
 3.08000E+02,  3.89283E+02,  6.11466E+02,  7.01636E+02,  6.86598E+02
 6.10902E+02,  4.58852E+02,  3.53668E+02,  2.54081E+02,  2.26593E+02
 2.35721E+02,  2.68669E+02,  3.31806E+02,  4.15468E+02,  5.06140E+02
 8.43405E+02,  8.43405E+02,  1.00716E+03,  1.00716E+03,  1.00716E+03
 1.00716E+03,  1.00716E+03,  1.00716E+03,  3.86264E+02,  3.44301E+02
 4.81615E+02,  5.78088E+02,  5.86263E+02,  5.65452E+02,  4.64525E+02
 3.67864E+02,  2.70662E+02,  2.38268E+02,  2.42231E+02,  2.70038E+02
 3.30443E+02,  4.12785E+02,  5.02470E+02,  8.56161E+02,  8.56161E+02
 1.03794E+03,  1.03794E+03,  1.03794E+03,  1.03794E+03,  1.03794E+03
 1.03794E+03,  3.54642E+02,  4.45299E+02,  4.67440E+02,  4.65518E+02
 4.90271E+02,  5.13388E+02,  4.67281E+02,  3.82846E+02,  2.89705E+02
 2.51851E+02,  2.50306E+02,  2.72315E+02,  3.29914E+02,  4.10758E+02
 4.99145E+02,  8.68899E+02,  8.68899E+02,  1.06842E+03,  1.06842E+03
 1.06842E+03,  1.06842E+03,  1.06842E+03,  1.06842E+03,  4.58444E+02
 4.54609E+02,  4.60100E+02,  3.95488E+02,  4.08280E+02,  4.80508E+02
 4.65927E+02,  3.97279E+02,  3.10589E+02,  2.67109E+02,  2.59949E+02
 2.75478E+02,  3.30259E+02,  4.09519E+02,  4.96429E+02,  8.81894E+02
 8.81894E+02,  1.09849E+03,  1.09849E+03,  1.09849E+03,  1.09849E+03
 1.09849E+03,  1.09849E+03,  4.02259E+02,  4.82250E+02,  4.61137E+02
 3.64537E+02,  3.64605E+02,  4.48694E+02,  4.62881E+02,  4.08417E+02
 3.32405E+02,  2.81241E+02,  2.67023E+02,  2.79166E+02,  3.31279E+02
 4.09006E+02,  4.94429E+02,  8.95802E+02,  8.95802E+02,  1.12946E+03
 1.12946E+03,  1.12946E+03,  1.12946E+03,  1.12946E+03,  1.12946E+03
 4.24583E+02,  5.46043E+02,  4.81431E+02,  3.58045E+02,  3.47544E+02
 4.29985E+02,  4.62920E+02,  4.16505E+02,  3.51592E+02,  2.98140E+02
 2.74663E+02,  2.83563E+02,  3.33021E+02,  4.09332E+02,  4.93320E+02
 9.10418E+02,  9.10418E+02,  1.16100E+03,  1.16100E+03,  1.16100E+03
 1.16100E+03,  1.16100E+03,  1.16100E+03,  3.55621E+02,  4.76178E+02
 4.91613E+02,  3.63635E+02,  3.46722E+02,  4.23161E+02,  4.68567E+02
 4.24009E+02,  3.57344E+02,  3.16373E+02,  2.84586E+02,  2.88941E+02
 3.35702E+02,  4.10759E+02,  4.93440E+02,  9.25682E+02,  9.25682E+02
 1.19172E+03,  1.19172E+03,  1.19172E+03,  1.19172E+03,  1.19172E+03
 1.19172E+03,  4.00377E+02,  4.61386E+02,  4.97659E+02,  3.68845E+02
 3.51407E+02,  4.23532E+02,  4.74636E+02,  4.28495E+02,  3.53454E+02
 3.19740E+02,  2.96707E+02,  2.95169E+02,  3.39199E+02,  4.13249E+02
 4.94881E+02,  9.42082E+02,  9.42082E+02,  1.22213E+03,  1.22213E+03
 1.22213E+03,  1.22213E+03,  1.22213E+03,  1.22213E+03,  3.61660E+02
 5.88692E+02,  5.04605E+02,  3.64874E+02,  3.56689E+02,  4.26980E+02
 4.76445E+02,  4.26458E+02,  3.46859E+02,  3.09130E+02,  3.09476E+02
 3.02059E+02,  3.43506E+02,  4.16910E+02,  4.97846E+02,  9.59834E+02
 9.59834E+02,  1.25229E+03,  1.25229E+03,  1.25229E+03,  1.25229E+03
 1.25229E+03,  1.25229E+03,  5.47281E+02,  5.54438E+02,  4.51009E+02
 3.56524E+02,  3.66354E+02,  4.30206E+02,  4.66784E+02,  4.14098E+02
 3.38740E+02,  2.94713E+02,  3.13004E+02,  3.08932E+02,  3.48439E+02
 4.21691E+02,  5.02351E+02,  9.79131E+02,  9.79131E+02,  1.28218E+03
 1.28218E+03,  1.28218E+03,  1.28218E+03,  1.28218E+03,  1.28218E+03
 4.25389E+02,  4.28461E+02,  4.08447E+02,  3.65973E+02,  3.87885E+02
 4.29287E+02,  4.48878E+02,  3.92499E+02,  3.28034E+02,  2.82578E+02
 3.06882E+02,  3.14984E+02,  3.53585E+02,  4.27302E+02,  5.08133E+02
 1.00016E+03,  1.00016E+03,  1.31331E+03,  1.31331E+03,  1.31331E+03
 1.31331E+03,  1.31331E+03,  1.31331E+03,  4.07691E+02,  4.46012E+02
 4.66621E+02,  4.28506E+02,  4.10162E+02,  4.23051E+02,  4.21761E+02
 3.69937E+02,  3.09831E+02,  2.72286E+02,  3.00014E+02,  3.19919E+02
 3.59227E+02,  4.34214E+02,  5.15759E+02,  1.02308E+03,  1.02308E+03
 1.34527E+03,  1.34527E+03,  1.34527E+03,  1.34527E+03,  1.34527E+03
 1.34527E+03,  4.07495E+02,  5.87414E+02,  6.77068E+02,  5.07283E+02
 4.12018E+02,  4.03739E+02,  3.84989E+02,  3.40904E+02,  2.90475E+02
 2.64074E+02,  2.97962E+02,  3.23468E+02,  3.65618E+02,  4.42818E+02
 5.25685E+02,  1.04802E+03,  1.04802E+03,  1.37657E+03,  1.37657E+03
 1.37657E+03,  1.37657E+03,  1.37657E+03,  1.37657E+03,  4.44603E+02
 6.53153E+02,  7.16876E+02,  5.08179E+02,  3.90124E+02,  3.60661E+02
 3.39679E+02,  3.09931E+02,  2.72147E+02,  2.58519E+02,  3.01272E+02
 3.25411E+02,  3.72528E+02,  4.52883E+02,  5.37678E+02,  1.07503E+03
 1.07503E+03,  1.40776E+03,  1.40776E+03,  1.40776E+03,  1.40776E+03
 1.40776E+03,  1.40776E+03,  4.08977E+02,  6.00165E+02,  6.36242E+02
 4.47335E+02,  3.35583E+02,  3.10235E+02,  2.97179E+02,  2.81592E+02
 2.56880E+02,  2.57613E+02,  3.06015E+02,  3.26090E+02,  3.80061E+02
 4.64557E+02,  5.51936E+02,  1.10427E+03,  1.10427E+03,  1.43886E+03
 1.43886E+03,  1.43886E+03,  1.43886E+03,  1.43886E+03,  1.43886E+03
 4.49659E+02,  5.31374E+02,  5.31114E+02,  3.71567E+02,  2.85281E+02
 2.68598E+02,  2.65769E+02,  2.57913E+02,  2.47723E+02,  2.62764E+02
 3.02990E+02,  3.26356E+02,  3.88267E+02,  4.77626E+02,  5.68066E+02
 1.13535E+03,  1.13535E+03,  1.46977E+03,  1.46977E+03,  1.46977E+03
 1.46977E+03,  1.46977E+03,  1.46977E+03,  4.35392E+02,  5.83452E+02
 5.38780E+02,  3.54770E+02,  2.64821E+02,  2.44431E+02,  2.44516E+02
 2.42832E+02,  2.46177E+02,  2.64675E+02,  2.91277E+02,  3.27311E+02
 3.97310E+02,  4.91945E+02,  5.85750E+02,  1.16843E+03,  1.16843E+03
 1.50238E+03,  1.50238E+03,  1.50238E+03,  1.50238E+03,  1.50238E+03
 1.50238E+03,  4.93588E+02,  7.93406E+02,  6.85649E+02,  3.75792E+02
 2.65925E+02,  2.38802E+02,  2.34373E+02,  2.34701E+02,  2.42365E+02
 2.58955E+02,  2.82057E+02,  3.30142E+02,  4.08163E+02,  5.08585E+02
 6.06218E+02,  1.20441E+03,  1.20441E+03,  1.53599E+03,  1.53599E+03
 1.53599E+03,  1.53599E+03,  1.53599E+03,  1.53599E+03,  5.43898E+02
 8.58576E+02,  7.89253E+02,  4.22904E+02,  2.70808E+02,  2.37524E+02
 2.31767E+02,  2.31312E+02,  2.34096E+02,  2.47118E+02,  2.78370E+02
 3.35807E+02,  4.21519E+02,  5.27962E+02,  6.29673E+02,  1.24255E+03
 1.24255E+03,  1.56807E+03,  1.56807E+03,  1.56807E+03,  1.56807E+03
 1.56807E+03,  1.56807E+03,  3.79514E+02,  8.00820E+02,  8.47647E+02
 4.57538E+02,  2.78551E+02,  2.34977E+02,  2.30658E+02,  2.28753E+02
 2.28715E+02,  2.43408E+02,  2.80357E+02,  3.44726E+02,  4.37418E+02
 5.49708E+02,  6.55407E+02,  1.28218E+03,  1.28218E+03,  1.59908E+03
 1.59908E+03,  1.59908E+03,  1.59908E+03,  1.59908E+03,  1.59908E+03
 4.53627E+02,  7.75699E+02,  9.56017E+02,  4.64764E+02,  2.95736E+02
 2.51348E+02,  2.43822E+02,  2.37088E+02,  2.32488E+02,  2.47166E+02
 2.87330E+02,  3.57123E+02,  4.56117E+02,  5.73954E+02,  6.83438E+02
 1.32302E+03,  1.32302E+03,  1.62856E+03,  1.62856E+03,  1.62856E+03
 1.62856E+03,  1.62856E+03,  1.62856E+03,  4.26212E+02,  8.23584E+02
 8.83711E+02,  4.66846E+02,  3.23736E+02,  2.84493E+02,  2.70494E+02
 2.57163E+02,  2.43307E+02,  2.56705E+02,  2.99140E+02,  3.73334E+02
 4.77654E+02,  6.00119E+02,  7.12556E+02,  1.36363E+03,  1.36363E+03
 1.65667E+03,  1.65667E+03,  1.65667E+03,  1.65667E+03,  1.65667E+03
 1.65667E+03,  4.30482E+02,  6.98087E+02,  6.44285E+02,  4.79256E+02
 3.74725E+02,  3.35190E+02,  3.02881E+02,  2.75343E+02,  2.60174E+02
 2.71476E+02,  3.15745E+02,  3.93583E+02,  5.02174E+02,  6.28153E+02
 7.42579E+02,  1.40516E+03,  1.40516E+03,  1.68664E+03,  1.68664E+03
 1.68664E+03,  1.68664E+03,  1.68664E+03,  1.68664E+03,  3.70537E+02
 4.76067E+02,  5.95637E+02,  5.32529E+02,  4.61345E+02,  3.99038E+02
 3.40113E+02,  3.00994E+02,  2.85848E+02,  2.91876E+02,  3.37491E+02
 4.18438E+02,  5.30595E+02,  6.59282E+02,  7.74971E+02,  1.44777E+03
 1.44777E+03,  1.71517E+03,  1.71517E+03,  1.71517E+03,  1.71517E+03
 1.71517E+03,  1.71517E+03,  3.63066E+02,  4.49665E+02,  6.88019E+02
 6.64989E+02,  5.58260E+02,  4.56967E+02,  3.73337E+02,  3.27562E+02
 3.12293E+02,  3.19138E+02,  3.65314E+02,  4.48509E+02,  5.63057E+02
 6.92951E+02,  8.08443E+02,  1.48692E+03,  1.48692E+03,  1.73682E+03
 1.73682E+03,  1.73682E+03,  1.73682E+03,  1.73682E+03,  1.73682E+03
 4.02259E+02,  5.70899E+02,  9.57738E+02,  8.10307E+02,  6.02879E+02
 5.01807E+02,  3.95773E+02,  3.50020E+02,  3.40678E+02,  3.54649E+02
 3.99732E+02,  4.83742E+02,  5.98867E+02,  7.27856E+02,  8.41265E+02
 1.52043E+03,  1.52043E+03,  1.75244E+03,  1.75244E+03,  1.75244E+03
 1.75244E+03,  1.75244E+03,  1.75244E+03,  3.93889E+02,  7.32360E+02
 1.15237E+03,  7.47699E+02,  5.26765E+02,  4.78368E+02,  4.28243E+02
 3.78775E+02,  3.82947E+02,  4.00449E+02,  4.41062E+02,  5.23826E+02
 6.37307E+02,  7.63076E+02,  8.72438E+02,  1.54584E+03,  1.54584E+03
 1.76000E+03,  1.76000E+03,  1.76000E+03,  1.76000E+03,  1.76000E+03
 1.76000E+03,  4.24715E+02,  6.11263E+02,  7.55393E+02,  4.48423E+02
 3.27241E+02,  3.40198E+02,  4.33413E+02,  4.31987E+02,  4.32640E+02
 4.50962E+02,  4.89013E+02,  5.67734E+02,  6.76532E+02,  7.96368E+02
 8.99844E+02,  1.56441E+03,  1.56441E+03,  1.76430E+03,  1.76430E+03
 1.76430E+03,  1.76430E+03,  1.76430E+03,  1.76430E+03,  2.73912E+02
 3.52742E+02,  3.09064E+02,  2.31368E+02,  2.11250E+02,  2.75063E+02
 4.10401E+02,  4.71572E+02,  4.88107E+02,  5.05456E+02,  5.42092E+02
 6.13840E+02,  7.15150E+02,  8.27190E+02,  9.24366E+02,  1.58535E+03
 1.58535E+03,  1.77417E+03,  1.77417E+03,  1.77417E+03,  1.77417E+03
 1.77417E+03,  1.77417E+03,  7.21993E+02,  3.77197E+02,  2.40610E+02
 1.78000E+02,  1.93639E+02,  2.73489E+02,  4.09218E+02,  5.47697E+02
 5.61932E+02,  5.68727E+02,  5.97170E+02,  6.59591E+02,  7.51642E+02
 8.55263E+02,  9.47125E+02,  1.61971E+03,  1.61971E+03,  1.79328E+03
 1.79328E+03,  1.79328E+03,  1.79328E+03,  1.79328E+03,  1.79328E+03
 9.14312E+02,  1.05763E+03,  3.29977E+02,  2.09619E+02,  2.34362E+02
 3.22329E+02,  4.66897E+02,  5.92987E+02,  6.27848E+02,  6.29451E+02
 6.47256E+02,  6.99940E+02,  7.82671E+02,  8.79001E+02,  9.70019E+02
 1.67150E+03,  1.67150E+03,  1.82109E+03,  1.82109E+03,  1.82109E+03
 1.82109E+03,  1.82109E+03,  1.82109E+03,  6.21007E+02,  1.04713E+03
 5.33803E+02,  3.02293E+02,  2.84892E+02,  3.98652E+02,  5.60749E+02
 6.62321E+02,  6.75986E+02,  6.66690E+02,  6.82651E+02,  7.30314E+02
 8.07817E+02,  9.03317E+02,  9.98663E+02,  1.72501E+03,  1.72501E+03
 1.85280E+03,  1.85280E+03,  1.85280E+03,  1.85280E+03,  1.85280E+03
 1.85280E+03,  6.59949E+02,  1.77820E+03,  9.62428E+02,  4.14103E+02
 3.39532E+02,  4.91037E+02,  6.69512E+02,  7.59596E+02,  7.49759E+02
 7.20757E+02,  7.20776E+02,  7.61237E+02,  8.37448E+02,  9.33374E+02
 1.02847E+03,  1.77526E+03,  1.77526E+03,  1.88022E+03,  1.88022E+03
 1.88022E+03,  1.88022E+03,  1.88022E+03,  1.88022E+03,  5.13357E+02
 1.12754E+03,  6.06987E+02,  4.66716E+02,  4.34390E+02,  5.73650E+02
 7.54336E+02,  8.40974E+02,  8.24618E+02,  7.82739E+02,  7.69180E+02
 7.99981E+02,  8.71031E+02,  9.63225E+02,  1.05541E+03,  1.81570E+03
 1.81570E+03,  1.89629E+03,  1.89629E+03,  1.89629E+03,  1.89629E+03
 1.89629E+03,  1.89629E+03,  4.30022E+02,  5.47406E+02,  3.86310E+02
 3.75563E+02,  4.22707E+02,  5.76145E+02,  7.64542E+02,  8.70820E+02
 8.71120E+02,  8.30772E+02,  8.12135E+02,  8.36980E+02,  9.02727E+02
 9.90020E+02,  1.07833E+03,  1.84494E+03,  1.84494E+03,  1.90109E+03
 1.90109E+03,  1.90109E+03,  1.90109E+03,  1.90109E+03,  1.90109E+03
 6.41819E+02,  7.33919E+02,  3.01406E+02,  2.38796E+02,  3.03008E+02
 4.72527E+02,  6.80589E+02,  8.32036E+02,  8.74635E+02,  8.55716E+02
 8.43675E+02,  8.68694E+02,  9.31921E+02,  1.01544E+03,  1.10039E+03
 1.87528E+03,  1.87528E+03,  1.90646E+03,  1.90646E+03,  1.90646E+03
 1.90646E+03,  1.90646E+03,  1.90646E+03,  6.85820E+02,  7.33727E+02
 2.17915E+02,  1.58158E+02,  2.02797E+02,  3.39204E+02,  5.43443E+02
 7.35986E+02,  8.33634E+02,  8.53294E+02,  8.60058E+02,  8.92264E+02
 9.56691E+02,  1.03807E+03,  1.12014E+03,  1.90371E+03,  1.90371E+03
 1.90871E+03,  1.90871E+03,  1.90871E+03,  1.90871E+03,  1.90871E+03
 1.90871E+03,  6.36550E+02,  7.45364E+02,  2.02974E+02,  1.28986E+02
 1.47250E+02,  2.39607E+02,  4.12409E+02,  6.17805E+02,  7.62050E+02
 8.26377E+02,  8.60287E+02,  9.05562E+02,  9.74576E+02,  1.05527E+03
 1.13469E+03,  1.92211E+03,  1.92211E+03,  1.90144E+03,  1.90144E+03
 1.90144E+03,  1.90144E+03,  1.90144E+03,  1.90144E+03,  1.00349E+03
 8.47169E+02,  2.47212E+02,  1.24476E+02,  1.20373E+02,  1.78536E+02
 3.13948E+02,  5.08108E+02,  6.78804E+02,  7.82159E+02,  8.45771E+02
 9.08141E+02,  9.84829E+02,  1.06656E+03,  1.14383E+03,  1.93069E+03
 1.93069E+03,  1.88562E+03,  1.88562E+03,  1.88562E+03,  1.88562E+03
 1.88562E+03,  1.88562E+03,  2.91006E+02,  8.82586E+02,  4.19622E+02
 1.24332E+02,  1.09786E+02,  1.43353E+02,  2.48211E+02,  4.21058E+02
 5.98905E+02,  7.28809E+02,  8.19008E+02,  8.99678E+02,  9.85882E+02
 1.06983E+03,  1.14518E+03,  1.92394E+03,  1.92394E+03,  1.85763E+03
 1.85763E+03,  1.85763E+03,  1.85763E+03,  1.85763E+03,  1.85763E+03
 4.66938E+02,  1.65685E+03,  4.81246E+02,  1.30190E+02,  1.06520E+02
 1.25768E+02,  2.07516E+02,  3.57834E+02,  5.30047E+02,  6.73628E+02
 7.84469E+02,  8.82587E+02,  9.79132E+02,  1.06620E+03,  1.13999E+03
 1.90526E+03,  1.90526E+03,  1.82138E+03,  1.82138E+03,  1.82138E+03
 1.82138E+03,  1.82138E+03,  1.82138E+03,  5.18284E+02,  1.63354E+03
 4.65006E+02,  1.32032E+02,  1.01050E+02,  1.20624E+02,  1.85797E+02
 3.11757E+02,  4.71300E+02,  6.19321E+02,  7.45505E+02,  8.59978E+02
 9.67610E+02,  1.05881E+03,  1.13173E+03,  1.88266E+03,  1.88266E+03
 1.78248E+03,  1.78248E+03,  1.78248E+03,  1.78248E+03,  1.78248E+03
 1.78248E+03,  5.29935E+02,  1.81936E+03,  3.47313E+02,  1.25007E+02
 8.93277E+01,  1.17520E+02,  1.79616E+02,  2.74976E+02,  4.17101E+02
 5.65206E+02,  7.03855E+02,  8.32971E+02,  9.51081E+02,  1.04636E+03
 1.11835E+03,  1.85019E+03,  1.85019E+03,  1.73607E+03,  1.73607E+03
 1.73607E+03,  1.73607E+03,  1.73607E+03,  1.73607E+03,  6.23270E+02
 9.08476E+02,  1.77999E+02,  1.07262E+02,  8.59837E+01,  1.13853E+02
 1.80563E+02,  2.71217E+02,  3.86784E+02,  5.12209E+02,  6.61827E+02
 8.03644E+02,  9.30229E+02,  1.02852E+03,  1.09905E+03,  1.80524E+03
 1.80524E+03,  1.68145E+03,  1.68145E+03,  1.68145E+03,  1.68145E+03
 1.68145E+03,  1.68145E+03,  6.26252E+02,  3.85536E+02,  1.23962E+02
 9.35101E+01,  9.10755E+01,  1.24250E+02,  1.91501E+02,  2.86956E+02
 3.84943E+02,  4.85277E+02,  6.21920E+02,  7.74413E+02,  9.06762E+02
 1.00646E+03,  1.07483E+03,  1.74937E+03,  1.74937E+03,  1.62039E+03
 1.62039E+03,  1.62039E+03,  1.62039E+03,  1.62039E+03,  1.62039E+03
 3.28181E+02,  2.80114E+02,  1.34109E+02,  1.00872E+02,  1.12097E+02
 1.49374E+02,  2.13187E+02,  3.00625E+02,  3.98881E+02,  4.84030E+02
 5.87232E+02,  7.45946E+02,  8.80470E+02,  9.79494E+02,  1.04474E+03
 1.68014E+03,  1.68014E+03,  1.55171E+03,  1.55171E+03,  1.55171E+03
 1.55171E+03,  1.55171E+03,  1.55171E+03,  2.91288E+02,  2.90635E+02
 1.66580E+02,  1.45884E+02,  1.59643E+02,  1.91407E+02,  2.42953E+02
 3.16070E+02,  4.06533E+02,  4.94576E+02,  5.67802E+02,  7.17076E+02
 8.49885E+02,  9.46868E+02,  1.00880E+03,  1.59969E+03,  1.59969E+03
 1.47827E+03,  1.47827E+03,  1.47827E+03,  1.47827E+03,  1.47827E+03
 1.47827E+03,  4.84030E+02,  3.64738E+02,  2.72012E+02,  2.46952E+02
 2.42445E+02,  2.49728E+02,  2.78547E+02,  3.34506E+02,  4.13697E+02
 5.01285E+02,  5.74445E+02,  6.96635E+02,  8.07376E+02,  8.93914E+02
 9.51594E+02,  1.52532E+03,  1.52532E+03,  1.42191E+03,  1.42191E+03
 1.42191E+03,  1.42191E+03,  1.42191E+03,  1.42191E+03,  4.16521E+02
 5.13865E+02,  5.14608E+02,  4.56140E+02,  3.75637E+02,  3.23932E+02
 3.20030E+02,  3.54172E+02,  4.03469E+02,  4.92799E+02,  6.11221E+02
 7.22394E+02,  8.28235E+02,  9.16596E+02,  9.79383E+02,  1.64270E+03
 1.64270E+03,  1.54477E+03,  1.54477E+03,  1.54477E+03,  1.54477E+03
 1.54477E+03,  1.54477E+03,  6.48664E+02,  8.36629E+02,  9.58206E+02
 8.16399E+02,  5.81226E+02,  4.17248E+02,  3.43785E+02,  3.42598E+02
 3.99244E+02,  5.29037E+02,  7.79535E+02,  1.12213E+03,  1.52598E+03
 1.91534E+03,  2.32637E+03,  6.33231E+03,  6.33231E+03,  4.92863E+03
 4.92863E+03,  4.92863E+03,  4.92863E+03,  4.92863E+03,  4.92863E+03
 6.48664E+02,  8.36629E+02,  9.58206E+02,  8.16399E+02,  5.81226E+02
 4.17248E+02,  3.43785E+02,  3.42598E+02,  3.99244E+02,  5.29037E+02
 7.79535E+02,  1.12213E+03,  1.52598E+03,  1.91534E+03,  2.32637E+03
 6.33231E+03,  6.33231E+03,  4.92863E+03,  4.92863E+03,  4.92863E+03
 4.92863E+03,  4.92863E+03,  4.92863E+03,  6.12217E+02,  5.68213E+02
 5.22273E+02,  4.44338E+02,  3.45705E+02,  2.49980E+02,  1.74535E+02
 1.23797E+02,  9.31554E+01,  7.62065E+01,  6.87151E+01,  6.75461E+01
 6.94934E+01,  7.42197E+01,  8.27518E+01,  7.36451E+01,  7.36451E+01
 1.32718E+02,  1.32718E+02,  1.32718E+02,  1.32718E+02,  1.32718E+02
 1.32718E+02,  6.12217E+02,  5.68213E+02,  5.22273E+02,  4.44338E+02
 3.45705E+02,  2.49980E+02,  1.74535E+02,  1.23797E+02,  9.31554E+01
 7.62065E+01,  6.87151E+01,  6.75461E+01,  6.94934E+01,  7.42197E+01
 8.27518E+01,  7.36451E+01,  7.36451E+01,  1.32718E+02,  1.32718E+02
 1.32718E+02,  1.32718E+02,  1.32718E+02,  1.32718E+02,  6.12217E+02
 5.68213E+02,  5.22273E+02,  4.44338E+02,  3.45705E+02,  2.49980E+02
 1.74535E+02,  1.23797E+02,  9.31554E+01,  7.62065E+01,  6.87151E+01
 6.75461E+01,  6.94934E+01,  7.42197E+01,  8.27518E+01,  7.36451E+01
 7.36451E+01,  1.32718E+02,  1.32718E+02,  1.32718E+02,  1.32718E+02
 1.32718E+02,  1.32718E+02,  6.12217E+02,  5.68213E+02,  5.22273E+02
 4.44338E+02,  3.45705E+02,  2.49980E+02,  1.74535E+02,  1.23797E+02
 9.31554E+01,  7.62065E+01,  6.87151E+01,  6.75461E+01,  6.94934E+01
 7.42197E+01,  8.27518E+01,  7.36451E+01,  7.36451E+01,  1.32718E+02
 1.32718E+02,  1.32718E+02,  1.32718E+02,  1.32718E+02,  1.32718E+02
 6.12217E+02,  5.68213E+02,  5.22273E+02,  4.44338E+02,  3.45705E+02
 2.49980E+02,  1.74535E+02,  1.23797E+02,  9.31554E+01,  7.62065E+01
 6.87151E+01,  6.75461E+01,  6.94934E+01,  7.42197E+01,  8.27518E+01
 7.36451E+01,  7.36451E+01,  1.32718E+02,  1.32718E+02,  1.32718E+02
 1.32718E+02,  1.32718E+02,  1.32718E+02,  6.12217E+02,  5.68213E+02
 5.22273E+02,  4.44338E+02,  3.45705E+02,  2.49980E+02,  1.74535E+02
 1.23797E+02,  9.31554E+01,  7.62065E+01,  6.87151E+01,  6.75461E+01
 6.94934E+01,  7.42197E+01,  8.27518E+01,  7.36451E+01,  7.36451E+01
 1.32718E+02,  1.32718E+02,  1.32718E+02,  1.32718E+02,  1.32718E+02
 1.32718E+02

;-Sensitivity in the elemental sequential order

 3.34713E-02,  3.31661E-02,  3.11880E-02,  2.62325E-02,  2.04437E-02
 1.54011E-02,  1.15551E-02,  8.75088E-03,  6.72160E-03,  5.24501E-03
 4.15336E-03,  3.33909E-03,  2.72772E-03,  2.26502E-03,  1.91028E-03
 4.19881E-03,  4.19881E-03,  7.86431E-03,  7.86431E-03,  7.86431E-03
 7.86431E-03,  7.86431E-03,  7.86431E-03,  3.34713E-02,  3.31661E-02
 3.11880E-02,  2.62325E-02,  2.04437E-02,  1.54011E-02,  1.15551E-02
 8.75088E-03,  6.72160E-03,  5.24501E-03,  4.15336E-03,  3.33909E-03
 2.72772E-03,  2.26502E-03,  1.91028E-03,  4.19881E-03,  4.19881E-03
 7.86431E-03,  7.86431E-03,  7.86431E-03,  7.86431E-03,  7.86431E-03
 7.86431E-03,  3.34713E-02,  3.31661E-02,  3.11880E-02,  2.62325E-02
 2.04437E-02,  1.54011E-02,  1.15551E-02,  8.75088E-03,  6.72160E-03
 5.24501E-03,  4.15336E-03,  3.33909E-03,  2.72772E-03,  2.26502E-03
 1.91028E-03,  4.19881E-03,  4.19881E-03,  7.86431E-03,  7.86431E-03
 7.86431E-03,  7.86431E-03,  7.86431E-03,  7.86431E-03,  3.34713E-02
 3.31661E-02,  3.11880E-02,  2.62325E-02,  2.04437E-02,  1.54011E-02
 1.15551E-02,  8.75088E-03,  6.72160E-03,  5.24501E-03,  4.15336E-03
 3.33909E-03,  2.72772E-03,  2.26502E-03,  1.91028E-03,  4.19881E-03
 4.19881E-03,  7.86431E-03,  7.86431E-03,  7.86431E-03,  7.86431E-03
 7.86431E-03,  7.86431E-03,  3.34713E-02,  3.31661E-02,  3.11880E-02
 2.62325E-02,  2.04437E-02,  1.54011E-02,  1.15551E-02,  8.75088E-03
 6.72160E-03,  5.24501E-03,  4.15336E-03,  3.33909E-03,  2.72772E-03
 2.26502E-03,  1.91028E-03,  4.19881E-03,  4.19881E-03,  7.86431E-03
 7.86431E-03,  7.86431E-03,  7.86431E-03,  7.86431E-03,  7.86431E-03
 3.34713E-02,  3.31661E-02,  3.11880E-02,  2.62325E-02,  2.04437E-02
 1.54011E-02,  1.15551E-02,  8.75088E-03,  6.72160E-03,  5.24501E-03
 4.15336E-03,  3.33909E-03,  2.72772E-03,  2.26502E-03,  1.91028E-03
 4.19881E-03,  4.19881E-03,  7.86431E-03,  7.86431E-03,  7.86431E-03
 7.86431E-03,  7.86431E-03,  7.86431E-03,  5.53619E-01,  1.74656E-01
 6.97743E-02,  3.14274E-02,  1.56833E-02,  8.69708E-03,  5.34495E-03
 3.58514E-03,  2.54628E-03,  1.88497E-03,  1.39335E-03,  1.01550E-03
 7.27134E-04,  5.13678E-04,  3.62652E-04,  5.68479E-04,  5.68479E-04
 5.82083E-04,  5.82083E-04,  5.82083E-04,  5.82083E-04,  5.82083E-04
 5.82083E-04,  5.53619E-01,  1.74656E-01,  6.97743E-02,  3.14274E-02
 1.56833E-02,  8.69708E-03,  5.34495E-03,  3.58514E-03,  2.54628E-03
 1.88497E-03,  1.39335E-03,  1.01550E-03,  7.27134E-04,  5.13678E-04
 3.62652E-04,  5.68479E-04,  5.68479E-04,  5.82083E-04,  5.82083E-04
 5.82083E-04,  5.82083E-04,  5.82083E-04,  5.82083E-04,  6.72541E-01
 1.58793E-01,  5.11215E-02,  1.93797E-02,  7.53598E-03,  3.46542E-03
 1.92340E-03,  1.24237E-03,  8.86417E-04,  6.33735E-04,  4.57240E-04
 3.29611E-04,  2.36551E-04,  1.68231E-04,  1.19426E-04,  1.77510E-04
 1.77510E-04,  2.05535E-04,  2.05535E-04,  2.05535E-04,  2.05535E-04
 2.05535E-04,  2.05535E-04,  1.92279E+00,  3.86415E-01,  1.03777E-01
 3.05708E-02,  1.03819E-02,  4.35241E-03,  2.17010E-03,  1.27404E-03
 8.38984E-04,  6.07768E-04,  4.41244E-04,  3.19842E-04,  2.31426E-04
 1.66382E-04,  1.19656E-04,  1.79291E-04,  1.79291E-04,  2.16175E-04
 2.16175E-04,  2.16175E-04,  2.16175E-04,  2.16175E-04,  2.16175E-04
 1.10169E+00,  5.40252E-01,  1.34822E-01,  3.75468E-02,  1.26310E-02
 5.07763E-03,  2.41247E-03,  1.34809E-03,  8.46974E-04,  5.86599E-04
 4.24902E-04,  3.11532E-04,  2.27406E-04,  1.65198E-04,  1.20004E-04
 1.82272E-04,  1.82272E-04,  2.27725E-04,  2.27725E-04,  2.27725E-04
 2.27725E-04,  2.27725E-04,  2.27725E-04,  1.74329E+00,  8.33285E-01
 1.62407E-01,  3.79502E-02,  1.36603E-02,  5.53211E-03,  2.62067E-03
 1.43657E-03,  8.73215E-04,  5.81900E-04,  4.14506E-04,  3.05317E-04
 2.24894E-04,  1.64845E-04,  1.20716E-04,  1.86482E-04,  1.86482E-04
 2.37259E-04,  2.37259E-04,  2.37259E-04,  2.37259E-04,  2.37259E-04
 2.37259E-04,  1.73231E+00,  8.82037E-01,  1.48206E-01,  3.52481E-02
 1.33323E-02,  5.68665E-03,  2.80082E-03,  1.54561E-03,  9.22818E-04
 5.95217E-04,  4.14208E-04,  3.02950E-04,  2.24651E-04,  1.65836E-04
 1.22154E-04,  1.93125E-04,  1.93125E-04,  2.47966E-04,  2.47966E-04
 2.47966E-04,  2.47966E-04,  2.47966E-04,  2.47966E-04,  2.04870E+00
 8.05476E-01,  1.52987E-01,  3.29139E-02,  1.23926E-02,  5.74413E-03
 2.98598E-03,  1.67863E-03,  9.94456E-04,  6.24364E-04,  4.23278E-04
 3.05103E-04,  2.26465E-04,  1.67974E-04,  1.24173E-04,  2.01859E-04
 2.01859E-04,  2.59066E-04,  2.59066E-04,  2.59066E-04,  2.59066E-04
 2.59066E-04,  2.59066E-04,  1.94688E+00,  8.39073E-01,  1.51365E-01
 3.13044E-02,  1.21640E-02,  6.00479E-03,  3.23487E-03,  1.84767E-03
 1.08956E-03,  6.69128E-04,  4.41921E-04,  3.12479E-04,  2.31090E-04
 1.71747E-04,  1.27145E-04,  2.13059E-04,  2.13059E-04,  2.70876E-04
 2.70876E-04,  2.70876E-04,  2.70876E-04,  2.70876E-04,  2.70876E-04
 2.06693E+00,  8.62941E-01,  1.58085E-01,  3.30248E-02,  1.31302E-02
 6.45585E-03,  3.57600E-03,  2.05688E-03,  1.20559E-03,  7.26936E-04
 4.67760E-04,  3.25249E-04,  2.38663E-04,  1.77308E-04,  1.31206E-04
 2.26672E-04,  2.26672E-04,  2.83356E-04,  2.83356E-04,  2.83356E-04
 2.83356E-04,  2.83356E-04,  2.83356E-04,  2.03879E+00,  9.02358E-01
 1.54198E-01,  3.34962E-02,  1.36812E-02,  7.00649E-03,  3.98991E-03
 2.29640E-03,  1.33368E-03,  7.90721E-04,  4.98397E-04,  3.42138E-04
 2.48777E-04,  1.84436E-04,  1.36233E-04,  2.42153E-04,  2.42153E-04
 2.96076E-04,  2.96076E-04,  2.96076E-04,  2.96076E-04,  2.96076E-04
 2.96076E-04,  2.22360E+00,  8.95417E-01,  1.62457E-01,  3.32537E-02
 1.41384E-02,  7.69033E-03,  4.45746E-03,  2.55529E-03,  1.46532E-03
 8.55252E-04,  5.34946E-04,  3.63072E-04,  2.61932E-04,  1.93591E-04
 1.42596E-04,  2.59810E-04,  2.59810E-04,  3.10035E-04,  3.10035E-04
 3.10035E-04,  3.10035E-04,  3.10035E-04,  3.10035E-04,  2.23926E+00
 9.19658E-01,  1.64006E-01,  3.56436E-02,  1.54767E-02,  8.53617E-03
 4.94262E-03,  2.80968E-03,  1.58424E-03,  9.21982E-04,  5.75883E-04
 3.87590E-04,  2.77812E-04,  2.04693E-04,  1.50324E-04,  2.79541E-04
 2.79541E-04,  3.25103E-04,  3.25103E-04,  3.25103E-04,  3.25103E-04
 3.25103E-04,  3.25103E-04,  2.10362E+00,  9.09187E-01,  1.73481E-01
 3.92593E-02,  1.73732E-02,  9.33960E-03,  5.38115E-03,  3.01879E-03
 1.68649E-03,  9.91313E-04,  6.18114E-04,  4.13871E-04,  2.95242E-04
 2.17011E-04,  1.58990E-04,  3.00433E-04,  3.00433E-04,  3.40146E-04
 3.40146E-04,  3.40146E-04,  3.40146E-04,  3.40146E-04,  3.40146E-04
 2.05008E+00,  8.91578E-01,  1.80248E-01,  4.26364E-02,  1.84592E-02
 9.91244E-03,  5.74950E-03,  3.18797E-03,  1.80038E-03,  1.06168E-03
 6.61686E-04,  4.41708E-04,  3.14198E-04,  2.30612E-04,  1.68701E-04
 3.22499E-04,  3.22499E-04,  3.55685E-04,  3.55685E-04,  3.55685E-04
 3.55685E-04,  3.55685E-04,  3.55685E-04,  2.00046E+00,  8.51926E-01
 1.82048E-01,  4.27646E-02,  1.84790E-02,  1.01455E-02,  6.00263E-03
 3.34926E-03,  1.91142E-03,  1.13165E-03,  7.05565E-04,  4.70527E-04
 3.34306E-04,  2.45283E-04,  1.79383E-04,  3.45575E-04,  3.45575E-04
 3.71522E-04,  3.71522E-04,  3.71522E-04,  3.71522E-04,  3.71522E-04
 3.71522E-04,  1.92114E+00,  8.42417E-01,  1.81611E-01,  4.03312E-02
 1.76395E-02,  1.01000E-02,  6.13076E-03,  3.49994E-03,  2.01228E-03
 1.19698E-03,  7.47740E-04,  4.99052E-04,  3.54691E-04,  2.60426E-04
 1.90644E-04,  3.68843E-04,  3.68843E-04,  3.87073E-04,  3.87073E-04
 3.87073E-04,  3.87073E-04,  3.87073E-04,  3.87073E-04,  2.25091E+00
 9.32317E-01,  1.88813E-01,  4.04186E-02,  1.74031E-02,  1.00178E-02
 6.22315E-03,  3.60189E-03,  2.10107E-03,  1.25904E-03,  7.89826E-04
 5.28404E-04,  3.76094E-04,  2.76570E-04,  2.02878E-04,  3.92956E-04
 3.92956E-04,  4.03660E-04,  4.03660E-04,  4.03660E-04,  4.03660E-04
 4.03660E-04,  4.03660E-04,  2.14666E+00,  9.67615E-01,  1.86033E-01
 4.24290E-02,  1.85483E-02,  1.03251E-02,  6.32232E-03,  3.68533E-03
 2.17753E-03,  1.31750E-03,  8.31657E-04,  5.58514E-04,  3.98438E-04
 2.93642E-04,  2.16133E-04,  4.18156E-04,  4.18156E-04,  4.20830E-04
 4.20830E-04,  4.20830E-04,  4.20830E-04,  4.20830E-04,  4.20830E-04
 2.56368E+00,  1.03513E+00,  1.89065E-01,  4.33161E-02,  1.97182E-02
 1.07466E-02,  6.38317E-03,  3.74343E-03,  2.23645E-03,  1.36802E-03
 8.70421E-04,  5.87496E-04,  4.20353E-04,  3.10613E-04,  2.29703E-04
 4.43210E-04,  4.43210E-04,  4.36994E-04,  4.36994E-04,  4.36994E-04
 4.36994E-04,  4.36994E-04,  4.36994E-04,  2.56398E+00,  1.02744E+00
 1.90406E-01,  4.22025E-02,  1.93143E-02,  1.08885E-02,  6.42413E-03
 3.78171E-03,  2.28297E-03,  1.41309E-03,  9.07437E-04,  6.16068E-04
 4.42220E-04,  3.27674E-04,  2.43716E-04,  4.68322E-04,  4.68322E-04
 4.52954E-04,  4.52954E-04,  4.52954E-04,  4.52954E-04,  4.52954E-04
 4.52954E-04,  2.21558E+00,  9.93895E-01,  1.87425E-01,  4.16693E-02
 1.95808E-02,  1.12510E-02,  6.56167E-03,  3.83287E-03,  2.32452E-03
 1.45429E-03,  9.42968E-04,  6.44185E-04,  4.63885E-04,  3.44602E-04
 2.58075E-04,  4.93390E-04,  4.93390E-04,  4.68344E-04,  4.68344E-04
 4.68344E-04,  4.68344E-04,  4.68344E-04,  4.68344E-04,  2.28661E+00
 9.49975E-01,  1.95783E-01,  4.52129E-02,  2.11354E-02,  1.20574E-02
 6.85592E-03,  3.91665E-03,  2.36476E-03,  1.49120E-03,  9.75927E-04
 6.70815E-04,  4.84439E-04,  3.61020E-04,  2.72324E-04,  5.17228E-04
 5.17228E-04,  4.82656E-04,  4.82656E-04,  4.82656E-04,  4.82656E-04
 4.82656E-04,  4.82656E-04,  2.47904E+00,  9.97989E-01,  2.00913E-01
 4.75501E-02,  2.27713E-02,  1.29936E-02,  7.27848E-03,  4.04545E-03
 2.41563E-03,  1.53065E-03,  1.01009E-03,  6.98171E-04,  5.05469E-04
 3.77955E-04,  2.87061E-04,  5.41144E-04,  5.41144E-04,  4.97778E-04
 4.97778E-04,  4.97778E-04,  4.97778E-04,  4.97778E-04,  4.97778E-04
 2.21649E+00,  1.04072E+00,  2.05994E-01,  4.90293E-02,  2.35304E-02
 1.37043E-02,  7.71847E-03,  4.19983E-03,  2.47716E-03,  1.57371E-03
 1.04581E-03,  7.26310E-04,  5.26984E-04,  3.95284E-04,  3.02243E-04
 5.65404E-04,  5.65404E-04,  5.12629E-04,  5.12629E-04,  5.12629E-04
 5.12629E-04,  5.12629E-04,  5.12629E-04,  2.71804E+00,  1.08309E+00
 2.11501E-01,  5.20718E-02,  2.41057E-02,  1.41010E-02,  8.04829E-03
 4.33398E-03,  2.53624E-03,  1.61516E-03,  1.07981E-03,  7.52842E-04
 5.47079E-04,  4.11629E-04,  3.16786E-04,  5.88086E-04,  5.88086E-04
 5.25218E-04,  5.25218E-04,  5.25218E-04,  5.25218E-04,  5.25218E-04
 5.25218E-04,  2.72289E+00,  1.07138E+00,  2.14423E-01,  5.32145E-02
 2.47889E-02,  1.43451E-02,  8.23261E-03,  4.42979E-03,  2.59216E-03
 1.65756E-03,  1.11397E-03,  7.78910E-04,  5.66311E-04,  4.27523E-04
 3.30977E-04,  6.09709E-04,  6.09709E-04,  5.36935E-04,  5.36935E-04
 5.36935E-04,  5.36935E-04,  5.36935E-04,  5.36935E-04,  2.59970E+00
 1.05003E+00,  2.12945E-01,  5.38853E-02,  2.51781E-02,  1.45931E-02
 8.29032E-03,  4.48503E-03,  2.64437E-03,  1.70108E-03,  1.14826E-03
 8.04402E-04,  5.85189E-04,  4.43050E-04,  3.44663E-04,  6.30124E-04
 6.30124E-04,  5.47283E-04,  5.47283E-04,  5.47283E-04,  5.47283E-04
 5.47283E-04,  5.47283E-04,  2.60719E+00,  1.04245E+00,  2.14526E-01
 5.53938E-02,  2.61783E-02,  1.47922E-02,  8.23055E-03,  4.50684E-03
 2.69299E-03,  1.74406E-03,  1.18102E-03,  8.28064E-04,  6.03438E-04
 4.57415E-04,  3.57045E-04,  6.48198E-04,  6.48198E-04,  5.56135E-04
 5.56135E-04,  5.56135E-04,  5.56135E-04,  5.56135E-04,  5.56135E-04
 2.64213E+00,  1.08389E+00,  2.15799E-01,  5.73455E-02,  2.68781E-02
 1.47151E-02,  8.11229E-03,  4.54183E-03,  2.75605E-03,  1.79381E-03
 1.21613E-03,  8.52602E-04,  6.21589E-04,  4.71593E-04,  3.69268E-04
 6.66073E-04,  6.66073E-04,  5.66232E-04,  5.66232E-04,  5.66232E-04
 5.66232E-04,  5.66232E-04,  5.66232E-04,  2.64154E+00,  1.10750E+00
 2.16010E-01,  5.86336E-02,  2.62440E-02,  1.43372E-02,  8.05481E-03
 4.63751E-03,  2.84413E-03,  1.85123E-03,  1.25318E-03,  8.77616E-04
 6.39746E-04,  4.85699E-04,  3.81433E-04,  6.83501E-04,  6.83501E-04
 5.79007E-04,  5.79007E-04,  5.79007E-04,  5.79007E-04,  5.79007E-04
 5.79007E-04,  3.38273E+00,  1.22024E+00,  2.29628E-01,  5.91945E-02
 2.63030E-02,  1.42802E-02,  8.21987E-03,  4.82142E-03,  2.95434E-03
 1.91035E-03,  1.28783E-03,  9.00079E-04,  6.55877E-04,  4.98190E-04
 3.92201E-04,  6.98372E-04,  6.98372E-04,  5.92437E-04,  5.92437E-04
 5.92437E-04,  5.92437E-04,  5.92437E-04,  5.92437E-04,  3.02560E+00
 1.28855E+00,  2.47568E-01,  6.47219E-02,  2.78519E-02,  1.49805E-02
 8.73532E-03,  5.11560E-03,  3.08867E-03,  1.97229E-03,  1.32151E-03
 9.21312E-04,  6.71105E-04,  5.09936E-04,  4.02136E-04,  7.12323E-04
 7.12323E-04,  6.05352E-04,  6.05352E-04,  6.05352E-04,  6.05352E-04
 6.05352E-04,  6.05352E-04,  3.88239E+00,  1.34667E+00,  2.73856E-01
 7.36640E-02,  2.98133E-02,  1.62148E-02,  9.54159E-03,  5.49103E-03
 3.23420E-03,  2.03308E-03,  1.35343E-03,  9.41393E-04,  6.85664E-04
 5.21105E-04,  4.11327E-04,  7.25237E-04,  7.25237E-04,  6.17679E-04
 6.17679E-04,  6.17679E-04,  6.17679E-04,  6.17679E-04,  6.17679E-04
 3.50257E+00,  1.32610E+00,  3.08820E-01,  8.41937E-02,  3.28497E-02
 1.77714E-02,  1.04428E-02,  5.86883E-03,  3.36536E-03,  2.08520E-03
 1.38106E-03,  9.59104E-04,  6.98685E-04,  5.30957E-04,  4.19142E-04
 7.36313E-04,  7.36313E-04,  6.27370E-04,  6.27370E-04,  6.27370E-04
 6.27370E-04,  6.27370E-04,  6.27370E-04,  3.59538E+00,  1.34777E+00
 3.38957E-01,  9.50061E-02,  3.61993E-02,  1.93378E-02,  1.12613E-02
 6.18402E-03,  3.47171E-03,  2.13167E-03,  1.40875E-03,  9.78112E-04
 7.12845E-04,  5.41437E-04,  4.27211E-04,  7.48324E-04,  7.48324E-04
 6.35745E-04,  6.35745E-04,  6.35745E-04,  6.35745E-04,  6.35745E-04
 6.35745E-04,  3.37180E+00,  1.28811E+00,  3.49702E-01,  9.61420E-02
 3.77804E-02,  2.05776E-02,  1.18758E-02,  6.37138E-03,  3.54198E-03
 2.17204E-03,  1.43794E-03,  9.99850E-04,  7.28999E-04,  5.53062E-04
 4.35955E-04,  7.60667E-04,  7.60667E-04,  6.44861E-04,  6.44861E-04
 6.44861E-04,  6.44861E-04,  6.44861E-04,  6.44861E-04,  4.13115E+00
 1.43591E+00,  3.69517E-01,  1.00020E-01,  3.82586E-02,  2.05292E-02
 1.19775E-02,  6.39700E-03,  3.56607E-03,  2.20321E-03,  1.46656E-03
 1.02239E-03,  7.45184E-04,  5.64144E-04,  4.43938E-04,  7.70810E-04
 7.70810E-04,  6.52484E-04,  6.52484E-04,  6.52484E-04,  6.52484E-04
 6.52484E-04,  6.52484E-04,  3.84304E+00,  1.57720E+00,  4.01229E-01
 1.04940E-01,  3.88734E-02,  2.03959E-02,  1.16160E-02,  6.28519E-03
 3.55996E-03,  2.23505E-03,  1.49934E-03,  1.04814E-03,  7.62545E-04
 5.75451E-04,  4.51822E-04,  7.80446E-04,  7.80446E-04,  6.58393E-04
 6.58393E-04,  6.58393E-04,  6.58393E-04,  6.58393E-04,  6.58393E-04
 4.61135E+00,  1.62724E+00,  3.88557E-01,  1.05633E-01,  3.91739E-02
 1.98028E-02,  1.10402E-02,  6.04120E-03,  3.54765E-03,  2.27639E-03
 1.53987E-03,  1.07694E-03,  7.80759E-04,  5.87498E-04,  4.59795E-04
 7.89662E-04,  7.89662E-04,  6.62943E-04,  6.62943E-04,  6.62943E-04
 6.62943E-04,  6.62943E-04,  6.62943E-04,  4.86356E+00,  1.61764E+00
 3.72057E-01,  1.03361E-01,  3.85847E-02,  1.92659E-02,  1.04617E-02
 5.79435E-03,  3.54999E-03,  2.33084E-03,  1.58599E-03,  1.10708E-03
 7.98542E-04,  5.98664E-04,  4.66812E-04,  7.97333E-04,  7.97333E-04
 6.64325E-04,  6.64325E-04,  6.64325E-04,  6.64325E-04,  6.64325E-04
 6.64325E-04,  5.43477E+00,  1.57079E+00,  3.68341E-01,  1.04219E-01
 3.82168E-02,  1.84466E-02,  9.86072E-03,  5.63990E-03,  3.61196E-03
 2.41152E-03,  1.64247E-03,  1.14120E-03,  8.17763E-04,  6.10420E-04
 4.74463E-04,  8.06222E-04,  8.06222E-04,  6.64480E-04,  6.64480E-04
 6.64480E-04,  6.64480E-04,  6.64480E-04,  6.64480E-04,  5.15154E+00
 1.63551E+00,  3.91493E-01,  1.11998E-01,  4.02278E-02,  1.83816E-02
 9.38013E-03,  5.67772E-03,  3.75867E-03,  2.53065E-03,  1.71811E-03
 1.18277E-03,  8.40687E-04,  6.24703E-04,  4.83623E-04,  8.16876E-04
 8.16876E-04,  6.64701E-04,  6.64701E-04,  6.64701E-04,  6.64701E-04
 6.64701E-04,  6.64701E-04,  6.13350E+00,  1.84611E+00,  4.08300E-01
 1.16768E-01,  4.19681E-02,  1.83259E-02,  9.64018E-03,  5.92368E-03
 3.96662E-03,  2.67179E-03,  1.81399E-03,  1.22754E-03,  8.64814E-04
 6.39422E-04,  4.92135E-04,  8.24658E-04,  8.24658E-04,  6.62551E-04
 6.62551E-04,  6.62551E-04,  6.62551E-04,  6.62551E-04,  6.62551E-04
 5.79027E+00,  1.92283E+00,  4.67914E-01,  1.24096E-01,  4.29261E-02
 1.88008E-02,  9.93894E-03,  6.29707E-03,  4.18770E-03,  2.79554E-03
 1.88095E-03,  1.26577E-03,  8.88952E-04,  6.52793E-04,  4.98848E-04
 8.26794E-04,  8.26794E-04,  6.58707E-04,  6.58707E-04,  6.58707E-04
 6.58707E-04,  6.58707E-04,  6.58707E-04,  6.34912E+00,  2.08543E+00
 5.39038E-01,  1.39379E-01,  4.55130E-02,  1.89987E-02,  1.02910E-02
 6.69008E-03,  4.34510E-03,  2.86594E-03,  1.89398E-03,  1.27527E-03
 8.94950E-04,  6.56374E-04,  4.99470E-04,  8.22893E-04,  8.22893E-04
 6.53758E-04,  6.53758E-04,  6.53758E-04,  6.53758E-04,  6.53758E-04
 6.53758E-04,  5.73863E+00,  1.86982E+00,  5.55776E-01,  1.50132E-01
 5.08445E-02,  2.01721E-02,  1.10839E-02,  6.94744E-03,  4.39730E-03
 2.89427E-03,  1.89067E-03,  1.25665E-03,  8.81704E-04,  6.48811E-04
 4.93497E-04,  8.15420E-04,  8.15420E-04,  6.46469E-04,  6.46469E-04
 6.46469E-04,  6.46469E-04,  6.46469E-04,  6.46469E-04,  5.19291E+00
 2.12981E+00,  5.82128E-01,  1.54479E-01,  5.31076E-02,  2.15389E-02
 1.17521E-02,  6.82476E-03,  4.41272E-03,  2.89430E-03,  1.88573E-03
 1.24856E-03,  8.74015E-04,  6.42695E-04,  4.89664E-04,  8.10610E-04
 8.10610E-04,  6.39048E-04,  6.39048E-04,  6.39048E-04,  6.39048E-04
 6.39048E-04,  6.39048E-04,  5.33111E+00,  2.04926E+00,  5.91981E-01
 1.57791E-01,  5.57679E-02,  2.21137E-02,  1.10652E-02,  6.76934E-03
 4.40607E-03,  2.86383E-03,  1.86613E-03,  1.23891E-03,  8.68690E-04
 6.39026E-04,  4.87624E-04,  8.07001E-04,  8.07001E-04,  6.32230E-04
 6.32230E-04,  6.32230E-04,  6.32230E-04,  6.32230E-04,  6.32230E-04
 6.13344E+00,  2.08247E+00,  6.29241E-01,  1.56864E-01,  5.50305E-02
 2.19728E-02,  1.10166E-02,  6.82666E-03,  4.34928E-03,  2.79421E-03
 1.82374E-03,  1.22082E-03,  8.61441E-04,  6.35208E-04,  4.85919E-04
 8.01092E-04,  8.01092E-04,  6.23917E-04,  6.23917E-04,  6.23917E-04
 6.23917E-04,  6.23917E-04,  6.23917E-04,  5.82262E+00,  2.95429E+00
 6.74337E-01,  1.42725E-01,  4.93507E-02,  2.08949E-02,  1.15041E-02
 6.78594E-03,  4.23814E-03,  2.70363E-03,  1.77579E-03,  1.20528E-03
 8.58877E-04,  6.35643E-04,  4.86751E-04,  7.96410E-04,  7.96410E-04
 6.15071E-04,  6.15071E-04,  6.15071E-04,  6.15071E-04,  6.15071E-04
 6.15071E-04,  6.14169E+00,  1.86562E+00,  4.75509E-01,  1.15940E-01
 4.35993E-02,  1.92774E-02,  1.07262E-02,  6.53627E-03,  4.08657E-03
 2.60841E-03,  1.73098E-03,  1.19482E-03,  8.61130E-04,  6.39962E-04
 4.90018E-04,  7.93325E-04,  7.93325E-04,  6.06030E-04,  6.06030E-04
 6.06030E-04,  6.06030E-04,  6.06030E-04,  6.06030E-04,  7.77124E+00
 1.88708E+00,  4.21377E-01,  1.13072E-01,  4.47223E-02,  1.82667E-02
 9.96726E-03,  6.16386E-03,  3.92547E-03,  2.52601E-03,  1.69902E-03
 1.19149E-03,  8.67506E-04,  6.47082E-04,  4.94699E-04,  7.91013E-04
 7.91013E-04,  5.95889E-04,  5.95889E-04,  5.95889E-04,  5.95889E-04
 5.95889E-04,  5.95889E-04,  4.23941E+00,  1.76028E+00,  4.04454E-01
 1.27782E-01,  4.66608E-02,  1.75021E-02,  8.92217E-03,  5.87874E-03
 3.79599E-03,  2.48392E-03,  1.69276E-03,  1.20025E-03,  8.80115E-04
 6.58246E-04,  5.01609E-04,  7.92613E-04,  7.92613E-04,  5.86686E-04
 5.86686E-04,  5.86686E-04,  5.86686E-04,  5.86686E-04,  5.86686E-04
 4.74568E+00,  1.64177E+00,  3.83308E-01,  1.14845E-01,  4.32510E-02
 1.62441E-02,  8.82866E-03,  5.53203E-03,  3.75262E-03,  2.48114E-03
 1.70525E-03,  1.21528E-03,  8.95451E-04,  6.70772E-04,  5.09661E-04
 7.96564E-04,  7.96564E-04,  5.78591E-04,  5.78591E-04,  5.78591E-04
 5.78591E-04,  5.78591E-04,  5.78591E-04,  3.80440E+00,  1.50459E+00
 3.23751E-01,  9.55182E-02,  3.67250E-02,  1.46359E-02,  8.04983E-03
 5.57865E-03,  3.75308E-03,  2.50801E-03,  1.72366E-03,  1.23014E-03
 9.09374E-04,  6.81476E-04,  5.16932E-04,  7.99606E-04,  7.99606E-04
 5.69799E-04,  5.69799E-04,  5.69799E-04,  5.69799E-04,  5.69799E-04
 5.69799E-04,  3.97703E+00,  1.45548E+00,  3.00740E-01,  8.94503E-02
 3.28092E-02,  1.37449E-02,  8.14221E-03,  5.73448E-03,  3.79469E-03
 2.56192E-03,  1.74379E-03,  1.24699E-03,  9.22944E-04,  6.90926E-04
 5.24003E-04,  8.03564E-04,  8.03564E-04,  5.61310E-04,  5.61310E-04
 5.61310E-04,  5.61310E-04,  5.61310E-04,  5.61310E-04,  4.62591E+00
 1.49594E+00,  3.25063E-01,  9.41361E-02,  3.27040E-02,  1.41691E-02
 8.84972E-03,  5.92901E-03,  3.87728E-03,  2.61810E-03,  1.76479E-03
 1.26431E-03,  9.34535E-04,  6.97435E-04,  5.30584E-04,  8.08193E-04
 8.08193E-04,  5.53249E-04,  5.53249E-04,  5.53249E-04,  5.53249E-04
 5.53249E-04,  5.53249E-04,  3.80149E+00,  1.65195E+00,  3.79007E-01
 1.10648E-01,  3.64945E-02,  1.57133E-02,  9.52463E-03,  6.19193E-03
 4.01220E-03,  2.64772E-03,  1.78791E-03,  1.27413E-03,  9.38915E-04
 7.00986E-04,  5.35436E-04,  8.12120E-04,  8.12120E-04,  5.44810E-04
 5.44810E-04,  5.44810E-04,  5.44810E-04,  5.44810E-04,  5.44810E-04
 6.63159E+00,  1.79501E+00,  4.28263E-01,  1.21612E-01,  4.12824E-02
 1.81246E-02,  1.03601E-02,  6.49903E-03,  4.16059E-03,  2.67529E-03
 1.81150E-03,  1.27706E-03,  9.39119E-04,  7.05100E-04,  5.39684E-04
 8.17805E-04,  8.17805E-04,  5.37592E-04,  5.37592E-04,  5.37592E-04
 5.37592E-04,  5.37592E-04,  5.37592E-04,  5.18141E+00,  2.12974E+00
 4.53843E-01,  1.17581E-01,  4.23847E-02,  1.92119E-02,  1.09969E-02
 6.83774E-03,  4.29482E-03,  2.72150E-03,  1.81810E-03,  1.27461E-03
 9.38134E-04,  7.08268E-04,  5.43217E-04,  8.24417E-04,  8.24417E-04
 5.31488E-04,  5.31488E-04,  5.31488E-04,  5.31488E-04,  5.31488E-04
 5.31488E-04,  8.89930E+00,  1.98741E+00,  4.70310E-01,  1.04322E-01
 4.01332E-02,  1.98243E-02,  1.15711E-02,  7.07431E-03,  4.38291E-03
 2.74239E-03,  1.80413E-03,  1.26330E-03,  9.32538E-04,  7.08076E-04
 5.44419E-04,  8.29003E-04,  8.29003E-04,  5.24944E-04,  5.24944E-04
 5.24944E-04,  5.24944E-04,  5.24944E-04,  5.24944E-04,  6.70870E+00
 2.31598E+00,  5.22660E-01,  9.69279E-02,  3.54369E-02,  1.85373E-02
 1.12973E-02,  7.08975E-03,  4.39444E-03,  2.72205E-03,  1.78357E-03
 1.24806E-03,  9.24496E-04,  7.05881E-04,  5.44169E-04,  8.32941E-04
 8.32941E-04,  5.18777E-04,  5.18777E-04,  5.18777E-04,  5.18777E-04
 5.18777E-04,  5.18777E-04,  3.31083E+00,  1.96821E+00,  4.77266E-01
 8.90533E-02,  3.39938E-02,  1.72850E-02,  1.06795E-02,  6.86343E-03
 4.32192E-03,  2.68479E-03,  1.76155E-03,  1.23078E-03,  9.14296E-04
 7.01673E-04,  5.42465E-04,  8.36127E-04,  8.36127E-04,  5.12947E-04
 5.12947E-04,  5.12947E-04,  5.12947E-04,  5.12947E-04,  5.12947E-04
 7.93441E+00,  1.45848E+00,  3.48974E-01,  8.22614E-02,  3.41529E-02
 1.68550E-02,  1.03749E-02,  6.67348E-03,  4.22838E-03,  2.65209E-03
 1.73887E-03,  1.21201E-03,  9.01321E-04,  6.94642E-04,  5.38562E-04
 8.37294E-04,  8.37294E-04,  5.06655E-04,  5.06655E-04,  5.06655E-04
 5.06655E-04,  5.06655E-04,  5.06655E-04,  2.59948E+00,  5.55932E-01
 2.65715E-01,  8.20761E-02,  3.51171E-02,  1.67230E-02,  1.01450E-02
 6.60101E-03,  4.16708E-03,  2.63115E-03,  1.72276E-03,  1.19688E-03
 8.89025E-04,  6.87080E-04,  5.34128E-04,  8.38879E-04,  8.38879E-04
 5.01163E-04,  5.01163E-04,  5.01163E-04,  5.01163E-04,  5.01163E-04
 5.01163E-04,  2.43450E+00,  6.22444E-01,  2.41199E-01,  8.00596E-02
 3.49115E-02,  1.71066E-02,  9.81985E-03,  6.41688E-03,  4.12130E-03
 2.61714E-03,  1.71109E-03,  1.18480E-03,  8.77053E-04,  6.78850E-04
 5.29134E-04,  8.40550E-04,  8.40550E-04,  4.96327E-04,  4.96327E-04
 4.96327E-04,  4.96327E-04,  4.96327E-04,  4.96327E-04,  1.17387E+00
 4.64269E-01,  1.99508E-01,  6.94640E-02,  3.43716E-02,  1.73856E-02
 9.60307E-03,  6.19222E-03,  4.05696E-03,  2.59921E-03,  1.69793E-03
 1.17266E-03,  8.62966E-04,  6.68265E-04,  5.22169E-04,  8.39787E-04
 8.39787E-04,  4.90831E-04,  4.90831E-04,  4.90831E-04,  4.90831E-04
 4.90831E-04,  4.90831E-04,  1.62473E+00,  4.37069E-01,  1.37742E-01
 5.74164E-02,  3.11678E-02,  1.71569E-02,  9.49527E-03,  5.97497E-03
 3.97791E-03,  2.58010E-03,  1.68516E-03,  1.16319E-03,  8.48638E-04
 6.56974E-04,  5.14290E-04,  8.37899E-04,  8.37899E-04,  4.85364E-04
 4.85364E-04,  4.85364E-04,  4.85364E-04,  4.85364E-04,  4.85364E-04
 1.43176E+00,  5.03625E-01,  1.36808E-01,  5.28657E-02,  2.91594E-02
 1.65991E-02,  9.22890E-03,  5.77309E-03,  3.88721E-03,  2.55923E-03
 1.67463E-03,  1.15038E-03,  8.35916E-04,  6.45251E-04,  5.05707E-04
 8.34952E-04,  8.34952E-04,  4.79866E-04,  4.79866E-04,  4.79866E-04
 4.79866E-04,  4.79866E-04,  4.79866E-04,  5.37662E-01,  3.26830E-01
 1.63014E-01,  5.89493E-02,  2.81670E-02,  1.59205E-02,  8.87667E-03
 5.54983E-03,  3.78327E-03,  2.53219E-03,  1.66462E-03,  1.13839E-03
 8.23618E-04,  6.32648E-04,  4.95927E-04,  8.29866E-04,  8.29866E-04
 4.73621E-04,  4.73621E-04,  4.73621E-04,  4.73621E-04,  4.73621E-04
 4.73621E-04,  6.40148E-01,  1.72232E-01,  1.39260E-01,  6.29624E-02
 2.86387E-02,  1.54547E-02,  8.53613E-03,  5.32960E-03,  3.68281E-03
 2.50739E-03,  1.65936E-03,  1.13159E-03,  8.14009E-04,  6.21294E-04
 4.86564E-04,  8.24833E-04,  8.24833E-04,  4.67697E-04,  4.67697E-04
 4.67697E-04,  4.67697E-04,  4.67697E-04,  4.67697E-04,  4.70038E-01
 1.71978E-01,  1.32242E-01,  6.36562E-02,  2.98909E-02,  1.53472E-02
 8.27070E-03,  5.13958E-03,  3.59596E-03,  2.48702E-03,  1.65834E-03
 1.12884E-03,  8.06789E-04,  6.11205E-04,  4.77665E-04,  8.19855E-04
 8.19855E-04,  4.62047E-04,  4.62047E-04,  4.62047E-04,  4.62047E-04
 4.62047E-04,  4.62047E-04,  9.05374E-01,  3.21259E-01,  1.40525E-01
 5.98152E-02,  3.04935E-02,  1.53297E-02,  8.08661E-03,  5.02625E-03
 3.52498E-03,  2.46607E-03,  1.65620E-03,  1.12611E-03,  7.99519E-04
 6.00796E-04,  4.68041E-04,  8.12934E-04,  8.12934E-04,  4.55646E-04
 4.55646E-04,  4.55646E-04,  4.55646E-04,  4.55646E-04,  4.55646E-04
 1.32358E+00,  3.87410E-01,  1.32931E-01,  5.37980E-02,  2.90648E-02
 1.53579E-02,  8.19698E-03,  5.04375E-03,  3.49055E-03,  2.45063E-03
 1.65507E-03,  1.12467E-03,  7.93349E-04,  5.91135E-04,  4.58585E-04
 8.05221E-04,  8.05221E-04,  4.49118E-04,  4.49118E-04,  4.49118E-04
 4.49118E-04,  4.49118E-04,  4.49118E-04,  1.30000E+00,  4.58044E-01
 1.26090E-01,  5.55907E-02,  3.07658E-02,  1.57165E-02,  8.49587E-03
 5.19399E-03,  3.49957E-03,  2.44247E-03,  1.65450E-03,  1.12406E-03
 7.88157E-04,  5.82309E-04,  4.49431E-04,  7.96842E-04,  7.96842E-04
 4.42454E-04,  4.42454E-04,  4.42454E-04,  4.42454E-04,  4.42454E-04
 4.42454E-04,  8.00717E-01,  3.43902E-01,  1.39239E-01,  6.08914E-02
 3.24538E-02,  1.64332E-02,  8.86338E-03,  5.42355E-03,  3.54232E-03
 2.43759E-03,  1.65143E-03,  1.12216E-03,  7.82633E-04,  5.73523E-04
 4.40048E-04,  7.86774E-04,  7.86774E-04,  4.35057E-04,  4.35057E-04
 4.35057E-04,  4.35057E-04,  4.35057E-04,  4.35057E-04,  1.30441E+00
 3.91792E-01,  1.50844E-01,  6.73817E-02,  3.34135E-02,  1.69849E-02
 9.27152E-03,  5.70197E-03,  3.61770E-03,  2.44174E-03,  1.65041E-03
 1.12201E-03,  7.78951E-04,  5.66421E-04,  4.31750E-04,  7.76942E-04
 7.76942E-04,  4.27822E-04,  4.27822E-04,  4.27822E-04,  4.27822E-04
 4.27822E-04,  4.27822E-04,  6.92114E-01,  2.75117E-01,  1.67442E-01
 7.17661E-02,  3.36920E-02,  1.72232E-02,  9.69556E-03,  5.99300E-03
 3.71233E-03,  2.45261E-03,  1.65117E-03,  1.12342E-03,  7.76986E-04
 5.60939E-04,  4.24547E-04,  7.67596E-04,  7.67596E-04,  4.20823E-04
 4.20823E-04,  4.20823E-04,  4.20823E-04,  4.20823E-04,  4.20823E-04
 6.28424E-01,  3.24008E-01,  1.83492E-01,  7.79065E-02,  3.34610E-02
 1.72869E-02,  1.01061E-02,  6.26036E-03,  3.80161E-03,  2.45959E-03
 1.64820E-03,  1.12283E-03,  7.74269E-04,  5.55352E-04,  4.17239E-04
 7.56957E-04,  7.56957E-04,  4.13285E-04,  4.13285E-04,  4.13285E-04
 4.13285E-04,  4.13285E-04,  4.13285E-04,  1.20581E+00,  4.25838E-01
 2.04509E-01,  8.11069E-02,  3.34722E-02,  1.74394E-02,  1.05185E-02
 6.49852E-03,  3.88003E-03,  2.46366E-03,  1.64367E-03,  1.12200E-03
 7.71897E-04,  5.50409E-04,  4.10444E-04,  7.45981E-04,  7.45981E-04
 4.05733E-04,  4.05733E-04,  4.05733E-04,  4.05733E-04,  4.05733E-04
 4.05733E-04,  8.87455E-01,  3.20765E-01,  1.86788E-01,  8.03031E-02
 3.30557E-02,  1.78583E-02,  1.08643E-02,  6.67719E-03,  3.93627E-03
 2.46194E-03,  1.63720E-03,  1.12132E-03,  7.69793E-04,  5.46000E-04
 4.04113E-04,  7.34738E-04,  7.34738E-04,  3.98177E-04,  3.98177E-04
 3.98177E-04,  3.98177E-04,  3.98177E-04,  3.98177E-04,  1.33747E+00
 4.10421E-01,  1.49511E-01,  7.16952E-02,  3.28415E-02,  1.78360E-02
 1.10886E-02,  6.75642E-03,  3.95421E-03,  2.44912E-03,  1.62637E-03
 1.11996E-03,  7.66685E-04,  5.41227E-04,  3.97577E-04,  7.22156E-04
 7.22156E-04,  3.90082E-04,  3.90082E-04,  3.90082E-04,  3.90082E-04
 3.90082E-04,  3.90082E-04,  1.43804E+00,  3.93804E-01,  1.47631E-01
 6.86009E-02,  3.27440E-02,  1.80154E-02,  1.12075E-02,  6.76185E-03
 3.92839E-03,  2.44499E-03,  1.62627E-03,  1.11913E-03,  7.65228E-04
 5.37718E-04,  3.92002E-04,  7.10150E-04,  7.10150E-04,  3.82185E-04
 3.82185E-04,  3.82185E-04,  3.82185E-04,  3.82185E-04,  3.82185E-04
 9.03163E-01,  3.27301E-01,  1.82593E-01,  7.45345E-02,  3.34101E-02
 1.79932E-02,  1.11776E-02,  6.70270E-03,  3.86422E-03,  2.43344E-03
 1.63327E-03,  1.12086E-03,  7.65373E-04,  5.35371E-04,  3.87254E-04
 6.98961E-04,  6.98961E-04,  3.74618E-04,  3.74618E-04,  3.74618E-04
 3.74618E-04,  3.74618E-04,  3.74618E-04,  6.65544E-01,  2.43228E-01
 2.02946E-01,  7.95370E-02,  3.38876E-02,  1.77609E-02,  1.09493E-02
 6.56403E-03,  3.82894E-03,  2.39956E-03,  1.64605E-03,  1.12238E-03
 7.64905E-04,  5.32395E-04,  3.82006E-04,  6.86668E-04,  6.86668E-04
 3.66724E-04,  3.66724E-04,  3.66724E-04,  3.66724E-04,  3.66724E-04
 3.66724E-04,  6.99403E-01,  2.42859E-01,  2.06105E-01,  7.89702E-02
 3.37535E-02,  1.74703E-02,  1.06644E-02,  6.39768E-03,  3.80616E-03
 2.40637E-03,  1.65519E-03,  1.12743E-03,  7.65143E-04,  5.29602E-04
 3.76809E-04,  6.74161E-04,  6.74161E-04,  3.58914E-04,  3.58914E-04
 3.58914E-04,  3.58914E-04,  3.58914E-04,  3.58914E-04,  7.16385E-01
 3.36368E-01,  1.84149E-01,  7.40633E-02,  3.32030E-02,  1.72556E-02
 1.03833E-02,  6.22275E-03,  3.77541E-03,  2.44955E-03,  1.65587E-03
 1.13796E-03,  7.65839E-04,  5.26900E-04,  3.71544E-04,  6.61435E-04
 6.61435E-04,  3.51178E-04,  3.51178E-04,  3.51178E-04,  3.51178E-04
 3.51178E-04,  3.51178E-04,  1.35327E+00,  4.22217E-01,  1.45307E-01
 6.82761E-02,  3.27297E-02,  1.71303E-02,  1.01630E-02,  6.06483E-03
 3.74184E-03,  2.49144E-03,  1.66936E-03,  1.14594E-03,  7.65946E-04
 5.23447E-04,  3.65637E-04,  6.47513E-04,  6.47513E-04,  3.43025E-04
 3.43025E-04,  3.43025E-04,  3.43025E-04,  3.43025E-04,  3.43025E-04
 7.33454E-01,  2.28757E-01,  1.26760E-01,  6.76780E-02,  3.24282E-02
 1.70893E-02,  9.90723E-03,  5.96632E-03,  3.73081E-03,  2.53555E-03
 1.70671E-03,  1.15121E-03,  7.67819E-04,  5.20900E-04,  3.60316E-04
 6.34332E-04,  6.34332E-04,  3.35101E-04,  3.35101E-04,  3.35101E-04
 3.35101E-04,  3.35101E-04,  3.35101E-04,  6.33722E-01,  2.07232E-01
 1.26153E-01,  6.51309E-02,  3.21810E-02,  1.68437E-02,  9.64674E-03
 5.87449E-03,  3.79754E-03,  2.59280E-03,  1.74709E-03,  1.15566E-03
 7.70719E-04,  5.18798E-04,  3.55292E-04,  6.21804E-04,  6.21804E-04
 3.27538E-04,  3.27538E-04,  3.27538E-04,  3.27538E-04,  3.27538E-04
 3.27538E-04,  7.06568E-01,  1.93658E-01,  1.05722E-01,  6.10426E-02
 3.16318E-02,  1.63689E-02,  9.44017E-03,  5.89945E-03,  3.89749E-03
 2.65814E-03,  1.76800E-03,  1.15817E-03,  7.71656E-04,  5.15162E-04
 3.49339E-04,  6.08042E-04,  6.08042E-04,  3.19767E-04,  3.19767E-04
 3.19767E-04,  3.19767E-04,  3.19767E-04,  3.19767E-04,  7.01154E-01
 1.90583E-01,  1.07633E-01,  6.02236E-02,  3.07047E-02,  1.62754E-02
 9.50072E-03,  6.05284E-03,  4.03337E-03,  2.71933E-03,  1.76571E-03
 1.16319E-03,  7.71598E-04,  5.10811E-04,  3.43209E-04,  5.94030E-04
 5.94030E-04,  3.12154E-04,  3.12154E-04,  3.12154E-04,  3.12154E-04
 3.12154E-04,  3.12154E-04,  7.49783E-01,  1.93780E-01,  1.19856E-01
 6.51602E-02,  3.21379E-02,  1.68183E-02,  9.87507E-03,  6.29083E-03
 4.17888E-03,  2.74905E-03,  1.75045E-03,  1.17241E-03,  7.69916E-04
 5.05564E-04,  3.36908E-04,  5.79749E-04,  5.79749E-04,  3.04707E-04
 3.04707E-04,  3.04707E-04,  3.04707E-04,  3.04707E-04,  3.04707E-04
 8.89489E-01,  2.45469E-01,  1.45655E-01,  7.52511E-02,  3.50686E-02
 1.78338E-02,  1.02949E-02,  6.53469E-03,  4.26687E-03,  2.72196E-03
 1.75800E-03,  1.17985E-03,  7.65265E-04,  4.98831E-04,  3.30247E-04
 5.64588E-04,  5.64588E-04,  2.97013E-04,  2.97013E-04,  2.97013E-04
 2.97013E-04,  2.97013E-04,  2.97013E-04,  1.71821E+00,  4.51051E-01
 1.79146E-01,  7.90049E-02,  3.61391E-02,  1.83551E-02,  1.05740E-02
 6.66971E-03,  4.25757E-03,  2.71554E-03,  1.79963E-03,  1.18367E-03
 7.59867E-04,  4.92309E-04,  3.24505E-04,  5.50197E-04,  5.50197E-04
 2.89629E-04,  2.89629E-04,  2.89629E-04,  2.89629E-04,  2.89629E-04
 2.89629E-04,  1.15308E+00,  4.11560E-01,  2.10950E-01,  8.17000E-02
 3.50050E-02,  1.78118E-02,  1.05309E-02,  6.69866E-03,  4.26941E-03
 2.75433E-03,  1.83264E-03,  1.18201E-03,  7.52451E-04,  4.85344E-04
 3.19310E-04,  5.36176E-04,  5.36176E-04,  2.82732E-04,  2.82732E-04
 2.82732E-04,  2.82732E-04,  2.82732E-04,  2.82732E-04,  1.98089E+00
 4.76556E-01,  2.50774E-01,  8.60608E-02,  3.42347E-02,  1.71754E-02
 1.03070E-02,  6.64833E-03,  4.32115E-03,  2.82466E-03,  1.83562E-03
 1.16945E-03,  7.40288E-04,  4.76505E-04,  3.13841E-04,  5.21237E-04
 5.21237E-04,  2.75909E-04,  2.75909E-04,  2.75909E-04,  2.75909E-04
 2.75909E-04,  2.75909E-04,  1.72974E+00,  4.43209E-01,  2.87256E-01
 9.05819E-02,  3.49536E-02,  1.72796E-02,  1.02408E-02,  6.61562E-03
 4.32341E-03,  2.81787E-03,  1.81282E-03,  1.14777E-03,  7.25338E-04
 4.67228E-04,  3.09015E-04,  5.06449E-04,  5.06449E-04,  2.69468E-04
 2.69468E-04,  2.69468E-04,  2.69468E-04,  2.69468E-04,  2.69468E-04
 5.41199E+00,  1.02183E+00,  3.05201E-01,  9.79818E-02,  3.77731E-02
 1.74802E-02,  9.93025E-03,  6.37599E-03,  4.19545E-03,  2.74943E-03
 1.76830E-03,  1.11875E-03,  7.08306E-04,  4.57872E-04,  3.04905E-04
 4.91852E-04,  4.91852E-04,  2.63435E-04,  2.63435E-04,  2.63435E-04
 2.63435E-04,  2.63435E-04,  2.63435E-04,  2.48923E+00,  1.23644E+00
 3.55279E-01,  1.14054E-01,  4.18928E-02,  1.75998E-02,  9.37521E-03
 5.94095E-03,  3.99943E-03,  2.64099E-03,  1.70510E-03,  1.08262E-03
 6.89252E-04,  4.48478E-04,  3.01390E-04,  4.77068E-04,  4.77068E-04
 2.57344E-04,  2.57344E-04,  2.57344E-04,  2.57344E-04,  2.57344E-04
 2.57344E-04,  2.57851E+00,  1.39797E+00,  4.17093E-01,  1.26342E-01
 4.37200E-02,  1.69573E-02,  8.79329E-03,  5.63369E-03,  3.79392E-03
 2.52093E-03,  1.63501E-03,  1.04495E-03,  6.71124E-04,  4.40603E-04
 2.99338E-04,  4.63160E-04,  4.63160E-04,  2.51618E-04,  2.51618E-04
 2.51618E-04,  2.51618E-04,  2.51618E-04,  2.51618E-04,  5.58642E+00
 1.24290E+00,  3.44508E-01,  1.22630E-01,  4.02700E-02,  1.55266E-02
 8.27765E-03,  5.39114E-03,  3.60566E-03,  2.40455E-03,  1.56252E-03
 1.00726E-03,  6.53996E-04,  4.33879E-04,  2.98357E-04,  4.50005E-04
 4.50005E-04,  2.46610E-04,  2.46610E-04,  2.46610E-04,  2.46610E-04
 2.46610E-04,  2.46610E-04,  2.24086E+00,  6.16905E-01,  2.82314E-01
 1.03591E-01,  3.42789E-02,  1.42477E-02,  8.16681E-03,  5.35563E-03
 3.50325E-03,  2.28542E-03,  1.48604E-03,  9.68294E-04,  6.36824E-04
 4.27382E-04,  2.97505E-04,  4.36887E-04,  4.36887E-04,  2.41904E-04
 2.41904E-04,  2.41904E-04,  2.41904E-04,  2.41904E-04,  2.41904E-04
 1.93905E+00,  5.22274E-01,  2.32978E-01,  8.55367E-02,  3.04063E-02
 1.41705E-02,  8.98223E-03,  5.55484E-03,  3.45652E-03,  2.16737E-03
 1.41198E-03,  9.31975E-04,  6.21561E-04,  4.21905E-04,  2.96909E-04
 4.24394E-04,  4.24394E-04,  2.37601E-04,  2.37601E-04,  2.37601E-04
 2.37601E-04,  2.37601E-04,  2.37601E-04,  1.71718E+00,  4.43262E-01
 2.04243E-01,  7.76147E-02,  3.00266E-02,  1.62958E-02,  1.05395E-02
 5.91875E-03,  3.35973E-03,  2.05114E-03,  1.34367E-03,  8.99822E-04
 6.08380E-04,  4.17071E-04,  2.95906E-04,  4.12323E-04,  4.12323E-04
 2.33666E-04,  2.33666E-04,  2.33666E-04,  2.33666E-04,  2.33666E-04
 2.33666E-04,  2.04815E+00,  5.23317E-01,  2.24091E-01,  8.14894E-02
 3.57418E-02,  2.02482E-02,  1.13601E-02,  6.01651E-03,  3.25185E-03
 1.94292E-03,  1.28008E-03,  8.71260E-04,  5.96032E-04,  4.11679E-04
 2.93459E-04,  3.99459E-04,  3.99459E-04,  2.29387E-04,  2.29387E-04
 2.29387E-04,  2.29387E-04,  2.29387E-04,  2.29387E-04,  1.01099E+00
 6.53589E-01,  3.47993E-01,  1.20910E-01,  4.97046E-02,  2.29377E-02
 1.16614E-02,  6.00388E-03,  3.09514E-03,  1.84875E-03,  1.22775E-03
 8.48096E-04,  5.85093E-04,  4.06134E-04,  2.90231E-04,  3.86172E-04
 3.86172E-04,  2.25202E-04,  2.25202E-04,  2.25202E-04,  2.25202E-04
 2.25202E-04,  2.25202E-04,  1.18601E+00,  6.08094E-01,  3.37777E-01
 1.33635E-01,  5.17346E-02,  2.20921E-02,  1.10311E-02,  5.38610E-03
 2.88253E-03,  1.76192E-03,  1.18890E-03,  8.28053E-04,  5.74106E-04
 3.99757E-04,  2.86636E-04,  3.72149E-04,  3.72149E-04,  2.21282E-04
 2.21282E-04,  2.21282E-04,  2.21282E-04,  2.21282E-04,  2.21282E-04
 2.37001E+00,  6.44807E-01,  2.58116E-01,  1.06328E-01,  4.19153E-02
 1.82150E-02,  9.29215E-03,  4.97801E-03,  2.69233E-03,  1.68584E-03
 1.15316E-03,  8.05326E-04,  5.59575E-04,  3.90998E-04,  2.82285E-04
 3.57145E-04,  3.57145E-04,  2.17210E-04,  2.17210E-04,  2.17210E-04
 2.17210E-04,  2.17210E-04,  2.17210E-04,  1.68483E+00,  8.40065E-01
 2.59409E-01,  8.63768E-02,  3.65952E-02,  1.50185E-02,  7.71538E-03
 4.41210E-03,  2.55555E-03,  1.62414E-03,  1.11080E-03,  7.77508E-04
 5.41932E-04,  3.81136E-04,  2.77892E-04,  3.43205E-04,  3.43205E-04
 2.13276E-04,  2.13276E-04,  2.13276E-04,  2.13276E-04,  2.13276E-04
 2.13276E-04,  2.46607E+00,  4.35212E-01,  1.94500E-01,  9.14833E-02
 3.46698E-02,  1.33777E-02,  6.71106E-03,  3.87960E-03,  2.38359E-03
 1.56068E-03,  1.07434E-03,  7.50176E-04,  5.24217E-04,  3.71448E-04
 2.73618E-04,  3.29825E-04,  3.29825E-04,  2.09509E-04,  2.09509E-04
 2.09509E-04,  2.09509E-04,  2.09509E-04,  2.09509E-04,  2.40399E+00
 5.55221E-01,  2.86627E-01,  8.95490E-02,  3.21129E-02,  1.30679E-02
 6.18526E-03,  3.53527E-03,  2.23380E-03,  1.49777E-03,  1.03772E-03
 7.24361E-04,  5.06377E-04,  3.60542E-04,  2.67715E-04,  3.15978E-04
 3.15978E-04,  2.05364E-04,  2.05364E-04,  2.05364E-04,  2.05364E-04
 2.05364E-04,  2.05364E-04,  6.15856E+00,  1.55113E+00,  3.91551E-01
 9.56341E-02,  2.80237E-02,  1.16294E-02,  5.64860E-03,  3.24957E-03
 2.09385E-03,  1.42664E-03,  9.93959E-04,  6.94819E-04,  4.86649E-04
 3.48194E-04,  2.60433E-04,  3.02207E-04,  3.02207E-04,  2.01260E-04
 2.01260E-04,  2.01260E-04,  2.01260E-04,  2.01260E-04,  2.01260E-04
 3.61915E+00,  1.92499E+00,  4.26239E-01,  1.16035E-01,  2.98158E-02
 1.01274E-02,  4.91425E-03,  2.91401E-03,  1.92761E-03,  1.33561E-03
 9.38635E-04,  6.59547E-04,  4.64329E-04,  3.34578E-04,  2.52434E-04
 2.88914E-04,  2.88914E-04,  1.97471E-04,  1.97471E-04,  1.97471E-04
 1.97471E-04,  1.97471E-04,  1.97471E-04,  5.09412E+00,  2.28933E+00
 4.57142E-01,  1.26213E-01,  3.61614E-02,  1.09895E-02,  4.50925E-03
 2.57931E-03,  1.73159E-03,  1.22001E-03,  8.68108E-04,  6.16012E-04
 4.37620E-04,  3.18437E-04,  2.42794E-04,  2.75092E-04,  2.75092E-04
 1.93282E-04,  1.93282E-04,  1.93282E-04,  1.93282E-04,  1.93282E-04
 1.93282E-04,  5.46161E+00,  2.17450E+00,  4.11302E-01,  1.16675E-01
 4.04797E-02,  1.31532E-02,  4.71397E-03,  2.37400E-03,  1.54684E-03
 1.09443E-03,  7.87803E-04,  5.66216E-04,  4.07220E-04,  2.99983E-04
 2.31438E-04,  2.60686E-04,  2.60686E-04,  1.88648E-04,  1.88648E-04
 1.88648E-04,  1.88648E-04,  1.88648E-04,  1.88648E-04,  7.52333E+00
 2.86382E+00,  4.65425E-01,  9.47242E-02,  3.94032E-02,  1.47308E-02
 5.15872E-03,  2.31763E-03,  1.40849E-03,  9.76181E-04,  7.04595E-04
 5.12660E-04,  3.74075E-04,  2.79620E-04,  2.18569E-04,  2.45721E-04
 2.45721E-04,  1.83544E-04,  1.83544E-04,  1.83544E-04,  1.83544E-04
 1.83544E-04,  1.83544E-04,  5.64905E+00,  4.08477E+00,  4.71866E-01
 7.67229E-02,  3.38560E-02,  1.49041E-02,  5.43156E-03,  2.33340E-03
 1.32488E-03,  8.78182E-04,  6.24901E-04,  4.57531E-04,  3.38612E-04
 2.57169E-04,  2.03769E-04,  2.29487E-04,  2.29487E-04,  1.77447E-04
 1.77447E-04,  1.77447E-04,  1.77447E-04,  1.77447E-04,  1.77447E-04
 1.07281E+01,  2.38468E+00,  4.33876E-01,  5.85285E-02,  2.78492E-02
 1.36246E-02,  5.38989E-03,  2.35424E-03,  1.28920E-03,  8.09918E-04
 5.57177E-04,  4.05937E-04,  3.03798E-04,  2.34476E-04,  1.88343E-04
 2.13073E-04,  2.13073E-04,  1.71085E-04,  1.71085E-04,  1.71085E-04
 1.71085E-04,  1.71085E-04,  1.71085E-04,  9.85657E+00,  2.64423E+00
 3.11578E-01,  4.67353E-02,  2.27382E-02,  1.14729E-02,  5.03589E-03
 2.35739E-03,  1.28796E-03,  7.70888E-04,  5.04567E-04,  3.60477E-04
 2.71391E-04,  2.12760E-04,  1.73231E-04,  1.97126E-04,  1.97126E-04
 1.64805E-04,  1.64805E-04,  1.64805E-04,  1.64805E-04,  1.64805E-04
 1.64805E-04,  5.68998E+00,  2.10184E+00,  2.53309E-01,  3.96280E-02
 1.89976E-02,  9.26800E-03,  4.40804E-03,  2.35642E-03,  1.32026E-03
 7.57706E-04,  4.66731E-04,  3.21574E-04,  2.41378E-04,  1.91681E-04
 1.57900E-04,  1.80672E-04,  1.80672E-04,  1.57811E-04,  1.57811E-04
 1.57811E-04,  1.57811E-04,  1.57811E-04,  1.57811E-04,  8.26074E+00
 2.35427E+00,  2.30397E-01,  4.34381E-02,  1.72673E-02,  8.06499E-03
 3.91790E-03,  2.25770E-03,  1.35544E-03,  7.74301E-04,  4.43989E-04
 2.91169E-04,  2.15058E-04,  1.72084E-04,  1.42862E-04,  1.63975E-04
 1.63975E-04,  1.50308E-04,  1.50308E-04,  1.50308E-04,  1.50308E-04
 1.50308E-04,  1.50308E-04,  4.12854E+00,  2.02757E+00,  2.65292E-01
 5.18870E-02,  1.68772E-02,  7.21973E-03,  3.69033E-03,  2.15647E-03
 1.34175E-03,  7.88414E-04,  4.38266E-04,  2.68805E-04,  1.93122E-04
 1.54515E-04,  1.28569E-04,  1.47273E-04,  1.47273E-04,  1.42444E-04
 1.42444E-04,  1.42444E-04,  1.42444E-04,  1.42444E-04,  1.42444E-04
 4.75828E+00,  2.01670E+00,  2.91114E-01,  4.99798E-02,  1.45486E-02
 6.37592E-03,  3.52410E-03,  2.13658E-03,  1.29912E-03,  7.80063E-04
 4.40169E-04,  2.53050E-04,  1.75189E-04,  1.38848E-04,  1.14976E-04
 1.30321E-04,  1.30321E-04,  1.33973E-04,  1.33973E-04,  1.33973E-04
 1.33973E-04,  1.33973E-04,  1.33973E-04,  9.92641E-01,  1.64998E+00
 2.08556E-01,  2.92191E-02,  1.05647E-02,  5.54266E-03,  3.39752E-03
 2.13687E-03,  1.29140E-03,  7.54156E-04,  4.37118E-04,  2.43534E-04
 1.60915E-04,  1.25432E-04,  1.02681E-04,  1.13808E-04,  1.13808E-04
 1.25555E-04,  1.25555E-04,  1.25555E-04,  1.25555E-04,  1.25555E-04
 1.25555E-04,  3.47632E+00,  7.91622E-01,  5.96621E-02,  1.56937E-02
 7.82262E-03,  4.81632E-03,  3.26118E-03,  2.13696E-03,  1.29966E-03
 7.38855E-04,  4.22287E-04,  2.36529E-04,  1.49037E-04,  1.12474E-04
 9.10045E-05,  9.83684E-05,  9.83684E-05,  1.18650E-04,  1.18650E-04
 1.18650E-04,  1.18650E-04,  1.18650E-04,  1.18650E-04,  7.74060E-01
 4.96028E-02,  3.24415E-02,  1.43026E-02,  6.12334E-03,  4.14613E-03
 3.08416E-03,  2.08649E-03,  1.30066E-03,  7.34049E-04,  4.07814E-04
 2.34308E-04,  1.45064E-04,  1.09273E-04,  8.92935E-05,  9.36984E-05
 9.36984E-05,  1.25007E-04,  1.25007E-04,  1.25007E-04,  1.25007E-04
 1.25007E-04,  1.25007E-04,  7.55803E-01,  2.13950E-01,  8.01924E-02
 2.95234E-02,  1.14021E-02,  7.62642E-03,  6.71760E-03,  5.42868E-03
 3.91579E-03,  2.56234E-03,  1.55177E-03,  9.89115E-04,  7.12677E-04
 6.30001E-04,  6.41230E-04,  8.42647E-04,  8.42647E-04,  1.19485E-03
 1.19485E-03,  1.19485E-03,  1.19485E-03,  1.19485E-03,  1.19485E-03
 7.55803E-01,  2.13950E-01,  8.01924E-02,  2.95234E-02,  1.14021E-02
 7.62642E-03,  6.71760E-03,  5.42868E-03,  3.91579E-03,  2.56234E-03
 1.55177E-03,  9.89115E-04,  7.12677E-04,  6.30001E-04,  6.41230E-04
 8.42647E-04,  8.42647E-04,  1.19485E-03,  1.19485E-03,  1.19485E-03
 1.19485E-03,  1.19485E-03,  1.19485E-03,  2.44970E-02,  2.74237E-02
 2.60563E-02,  2.00191E-02,  1.38690E-02,  9.67610E-03,  7.34716E-03
 6.12729E-03,  5.31401E-03,  4.59468E-03,  3.91047E-03,  3.28643E-03
 2.76860E-03,  2.34561E-03,  2.00373E-03,  4.52493E-03,  4.52493E-03
 6.79794E-03,  6.79794E-03,  6.79794E-03,  6.79794E-03,  6.79794E-03
 6.79794E-03,  2.44970E-02,  2.74237E-02,  2.60563E-02,  2.00191E-02
 1.38690E-02,  9.67610E-03,  7.34716E-03,  6.12729E-03,  5.31401E-03
 4.59468E-03,  3.91047E-03,  3.28643E-03,  2.76860E-03,  2.34561E-03
 2.00373E-03,  4.52493E-03,  4.52493E-03,  6.79794E-03,  6.79794E-03
 6.79794E-03,  6.79794E-03,  6.79794E-03,  6.79794E-03,  2.44970E-02
 2.74237E-02,  2.60563E-02,  2.00191E-02,  1.38690E-02,  9.67610E-03
 7.34716E-03,  6.12729E-03,  5.31401E-03,  4.59468E-03,  3.91047E-03
 3.28643E-03,  2.76860E-03,  2.34561E-03,  2.00373E-03,  4.52493E-03
 4.52493E-03,  6.79794E-03,  6.79794E-03,  6.79794E-03,  6.79794E-03
 6.79794E-03,  6.79794E-03,  2.44970E-02,  2.74237E-02,  2.60563E-02
 2.00191E-02,  1.38690E-02,  9.67610E-03,  7.34716E-03,  6.12729E-03
 5.31401E-03,  4.59468E-03,  3.91047E-03,  3.28643E-03,  2.76860E-03
 2.34561E-03,  2.00373E-03,  4.52493E-03,  4.52493E-03,  6.79794E-03
 6.79794E-03,  6.79794E-03,  6.79794E-03,  6.79794E-03,  6.79794E-03
 2.44970E-02,  2.74237E-02,  2.60563E-02,  2.00191E-02,  1.38690E-02
 9.67610E-03,  7.34716E-03,  6.12729E-03,  5.31401E-03,  4.59468E-03
 3.91047E-03,  3.28643E-03,  2.76860E-03,  2.34561E-03,  2.00373E-03
 4.52493E-03,  4.52493E-03,  6.79794E-03,  6.79794E-03,  6.79794E-03
 6.79794E-03,  6.79794E-03,  6.79794E-03,  2.44970E-02,  2.74237E-02
 2.60563E-02,  2.00191E-02,  1.38690E-02,  9.67610E-03,  7.34716E-03
 6.12729E-03,  5.31401E-03,  4.59468E-03,  3.91047E-03,  3.28643E-03
 2.76860E-03,  2.34561E-03,  2.00373E-03,  4.52493E-03,  4.52493E-03
 6.79794E-03,  6.79794E-03,  6.79794E-03,  6.79794E-03,  6.79794E-03
 6.79794E-03

;------ Iteration  3
;-Index  V/I_Meas      V/I_Calc    VI_%ERR
  1,    2.07243E+01,   1.11635E+01,  -46.13
  2,    2.56875E+00,   7.74828E-01,  -69.84
  3,    1.24840E+00,   3.57258E-01,  -71.38
  4,    9.38865E-02,   1.74269E-01,  85.62
  5,    1.51760E-01,   9.87303E-02,  -34.94
  6,    9.01102E-02,   6.91462E-02,  -23.26
  7,    2.51083E+01,   1.07046E+01,  -57.37
  8,    6.05705E+00,   2.69276E+00,  -55.54
  9,    2.62075E+00,   9.29717E-01,  -64.52
  10,    1.10857E+00,   3.09762E-01,  -72.06
  11,    1.39745E-01,   6.53962E-02,  -53.20
  12,    8.66431E-02,   3.37378E-02,  -61.06
  13,    3.66935E-02,   1.39856E-01,  281.15
  14,    2.42305E-01,   1.47848E-01,  -38.98
  15,    1.08723E-01,   9.88146E-02,  -9.11
  16,    6.45944E-02,   6.76659E-02,  4.76
  17,    3.79840E-02,   3.88236E-02,  2.21
  18,    2.77012E-02,   2.92175E-02,  5.47
  19,    2.10235E+01,   2.19652E+01,  4.48
  20,    5.51175E+00,   5.75828E+00,  4.47
  21,    2.10442E+00,   1.51020E+00,  -28.24
  22,    8.42778E-01,   4.91601E-01,  -41.67
  23,    1.23720E-01,   7.16442E-02,  -42.09
  24,    8.03241E-02,   6.60882E-02,  -17.72
  25,    2.18757E-01,   1.65950E-01,  -24.14
  26,    1.03491E-01,   9.98602E-02,  -3.51
  27,    5.92737E-02,   5.95140E-02,  0.41
  28,    3.80062E-02,   3.56916E-02,  -6.09
  29,    2.69831E-02,   2.60081E-02,  -3.61
  30,    4.16334E-02,   4.55470E-02,  9.40
  31,    3.13011E-02,   3.34756E-02,  6.95
  32,    2.56430E-02,   2.72122E-02,  6.12
  33,    2.12077E+01,   2.18080E+01,  2.83
  34,    5.34089E+00,   4.39963E+00,  -17.62
  35,    1.90316E+00,   1.18111E+00,  -37.94
  36,    7.61439E-01,   6.37713E-01,  -16.25
  37,    1.40548E-01,   1.09957E-01,  -21.77
  38,    7.82689E-02,   7.06238E-02,  -9.77
  39,    2.08930E-01,   2.10031E-01,  0.53
  40,    1.10353E-01,   1.27020E-01,  15.10
  41,    5.87669E-02,   6.43063E-02,  9.43
  42,    4.03443E-02,   4.40675E-02,  9.23
  43,    2.84742E-02,   3.04729E-02,  7.02
  44,    4.56410E-02,   4.57992E-02,  0.35
  45,    3.47810E-02,   3.40314E-02,  -2.16
  46,    2.67499E-02,   2.57744E-02,  -3.65
  47,    4.41874E-02,   4.57522E-02,  3.54
  48,    2.76329E-02,   2.79938E-02,  1.31
  49,    2.43151E-02,   2.36581E-02,  -2.70
  50,    2.33259E+01,   1.57504E+01,  -32.48
  51,    4.91551E+00,   2.87874E+00,  -41.44
  52,    1.71542E+00,   1.26648E+00,  -26.17
  53,    7.63683E-01,   5.70998E-01,  -25.23
  54,    1.34355E-01,   9.84649E-02,  -26.71
  55,    8.57191E-02,   7.92186E-02,  -7.58
  56,    2.89493E-02,   1.90995E-01,  559.76
  57,    2.31722E-01,   2.34475E-01,  1.19
  58,    1.18091E-01,   1.27547E-01,  8.01
  59,    6.76859E-02,   6.95001E-02,  2.68
  60,    4.56516E-02,   4.75829E-02,  4.23
  61,    3.30751E-02,   3.45545E-02,  4.47
  62,    5.05039E-02,   5.19960E-02,  2.95
  63,    3.83803E-02,   3.95853E-02,  3.14
  64,    2.78508E-02,   2.87761E-02,  3.32
  65,    4.45802E-02,   4.36346E-02,  -2.12
  66,    2.72002E-02,   2.59410E-02,  -4.63
  67,    2.78031E-02,   2.49453E-02,  -10.28
  68,    3.00666E-02,   2.56271E-02,  -14.77
  69,    2.17111E-02,   1.73762E-02,  -19.97
  70,    2.51867E+01,   1.61713E+01,  -35.79
  71,    4.91285E+00,   4.63163E+00,  -5.72
  72,    1.79343E+00,   1.68070E+00,  -6.29
  73,    8.39700E-01,   4.27502E-01,  -49.09
  74,    1.49670E-01,   3.13764E-01,  109.64
  75,    1.47258E-01,   1.38164E-01,  -6.18
  76,    9.33280E-02,   9.25509E-02,  -0.83
  77,    2.58679E-01,   2.67002E-01,  3.22
  78,    1.22031E-01,   1.21618E-01,  -0.34
  79,    7.54422E-02,   7.69622E-02,  2.01
  80,    5.03819E-02,   5.04747E-02,  0.18
  81,    3.87900E-02,   4.01216E-02,  3.43
  82,    5.76154E-02,   5.84786E-02,  1.50
  83,    4.36995E-02,   4.47325E-02,  2.36
  84,    3.19190E-02,   3.23078E-02,  1.22
  85,    4.86561E-02,   4.90782E-02,  0.87
  86,    3.01298E-02,   3.06215E-02,  1.63
  87,    2.91209E-02,   2.69271E-02,  -7.53
  88,    3.00144E-02,   2.47314E-02,  -17.60
  89,    2.13417E-02,   1.65296E-02,  -22.55
  90,    2.58147E-02,   2.04295E-02,  -20.86
  91,    1.98618E-02,   1.59673E-02,  -19.61
  92,    5.35987E+00,   5.47573E+00,  2.16
  93,    2.08741E+00,   1.02772E+00,  -50.77
  94,    1.02678E+00,   6.42217E-01,  -37.45
  95,    1.87425E-01,   3.39811E-01,  81.30
  96,    1.72181E-01,   1.54375E-01,  -10.34
  97,    1.17447E-01,   1.17775E-01,  0.28
  98,    2.90909E-01,   2.95126E-01,  1.45
  99,    1.47621E-01,   1.39984E-01,  -5.17
  100,    8.99679E-02,   8.81455E-02,  -2.03
  101,    6.19399E-02,   6.05410E-02,  -2.26
  102,    4.74925E-02,   4.55539E-02,  -4.08
  103,    6.89750E-02,   6.82877E-02,  -1.00
  104,    4.92579E-02,   4.89669E-02,  -0.59
  105,    3.40743E-02,   3.43474E-02,  0.80
  106,    5.22244E-02,   5.19064E-02,  -0.61
  107,    3.38687E-02,   3.47243E-02,  2.53
  108,    3.23105E-02,   3.00248E-02,  -7.07
  109,    3.19228E-02,   2.79727E-02,  -12.37
  110,    2.16338E-02,   1.80666E-02,  -16.49
  111,    2.66745E-02,   2.13130E-02,  -20.10
  112,    2.14036E-02,   1.69507E-02,  -20.80
  113,    5.72150E+00,   2.81903E+00,  -50.73
  114,    2.31320E+00,   1.39936E+00,  -39.51
  115,    9.68294E-01,   6.55192E-01,  -32.34
  116,    1.86464E-01,   4.25842E-01,  128.38
  117,    1.88712E-01,   1.85481E-01,  -1.71
  118,    1.03236E-01,   9.40597E-02,  -8.89
  119,    2.96212E-01,   2.72818E-01,  -7.90
  120,    1.63627E-01,   1.51620E-01,  -7.34
  121,    1.00222E-01,   9.18243E-02,  -8.38
  122,    7.38560E-02,   6.92541E-02,  -6.23
  123,    5.39285E-02,   5.01277E-02,  -7.05
  124,    8.00984E-02,   7.82380E-02,  -2.32
  125,    5.42293E-02,   5.37252E-02,  -0.93
  126,    3.46281E-02,   3.45812E-02,  -0.14
  127,    5.20586E-02,   5.26753E-02,  1.18
  128,    4.13181E-02,   4.26224E-02,  3.16
  129,    3.06594E-02,   2.90981E-02,  -5.09
  130,    3.37121E-02,   3.05743E-02,  -9.31
  131,    2.32575E-02,   2.05916E-02,  -11.46
  132,    2.79093E-02,   2.42702E-02,  -13.04
  133,    2.16048E-02,   1.90999E-02,  -11.59
  134,    6.07769E+00,   3.51893E+00,  -42.10
  135,    2.01531E+00,   1.37451E+00,  -31.80
  136,    9.22482E-01,   7.92709E-01,  -14.07
  137,    2.93652E-01,   4.41619E-01,  50.39
  138,    4.42888E-01,   3.00136E-01,  -32.23
  139,    1.43564E-01,   1.43468E-01,  -0.07
  140,    9.80310E-02,   9.75652E-02,  -0.48
  141,    2.89595E-01,   2.80195E-01,  -3.25
  142,    1.62090E-01,   1.56520E-01,  -3.44
  143,    1.02372E-01,   9.98459E-02,  -2.47
  144,    7.43722E-02,   7.16176E-02,  -3.70
  145,    5.26667E-02,   5.35998E-02,  1.77
  146,    8.48895E-02,   8.40824E-02,  -0.95
  147,    5.70213E-02,   5.72304E-02,  0.37
  148,    3.24661E-02,   3.44506E-02,  6.11
  149,    5.09961E-02,   5.40661E-02,  6.02
  150,    4.73332E-02,   5.03431E-02,  6.36
  151,    2.71496E-02,   2.78646E-02,  2.63
  152,    3.33201E-02,   3.23739E-02,  -2.84
  153,    2.30520E-02,   2.22371E-02,  -3.54
  154,    2.80427E-02,   2.64086E-02,  -5.83
  155,    2.28094E-02,   2.19051E-02,  -3.96
  156,    5.95258E+00,   4.08455E+00,  -31.38
  157,    2.26191E+00,   1.93928E+00,  -14.26
  158,    9.77684E-01,   9.61655E-01,  -1.64
  159,    3.24570E-01,   5.94042E-01,  83.02
  160,    4.23618E-01,   2.59410E-01,  -38.76
  161,    1.53060E-01,   1.58978E-01,  3.87
  162,    9.56131E-02,   1.00570E-01,  5.18
  163,    2.82887E-01,   2.92150E-01,  3.27
  164,    1.58797E-01,   1.54110E-01,  -2.95
  165,    1.07999E-01,   1.06789E-01,  -1.12
  166,    7.42793E-02,   7.30988E-02,  -1.59
  167,    5.51055E-02,   5.60882E-02,  1.78
  168,    8.47283E-02,   8.34125E-02,  -1.55
  169,    5.42794E-02,   5.46980E-02,  0.77
  170,    3.04051E-02,   3.27817E-02,  7.82
  171,    5.27314E-02,   5.69977E-02,  8.09
  172,    4.60293E-02,   4.87803E-02,  5.98
  173,    2.79294E-02,   2.94778E-02,  5.54
  174,    3.38499E-02,   3.38311E-02,  -0.06
  175,    2.26353E-02,   2.30485E-02,  1.83
  176,    2.78493E-02,   2.76979E-02,  -0.54
  177,    6.10244E+00,   4.29120E+00,  -29.68
  178,    2.13197E+00,   1.83597E+00,  -13.88
  179,    9.54436E-01,   1.02992E+00,  7.91
  180,    2.45200E-01,   4.16957E-01,  70.05
  181,    3.76698E-01,   2.34984E-01,  -37.62
  182,    1.33233E-01,   1.39895E-01,  5.00
  183,    9.42898E-02,   9.61390E-02,  1.96
  184,    2.82526E-01,   2.81343E-01,  -0.42
  185,    1.63757E-01,   1.54658E-01,  -5.56
  186,    1.10012E-01,   1.00951E-01,  -8.24
  187,    7.46303E-02,   7.07022E-02,  -5.26
  188,    5.90355E-02,   5.50596E-02,  -6.73
  189,    8.03295E-02,   7.74923E-02,  -3.53
  190,    4.74987E-02,   4.59402E-02,  -3.28
  191,    3.07734E-02,   3.32027E-02,  7.89
  192,    5.14108E-02,   5.49974E-02,  6.98
  193,    4.45487E-02,   4.61492E-02,  3.59
  194,    2.74163E-02,   2.86003E-02,  4.32
  195,    3.06639E-02,   3.08210E-02,  0.51
  196,    2.23371E-02,   2.27927E-02,  2.04
  197,    2.72825E-02,   2.76911E-02,  1.50
  198,    6.03535E+00,   4.12774E+00,  -31.61
  199,    2.22474E+00,   2.00209E+00,  -10.01
  200,    7.89918E-01,   7.45440E-01,  -5.63
  201,    2.48124E-01,   3.89274E-01,  56.89
  202,    3.35292E-01,   2.20333E-01,  -34.29
  203,    1.32921E-01,   1.44876E-01,  8.99
  204,    8.68220E-02,   9.08046E-02,  4.59
  205,    2.64123E-01,   2.64253E-01,  0.05
  206,    1.65569E-01,   1.62942E-01,  -1.59
  207,    1.07036E-01,   1.03209E-01,  -3.58
  208,    7.59017E-02,   7.42776E-02,  -2.14
  209,    5.40453E-02,   5.25349E-02,  -2.79
  210,    8.10408E-02,   7.53139E-02,  -7.07
  211,    4.27062E-02,   4.08941E-02,  -4.24
  212,    3.14016E-02,   3.22716E-02,  2.77
  213,    5.61689E-02,   5.98086E-02,  6.48
  214,    3.83145E-02,   3.93261E-02,  2.64
  215,    2.56840E-02,   2.66366E-02,  3.71
  216,    2.82814E-02,   2.91231E-02,  2.98
  217,    2.13449E-02,   2.25287E-02,  5.55
  218,    2.72835E-02,   2.89050E-02,  5.94
  219,    2.60792E+01,   1.38612E+01,  -46.85
  220,    5.43997E+00,   4.54886E+00,  -16.38
  221,    1.55118E+00,   1.40906E+00,  -9.16
  222,    6.28012E-01,   6.25224E-01,  -0.44
  223,    2.03822E-01,   3.16422E-01,  55.24
  224,    2.36711E-01,   1.88345E-01,  -20.43
  225,    1.01014E-01,   1.09901E-01,  8.80
  226,    7.10739E-02,   7.50413E-02,  5.58
  227,    2.37972E-01,   2.52633E-01,  6.16
  228,    1.50735E-01,   1.51356E-01,  0.41
  229,    9.68624E-02,   1.00305E-01,  3.55
  230,    7.46612E-02,   7.43326E-02,  -0.44
  231,    4.77969E-02,   4.77962E-02,  0.00
  232,    7.03605E-02,   6.57693E-02,  -6.53
  233,    3.70233E-02,   3.54066E-02,  -4.37
  234,    3.44764E-02,   3.43434E-02,  -0.39
  235,    5.95121E-02,   5.94007E-02,  -0.19
  236,    3.17637E-02,   3.13697E-02,  -1.24
  237,    2.44197E-02,   2.40683E-02,  -1.44
  238,    2.69293E-02,   2.77624E-02,  3.09
  239,    1.95159E-02,   2.05628E-02,  5.36
  240,    2.63180E-02,   2.79820E-02,  6.32
  241,    6.07736E+00,   4.21748E+00,  -30.60
  242,    1.93509E+00,   1.54518E+00,  -20.15
  243,    6.86918E-01,   6.88001E-01,  0.16
  244,    2.31855E-01,   3.64849E-01,  57.36
  245,    2.85318E-01,   1.94874E-01,  -31.70
  246,    1.19573E-01,   1.24198E-01,  3.87
  247,    8.72093E-02,   9.23296E-02,  5.87
  248,    2.50916E-01,   2.62443E-01,  4.59
  249,    1.50949E-01,   1.51528E-01,  0.38
  250,    9.97042E-02,   1.02427E-01,  2.73
  251,    6.79016E-02,   6.87561E-02,  1.26
  252,    4.91152E-02,   4.72564E-02,  -3.78
  253,    6.06553E-02,   5.85526E-02,  -3.47
  254,    3.72737E-02,   3.85574E-02,  3.44
  255,    3.47560E-02,   3.46591E-02,  -0.28
  256,    5.53386E-02,   5.37970E-02,  -2.79
  257,    3.16469E-02,   3.07887E-02,  -2.71
  258,    2.13461E-02,   2.08027E-02,  -2.55
  259,    2.57171E-02,   2.56786E-02,  -0.15
  260,    1.88288E-02,   1.96690E-02,  4.46
  261,    2.46788E-02,   2.65521E-02,  7.59
  262,    1.83269E+00,   1.36572E+00,  -25.48
  263,    6.79957E-01,   6.34168E-01,  -6.73
  264,    1.85478E-01,   3.06464E-01,  65.23
  265,    3.07694E-01,   1.80594E-01,  -41.31
  266,    1.19004E-01,   1.26417E-01,  6.23
  267,    8.97034E-02,   8.76725E-02,  -2.26
  268,    2.70660E-01,   2.66059E-01,  -1.70
  269,    1.57234E-01,   1.61045E-01,  2.42
  270,    1.12358E-01,   1.10977E-01,  -1.23
  271,    6.80839E-02,   6.67166E-02,  -2.01
  272,    4.72548E-02,   4.54353E-02,  -3.85
  273,    5.29234E-02,   4.99612E-02,  -5.60
  274,    3.74505E-02,   3.66330E-02,  -2.18
  275,    3.42883E-02,   3.25864E-02,  -4.96
  276,    5.42960E-02,   5.20614E-02,  -4.12
  277,    3.08836E-02,   3.04750E-02,  -1.32
  278,    1.97530E-02,   1.93919E-02,  -1.83
  279,    2.42351E-02,   2.37527E-02,  -1.99
  280,    1.85181E-02,   1.90269E-02,  2.75
  281,    2.43974E-02,   2.55534E-02,  4.74
  282,    2.09371E+00,   1.52753E+00,  -27.04
  283,    7.79404E-01,   6.47850E-01,  -16.88
  284,    1.91602E-01,   3.45646E-01,  80.40
  285,    3.78759E-01,   2.24221E-01,  -40.80
  286,    1.48487E-01,   1.46939E-01,  -1.04
  287,    9.99060E-02,   1.00244E-01,  0.34
  288,    2.88083E-01,   2.91901E-01,  1.33
  289,    1.73485E-01,   1.80749E-01,  4.19
  290,    1.09826E-01,   1.13106E-01,  2.99
  291,    7.46354E-02,   7.19816E-02,  -3.56
  292,    4.36110E-02,   4.22788E-02,  -3.05
  293,    5.13951E-02,   4.85128E-02,  -5.61
  294,    4.50839E-02,   4.41787E-02,  -2.01
  295,    2.97197E-02,   2.81678E-02,  -5.22
  296,    4.69384E-02,   4.44247E-02,  -5.36
  297,    2.95880E-02,   2.83813E-02,  -4.08
  298,    1.92295E-02,   1.87545E-02,  -2.47
  299,    2.35129E-02,   2.37760E-02,  1.12
  300,    1.79449E-02,   1.86212E-02,  3.77
  301,    1.95633E+00,   1.17136E+00,  -40.12
  302,    7.22030E-01,   5.42056E-01,  -24.93
  303,    2.45501E-01,   3.16177E-01,  28.79
  304,    3.14589E-01,   1.91534E-01,  -39.12
  305,    1.32839E-01,   1.23725E-01,  -6.86
  306,    9.12254E-02,   9.43443E-02,  3.42
  307,    2.81530E-01,   3.00449E-01,  6.72
  308,    1.84205E-01,   1.89709E-01,  2.99
  309,    1.01430E-01,   1.05597E-01,  4.11
  310,    6.69656E-02,   6.66396E-02,  -0.49
  311,    3.76459E-02,   3.54410E-02,  -5.86
  312,    5.08173E-02,   4.97380E-02,  -2.12
  313,    4.43708E-02,   4.19811E-02,  -5.39
  314,    2.39373E-02,   2.27998E-02,  -4.75
  315,    3.91844E-02,   3.73583E-02,  -4.66
  316,    2.76876E-02,   2.70670E-02,  -2.24
  317,    1.84457E-02,   1.81594E-02,  -1.55
  318,    2.23618E-02,   2.19317E-02,  -1.92
  319,    1.70212E-02,   1.75151E-02,  2.90
  320,    2.45714E+00,   1.21075E+00,  -50.73
  321,    9.03480E-01,   6.22229E-01,  -31.13
  322,    1.82202E-01,   3.44239E-01,  88.93
  323,    1.66081E-01,   1.53748E-01,  -7.43
  324,    1.09426E-01,   1.07982E-01,  -1.32
  325,    3.16558E-01,   3.20443E-01,  1.23
  326,    1.79875E-01,   1.84852E-01,  2.77
  327,    1.09995E-01,   1.08026E-01,  -1.79
  328,    5.94460E-02,   5.87273E-02,  -1.21
  329,    3.31911E-02,   3.07468E-02,  -7.36
  330,    5.25062E-02,   5.18771E-02,  -1.20
  331,    4.42747E-02,   4.30915E-02,  -2.67
  332,    2.24154E-02,   2.19101E-02,  -2.25
  333,    3.92747E-02,   3.77503E-02,  -3.88
  334,    2.48500E-02,   2.39718E-02,  -3.53
  335,    1.74309E-02,   1.71931E-02,  -1.36
  336,    2.08296E-02,   2.10153E-02,  0.89
  337,    1.74077E-02,   1.80000E-02,  3.40
  338,    2.15001E+00,   1.12281E+00,  -47.78
  339,    9.91793E-01,   5.37250E-01,  -45.83
  340,    1.39811E-01,   2.96726E-01,  112.23
  341,    1.61607E-01,   1.40025E-01,  -13.35
  342,    1.27958E-01,   1.10281E-01,  -13.81
  343,    3.73491E-01,   3.45425E-01,  -7.51
  344,    1.82501E-01,   1.77377E-01,  -2.81
  345,    1.07117E-01,   1.03675E-01,  -3.21
  346,    5.49832E-02,   5.08274E-02,  -7.56
  347,    3.14264E-02,   3.03632E-02,  -3.38
  348,    5.80390E-02,   5.74597E-02,  -1.00
  349,    3.50537E-02,   3.41002E-02,  -2.72
  350,    2.26806E-02,   2.23705E-02,  -1.37
  351,    3.84461E-02,   3.76775E-02,  -2.00
  352,    2.28213E-02,   2.24077E-02,  -1.81
  353,    1.63110E-02,   1.63554E-02,  0.27
  354,    2.02806E-02,   2.05329E-02,  1.24
  355,    6.32291E+00,   3.44592E+00,  -45.50
  356,    2.42941E+00,   1.28959E+00,  -46.92
  357,    9.34296E-01,   6.05330E-01,  -35.21
  358,    2.53052E-01,   3.86541E-01,  52.75
  359,    4.70146E-01,   2.45250E-01,  -47.84
  360,    2.05146E-01,   1.84344E-01,  -10.14
  361,    1.38997E-01,   1.31778E-01,  -5.19
  362,    3.64430E-01,   3.53146E-01,  -3.10
  363,    1.98949E-01,   1.88306E-01,  -5.35
  364,    9.42916E-02,   9.46879E-02,  0.42
  365,    4.87184E-02,   4.49615E-02,  -7.71
  366,    3.58201E-02,   3.56296E-02,  -0.53
  367,    6.18732E-02,   6.06433E-02,  -1.99
  368,    3.14527E-02,   3.06919E-02,  -2.42
  369,    2.36043E-02,   2.33050E-02,  -1.27
  370,    3.66439E-02,   3.55994E-02,  -2.85
  371,    2.19586E-02,   2.19611E-02,  0.01
  372,    1.62634E-02,   1.63224E-02,  0.36
  373,    2.03385E-02,   2.10264E-02,  3.38
  374,    2.14589E+00,   1.06214E+00,  -50.50
  375,    8.45372E-01,   6.05114E-01,  -28.42
  376,    2.44612E-01,   3.56333E-01,  45.67
  377,    1.99963E-01,   1.75474E-01,  -12.25
  378,    1.13386E-01,   1.10681E-01,  -2.39
  379,    3.50445E-01,   3.41702E-01,  -2.49
  380,    1.83315E-01,   1.81250E-01,  -1.13
  381,    8.18915E-02,   8.04348E-02,  -1.78
  382,    4.43376E-02,   4.33068E-02,  -2.32
  383,    3.74022E-02,   3.72283E-02,  -0.46
  384,    6.16918E-02,   5.98299E-02,  -3.02
  385,    2.91736E-02,   2.84457E-02,  -2.49
  386,    2.26963E-02,   2.22207E-02,  -2.10
  387,    3.60432E-02,   3.53745E-02,  -1.86
  388,    2.23686E-02,   2.21488E-02,  -0.98
  389,    1.57647E-02,   1.57944E-02,  0.19
  390,    1.92219E-02,   1.96985E-02,  2.48
  391,    1.99952E+00,   1.22003E+00,  -38.98
  392,    8.46089E-01,   6.39581E-01,  -24.41
  393,    3.85740E-01,   4.22798E-01,  9.61
  394,    1.78218E-01,   1.69144E-01,  -5.09
  395,    1.34689E-01,   1.19530E-01,  -11.25
  396,    3.74887E-01,   3.46160E-01,  -7.66
  397,    1.54621E-01,   1.57976E-01,  2.17
  398,    7.03302E-02,   6.59953E-02,  -6.16
  399,    4.76763E-02,   4.83825E-02,  1.48
  400,    3.89113E-02,   3.86060E-02,  -0.78
  401,    5.12519E-02,   4.96583E-02,  -3.11
  402,    3.10974E-02,   3.05804E-02,  -1.66
  403,    1.97023E-02,   1.93713E-02,  -1.68
  404,    3.20080E-02,   3.12637E-02,  -2.33
  405,    2.10656E-02,   2.10502E-02,  -0.07
  406,    1.54380E-02,   1.54284E-02,  -0.06
  407,    1.94699E-02,   2.00144E-02,  2.80
  408,    6.11714E+00,   3.12121E+00,  -48.98
  409,    1.96900E+00,   1.35573E+00,  -31.15
  410,    1.11223E+00,   8.03868E-01,  -27.72
  411,    4.54019E-01,   4.96479E-01,  9.35
  412,    4.47306E-01,   2.89181E-01,  -35.35
  413,    2.22446E-01,   1.96456E-01,  -11.68
  414,    1.42246E-01,   1.36759E-01,  -3.86
  415,    3.65735E-01,   3.63998E-01,  -0.48
  416,    1.39970E-01,   1.43726E-01,  2.68
  417,    6.62039E-02,   6.74980E-02,  1.95
  418,    5.30261E-02,   5.47778E-02,  3.30
  419,    4.62791E-02,   4.68563E-02,  1.25
  420,    4.34874E-02,   4.31018E-02,  -0.89
  421,    3.12419E-02,   3.07277E-02,  -1.65
  422,    1.85895E-02,   1.82454E-02,  -1.85
  423,    3.09585E-02,   3.04390E-02,  -1.68
  424,    2.11322E-02,   2.08691E-02,  -1.24
  425,    1.56539E-02,   1.58671E-02,  1.36
  426,    2.06630E-02,   2.08496E-02,  0.90
  427,    5.59096E+00,   3.05866E+00,  -45.29
  428,    2.54020E+00,   1.50246E+00,  -40.85
  429,    1.17197E+00,   8.43951E-01,  -27.99
  430,    3.70809E-01,   4.64147E-01,  25.17
  431,    2.29461E-01,   2.02433E-01,  -11.78
  432,    1.23286E-01,   1.24099E-01,  0.66
  433,    3.23268E-01,   3.41829E-01,  5.74
  434,    1.25831E-01,   1.23520E-01,  -1.84
  435,    7.66221E-02,   8.20054E-02,  7.03
  436,    5.95566E-02,   6.18263E-02,  3.81
  437,    3.93403E-02,   3.95278E-02,  0.48
  438,    4.23110E-02,   4.27379E-02,  1.01
  439,    3.11593E-02,   3.12858E-02,  0.41
  440,    1.91772E-02,   1.92057E-02,  0.15
  441,    3.08001E-02,   3.05005E-02,  -0.97
  442,    2.13899E-02,   2.12703E-02,  -0.56
  443,    1.53893E-02,   1.57582E-02,  2.40
  444,    1.10216E+00,   7.57086E-01,  -31.31
  445,    3.55291E-01,   4.59504E-01,  29.33
  446,    2.01173E-01,   1.76181E-01,  -12.42
  447,    1.09193E-01,   1.06048E-01,  -2.88
  448,    2.85219E-01,   2.80848E-01,  -1.53
  449,    1.14398E-01,   1.14187E-01,  -0.18
  450,    8.33429E-02,   8.68411E-02,  4.20
  451,    6.73928E-02,   6.96996E-02,  3.42
  452,    3.10131E-02,   3.08652E-02,  -0.48
  453,    4.63897E-02,   4.68563E-02,  1.01
  454,    2.79575E-02,   2.78000E-02,  -0.56
  455,    1.93758E-02,   1.92203E-02,  -0.80
  456,    3.14156E-02,   3.10762E-02,  -1.08
  457,    2.10809E-02,   2.07451E-02,  -1.59
  458,    1.58374E-02,   1.60502E-02,  1.34
  459,    2.59148E+00,   1.39577E+00,  -46.14
  460,    2.69711E-01,   4.66401E-01,  72.93
  461,    1.79430E-01,   1.55857E-01,  -13.14
  462,    9.71550E-02,   7.89567E-02,  -18.73
  463,    2.52782E-01,   2.20163E-01,  -12.90
  464,    1.31542E-01,   1.31024E-01,  -0.39
  465,    9.25395E-02,   9.29428E-02,  0.44
  466,    5.65087E-02,   5.57515E-02,  -1.34
  467,    3.04459E-02,   3.03300E-02,  -0.38
  468,    4.72243E-02,   4.68305E-02,  -0.83
  469,    2.64648E-02,   2.61247E-02,  -1.28
  470,    1.95223E-02,   1.92755E-02,  -1.26
  471,    3.12206E-02,   3.07704E-02,  -1.44
  472,    2.13894E-02,   2.10946E-02,  -1.38
  473,    1.68177E-02,   1.67613E-02,  -0.34
  474,    6.58037E+00,   3.25200E+00,  -50.58
  475,    1.32024E+00,   8.02549E-01,  -39.21
  476,    2.97713E-01,   4.33316E-01,  45.55
  477,    1.39096E-01,   1.16458E-01,  -16.27
  478,    7.57013E-02,   6.87569E-02,  -9.17
  479,    2.18441E-01,   2.04051E-01,  -6.59
  480,    1.42850E-01,   1.43710E-01,  0.60
  481,    1.04678E-01,   1.07601E-01,  2.79
  482,    4.50503E-02,   4.46816E-02,  -0.82
  483,    3.05649E-02,   3.07116E-02,  0.48
  484,    4.68946E-02,   4.65572E-02,  -0.72
  485,    2.70807E-02,   2.68590E-02,  -0.82
  486,    1.89779E-02,   1.85574E-02,  -2.22
  487,    3.05025E-02,   3.00379E-02,  -1.52
  488,    2.15553E-02,   2.13307E-02,  -1.04
  489,    1.75997E-02,   1.72703E-02,  -1.87
  490,    1.13693E+00,   8.04351E-01,  -29.25
  491,    2.05482E-01,   4.24358E-01,  106.52
  492,    1.19034E-01,   1.07018E-01,  -10.09
  493,    7.44040E-02,   7.46131E-02,  0.28
  494,    2.40615E-01,   2.48428E-01,  3.25
  495,    1.56809E-01,   1.63679E-01,  4.38
  496,    8.71872E-02,   9.12477E-02,  4.66
  497,    4.46907E-02,   4.68824E-02,  4.90
  498,    3.42368E-02,   3.53624E-02,  3.29
  499,    4.33740E-02,   4.30214E-02,  -0.81
  500,    2.79442E-02,   2.80479E-02,  0.37
  501,    1.95538E-02,   1.94723E-02,  -0.42
  502,    3.21501E-02,   3.17937E-02,  -1.11
  503,    2.18782E-02,   2.19410E-02,  0.29
  504,    1.00591E+00,   7.28258E-01,  -27.60
  505,    1.33652E-01,   3.01876E-01,  125.87
  506,    1.16760E-01,   1.01638E-01,  -12.95
  507,    1.05913E-01,   9.75725E-02,  -7.87
  508,    2.82124E-01,   2.75901E-01,  -2.21
  509,    1.88030E-01,   1.90400E-01,  1.26
  510,    7.33085E-02,   7.34829E-02,  0.24
  511,    4.74624E-02,   4.82482E-02,  1.66
  512,    3.83079E-02,   3.87359E-02,  1.12
  513,    4.16925E-02,   4.17209E-02,  0.07
  514,    2.93357E-02,   2.90952E-02,  -0.82
  515,    2.03250E-02,   2.00338E-02,  -1.43
  516,    3.25848E-02,   3.17274E-02,  -2.63
  517,    2.32618E-02,   2.29388E-02,  -1.39
  518,    5.57527E+00,   3.96698E+00,  -28.85
  519,    1.77954E+00,   1.58058E+00,  -11.18
  520,    6.51715E-01,   5.60265E-01,  -14.03
  521,    1.22119E-01,   2.40048E-01,  96.57
  522,    2.99050E-01,   1.44564E-01,  -51.66
  523,    1.29912E-01,   1.31292E-01,  1.06
  524,    7.71218E-02,   7.66896E-02,  -0.56
  525,    2.81795E-01,   2.80267E-01,  -0.54
  526,    1.40823E-01,   1.42352E-01,  1.09
  527,    6.60604E-02,   6.82217E-02,  3.27
  528,    4.80322E-02,   4.89748E-02,  1.96
  529,    3.00191E-02,   3.01406E-02,  0.40
  530,    4.15528E-02,   4.24018E-02,  2.04
  531,    2.76315E-02,   2.77518E-02,  0.44
  532,    2.04332E-02,   2.01219E-02,  -1.52
  533,    3.21279E-02,   3.16843E-02,  -1.38
  534,    2.37388E-02,   2.36127E-02,  -0.53
  535,    5.21130E+00,   5.24185E+00,  0.59
  536,    1.56605E+00,   1.54073E+00,  -1.62
  537,    5.72462E-01,   5.36580E-01,  -6.27
  538,    1.76971E-01,   2.82595E-01,  59.68
  539,    3.34841E-01,   2.37467E-01,  -29.08
  540,    1.32818E-01,   1.32550E-01,  -0.20
  541,    1.26665E-01,   1.32154E-01,  4.33
  542,    3.23660E-01,   3.41609E-01,  5.55
  543,    1.12088E-01,   1.15947E-01,  3.44
  544,    6.67424E-02,   7.06971E-02,  5.93
  545,    5.08003E-02,   5.32209E-02,  4.76
  546,    2.72923E-02,   2.80540E-02,  2.79
  547,    4.16490E-02,   4.23097E-02,  1.59
  548,    2.77499E-02,   2.77733E-02,  0.08
  549,    2.03417E-02,   1.99438E-02,  -1.96
  550,    3.29427E-02,   3.28504E-02,  -0.28
  551,    2.57314E-02,   2.50337E-02,  -2.71
  552,    2.38875E+01,   2.10940E+01,  -11.69
  553,    4.41358E+00,   4.58639E+00,  3.92
  554,    1.29953E+00,   1.26235E+00,  -2.86
  555,    5.60187E-01,   5.64942E-01,  0.85
  556,    3.87876E-01,   4.31287E-01,  11.19
  557,    2.58467E-01,   2.28029E-01,  -11.78
  558,    2.11006E-01,   2.14695E-01,  1.75
  559,    1.19297E-01,   1.21169E-01,  1.57
  560,    2.93383E-01,   3.00868E-01,  2.55
  561,    1.22231E-01,   1.26605E-01,  3.58
  562,    8.06615E-02,   8.32756E-02,  3.24
  563,    4.70720E-02,   4.78383E-02,  1.63
  564,    3.13164E-02,   3.16033E-02,  0.92
  565,    4.31678E-02,   4.39408E-02,  1.79
  566,    2.89400E-02,   2.84481E-02,  -1.70
  567,    1.97790E-02,   1.96993E-02,  -0.40
  568,    3.36847E-02,   3.31199E-02,  -1.68
  569,    1.67942E+01,   1.59919E+01,  -4.78
  570,    3.07161E+00,   3.04150E+00,  -0.98
  571,    1.08454E+00,   1.09596E+00,  1.05
  572,    7.31747E-01,   7.39688E-01,  1.09
  573,    3.66913E-01,   3.66179E-01,  -0.20
  574,    3.27837E-01,   3.23252E-01,  -1.40
  575,    1.69613E-01,   1.72127E-01,  1.48
  576,    8.09325E-02,   8.13235E-02,  0.48
  577,    2.31591E-01,   2.34804E-01,  1.39
  578,    1.24665E-01,   1.28724E-01,  3.26
  579,    8.57160E-02,   8.83970E-02,  3.13
  580,    4.33129E-02,   4.35681E-02,  0.59
  581,    3.19547E-02,   3.20262E-02,  0.22
  582,    4.37952E-02,   4.33560E-02,  -1.00
  583,    3.06382E-02,   2.94411E-02,  -3.91
  584,    2.15092E-02,   2.10748E-02,  -2.02
  585,    3.42349E-02,   3.34420E-02,  -2.32
  586,    9.89550E+00,   1.06130E+01,  7.25
  587,    2.38184E+00,   2.48853E+00,  4.48
  588,    1.39654E+00,   1.38962E+00,  -0.50
  589,    6.61919E-01,   6.30377E-01,  -4.77
  590,    5.03590E-01,   5.16446E-01,  2.55
  591,    2.93625E-01,   2.58697E-01,  -11.90
  592,    1.16914E-01,   1.16214E-01,  -0.60
  593,    7.23241E-02,   7.28361E-02,  0.71
  594,    2.19162E-01,   2.25396E-01,  2.84
  595,    1.30039E-01,   1.33114E-01,  2.36
  596,    6.85258E-02,   7.01624E-02,  2.39
  597,    4.31907E-02,   4.36442E-02,  1.05
  598,    2.99446E-02,   3.00655E-02,  0.40
  599,    4.31238E-02,   4.26736E-02,  -1.04
  600,    2.98551E-02,   2.85870E-02,  -4.25
  601,    2.25431E-02,   2.13507E-02,  -5.29
  602,    3.65465E-02,   3.47771E-02,  -4.84
  603,    7.08428E+00,   8.50648E+00,  20.08
  604,    2.89216E+00,   2.95544E+00,  2.19
  605,    1.21571E+00,   1.14424E+00,  -5.88
  606,    8.93043E-01,   8.42211E-01,  -5.69
  607,    2.57100E-01,   3.91059E-01,  52.10
  608,    3.13606E-01,   1.65667E-01,  -47.17
  609,    1.00731E-01,   9.96315E-02,  -1.09
  610,    7.36282E-02,   7.57080E-02,  2.82
  611,    2.12331E-01,   2.19549E-01,  3.40
  612,    1.30740E-01,   1.35389E-01,  3.56
  613,    6.02286E-02,   6.15796E-02,  2.24
  614,    4.17568E-02,   4.27889E-02,  2.47
  615,    2.89149E-02,   2.89876E-02,  0.25
  616,    4.07218E-02,   4.04898E-02,  -0.57
  617,    2.70620E-02,   2.60341E-02,  -3.80
  618,    2.15469E-02,   2.04891E-02,  -4.91
  619,    3.70290E-02,   3.49367E-02,  -5.65
  620,    8.79268E+00,   1.02525E+01,  16.60
  621,    2.54118E+00,   2.56224E+00,  0.83
  622,    1.74784E+00,   1.54628E+00,  -11.53
  623,    6.85082E-01,   6.41180E-01,  -6.41
  624,    9.80398E-02,   2.51481E-01,  156.51
  625,    3.19806E-01,   1.43842E-01,  -55.02
  626,    1.07180E-01,   1.05532E-01,  -1.54
  627,    6.78824E-02,   6.60434E-02,  -2.71
  628,    2.20046E-01,   2.22000E-01,  0.89
  629,    1.04101E-01,   1.06462E-01,  2.27
  630,    5.97977E-02,   6.19995E-02,  3.68
  631,    3.92570E-02,   4.05480E-02,  3.29
  632,    2.71704E-02,   2.76747E-02,  1.86
  633,    4.00146E-02,   3.98974E-02,  -0.29
  634,    2.61179E-02,   2.64430E-02,  1.24
  635,    2.11287E-02,   2.01564E-02,  -4.60
  636,    8.51856E+00,   1.00775E+01,  18.30
  637,    3.76990E+00,   3.70050E+00,  -1.84
  638,    1.38552E+00,   1.22751E+00,  -11.40
  639,    4.72214E-01,   4.19913E-01,  -11.08
  640,    3.79685E-01,   1.53521E-01,  -59.57
  641,    1.03746E-01,   9.17551E-02,  -11.56
  642,    8.84052E-02,   8.09421E-02,  -8.44
  643,    6.38813E-02,   2.21076E-01,  246.07
  644,    2.34054E-01,   2.25553E-01,  -3.63
  645,    9.64497E-02,   9.36360E-02,  -2.92
  646,    6.11518E-02,   6.12569E-02,  0.17
  647,    3.98833E-02,   3.95072E-02,  -0.94
  648,    2.58941E-02,   2.54488E-02,  -1.72
  649,    3.89861E-02,   3.80316E-02,  -2.45
  650,    2.69907E-02,   2.64936E-02,  -1.84
  651,    1.67956E+01,   1.94718E+01,  15.93
  652,    3.93603E+00,   4.25524E+00,  8.11
  653,    1.17817E+00,   1.18240E+00,  0.36
  654,    5.67485E-01,   5.53499E-01,  -2.46
  655,    2.37236E-01,   3.56560E-01,  50.30
  656,    3.31717E-01,   2.00401E-01,  -39.59
  657,    1.69616E-01,   1.66969E-01,  -1.56
  658,    9.37500E-02,   9.25684E-02,  -1.26
  659,    2.30507E-01,   2.22694E-01,  -3.39
  660,    1.20047E-01,   1.17695E-01,  -1.96
  661,    7.20498E-02,   7.17103E-02,  -0.47
  662,    4.71842E-02,   4.61903E-02,  -2.11
  663,    3.35480E-02,   3.25980E-02,  -2.83
  664,    4.16027E-02,   4.05694E-02,  -2.48
  665,    3.09103E-02,   2.99718E-02,  -3.04
  666,    1.11676E+01,   1.21304E+01,  8.62
  667,    2.19845E+00,   2.19020E+00,  -0.38
  668,    9.13035E-01,   8.57100E-01,  -6.13
  669,    5.31806E-01,   5.01238E-01,  -5.75
  670,    2.15799E-01,   2.62866E-01,  21.81
  671,    2.88455E-01,   2.06292E-01,  -28.48
  672,    1.14386E-01,   1.08822E-01,  -4.86
  673,    6.52320E-02,   6.16432E-02,  -5.50
  674,    2.13195E-01,   2.05952E-01,  -3.40
  675,    1.23952E-01,   1.23005E-01,  -0.76
  676,    7.43755E-02,   7.37423E-02,  -0.85
  677,    4.60745E-02,   4.47420E-02,  -2.89
  678,    3.48140E-02,   3.32374E-02,  -4.53
  679,    4.40071E-02,   4.24248E-02,  -3.60
  680,    3.26938E-02,   3.04794E-02,  -6.77
  681,    1.45624E+01,   1.52214E+01,  4.53
  682,    3.87921E+00,   3.90610E+00,  0.69
  683,    2.00283E+00,   1.90732E+00,  -4.77
  684,    9.35157E-01,   8.95613E-01,  -4.23
  685,    4.28887E-01,   6.43521E-01,  50.04
  686,    1.69178E-01,   1.70509E-01,  0.79
  687,    1.22778E-01,   1.25906E-01,  2.55
  688,    2.95345E-01,   3.01634E-01,  2.13
  689,    1.60030E-01,   1.66333E-01,  3.94
  690,    9.53733E-02,   9.85759E-02,  3.36
  691,    6.40765E-02,   6.49031E-02,  1.29
  692,    3.95353E-02,   3.88828E-02,  -1.65
  693,    5.81647E-02,   5.73415E-02,  -1.42
  694,    1.31056E+01,   1.39496E+01,  6.44
  695,    4.77626E+00,   4.59978E+00,  -3.69
  696,    2.07477E+00,   1.82424E+00,  -12.08
  697,    1.30047E+00,   1.17394E+00,  -9.73
  698,    2.83145E-01,   5.34348E-01,  88.72
  699,    2.04505E-01,   1.94908E-01,  -4.69
  700,    1.40413E-01,   1.39315E-01,  -0.78
  701,    3.94026E-01,   4.03068E-01,  2.29
  702,    2.13369E-01,   2.19303E-01,  2.78
  703,    1.18608E-01,   1.22653E-01,  3.41
  704,    8.40657E-02,   8.48394E-02,  0.92
  705,    5.06893E-02,   5.11513E-02,  0.91
  706,    6.94621E-02,   6.81784E-02,  -1.85
  707,    1.21473E+01,   1.24905E+01,  2.83
  708,    3.39929E+00,   3.24666E+00,  -4.49
  709,    1.98238E+00,   1.71360E+00,  -13.56
  710,    7.77106E-01,   6.95697E-01,  -10.48
  711,    1.71175E-01,   3.32145E-01,  94.04
  712,    4.39087E-01,   2.26227E-01,  -48.48
  713,    1.62261E-01,   1.56286E-01,  -3.68
  714,    1.13441E-01,   1.11198E-01,  -1.98
  715,    3.60388E-01,   3.59590E-01,  -0.22
  716,    1.96316E-01,   1.98017E-01,  0.87
  717,    1.20394E-01,   1.22588E-01,  1.82
  718,    6.97173E-02,   6.88399E-02,  -1.26
  719,    5.05887E-02,   5.13525E-02,  1.51
  720,    7.48064E-02,   7.40753E-02,  -0.98
  721,    9.51800E+00,   9.98737E+00,  4.93
  722,    3.52661E+00,   3.35813E+00,  -4.78
  723,    1.25238E+00,   1.12463E+00,  -10.20
  724,    5.38351E-01,   4.83857E-01,  -10.12
  725,    1.75711E-01,   3.09767E-01,  76.29
  726,    3.80979E-01,   2.05027E-01,  -46.18
  727,    1.47120E-01,   1.41533E-01,  -3.80
  728,    9.73818E-02,   9.44334E-02,  -3.03
  729,    3.10154E-01,   3.05747E-01,  -1.42
  730,    1.59645E-01,   1.59983E-01,  0.21
  731,    1.04328E-01,   1.04826E-01,  0.48
  732,    5.94718E-02,   5.94264E-02,  -0.08
  733,    4.46862E-02,   4.48309E-02,  0.32
  734,    1.07297E+01,   1.16554E+01,  8.63
  735,    2.60551E+00,   2.49330E+00,  -4.31
  736,    9.77850E-01,   8.88774E-01,  -9.11
  737,    5.65629E-01,   5.15786E-01,  -8.81
  738,    2.41966E-01,   3.21171E-01,  32.73
  739,    3.24049E-01,   2.13027E-01,  -34.26
  740,    1.42596E-01,   1.38279E-01,  -3.03
  741,    1.08078E-01,   1.06536E-01,  -1.43
  742,    3.00082E-01,   2.96933E-01,  -1.05
  743,    1.71920E-01,   1.72771E-01,  0.49
  744,    9.15940E-02,   9.17336E-02,  0.15
  745,    6.33555E-02,   6.50666E-02,  2.70
  746,    4.34306E-02,   4.37941E-02,  0.84
  747,    7.77629E+00,   8.41869E+00,  8.26
  748,    1.92329E+00,   1.84936E+00,  -3.84
  749,    9.67088E-01,   8.78628E-01,  -9.15
  750,    5.37815E-01,   4.91447E-01,  -8.62
  751,    2.54371E-01,   3.05810E-01,  20.22
  752,    2.74375E-01,   1.90491E-01,  -30.57
  753,    1.47296E-01,   1.41997E-01,  -3.60
  754,    9.00716E-02,   8.79468E-02,  -2.36
  755,    2.80558E-01,   2.77876E-01,  -0.96
  756,    1.71164E-01,   1.71822E-01,  0.38
  757,    9.03551E-02,   9.16554E-02,  1.44
  758,    6.50338E-02,   6.63073E-02,  1.96
  759,    4.61509E-02,   4.79446E-02,  3.89
  760,    8.37240E+00,   9.14615E+00,  9.24
  761,    2.79498E+00,   2.67849E+00,  -4.17
  762,    1.36425E+00,   1.23427E+00,  -9.53
  763,    7.50799E-01,   6.96980E-01,  -7.17
  764,    2.91485E-01,   4.10360E-01,  40.78
  765,    4.50793E-01,   2.93355E-01,  -34.92
  766,    1.78233E-01,   1.76099E-01,  -1.20
  767,    1.34518E-01,   1.34090E-01,  -0.32
  768,    3.70616E-01,   3.71888E-01,  0.34
  769,    1.83500E-01,   1.83736E-01,  0.13
  770,    1.16698E-01,   1.22207E-01,  4.72
  771,    7.58889E-02,   7.86810E-02,  3.68
  772,    7.66502E+00,   8.59329E+00,  12.11
  773,    2.48971E+00,   2.33615E+00,  -6.17
  774,    1.20641E+00,   1.08889E+00,  -9.74
  775,    6.49498E-01,   5.84786E-01,  -9.96
  776,    3.01735E-01,   3.93565E-01,  30.43
  777,    3.60084E-01,   2.26628E-01,  -37.06
  778,    1.74358E-01,   1.67825E-01,  -3.75
  779,    1.37061E-01,   1.36266E-01,  -0.58
  780,    4.00333E-01,   4.01893E-01,  0.39
  781,    1.95263E-01,   1.98196E-01,  1.50
  782,    1.29372E-01,   1.35841E-01,  5.00
  783,    8.68967E-02,   9.38871E-02,  8.04
  784,    5.70547E+00,   6.65158E+00,  16.58
  785,    1.90659E+00,   1.81170E+00,  -4.98
  786,    9.01092E-01,   8.15058E-01,  -9.55
  787,    5.43620E-01,   4.99475E-01,  -8.12
  788,    2.11083E-01,   2.71541E-01,  28.64
  789,    2.80896E-01,   1.93986E-01,  -30.94
  790,    1.56031E-01,   1.53291E-01,  -1.76
  791,    9.48318E-02,   9.24342E-02,  -2.53
  792,    3.02120E-01,   2.97068E-01,  -1.67
  793,    1.80510E-01,   1.84796E-01,  2.37
  794,    1.08508E-01,   1.13595E-01,  4.69
  795,    5.52423E+00,   6.44636E+00,  16.69
  796,    1.79776E+00,   1.71161E+00,  -4.79
  797,    9.50088E-01,   8.69993E-01,  -8.43
  798,    4.61608E-01,   4.30873E-01,  -6.66
  799,    2.34349E-01,   2.92128E-01,  24.66
  800,    3.02701E-01,   2.22569E-01,  -26.47
  801,    1.34365E-01,   1.30435E-01,  -2.93
  802,    8.82631E-02,   8.59569E-02,  -2.61
  803,    2.71833E-01,   2.69069E-01,  -1.02
  804,    1.69750E-01,   1.73542E-01,  2.23
  805,    1.05725E-01,   1.14089E-01,  7.91
  806,    5.70785E+00,   6.51841E+00,  14.20
  807,    1.97931E+00,   1.88060E+00,  -4.99
  808,    8.23320E-01,   7.64929E-01,  -7.09
  809,    5.05127E-01,   4.73873E-01,  -6.19
  810,    2.71757E-01,   3.41434E-01,  25.64
  811,    2.84022E-01,   1.92262E-01,  -32.31
  812,    1.27322E-01,   1.22499E-01,  -3.79
  813,    9.79994E-02,   9.62617E-02,  -1.77
  814,    3.00939E-01,   3.01251E-01,  0.10
  815,    1.70370E-01,   1.74293E-01,  2.30
  816,    6.07137E+00,   6.81989E+00,  12.33
  817,    1.60104E+00,   1.56463E+00,  -2.27
  818,    8.54563E-01,   8.08217E-01,  -5.42
  819,    5.53855E-01,   5.32926E-01,  -3.78
  820,    2.32038E-01,   2.84109E-01,  22.44
  821,    2.47654E-01,   1.73533E-01,  -29.93
  822,    1.35813E-01,   1.32304E-01,  -2.58
  823,    1.05678E-01,   1.04876E-01,  -0.76
  824,    3.11681E-01,   3.11040E-01,  -0.21
  825,    1.82920E-01,   1.91628E-01,  4.76
  826,    4.54372E+00,   5.14673E+00,  13.27
  827,    1.48054E+00,   1.48802E+00,  0.51
  828,    8.25334E-01,   8.15168E-01,  -1.23
  829,    4.06646E-01,   3.97835E-01,  -2.17
  830,    1.89750E-01,   2.29057E-01,  20.72
  831,    2.15815E-01,   1.67857E-01,  -22.22
  832,    1.28207E-01,   1.29007E-01,  0.62
  833,    8.74299E-02,   8.75457E-02,  0.13
  834,    2.81295E-01,   2.84705E-01,  1.21
  835,    5.34105E+00,   6.20117E+00,  16.10
  836,    1.86299E+00,   1.84860E+00,  -0.77
  837,    7.69549E-01,   7.42798E-01,  -3.48
  838,    4.03310E-01,   3.86460E-01,  -4.18
  839,    2.22646E-01,   2.66451E-01,  19.67
  840,    2.56071E-01,   1.95816E-01,  -23.53
  841,    1.32216E-01,   1.28903E-01,  -2.51
  842,    9.60375E-02,   9.60713E-02,  0.04
  843,    2.95837E-01,   3.03624E-01,  2.63
  844,    5.24726E+00,   6.14482E+00,  17.11
  845,    1.33018E+00,   1.35065E+00,  1.54
  846,    5.80960E-01,   5.71404E-01,  -1.64
  847,    3.63987E-01,   3.56665E-01,  -2.01
  848,    2.21368E-01,   2.45617E-01,  10.95
  849,    1.86606E-01,   1.55099E-01,  -16.88
  850,    1.11113E-01,   1.11153E-01,  0.04
  851,    9.01945E-02,   9.19780E-02,  1.98
  852,    4.30290E+00,   4.97679E+00,  15.66
  853,    1.10858E+00,   1.15430E+00,  4.12
  854,    6.05632E-01,   5.96671E-01,  -1.48
  855,    3.79821E-01,   3.73124E-01,  -1.76
  856,    1.98370E-01,   2.22941E-01,  12.39
  857,    1.83362E-01,   1.52312E-01,  -16.93
  858,    1.21171E-01,   1.21901E-01,  0.60
  859,    4.15210E+00,   5.08442E+00,  22.45
  860,    1.39602E+00,   1.40725E+00,  0.80
  861,    7.37753E-01,   7.15656E-01,  -3.00
  862,    4.00083E-01,   3.88492E-01,  -2.90
  863,    2.10898E-01,   2.46860E-01,  17.05
  864,    2.38774E-01,   1.88199E-01,  -21.18
  865,    4.45874E+00,   5.39722E+00,  21.05
  866,    1.41375E+00,   1.41896E+00,  0.37
  867,    6.50217E-01,   6.25752E-01,  -3.76
  868,    3.79948E-01,   3.52146E-01,  -7.32
  869,    2.15155E-01,   2.49023E-01,  15.74
  870,    4.53980E+00,   5.38960E+00,  18.72
  871,    1.23305E+00,   1.30334E+00,  5.70
  872,    6.01100E-01,   5.93396E-01,  -1.28
  873,    3.91204E-01,   3.77195E-01,  -3.58
  874,    4.14627E+00,   4.99373E+00,  20.44
  875,    1.23464E+00,   1.23098E+00,  -0.30
  876,    6.81599E-01,   6.44741E-01,  -5.41
  877,    4.35325E+00,   4.93373E+00,  13.33
  878,    1.51930E+00,   1.37372E+00,  -9.58
  879,    4.05453E+00,   4.58095E+00,  12.98

;-Resistivity in Ohm-m in the elemental sequential order

 2.61429E+02,  2.72108E+02,  2.79288E+02,  2.94042E+02,  3.23209E+02
 3.66396E+02,  4.25972E+02,  5.00765E+02,  5.85288E+02,  6.72322E+02
 7.49224E+02,  8.06734E+02,  8.43229E+02,  8.61573E+02,  8.60786E+02
 8.86929E+02,  8.86929E+02,  5.57676E+02,  5.57676E+02,  5.57676E+02
 5.57676E+02,  5.57676E+02,  5.57676E+02,  2.61429E+02,  2.72108E+02
 2.79288E+02,  2.94042E+02,  3.23209E+02,  3.66396E+02,  4.25972E+02
 5.00765E+02,  5.85288E+02,  6.72322E+02,  7.49224E+02,  8.06734E+02
 8.43229E+02,  8.61573E+02,  8.60786E+02,  8.86929E+02,  8.86929E+02
 5.57676E+02,  5.57676E+02,  5.57676E+02,  5.57676E+02,  5.57676E+02
 5.57676E+02,  2.61429E+02,  2.72108E+02,  2.79288E+02,  2.94042E+02
 3.23209E+02,  3.66396E+02,  4.25972E+02,  5.00765E+02,  5.85288E+02
 6.72322E+02,  7.49224E+02,  8.06734E+02,  8.43229E+02,  8.61573E+02
 8.60786E+02,  8.86929E+02,  8.86929E+02,  5.57676E+02,  5.57676E+02
 5.57676E+02,  5.57676E+02,  5.57676E+02,  5.57676E+02,  2.61429E+02
 2.72108E+02,  2.79288E+02,  2.94042E+02,  3.23209E+02,  3.66396E+02
 4.25972E+02,  5.00765E+02,  5.85288E+02,  6.72322E+02,  7.49224E+02
 8.06734E+02,  8.43229E+02,  8.61573E+02,  8.60786E+02,  8.86929E+02
 8.86929E+02,  5.57676E+02,  5.57676E+02,  5.57676E+02,  5.57676E+02
 5.57676E+02,  5.57676E+02,  2.61429E+02,  2.72108E+02,  2.79288E+02
 2.94042E+02,  3.23209E+02,  3.66396E+02,  4.25972E+02,  5.00765E+02
 5.85288E+02,  6.72322E+02,  7.49224E+02,  8.06734E+02,  8.43229E+02
 8.61573E+02,  8.60786E+02,  8.86929E+02,  8.86929E+02,  5.57676E+02
 5.57676E+02,  5.57676E+02,  5.57676E+02,  5.57676E+02,  5.57676E+02
 2.61429E+02,  2.72108E+02,  2.79288E+02,  2.94042E+02,  3.23209E+02
 3.66396E+02,  4.25972E+02,  5.00765E+02,  5.85288E+02,  6.72322E+02
 7.49224E+02,  8.06734E+02,  8.43229E+02,  8.61573E+02,  8.60786E+02
 8.86929E+02,  8.86929E+02,  5.57676E+02,  5.57676E+02,  5.57676E+02
 5.57676E+02,  5.57676E+02,  5.57676E+02,  5.17330E+02,  4.75442E+02
 4.51980E+02,  4.34611E+02,  4.51939E+02,  4.84989E+02,  5.22765E+02
 5.51677E+02,  5.64309E+02,  5.56473E+02,  5.27838E+02,  4.89039E+02
 4.51486E+02,  4.22284E+02,  4.02712E+02,  3.85650E+02,  3.85650E+02
 3.41875E+02,  3.41875E+02,  3.41875E+02,  3.41875E+02,  3.41875E+02
 3.41875E+02,  5.17330E+02,  4.75442E+02,  4.51980E+02,  4.34611E+02
 4.51939E+02,  4.84989E+02,  5.22765E+02,  5.51677E+02,  5.64309E+02
 5.56473E+02,  5.27838E+02,  4.89039E+02,  4.51486E+02,  4.22284E+02
 4.02712E+02,  3.85650E+02,  3.85650E+02,  3.41875E+02,  3.41875E+02
 3.41875E+02,  3.41875E+02,  3.41875E+02,  3.41875E+02,  3.30400E+02
 3.76193E+02,  4.38689E+02,  4.79913E+02,  5.44427E+02,  6.47241E+02
 7.27146E+02,  7.50349E+02,  6.45136E+02,  5.78276E+02,  5.34190E+02
 4.86168E+02,  4.47368E+02,  4.18591E+02,  3.99848E+02,  3.91904E+02
 3.91904E+02,  3.47137E+02,  3.47137E+02,  3.47137E+02,  3.47137E+02
 3.47137E+02,  3.47137E+02,  2.70863E+02,  2.50081E+02,  3.54100E+02
 5.04417E+02,  5.77267E+02,  6.73056E+02,  7.72697E+02,  8.14672E+02
 7.74125E+02,  6.71244E+02,  5.68903E+02,  4.99319E+02,  4.58256E+02
 4.26063E+02,  4.01500E+02,  3.82621E+02,  3.82621E+02,  3.24609E+02
 3.24609E+02,  3.24609E+02,  3.24609E+02,  3.24609E+02,  3.24609E+02
 4.01061E+02,  1.40143E+02,  2.82117E+02,  5.12696E+02,  6.40446E+02
 7.50683E+02,  8.01157E+02,  8.47247E+02,  7.96001E+02,  6.95601E+02
 5.90320E+02,  5.05022E+02,  4.65313E+02,  4.30001E+02,  4.00962E+02
 3.72583E+02,  3.72583E+02,  3.12669E+02,  3.12669E+02,  3.12669E+02
 3.12669E+02,  3.12669E+02,  3.12669E+02,  2.62229E+02,  1.05107E+02
 2.52279E+02,  6.16138E+02,  7.46341E+02,  8.35048E+02,  8.75376E+02
 8.74987E+02,  8.06977E+02,  7.01353E+02,  5.94323E+02,  5.12630E+02
 4.71421E+02,  4.33147E+02,  4.01006E+02,  3.65775E+02,  3.65775E+02
 3.07380E+02,  3.07380E+02,  3.07380E+02,  3.07380E+02,  3.07380E+02
 3.07380E+02,  2.49958E+02,  9.76852E+01,  3.00019E+02,  7.41754E+02
 9.06094E+02,  9.34523E+02,  9.20509E+02,  8.76585E+02,  7.89810E+02
 6.83157E+02,  5.93266E+02,  5.20033E+02,  4.77808E+02,  4.35669E+02
 4.00615E+02,  3.59017E+02,  3.59017E+02,  3.01214E+02,  3.01214E+02
 3.01214E+02,  3.01214E+02,  3.01214E+02,  3.01214E+02,  3.04883E+02
 1.38836E+02,  3.26709E+02,  8.55467E+02,  1.07862E+03,  1.00882E+03
 9.27648E+02,  8.46273E+02,  7.71052E+02,  6.82734E+02,  6.00231E+02
 5.29962E+02,  4.83616E+02,  4.37310E+02,  3.99742E+02,  3.52257E+02
 3.52257E+02,  2.95681E+02,  2.95681E+02,  2.95681E+02,  2.95681E+02
 2.95681E+02,  2.95681E+02,  2.82770E+02,  1.26707E+02,  3.21721E+02
 8.94294E+02,  1.12869E+03,  9.91731E+02,  8.89772E+02,  8.31781E+02
 7.67005E+02,  6.93431E+02,  6.05996E+02,  5.41038E+02,  4.88027E+02
 4.37964E+02,  3.98359E+02,  3.45323E+02,  3.45323E+02,  2.90687E+02
 2.90687E+02,  2.90687E+02,  2.90687E+02,  2.90687E+02,  2.90687E+02
 3.23356E+02,  1.31153E+02,  3.05864E+02,  8.44759E+02,  9.68489E+02
 9.73059E+02,  8.72169E+02,  8.04039E+02,  7.55514E+02,  6.92340E+02
 6.06708E+02,  5.49184E+02,  4.90496E+02,  4.37525E+02,  3.96456E+02
 3.38163E+02,  3.38163E+02,  2.86236E+02,  2.86236E+02,  2.86236E+02
 2.86236E+02,  2.86236E+02,  2.86236E+02,  2.54151E+02,  1.20793E+02
 3.09126E+02,  8.26618E+02,  8.85084E+02,  8.38891E+02,  7.83295E+02
 7.48776E+02,  7.21304E+02,  6.74674E+02,  6.10171E+02,  5.52733E+02
 4.90723E+02,  4.36015E+02,  3.94122E+02,  3.30801E+02,  3.30801E+02
 2.82054E+02,  2.82054E+02,  2.82054E+02,  2.82054E+02,  2.82054E+02
 2.82054E+02,  3.01650E+02,  1.37763E+02,  3.18899E+02,  8.11484E+02
 8.27415E+02,  7.30576E+02,  6.98924E+02,  6.83792E+02,  6.77348E+02
 6.54513E+02,  6.09536E+02,  5.51104E+02,  4.88705E+02,  4.33453E+02
 3.91355E+02,  3.23021E+02,  3.23021E+02,  2.77982E+02,  2.77982E+02
 2.77982E+02,  2.77982E+02,  2.77982E+02,  2.77982E+02,  2.78726E+02
 1.29366E+02,  3.05724E+02,  7.15287E+02,  6.99381E+02,  6.80240E+02
 6.37812E+02,  6.26381E+02,  6.35004E+02,  6.30666E+02,  5.97737E+02
 5.44109E+02,  4.84131E+02,  4.29630E+02,  3.88073E+02,  3.14793E+02
 3.14793E+02,  2.74483E+02,  2.74483E+02,  2.74483E+02,  2.74483E+02
 2.74483E+02,  2.74483E+02,  2.62843E+02,  1.22464E+02,  2.63291E+02
 5.79650E+02,  6.00411E+02,  6.10076E+02,  5.99571E+02,  5.78173E+02
 5.87584E+02,  5.95260E+02,  5.75992E+02,  5.31932E+02,  4.76935E+02
 4.24565E+02,  3.84374E+02,  3.06326E+02,  3.06326E+02,  2.71482E+02
 2.71482E+02,  2.71482E+02,  2.71482E+02,  2.71482E+02,  2.71482E+02
 3.17688E+02,  1.18639E+02,  2.38360E+02,  5.13097E+02,  6.09997E+02
 5.80391E+02,  5.80564E+02,  5.18779E+02,  5.25284E+02,  5.50262E+02
 5.47164E+02,  5.15392E+02,  4.67393E+02,  4.18382E+02,  3.80320E+02
 2.97626E+02,  2.97626E+02,  2.68855E+02,  2.68855E+02,  2.68855E+02
 2.68855E+02,  2.68855E+02,  2.68855E+02,  3.11913E+02,  1.27346E+02
 2.46818E+02,  5.42324E+02,  6.20222E+02,  6.04600E+02,  5.62085E+02
 4.49910E+02,  4.66792E+02,  5.01673E+02,  5.13896E+02,  4.95276E+02
 4.55613E+02,  4.11018E+02,  3.75864E+02,  2.90522E+02,  2.90522E+02
 2.65878E+02,  2.65878E+02,  2.65878E+02,  2.65878E+02,  2.65878E+02
 2.65878E+02,  3.04356E+02,  1.38066E+02,  2.77360E+02,  6.81097E+02
 6.53073E+02,  6.23351E+02,  5.18092E+02,  3.98281E+02,  4.14746E+02
 4.53955E+02,  4.78529E+02,  4.72548E+02,  4.41910E+02,  4.02608E+02
 3.71111E+02,  2.84247E+02,  2.84247E+02,  2.62681E+02,  2.62681E+02
 2.62681E+02,  2.62681E+02,  2.62681E+02,  2.62681E+02,  4.06224E+02
 1.51704E+02,  2.99090E+02,  8.01381E+02,  7.96306E+02,  6.03960E+02
 4.67670E+02,  3.68915E+02,  3.71275E+02,  4.09920E+02,  4.43083E+02
 4.48159E+02,  4.26556E+02,  3.93145E+02,  3.65983E+02,  2.77713E+02
 2.77713E+02,  2.59639E+02,  2.59639E+02,  2.59639E+02,  2.59639E+02
 2.59639E+02,  2.59639E+02,  2.41504E+02,  1.46177E+02,  3.14887E+02
 8.76957E+02,  9.14078E+02,  6.76623E+02,  4.70380E+02,  3.50542E+02
 3.36007E+02,  3.70539E+02,  4.08865E+02,  4.22713E+02,  4.09483E+02
 3.82295E+02,  3.60125E+02,  2.70956E+02,  2.70956E+02,  2.57530E+02
 2.57530E+02,  2.57530E+02,  2.57530E+02,  2.57530E+02,  2.57530E+02
 3.18431E+02,  1.52286E+02,  3.26305E+02,  9.83619E+02,  1.03563E+03
 7.41343E+02,  5.25452E+02,  3.41576E+02,  3.08056E+02,  3.36190E+02
 3.76851E+02,  3.96899E+02,  3.90847E+02,  3.70042E+02,  3.53525E+02
 2.64391E+02,  2.64391E+02,  2.55918E+02,  2.55918E+02,  2.55918E+02
 2.55918E+02,  2.55918E+02,  2.55918E+02,  2.73308E+02,  1.51446E+02
 3.28253E+02,  1.08508E+03,  1.24036E+03,  8.36697E+02,  5.67566E+02
 3.39672E+02,  2.86257E+02,  3.06707E+02,  3.47643E+02,  3.71348E+02
 3.70814E+02,  3.56468E+02,  3.46301E+02,  2.57972E+02,  2.57972E+02
 2.54957E+02,  2.54957E+02,  2.54957E+02,  2.54957E+02,  2.54957E+02
 2.54957E+02,  2.69035E+02,  1.43317E+02,  3.21680E+02,  1.07312E+03
 1.30857E+03,  9.12778E+02,  5.78794E+02,  3.39471E+02,  2.69099E+02
 2.81614E+02,  3.21437E+02,  3.46498E+02,  3.50468E+02,  3.44836E+02
 3.41084E+02,  2.51784E+02,  2.51784E+02,  2.54294E+02,  2.54294E+02
 2.54294E+02,  2.54294E+02,  2.54294E+02,  2.54294E+02,  3.36224E+02
 1.49080E+02,  3.12836E+02,  9.46975E+02,  1.23448E+03,  9.36870E+02
 5.76414E+02,  3.37414E+02,  2.54993E+02,  2.60307E+02,  2.98278E+02
 3.23779E+02,  3.35166E+02,  3.39781E+02,  3.37838E+02,  2.46079E+02
 2.46079E+02,  2.53655E+02,  2.53655E+02,  2.53655E+02,  2.53655E+02
 2.53655E+02,  2.53655E+02,  3.47605E+02,  1.54259E+02,  3.23963E+02
 9.08233E+02,  1.07107E+03,  9.14990E+02,  5.69311E+02,  3.31605E+02
 2.42509E+02,  2.42123E+02,  2.78106E+02,  3.05412E+02,  3.27067E+02
 3.33639E+02,  3.33587E+02,  2.40441E+02,  2.40441E+02,  2.53271E+02
 2.53271E+02,  2.53271E+02,  2.53271E+02,  2.53271E+02,  2.53271E+02
 2.73135E+02,  1.63360E+02,  3.49539E+02,  9.50481E+02,  9.87251E+02
 8.46895E+02,  5.54434E+02,  3.22205E+02,  2.31105E+02,  2.26611E+02
 2.60468E+02,  2.87461E+02,  3.17671E+02,  3.26253E+02,  3.28167E+02
 2.34548E+02,  2.34548E+02,  2.52593E+02,  2.52593E+02,  2.52593E+02
 2.52593E+02,  2.52593E+02,  2.52593E+02,  3.04539E+02,  1.78924E+02
 3.82350E+02,  8.64401E+02,  9.78999E+02,  7.91660E+02,  5.34037E+02
 3.10663E+02,  2.20737E+02,  2.13435E+02,  2.45130E+02,  2.71613E+02
 3.07578E+02,  3.18192E+02,  3.22060E+02,  2.28937E+02,  2.28937E+02
 2.52756E+02,  2.52756E+02,  2.52756E+02,  2.52756E+02,  2.52756E+02
 2.52756E+02,  3.17057E+02,  1.88613E+02,  4.00132E+02,  8.92029E+02
 9.52960E+02,  7.72438E+02,  5.13358E+02,  2.98732E+02,  2.11795E+02
 2.02464E+02,  2.31659E+02,  2.60315E+02,  2.97836E+02,  3.10205E+02
 3.15631E+02,  2.23635E+02,  2.23635E+02,  2.53540E+02,  2.53540E+02
 2.53540E+02,  2.53540E+02,  2.53540E+02,  2.53540E+02,  3.04797E+02
 1.88183E+02,  4.05516E+02,  9.24407E+02,  9.28399E+02,  7.56536E+02
 4.94719E+02,  2.88875E+02,  2.05354E+02,  1.93829E+02,  2.20132E+02
 2.49522E+02,  2.88559E+02,  3.02653E+02,  3.08857E+02,  2.18666E+02
 2.18666E+02,  2.54730E+02,  2.54730E+02,  2.54730E+02,  2.54730E+02
 2.54730E+02,  2.54730E+02,  3.20710E+02,  1.86143E+02,  4.02994E+02
 8.86580E+02,  8.85687E+02,  7.25110E+02,  4.77610E+02,  2.83085E+02
 2.02484E+02,  1.87771E+02,  2.10557E+02,  2.39481E+02,  2.78398E+02
 2.94799E+02,  3.02266E+02,  2.14659E+02,  2.14659E+02,  2.56843E+02
 2.56843E+02,  2.56843E+02,  2.56843E+02,  2.56843E+02,  2.56843E+02
 3.18227E+02,  1.80750E+02,  4.14449E+02,  8.74567E+02,  8.57510E+02
 7.13190E+02,  4.60600E+02,  2.82346E+02,  2.04637E+02,  1.84986E+02
 2.02915E+02,  2.30165E+02,  2.67537E+02,  2.86093E+02,  2.95700E+02
 2.10689E+02,  2.10689E+02,  2.59863E+02,  2.59863E+02,  2.59863E+02
 2.59863E+02,  2.59863E+02,  2.59863E+02,  2.93874E+02,  1.85623E+02
 4.44924E+02,  9.08564E+02,  9.41851E+02,  6.96397E+02,  4.45720E+02
 2.88650E+02,  2.12810E+02,  1.86019E+02,  1.97150E+02,  2.21261E+02
 2.56532E+02,  2.76564E+02,  2.88170E+02,  2.05586E+02,  2.05586E+02
 2.59990E+02,  2.59990E+02,  2.59990E+02,  2.59990E+02,  2.59990E+02
 2.59990E+02,  3.13869E+02,  2.05074E+02,  4.69442E+02,  9.76621E+02
 9.11141E+02,  6.66353E+02,  4.39348E+02,  3.01713E+02,  2.13337E+02
 1.85405E+02,  1.93210E+02,  2.13110E+02,  2.45694E+02,  2.66548E+02
 2.80093E+02,  2.00996E+02,  2.00996E+02,  2.58215E+02,  2.58215E+02
 2.58215E+02,  2.58215E+02,  2.58215E+02,  2.58215E+02,  3.06134E+02
 2.27718E+02,  4.91013E+02,  9.54556E+02,  8.42824E+02,  6.56402E+02
 4.45376E+02,  3.12455E+02,  2.08896E+02,  1.82108E+02,  1.89666E+02
 2.07154E+02,  2.35485E+02,  2.56622E+02,  2.72169E+02,  1.99171E+02
 1.99171E+02,  2.57796E+02,  2.57796E+02,  2.57796E+02,  2.57796E+02
 2.57796E+02,  2.57796E+02,  2.70570E+02,  2.56383E+02,  4.98774E+02
 8.20954E+02,  7.86933E+02,  6.57385E+02,  4.60359E+02,  3.16377E+02
 2.06401E+02,  1.79057E+02,  1.89120E+02,  2.04304E+02,  2.26087E+02
 2.46611E+02,  2.64146E+02,  2.00503E+02,  2.00503E+02,  2.57529E+02
 2.57529E+02,  2.57529E+02,  2.57529E+02,  2.57529E+02,  2.57529E+02
 4.64989E+02,  3.03372E+02,  4.64606E+02,  6.53660E+02,  6.92796E+02
 6.48862E+02,  4.77082E+02,  3.21488E+02,  2.08320E+02,  1.78351E+02
 1.89589E+02,  2.05830E+02,  2.21053E+02,  2.38483E+02,  2.57102E+02
 2.02902E+02,  2.02902E+02,  2.56818E+02,  2.56818E+02,  2.56818E+02
 2.56818E+02,  2.56818E+02,  2.56818E+02,  3.50515E+02,  3.26476E+02
 4.46225E+02,  5.29905E+02,  6.08711E+02,  6.24318E+02,  4.89814E+02
 3.31582E+02,  2.13150E+02,  1.79463E+02,  1.90642E+02,  2.08238E+02
 2.21059E+02,  2.35911E+02,  2.51760E+02,  2.04862E+02,  2.04862E+02
 2.56624E+02,  2.56624E+02,  2.56624E+02,  2.56624E+02,  2.56624E+02
 2.56624E+02,  5.12888E+02,  3.69326E+02,  4.45413E+02,  4.75137E+02
 5.34650E+02,  5.84804E+02,  4.94924E+02,  3.38631E+02,  2.20450E+02
 1.82078E+02,  1.92320E+02,  2.09849E+02,  2.22603E+02,  2.38293E+02
 2.46744E+02,  2.07713E+02,  2.07713E+02,  2.57633E+02,  2.57633E+02
 2.57633E+02,  2.57633E+02,  2.57633E+02,  2.57633E+02,  5.48723E+02
 4.00112E+02,  4.80860E+02,  4.65752E+02,  4.99203E+02,  5.53820E+02
 4.96054E+02,  3.37075E+02,  2.30988E+02,  1.86404E+02,  1.94671E+02
 2.11279E+02,  2.24275E+02,  2.40786E+02,  2.41823E+02,  2.10799E+02
 2.10799E+02,  2.58077E+02,  2.58077E+02,  2.58077E+02,  2.58077E+02
 2.58077E+02,  2.58077E+02,  3.19104E+02,  3.63271E+02,  5.29521E+02
 4.94674E+02,  4.99671E+02,  5.62616E+02,  4.97971E+02,  3.30832E+02
 2.35125E+02,  1.93302E+02,  1.97649E+02,  2.13059E+02,  2.26890E+02
 2.41872E+02,  2.38982E+02,  2.13174E+02,  2.13174E+02,  2.58611E+02
 2.58611E+02,  2.58611E+02,  2.58611E+02,  2.58611E+02,  2.58611E+02
 3.87504E+02,  3.55351E+02,  5.87654E+02,  5.47636E+02,  5.16399E+02
 5.69021E+02,  4.94420E+02,  3.21325E+02,  2.29511E+02,  2.01531E+02
 2.00795E+02,  2.14741E+02,  2.29271E+02,  2.42303E+02,  2.39028E+02
 2.15267E+02,  2.15267E+02,  2.59590E+02,  2.59590E+02,  2.59590E+02
 2.59590E+02,  2.59590E+02,  2.59590E+02,  3.37401E+02,  3.84266E+02
 6.63570E+02,  6.25273E+02,  5.49758E+02,  5.59845E+02,  4.68163E+02
 2.98941E+02,  2.17904E+02,  2.02600E+02,  2.03669E+02,  2.16066E+02
 2.30779E+02,  2.43420E+02,  2.40202E+02,  2.17110E+02,  2.17110E+02
 2.60962E+02,  2.60962E+02,  2.60962E+02,  2.60962E+02,  2.60962E+02
 2.60962E+02,  3.76247E+02,  4.62106E+02,  7.34011E+02,  6.98972E+02
 5.89173E+02,  5.57542E+02,  4.21418E+02,  2.69921E+02,  2.08204E+02
 1.97986E+02,  2.04369E+02,  2.14243E+02,  2.27235E+02,  2.39701E+02
 2.38066E+02,  2.18037E+02,  2.18037E+02,  2.63520E+02,  2.63520E+02
 2.63520E+02,  2.63520E+02,  2.63520E+02,  2.63520E+02,  3.73308E+02
 4.82130E+02,  8.11403E+02,  7.49466E+02,  6.02691E+02,  5.34433E+02
 3.70170E+02,  2.40392E+02,  2.00493E+02,  1.93740E+02,  2.04046E+02
 2.13899E+02,  2.25388E+02,  2.36167E+02,  2.35134E+02,  2.19412E+02
 2.19412E+02,  2.66614E+02,  2.66614E+02,  2.66614E+02,  2.66614E+02
 2.66614E+02,  2.66614E+02,  2.96010E+02,  4.69040E+02,  8.85787E+02
 8.14413E+02,  5.96670E+02,  4.91319E+02,  3.06383E+02,  2.19951E+02
 1.96107E+02,  1.93610E+02,  2.02394E+02,  2.14005E+02,  2.27569E+02
 2.36745E+02,  2.33338E+02,  2.23836E+02,  2.23836E+02,  2.69762E+02
 2.69762E+02,  2.69762E+02,  2.69762E+02,  2.69762E+02,  2.69762E+02
 5.59737E+02,  5.11813E+02,  7.94356E+02,  7.49698E+02,  5.60529E+02
 4.02794E+02,  2.65896E+02,  2.07916E+02,  1.96144E+02,  1.91607E+02
 2.02941E+02,  2.16215E+02,  2.30220E+02,  2.39394E+02,  2.35850E+02
 2.31165E+02,  2.31165E+02,  2.73576E+02,  2.73576E+02,  2.73576E+02
 2.73576E+02,  2.73576E+02,  2.73576E+02,  3.29421E+02,  5.58456E+02
 7.44770E+02,  6.86125E+02,  5.20953E+02,  3.38172E+02,  2.42144E+02
 2.05392E+02,  2.01286E+02,  1.92081E+02,  2.09994E+02,  2.30841E+02
 2.40815E+02,  2.48512E+02,  2.46590E+02,  2.39184E+02,  2.39184E+02
 2.78152E+02,  2.78152E+02,  2.78152E+02,  2.78152E+02,  2.78152E+02
 2.78152E+02,  9.37517E+02,  7.29788E+02,  6.90735E+02,  5.49083E+02
 4.52951E+02,  2.91811E+02,  2.20614E+02,  2.14791E+02,  2.09497E+02
 2.02390E+02,  2.18941E+02,  2.45702E+02,  2.57369E+02,  2.61885E+02
 2.56972E+02,  2.48146E+02,  2.48146E+02,  2.83606E+02,  2.83606E+02
 2.83606E+02,  2.83606E+02,  2.83606E+02,  2.83606E+02,  6.50522E+02
 6.70370E+02,  6.31545E+02,  4.80379E+02,  4.12089E+02,  2.61739E+02
 2.11263E+02,  2.27142E+02,  2.14195E+02,  2.10683E+02,  2.29952E+02
 2.56668E+02,  2.66821E+02,  2.68043E+02,  2.65327E+02,  2.57805E+02
 2.57805E+02,  2.89978E+02,  2.89978E+02,  2.89978E+02,  2.89978E+02
 2.89978E+02,  2.89978E+02,  8.73577E+02,  6.71559E+02,  5.58241E+02
 4.31458E+02,  3.63054E+02,  2.54760E+02,  2.49401E+02,  2.30705E+02
 2.12233E+02,  2.18201E+02,  2.43800E+02,  2.69513E+02,  2.78002E+02
 2.81823E+02,  2.76747E+02,  2.68806E+02,  2.68806E+02,  2.96934E+02
 2.96934E+02,  2.96934E+02,  2.96934E+02,  2.96934E+02,  2.96934E+02
 9.97513E+02,  7.45663E+02,  5.39274E+02,  4.25988E+02,  3.51178E+02
 2.59081E+02,  2.51887E+02,  2.14188E+02,  2.06885E+02,  2.30023E+02
 2.60674E+02,  2.86001E+02,  2.95961E+02,  3.00300E+02,  2.90333E+02
 2.82205E+02,  2.82205E+02,  3.04706E+02,  3.04706E+02,  3.04706E+02
 3.04706E+02,  3.04706E+02,  3.04706E+02,  3.36331E+02,  4.77691E+02
 6.24874E+02,  4.66766E+02,  3.73480E+02,  2.73559E+02,  2.18386E+02
 2.07375E+02,  2.12982E+02,  2.46752E+02,  2.78991E+02,  3.02711E+02
 3.12849E+02,  3.17024E+02,  3.04023E+02,  2.96618E+02,  2.96618E+02
 3.13479E+02,  3.13479E+02,  3.13479E+02,  3.13479E+02,  3.13479E+02
 3.13479E+02,  5.14940E+02,  6.30532E+02,  7.72504E+02,  4.91171E+02
 3.89477E+02,  2.77090E+02,  2.25975E+02,  2.15386E+02,  2.31302E+02
 2.68102E+02,  2.98224E+02,  3.19014E+02,  3.28757E+02,  3.32852E+02
 3.18497E+02,  3.12142E+02,  3.12142E+02,  3.23267E+02,  3.23267E+02
 3.23267E+02,  3.23267E+02,  3.23267E+02,  3.23267E+02,  4.80881E+02
 6.20185E+02,  6.46296E+02,  4.75972E+02,  3.87634E+02,  2.88926E+02
 2.46054E+02,  2.42150E+02,  2.60562E+02,  2.91059E+02,  3.14455E+02
 3.30885E+02,  3.40468E+02,  3.45864E+02,  3.32819E+02,  3.28272E+02
 3.28272E+02,  3.34208E+02,  3.34208E+02,  3.34208E+02,  3.34208E+02
 3.34208E+02,  3.34208E+02,  5.23614E+02,  4.11366E+02,  4.55734E+02
 4.45274E+02,  4.06949E+02,  3.45812E+02,  3.20767E+02,  2.91942E+02
 2.93963E+02,  3.04355E+02,  3.22920E+02,  3.35864E+02,  3.46100E+02
 3.54591E+02,  3.45909E+02,  3.43613E+02,  3.43613E+02,  3.45996E+02
 3.45996E+02,  3.45996E+02,  3.45996E+02,  3.45996E+02,  3.45996E+02
 3.37921E+02,  3.04493E+02,  4.62534E+02,  5.82057E+02,  5.33967E+02
 4.36044E+02,  3.55661E+02,  3.44494E+02,  3.25111E+02,  3.07027E+02
 3.28130E+02,  3.39160E+02,  3.54726E+02,  3.66690E+02,  3.60705E+02
 3.59794E+02,  3.59794E+02,  3.58786E+02,  3.58786E+02,  3.58786E+02
 3.58786E+02,  3.58786E+02,  3.58786E+02,  3.44754E+02,  2.81770E+02
 5.76511E+02,  8.49594E+02,  7.49651E+02,  6.28602E+02,  5.18542E+02
 4.00377E+02,  3.33004E+02,  3.14143E+02,  3.29581E+02,  3.44948E+02
 3.63748E+02,  3.81607E+02,  3.77823E+02,  3.77816E+02,  3.77816E+02
 3.73144E+02,  3.73144E+02,  3.73144E+02,  3.73144E+02,  3.73144E+02
 3.73144E+02,  3.35311E+02,  2.79981E+02,  5.80086E+02,  8.84041E+02
 8.39912E+02,  7.14614E+02,  5.38250E+02,  3.99006E+02,  3.31729E+02
 3.07409E+02,  3.29985E+02,  3.47989E+02,  3.69270E+02,  3.95322E+02
 3.95232E+02,  3.96344E+02,  3.96344E+02,  3.88932E+02,  3.88932E+02
 3.88932E+02,  3.88932E+02,  3.88932E+02,  3.88932E+02,  3.62850E+02
 3.02446E+02,  4.68566E+02,  6.32195E+02,  6.62812E+02,  5.80792E+02
 4.43047E+02,  3.73733E+02,  3.26034E+02,  2.99950E+02,  3.30229E+02
 3.50489E+02,  3.77142E+02,  4.07877E+02,  4.12918E+02,  4.15262E+02
 4.15262E+02,  4.06133E+02,  4.06133E+02,  4.06133E+02,  4.06133E+02
 4.06133E+02,  4.06133E+02,  3.69874E+02,  3.53753E+02,  3.81800E+02
 3.81994E+02,  3.84979E+02,  4.07824E+02,  3.72294E+02,  3.37956E+02
 3.14518E+02,  2.98167E+02,  3.29348E+02,  3.53937E+02,  3.87874E+02
 4.17943E+02,  4.29407E+02,  4.34115E+02,  4.34115E+02,  4.24605E+02
 4.24605E+02,  4.24605E+02,  4.24605E+02,  4.24605E+02,  4.24605E+02
 4.50951E+02,  5.47298E+02,  3.70424E+02,  2.62157E+02,  2.36786E+02
 2.74586E+02,  2.98556E+02,  2.98982E+02,  2.99610E+02,  2.97510E+02
 3.24688E+02,  3.55520E+02,  3.97609E+02,  4.25093E+02,  4.43433E+02
 4.52132E+02,  4.52132E+02,  4.43731E+02,  4.43731E+02,  4.43731E+02
 4.43731E+02,  4.43731E+02,  4.43731E+02,  4.42945E+02,  7.55792E+02
 4.13577E+02,  2.16870E+02,  1.81557E+02,  2.20854E+02,  2.60128E+02
 2.69349E+02,  2.79747E+02,  2.85736E+02,  3.18942E+02,  3.55900E+02
 4.04311E+02,  4.33345E+02,  4.57560E+02,  4.70395E+02,  4.70395E+02
 4.63844E+02,  4.63844E+02,  4.63844E+02,  4.63844E+02,  4.63844E+02
 4.63844E+02,  5.02150E+02,  1.36815E+03,  5.58105E+02,  2.15588E+02
 1.69202E+02,  1.97356E+02,  2.40553E+02,  2.52916E+02,  2.65098E+02
 2.73499E+02,  3.15244E+02,  3.56356E+02,  4.09228E+02,  4.46355E+02
 4.74391E+02,  4.89430E+02,  4.89430E+02,  4.85162E+02,  4.85162E+02
 4.85162E+02,  4.85162E+02,  4.85162E+02,  4.85162E+02,  5.03650E+02
 1.38046E+03,  7.43636E+02,  2.41914E+02,  1.95608E+02,  2.09536E+02
 2.36544E+02,  2.52757E+02,  2.60553E+02,  2.67779E+02,  3.11563E+02
 3.57273E+02,  4.10671E+02,  4.55965E+02,  4.89446E+02,  5.08716E+02
 5.08716E+02,  5.07067E+02,  5.07067E+02,  5.07067E+02,  5.07067E+02
 5.07067E+02,  5.07067E+02,  4.80948E+02,  1.29308E+03,  8.45286E+02
 2.95431E+02,  2.30926E+02,  2.54191E+02,  2.68821E+02,  2.63644E+02
 2.55453E+02,  2.67331E+02,  3.06344E+02,  3.56328E+02,  4.08498E+02
 4.62107E+02,  5.02464E+02,  5.28201E+02,  5.28201E+02,  5.29225E+02
 5.29225E+02,  5.29225E+02,  5.29225E+02,  5.29225E+02,  5.29225E+02
 5.68390E+02,  1.08391E+03,  8.86104E+02,  3.59527E+02,  2.98143E+02
 3.08857E+02,  2.88141E+02,  2.66786E+02,  2.52482E+02,  2.61705E+02
 2.97766E+02,  3.51204E+02,  4.02661E+02,  4.63983E+02,  5.12530E+02
 5.47681E+02,  5.47681E+02,  5.51090E+02,  5.51090E+02,  5.51090E+02
 5.51090E+02,  5.51090E+02,  5.51090E+02,  5.11506E+02,  9.64595E+02
 8.36632E+02,  3.94874E+02,  3.99169E+02,  4.09434E+02,  3.20572E+02
 2.58989E+02,  2.42196E+02,  2.50181E+02,  2.85261E+02,  3.40795E+02
 4.01625E+02,  4.63482E+02,  5.19930E+02,  5.67123E+02,  5.67123E+02
 5.72457E+02,  5.72457E+02,  5.72457E+02,  5.72457E+02,  5.72457E+02
 5.72457E+02,  4.94438E+02,  7.77380E+02,  7.12345E+02,  4.21774E+02
 4.85771E+02,  5.22263E+02,  3.64107E+02,  2.56737E+02,  2.29876E+02
 2.35374E+02,  2.70990E+02,  3.27664E+02,  3.98903E+02,  4.61916E+02
 5.25540E+02,  5.86754E+02,  5.86754E+02,  5.93737E+02,  5.93737E+02
 5.93737E+02,  5.93737E+02,  5.93737E+02,  5.93737E+02,  5.47673E+02
 6.60088E+02,  5.44389E+02,  4.74047E+02,  6.06464E+02,  6.10864E+02
 3.90931E+02,  2.55399E+02,  2.16028E+02,  2.19068E+02,  2.56133E+02
 3.13462E+02,  3.93460E+02,  4.58709E+02,  5.28994E+02,  6.06246E+02
 6.06246E+02,  6.14678E+02,  6.14678E+02,  6.14678E+02,  6.14678E+02
 6.14678E+02,  6.14678E+02,  4.00625E+02,  4.80871E+02,  4.49777E+02
 5.30741E+02,  7.31865E+02,  6.64716E+02,  3.95602E+02,  2.52264E+02
 2.02238E+02,  2.02665E+02,  2.41459E+02,  2.98384E+02,  3.85395E+02
 4.54216E+02,  5.30229E+02,  6.25276E+02,  6.25276E+02,  6.35165E+02
 6.35165E+02,  6.35165E+02,  6.35165E+02,  6.35165E+02,  6.35165E+02
 5.21287E+02,  4.44013E+02,  4.58916E+02,  6.12887E+02,  7.87981E+02
 6.75808E+02,  3.90683E+02,  2.45946E+02,  1.90387E+02,  1.87700E+02
 2.27383E+02,  2.88146E+02,  3.75859E+02,  4.52141E+02,  5.29297E+02
 6.43518E+02,  6.43518E+02,  6.55264E+02,  6.55264E+02,  6.55264E+02
 6.55264E+02,  6.55264E+02,  6.55264E+02,  3.59614E+02,  5.30700E+02
 6.22939E+02,  7.18958E+02,  8.12413E+02,  6.63708E+02,  3.78211E+02
 2.32275E+02,  1.83073E+02,  1.75978E+02,  2.13790E+02,  2.77295E+02
 3.65169E+02,  4.49030E+02,  5.26908E+02,  6.60684E+02,  6.60684E+02
 6.74817E+02,  6.74817E+02,  6.74817E+02,  6.74817E+02,  6.74817E+02
 6.74817E+02,  4.78001E+02,  5.51974E+02,  7.83126E+02,  8.23255E+02
 8.30308E+02,  6.47237E+02,  3.63808E+02,  2.17531E+02,  1.79801E+02
 1.67564E+02,  2.02178E+02,  2.65926E+02,  3.53967E+02,  4.43169E+02
 5.23826E+02,  6.77007E+02,  6.77007E+02,  6.94647E+02,  6.94647E+02
 6.94647E+02,  6.94647E+02,  6.94647E+02,  6.94647E+02,  3.25709E+02
 5.08574E+02,  7.84682E+02,  8.62806E+02,  8.01645E+02,  6.26239E+02
 3.55516E+02,  2.08264E+02,  1.79732E+02,  1.61129E+02,  1.93671E+02
 2.56030E+02,  3.43320E+02,  4.36114E+02,  5.19765E+02,  6.92373E+02
 6.92373E+02,  7.15255E+02,  7.15255E+02,  7.15255E+02,  7.15255E+02
 7.15255E+02,  7.15255E+02,  4.64946E+02,  4.93952E+02,  7.09277E+02
 8.94792E+02,  7.80843E+02,  6.01313E+02,  3.63466E+02,  2.06933E+02
 1.77840E+02,  1.61599E+02,  1.89296E+02,  2.48427E+02,  3.33698E+02
 4.28295E+02,  5.16357E+02,  7.06377E+02,  7.06377E+02,  7.35932E+02
 7.35932E+02,  7.35932E+02,  7.35932E+02,  7.35932E+02,  7.35932E+02
 3.21346E+02,  4.14347E+02,  6.35762E+02,  9.00608E+02,  9.08270E+02
 5.94641E+02,  3.81475E+02,  2.12436E+02,  1.67837E+02,  1.66737E+02
 1.89922E+02,  2.43468E+02,  3.25451E+02,  4.20189E+02,  5.13606E+02
 7.18992E+02,  7.18992E+02,  7.56694E+02,  7.56694E+02,  7.56694E+02
 7.56694E+02,  7.56694E+02,  7.56694E+02,  3.96580E+02,  3.62091E+02
 6.03729E+02,  7.71470E+02,  8.72441E+02,  6.00335E+02,  3.84665E+02
 2.23023E+02,  1.62273E+02,  1.67437E+02,  1.95837E+02,  2.41408E+02
 3.18873E+02,  4.12275E+02,  5.07597E+02,  7.30284E+02,  7.30284E+02
 7.77640E+02,  7.77640E+02,  7.77640E+02,  7.77640E+02,  7.77640E+02
 7.77640E+02,  3.09399E+02,  4.03922E+02,  6.60156E+02,  7.20492E+02
 7.72820E+02,  5.87981E+02,  3.89412E+02,  2.38285E+02,  1.63454E+02
 1.61855E+02,  1.99868E+02,  2.42231E+02,  3.14152E+02,  4.04893E+02
 4.99746E+02,  7.40412E+02,  7.40412E+02,  7.98378E+02,  7.98378E+02
 7.98378E+02,  7.98378E+02,  7.98378E+02,  7.98378E+02,  3.66067E+02
 4.26218E+02,  7.07054E+02,  7.22653E+02,  7.14389E+02,  5.75551E+02
 4.06232E+02,  2.58879E+02,  1.72412E+02,  1.65344E+02,  1.98182E+02
 2.45187E+02,  3.11208E+02,  3.98477E+02,  4.91605E+02,  7.49599E+02
 7.49599E+02,  8.19802E+02,  8.19802E+02,  8.19802E+02,  8.19802E+02
 8.19802E+02,  8.19802E+02,  3.31914E+02,  4.63691E+02,  7.12680E+02
 7.45569E+02,  6.96129E+02,  5.86071E+02,  4.19620E+02,  2.86915E+02
 1.89273E+02,  1.76123E+02,  2.00340E+02,  2.48832E+02,  3.09848E+02
 3.93064E+02,  4.83328E+02,  7.58298E+02,  7.58298E+02,  8.42495E+02
 8.42495E+02,  8.42495E+02,  8.42495E+02,  8.42495E+02,  8.42495E+02
 3.14265E+02,  4.06451E+02,  6.56971E+02,  7.04762E+02,  6.69792E+02
 6.04153E+02,  4.44998E+02,  3.23158E+02,  2.14414E+02,  1.93049E+02
 2.08157E+02,  2.51513E+02,  3.10014E+02,  3.88772E+02,  4.75128E+02
 7.66399E+02,  7.66399E+02,  8.65305E+02,  8.65305E+02,  8.65305E+02
 8.65305E+02,  8.65305E+02,  8.65305E+02,  3.85311E+02,  3.62787E+02
 5.19729E+02,  6.04165E+02,  6.15313E+02,  6.12348E+02,  4.79651E+02
 3.65726E+02,  2.47638E+02,  2.15403E+02,  2.20803E+02,  2.53215E+02
 3.11344E+02,  3.85756E+02,  4.67751E+02,  7.73546E+02,  7.73546E+02
 8.87968E+02,  8.87968E+02,  8.87968E+02,  8.87968E+02,  8.87968E+02
 8.87968E+02,  3.74195E+02,  4.80530E+02,  4.89430E+02,  4.83235E+02
 5.38463E+02,  5.94946E+02,  5.00837E+02,  4.11650E+02,  2.88119E+02
 2.40857E+02,  2.36953E+02,  2.57102E+02,  3.13402E+02,  3.84107E+02
 4.61610E+02,  7.80074E+02,  7.80074E+02,  9.10653E+02,  9.10653E+02
 9.10653E+02,  9.10653E+02,  9.10653E+02,  9.10653E+02,  4.37585E+02
 4.45909E+02,  4.67050E+02,  4.06054E+02,  4.46933E+02,  5.72491E+02
 5.14010E+02,  4.53799E+02,  3.33914E+02,  2.69422E+02,  2.54376E+02
 2.63192E+02,  3.14948E+02,  3.83691E+02,  4.57018E+02,  7.85995E+02
 7.85995E+02,  9.32733E+02,  9.32733E+02,  9.32733E+02,  9.32733E+02
 9.32733E+02,  9.32733E+02,  3.88948E+02,  4.50216E+02,  4.57296E+02
 3.60715E+02,  3.78129E+02,  5.31932E+02,  5.19186E+02,  4.82751E+02
 3.81405E+02,  3.00441E+02,  2.70667E+02,  2.70985E+02,  3.15596E+02
 3.83723E+02,  4.54056E+02,  7.91657E+02,  7.91657E+02,  9.55205E+02
 9.55205E+02,  9.55205E+02,  9.55205E+02,  9.55205E+02,  9.55205E+02
 4.18306E+02,  5.16388E+02,  4.60614E+02,  3.41673E+02,  3.46932E+02
 4.85093E+02,  5.23714E+02,  5.01285E+02,  4.12013E+02,  3.35253E+02
 2.87208E+02,  2.79865E+02,  3.16845E+02,  3.82887E+02,  4.52755E+02
 7.97835E+02,  7.97835E+02,  9.79162E+02,  9.79162E+02,  9.79162E+02
 9.79162E+02,  9.79162E+02,  9.79162E+02,  3.43313E+02,  4.68415E+02
 4.89461E+02,  3.39849E+02,  3.33458E+02,  4.47747E+02,  5.43190E+02
 5.10153E+02,  4.17869E+02,  3.59692E+02,  3.04794E+02,  2.90198E+02
 3.18741E+02,  3.79950E+02,  4.51032E+02,  8.04128E+02,  8.04128E+02
 1.00326E+03,  1.00326E+03,  1.00326E+03,  1.00326E+03,  1.00326E+03
 1.00326E+03,  4.08985E+02,  4.89307E+02,  5.18499E+02,  3.42505E+02
 3.23793E+02,  4.31097E+02,  5.34227E+02,  5.05927E+02,  4.25360E+02
 3.68975E+02,  3.23676E+02,  3.01508E+02,  3.21405E+02,  3.77600E+02
 4.44508E+02,  8.10404E+02,  8.10404E+02,  1.02702E+03,  1.02702E+03
 1.02702E+03,  1.02702E+03,  1.02702E+03,  1.02702E+03,  3.67576E+02
 6.46926E+02,  5.18668E+02,  3.34611E+02,  3.18459E+02,  4.21554E+02
 5.24143E+02,  5.09445E+02,  4.37089E+02,  3.69944E+02,  3.41678E+02
 3.10307E+02,  3.24543E+02,  3.76030E+02,  4.38342E+02,  8.17203E+02
 8.17203E+02,  1.05081E+03,  1.05081E+03,  1.05081E+03,  1.05081E+03
 1.05081E+03,  1.05081E+03,  5.42442E+02,  5.57427E+02,  4.44398E+02
 3.20352E+02,  3.15550E+02,  4.17908E+02,  5.18136E+02,  5.30598E+02
 4.44113E+02,  3.76447E+02,  3.46745E+02,  3.20142E+02,  3.27907E+02
 3.75430E+02,  4.33932E+02,  8.24660E+02,  8.24660E+02,  1.07379E+03
 1.07379E+03,  1.07379E+03,  1.07379E+03,  1.07379E+03,  1.07379E+03
 4.13333E+02,  4.32243E+02,  4.02501E+02,  3.23625E+02,  3.28568E+02
 4.09143E+02,  4.92511E+02,  5.14347E+02,  4.49670E+02,  3.68810E+02
 3.53001E+02,  3.26314E+02,  3.30959E+02,  3.75354E+02,  4.30936E+02
 8.33067E+02,  8.33067E+02,  1.09716E+03,  1.09716E+03,  1.09716E+03
 1.09716E+03,  1.09716E+03,  1.09716E+03,  4.21217E+02,  4.70721E+02
 4.74343E+02,  3.84759E+02,  3.63377E+02,  3.93733E+02,  4.51679E+02
 4.90107E+02,  4.43021E+02,  3.59479E+02,  3.45192E+02,  3.29641E+02
 3.33302E+02,  3.75234E+02,  4.28645E+02,  8.42797E+02,  8.42797E+02
 1.12265E+03,  1.12265E+03,  1.12265E+03,  1.12265E+03,  1.12265E+03
 1.12265E+03,  4.09886E+02,  6.23529E+02,  7.05482E+02,  4.70286E+02
 3.67948E+02,  3.64017E+02,  4.18379E+02,  4.61914E+02,  4.23768E+02
 3.46349E+02,  3.41148E+02,  3.30387E+02,  3.35098E+02,  3.75807E+02
 4.28238E+02,  8.53948E+02,  8.53948E+02,  1.14869E+03,  1.14869E+03
 1.14869E+03,  1.14869E+03,  1.14869E+03,  1.14869E+03,  4.56554E+02
 7.08894E+02,  7.41847E+02,  4.76025E+02,  3.28988E+02,  3.24747E+02
 3.78674E+02,  4.31587E+02,  3.98746E+02,  3.20558E+02,  3.46666E+02
 3.28661E+02,  3.36374E+02,  3.77349E+02,  4.30094E+02,  8.66642E+02
 8.66642E+02,  1.17456E+03,  1.17456E+03,  1.17456E+03,  1.17456E+03
 1.17456E+03,  1.17456E+03,  4.23179E+02,  6.54178E+02,  6.37236E+02
 3.87545E+02,  2.79474E+02,  2.88252E+02,  3.44453E+02,  4.01596E+02
 3.55740E+02,  3.16039E+02,  3.45999E+02,  3.25884E+02,  3.37074E+02
 3.79804E+02,  4.34159E+02,  8.81338E+02,  8.81338E+02,  1.20076E+03
 1.20076E+03,  1.20076E+03,  1.20076E+03,  1.20076E+03,  1.20076E+03
 4.45005E+02,  5.51044E+02,  5.25512E+02,  3.22246E+02,  2.44889E+02
 2.64419E+02,  3.15229E+02,  3.68008E+02,  3.31399E+02,  3.26837E+02
 3.43104E+02,  3.22397E+02,  3.37285E+02,  3.83295E+02,  4.40489E+02
 8.97861E+02,  8.97861E+02,  1.22595E+03,  1.22595E+03,  1.22595E+03
 1.22595E+03,  1.22595E+03,  1.22595E+03,  4.37963E+02,  6.41080E+02
 5.47025E+02,  3.17888E+02,  2.44913E+02,  2.52383E+02,  2.90686E+02
 3.31913E+02,  3.19401E+02,  3.25768E+02,  3.29205E+02,  3.17464E+02
 3.36735E+02,  3.87135E+02,  4.47965E+02,  9.15713E+02,  9.15713E+02
 1.25185E+03,  1.25185E+03,  1.25185E+03,  1.25185E+03,  1.25185E+03
 1.25185E+03,  5.04844E+02,  9.28059E+02,  7.37023E+02,  3.42096E+02
 2.48649E+02,  2.48781E+02,  2.80803E+02,  3.11629E+02,  3.33509E+02
 3.31090E+02,  3.03334E+02,  3.10574E+02,  3.35832E+02,  3.91701E+02
 4.57086E+02,  9.36053E+02,  9.36053E+02,  1.28127E+03,  1.28127E+03
 1.28127E+03,  1.28127E+03,  1.28127E+03,  1.28127E+03,  5.51564E+02
 9.86850E+02,  8.59334E+02,  3.82046E+02,  2.51681E+02,  2.50011E+02
 2.72379E+02,  2.96019E+02,  3.18593E+02,  3.00824E+02,  2.87482E+02
 3.02946E+02,  3.35896E+02,  3.98260E+02,  4.69158E+02,  9.59552E+02
 9.59552E+02,  1.31173E+03,  1.31173E+03,  1.31173E+03,  1.31173E+03
 1.31173E+03,  1.31173E+03,  3.88736E+02,  9.53847E+02,  9.00093E+02
 4.09876E+02,  2.55904E+02,  2.58018E+02,  2.84786E+02,  2.98225E+02
 2.95340E+02,  2.81545E+02,  2.81242E+02,  2.96506E+02,  3.37497E+02
 4.06863E+02,  4.83818E+02,  9.85597E+02,  9.85597E+02,  1.34203E+03
 1.34203E+03,  1.34203E+03,  1.34203E+03,  1.34203E+03,  1.34203E+03
 4.66051E+02,  8.84753E+02,  9.92650E+02,  4.25184E+02,  2.70723E+02
 2.85777E+02,  3.31535E+02,  3.33280E+02,  2.98347E+02,  2.76258E+02
 2.72794E+02,  2.92105E+02,  3.40935E+02,  4.17715E+02,  5.01213E+02
 1.01457E+03,  1.01457E+03,  1.37211E+03,  1.37211E+03,  1.37211E+03
 1.37211E+03,  1.37211E+03,  1.37211E+03,  4.26111E+02,  9.35434E+02
 9.34810E+02,  4.32034E+02,  3.05602E+02,  3.34211E+02,  3.75195E+02
 3.61885E+02,  3.04911E+02,  2.71898E+02,  2.65725E+02,  2.90264E+02
 3.46565E+02,  4.30800E+02,  5.20832E+02,  1.04485E+03,  1.04485E+03
 1.39904E+03,  1.39904E+03,  1.39904E+03,  1.39904E+03,  1.39904E+03
 1.39904E+03,  4.37383E+02,  8.27225E+02,  7.23504E+02,  4.61555E+02
 3.77754E+02,  4.08141E+02,  4.15480E+02,  3.66610E+02,  3.02443E+02
 2.66554E+02,  2.61412E+02,  2.91239E+02,  3.54326E+02,  4.45504E+02
 5.41523E+02,  1.07636E+03,  1.07636E+03,  1.42789E+03,  1.42789E+03
 1.42789E+03,  1.42789E+03,  1.42789E+03,  1.42789E+03,  3.74860E+02
 5.41064E+02,  7.06266E+02,  5.61145E+02,  5.07610E+02,  4.94799E+02
 4.43996E+02,  3.68613E+02,  3.01329E+02,  2.65259E+02,  2.60465E+02
 2.95513E+02,  3.65038E+02,  4.62921E+02,  5.64763E+02,  1.11324E+03
 1.11324E+03,  1.46491E+03,  1.46491E+03,  1.46491E+03,  1.46491E+03
 1.46491E+03,  1.46491E+03,  3.68744E+02,  4.87604E+02,  8.53381E+02
 7.77599E+02,  6.51575E+02,  5.59073E+02,  4.52956E+02,  3.65110E+02
 3.00787E+02,  2.66045E+02,  2.63893E+02,  3.04017E+02,  3.79735E+02
 4.84003E+02,  5.91277E+02,  1.15522E+03,  1.15522E+03,  1.50364E+03
 1.50364E+03,  1.50364E+03,  1.50364E+03,  1.50364E+03,  1.50364E+03
 3.94008E+02,  5.88399E+02,  1.24938E+03,  9.89342E+02,  7.04849E+02
 5.82186E+02,  4.47780E+02,  3.57701E+02,  3.01442E+02,  2.69375E+02
 2.72465E+02,  3.17201E+02,  3.98436E+02,  5.08197E+02,  6.19956E+02
 1.20136E+03,  1.20136E+03,  1.54306E+03,  1.54306E+03,  1.54306E+03
 1.54306E+03,  1.54306E+03,  1.54306E+03,  3.87376E+02,  8.27869E+02
 1.63253E+03,  9.42950E+02,  6.13997E+02,  5.32920E+02,  4.43977E+02
 3.57033E+02,  3.14376E+02,  2.82800E+02,  2.87120E+02,  3.35506E+02
 4.21331E+02,  5.35621E+02,  6.50815E+02,  1.24691E+03,  1.24691E+03
 1.57302E+03,  1.57302E+03,  1.57302E+03,  1.57302E+03,  1.57302E+03
 1.57302E+03,  4.41809E+02,  7.60329E+02,  1.29250E+03,  6.69908E+02
 4.01071E+02,  3.75959E+02,  4.31497E+02,  3.87539E+02,  3.38238E+02
 3.02085E+02,  3.08507E+02,  3.59206E+02,  4.48029E+02,  5.65193E+02
 6.81627E+02,  1.27558E+03,  1.27558E+03,  1.58079E+03,  1.58079E+03
 1.58079E+03,  1.58079E+03,  1.58079E+03,  1.58079E+03,  3.23730E+02
 4.67088E+02,  5.00394E+02,  3.58253E+02,  2.56013E+02,  2.94136E+02
 3.96974E+02,  3.74877E+02,  3.44669E+02,  3.27274E+02,  3.37108E+02
 3.88104E+02,  4.77935E+02,  5.95949E+02,  7.10866E+02,  1.28589E+03
 1.28589E+03,  1.57598E+03,  1.57598E+03,  1.57598E+03,  1.57598E+03
 1.57598E+03,  1.57598E+03,  6.59913E+02,  4.10442E+02,  3.21614E+02
 2.12103E+02,  2.02573E+02,  2.62244E+02,  3.74272E+02,  4.11927E+02
 3.91346E+02,  3.73619E+02,  3.74834E+02,  4.22558E+02,  5.11790E+02
 6.28668E+02,  7.38069E+02,  1.29976E+03,  1.29976E+03,  1.57977E+03
 1.57977E+03,  1.57977E+03,  1.57977E+03,  1.57977E+03,  1.57977E+03
 8.48399E+02,  8.85222E+02,  3.04827E+02,  1.95205E+02,  2.08329E+02
 2.76282E+02,  3.77074E+02,  4.30905E+02,  4.37218E+02,  4.30099E+02
 4.21630E+02,  4.62212E+02,  5.47999E+02,  6.58094E+02,  7.62264E+02
 1.34336E+03,  1.34336E+03,  1.60158E+03,  1.60158E+03,  1.60158E+03
 1.60158E+03,  1.60158E+03,  1.60158E+03,  6.28712E+02,  8.56067E+02
 4.06722E+02,  2.63898E+02,  2.45768E+02,  3.28901E+02,  4.43405E+02
 4.86249E+02,  4.75274E+02,  4.55840E+02,  4.58246E+02,  4.96843E+02
 5.77326E+02,  6.83871E+02,  7.92638E+02,  1.40429E+03,  1.40429E+03
 1.63979E+03,  1.63979E+03,  1.63979E+03,  1.63979E+03,  1.63979E+03
 1.63979E+03,  6.44750E+02,  1.59128E+03,  8.62122E+02,  3.75871E+02
 3.05870E+02,  4.27551E+02,  5.50125E+02,  5.77345E+02,  5.42644E+02
 5.08977E+02,  5.14850E+02,  5.30618E+02,  6.08323E+02,  7.17919E+02
 8.31616E+02,  1.47249E+03,  1.47249E+03,  1.68885E+03,  1.68885E+03
 1.68885E+03,  1.68885E+03,  1.68885E+03,  1.68885E+03,  5.92983E+02
 1.57075E+03,  6.40612E+02,  4.55917E+02,  4.28560E+02,  5.72395E+02
 6.93635E+02,  6.84809E+02,  6.26792E+02,  5.62891E+02,  5.55985E+02
 5.77943E+02,  6.50703E+02,  7.60159E+02,  8.73340E+02,  1.54022E+03
 1.54022E+03,  1.73606E+03,  1.73606E+03,  1.73606E+03,  1.73606E+03
 1.73606E+03,  1.73606E+03,  5.28792E+02,  6.35356E+02,  4.92323E+02
 4.33939E+02,  4.47421E+02,  5.61724E+02,  7.02483E+02,  7.42185E+02
 7.66320E+02,  6.41505E+02,  6.16586E+02,  6.33547E+02,  6.98291E+02
 8.02816E+02,  9.11895E+02,  1.59117E+03,  1.59117E+03,  1.76026E+03
 1.76026E+03,  1.76026E+03,  1.76026E+03,  1.76026E+03,  1.76026E+03
 6.28037E+02,  8.03720E+02,  3.56175E+02,  2.94691E+02,  3.66720E+02
 5.31711E+02,  6.82849E+02,  7.39691E+02,  7.48712E+02,  7.42112E+02
 6.90056E+02,  6.90726E+02,  7.48513E+02,  8.46747E+02,  9.50706E+02
 1.64012E+03,  1.64012E+03,  1.77968E+03,  1.77968E+03,  1.77968E+03
 1.77968E+03,  1.77968E+03,  1.77968E+03,  7.18826E+02,  8.87742E+02
 2.49433E+02,  1.91530E+02,  2.58436E+02,  4.18729E+02,  5.93284E+02
 7.02712E+02,  7.27921E+02,  7.45233E+02,  7.67338E+02,  7.49201E+02
 8.00977E+02,  8.92960E+02,  9.91748E+02,  1.69677E+03,  1.69677E+03
 1.78637E+03,  1.78637E+03,  1.78637E+03,  1.78637E+03,  1.78637E+03
 1.78637E+03,  5.99344E+02,  8.98519E+02,  2.36854E+02,  1.55302E+02
 1.85935E+02,  3.09108E+02,  4.90452E+02,  6.44490E+02,  7.12059E+02
 7.29298E+02,  7.69867E+02,  8.06681E+02,  8.53231E+02,  9.38129E+02
 1.03115E+03,  1.75030E+03,  1.75030E+03,  1.77650E+03,  1.77650E+03
 1.77650E+03,  1.77650E+03,  1.77650E+03,  1.77650E+03,  8.08916E+02
 7.64432E+02,  3.48230E+02,  1.46971E+02,  1.48812E+02,  2.30171E+02
 3.97417E+02,  5.81951E+02,  6.91871E+02,  7.30458E+02,  7.64263E+02
 8.25634E+02,  9.02637E+02,  9.81329E+02,  1.06804E+03,  1.78215E+03
 1.78215E+03,  1.75646E+03,  1.75646E+03,  1.75646E+03,  1.75646E+03
 1.75646E+03,  1.75646E+03,  4.41306E+02,  8.24201E+02,  7.72275E+02
 1.52604E+02,  1.33027E+02,  1.81502E+02,  3.24570E+02,  5.22978E+02
 6.67966E+02,  7.31726E+02,  7.70662E+02,  8.32650E+02,  9.18706E+02
 1.00339E+03,  1.08187E+03,  1.78468E+03,  1.78468E+03,  1.72973E+03
 1.72973E+03,  1.72973E+03,  1.72973E+03,  1.72973E+03,  1.72973E+03
 5.83734E+02,  1.90590E+03,  7.09592E+02,  1.58612E+02,  1.26043E+02
 1.54846E+02,  2.74707E+02,  4.71365E+02,  6.41027E+02,  7.28102E+02
 7.78463E+02,  8.40898E+02,  9.27168E+02,  1.01390E+03,  1.08882E+03
 1.78045E+03,  1.78045E+03,  1.70132E+03,  1.70132E+03,  1.70132E+03
 1.70132E+03,  1.70132E+03,  1.70132E+03,  4.87044E+02,  1.57137E+03
 5.24527E+02,  1.50064E+02,  1.16387E+02,  1.44455E+02,  2.41442E+02
 4.25833E+02,  6.06544E+02,  7.15831E+02,  7.81604E+02,  8.50346E+02
 9.36176E+02,  1.02131E+03,  1.09339E+03,  1.77522E+03,  1.77522E+03
 1.67113E+03,  1.67113E+03,  1.67113E+03,  1.67113E+03,  1.67113E+03
 1.67113E+03,  5.24451E+02,  1.47237E+03,  3.02505E+02,  1.31533E+02
 9.82375E+01,  1.38813E+02,  2.17707E+02,  3.58103E+02,  5.53674E+02
 6.89256E+02,  7.76794E+02,  8.56650E+02,  9.44786E+02,  1.02735E+03
 1.09565E+03,  1.76342E+03,  1.76342E+03,  1.63420E+03,  1.63420E+03
 1.63420E+03,  1.63420E+03,  1.63420E+03,  1.63420E+03,  5.93646E+02
 7.86342E+02,  1.46748E+02,  1.03405E+02,  9.26724E+01,  1.36083E+02
 2.20436E+02,  3.54668E+02,  4.78073E+02,  6.43641E+02,  7.62809E+02
 8.58052E+02,  9.50467E+02,  1.03059E+03,  1.09395E+03,  1.74258E+03
 1.74258E+03,  1.59078E+03,  1.59078E+03,  1.59078E+03,  1.59078E+03
 1.59078E+03,  1.59078E+03,  5.62365E+02,  3.88379E+02,  1.04687E+02
 8.79331E+01,  9.65362E+01,  1.48768E+02,  2.50114E+02,  3.86473E+02
 4.77856E+02,  5.77128E+02,  7.41784E+02,  8.54435E+02,  9.52169E+02
 1.02959E+03,  1.08703E+03,  1.71096E+03,  1.71096E+03,  1.54160E+03
 1.54160E+03,  1.54160E+03,  1.54160E+03,  1.54160E+03,  1.54160E+03
 4.13318E+02,  4.01252E+02,  1.29132E+02,  9.92589E+01,  1.20368E+02
 1.76124E+02,  2.72931E+02,  3.96609E+02,  5.08659E+02,  5.76472E+02
 7.11847E+02,  8.45688E+02,  9.48547E+02,  1.02246E+03,  1.07288E+03
 1.66440E+03,  1.66440E+03,  1.48535E+03,  1.48535E+03,  1.48535E+03
 1.48535E+03,  1.48535E+03,  1.48535E+03,  3.55071E+02,  3.75745E+02
 1.79335E+02,  1.53031E+02,  1.71212E+02,  2.18445E+02,  2.99532E+02
 4.06937E+02,  5.05694E+02,  6.03726E+02,  6.81420E+02,  8.27707E+02
 9.37532E+02,  1.00802E+03,  1.05090E+03,  1.60303E+03,  1.60303E+03
 1.42508E+03,  1.42508E+03,  1.42508E+03,  1.42508E+03,  1.42508E+03
 1.42508E+03,  4.82770E+02,  3.78718E+02,  2.86107E+02,  2.58183E+02
 2.53058E+02,  2.73928E+02,  3.30613E+02,  4.18867E+02,  5.09774E+02
 6.08402E+02,  6.94275E+02,  8.17317E+02,  9.04698E+02,  9.66038E+02
 1.00368E+03,  1.54431E+03,  1.54431E+03,  1.37857E+03,  1.37857E+03
 1.37857E+03,  1.37857E+03,  1.37857E+03,  1.37857E+03,  4.07543E+02
 4.92350E+02,  4.97818E+02,  4.50591E+02,  3.79185E+02,  3.45324E+02
 3.63189E+02,  4.25007E+02,  4.90859E+02,  6.23101E+02,  7.73115E+02
 8.67016E+02,  9.43549E+02,  1.00673E+03,  1.04681E+03,  1.67957E+03
 1.67957E+03,  1.49882E+03,  1.49882E+03,  1.49882E+03,  1.49882E+03
 1.49882E+03,  1.49882E+03,  6.47641E+02,  8.08912E+02,  8.81125E+02
 7.54169E+02,  5.70204E+02,  4.39335E+02,  3.86292E+02,  4.04132E+02
 5.16573E+02,  7.67713E+02,  1.20068E+03,  1.74118E+03,  2.29079E+03
 2.72296E+03,  3.14484E+03,  7.31688E+03,  7.31688E+03,  4.36827E+03
 4.36827E+03,  4.36827E+03,  4.36827E+03,  4.36827E+03,  4.36827E+03
 6.47641E+02,  8.08912E+02,  8.81125E+02,  7.54169E+02,  5.70204E+02
 4.39335E+02,  3.86292E+02,  4.04132E+02,  5.16573E+02,  7.67713E+02
 1.20068E+03,  1.74118E+03,  2.29079E+03,  2.72296E+03,  3.14484E+03
 7.31688E+03,  7.31688E+03,  4.36827E+03,  4.36827E+03,  4.36827E+03
 4.36827E+03,  4.36827E+03,  4.36827E+03,  6.25676E+02,  5.75496E+02
 5.27864E+02,  4.49887E+02,  3.53190E+02,  2.60549E+02,  1.87690E+02
 1.38091E+02,  1.07528E+02,  9.02662E+01,  8.18827E+01,  8.01994E+01
 8.37877E+01,  9.07169E+01,  1.01218E+02,  8.70021E+01,  8.70021E+01
 1.48933E+02,  1.48933E+02,  1.48933E+02,  1.48933E+02,  1.48933E+02
 1.48933E+02,  6.25676E+02,  5.75496E+02,  5.27864E+02,  4.49887E+02
 3.53190E+02,  2.60549E+02,  1.87690E+02,  1.38091E+02,  1.07528E+02
 9.02662E+01,  8.18827E+01,  8.01994E+01,  8.37877E+01,  9.07169E+01
 1.01218E+02,  8.70021E+01,  8.70021E+01,  1.48933E+02,  1.48933E+02
 1.48933E+02,  1.48933E+02,  1.48933E+02,  1.48933E+02,  6.25676E+02
 5.75496E+02,  5.27864E+02,  4.49887E+02,  3.53190E+02,  2.60549E+02
 1.87690E+02,  1.38091E+02,  1.07528E+02,  9.02662E+01,  8.18827E+01
 8.01994E+01,  8.37877E+01,  9.07169E+01,  1.01218E+02,  8.70021E+01
 8.70021E+01,  1.48933E+02,  1.48933E+02,  1.48933E+02,  1.48933E+02
 1.48933E+02,  1.48933E+02,  6.25676E+02,  5.75496E+02,  5.27864E+02
 4.49887E+02,  3.53190E+02,  2.60549E+02,  1.87690E+02,  1.38091E+02
 1.07528E+02,  9.02662E+01,  8.18827E+01,  8.01994E+01,  8.37877E+01
 9.07169E+01,  1.01218E+02,  8.70021E+01,  8.70021E+01,  1.48933E+02
 1.48933E+02,  1.48933E+02,  1.48933E+02,  1.48933E+02,  1.48933E+02
 6.25676E+02,  5.75496E+02,  5.27864E+02,  4.49887E+02,  3.53190E+02
 2.60549E+02,  1.87690E+02,  1.38091E+02,  1.07528E+02,  9.02662E+01
 8.18827E+01,  8.01994E+01,  8.37877E+01,  9.07169E+01,  1.01218E+02
 8.70021E+01,  8.70021E+01,  1.48933E+02,  1.48933E+02,  1.48933E+02
 1.48933E+02,  1.48933E+02,  1.48933E+02,  6.25676E+02,  5.75496E+02
 5.27864E+02,  4.49887E+02,  3.53190E+02,  2.60549E+02,  1.87690E+02
 1.38091E+02,  1.07528E+02,  9.02662E+01,  8.18827E+01,  8.01994E+01
 8.37877E+01,  9.07169E+01,  1.01218E+02,  8.70021E+01,  8.70021E+01
 1.48933E+02,  1.48933E+02,  1.48933E+02,  1.48933E+02,  1.48933E+02
 1.48933E+02

;-Sensitivity in the elemental sequential order

 3.25087E-02,  3.25398E-02,  3.08022E-02,  2.61380E-02,  2.05102E-02
 1.55485E-02,  1.17166E-02,  8.91735E-03,  6.89710E-03,  5.41939E-03
 4.31737E-03,  3.48234E-03,  2.84766E-03,  2.36615E-03,  1.99488E-03
 4.33243E-03,  4.33243E-03,  7.60313E-03,  7.60313E-03,  7.60313E-03
 7.60313E-03,  7.60313E-03,  7.60313E-03,  3.25087E-02,  3.25398E-02
 3.08022E-02,  2.61380E-02,  2.05102E-02,  1.55485E-02,  1.17166E-02
 8.91735E-03,  6.89710E-03,  5.41939E-03,  4.31737E-03,  3.48234E-03
 2.84766E-03,  2.36615E-03,  1.99488E-03,  4.33243E-03,  4.33243E-03
 7.60313E-03,  7.60313E-03,  7.60313E-03,  7.60313E-03,  7.60313E-03
 7.60313E-03,  3.25087E-02,  3.25398E-02,  3.08022E-02,  2.61380E-02
 2.05102E-02,  1.55485E-02,  1.17166E-02,  8.91735E-03,  6.89710E-03
 5.41939E-03,  4.31737E-03,  3.48234E-03,  2.84766E-03,  2.36615E-03
 1.99488E-03,  4.33243E-03,  4.33243E-03,  7.60313E-03,  7.60313E-03
 7.60313E-03,  7.60313E-03,  7.60313E-03,  7.60313E-03,  3.25087E-02
 3.25398E-02,  3.08022E-02,  2.61380E-02,  2.05102E-02,  1.55485E-02
 1.17166E-02,  8.91735E-03,  6.89710E-03,  5.41939E-03,  4.31737E-03
 3.48234E-03,  2.84766E-03,  2.36615E-03,  1.99488E-03,  4.33243E-03
 4.33243E-03,  7.60313E-03,  7.60313E-03,  7.60313E-03,  7.60313E-03
 7.60313E-03,  7.60313E-03,  3.25087E-02,  3.25398E-02,  3.08022E-02
 2.61380E-02,  2.05102E-02,  1.55485E-02,  1.17166E-02,  8.91735E-03
 6.89710E-03,  5.41939E-03,  4.31737E-03,  3.48234E-03,  2.84766E-03
 2.36615E-03,  1.99488E-03,  4.33243E-03,  4.33243E-03,  7.60313E-03
 7.60313E-03,  7.60313E-03,  7.60313E-03,  7.60313E-03,  7.60313E-03
 3.25087E-02,  3.25398E-02,  3.08022E-02,  2.61380E-02,  2.05102E-02
 1.55485E-02,  1.17166E-02,  8.91735E-03,  6.89710E-03,  5.41939E-03
 4.31737E-03,  3.48234E-03,  2.84766E-03,  2.36615E-03,  1.99488E-03
 4.33243E-03,  4.33243E-03,  7.60313E-03,  7.60313E-03,  7.60313E-03
 7.60313E-03,  7.60313E-03,  7.60313E-03,  5.35210E-01,  1.69885E-01
 6.75735E-02,  3.05086E-02,  1.54317E-02,  8.66896E-03,  5.32479E-03
 3.58429E-03,  2.52885E-03,  1.85037E-03,  1.36475E-03,  9.93534E-04
 7.18712E-04,  5.17792E-04,  3.71661E-04,  5.92772E-04,  5.92772E-04
 5.42935E-04,  5.42935E-04,  5.42935E-04,  5.42935E-04,  5.42935E-04
 5.42935E-04,  5.35210E-01,  1.69885E-01,  6.75735E-02,  3.05086E-02
 1.54317E-02,  8.66896E-03,  5.32479E-03,  3.58429E-03,  2.52885E-03
 1.85037E-03,  1.36475E-03,  9.93534E-04,  7.18712E-04,  5.17792E-04
 3.71661E-04,  5.92772E-04,  5.92772E-04,  5.42935E-04,  5.42935E-04
 5.42935E-04,  5.42935E-04,  5.42935E-04,  5.42935E-04,  6.50851E-01
 1.55787E-01,  5.06050E-02,  1.95084E-02,  7.54785E-03,  3.42232E-03
 1.79586E-03,  1.11127E-03,  8.20849E-04,  6.07719E-04,  4.35100E-04
 3.11521E-04,  2.27168E-04,  1.66356E-04,  1.20516E-04,  1.82499E-04
 1.82499E-04,  1.87654E-04,  1.87654E-04,  1.87654E-04,  1.87654E-04
 1.87654E-04,  1.87654E-04,  1.85880E+00,  3.78924E-01,  1.07075E-01
 3.06182E-02,  1.01842E-02,  4.09492E-03,  1.99679E-03,  1.16302E-03
 7.41355E-04,  5.38265E-04,  4.02500E-04,  2.93692E-04,  2.16914E-04
 1.61262E-04,  1.19030E-04,  1.82753E-04,  1.82753E-04,  1.99710E-04
 1.99710E-04,  1.99710E-04,  1.99710E-04,  1.99710E-04,  1.99710E-04
 1.09168E+00,  5.24680E-01,  1.35057E-01,  3.85163E-02,  1.18233E-02
 4.52343E-03,  2.21125E-03,  1.23772E-03,  7.71903E-04,  5.24224E-04
 3.78582E-04,  2.81619E-04,  2.09779E-04,  1.57805E-04,  1.18081E-04
 1.84066E-04,  1.84066E-04,  2.09109E-04,  2.09109E-04,  2.09109E-04
 2.09109E-04,  2.09109E-04,  2.09109E-04,  1.68357E+00,  8.15253E-01
 1.56257E-01,  3.67889E-02,  1.21677E-02,  4.78607E-03,  2.32520E-03
 1.32837E-03,  8.18459E-04,  5.37694E-04,  3.75494E-04,  2.75124E-04
 2.06367E-04,  1.56107E-04,  1.17909E-04,  1.86597E-04,  1.86597E-04
 2.17299E-04,  2.17299E-04,  2.17299E-04,  2.17299E-04,  2.17299E-04
 2.17299E-04,  1.66731E+00,  8.67780E-01,  1.34319E-01,  3.25415E-02
 1.15999E-02,  4.83950E-03,  2.48574E-03,  1.44589E-03,  8.94102E-04
 5.76356E-04,  3.87563E-04,  2.77930E-04,  2.06675E-04,  1.56620E-04
 1.18895E-04,  1.91677E-04,  1.91677E-04,  2.27028E-04,  2.27028E-04
 2.27028E-04,  2.27028E-04,  2.27028E-04,  2.27028E-04,  2.04751E+00
 8.07524E-01,  1.44641E-01,  2.98319E-02,  1.09715E-02,  4.95475E-03
 2.70181E-03,  1.61580E-03,  9.95171E-04,  6.31693E-04,  4.14291E-04
 2.89136E-04,  2.11012E-04,  1.59157E-04,  1.20856E-04,  1.98994E-04
 1.98994E-04,  2.37118E-04,  2.37118E-04,  2.37118E-04,  2.37118E-04
 2.37118E-04,  2.37118E-04,  1.92152E+00,  8.42214E-01,  1.42463E-01
 3.01648E-02,  1.11183E-02,  5.44131E-03,  2.99741E-03,  1.79809E-03
 1.12125E-03,  7.01886E-04,  4.55034E-04,  3.07190E-04,  2.19960E-04
 1.64145E-04,  1.24086E-04,  2.08872E-04,  2.08872E-04,  2.47938E-04
 2.47938E-04,  2.47938E-04,  2.47938E-04,  2.47938E-04,  2.47938E-04
 2.05475E+00,  8.64976E-01,  1.51547E-01,  3.31707E-02,  1.27451E-02
 5.78103E-03,  3.30977E-03,  2.02557E-03,  1.25514E-03,  7.84942E-04
 5.03677E-04,  3.30413E-04,  2.33103E-04,  1.71662E-04,  1.28641E-04
 2.21200E-04,  2.21200E-04,  2.59481E-04,  2.59481E-04,  2.59481E-04
 2.59481E-04,  2.59481E-04,  2.59481E-04,  2.00309E+00,  9.01704E-01
 1.48577E-01,  3.48682E-02,  1.34577E-02,  6.52755E-03,  3.75479E-03
 2.25962E-03,  1.39228E-03,  8.72358E-04,  5.51009E-04,  3.58485E-04
 2.49409E-04,  1.81344E-04,  1.34339E-04,  2.35387E-04,  2.35387E-04
 2.71396E-04,  2.71396E-04,  2.71396E-04,  2.71396E-04,  2.71396E-04
 2.71396E-04,  2.22023E+00,  8.89745E-01,  1.54304E-01,  3.51749E-02
 1.38734E-02,  7.46061E-03,  4.26097E-03,  2.50781E-03,  1.52395E-03
 9.50464E-04,  5.98427E-04,  3.90577E-04,  2.68965E-04,  1.93496E-04
 1.41528E-04,  2.51772E-04,  2.51772E-04,  2.84466E-04,  2.84466E-04
 2.84466E-04,  2.84466E-04,  2.84466E-04,  2.84466E-04,  2.22242E+00
 9.16543E-01,  1.55622E-01,  3.78892E-02,  1.60191E-02,  8.38903E-03
 4.82689E-03,  2.73495E-03,  1.63127E-03,  1.01903E-03,  6.47952E-04
 4.24635E-04,  2.91105E-04,  2.07838E-04,  1.50197E-04,  2.70185E-04
 2.70185E-04,  2.98537E-04,  2.98537E-04,  2.98537E-04,  2.98537E-04
 2.98537E-04,  2.98537E-04,  2.06384E+00,  9.09113E-01,  1.68357E-01
 4.38285E-02,  1.92713E-02,  9.72841E-03,  5.38087E-03,  2.90271E-03
 1.72546E-03,  1.08638E-03,  6.95785E-04,  4.58304E-04,  3.14144E-04
 2.23431E-04,  1.59901E-04,  2.89618E-04,  2.89618E-04,  3.12687E-04
 3.12687E-04,  3.12687E-04,  3.12687E-04,  3.12687E-04,  3.12687E-04
 2.04759E+00,  8.93349E-01,  1.77366E-01,  4.82189E-02,  2.01761E-02
 1.05727E-02,  5.79719E-03,  3.08975E-03,  1.85099E-03,  1.15372E-03
 7.41381E-04,  4.91098E-04,  3.37764E-04,  2.40215E-04,  1.70820E-04
 3.10152E-04,  3.10152E-04,  3.27271E-04,  3.27271E-04,  3.27271E-04
 3.27271E-04,  3.27271E-04,  3.27271E-04,  1.96478E+00,  8.50767E-01
 1.79289E-01,  4.79923E-02,  2.04068E-02,  1.06188E-02,  6.02118E-03
 3.33385E-03,  1.97716E-03,  1.21976E-03,  7.83669E-04,  5.22303E-04
 3.61395E-04,  2.57812E-04,  1.83075E-04,  3.31985E-04,  3.31985E-04
 3.42725E-04,  3.42725E-04,  3.42725E-04,  3.42725E-04,  3.42725E-04
 3.42725E-04,  1.89402E+00,  8.43203E-01,  1.76943E-01,  4.35649E-02
 2.00450E-02,  1.05768E-02,  6.23500E-03,  3.53444E-03,  2.09640E-03
 1.27958E-03,  8.21106E-04,  5.50641E-04,  3.84044E-04,  2.75538E-04
 1.95997E-04,  3.54086E-04,  3.54086E-04,  3.58406E-04,  3.58406E-04
 3.58406E-04,  3.58406E-04,  3.58406E-04,  3.58406E-04,  2.22999E+00
 9.44728E-01,  1.84883E-01,  4.31953E-02,  1.87326E-02,  1.08734E-02
 6.51421E-03,  3.65918E-03,  2.19562E-03,  1.33402E-03,  8.55982E-04
 5.77622E-04,  4.06615E-04,  2.93976E-04,  2.09788E-04,  3.77028E-04
 3.77028E-04,  3.75032E-04,  3.75032E-04,  3.75032E-04,  3.75032E-04
 3.75032E-04,  3.75032E-04,  2.10079E+00,  9.65604E-01,  1.79743E-01
 4.47402E-02,  1.95882E-02,  1.00475E-02,  6.32511E-03,  3.70967E-03
 2.26200E-03,  1.38192E-03,  8.88879E-04,  6.03802E-04,  4.29390E-04
 3.13124E-04,  2.24405E-04,  4.00893E-04,  4.00893E-04,  3.92173E-04
 3.92173E-04,  3.92173E-04,  3.92173E-04,  3.92173E-04,  3.92173E-04
 2.56282E+00,  1.03497E+00,  1.80569E-01,  4.34353E-02,  2.03618E-02
 9.90816E-03,  5.76094E-03,  3.61063E-03,  2.28695E-03,  1.41822E-03
 9.17762E-04,  6.28030E-04,  4.51581E-04,  3.32106E-04,  2.39020E-04
 4.24306E-04,  4.24306E-04,  4.08781E-04,  4.08781E-04,  4.08781E-04
 4.08781E-04,  4.08781E-04,  4.08781E-04,  2.55015E+00,  1.02465E+00
 1.80955E-01,  4.10815E-02,  1.96104E-02,  9.69883E-03,  5.50002E-03
 3.42386E-03,  2.27946E-03,  1.44607E-03,  9.44603E-04,  6.51883E-04
 4.74653E-04,  3.51455E-04,  2.53531E-04,  4.47643E-04,  4.47643E-04
 4.25146E-04,  4.25146E-04,  4.25146E-04,  4.25146E-04,  4.25146E-04
 4.25146E-04,  2.21625E+00,  1.00238E+00,  1.79463E-01,  4.09716E-02
 2.03177E-02,  1.01116E-02,  5.54452E-03,  3.30417E-03,  2.25465E-03
 1.46865E-03,  9.70317E-04,  6.76206E-04,  4.99159E-04,  3.69305E-04
 2.66964E-04,  4.71120E-04,  4.71120E-04,  4.41357E-04,  4.41357E-04
 4.41357E-04,  4.41357E-04,  4.41357E-04,  4.41357E-04,  2.29398E+00
 9.68822E-01,  1.88785E-01,  4.47458E-02,  2.16624E-02,  1.11511E-02
 5.80898E-03,  3.28962E-03,  2.23342E-03,  1.48813E-03,  9.94327E-04
 6.99179E-04,  5.19481E-04,  3.81387E-04,  2.79748E-04,  4.93934E-04
 4.93934E-04,  4.56863E-04,  4.56863E-04,  4.56863E-04,  4.56863E-04
 4.56863E-04,  4.56863E-04,  2.47584E+00,  1.02012E+00,  1.94105E-01
 4.77752E-02,  2.36817E-02,  1.22999E-02,  6.24224E-03,  3.37172E-03
 2.23981E-03,  1.51375E-03,  1.02073E-03,  7.18966E-04,  5.32800E-04
 3.94632E-04,  2.93337E-04,  5.17434E-04,  5.17434E-04,  4.72664E-04
 4.72664E-04,  4.72664E-04,  4.72664E-04,  4.72664E-04,  4.72664E-04
 2.20628E+00,  1.04596E+00,  1.96734E-01,  4.83891E-02,  2.47133E-02
 1.34260E-02,  6.77047E-03,  3.52208E-03,  2.27919E-03,  1.54901E-03
 1.05017E-03,  7.41387E-04,  5.47871E-04,  4.08968E-04,  3.07911E-04
 5.41703E-04,  5.41703E-04,  4.89151E-04,  4.89151E-04,  4.89151E-04
 4.89151E-04,  4.89151E-04,  4.89151E-04,  2.74300E+00,  1.08497E+00
 1.98580E-01,  5.40121E-02,  2.50473E-02,  1.40328E-02,  7.22940E-03
 3.70138E-03,  2.34328E-03,  1.59062E-03,  1.07974E-03,  7.63001E-04
 5.62214E-04,  4.22998E-04,  3.22381E-04,  5.65183E-04,  5.65183E-04
 5.03814E-04,  5.03814E-04,  5.03814E-04,  5.03814E-04,  5.03814E-04
 5.03814E-04,  2.72510E+00,  1.08220E+00,  2.02307E-01,  5.39446E-02
 2.56443E-02,  1.42050E-02,  7.54309E-03,  3.89303E-03,  2.43005E-03
 1.63935E-03,  1.11192E-03,  7.79486E-04,  5.76324E-04,  4.36833E-04
 3.36996E-04,  5.88482E-04,  5.88482E-04,  5.17347E-04,  5.17347E-04
 5.17347E-04,  5.17347E-04,  5.17347E-04,  5.17347E-04,  2.62579E+00
 1.07165E+00,  2.04621E-01,  5.50410E-02,  2.62054E-02,  1.45578E-02
 7.77567E-03,  4.08244E-03,  2.52919E-03,  1.69184E-03,  1.14422E-03
 7.98395E-04,  5.89596E-04,  4.50338E-04,  3.51939E-04,  6.11433E-04
 6.11433E-04,  5.29813E-04,  5.29813E-04,  5.29813E-04,  5.29813E-04
 5.29813E-04,  5.29813E-04,  2.64086E+00,  1.06890E+00,  2.08974E-01
 5.98609E-02,  2.80238E-02,  1.53287E-02,  7.96094E-03,  4.26329E-03
 2.62397E-03,  1.73990E-03,  1.17423E-03,  8.17207E-04,  6.03252E-04
 4.63338E-04,  3.66259E-04,  6.32486E-04,  6.32486E-04,  5.39810E-04
 5.39810E-04,  5.39810E-04,  5.39810E-04,  5.39810E-04,  5.39810E-04
 2.69156E+00,  1.11352E+00,  2.11040E-01,  6.32842E-02,  3.02202E-02
 1.54880E-02,  8.11710E-03,  4.45862E-03,  2.69942E-03,  1.78085E-03
 1.20512E-03,  8.38606E-04,  6.19324E-04,  4.77598E-04,  3.80836E-04
 6.54266E-04,  6.54266E-04,  5.48604E-04,  5.48604E-04,  5.48604E-04
 5.48604E-04,  5.48604E-04,  5.48604E-04,  2.66794E+00,  1.13227E+00
 2.10906E-01,  6.47403E-02,  2.85899E-02,  1.52798E-02,  8.31959E-03
 4.65371E-03,  2.72573E-03,  1.81152E-03,  1.23814E-03,  8.64006E-04
 6.37566E-04,  4.93223E-04,  3.96611E-04,  6.78077E-04,  6.78077E-04
 5.60589E-04,  5.60589E-04,  5.60589E-04,  5.60589E-04,  5.60589E-04
 5.60589E-04,  3.47544E+00,  1.25508E+00,  2.23830E-01,  6.48359E-02
 2.90940E-02,  1.55598E-02,  8.59591E-03,  4.80643E-03,  2.80225E-03
 1.84886E-03,  1.26793E-03,  8.91294E-04,  6.55969E-04,  5.08737E-04
 4.12136E-04,  7.00702E-04,  7.00702E-04,  5.73591E-04,  5.73591E-04
 5.73591E-04,  5.73591E-04,  5.73591E-04,  5.73591E-04,  3.07530E+00
 1.30792E+00,  2.40310E-01,  6.86648E-02,  3.00758E-02,  1.61364E-02
 8.94736E-03,  4.99968E-03,  2.91183E-03,  1.90263E-03,  1.30261E-03
 9.17432E-04,  6.75392E-04,  5.24402E-04,  4.26744E-04,  7.19566E-04
 7.19566E-04,  5.84636E-04,  5.84636E-04,  5.84636E-04,  5.84636E-04
 5.84636E-04,  5.84636E-04,  3.98619E+00,  1.35663E+00,  2.68669E-01
 7.61738E-02,  3.11951E-02,  1.70028E-02,  9.42698E-03,  5.27023E-03
 3.01314E-03,  1.96000E-03,  1.32923E-03,  9.40526E-04,  6.96659E-04
 5.40890E-04,  4.39629E-04,  7.32345E-04,  7.32345E-04,  5.95574E-04
 5.95574E-04,  5.95574E-04,  5.95574E-04,  5.95574E-04,  5.95574E-04
 3.57787E+00,  1.36500E+00,  3.07045E-01,  8.55066E-02,  3.39491E-02
 1.82043E-02,  1.00555E-02,  5.51158E-03,  3.08458E-03,  2.00261E-03
 1.35418E-03,  9.53090E-04,  7.12074E-04,  5.55496E-04,  4.47814E-04
 7.41218E-04,  7.41218E-04,  6.06236E-04,  6.06236E-04,  6.06236E-04
 6.06236E-04,  6.06236E-04,  6.06236E-04,  3.50390E+00,  1.32286E+00
 3.34045E-01,  9.48081E-02,  3.63026E-02,  1.95234E-02,  1.07899E-02
 5.66474E-03,  3.14485E-03,  2.04081E-03,  1.38058E-03,  9.67869E-04
 7.21750E-04,  5.64143E-04,  4.52410E-04,  7.51599E-04,  7.51599E-04
 6.16644E-04,  6.16644E-04,  6.16644E-04,  6.16644E-04,  6.16644E-04
 6.16644E-04,  3.41326E+00,  1.29130E+00,  3.45569E-01,  9.76609E-02
 3.87222E-02,  2.09747E-02,  1.15233E-02,  5.76400E-03,  3.19123E-03
 2.08083E-03,  1.40925E-03,  9.88329E-04,  7.33131E-04,  5.67656E-04
 4.57497E-04,  7.60600E-04,  7.60600E-04,  6.25737E-04,  6.25737E-04
 6.25737E-04,  6.25737E-04,  6.25737E-04,  6.25737E-04,  4.06844E+00
 1.45374E+00,  3.69338E-01,  1.01526E-01,  4.03053E-02,  2.21175E-02
 1.19714E-02,  5.79905E-03,  3.18682E-03,  2.12765E-03,  1.43785E-03
 1.00990E-03,  7.45795E-04,  5.72699E-04,  4.63270E-04,  7.66779E-04
 7.66779E-04,  6.34611E-04,  6.34611E-04,  6.34611E-04,  6.34611E-04
 6.34611E-04,  6.34611E-04,  3.77297E+00,  1.57158E+00,  3.99530E-01
 1.07715E-01,  4.11880E-02,  2.19016E-02,  1.19079E-02,  5.71653E-03
 3.21068E-03,  2.17764E-03,  1.47302E-03,  1.03370E-03,  7.58450E-04
 5.82023E-04,  4.67966E-04,  7.73728E-04,  7.73728E-04,  6.42897E-04
 6.42897E-04,  6.42897E-04,  6.42897E-04,  6.42897E-04,  6.42897E-04
 4.56750E+00,  1.65144E+00,  3.89155E-01,  1.09279E-01,  4.16130E-02
 2.16582E-02,  1.14582E-02,  5.53121E-03,  3.29467E-03,  2.22534E-03
 1.52110E-03,  1.06066E-03,  7.73715E-04,  5.93335E-04,  4.70381E-04
 7.81233E-04,  7.81233E-04,  6.49905E-04,  6.49905E-04,  6.49905E-04
 6.49905E-04,  6.49905E-04,  6.49905E-04,  4.80887E+00,  1.58778E+00
 3.58603E-01,  1.05259E-01,  4.09003E-02,  2.15140E-02,  1.09650E-02
 5.41093E-03,  3.41280E-03,  2.29954E-03,  1.57085E-03,  1.09012E-03
 7.91091E-04,  6.02302E-04,  4.72217E-04,  7.88411E-04,  7.88411E-04
 6.54651E-04,  6.54651E-04,  6.54651E-04,  6.54651E-04,  6.54651E-04
 6.54651E-04,  5.60001E+00,  1.56505E+00,  3.59722E-01,  1.05136E-01
 4.00563E-02,  2.06039E-02,  1.04239E-02,  5.39192E-03,  3.55114E-03
 2.40359E-03,  1.62711E-03,  1.13354E-03,  8.21441E-04,  6.19782E-04
 4.79819E-04,  7.98733E-04,  7.98733E-04,  6.57320E-04,  6.57320E-04
 6.57320E-04,  6.57320E-04,  6.57320E-04,  6.57320E-04,  5.17886E+00
 1.63225E+00,  3.86633E-01,  1.12682E-01,  4.08385E-02,  1.98855E-02
 9.71436E-03,  5.56051E-03,  3.72247E-03,  2.50782E-03,  1.68872E-03
 1.17830E-03,  8.50678E-04,  6.37480E-04,  4.88662E-04,  8.08644E-04
 8.08644E-04,  6.59266E-04,  6.59266E-04,  6.59266E-04,  6.59266E-04
 6.59266E-04,  6.59266E-04,  6.25217E+00,  1.83065E+00,  4.07553E-01
 1.18715E-01,  4.26299E-02,  1.90656E-02,  9.58478E-03,  5.81933E-03
 3.90137E-03,  2.57265E-03,  1.75865E-03,  1.22073E-03,  8.67482E-04
 6.46114E-04,  4.94995E-04,  8.08755E-04,  8.08755E-04,  6.59825E-04
 6.59825E-04,  6.59825E-04,  6.59825E-04,  6.59825E-04,  6.59825E-04
 5.98679E+00,  1.98210E+00,  4.79090E-01,  1.37105E-01,  4.62152E-02
 1.95561E-02,  9.74743E-03,  6.17119E-03,  4.03849E-03,  2.65561E-03
 1.81400E-03,  1.25487E-03,  8.80390E-04,  6.50185E-04,  4.94406E-04
 8.01368E-04,  8.01368E-04,  6.58978E-04,  6.58978E-04,  6.58978E-04
 6.58978E-04,  6.58978E-04,  6.58978E-04,  6.58484E+00,  2.06576E+00
 5.47314E-01,  1.45375E-01,  4.92763E-02,  1.99041E-02,  1.01721E-02
 6.50556E-03,  4.09802E-03,  2.72704E-03,  1.82326E-03,  1.23862E-03
 8.72253E-04,  6.41161E-04,  4.82192E-04,  7.94106E-04,  7.94106E-04
 6.56562E-04,  6.56562E-04,  6.56562E-04,  6.56562E-04,  6.56562E-04
 6.56562E-04,  5.88924E+00,  1.91244E+00,  5.73805E-01,  1.59289E-01
 5.41744E-02,  2.06987E-02,  1.09197E-02,  6.57965E-03,  4.09009E-03
 2.71527E-03,  1.81901E-03,  1.21805E-03,  8.49531E-04,  6.25599E-04
 4.73496E-04,  7.85528E-04,  7.85528E-04,  6.51528E-04,  6.51528E-04
 6.51528E-04,  6.51528E-04,  6.51528E-04,  6.51528E-04,  4.86257E+00
 2.07107E+00,  5.93015E-01,  1.62535E-01,  5.56828E-02,  2.17936E-02
 1.16436E-02,  6.41329E-03,  4.11264E-03,  2.74266E-03,  1.80625E-03
 1.20748E-03,  8.45139E-04,  6.26090E-04,  4.68868E-04,  7.78716E-04
 7.78716E-04,  6.45930E-04,  6.45930E-04,  6.45930E-04,  6.45930E-04
 6.45930E-04,  6.45930E-04,  5.32446E+00,  1.95615E+00,  5.79432E-01
 1.64201E-01,  5.82157E-02,  2.20363E-02,  1.06098E-02,  6.37846E-03
 4.22761E-03,  2.77477E-03,  1.78031E-03,  1.19002E-03,  8.39025E-04
 6.16526E-04,  4.63189E-04,  7.73070E-04,  7.73070E-04,  6.40623E-04
 6.40623E-04,  6.40623E-04,  6.40623E-04,  6.40623E-04,  6.40623E-04
 5.82621E+00,  2.03182E+00,  6.30751E-01,  1.62562E-01,  5.65071E-02
 2.16612E-02,  1.06117E-02,  6.77582E-03,  4.36311E-03,  2.73892E-03
 1.73479E-03,  1.16074E-03,  8.20066E-04,  6.04433E-04,  4.58165E-04
 7.65298E-04,  7.65298E-04,  6.33571E-04,  6.33571E-04,  6.33571E-04
 6.33571E-04,  6.33571E-04,  6.33571E-04,  5.55067E+00,  2.95140E+00
 6.80506E-01,  1.50373E-01,  5.06340E-02,  2.06723E-02,  1.17381E-02
 6.98842E-03,  4.32285E-03,  2.64929E-03,  1.68240E-03,  1.13368E-03
 8.07747E-04,  5.99594E-04,  4.56546E-04,  7.59550E-04,  7.59550E-04
 6.25628E-04,  6.25628E-04,  6.25628E-04,  6.25628E-04,  6.25628E-04
 6.25628E-04,  5.92671E+00,  2.06609E+00,  5.41498E-01,  1.29407E-01
 4.63437E-02,  2.09004E-02,  1.14548E-02,  6.86817E-03,  4.12435E-03
 2.53398E-03,  1.63365E-03,  1.11415E-03,  8.02316E-04,  5.99884E-04
 4.57434E-04,  7.55800E-04,  7.55800E-04,  6.17056E-04,  6.17056E-04
 6.17056E-04,  6.17056E-04,  6.17056E-04,  6.17056E-04,  7.49075E+00
 1.89934E+00,  4.57140E-01,  1.17633E-01,  4.77080E-02,  2.15447E-02
 1.11472E-02,  6.35443E-03,  3.87165E-03,  2.43285E-03,  1.60577E-03
 1.10781E-03,  8.04901E-04,  6.04455E-04,  4.59887E-04,  7.53358E-04
 7.53358E-04,  6.06963E-04,  6.06963E-04,  6.06963E-04,  6.06963E-04
 6.06963E-04,  6.06963E-04,  4.39065E+00,  1.68528E+00,  4.17617E-01
 1.32664E-01,  5.00375E-02,  1.98835E-02,  9.37561E-03,  5.77477E-03
 3.69624E-03,  2.40771E-03,  1.60632E-03,  1.11701E-03,  8.16747E-04
 6.13670E-04,  4.64227E-04,  7.55372E-04,  7.55372E-04,  5.97748E-04
 5.97748E-04,  5.97748E-04,  5.97748E-04,  5.97748E-04,  5.97748E-04
 4.75856E+00,  1.62280E+00,  3.92337E-01,  1.17235E-01,  4.11525E-02
 1.70182E-02,  9.00762E-03,  5.35456E-03,  3.61077E-03,  2.44915E-03
 1.61632E-03,  1.13728E-03,  8.27468E-04,  6.22289E-04,  4.69206E-04
 7.59735E-04,  7.59735E-04,  5.89363E-04,  5.89363E-04,  5.89363E-04
 5.89363E-04,  5.89363E-04,  5.89363E-04,  3.81727E+00,  1.54660E+00
 3.10546E-01,  8.63451E-02,  3.05319E-02,  1.34004E-02,  7.73486E-03
 5.42577E-03,  3.70254E-03,  2.45820E-03,  1.65510E-03,  1.15142E-03
 8.39176E-04,  6.28461E-04,  4.73722E-04,  7.63420E-04,  7.63420E-04
 5.79574E-04,  5.79574E-04,  5.79574E-04,  5.79574E-04,  5.79574E-04
 5.79574E-04,  4.16296E+00,  1.50227E+00,  2.97387E-01,  7.92553E-02
 2.67775E-02,  1.25045E-02,  7.93410E-03,  5.60367E-03,  3.77248E-03
 2.52306E-03,  1.68282E-03,  1.16966E-03,  8.52713E-04,  6.33669E-04
 4.79042E-04,  7.68648E-04,  7.68648E-04,  5.69651E-04,  5.69651E-04
 5.69651E-04,  5.69651E-04,  5.69651E-04,  5.69651E-04,  4.55490E+00
 1.50026E+00,  3.41311E-01,  9.22321E-02,  2.81209E-02,  1.32428E-02
 8.72040E-03,  5.87548E-03,  3.91315E-03,  2.59669E-03,  1.70450E-03
 1.18827E-03,  8.61040E-04,  6.38396E-04,  4.84539E-04,  7.75194E-04
 7.75194E-04,  5.59781E-04,  5.59781E-04,  5.59781E-04,  5.59781E-04
 5.59781E-04,  5.59781E-04,  3.77610E+00,  1.71669E+00,  4.04614E-01
 1.16938E-01,  3.63342E-02,  1.58837E-02,  9.82755E-03,  6.38725E-03
 4.09580E-03,  2.63525E-03,  1.72247E-03,  1.19866E-03,  8.62604E-04
 6.43281E-04,  4.89257E-04,  7.81594E-04,  7.81594E-04,  5.49354E-04
 5.49354E-04,  5.49354E-04,  5.49354E-04,  5.49354E-04,  5.49354E-04
 7.01982E+00,  1.88942E+00,  4.32112E-01,  1.26119E-01,  4.38184E-02
 2.00336E-02,  1.15825E-02,  6.99256E-03,  4.26700E-03,  2.64530E-03
 1.74395E-03,  1.20189E-03,  8.62646E-04,  6.50328E-04,  4.94322E-04
 7.89862E-04,  7.89862E-04,  5.40544E-04,  5.40544E-04,  5.40544E-04
 5.40544E-04,  5.40544E-04,  5.40544E-04,  5.12346E+00,  2.32756E+00
 4.40584E-01,  1.13670E-01,  4.40634E-02,  2.15978E-02,  1.27136E-02
 7.56104E-03,  4.46142E-03,  2.68606E-03,  1.74831E-03,  1.19795E-03
 8.63245E-04,  6.56493E-04,  4.99035E-04,  7.99052E-04,  7.99052E-04
 5.32959E-04,  5.32959E-04,  5.32959E-04,  5.32959E-04,  5.32959E-04
 5.32959E-04,  9.24202E+00,  1.89568E+00,  4.26825E-01,  9.37524E-02
 3.97369E-02,  2.17165E-02,  1.31633E-02,  7.89896E-03,  4.58075E-03
 2.71164E-03,  1.72685E-03,  1.18560E-03,  8.60258E-04,  6.57055E-04
 5.02118E-04,  8.06727E-04,  8.06727E-04,  5.24799E-04,  5.24799E-04
 5.24799E-04,  5.24799E-04,  5.24799E-04,  5.24799E-04,  7.18292E+00
 2.23271E+00,  4.87138E-01,  8.73937E-02,  3.45101E-02,  1.97929E-02
 1.29987E-02,  7.80791E-03,  4.52225E-03,  2.69055E-03,  1.69711E-03
 1.16724E-03,  8.55834E-04,  6.56935E-04,  5.05342E-04,  8.13962E-04
 8.13962E-04,  5.17267E-04,  5.17267E-04,  5.17267E-04,  5.17267E-04
 5.17267E-04,  5.17267E-04,  3.40070E+00,  2.09447E+00,  4.78171E-01
 8.65760E-02,  3.44906E-02,  1.77573E-02,  1.15445E-02,  7.38729E-03
 4.43945E-03,  2.62759E-03,  1.67129E-03,  1.14832E-03,  8.52105E-04
 6.55162E-04,  5.08027E-04,  8.20437E-04,  8.20437E-04,  5.10455E-04
 5.10455E-04,  5.10455E-04,  5.10455E-04,  5.10455E-04,  5.10455E-04
 8.14814E+00,  1.56675E+00,  3.64831E-01,  8.54816E-02,  3.60200E-02
 1.74143E-02,  1.10101E-02,  7.02112E-03,  4.28896E-03,  2.59212E-03
 1.64805E-03,  1.13167E-03,  8.49158E-04,  6.50304E-04,  5.09052E-04
 8.24545E-04,  8.24545E-04,  5.03780E-04,  5.03780E-04,  5.03780E-04
 5.03780E-04,  5.03780E-04,  5.03780E-04,  2.60864E+00,  5.70578E-01
 2.80523E-01,  8.52434E-02,  3.63429E-02,  1.69987E-02,  1.02585E-02
 6.80199E-03,  4.19501E-03,  2.57041E-03,  1.63538E-03,  1.12453E-03
 8.39734E-04,  6.46721E-04,  5.09240E-04,  8.28440E-04,  8.28440E-04
 4.98700E-04,  4.98700E-04,  4.98700E-04,  4.98700E-04,  4.98700E-04
 4.98700E-04,  2.44089E+00,  6.10197E-01,  2.42770E-01,  7.99766E-02
 3.59011E-02,  1.69346E-02,  9.36496E-03,  6.38636E-03,  4.10845E-03
 2.55563E-03,  1.62953E-03,  1.12096E-03,  8.31738E-04,  6.43161E-04
 5.08370E-04,  8.31843E-04,  8.31843E-04,  4.94810E-04,  4.94810E-04
 4.94810E-04,  4.94810E-04,  4.94810E-04,  4.94810E-04,  1.20309E+00
 4.58051E-01,  1.98772E-01,  6.64524E-02,  3.27741E-02,  1.69764E-02
 8.82477E-03,  5.89101E-03,  3.98528E-03,  2.53614E-03,  1.62460E-03
 1.11739E-03,  8.23423E-04,  6.38172E-04,  5.04939E-04,  8.32280E-04
 8.32280E-04,  4.90650E-04,  4.90650E-04,  4.90650E-04,  4.90650E-04
 4.90650E-04,  4.90650E-04,  1.69404E+00,  4.52731E-01,  1.40958E-01
 5.45513E-02,  2.97818E-02,  1.68474E-02,  8.58401E-03,  5.47616E-03
 3.84007E-03,  2.51864E-03,  1.62198E-03,  1.11859E-03,  8.15461E-04
 6.32883E-04,  4.99646E-04,  8.31078E-04,  8.31078E-04,  4.86914E-04
 4.86914E-04,  4.86914E-04,  4.86914E-04,  4.86914E-04,  4.86914E-04
 1.42424E+00,  4.96597E-01,  1.38325E-01,  5.15395E-02,  2.93245E-02
 1.68794E-02,  8.44572E-03,  5.19461E-03,  3.70463E-03,  2.50505E-03
 1.62682E-03,  1.11277E-03,  8.10048E-04,  6.23992E-04,  4.93684E-04
 8.28251E-04,  8.28251E-04,  4.83462E-04,  4.83462E-04,  4.83462E-04
 4.83462E-04,  4.83462E-04,  4.83462E-04,  5.57013E-01,  3.29100E-01
 1.60336E-01,  5.78420E-02,  2.99358E-02,  1.69826E-02,  8.44333E-03
 5.07965E-03,  3.58661E-03,  2.49126E-03,  1.63702E-03,  1.11039E-03
 8.04162E-04,  6.13821E-04,  4.86175E-04,  8.22758E-04,  8.22758E-04
 4.79570E-04,  4.79570E-04,  4.79570E-04,  4.79570E-04,  4.79570E-04
 4.79570E-04,  6.36740E-01,  1.73413E-01,  1.38432E-01,  6.24048E-02
 3.06846E-02,  1.71076E-02,  8.60147E-03,  5.08785E-03,  3.51639E-03
 2.48417E-03,  1.65343E-03,  1.11564E-03,  8.00207E-04,  6.05821E-04
 4.78169E-04,  8.17046E-04,  8.17046E-04,  4.76202E-04,  4.76202E-04
 4.76202E-04,  4.76202E-04,  4.76202E-04,  4.76202E-04,  4.86902E-01
 1.72752E-01,  1.32838E-01,  6.47651E-02,  3.21811E-02,  1.73428E-02
 8.87371E-03,  5.13770E-03,  3.46732E-03,  2.49908E-03,  1.66888E-03
 1.12452E-03,  7.98202E-04,  5.98679E-04,  4.70171E-04,  8.11179E-04
 8.11179E-04,  4.73063E-04,  4.73063E-04,  4.73063E-04,  4.73063E-04
 4.73063E-04,  4.73063E-04,  9.32368E-01,  3.18698E-01,  1.40205E-01
 6.15575E-02,  3.33218E-02,  1.72992E-02,  9.01954E-03,  5.17351E-03
 3.46021E-03,  2.48542E-03,  1.67927E-03,  1.13103E-03,  7.95713E-04
 5.90757E-04,  4.60008E-04,  8.03244E-04,  8.03244E-04,  4.69063E-04
 4.69063E-04,  4.69063E-04,  4.69063E-04,  4.69063E-04,  4.69063E-04
 1.34588E+00,  3.81308E-01,  1.32363E-01,  5.64966E-02,  3.03172E-02
 1.68019E-02,  9.06646E-03,  5.24435E-03,  3.56304E-03,  2.43780E-03
 1.67960E-03,  1.13542E-03,  7.93700E-04,  5.82971E-04,  4.48585E-04
 7.94839E-04,  7.94839E-04,  4.64874E-04,  4.64874E-04,  4.64874E-04
 4.64874E-04,  4.64874E-04,  4.64874E-04,  1.36994E+00,  4.63459E-01
 1.26334E-01,  5.93945E-02,  3.22906E-02,  1.70174E-02,  9.51329E-03
 5.41814E-03,  3.63117E-03,  2.43947E-03,  1.65442E-03,  1.13765E-03
 7.91528E-04,  5.75366E-04,  4.38598E-04,  7.85853E-04,  7.85853E-04
 4.60423E-04,  4.60423E-04,  4.60423E-04,  4.60423E-04,  4.60423E-04
 4.60423E-04,  8.36894E-01,  3.46265E-01,  1.43813E-01,  6.47629E-02
 3.50416E-02,  1.80996E-02,  1.00263E-02,  5.65185E-03,  3.65956E-03
 2.50064E-03,  1.63225E-03,  1.13270E-03,  7.87545E-04,  5.67600E-04
 4.28796E-04,  7.75038E-04,  7.75038E-04,  4.55206E-04,  4.55206E-04
 4.55206E-04,  4.55206E-04,  4.55206E-04,  4.55206E-04,  1.33650E+00
 3.92564E-01,  1.57755E-01,  7.15500E-02,  3.57573E-02,  1.87279E-02
 1.02490E-02,  5.91774E-03,  3.68351E-03,  2.49461E-03,  1.65399E-03
 1.12274E-03,  7.84171E-04,  5.61179E-04,  4.19945E-04,  7.64737E-04
 7.64737E-04,  4.50161E-04,  4.50161E-04,  4.50161E-04,  4.50161E-04
 4.50161E-04,  4.50161E-04,  6.91554E-01,  2.77643E-01,  1.76147E-01
 7.59127E-02,  3.47351E-02,  1.83560E-02,  1.04577E-02,  6.14729E-03
 3.69903E-03,  2.45918E-03,  1.66145E-03,  1.11666E-03,  7.80925E-04
 5.56020E-04,  4.12305E-04,  7.54689E-04,  7.54689E-04,  4.45025E-04
 4.45025E-04,  4.45025E-04,  4.45025E-04,  4.45025E-04,  4.45025E-04
 6.58015E-01,  3.31616E-01,  1.88757E-01,  7.87727E-02,  3.35050E-02
 1.77769E-02,  1.04483E-02,  6.30818E-03,  3.70674E-03,  2.40733E-03
 1.64430E-03,  1.11395E-03,  7.75176E-04,  5.50278E-04,  4.04832E-04
 7.42835E-04,  7.42835E-04,  4.39020E-04,  4.39020E-04,  4.39020E-04
 4.39020E-04,  4.39020E-04,  4.39020E-04,  1.24583E+00,  4.31669E-01
 2.06639E-01,  7.89452E-02,  3.24091E-02,  1.74167E-02,  1.04289E-02
 6.47328E-03,  3.72741E-03,  2.35681E-03,  1.61483E-03,  1.11468E-03
 7.68521E-04,  5.44588E-04,  3.97970E-04,  7.30834E-04,  7.30834E-04
 4.32933E-04,  4.32933E-04,  4.32933E-04,  4.32933E-04,  4.32933E-04
 4.32933E-04,  9.47938E-01,  3.24478E-01,  1.89072E-01,  7.81135E-02
 3.13870E-02,  1.75307E-02,  1.06286E-02,  6.62472E-03,  3.76591E-03
 2.32650E-03,  1.58217E-03,  1.11060E-03,  7.62322E-04,  5.38737E-04
 3.91686E-04,  7.18674E-04,  7.18674E-04,  4.26693E-04,  4.26693E-04
 4.26693E-04,  4.26693E-04,  4.26693E-04,  4.26693E-04,  1.39168E+00
 4.15297E-01,  1.49188E-01,  7.08052E-02,  3.14550E-02,  1.74707E-02
 1.07761E-02,  6.70857E-03,  3.80372E-03,  2.31008E-03,  1.55429E-03
 1.10092E-03,  7.56872E-04,  5.31870E-04,  3.85319E-04,  7.05574E-04
 7.05574E-04,  4.19950E-04,  4.19950E-04,  4.19950E-04,  4.19950E-04
 4.19950E-04,  4.19950E-04,  1.41001E+00,  3.90457E-01,  1.45055E-01
 6.84386E-02,  3.21879E-02,  1.75324E-02,  1.09122E-02,  6.74539E-03
 3.80701E-03,  2.31937E-03,  1.54148E-03,  1.09008E-03,  7.54594E-04
 5.26153E-04,  3.79925E-04,  6.93718E-04,  6.93718E-04,  4.13545E-04
 4.13545E-04,  4.13545E-04,  4.13545E-04,  4.13545E-04,  4.13545E-04
 8.93294E-01,  3.31432E-01,  1.81988E-01,  7.32689E-02,  3.29070E-02
 1.75435E-02,  1.09702E-02,  6.68857E-03,  3.84104E-03,  2.32689E-03
 1.54380E-03,  1.08150E-03,  7.52910E-04,  5.22935E-04,  3.75116E-04
 6.82788E-04,  6.82788E-04,  4.07035E-04,  4.07035E-04,  4.07035E-04
 4.07035E-04,  4.07035E-04,  4.07035E-04,  6.53080E-01,  2.47927E-01
 2.00593E-01,  7.72811E-02,  3.32920E-02,  1.73704E-02,  1.05908E-02
 6.62184E-03,  3.92898E-03,  2.33872E-03,  1.54836E-03,  1.07262E-03
 7.49639E-04,  5.21330E-04,  3.70364E-04,  6.71329E-04,  6.71329E-04
 3.99793E-04,  3.99793E-04,  3.99793E-04,  3.99793E-04,  3.99793E-04
 3.99793E-04,  7.16702E-01,  2.36479E-01,  1.98010E-01,  7.61320E-02
 3.32913E-02,  1.69338E-02,  1.05175E-02,  6.63740E-03,  3.94002E-03
 2.37223E-03,  1.55032E-03,  1.06688E-03,  7.46725E-04,  5.19174E-04
 3.68614E-04,  6.60536E-04,  6.60536E-04,  3.92642E-04,  3.92642E-04
 3.92642E-04,  3.92642E-04,  3.92642E-04,  3.92642E-04,  7.21302E-01
 3.17752E-01,  1.77224E-01,  7.17056E-02,  3.26850E-02,  1.67231E-02
 1.02673E-02,  6.52797E-03,  3.89182E-03,  2.41043E-03,  1.54732E-03
 1.07011E-03,  7.42955E-04,  5.17136E-04,  3.66957E-04,  6.50034E-04
 6.50034E-04,  3.85444E-04,  3.85444E-04,  3.85444E-04,  3.85444E-04
 3.85444E-04,  3.85444E-04,  1.34678E+00,  4.11321E-01,  1.40555E-01
 6.70207E-02,  3.24244E-02,  1.65925E-02,  9.84727E-03,  6.18453E-03
 3.87843E-03,  2.39212E-03,  1.57976E-03,  1.06525E-03,  7.40810E-04
 5.14194E-04,  3.64279E-04,  6.38783E-04,  6.38783E-04,  3.77959E-04
 3.77959E-04,  3.77959E-04,  3.77959E-04,  3.77959E-04,  3.77959E-04
 7.25057E-01,  2.22361E-01,  1.28909E-01,  6.73803E-02,  3.24286E-02
 1.67218E-02,  9.63971E-03,  6.16457E-03,  3.85564E-03,  2.43679E-03
 1.59598E-03,  1.07411E-03,  7.39470E-04,  5.12426E-04,  3.61849E-04
 6.28560E-04,  6.28560E-04,  3.70899E-04,  3.70899E-04,  3.70899E-04
 3.70899E-04,  3.70899E-04,  3.70899E-04,  6.34354E-01,  2.05585E-01
 1.27406E-01,  6.42328E-02,  3.17683E-02,  1.67579E-02,  9.61514E-03
 6.18139E-03,  3.90767E-03,  2.48137E-03,  1.65264E-03,  1.08014E-03
 7.41191E-04,  5.11916E-04,  3.59999E-04,  6.19095E-04,  6.19095E-04
 3.63673E-04,  3.63673E-04,  3.63673E-04,  3.63673E-04,  3.63673E-04
 3.63673E-04,  7.19671E-01,  1.91018E-01,  1.05275E-01,  5.96280E-02
 3.13394E-02,  1.65256E-02,  9.50404E-03,  6.26724E-03,  4.00899E-03
 2.54744E-03,  1.70120E-03,  1.08629E-03,  7.42920E-04,  5.10748E-04
 3.57079E-04,  6.08493E-04,  6.08493E-04,  3.55800E-04,  3.55800E-04
 3.55800E-04,  3.55800E-04,  3.55800E-04,  3.55800E-04,  7.08282E-01
 1.85173E-01,  1.08448E-01,  5.77651E-02,  3.08913E-02,  1.64203E-02
 9.68831E-03,  6.44713E-03,  4.11391E-03,  2.71562E-03,  1.69978E-03
 1.09950E-03,  7.44809E-04,  5.09425E-04,  3.53460E-04,  5.97667E-04
 5.97667E-04,  3.48096E-04,  3.48096E-04,  3.48096E-04,  3.48096E-04
 3.48096E-04,  3.48096E-04,  7.76734E-01,  1.94181E-01,  1.24818E-01
 6.50412E-02,  3.20437E-02,  1.69883E-02,  1.00433E-02,  6.67321E-03
 4.39694E-03,  2.78087E-03,  1.70981E-03,  1.10982E-03,  7.47560E-04
 5.07671E-04,  3.49187E-04,  5.86379E-04,  5.86379E-04,  3.40417E-04
 3.40417E-04,  3.40417E-04,  3.40417E-04,  3.40417E-04,  3.40417E-04
 9.10769E-01,  2.47220E-01,  1.54693E-01,  7.42460E-02,  3.46554E-02
 1.77152E-02,  1.04810E-02,  6.94565E-03,  4.55378E-03,  2.75745E-03
 1.70699E-03,  1.11928E-03,  7.49004E-04,  5.04469E-04,  3.43719E-04
 5.73948E-04,  5.73948E-04,  3.32666E-04,  3.32666E-04,  3.32666E-04
 3.32666E-04,  3.32666E-04,  3.32666E-04,  1.85591E+00,  4.66668E-01
 1.83833E-01,  7.53293E-02,  3.44574E-02,  1.80547E-02,  1.09151E-02
 7.25886E-03,  4.66985E-03,  2.80001E-03,  1.72180E-03,  1.13135E-03
 7.51295E-04,  5.01627E-04,  3.38664E-04,  5.62446E-04,  5.62446E-04
 3.25368E-04,  3.25368E-04,  3.25368E-04,  3.25368E-04,  3.25368E-04
 3.25368E-04,  1.23901E+00,  4.22406E-01,  2.12168E-01,  7.60745E-02
 3.37217E-02,  1.78366E-02,  1.10000E-02,  7.37547E-03,  4.53386E-03
 2.74976E-03,  1.78780E-03,  1.14144E-03,  7.54262E-04,  4.98744E-04
 3.33857E-04,  5.51199E-04,  5.51199E-04,  3.17853E-04,  3.17853E-04
 3.17853E-04,  3.17853E-04,  3.17853E-04,  3.17853E-04,  2.15950E+00
 4.99425E-01,  2.55672E-01,  8.09366E-02,  3.37350E-02,  1.76241E-02
 1.12168E-02,  7.57044E-03,  4.67736E-03,  2.88246E-03,  1.80524E-03
 1.15013E-03,  7.53150E-04,  4.93407E-04,  3.27832E-04,  5.38275E-04
 5.38275E-04,  3.09908E-04,  3.09908E-04,  3.09908E-04,  3.09908E-04
 3.09908E-04,  3.09908E-04,  1.88868E+00,  4.61978E-01,  3.00401E-01
 8.79853E-02,  3.55423E-02,  1.79517E-02,  1.11160E-02,  7.54533E-03
 4.83235E-03,  2.91534E-03,  1.78744E-03,  1.15352E-03,  7.48555E-04
 4.86382E-04,  3.21455E-04,  5.24931E-04,  5.24931E-04,  3.02321E-04
 3.02321E-04,  3.02321E-04,  3.02321E-04,  3.02321E-04,  3.02321E-04
 5.80628E+00,  1.04928E+00,  3.26664E-01,  9.74936E-02,  3.93270E-02
 1.83028E-02,  1.03889E-02,  6.91488E-03,  4.56902E-03,  2.83473E-03
 1.77940E-03,  1.14841E-03,  7.40491E-04,  4.77740E-04,  3.14848E-04
 5.11077E-04,  5.11077E-04,  2.95095E-04,  2.95095E-04,  2.95095E-04
 2.95095E-04,  2.95095E-04,  2.95095E-04,  2.59396E+00,  1.30624E+00
 3.81447E-01,  1.16454E-01,  4.33222E-02,  1.82262E-02,  9.96722E-03
 6.37396E-03,  4.21967E-03,  2.72765E-03,  1.75658E-03,  1.13511E-03
 7.27671E-04,  4.67207E-04,  3.07902E-04,  4.96705E-04,  4.96705E-04
 2.88292E-04,  2.88292E-04,  2.88292E-04,  2.88292E-04,  2.88292E-04
 2.88292E-04,  2.85031E+00,  1.41157E+00,  4.38654E-01,  1.30570E-01
 4.41092E-02,  1.73942E-02,  9.46580E-03,  6.03277E-03,  3.96617E-03
 2.63214E-03,  1.72607E-03,  1.11739E-03,  7.13228E-04,  4.57058E-04
 3.02065E-04,  4.83343E-04,  4.83343E-04,  2.81840E-04,  2.81840E-04
 2.81840E-04,  2.81840E-04,  2.81840E-04,  2.81840E-04,  6.05894E+00
 1.28909E+00,  3.69783E-01,  1.26593E-01,  3.96817E-02,  1.60555E-02
 8.85231E-03,  5.65100E-03,  3.78156E-03,  2.54645E-03,  1.69330E-03
 1.09491E-03,  6.96912E-04,  4.46933E-04,  2.96984E-04,  4.69629E-04
 4.69629E-04,  2.74968E-04,  2.74968E-04,  2.74968E-04,  2.74968E-04
 2.74968E-04,  2.74968E-04,  2.48704E+00,  6.69581E-01,  3.11397E-01
 1.05811E-01,  3.42240E-02,  1.46798E-02,  8.29042E-03,  5.42364E-03
 3.68659E-03,  2.48497E-03,  1.65067E-03,  1.06382E-03,  6.76500E-04
 4.35509E-04,  2.91832E-04,  4.54609E-04,  4.54609E-04,  2.68026E-04
 2.68026E-04,  2.68026E-04,  2.68026E-04,  2.68026E-04,  2.68026E-04
 2.08247E+00,  5.63112E-01,  2.53584E-01,  8.88381E-02,  3.10516E-02
 1.36881E-02,  8.35335E-03,  5.53275E-03,  3.70871E-03,  2.44729E-03
 1.59920E-03,  1.02696E-03,  6.54521E-04,  4.24350E-04,  2.87610E-04
 4.39541E-04,  4.39541E-04,  2.61584E-04,  2.61584E-04,  2.61584E-04
 2.61584E-04,  2.61584E-04,  2.61584E-04,  1.91665E+00,  4.55523E-01
 2.15002E-01,  8.08222E-02,  2.92739E-02,  1.44911E-02,  9.65588E-03
 6.00090E-03,  3.73907E-03,  2.38771E-03,  1.53939E-03,  9.85900E-04
 6.32197E-04,  4.13767E-04,  2.84297E-04,  4.25500E-04,  4.25500E-04
 2.56489E-04,  2.56489E-04,  2.56489E-04,  2.56489E-04,  2.56489E-04
 2.56489E-04,  2.33592E+00,  5.62962E-01,  2.17481E-01,  7.70660E-02
 3.15579E-02,  1.81152E-02,  1.10930E-02,  6.29040E-03,  3.75813E-03
 2.32313E-03,  1.46599E-03,  9.41832E-04,  6.09981E-04,  4.03622E-04
 2.80952E-04,  4.14167E-04,  4.14167E-04,  2.52746E-04,  2.52746E-04
 2.52746E-04,  2.52746E-04,  2.52746E-04,  2.52746E-04,  1.30143E+00
 6.58714E-01,  3.49884E-01,  1.04274E-01,  4.33255E-02,  2.18648E-02
 1.24137E-02,  7.02541E-03,  3.87948E-03,  2.23468E-03,  1.38788E-03
 9.00279E-04,  5.90459E-04,  3.95026E-04,  2.77325E-04,  4.05562E-04
 4.05562E-04,  2.49894E-04,  2.49894E-04,  2.49894E-04,  2.49894E-04
 2.49894E-04,  2.49894E-04,  1.46660E+00,  7.27043E-01,  3.72177E-01
 1.37688E-01,  5.30699E-02,  2.40265E-02,  1.29208E-02,  6.74071E-03
 3.62219E-03,  2.07686E-03,  1.31038E-03,  8.62636E-04,  5.73234E-04
 3.87076E-04,  2.73224E-04,  3.95736E-04,  3.95736E-04,  2.46804E-04
 2.46804E-04,  2.46804E-04,  2.46804E-04,  2.46804E-04,  2.46804E-04
 2.30157E+00,  6.32334E-01,  3.12296E-01,  1.28732E-01,  4.98522E-02
 2.23533E-02,  1.22517E-02,  6.44932E-03,  3.34173E-03,  1.90197E-03
 1.23370E-03,  8.27440E-04,  5.55907E-04,  3.78559E-04,  2.68525E-04
 3.81098E-04,  3.81098E-04,  2.42942E-04,  2.42942E-04,  2.42942E-04
 2.42942E-04,  2.42942E-04,  2.42942E-04,  1.76610E+00,  8.99874E-01
 2.98063E-01,  9.99579E-02,  4.15207E-02,  1.84133E-02,  1.00060E-02
 5.58618E-03,  3.09257E-03,  1.81545E-03,  1.16645E-03,  7.93449E-04
 5.38630E-04,  3.69149E-04,  2.63639E-04,  3.66233E-04,  3.66233E-04
 2.38937E-04,  2.38937E-04,  2.38937E-04,  2.38937E-04,  2.38937E-04
 2.38937E-04,  2.55397E+00,  5.31771E-01,  1.95307E-01,  9.39523E-02
 3.62294E-02,  1.47731E-02,  7.93437E-03,  4.58845E-03,  2.73836E-03
 1.69031E-03,  1.09985E-03,  7.66913E-04,  5.20158E-04,  3.59892E-04
 2.60009E-04,  3.52731E-04,  3.52731E-04,  2.35239E-04,  2.35239E-04
 2.35239E-04,  2.35239E-04,  2.35239E-04,  2.35239E-04,  2.76544E+00
 4.62624E-01,  2.81129E-01,  9.26669E-02,  3.37272E-02,  1.34761E-02
 6.62023E-03,  3.86527E-03,  2.43094E-03,  1.58121E-03,  1.05265E-03
 7.29259E-04,  5.04994E-04,  3.51455E-04,  2.56874E-04,  3.39984E-04
 3.39984E-04,  2.31808E-04,  2.31808E-04,  2.31808E-04,  2.31808E-04
 2.31808E-04,  2.31808E-04,  6.48894E+00,  1.60884E+00,  3.58899E-01
 9.25120E-02,  3.08659E-02,  1.24215E-02,  5.88192E-03,  3.51101E-03
 2.16442E-03,  1.52625E-03,  1.01095E-03,  7.03512E-04,  4.90247E-04
 3.43375E-04,  2.53033E-04,  3.28242E-04,  3.28242E-04,  2.28859E-04
 2.28859E-04,  2.28859E-04,  2.28859E-04,  2.28859E-04,  2.28859E-04
 3.54245E+00,  2.22576E+00,  4.39337E-01,  1.08681E-01,  3.02016E-02
 1.10620E-02,  5.39887E-03,  3.20684E-03,  2.09474E-03,  1.40103E-03
 9.92013E-04,  6.80640E-04,  4.74517E-04,  3.34744E-04,  2.48669E-04
 3.16948E-04,  3.16948E-04,  2.26344E-04,  2.26344E-04,  2.26344E-04
 2.26344E-04,  2.26344E-04,  2.26344E-04,  6.82474E+00,  2.51514E+00
 4.93847E-01,  1.28556E-01,  3.55020E-02,  1.13004E-02,  4.99238E-03
 2.90905E-03,  1.93060E-03,  1.32060E-03,  9.19750E-04,  6.60959E-04
 4.55451E-04,  3.24624E-04,  2.43468E-04,  3.05017E-04,  3.05017E-04
 2.23527E-04,  2.23527E-04,  2.23527E-04,  2.23527E-04,  2.23527E-04
 2.23527E-04,  6.80078E+00,  2.53679E+00,  5.30880E-01,  1.29838E-01
 4.23246E-02,  1.30662E-02,  4.92069E-03,  2.68491E-03,  1.75691E-03
 1.21034E-03,  8.47995E-04,  6.10913E-04,  4.36386E-04,  3.12325E-04
 2.37090E-04,  2.92562E-04,  2.92562E-04,  2.20086E-04,  2.20086E-04
 2.20086E-04,  2.20086E-04,  2.20086E-04,  2.20086E-04,  8.39935E+00
 3.01990E+00,  6.57548E-01,  1.17178E-01,  4.39997E-02,  1.48181E-02
 5.04408E-03,  2.51373E-03,  1.61169E-03,  1.09996E-03,  7.75202E-04
 5.58421E-04,  4.05910E-04,  2.99046E-04,  2.28534E-04,  2.78975E-04
 2.78975E-04,  2.15601E-04,  2.15601E-04,  2.15601E-04,  2.15601E-04
 2.15601E-04,  2.15601E-04,  7.01456E+00,  3.61654E+00,  4.83561E-01
 8.99945E-02,  3.92431E-02,  1.52447E-02,  5.12488E-03,  2.38083E-03
 1.48398E-03,  1.00124E-03,  7.02713E-04,  5.05437E-04,  3.69410E-04
 2.76783E-04,  2.15274E-04,  2.62532E-04,  2.62532E-04,  2.09758E-04
 2.09758E-04,  2.09758E-04,  2.09758E-04,  2.09758E-04,  2.09758E-04
 1.03887E+01,  1.90995E+00,  4.90061E-01,  5.95949E-02,  3.13448E-02
 1.40181E-02,  5.02024E-03,  2.28524E-03,  1.38029E-03,  9.14897E-04
 6.36176E-04,  4.56543E-04,  3.34616E-04,  2.53651E-04,  2.00478E-04
 2.45977E-04,  2.45977E-04,  2.03995E-04,  2.03995E-04,  2.03995E-04
 2.03995E-04,  2.03995E-04,  2.03995E-04,  9.46078E+00,  2.77310E+00
 3.54820E-01,  4.91609E-02,  2.44187E-02,  1.17004E-02,  4.75241E-03
 2.21732E-03,  1.30798E-03,  8.39987E-04,  5.75795E-04,  4.11404E-04
 3.02807E-04,  2.31897E-04,  1.85728E-04,  2.29765E-04,  2.29765E-04
 1.98437E-04,  1.98437E-04,  1.98437E-04,  1.98437E-04,  1.98437E-04
 1.98437E-04,  6.12400E+00,  2.58577E+00,  3.20572E-01,  4.56789E-02
 2.04848E-02,  9.25388E-03,  4.32026E-03,  2.29901E-03,  1.26927E-03
 7.78630E-04,  5.19190E-04,  3.68454E-04,  2.72556E-04,  2.11032E-04
 1.70798E-04,  2.12949E-04,  2.12949E-04,  1.92134E-04,  1.92134E-04
 1.92134E-04,  1.92134E-04,  1.92134E-04,  1.92134E-04,  8.99590E+00
 2.63342E+00,  2.66948E-01,  5.16987E-02,  1.88299E-02,  8.25599E-03
 3.97356E-03,  2.24686E-03,  1.34836E-03,  7.34397E-04,  4.69867E-04
 3.28616E-04,  2.44328E-04,  1.91247E-04,  1.56057E-04,  1.95829E-04
 1.95829E-04,  1.85356E-04,  1.85356E-04,  1.85356E-04,  1.85356E-04
 1.85356E-04,  1.85356E-04,  4.56704E+00,  2.38875E+00,  2.75219E-01
 5.60993E-02,  1.79002E-02,  7.50059E-03,  3.69044E-03,  2.12569E-03
 1.30393E-03,  7.45651E-04,  4.25144E-04,  2.94241E-04,  2.18172E-04
 1.72660E-04,  1.41597E-04,  1.78410E-04,  1.78410E-04,  1.78137E-04
 1.78137E-04,  1.78137E-04,  1.78137E-04,  1.78137E-04,  1.78137E-04
 5.07390E+00,  1.91861E+00,  2.59443E-01,  4.64296E-02,  1.47660E-02
 6.73213E-03,  3.60698E-03,  2.09638E-03,  1.20649E-03,  7.18994E-04
 4.04379E-04,  2.62764E-04,  1.94347E-04,  1.55065E-04,  1.27260E-04
 1.60337E-04,  1.60337E-04,  1.70120E-04,  1.70120E-04,  1.70120E-04
 1.70120E-04,  1.70120E-04,  1.70120E-04,  1.31929E+00,  1.70462E+00
 1.71274E-01,  2.58582E-02,  1.10128E-02,  6.01483E-03,  3.53680E-03
 2.07255E-03,  1.18501E-03,  6.62509E-04,  3.90501E-04,  2.36602E-04
 1.73079E-04,  1.39108E-04,  1.13717E-04,  1.42392E-04,  1.42392E-04
 1.62101E-04,  1.62101E-04,  1.62101E-04,  1.62101E-04,  1.62101E-04
 1.62101E-04,  3.94338E+00,  8.70422E-01,  5.66714E-02,  1.65466E-02
 8.47085E-03,  5.29287E-03,  3.41507E-03,  2.05800E-03,  1.16411E-03
 6.32173E-04,  3.61870E-04,  2.18387E-04,  1.54113E-04,  1.22523E-04
 1.00198E-04,  1.25317E-04,  1.25317E-04,  1.55664E-04,  1.55664E-04
 1.55664E-04,  1.55664E-04,  1.55664E-04,  1.55664E-04,  7.89467E-01
 5.90657E-02,  3.34904E-02,  1.47450E-02,  6.63924E-03,  4.50918E-03
 3.22601E-03,  2.00250E-03,  1.15618E-03,  6.13716E-04,  3.41554E-04
 2.10113E-04,  1.44700E-04,  1.16623E-04,  9.76570E-05,  1.19576E-04
 1.19576E-04,  1.65359E-04,  1.65359E-04,  1.65359E-04,  1.65359E-04
 1.65359E-04,  1.65359E-04,  7.29452E-01,  2.08133E-01,  7.86530E-02
 2.95140E-02,  1.20661E-02,  8.29101E-03,  7.14010E-03,  5.59058E-03
 3.79891E-03,  2.35183E-03,  1.44574E-03,  1.02133E-03,  8.62276E-04
 8.48891E-04,  8.73188E-04,  1.10712E-03,  1.10712E-03,  1.48933E-03
 1.48933E-03,  1.48933E-03,  1.48933E-03,  1.48933E-03,  1.48933E-03
 7.29452E-01,  2.08133E-01,  7.86530E-02,  2.95140E-02,  1.20661E-02
 8.29101E-03,  7.14010E-03,  5.59058E-03,  3.79891E-03,  2.35183E-03
 1.44574E-03,  1.02133E-03,  8.62276E-04,  8.48891E-04,  8.73188E-04
 1.10712E-03,  1.10712E-03,  1.48933E-03,  1.48933E-03,  1.48933E-03
 1.48933E-03,  1.48933E-03,  1.48933E-03,  2.34499E-02,  2.63739E-02
 2.51796E-02,  1.98570E-02,  1.43626E-02,  1.05224E-02,  8.28468E-03
 6.96671E-03,  5.96974E-03,  5.04024E-03,  4.20603E-03,  3.50165E-03
 2.92185E-03,  2.46280E-03,  2.10976E-03,  4.76783E-03,  4.76783E-03
 7.32623E-03,  7.32623E-03,  7.32623E-03,  7.32623E-03,  7.32623E-03
 7.32623E-03,  2.34499E-02,  2.63739E-02,  2.51796E-02,  1.98570E-02
 1.43626E-02,  1.05224E-02,  8.28468E-03,  6.96671E-03,  5.96974E-03
 5.04024E-03,  4.20603E-03,  3.50165E-03,  2.92185E-03,  2.46280E-03
 2.10976E-03,  4.76783E-03,  4.76783E-03,  7.32623E-03,  7.32623E-03
 7.32623E-03,  7.32623E-03,  7.32623E-03,  7.32623E-03,  2.34499E-02
 2.63739E-02,  2.51796E-02,  1.98570E-02,  1.43626E-02,  1.05224E-02
 8.28468E-03,  6.96671E-03,  5.96974E-03,  5.04024E-03,  4.20603E-03
 3.50165E-03,  2.92185E-03,  2.46280E-03,  2.10976E-03,  4.76783E-03
 4.76783E-03,  7.32623E-03,  7.32623E-03,  7.32623E-03,  7.32623E-03
 7.32623E-03,  7.32623E-03,  2.34499E-02,  2.63739E-02,  2.51796E-02
 1.98570E-02,  1.43626E-02,  1.05224E-02,  8.28468E-03,  6.96671E-03
 5.96974E-03,  5.04024E-03,  4.20603E-03,  3.50165E-03,  2.92185E-03
 2.46280E-03,  2.10976E-03,  4.76783E-03,  4.76783E-03,  7.32623E-03
 7.32623E-03,  7.32623E-03,  7.32623E-03,  7.32623E-03,  7.32623E-03
 2.34499E-02,  2.63739E-02,  2.51796E-02,  1.98570E-02,  1.43626E-02
 1.05224E-02,  8.28468E-03,  6.96671E-03,  5.96974E-03,  5.04024E-03
 4.20603E-03,  3.50165E-03,  2.92185E-03,  2.46280E-03,  2.10976E-03
 4.76783E-03,  4.76783E-03,  7.32623E-03,  7.32623E-03,  7.32623E-03
 7.32623E-03,  7.32623E-03,  7.32623E-03,  2.34499E-02,  2.63739E-02
 2.51796E-02,  1.98570E-02,  1.43626E-02,  1.05224E-02,  8.28468E-03
 6.96671E-03,  5.96974E-03,  5.04024E-03,  4.20603E-03,  3.50165E-03
 2.92185E-03,  2.46280E-03,  2.10976E-03,  4.76783E-03,  4.76783E-03
 7.32623E-03,  7.32623E-03,  7.32623E-03,  7.32623E-03,  7.32623E-03
 7.32623E-03

;------ Iteration  4
;-Index  V/I_Meas      V/I_Calc    VI_%ERR
  1,    2.07243E+01,   1.14101E+01,  -44.94
  2,    2.56875E+00,   7.56919E-01,  -70.53
  3,    1.24840E+00,   3.45593E-01,  -72.32
  4,    9.38865E-02,   1.77450E-01,  89.01
  5,    1.51760E-01,   8.79892E-02,  -42.02
  6,    9.01102E-02,   5.99833E-02,  -33.43
  7,    2.51083E+01,   1.26444E+01,  -49.64
  8,    6.05705E+00,   3.11733E+00,  -48.53
  9,    2.62075E+00,   1.09160E+00,  -58.35
  10,    1.10857E+00,   4.08831E-01,  -63.12
  11,    1.39745E-01,   7.75498E-02,  -44.51
  12,    8.66431E-02,   4.10800E-02,  -52.59
  13,    3.66935E-02,   1.86926E-01,  409.43
  14,    2.42305E-01,   1.52462E-01,  -37.08
  15,    1.08723E-01,   9.69058E-02,  -10.87
  16,    6.45944E-02,   6.30065E-02,  -2.46
  17,    3.79840E-02,   3.71408E-02,  -2.22
  18,    2.77012E-02,   2.75360E-02,  -0.60
  19,    2.10235E+01,   2.08445E+01,  -0.85
  20,    5.51175E+00,   5.47022E+00,  -0.75
  21,    2.10442E+00,   1.63529E+00,  -22.29
  22,    8.42778E-01,   5.56508E-01,  -33.97
  23,    1.23720E-01,   7.53128E-02,  -39.13
  24,    8.03241E-02,   6.89285E-02,  -14.19
  25,    2.18757E-01,   1.80035E-01,  -17.70
  26,    1.03491E-01,   1.04017E-01,  0.51
  27,    5.92737E-02,   6.00870E-02,  1.37
  28,    3.80062E-02,   3.68818E-02,  -2.96
  29,    2.69831E-02,   2.70056E-02,  0.08
  30,    4.16334E-02,   4.44588E-02,  6.79
  31,    3.13011E-02,   3.29148E-02,  5.16
  32,    2.56430E-02,   2.69005E-02,  4.90
  33,    2.12077E+01,   2.14135E+01,  0.97
  34,    5.34089E+00,   4.90156E+00,  -8.23
  35,    1.90316E+00,   1.37759E+00,  -27.62
  36,    7.61439E-01,   6.86038E-01,  -9.90
  37,    1.40548E-01,   1.14884E-01,  -18.26
  38,    7.82689E-02,   7.16025E-02,  -8.52
  39,    2.08930E-01,   2.11282E-01,  1.13
  40,    1.10353E-01,   1.20740E-01,  9.41
  41,    5.87669E-02,   6.26139E-02,  6.55
  42,    4.03443E-02,   4.22751E-02,  4.79
  43,    2.84742E-02,   2.96792E-02,  4.23
  44,    4.56410E-02,   4.68998E-02,  2.76
  45,    3.47810E-02,   3.47907E-02,  0.03
  46,    2.67499E-02,   2.69197E-02,  0.63
  47,    4.41874E-02,   4.55209E-02,  3.02
  48,    2.76329E-02,   2.83293E-02,  2.52
  49,    2.43151E-02,   2.44914E-02,  0.72
  50,    2.33259E+01,   1.74768E+01,  -25.08
  51,    4.91551E+00,   3.42782E+00,  -30.27
  52,    1.71542E+00,   1.40894E+00,  -17.87
  53,    7.63683E-01,   6.10915E-01,  -20.00
  54,    1.34355E-01,   1.02493E-01,  -23.71
  55,    8.57191E-02,   8.06814E-02,  -5.88
  56,    2.89493E-02,   2.08188E-01,  619.15
  57,    2.31722E-01,   2.33432E-01,  0.74
  58,    1.18091E-01,   1.20684E-01,  2.20
  59,    6.76859E-02,   6.63618E-02,  -1.96
  60,    4.56516E-02,   4.53039E-02,  -0.76
  61,    3.30751E-02,   3.33184E-02,  0.74
  62,    5.05039E-02,   5.13048E-02,  1.59
  63,    3.83803E-02,   3.90496E-02,  1.74
  64,    2.78508E-02,   2.84617E-02,  2.19
  65,    4.45802E-02,   4.43400E-02,  -0.54
  66,    2.72002E-02,   2.75166E-02,  1.16
  67,    2.78031E-02,   2.66519E-02,  -4.14
  68,    3.00666E-02,   2.70180E-02,  -10.14
  69,    2.17111E-02,   1.82752E-02,  -15.83
  70,    2.51867E+01,   1.84268E+01,  -26.84
  71,    4.91285E+00,   5.14955E+00,  4.82
  72,    1.79343E+00,   1.82816E+00,  1.94
  73,    8.39700E-01,   4.85104E-01,  -42.23
  74,    1.49670E-01,   3.54017E-01,  136.53
  75,    1.47258E-01,   1.48726E-01,  1.00
  76,    9.33280E-02,   9.61182E-02,  2.99
  77,    2.58679E-01,   2.65371E-01,  2.59
  78,    1.22031E-01,   1.21377E-01,  -0.54
  79,    7.54422E-02,   7.45423E-02,  -1.19
  80,    5.03819E-02,   4.91962E-02,  -2.35
  81,    3.87900E-02,   3.91593E-02,  0.95
  82,    5.76154E-02,   5.74262E-02,  -0.33
  83,    4.36995E-02,   4.39635E-02,  0.60
  84,    3.19190E-02,   3.17343E-02,  -0.58
  85,    4.86561E-02,   4.86643E-02,  0.02
  86,    3.01298E-02,   3.14240E-02,  4.30
  87,    2.91209E-02,   2.81221E-02,  -3.43
  88,    3.00144E-02,   2.67629E-02,  -10.83
  89,    2.13417E-02,   1.77664E-02,  -16.75
  90,    2.58147E-02,   2.11834E-02,  -17.94
  91,    1.98618E-02,   1.60746E-02,  -19.07
  92,    5.35987E+00,   5.72717E+00,  6.85
  93,    2.08741E+00,   1.15668E+00,  -44.59
  94,    1.02678E+00,   7.33451E-01,  -28.57
  95,    1.87425E-01,   3.82737E-01,  104.21
  96,    1.72181E-01,   1.66050E-01,  -3.56
  97,    1.17447E-01,   1.19493E-01,  1.74
  98,    2.90909E-01,   3.00067E-01,  3.15
  99,    1.47621E-01,   1.41854E-01,  -3.91
  100,    8.99679E-02,   8.82234E-02,  -1.94
  101,    6.19399E-02,   6.09892E-02,  -1.53
  102,    4.74925E-02,   4.65128E-02,  -2.06
  103,    6.89750E-02,   6.75904E-02,  -2.01
  104,    4.92579E-02,   4.90316E-02,  -0.46
  105,    3.40743E-02,   3.41273E-02,  0.16
  106,    5.22244E-02,   5.17221E-02,  -0.96
  107,    3.38687E-02,   3.59380E-02,  6.11
  108,    3.23105E-02,   3.09327E-02,  -4.26
  109,    3.19228E-02,   2.95039E-02,  -7.58
  110,    2.16338E-02,   1.88696E-02,  -12.78
  111,    2.66745E-02,   2.24734E-02,  -15.75
  112,    2.14036E-02,   1.74252E-02,  -18.59
  113,    5.72150E+00,   3.12962E+00,  -45.30
  114,    2.31320E+00,   1.59597E+00,  -31.01
  115,    9.68294E-01,   7.44980E-01,  -23.06
  116,    1.86464E-01,   4.81973E-01,  158.48
  117,    1.88712E-01,   1.91440E-01,  1.45
  118,    1.03236E-01,   1.01478E-01,  -1.70
  119,    2.96212E-01,   2.89751E-01,  -2.18
  120,    1.63627E-01,   1.55339E-01,  -5.07
  121,    1.00222E-01,   9.42764E-02,  -5.93
  122,    7.38560E-02,   7.10783E-02,  -3.76
  123,    5.39285E-02,   5.20177E-02,  -3.54
  124,    8.00984E-02,   7.94358E-02,  -0.83
  125,    5.42293E-02,   5.40476E-02,  -0.34
  126,    3.46281E-02,   3.46264E-02,  0.00
  127,    5.20586E-02,   5.30747E-02,  1.95
  128,    4.13181E-02,   4.35591E-02,  5.42
  129,    3.06594E-02,   3.03026E-02,  -1.16
  130,    3.37121E-02,   3.19569E-02,  -5.21
  131,    2.32575E-02,   2.12867E-02,  -8.47
  132,    2.79093E-02,   2.49115E-02,  -10.74
  133,    2.16048E-02,   1.91596E-02,  -11.32
  134,    6.07769E+00,   3.74326E+00,  -38.41
  135,    2.01531E+00,   1.47204E+00,  -26.96
  136,    9.22482E-01,   8.52336E-01,  -7.60
  137,    2.93652E-01,   4.61015E-01,  56.99
  138,    4.42888E-01,   2.94694E-01,  -33.46
  139,    1.43564E-01,   1.47490E-01,  2.73
  140,    9.80310E-02,   9.82680E-02,  0.24
  141,    2.89595E-01,   2.84691E-01,  -1.69
  142,    1.62090E-01,   1.56877E-01,  -3.22
  143,    1.02372E-01,   1.00621E-01,  -1.71
  144,    7.43722E-02,   7.31617E-02,  -1.63
  145,    5.26667E-02,   5.35112E-02,  1.60
  146,    8.48895E-02,   8.44628E-02,  -0.50
  147,    5.70213E-02,   5.67557E-02,  -0.47
  148,    3.24661E-02,   3.45471E-02,  6.41
  149,    5.09961E-02,   5.44203E-02,  6.71
  150,    4.73332E-02,   5.05893E-02,  6.88
  151,    2.71496E-02,   2.87031E-02,  5.72
  152,    3.33201E-02,   3.32610E-02,  -0.18
  153,    2.30520E-02,   2.24624E-02,  -2.56
  154,    2.80427E-02,   2.64345E-02,  -5.73
  155,    2.28094E-02,   2.14295E-02,  -6.05
  156,    5.95258E+00,   4.19129E+00,  -29.59
  157,    2.26191E+00,   2.02685E+00,  -10.39
  158,    9.77684E-01,   9.83260E-01,  0.57
  159,    3.24570E-01,   5.72808E-01,  76.48
  160,    4.23618E-01,   2.63789E-01,  -37.73
  161,    1.53060E-01,   1.59558E-01,  4.25
  162,    9.56131E-02,   9.85653E-02,  3.09
  163,    2.82887E-01,   2.87695E-01,  1.70
  164,    1.58797E-01,   1.52928E-01,  -3.70
  165,    1.07999E-01,   1.06536E-01,  -1.35
  166,    7.42793E-02,   7.39182E-02,  -0.49
  167,    5.51055E-02,   5.52678E-02,  0.29
  168,    8.47283E-02,   8.37329E-02,  -1.17
  169,    5.42794E-02,   5.37583E-02,  -0.96
  170,    3.04051E-02,   3.27736E-02,  7.79
  171,    5.27314E-02,   5.69127E-02,  7.93
  172,    4.60293E-02,   4.92209E-02,  6.93
  173,    2.79294E-02,   2.99194E-02,  7.13
  174,    3.38499E-02,   3.43032E-02,  1.34
  175,    2.26353E-02,   2.28899E-02,  1.12
  176,    2.78493E-02,   2.72889E-02,  -2.01
  177,    6.10244E+00,   4.44734E+00,  -27.12
  178,    2.13197E+00,   1.86453E+00,  -12.54
  179,    9.54436E-01,   9.84217E-01,  3.12
  180,    2.45200E-01,   4.20398E-01,  71.45
  181,    3.76698E-01,   2.34141E-01,  -37.84
  182,    1.33233E-01,   1.36334E-01,  2.33
  183,    9.42898E-02,   9.56135E-02,  1.40
  184,    2.82526E-01,   2.79243E-01,  -1.16
  185,    1.63757E-01,   1.56636E-01,  -4.35
  186,    1.10012E-01,   1.05062E-01,  -4.50
  187,    7.46303E-02,   7.22953E-02,  -3.13
  188,    5.90355E-02,   5.69279E-02,  -3.57
  189,    8.03295E-02,   7.74569E-02,  -3.58
  190,    4.74987E-02,   4.50348E-02,  -5.19
  191,    3.07734E-02,   3.29024E-02,  6.92
  192,    5.14108E-02,   5.55177E-02,  7.99
  193,    4.45487E-02,   4.60680E-02,  3.41
  194,    2.74163E-02,   2.88652E-02,  5.28
  195,    3.06639E-02,   3.11509E-02,  1.59
  196,    2.23371E-02,   2.24929E-02,  0.70
  197,    2.72825E-02,   2.70230E-02,  -0.95
  198,    6.03535E+00,   4.26324E+00,  -29.36
  199,    2.22474E+00,   1.93697E+00,  -12.94
  200,    7.89918E-01,   7.56512E-01,  -4.23
  201,    2.48124E-01,   3.87343E-01,  56.11
  202,    3.35292E-01,   2.13054E-01,  -36.46
  203,    1.32921E-01,   1.42364E-01,  7.10
  204,    8.68220E-02,   8.86430E-02,  2.10
  205,    2.64123E-01,   2.63026E-01,  -0.42
  206,    1.65569E-01,   1.65704E-01,  0.08
  207,    1.07036E-01,   1.07797E-01,  0.71
  208,    7.59017E-02,   7.61842E-02,  0.37
  209,    5.40453E-02,   5.50642E-02,  1.89
  210,    8.10408E-02,   7.66665E-02,  -5.40
  211,    4.27062E-02,   4.14670E-02,  -2.90
  212,    3.14016E-02,   3.27255E-02,  4.22
  213,    5.61689E-02,   5.94485E-02,  5.84
  214,    3.83145E-02,   3.95837E-02,  3.31
  215,    2.56840E-02,   2.68497E-02,  4.54
  216,    2.82814E-02,   2.91425E-02,  3.04
  217,    2.13449E-02,   2.20780E-02,  3.43
  218,    2.72835E-02,   2.80502E-02,  2.81
  219,    2.60792E+01,   1.44918E+01,  -44.43
  220,    5.43997E+00,   4.50455E+00,  -17.20
  221,    1.55118E+00,   1.45871E+00,  -5.96
  222,    6.28012E-01,   6.27889E-01,  -0.02
  223,    2.03822E-01,   3.04520E-01,  49.41
  224,    2.36711E-01,   1.81882E-01,  -23.16
  225,    1.01014E-01,   1.04343E-01,  3.30
  226,    7.10739E-02,   7.30097E-02,  2.72
  227,    2.37972E-01,   2.48593E-01,  4.46
  228,    1.50735E-01,   1.54222E-01,  2.31
  229,    9.68624E-02,   1.01038E-01,  4.31
  230,    7.46612E-02,   7.61730E-02,  2.02
  231,    4.77969E-02,   4.82992E-02,  1.05
  232,    7.03605E-02,   6.67176E-02,  -5.18
  233,    3.70233E-02,   3.61898E-02,  -2.25
  234,    3.44764E-02,   3.44687E-02,  -0.02
  235,    5.95121E-02,   5.93491E-02,  -0.27
  236,    3.17637E-02,   3.19969E-02,  0.73
  237,    2.44197E-02,   2.42991E-02,  -0.49
  238,    2.69293E-02,   2.74833E-02,  2.06
  239,    1.95159E-02,   1.97677E-02,  1.29
  240,    2.63180E-02,   2.68797E-02,  2.13
  241,    6.07736E+00,   4.55279E+00,  -25.09
  242,    1.93509E+00,   1.62217E+00,  -16.17
  243,    6.86918E-01,   6.87342E-01,  0.06
  244,    2.31855E-01,   3.61985E-01,  56.13
  245,    2.85318E-01,   1.87751E-01,  -34.20
  246,    1.19573E-01,   1.21321E-01,  1.46
  247,    8.72093E-02,   8.86168E-02,  1.61
  248,    2.50916E-01,   2.55477E-01,  1.82
  249,    1.50949E-01,   1.51956E-01,  0.67
  250,    9.97042E-02,   1.01158E-01,  1.46
  251,    6.79016E-02,   6.97239E-02,  2.68
  252,    4.91152E-02,   4.76818E-02,  -2.92
  253,    6.06553E-02,   5.82121E-02,  -4.03
  254,    3.72737E-02,   3.86303E-02,  3.64
  255,    3.47560E-02,   3.48355E-02,  0.23
  256,    5.53386E-02,   5.45240E-02,  -1.47
  257,    3.16469E-02,   3.13500E-02,  -0.94
  258,    2.13461E-02,   2.10662E-02,  -1.31
  259,    2.57171E-02,   2.54796E-02,  -0.92
  260,    1.88288E-02,   1.89158E-02,  0.46
  261,    2.46788E-02,   2.52112E-02,  2.16
  262,    1.83269E+00,   1.41826E+00,  -22.61
  263,    6.79957E-01,   6.52434E-01,  -4.05
  264,    1.85478E-01,   3.03749E-01,  63.77
  265,    3.07694E-01,   1.79671E-01,  -41.61
  266,    1.19004E-01,   1.22778E-01,  3.17
  267,    8.97034E-02,   8.76572E-02,  -2.28
  268,    2.70660E-01,   2.67148E-01,  -1.30
  269,    1.57234E-01,   1.59842E-01,  1.66
  270,    1.12358E-01,   1.12331E-01,  -0.02
  271,    6.80839E-02,   6.69395E-02,  -1.68
  272,    4.72548E-02,   4.58037E-02,  -3.07
  273,    5.29234E-02,   5.00119E-02,  -5.50
  274,    3.74505E-02,   3.66040E-02,  -2.26
  275,    3.42883E-02,   3.22566E-02,  -5.93
  276,    5.42960E-02,   5.20154E-02,  -4.20
  277,    3.08836E-02,   3.08320E-02,  -0.17
  278,    1.97530E-02,   1.94681E-02,  -1.44
  279,    2.42351E-02,   2.35224E-02,  -2.94
  280,    1.85181E-02,   1.83561E-02,  -0.87
  281,    2.43974E-02,   2.43417E-02,  -0.23
  282,    2.09371E+00,   1.54701E+00,  -26.11
  283,    7.79404E-01,   6.32093E-01,  -18.90
  284,    1.91602E-01,   3.36596E-01,  75.67
  285,    3.78759E-01,   2.12174E-01,  -43.98
  286,    1.48487E-01,   1.42943E-01,  -3.73
  287,    9.99060E-02,   9.94317E-02,  -0.47
  288,    2.88083E-01,   2.89984E-01,  0.66
  289,    1.73485E-01,   1.76796E-01,  1.91
  290,    1.09826E-01,   1.14037E-01,  3.83
  291,    7.46354E-02,   7.26009E-02,  -2.73
  292,    4.36110E-02,   4.16411E-02,  -4.52
  293,    5.13951E-02,   4.84805E-02,  -5.67
  294,    4.50839E-02,   4.33421E-02,  -3.86
  295,    2.97197E-02,   2.82159E-02,  -5.06
  296,    4.69384E-02,   4.44285E-02,  -5.35
  297,    2.95880E-02,   2.85360E-02,  -3.56
  298,    1.92295E-02,   1.85646E-02,  -3.46
  299,    2.35129E-02,   2.32784E-02,  -1.00
  300,    1.79449E-02,   1.78160E-02,  -0.72
  301,    1.95633E+00,   1.17909E+00,  -39.73
  302,    7.22030E-01,   5.43847E-01,  -24.68
  303,    2.45501E-01,   3.07343E-01,  25.19
  304,    3.14589E-01,   1.91280E-01,  -39.20
  305,    1.32839E-01,   1.26044E-01,  -5.11
  306,    9.12254E-02,   9.40944E-02,  3.14
  307,    2.81530E-01,   2.95231E-01,  4.87
  308,    1.84205E-01,   1.90413E-01,  3.37
  309,    1.01430E-01,   1.05666E-01,  4.18
  310,    6.69656E-02,   6.73499E-02,  0.57
  311,    3.76459E-02,   3.53395E-02,  -6.13
  312,    5.08173E-02,   4.95594E-02,  -2.48
  313,    4.43708E-02,   4.20266E-02,  -5.28
  314,    2.39373E-02,   2.31054E-02,  -3.48
  315,    3.91844E-02,   3.79114E-02,  -3.25
  316,    2.76876E-02,   2.73203E-02,  -1.33
  317,    1.84457E-02,   1.81434E-02,  -1.64
  318,    2.23618E-02,   2.15298E-02,  -3.72
  319,    1.70212E-02,   1.67344E-02,  -1.69
  320,    2.45714E+00,   1.22965E+00,  -49.96
  321,    9.03480E-01,   6.10097E-01,  -32.47
  322,    1.82202E-01,   3.45886E-01,  89.84
  323,    1.66081E-01,   1.53840E-01,  -7.37
  324,    1.09426E-01,   1.07200E-01,  -2.03
  325,    3.16558E-01,   3.18802E-01,  0.71
  326,    1.79875E-01,   1.90164E-01,  5.72
  327,    1.09995E-01,   1.11817E-01,  1.66
  328,    5.94460E-02,   5.94551E-02,  0.02
  329,    3.31911E-02,   3.14145E-02,  -5.35
  330,    5.25062E-02,   5.20285E-02,  -0.91
  331,    4.42747E-02,   4.29432E-02,  -3.01
  332,    2.24154E-02,   2.23637E-02,  -0.23
  333,    3.92747E-02,   3.84577E-02,  -2.08
  334,    2.48500E-02,   2.44330E-02,  -1.68
  335,    1.74309E-02,   1.72756E-02,  -0.89
  336,    2.08296E-02,   2.06409E-02,  -0.91
  337,    1.74077E-02,   1.73983E-02,  -0.05
  338,    2.15001E+00,   1.09357E+00,  -49.14
  339,    9.91793E-01,   5.35521E-01,  -46.00
  340,    1.39811E-01,   3.01233E-01,  115.46
  341,    1.61607E-01,   1.37528E-01,  -14.90
  342,    1.27958E-01,   1.08948E-01,  -14.86
  343,    3.73491E-01,   3.49448E-01,  -6.44
  344,    1.82501E-01,   1.79472E-01,  -1.66
  345,    1.07117E-01,   1.06284E-01,  -0.78
  346,    5.49832E-02,   5.12107E-02,  -6.86
  347,    3.14264E-02,   3.07824E-02,  -2.05
  348,    5.80390E-02,   5.71263E-02,  -1.57
  349,    3.50537E-02,   3.47486E-02,  -0.87
  350,    2.26806E-02,   2.29486E-02,  1.18
  351,    3.84461E-02,   3.83806E-02,  -0.17
  352,    2.28213E-02,   2.28238E-02,  0.01
  353,    1.63110E-02,   1.64408E-02,  0.80
  354,    2.02806E-02,   2.01859E-02,  -0.47
  355,    6.32291E+00,   3.37837E+00,  -46.57
  356,    2.42941E+00,   1.29965E+00,  -46.50
  357,    9.34296E-01,   6.23896E-01,  -33.22
  358,    2.53052E-01,   3.89202E-01,  53.80
  359,    4.70146E-01,   2.44686E-01,  -47.96
  360,    2.05146E-01,   1.85118E-01,  -9.76
  361,    1.38997E-01,   1.38283E-01,  -0.51
  362,    3.64430E-01,   3.63541E-01,  -0.24
  363,    1.98949E-01,   1.95594E-01,  -1.69
  364,    9.42916E-02,   9.60270E-02,  1.84
  365,    4.87184E-02,   4.54549E-02,  -6.70
  366,    3.58201E-02,   3.49519E-02,  -2.42
  367,    6.18732E-02,   6.08565E-02,  -1.64
  368,    3.14527E-02,   3.12794E-02,  -0.55
  369,    2.36043E-02,   2.39858E-02,  1.62
  370,    3.66439E-02,   3.67273E-02,  0.23
  371,    2.19586E-02,   2.25032E-02,  2.48
  372,    1.62634E-02,   1.65968E-02,  2.05
  373,    2.03385E-02,   2.08078E-02,  2.31
  374,    2.14589E+00,   1.08566E+00,  -49.41
  375,    8.45372E-01,   6.05394E-01,  -28.39
  376,    2.44612E-01,   3.53417E-01,  44.48
  377,    1.99963E-01,   1.83401E-01,  -8.28
  378,    1.13386E-01,   1.12287E-01,  -0.97
  379,    3.50445E-01,   3.50485E-01,  0.01
  380,    1.83315E-01,   1.89274E-01,  3.25
  381,    8.18915E-02,   8.20845E-02,  0.24
  382,    4.43376E-02,   4.38238E-02,  -1.16
  383,    3.74022E-02,   3.70008E-02,  -1.07
  384,    6.16918E-02,   5.91319E-02,  -4.15
  385,    2.91736E-02,   2.88803E-02,  -1.01
  386,    2.26963E-02,   2.26958E-02,  0.00
  387,    3.60432E-02,   3.62422E-02,  0.55
  388,    2.23686E-02,   2.26687E-02,  1.34
  389,    1.57647E-02,   1.59613E-02,  1.25
  390,    1.92219E-02,   1.96799E-02,  2.38
  391,    1.99952E+00,   1.22359E+00,  -38.81
  392,    8.46089E-01,   6.36530E-01,  -24.77
  393,    3.85740E-01,   4.24653E-01,  10.09
  394,    1.78218E-01,   1.73254E-01,  -2.79
  395,    1.34689E-01,   1.25920E-01,  -6.51
  396,    3.74887E-01,   3.66013E-01,  -2.37
  397,    1.54621E-01,   1.63711E-01,  5.88
  398,    7.03302E-02,   6.75054E-02,  -4.02
  399,    4.76763E-02,   4.77019E-02,  0.05
  400,    3.89113E-02,   3.87532E-02,  -0.41
  401,    5.12519E-02,   5.02563E-02,  -1.94
  402,    3.10974E-02,   3.12506E-02,  0.49
  403,    1.97023E-02,   1.99786E-02,  1.40
  404,    3.20080E-02,   3.21885E-02,  0.56
  405,    2.10656E-02,   2.15533E-02,  2.32
  406,    1.54380E-02,   1.55916E-02,  0.99
  407,    1.94699E-02,   2.00099E-02,  2.77
  408,    6.11714E+00,   3.01734E+00,  -50.67
  409,    1.96900E+00,   1.29433E+00,  -34.26
  410,    1.11223E+00,   7.72703E-01,  -30.53
  411,    4.54019E-01,   4.99599E-01,  10.04
  412,    4.47306E-01,   2.83788E-01,  -36.56
  413,    2.22446E-01,   1.98848E-01,  -10.61
  414,    1.42246E-01,   1.42035E-01,  -0.15
  415,    3.65735E-01,   3.78782E-01,  3.57
  416,    1.39970E-01,   1.46574E-01,  4.72
  417,    6.62039E-02,   6.75667E-02,  2.06
  418,    5.30261E-02,   5.37495E-02,  1.36
  419,    4.62791E-02,   4.53849E-02,  -1.93
  420,    4.34874E-02,   4.32786E-02,  -0.48
  421,    3.12419E-02,   3.13059E-02,  0.20
  422,    1.85895E-02,   1.86813E-02,  0.49
  423,    3.09585E-02,   3.11744E-02,  0.70
  424,    2.11322E-02,   2.12953E-02,  0.77
  425,    1.56539E-02,   1.59974E-02,  2.19
  426,    2.06630E-02,   2.08558E-02,  0.93
  427,    5.59096E+00,   2.96298E+00,  -47.00
  428,    2.54020E+00,   1.45809E+00,  -42.60
  429,    1.17197E+00,   8.54944E-01,  -27.05
  430,    3.70809E-01,   4.58892E-01,  23.75
  431,    2.29461E-01,   2.12709E-01,  -7.30
  432,    1.23286E-01,   1.26447E-01,  2.56
  433,    3.23268E-01,   3.47490E-01,  7.49
  434,    1.25831E-01,   1.23375E-01,  -1.95
  435,    7.66221E-02,   7.84444E-02,  2.38
  436,    5.95566E-02,   6.01714E-02,  1.03
  437,    3.93403E-02,   3.85864E-02,  -1.92
  438,    4.23110E-02,   4.27123E-02,  0.95
  439,    3.11593E-02,   3.16508E-02,  1.58
  440,    1.91772E-02,   1.95688E-02,  2.04
  441,    3.08001E-02,   3.10397E-02,  0.78
  442,    2.13899E-02,   2.16996E-02,  1.45
  443,    1.53893E-02,   1.58969E-02,  3.30
  444,    1.10216E+00,   7.68818E-01,  -30.24
  445,    3.55291E-01,   4.82686E-01,  35.86
  446,    2.01173E-01,   1.85138E-01,  -7.97
  447,    1.09193E-01,   1.12424E-01,  2.96
  448,    2.85219E-01,   2.91441E-01,  2.18
  449,    1.14398E-01,   1.14582E-01,  0.16
  450,    8.33429E-02,   8.49567E-02,  1.94
  451,    6.73928E-02,   6.70605E-02,  -0.49
  452,    3.10131E-02,   3.07365E-02,  -0.89
  453,    4.63897E-02,   4.66643E-02,  0.59
  454,    2.79575E-02,   2.81054E-02,  0.53
  455,    1.93758E-02,   1.94799E-02,  0.54
  456,    3.14156E-02,   3.17722E-02,  1.13
  457,    2.10809E-02,   2.11741E-02,  0.44
  458,    1.58374E-02,   1.62583E-02,  2.66
  459,    2.59148E+00,   1.41395E+00,  -45.44
  460,    2.69711E-01,   5.06082E-01,  87.64
  461,    1.79430E-01,   1.66193E-01,  -7.38
  462,    9.71550E-02,   8.20949E-02,  -15.50
  463,    2.52782E-01,   2.27269E-01,  -10.09
  464,    1.31542E-01,   1.28009E-01,  -2.69
  465,    9.25395E-02,   9.19295E-02,  -0.66
  466,    5.65087E-02,   5.48450E-02,  -2.94
  467,    3.04459E-02,   2.99290E-02,  -1.70
  468,    4.72243E-02,   4.70844E-02,  -0.30
  469,    2.64648E-02,   2.64976E-02,  0.12
  470,    1.95223E-02,   1.96023E-02,  0.41
  471,    3.12206E-02,   3.12412E-02,  0.07
  472,    2.13894E-02,   2.13750E-02,  -0.07
  473,    1.68177E-02,   1.69469E-02,  0.77
  474,    6.58037E+00,   3.21696E+00,  -51.11
  475,    1.32024E+00,   8.58350E-01,  -34.99
  476,    2.97713E-01,   4.52761E-01,  52.08
  477,    1.39096E-01,   1.20807E-01,  -13.15
  478,    7.57013E-02,   7.01695E-02,  -7.31
  479,    2.18441E-01,   2.06280E-01,  -5.57
  480,    1.42850E-01,   1.40804E-01,  -1.43
  481,    1.04678E-01,   1.03073E-01,  -1.53
  482,    4.50503E-02,   4.39818E-02,  -2.37
  483,    3.05649E-02,   3.01558E-02,  -1.34
  484,    4.68946E-02,   4.65379E-02,  -0.76
  485,    2.70807E-02,   2.71009E-02,  0.07
  486,    1.89779E-02,   1.88490E-02,  -0.68
  487,    3.05025E-02,   3.04898E-02,  -0.04
  488,    2.15553E-02,   2.16149E-02,  0.28
  489,    1.75997E-02,   1.75420E-02,  -0.33
  490,    1.13693E+00,   8.30444E-01,  -26.96
  491,    2.05482E-01,   4.46723E-01,  117.40
  492,    1.19034E-01,   1.08971E-01,  -8.45
  493,    7.44040E-02,   7.40177E-02,  -0.52
  494,    2.40615E-01,   2.41292E-01,  0.28
  495,    1.56809E-01,   1.60552E-01,  2.39
  496,    8.71872E-02,   8.83421E-02,  1.32
  497,    4.46907E-02,   4.53797E-02,  1.54
  498,    3.42368E-02,   3.48234E-02,  1.71
  499,    4.33740E-02,   4.27963E-02,  -1.33
  500,    2.79442E-02,   2.80275E-02,  0.30
  501,    1.95538E-02,   1.96960E-02,  0.73
  502,    3.21501E-02,   3.22657E-02,  0.36
  503,    2.18782E-02,   2.22233E-02,  1.58
  504,    1.00591E+00,   7.91433E-01,  -21.32
  505,    1.33652E-01,   3.24888E-01,  143.09
  506,    1.16760E-01,   1.05085E-01,  -10.00
  507,    1.05913E-01,   9.65308E-02,  -8.86
  508,    2.82124E-01,   2.75487E-01,  -2.35
  509,    1.88030E-01,   1.85354E-01,  -1.42
  510,    7.33085E-02,   7.30714E-02,  -0.32
  511,    4.74624E-02,   4.77524E-02,  0.61
  512,    3.83079E-02,   3.87262E-02,  1.09
  513,    4.16925E-02,   4.20413E-02,  0.84
  514,    2.93357E-02,   2.94632E-02,  0.43
  515,    2.03250E-02,   2.04043E-02,  0.39
  516,    3.25848E-02,   3.23642E-02,  -0.68
  517,    2.32618E-02,   2.33974E-02,  0.58
  518,    5.57527E+00,   3.94466E+00,  -29.25
  519,    1.77954E+00,   1.62303E+00,  -8.79
  520,    6.51715E-01,   5.76629E-01,  -11.52
  521,    1.22119E-01,   2.44415E-01,  100.14
  522,    2.99050E-01,   1.43878E-01,  -51.89
  523,    1.29912E-01,   1.25261E-01,  -3.58
  524,    7.71218E-02,   7.84768E-02,  1.76
  525,    2.81795E-01,   2.80868E-01,  -0.33
  526,    1.40823E-01,   1.39881E-01,  -0.67
  527,    6.60604E-02,   6.67841E-02,  1.10
  528,    4.80322E-02,   4.86933E-02,  1.38
  529,    3.00191E-02,   3.01353E-02,  0.39
  530,    4.15528E-02,   4.24580E-02,  2.18
  531,    2.76315E-02,   2.80662E-02,  1.57
  532,    2.04332E-02,   2.04820E-02,  0.24
  533,    3.21279E-02,   3.21453E-02,  0.05
  534,    2.37388E-02,   2.40654E-02,  1.38
  535,    5.21130E+00,   5.26964E+00,  1.12
  536,    1.56605E+00,   1.57016E+00,  0.26
  537,    5.72462E-01,   5.44728E-01,  -4.84
  538,    1.76971E-01,   2.82145E-01,  59.43
  539,    3.34841E-01,   2.28422E-01,  -31.78
  540,    1.32818E-01,   1.37061E-01,  3.19
  541,    1.26665E-01,   1.27533E-01,  0.69
  542,    3.23660E-01,   3.28929E-01,  1.63
  543,    1.12088E-01,   1.13159E-01,  0.96
  544,    6.67424E-02,   6.83907E-02,  2.47
  545,    5.08003E-02,   5.19136E-02,  2.19
  546,    2.72923E-02,   2.75803E-02,  1.06
  547,    4.16490E-02,   4.22677E-02,  1.49
  548,    2.77499E-02,   2.82072E-02,  1.65
  549,    2.03417E-02,   2.03315E-02,  -0.05
  550,    3.29427E-02,   3.33735E-02,  1.31
  551,    2.57314E-02,   2.56450E-02,  -0.34
  552,    2.38875E+01,   2.12253E+01,  -11.14
  553,    4.41358E+00,   4.69625E+00,  6.40
  554,    1.29953E+00,   1.28590E+00,  -1.05
  555,    5.60187E-01,   5.66901E-01,  1.20
  556,    3.87876E-01,   4.18816E-01,  7.98
  557,    2.58467E-01,   2.38594E-01,  -7.69
  558,    2.11006E-01,   2.10530E-01,  -0.23
  559,    1.19297E-01,   1.19497E-01,  0.17
  560,    2.93383E-01,   2.96040E-01,  0.91
  561,    1.22231E-01,   1.23418E-01,  0.97
  562,    8.06615E-02,   8.20838E-02,  1.76
  563,    4.70720E-02,   4.72948E-02,  0.47
  564,    3.13164E-02,   3.13659E-02,  0.16
  565,    4.31678E-02,   4.37265E-02,  1.29
  566,    2.89400E-02,   2.86272E-02,  -1.08
  567,    1.97790E-02,   1.99970E-02,  1.10
  568,    3.36847E-02,   3.39150E-02,  0.68
  569,    1.67942E+01,   1.63949E+01,  -2.38
  570,    3.07161E+00,   3.08962E+00,  0.59
  571,    1.08454E+00,   1.09196E+00,  0.68
  572,    7.31747E-01,   7.14124E-01,  -2.41
  573,    3.66913E-01,   3.81140E-01,  3.88
  574,    3.27837E-01,   3.16354E-01,  -3.50
  575,    1.69613E-01,   1.69010E-01,  -0.36
  576,    8.09325E-02,   8.04305E-02,  -0.62
  577,    2.31591E-01,   2.32039E-01,  0.19
  578,    1.24665E-01,   1.25394E-01,  0.58
  579,    8.57160E-02,   8.64734E-02,  0.88
  580,    4.33129E-02,   4.28135E-02,  -1.15
  581,    3.19547E-02,   3.15664E-02,  -1.22
  582,    4.37952E-02,   4.32108E-02,  -1.33
  583,    3.06382E-02,   2.97092E-02,  -3.03
  584,    2.15092E-02,   2.13960E-02,  -0.53
  585,    3.42349E-02,   3.39744E-02,  -0.76
  586,    9.89550E+00,   1.07138E+01,  8.27
  587,    2.38184E+00,   2.47460E+00,  3.89
  588,    1.39654E+00,   1.34685E+00,  -3.56
  589,    6.61919E-01,   6.60415E-01,  -0.23
  590,    5.03590E-01,   5.11884E-01,  1.65
  591,    2.93625E-01,   2.57531E-01,  -12.29
  592,    1.16914E-01,   1.16566E-01,  -0.30
  593,    7.23241E-02,   7.23135E-02,  -0.01
  594,    2.19162E-01,   2.20484E-01,  0.60
  595,    1.30039E-01,   1.30766E-01,  0.56
  596,    6.85258E-02,   6.87282E-02,  0.30
  597,    4.31907E-02,   4.27354E-02,  -1.05
  598,    2.99446E-02,   2.93084E-02,  -2.12
  599,    4.31238E-02,   4.27575E-02,  -0.85
  600,    2.98551E-02,   2.89325E-02,  -3.09
  601,    2.25431E-02,   2.18729E-02,  -2.97
  602,    3.65465E-02,   3.55724E-02,  -2.67
  603,    7.08428E+00,   8.49247E+00,  19.88
  604,    2.89216E+00,   2.89570E+00,  0.12
  605,    1.21571E+00,   1.21440E+00,  -0.11
  606,    8.93043E-01,   8.52235E-01,  -4.57
  607,    2.57100E-01,   3.98023E-01,  54.81
  608,    3.13606E-01,   1.69972E-01,  -45.80
  609,    1.00731E-01,   1.01184E-01,  0.45
  610,    7.36282E-02,   7.52654E-02,  2.22
  611,    2.12331E-01,   2.18046E-01,  2.69
  612,    1.30740E-01,   1.34223E-01,  2.66
  613,    6.02286E-02,   6.09490E-02,  1.20
  614,    4.17568E-02,   4.22931E-02,  1.28
  615,    2.89149E-02,   2.88353E-02,  -0.28
  616,    4.07218E-02,   4.05513E-02,  -0.42
  617,    2.70620E-02,   2.64757E-02,  -2.17
  618,    2.15469E-02,   2.11185E-02,  -1.99
  619,    3.70290E-02,   3.60933E-02,  -2.53
  620,    8.79268E+00,   1.01182E+01,  15.07
  621,    2.54118E+00,   2.74073E+00,  7.85
  622,    1.74784E+00,   1.60044E+00,  -8.43
  623,    6.85082E-01,   6.71148E-01,  -2.03
  624,    9.80398E-02,   2.66255E-01,  171.58
  625,    3.19806E-01,   1.51029E-01,  -52.77
  626,    1.07180E-01,   1.08490E-01,  1.22
  627,    6.78824E-02,   6.92109E-02,  1.96
  628,    2.20046E-01,   2.27698E-01,  3.48
  629,    1.04101E-01,   1.08172E-01,  3.91
  630,    5.97977E-02,   6.25975E-02,  4.68
  631,    3.92570E-02,   4.05932E-02,  3.40
  632,    2.71704E-02,   2.83199E-02,  4.23
  633,    4.00146E-02,   4.08384E-02,  2.06
  634,    2.61179E-02,   2.73885E-02,  4.86
  635,    2.11287E-02,   2.11899E-02,  0.29
  636,    8.51856E+00,   1.05173E+01,  23.46
  637,    3.76990E+00,   3.79365E+00,  0.63
  638,    1.38552E+00,   1.28319E+00,  -7.39
  639,    4.72214E-01,   4.46949E-01,  -5.35
  640,    3.79685E-01,   1.59353E-01,  -58.03
  641,    1.03746E-01,   9.69044E-02,  -6.59
  642,    8.84052E-02,   8.39282E-02,  -5.06
  643,    6.38813E-02,   2.34243E-01,  266.69
  644,    2.34054E-01,   2.33048E-01,  -0.43
  645,    9.64497E-02,   9.57245E-02,  -0.75
  646,    6.11518E-02,   6.20593E-02,  1.48
  647,    3.98833E-02,   4.00733E-02,  0.48
  648,    2.58941E-02,   2.59789E-02,  0.33
  649,    3.89861E-02,   3.92581E-02,  0.70
  650,    2.69907E-02,   2.77729E-02,  2.90
  651,    1.67956E+01,   1.88781E+01,  12.40
  652,    3.93603E+00,   4.24259E+00,  7.79
  653,    1.17817E+00,   1.21902E+00,  3.47
  654,    5.67485E-01,   5.75108E-01,  1.34
  655,    2.37236E-01,   3.65326E-01,  53.99
  656,    3.31717E-01,   2.09491E-01,  -36.85
  657,    1.69616E-01,   1.71729E-01,  1.25
  658,    9.37500E-02,   9.46433E-02,  0.95
  659,    2.30507E-01,   2.27731E-01,  -1.20
  660,    1.20047E-01,   1.18126E-01,  -1.60
  661,    7.20498E-02,   7.05253E-02,  -2.12
  662,    4.71842E-02,   4.60637E-02,  -2.37
  663,    3.35480E-02,   3.24217E-02,  -3.36
  664,    4.16027E-02,   4.13327E-02,  -0.65
  665,    3.09103E-02,   3.09723E-02,  0.20
  666,    1.11676E+01,   1.23436E+01,  10.53
  667,    2.19845E+00,   2.31234E+00,  5.18
  668,    9.13035E-01,   9.25417E-01,  1.36
  669,    5.31806E-01,   5.39216E-01,  1.39
  670,    2.15799E-01,   2.90435E-01,  34.59
  671,    2.88455E-01,   2.25786E-01,  -21.73
  672,    1.14386E-01,   1.18859E-01,  3.91
  673,    6.52320E-02,   6.68240E-02,  2.44
  674,    2.13195E-01,   2.15126E-01,  0.91
  675,    1.23952E-01,   1.25712E-01,  1.42
  676,    7.43755E-02,   7.45518E-02,  0.24
  677,    4.60745E-02,   4.51970E-02,  -1.90
  678,    3.48140E-02,   3.39289E-02,  -2.54
  679,    4.40071E-02,   4.34501E-02,  -1.27
  680,    3.26938E-02,   3.16618E-02,  -3.16
  681,    1.45624E+01,   1.47078E+01,  1.00
  682,    3.87921E+00,   3.84266E+00,  -0.94
  683,    2.00283E+00,   1.88055E+00,  -6.11
  684,    9.35157E-01,   9.10227E-01,  -2.67
  685,    4.28887E-01,   6.51658E-01,  51.94
  686,    1.69178E-01,   1.71708E-01,  1.50
  687,    1.22778E-01,   1.24997E-01,  1.81
  688,    2.95345E-01,   3.04799E-01,  3.20
  689,    1.60030E-01,   1.63208E-01,  1.99
  690,    9.53733E-02,   9.72855E-02,  2.00
  691,    6.40765E-02,   6.35954E-02,  -0.75
  692,    3.95353E-02,   3.84471E-02,  -2.75
  693,    5.81647E-02,   5.70136E-02,  -1.98
  694,    1.31056E+01,   1.41009E+01,  7.59
  695,    4.77626E+00,   4.71667E+00,  -1.25
  696,    2.07477E+00,   1.94024E+00,  -6.48
  697,    1.30047E+00,   1.25394E+00,  -3.58
  698,    2.83145E-01,   5.74129E-01,  102.77
  699,    2.04505E-01,   2.05474E-01,  0.47
  700,    1.40413E-01,   1.45328E-01,  3.50
  701,    3.94026E-01,   4.06872E-01,  3.26
  702,    2.13369E-01,   2.16532E-01,  1.48
  703,    1.18608E-01,   1.20009E-01,  1.18
  704,    8.40657E-02,   8.33221E-02,  -0.88
  705,    5.06893E-02,   4.96372E-02,  -2.08
  706,    6.94621E-02,   6.77837E-02,  -2.42
  707,    1.21473E+01,   1.25909E+01,  3.65
  708,    3.39929E+00,   3.41698E+00,  0.52
  709,    1.98238E+00,   1.83554E+00,  -7.41
  710,    7.77106E-01,   7.56976E-01,  -2.59
  711,    1.71175E-01,   3.61753E-01,  111.34
  712,    4.39087E-01,   2.43557E-01,  -44.53
  713,    1.62261E-01,   1.66639E-01,  2.70
  714,    1.13441E-01,   1.15698E-01,  1.99
  715,    3.60388E-01,   3.67930E-01,  2.09
  716,    1.96316E-01,   2.01844E-01,  2.82
  717,    1.20394E-01,   1.23106E-01,  2.25
  718,    6.97173E-02,   6.91331E-02,  -0.84
  719,    5.05887E-02,   5.10465E-02,  0.91
  720,    7.48064E-02,   7.32210E-02,  -2.12
  721,    9.51800E+00,   1.00588E+01,  5.68
  722,    3.52661E+00,   3.47516E+00,  -1.46
  723,    1.25238E+00,   1.19744E+00,  -4.39
  724,    5.38351E-01,   5.19978E-01,  -3.41
  725,    1.75711E-01,   3.30447E-01,  88.06
  726,    3.80979E-01,   2.16993E-01,  -43.04
  727,    1.47120E-01,   1.46242E-01,  -0.60
  728,    9.73818E-02,   9.60206E-02,  -1.40
  729,    3.10154E-01,   3.13399E-01,  1.05
  730,    1.59645E-01,   1.61868E-01,  1.39
  731,    1.04328E-01,   1.05987E-01,  1.59
  732,    5.94718E-02,   5.89745E-02,  -0.84
  733,    4.46862E-02,   4.47163E-02,  0.07
  734,    1.07297E+01,   1.15037E+01,  7.21
  735,    2.60551E+00,   2.56080E+00,  -1.72
  736,    9.77850E-01,   9.33618E-01,  -4.52
  737,    5.65629E-01,   5.41845E-01,  -4.20
  738,    2.41966E-01,   3.35853E-01,  38.80
  739,    3.24049E-01,   2.17739E-01,  -32.81
  740,    1.42596E-01,   1.39122E-01,  -2.44
  741,    1.08078E-01,   1.08289E-01,  0.20
  742,    3.00082E-01,   3.01232E-01,  0.38
  743,    1.71920E-01,   1.72255E-01,  0.20
  744,    9.15940E-02,   9.11176E-02,  -0.52
  745,    6.33555E-02,   6.36014E-02,  0.39
  746,    4.34306E-02,   4.27891E-02,  -1.48
  747,    7.77629E+00,   8.47725E+00,  9.01
  748,    1.92329E+00,   1.93554E+00,  0.64
  749,    9.67088E-01,   9.34282E-01,  -3.39
  750,    5.37815E-01,   5.24512E-01,  -2.47
  751,    2.54371E-01,   3.20201E-01,  25.88
  752,    2.74375E-01,   1.96649E-01,  -28.33
  753,    1.47296E-01,   1.48149E-01,  0.58
  754,    9.00716E-02,   9.02306E-02,  0.18
  755,    2.80558E-01,   2.80998E-01,  0.16
  756,    1.71164E-01,   1.73153E-01,  1.16
  757,    9.03551E-02,   9.02226E-02,  -0.15
  758,    6.50338E-02,   6.52508E-02,  0.33
  759,    4.61509E-02,   4.68206E-02,  1.45
  760,    8.37240E+00,   9.11588E+00,  8.88
  761,    2.79498E+00,   2.74330E+00,  -1.85
  762,    1.36425E+00,   1.28323E+00,  -5.94
  763,    7.50799E-01,   7.14716E-01,  -4.81
  764,    2.91485E-01,   4.15862E-01,  42.67
  765,    4.50793E-01,   3.00669E-01,  -33.30
  766,    1.78233E-01,   1.77574E-01,  -0.37
  767,    1.34518E-01,   1.34315E-01,  -0.15
  768,    3.70616E-01,   3.74384E-01,  1.02
  769,    1.83500E-01,   1.83773E-01,  0.15
  770,    1.16698E-01,   1.19525E-01,  2.42
  771,    7.58889E-02,   7.65987E-02,  0.94
  772,    7.66502E+00,   8.68094E+00,  13.25
  773,    2.48971E+00,   2.43275E+00,  -2.29
  774,    1.20641E+00,   1.12939E+00,  -6.38
  775,    6.49498E-01,   6.01746E-01,  -7.35
  776,    3.01735E-01,   4.10065E-01,  35.90
  777,    3.60084E-01,   2.32489E-01,  -35.43
  778,    1.74358E-01,   1.71077E-01,  -1.88
  779,    1.37061E-01,   1.38591E-01,  1.12
  780,    4.00333E-01,   4.06201E-01,  1.47
  781,    1.95263E-01,   1.94865E-01,  -0.20
  782,    1.29372E-01,   1.32653E-01,  2.54
  783,    8.68967E-02,   9.06399E-02,  4.31
  784,    5.70547E+00,   6.77679E+00,  18.78
  785,    1.90659E+00,   1.87357E+00,  -1.73
  786,    9.01092E-01,   8.43567E-01,  -6.38
  787,    5.43620E-01,   5.25020E-01,  -3.42
  788,    2.11083E-01,   2.81544E-01,  33.38
  789,    2.80896E-01,   2.00045E-01,  -28.78
  790,    1.56031E-01,   1.57745E-01,  1.10
  791,    9.48318E-02,   9.54628E-02,  0.67
  792,    3.02120E-01,   3.01942E-01,  -0.06
  793,    1.80510E-01,   1.82624E-01,  1.17
  794,    1.08508E-01,   1.11226E-01,  2.51
  795,    5.52423E+00,   6.50028E+00,  17.67
  796,    1.79776E+00,   1.75790E+00,  -2.22
  797,    9.50088E-01,   9.14548E-01,  -3.74
  798,    4.61608E-01,   4.48667E-01,  -2.80
  799,    2.34349E-01,   3.03148E-01,  29.36
  800,    3.02701E-01,   2.30645E-01,  -23.80
  801,    1.34365E-01,   1.35744E-01,  1.03
  802,    8.82631E-02,   8.72440E-02,  -1.15
  803,    2.71833E-01,   2.70686E-01,  -0.42
  804,    1.69750E-01,   1.72588E-01,  1.67
  805,    1.05725E-01,   1.11805E-01,  5.75
  806,    5.70785E+00,   6.55464E+00,  14.84
  807,    1.97931E+00,   1.96096E+00,  -0.93
  808,    8.23320E-01,   7.98352E-01,  -3.03
  809,    5.05127E-01,   4.95204E-01,  -1.96
  810,    2.71757E-01,   3.57041E-01,  31.38
  811,    2.84022E-01,   2.02262E-01,  -28.79
  812,    1.27322E-01,   1.25915E-01,  -1.10
  813,    9.79994E-02,   9.77838E-02,  -0.22
  814,    3.00939E-01,   3.03668E-01,  0.91
  815,    1.70370E-01,   1.73650E-01,  1.93
  816,    6.07137E+00,   6.84510E+00,  12.74
  817,    1.60104E+00,   1.59020E+00,  -0.68
  818,    8.54563E-01,   8.28958E-01,  -3.00
  819,    5.53855E-01,   5.48624E-01,  -0.94
  820,    2.32038E-01,   2.94949E-01,  27.11
  821,    2.47654E-01,   1.76488E-01,  -28.74
  822,    1.35813E-01,   1.33097E-01,  -2.00
  823,    1.05678E-01,   1.04941E-01,  -0.70
  824,    3.11681E-01,   3.12342E-01,  0.21
  825,    1.82920E-01,   1.89468E-01,  3.58
  826,    4.54372E+00,   5.06075E+00,  11.38
  827,    1.48054E+00,   1.49212E+00,  0.78
  828,    8.25334E-01,   8.24635E-01,  -0.08
  829,    4.06646E-01,   4.07212E-01,  0.14
  830,    1.89750E-01,   2.30498E-01,  21.47
  831,    2.15815E-01,   1.67308E-01,  -22.48
  832,    1.28207E-01,   1.27906E-01,  -0.23
  833,    8.74299E-02,   8.66746E-02,  -0.86
  834,    2.81295E-01,   2.81078E-01,  -0.08
  835,    5.34105E+00,   6.23285E+00,  16.70
  836,    1.86299E+00,   1.88682E+00,  1.28
  837,    7.69549E-01,   7.71631E-01,  0.27
  838,    4.03310E-01,   3.96935E-01,  -1.58
  839,    2.22646E-01,   2.71679E-01,  22.02
  840,    2.56071E-01,   1.98647E-01,  -22.43
  841,    1.32216E-01,   1.30619E-01,  -1.21
  842,    9.60375E-02,   9.58478E-02,  -0.20
  843,    2.95837E-01,   3.00394E-01,  1.54
  844,    5.24726E+00,   6.07426E+00,  15.76
  845,    1.33018E+00,   1.36308E+00,  2.47
  846,    5.80960E-01,   5.75611E-01,  -0.92
  847,    3.63987E-01,   3.58196E-01,  -1.59
  848,    2.21368E-01,   2.45687E-01,  10.99
  849,    1.86606E-01,   1.55099E-01,  -16.88
  850,    1.11113E-01,   1.09527E-01,  -1.43
  851,    9.01945E-02,   9.09008E-02,  0.78
  852,    4.30290E+00,   4.90225E+00,  13.93
  853,    1.10858E+00,   1.14710E+00,  3.47
  854,    6.05632E-01,   5.95443E-01,  -1.68
  855,    3.79821E-01,   3.71623E-01,  -2.16
  856,    1.98370E-01,   2.22268E-01,  12.05
  857,    1.83362E-01,   1.49805E-01,  -18.30
  858,    1.21171E-01,   1.20292E-01,  -0.73
  859,    4.15210E+00,   5.03170E+00,  21.18
  860,    1.39602E+00,   1.41430E+00,  1.31
  861,    7.37753E-01,   7.21199E-01,  -2.24
  862,    4.00083E-01,   3.92901E-01,  -1.80
  863,    2.10898E-01,   2.46819E-01,  17.03
  864,    2.38774E-01,   1.88935E-01,  -20.87
  865,    4.45874E+00,   5.38860E+00,  20.85
  866,    1.41375E+00,   1.43335E+00,  1.39
  867,    6.50217E-01,   6.39131E-01,  -1.70
  868,    3.79948E-01,   3.57746E-01,  -5.84
  869,    2.15155E-01,   2.54848E-01,  18.45
  870,    4.53980E+00,   5.28876E+00,  16.50
  871,    1.23305E+00,   1.29823E+00,  5.29
  872,    6.01100E-01,   5.92539E-01,  -1.42
  873,    3.91204E-01,   3.81210E-01,  -2.55
  874,    4.14627E+00,   4.95263E+00,  19.45
  875,    1.23464E+00,   1.23521E+00,  0.05
  876,    6.81599E-01,   6.59767E-01,  -3.20
  877,    4.35325E+00,   4.89217E+00,  12.38
  878,    1.51930E+00,   1.41198E+00,  -7.06
  879,    4.05453E+00,   4.56939E+00,  12.70

;-Resistivity in Ohm-m in the elemental sequential order

 2.69334E+02,  2.77321E+02,  2.83467E+02,  2.98569E+02,  3.30662E+02
 3.78334E+02,  4.43835E+02,  5.24798E+02,  6.13622E+02,  6.99296E+02
 7.66766E+02,  8.09676E+02,  8.31862E+02,  8.39838E+02,  8.32433E+02
 8.63482E+02,  8.63482E+02,  5.41146E+02,  5.41146E+02,  5.41146E+02
 5.41146E+02,  5.41146E+02,  5.41146E+02,  2.69334E+02,  2.77321E+02
 2.83467E+02,  2.98569E+02,  3.30662E+02,  3.78334E+02,  4.43835E+02
 5.24798E+02,  6.13622E+02,  6.99296E+02,  7.66766E+02,  8.09676E+02
 8.31862E+02,  8.39838E+02,  8.32433E+02,  8.63482E+02,  8.63482E+02
 5.41146E+02,  5.41146E+02,  5.41146E+02,  5.41146E+02,  5.41146E+02
 5.41146E+02,  2.69334E+02,  2.77321E+02,  2.83467E+02,  2.98569E+02
 3.30662E+02,  3.78334E+02,  4.43835E+02,  5.24798E+02,  6.13622E+02
 6.99296E+02,  7.66766E+02,  8.09676E+02,  8.31862E+02,  8.39838E+02
 8.32433E+02,  8.63482E+02,  8.63482E+02,  5.41146E+02,  5.41146E+02
 5.41146E+02,  5.41146E+02,  5.41146E+02,  5.41146E+02,  2.69334E+02
 2.77321E+02,  2.83467E+02,  2.98569E+02,  3.30662E+02,  3.78334E+02
 4.43835E+02,  5.24798E+02,  6.13622E+02,  6.99296E+02,  7.66766E+02
 8.09676E+02,  8.31862E+02,  8.39838E+02,  8.32433E+02,  8.63482E+02
 8.63482E+02,  5.41146E+02,  5.41146E+02,  5.41146E+02,  5.41146E+02
 5.41146E+02,  5.41146E+02,  2.69334E+02,  2.77321E+02,  2.83467E+02
 2.98569E+02,  3.30662E+02,  3.78334E+02,  4.43835E+02,  5.24798E+02
 6.13622E+02,  6.99296E+02,  7.66766E+02,  8.09676E+02,  8.31862E+02
 8.39838E+02,  8.32433E+02,  8.63482E+02,  8.63482E+02,  5.41146E+02
 5.41146E+02,  5.41146E+02,  5.41146E+02,  5.41146E+02,  5.41146E+02
 2.69334E+02,  2.77321E+02,  2.83467E+02,  2.98569E+02,  3.30662E+02
 3.78334E+02,  4.43835E+02,  5.24798E+02,  6.13622E+02,  6.99296E+02
 7.66766E+02,  8.09676E+02,  8.31862E+02,  8.39838E+02,  8.32433E+02
 8.63482E+02,  8.63482E+02,  5.41146E+02,  5.41146E+02,  5.41146E+02
 5.41146E+02,  5.41146E+02,  5.41146E+02,  5.11412E+02,  4.64555E+02
 4.41293E+02,  4.23977E+02,  4.36977E+02,  4.62877E+02,  4.92496E+02
 5.16267E+02,  5.26791E+02,  5.20611E+02,  4.96488E+02,  4.60731E+02
 4.25109E+02,  3.98173E+02,  3.79738E+02,  3.54860E+02,  3.54860E+02
 3.20916E+02,  3.20916E+02,  3.20916E+02,  3.20916E+02,  3.20916E+02
 3.20916E+02,  5.11412E+02,  4.64555E+02,  4.41293E+02,  4.23977E+02
 4.36977E+02,  4.62877E+02,  4.92496E+02,  5.16267E+02,  5.26791E+02
 5.20611E+02,  4.96488E+02,  4.60731E+02,  4.25109E+02,  3.98173E+02
 3.79738E+02,  3.54860E+02,  3.54860E+02,  3.20916E+02,  3.20916E+02
 3.20916E+02,  3.20916E+02,  3.20916E+02,  3.20916E+02,  3.32826E+02
 3.81565E+02,  4.32373E+02,  4.57453E+02,  4.90896E+02,  5.74535E+02
 6.54177E+02,  6.75434E+02,  5.80540E+02,  5.24506E+02,  4.87847E+02
 4.46833E+02,  4.09549E+02,  3.84253E+02,  3.71527E+02,  3.48380E+02
 3.48380E+02,  3.03481E+02,  3.03481E+02,  3.03481E+02,  3.03481E+02
 3.03481E+02,  3.03481E+02,  2.71961E+02,  2.53518E+02,  3.58154E+02
 4.99325E+02,  5.25754E+02,  5.92166E+02,  6.82879E+02,  7.27763E+02
 7.06502E+02,  6.13805E+02,  5.16137E+02,  4.56727E+02,  4.13710E+02
 3.84460E+02,  3.68174E+02,  3.16668E+02,  3.16668E+02,  2.48204E+02
 2.48204E+02,  2.48204E+02,  2.48204E+02,  2.48204E+02,  2.48204E+02
 3.95106E+02,  1.37601E+02,  2.90315E+02,  5.18457E+02,  6.07626E+02
 6.60631E+02,  7.00636E+02,  7.50575E+02,  7.27783E+02,  6.45508E+02
 5.50312E+02,  4.67882E+02,  4.25810E+02,  3.92788E+02,  3.70308E+02
 3.07122E+02,  3.07122E+02,  2.45542E+02,  2.45542E+02,  2.45542E+02
 2.45542E+02,  2.45542E+02,  2.45542E+02,  2.54299E+02,  1.02279E+02
 2.65485E+02,  6.86768E+02,  7.54608E+02,  7.53295E+02,  7.85398E+02
 7.88509E+02,  7.34834E+02,  6.53155E+02,  5.64528E+02,  4.79070E+02
 4.36121E+02,  4.00245E+02,  3.71918E+02,  3.02504E+02,  3.02504E+02
 2.43686E+02,  2.43686E+02,  2.43686E+02,  2.43686E+02,  2.43686E+02
 2.43686E+02,  2.41668E+02,  9.63697E+01,  3.34195E+02,  8.99193E+02
 9.62313E+02,  8.74643E+02,  8.24288E+02,  8.03710E+02,  7.12045E+02
 6.42471E+02,  5.67759E+02,  4.89558E+02,  4.46730E+02,  4.07403E+02
 3.72449E+02,  2.97235E+02,  2.97235E+02,  2.38226E+02,  2.38226E+02
 2.38226E+02,  2.38226E+02,  2.38226E+02,  2.38226E+02,  3.00032E+02
 1.38487E+02,  3.54123E+02,  1.06146E+03,  1.16642E+03,  9.39155E+02
 8.33417E+02,  7.38762E+02,  7.01898E+02,  6.48985E+02,  5.72560E+02
 5.02544E+02,  4.57904E+02,  4.14098E+02,  3.72715E+02,  2.92551E+02
 2.92551E+02,  2.34955E+02,  2.34955E+02,  2.34955E+02,  2.34955E+02
 2.34955E+02,  2.34955E+02,  2.80419E+02,  1.25363E+02,  3.45596E+02
 1.07202E+03,  1.19266E+03,  9.19614E+02,  7.67852E+02,  7.25357E+02
 7.03831E+02,  6.54215E+02,  5.84966E+02,  5.19117E+02,  4.68654E+02
 4.18617E+02,  3.72827E+02,  2.87994E+02,  2.87994E+02,  2.32435E+02
 2.32435E+02,  2.32435E+02,  2.32435E+02,  2.32435E+02,  2.32435E+02
 3.19738E+02,  1.29561E+02,  3.17749E+02,  9.39964E+02,  9.50229E+02
 8.96435E+02,  7.44491E+02,  6.82679E+02,  6.77198E+02,  6.55356E+02
 5.90680E+02,  5.34373E+02,  4.77536E+02,  4.20344E+02,  3.72904E+02
 2.83482E+02,  2.83482E+02,  2.30213E+02,  2.30213E+02,  2.30213E+02
 2.30213E+02,  2.30213E+02,  2.30213E+02,  2.51064E+02,  1.18174E+02
 3.14360E+02,  8.67108E+02,  8.42996E+02,  7.00689E+02,  6.28173E+02
 6.19579E+02,  6.28535E+02,  6.27406E+02,  5.95865E+02,  5.42752E+02
 4.80481E+02,  4.21104E+02,  3.73025E+02,  2.78835E+02,  2.78835E+02
 2.27903E+02,  2.27903E+02,  2.27903E+02,  2.27903E+02,  2.27903E+02
 2.27903E+02,  2.99893E+02,  1.34982E+02,  3.24523E+02,  8.31799E+02
 8.04214E+02,  6.00081E+02,  5.52297E+02,  5.66835E+02,  5.85144E+02
 6.06744E+02,  5.94689E+02,  5.44273E+02,  4.81861E+02,  4.21526E+02
 3.73042E+02,  2.73799E+02,  2.73799E+02,  2.26415E+02,  2.26415E+02
 2.26415E+02,  2.26415E+02,  2.26415E+02,  2.26415E+02,  2.72158E+02
 1.26465E+02,  3.18568E+02,  7.57887E+02,  6.81095E+02,  5.73085E+02
 5.00155E+02,  5.08980E+02,  5.55301E+02,  5.78833E+02,  5.84434E+02
 5.43492E+02,  4.82504E+02,  4.21680E+02,  3.73050E+02,  2.68648E+02
 2.68648E+02,  2.26103E+02,  2.26103E+02,  2.26103E+02,  2.26103E+02
 2.26103E+02,  2.26103E+02,  2.57924E+02,  1.21247E+02,  2.82338E+02
 6.37827E+02,  5.90934E+02,  5.27458E+02,  4.74987E+02,  4.60708E+02
 5.07044E+02,  5.48098E+02,  5.65906E+02,  5.39132E+02,  4.82212E+02
 4.21608E+02,  3.73203E+02,  2.63594E+02,  2.63594E+02,  2.26116E+02
 2.26116E+02,  2.26116E+02,  2.26116E+02,  2.26116E+02,  2.26116E+02
 3.16765E+02,  1.18220E+02,  2.57283E+02,  5.81455E+02,  6.06234E+02
 5.13256E+02,  4.69151E+02,  4.09245E+02,  4.40171E+02,  5.20963E+02
 5.35905E+02,  5.30581E+02,  4.80565E+02,  4.21160E+02,  3.73408E+02
 2.59548E+02,  2.59548E+02,  2.24981E+02,  2.24981E+02,  2.24981E+02
 2.24981E+02,  2.24981E+02,  2.24981E+02,  3.08928E+02,  1.26645E+02
 2.62568E+02,  6.15408E+02,  6.26908E+02,  5.43027E+02,  4.32614E+02
 3.46264E+02,  3.86870E+02,  4.71994E+02,  5.14415E+02,  5.17106E+02
 4.77184E+02,  4.20199E+02,  3.73597E+02,  2.56926E+02,  2.56926E+02
 2.22743E+02,  2.22743E+02,  2.22743E+02,  2.22743E+02,  2.22743E+02
 2.22743E+02,  3.00392E+02,  1.35628E+02,  2.89025E+02,  7.69207E+02
 6.84419E+02,  5.58043E+02,  3.96846E+02,  3.10391E+02,  3.40161E+02
 4.24425E+02,  4.91715E+02,  4.96854E+02,  4.71745E+02,  4.18616E+02
 3.73785E+02,  2.53892E+02,  2.53892E+02,  2.21310E+02,  2.21310E+02
 2.21310E+02,  2.21310E+02,  2.21310E+02,  2.21310E+02,  4.05672E+02
 1.48836E+02,  3.05638E+02,  8.67609E+02,  8.93232E+02,  5.47226E+02
 3.95245E+02,  3.01538E+02,  3.01962E+02,  3.82233E+02,  4.63697E+02
 4.77972E+02,  4.63998E+02,  4.16270E+02,  3.73911E+02,  2.50206E+02
 2.50206E+02,  2.22165E+02,  2.22165E+02,  2.22165E+02,  2.22165E+02
 2.22165E+02,  2.22165E+02,  2.34938E+02,  1.42334E+02,  3.23473E+02
 9.84728E+02,  9.91791E+02,  6.27843E+02,  3.97670E+02,  2.80688E+02
 2.73758E+02,  3.44758E+02,  4.32166E+02,  4.64266E+02,  4.53286E+02
 4.12738E+02,  3.73844E+02,  2.46519E+02,  2.46519E+02,  2.24285E+02
 2.24285E+02,  2.24285E+02,  2.24285E+02,  2.24285E+02,  2.24285E+02
 3.17707E+02,  1.50804E+02,  3.41885E+02,  1.14055E+03,  1.12853E+03
 7.01241E+02,  4.23782E+02,  2.90546E+02,  2.51380E+02,  3.12141E+02
 4.02541E+02,  4.46165E+02,  4.38648E+02,  4.07459E+02,  3.73296E+02
 2.42994E+02,  2.42994E+02,  2.26924E+02,  2.26924E+02,  2.26924E+02
 2.26924E+02,  2.26924E+02,  2.26924E+02,  2.69197E+02,  1.50148E+02
 3.48301E+02,  1.27485E+03,  1.36631E+03,  8.04472E+02,  4.82933E+02
 3.02686E+02,  2.35032E+02,  2.84095E+02,  3.75127E+02,  4.25246E+02
 4.19409E+02,  3.98914E+02,  3.71115E+02,  2.39392E+02,  2.39392E+02
 2.29540E+02,  2.29540E+02,  2.29540E+02,  2.29540E+02,  2.29540E+02
 2.29540E+02,  2.65718E+02,  1.43036E+02,  3.47956E+02,  1.24950E+03
 1.42079E+03,  8.94878E+02,  5.21972E+02,  3.00734E+02,  2.23767E+02
 2.60026E+02,  3.50192E+02,  4.05995E+02,  4.05546E+02,  3.85496E+02
 3.67518E+02,  2.36507E+02,  2.36507E+02,  2.30418E+02,  2.30418E+02
 2.30418E+02,  2.30418E+02,  2.30418E+02,  2.30418E+02,  3.35854E+02
 1.49795E+02,  3.37753E+02,  1.10230E+03,  1.32208E+03,  9.13386E+02
 5.21806E+02,  2.89538E+02,  2.16468E+02,  2.39029E+02,  3.27786E+02
 3.87558E+02,  3.95251E+02,  3.79369E+02,  3.66452E+02,  2.34534E+02
 2.34534E+02,  2.30495E+02,  2.30495E+02,  2.30495E+02,  2.30495E+02
 2.30495E+02,  2.30495E+02,  3.50474E+02,  1.53516E+02,  3.45761E+02
 1.04435E+03,  1.12258E+03,  8.85931E+02,  5.06602E+02,  2.75102E+02
 2.12304E+02,  2.20571E+02,  3.07745E+02,  3.71463E+02,  3.90819E+02
 3.79231E+02,  3.67915E+02,  2.32367E+02,  2.32367E+02,  2.30030E+02
 2.30030E+02,  2.30030E+02,  2.30030E+02,  2.30030E+02,  2.30030E+02
 2.64095E+02,  1.60347E+02,  3.74868E+02,  1.11310E+03,  1.02556E+03
 8.02922E+02,  4.83735E+02,  2.61577E+02,  1.96867E+02,  2.09891E+02
 2.90181E+02,  3.54992E+02,  3.90088E+02,  3.79939E+02,  3.69403E+02
 2.30035E+02,  2.30035E+02,  2.30326E+02,  2.30326E+02,  2.30326E+02
 2.30326E+02,  2.30326E+02,  2.30326E+02,  3.01800E+02,  1.77300E+02
 4.21113E+02,  1.05825E+03,  1.02038E+03,  7.37837E+02,  4.55762E+02
 2.48768E+02,  1.86466E+02,  1.99404E+02,  2.74749E+02,  3.38434E+02
 3.86723E+02,  3.78921E+02,  3.69340E+02,  2.27904E+02,  2.27904E+02
 2.30269E+02,  2.30269E+02,  2.30269E+02,  2.30269E+02,  2.30269E+02
 2.30269E+02,  3.12749E+02,  1.88011E+02,  4.47333E+02,  1.10888E+03
 9.85495E+02,  7.09392E+02,  4.28191E+02,  2.37922E+02,  1.79402E+02
 1.90483E+02,  2.60737E+02,  3.26355E+02,  3.81266E+02,  3.76225E+02
 3.68083E+02,  2.25849E+02,  2.25849E+02,  2.29153E+02,  2.29153E+02
 2.29153E+02,  2.29153E+02,  2.29153E+02,  2.29153E+02,  3.00038E+02
 1.88642E+02,  4.54966E+02,  1.09953E+03,  9.62812E+02,  6.74878E+02
 4.04766E+02,  2.33309E+02,  1.77858E+02,  1.83690E+02,  2.48507E+02
 3.16757E+02,  3.76920E+02,  3.73221E+02,  3.65413E+02,  2.23895E+02
 2.23895E+02,  2.28291E+02,  2.28291E+02,  2.28291E+02,  2.28291E+02
 2.28291E+02,  2.28291E+02,  3.21076E+02,  1.89023E+02,  4.58679E+02
 1.00400E+03,  8.97168E+02,  6.35200E+02,  3.83401E+02,  2.42752E+02
 1.77745E+02,  1.80120E+02,  2.37866E+02,  3.07825E+02,  3.73259E+02
 3.71516E+02,  3.62051E+02,  2.22334E+02,  2.22334E+02,  2.28104E+02
 2.28104E+02,  2.28104E+02,  2.28104E+02,  2.28104E+02,  2.28104E+02
 3.17156E+02,  1.84274E+02,  4.79892E+02,  9.85715E+02,  8.26878E+02
 6.13531E+02,  3.63507E+02,  2.36271E+02,  1.72435E+02,  1.79426E+02
 2.28332E+02,  2.99790E+02,  3.67834E+02,  3.69984E+02,  3.59579E+02
 2.21118E+02,  2.21118E+02,  2.35567E+02,  2.35567E+02,  2.35567E+02
 2.35567E+02,  2.35567E+02,  2.35567E+02,  2.92671E+02,  1.89309E+02
 5.16907E+02,  1.01642E+03,  8.68779E+02,  5.74653E+02,  3.60344E+02
 2.23182E+02,  1.84342E+02,  1.78405E+02,  2.19300E+02,  2.91893E+02
 3.60784E+02,  3.66660E+02,  3.56477E+02,  2.18816E+02,  2.18816E+02
 2.37354E+02,  2.37354E+02,  2.37354E+02,  2.37354E+02,  2.37354E+02
 2.37354E+02,  3.12274E+02,  2.08360E+02,  5.43807E+02,  1.10074E+03
 8.39775E+02,  5.67347E+02,  3.63414E+02,  2.30212E+02,  1.80462E+02
 1.74958E+02,  2.12810E+02,  2.81787E+02,  3.52495E+02,  3.61210E+02
 3.50718E+02,  2.14830E+02,  2.14830E+02,  2.36487E+02,  2.36487E+02
 2.36487E+02,  2.36487E+02,  2.36487E+02,  2.36487E+02,  3.05024E+02
 2.31549E+02,  5.66741E+02,  1.09845E+03,  7.98679E+02,  6.00190E+02
 3.61701E+02,  2.52674E+02,  1.75275E+02,  1.72836E+02,  2.07320E+02
 2.67417E+02,  3.42806E+02,  3.54742E+02,  3.43789E+02,  2.12857E+02
 2.12857E+02,  2.38832E+02,  2.38832E+02,  2.38832E+02,  2.38832E+02
 2.38832E+02,  2.38832E+02,  2.69748E+02,  2.60368E+02,  5.68850E+02
 9.70686E+02,  7.80005E+02,  5.94797E+02,  3.75620E+02,  2.62078E+02
 1.77945E+02,  1.73416E+02,  2.03220E+02,  2.55007E+02,  3.22893E+02
 3.44775E+02,  3.35416E+02,  2.14689E+02,  2.14689E+02,  2.39067E+02
 2.39067E+02,  2.39067E+02,  2.39067E+02,  2.39067E+02,  2.39067E+02
 4.60276E+02,  3.01796E+02,  5.18092E+02,  7.79333E+02,  7.15698E+02
 5.95507E+02,  4.03380E+02,  2.63220E+02,  1.76311E+02,  1.72481E+02
 2.03864E+02,  2.53103E+02,  2.81445E+02,  3.19532E+02,  3.25192E+02
 2.19549E+02,  2.19549E+02,  2.39711E+02,  2.39711E+02,  2.39711E+02
 2.39711E+02,  2.39711E+02,  2.39711E+02,  3.48518E+02,  3.22114E+02
 4.84920E+02,  6.30752E+02,  6.48994E+02,  5.91505E+02,  4.34320E+02
 2.71967E+02,  1.74848E+02,  1.72067E+02,  2.07257E+02,  2.56651E+02
 2.70961E+02,  3.05584E+02,  3.17140E+02,  2.23090E+02,  2.23090E+02
 2.40378E+02,  2.40378E+02,  2.40378E+02,  2.40378E+02,  2.40378E+02
 2.40378E+02,  4.99922E+02,  3.56325E+02,  4.93203E+02,  5.60246E+02
 5.84274E+02,  5.69855E+02,  4.56024E+02,  2.89116E+02,  1.77093E+02
 1.73481E+02,  2.11352E+02,  2.55432E+02,  2.82882E+02,  3.04864E+02
 3.10653E+02,  2.28467E+02,  2.28467E+02,  2.41445E+02,  2.41445E+02
 2.41445E+02,  2.41445E+02,  2.41445E+02,  2.41445E+02,  5.38551E+02
 3.88297E+02,  5.45091E+02,  5.56651E+02,  5.27451E+02,  5.51005E+02
 4.65762E+02,  2.87031E+02,  1.88220E+02,  1.76323E+02,  2.15729E+02
 2.57434E+02,  2.89942E+02,  2.97644E+02,  2.98568E+02,  2.32312E+02
 2.32312E+02,  2.43591E+02,  2.43591E+02,  2.43591E+02,  2.43591E+02
 2.43591E+02,  2.43591E+02,  3.16731E+02,  3.63780E+02,  6.33066E+02
 5.96171E+02,  5.40168E+02,  5.59142E+02,  4.68366E+02,  2.71777E+02
 1.91923E+02,  1.83025E+02,  2.18555E+02,  2.60604E+02,  2.96838E+02
 2.91233E+02,  2.82022E+02,  2.34402E+02,  2.34402E+02,  2.44506E+02
 2.44506E+02,  2.44506E+02,  2.44506E+02,  2.44506E+02,  2.44506E+02
 3.85381E+02,  3.52355E+02,  7.09744E+02,  6.63217E+02,  5.56754E+02
 5.69256E+02,  4.63297E+02,  2.57438E+02,  1.85931E+02,  1.96107E+02
 2.18626E+02,  2.60886E+02,  2.94720E+02,  2.91223E+02,  2.77627E+02
 2.36272E+02,  2.36272E+02,  2.45254E+02,  2.45254E+02,  2.45254E+02
 2.45254E+02,  2.45254E+02,  2.45254E+02,  3.29842E+02,  3.73202E+02
 7.76368E+02,  7.35166E+02,  5.82971E+02,  5.61076E+02,  4.29432E+02
 2.35259E+02,  1.78866E+02,  1.97381E+02,  2.19371E+02,  2.61248E+02
 2.97604E+02,  3.00976E+02,  2.85193E+02,  2.36815E+02,  2.36815E+02
 2.46062E+02,  2.46062E+02,  2.46062E+02,  2.46062E+02,  2.46062E+02
 2.46062E+02,  3.68936E+02,  4.51608E+02,  8.33740E+02,  8.02261E+02
 6.15188E+02,  5.66991E+02,  3.83335E+02,  2.12576E+02,  1.76705E+02
 1.94161E+02,  2.20158E+02,  2.54289E+02,  2.95131E+02,  3.04462E+02
 2.87961E+02,  2.37568E+02,  2.37568E+02,  2.47386E+02,  2.47386E+02
 2.47386E+02,  2.47386E+02,  2.47386E+02,  2.47386E+02,  3.74923E+02
 4.87728E+02,  9.38453E+02,  8.55278E+02,  6.34785E+02,  5.37261E+02
 3.28363E+02,  1.90823E+02,  1.77228E+02,  1.93301E+02,  2.21903E+02
 2.47024E+02,  2.86571E+02,  2.87229E+02,  2.82271E+02,  2.42161E+02
 2.42161E+02,  2.50493E+02,  2.50493E+02,  2.50493E+02,  2.50493E+02
 2.50493E+02,  2.50493E+02,  2.91129E+02,  4.83370E+02,  1.05065E+03
 9.21850E+02,  6.08500E+02,  4.85347E+02,  2.62076E+02,  1.78653E+02
 1.85042E+02,  1.93380E+02,  2.21907E+02,  2.50788E+02,  2.89143E+02
 2.85572E+02,  2.79554E+02,  2.51935E+02,  2.51935E+02,  2.54465E+02
 2.54465E+02,  2.54465E+02,  2.54465E+02,  2.54465E+02,  2.54465E+02
 5.69223E+02,  5.23385E+02,  9.23973E+02,  8.38375E+02,  5.80354E+02
 3.87570E+02,  2.24243E+02,  1.80063E+02,  1.85891E+02,  1.94833E+02
 2.25210E+02,  2.69660E+02,  3.03045E+02,  3.03180E+02,  2.89442E+02
 2.61674E+02,  2.61674E+02,  2.59197E+02,  2.59197E+02,  2.59197E+02
 2.59197E+02,  2.59197E+02,  2.59197E+02,  3.25934E+02,  5.56727E+02
 8.27497E+02,  7.63258E+02,  5.33055E+02,  3.23775E+02,  2.08148E+02
 1.82899E+02,  1.86876E+02,  1.98530E+02,  2.45733E+02,  3.08466E+02
 3.35747E+02,  3.28518E+02,  3.15819E+02,  2.71543E+02,  2.71543E+02
 2.64987E+02,  2.64987E+02,  2.64987E+02,  2.64987E+02,  2.64987E+02
 2.64987E+02,  9.44625E+02,  7.32592E+02,  7.25947E+02,  5.95676E+02
 4.60691E+02,  2.81139E+02,  1.97810E+02,  1.92107E+02,  2.01060E+02
 2.13574E+02,  2.61163E+02,  3.29875E+02,  3.56119E+02,  3.45620E+02
 3.29789E+02,  2.81561E+02,  2.81561E+02,  2.72097E+02,  2.72097E+02
 2.72097E+02,  2.72097E+02,  2.72097E+02,  2.72097E+02,  6.47061E+02
 6.26171E+02,  6.23649E+02,  5.17983E+02,  4.30007E+02,  2.55914E+02
 1.92910E+02,  2.11347E+02,  2.10760E+02,  2.19010E+02,  2.76993E+02
 3.42357E+02,  3.56446E+02,  3.46428E+02,  3.37806E+02,  2.91592E+02
 2.91592E+02,  2.80583E+02,  2.80583E+02,  2.80583E+02,  2.80583E+02
 2.80583E+02,  2.80583E+02,  8.46507E+02,  6.06193E+02,  5.38332E+02
 4.69932E+02,  3.88469E+02,  2.56447E+02,  2.45315E+02,  2.20462E+02
 2.06880E+02,  2.23922E+02,  2.95727E+02,  3.61402E+02,  3.77816E+02
 3.76078E+02,  3.57264E+02,  3.03070E+02,  3.03070E+02,  2.90488E+02
 2.90488E+02,  2.90488E+02,  2.90488E+02,  2.90488E+02,  2.90488E+02
 9.67500E+02,  6.98989E+02,  5.35710E+02,  4.87209E+02,  3.91063E+02
 2.67364E+02,  2.41936E+02,  1.90177E+02,  1.89793E+02,  2.35294E+02
 3.19497E+02,  3.89517E+02,  4.10093E+02,  4.08509E+02,  3.78661E+02
 3.16212E+02,  3.16212E+02,  3.02567E+02,  3.02567E+02,  3.02567E+02
 3.02567E+02,  3.02567E+02,  3.02567E+02,  3.45261E+02,  4.77028E+02
 6.92532E+02,  5.94630E+02,  4.31376E+02,  2.68159E+02,  1.84169E+02
 1.71266E+02,  1.85511E+02,  2.52417E+02,  3.45869E+02,  4.14621E+02
 4.32833E+02,  4.30788E+02,  3.96725E+02,  3.29100E+02,  3.29100E+02
 3.16634E+02,  3.16634E+02,  3.16634E+02,  3.16634E+02,  3.16634E+02
 3.16634E+02,  5.24873E+02,  6.54320E+02,  9.49019E+02,  6.30920E+02
 4.05921E+02,  2.52638E+02,  1.75833E+02,  1.65132E+02,  1.96540E+02
 2.79943E+02,  3.73479E+02,  4.32990E+02,  4.48710E+02,  4.47786E+02
 4.14098E+02,  3.42068E+02,  3.42068E+02,  3.32906E+02,  3.32906E+02
 3.32906E+02,  3.32906E+02,  3.32906E+02,  3.32906E+02,  4.62374E+02
 6.02289E+02,  7.49548E+02,  5.60281E+02,  3.87573E+02,  2.25668E+02
 1.74913E+02,  1.81219E+02,  2.28676E+02,  3.13801E+02,  3.86562E+02
 4.25316E+02,  4.45621E+02,  4.53062E+02,  4.27318E+02,  3.54800E+02
 3.54800E+02,  3.51025E+02,  3.51025E+02,  3.51025E+02,  3.51025E+02
 3.51025E+02,  3.51025E+02,  4.97668E+02,  3.96399E+02,  4.93360E+02
 4.60355E+02,  3.50005E+02,  2.54667E+02,  2.38054E+02,  2.48812E+02
 2.70462E+02,  3.22549E+02,  3.79019E+02,  4.08802E+02,  4.44508E+02
 4.55823E+02,  4.36993E+02,  3.67034E+02,  3.67034E+02,  3.69286E+02
 3.69286E+02,  3.69286E+02,  3.69286E+02,  3.69286E+02,  3.69286E+02
 3.49486E+02,  3.01095E+02,  4.73658E+02,  5.79932E+02,  4.65511E+02
 3.35033E+02,  2.79986E+02,  3.01146E+02,  3.23716E+02,  3.29494E+02
 3.65175E+02,  4.07683E+02,  4.57920E+02,  4.70886E+02,  4.51912E+02
 3.82318E+02,  3.82318E+02,  3.87210E+02,  3.87210E+02,  3.87210E+02
 3.87210E+02,  3.87210E+02,  3.87210E+02,  3.38371E+02,  2.78408E+02
 6.05140E+02,  9.34007E+02,  8.18541E+02,  6.65980E+02,  5.51276E+02
 4.12725E+02,  3.40196E+02,  3.38039E+02,  3.55273E+02,  4.06622E+02
 4.59429E+02,  4.85876E+02,  4.70267E+02,  4.04668E+02,  4.04668E+02
 4.02641E+02,  4.02641E+02,  4.02641E+02,  4.02641E+02,  4.02641E+02
 4.02641E+02,  3.41048E+02,  2.82111E+02,  6.29764E+02,  1.01911E+03
 1.01932E+03,  8.49103E+02,  6.11419E+02,  4.19309E+02,  3.37734E+02
 3.26906E+02,  3.49837E+02,  3.98936E+02,  4.60841E+02,  4.92714E+02
 4.88970E+02,  4.26345E+02,  4.26345E+02,  4.20547E+02,  4.20547E+02
 4.20547E+02,  4.20547E+02,  4.20547E+02,  4.20547E+02,  3.73511E+02
 3.12986E+02,  4.81317E+02,  6.64469E+02,  7.73266E+02,  6.75404E+02
 4.90194E+02,  3.90747E+02,  3.29358E+02,  3.10434E+02,  3.46854E+02
 3.98653E+02,  4.73764E+02,  5.07633E+02,  5.09815E+02,  4.47460E+02
 4.47460E+02,  4.40863E+02,  4.40863E+02,  4.40863E+02,  4.40863E+02
 4.40863E+02,  4.40863E+02,  3.67187E+02,  3.50113E+02,  3.68171E+02
 3.68860E+02,  3.84826E+02,  4.26529E+02,  3.91705E+02,  3.38542E+02
 3.09783E+02,  3.01959E+02,  3.47068E+02,  3.95863E+02,  4.84090E+02
 5.13688E+02,  5.27291E+02,  4.66764E+02,  4.66764E+02,  4.63323E+02
 4.63323E+02,  4.63323E+02,  4.63323E+02,  4.63323E+02,  4.63323E+02
 4.66122E+02,  5.60001E+02,  3.59593E+02,  2.45443E+02,  2.18655E+02
 2.55026E+02,  2.85981E+02,  2.80661E+02,  2.81488E+02,  2.93540E+02
 3.42939E+02,  3.88289E+02,  4.83266E+02,  5.19904E+02,  5.41984E+02
 4.83301E+02,  4.83301E+02,  4.87251E+02,  4.87251E+02,  4.87251E+02
 4.87251E+02,  4.87251E+02,  4.87251E+02,  4.34970E+02,  7.96066E+02
 4.02697E+02,  2.09963E+02,  1.73354E+02,  2.03423E+02,  2.32654E+02
 2.34501E+02,  2.48898E+02,  2.72951E+02,  3.31838E+02,  3.84340E+02
 4.78298E+02,  5.36004E+02,  5.59163E+02,  4.99471E+02,  4.99471E+02
 5.12703E+02,  5.12703E+02,  5.12703E+02,  5.12703E+02,  5.12703E+02
 5.12703E+02,  5.08372E+02,  1.49848E+03,  5.66498E+02,  2.12548E+02
 1.68787E+02,  1.83998E+02,  2.13812E+02,  2.26094E+02,  2.28597E+02
 2.54204E+02,  3.23300E+02,  3.83624E+02,  4.66716E+02,  5.51430E+02
 5.77438E+02,  5.16354E+02,  5.16354E+02,  5.39417E+02,  5.39417E+02
 5.39417E+02,  5.39417E+02,  5.39417E+02,  5.39417E+02,  5.00648E+02
 1.44339E+03,  7.77926E+02,  2.52876E+02,  2.08221E+02,  2.01701E+02
 2.05142E+02,  2.17505E+02,  2.23227E+02,  2.50046E+02,  3.16179E+02
 3.83213E+02,  4.63278E+02,  5.48649E+02,  5.90453E+02,  5.32822E+02
 5.32822E+02,  5.66296E+02,  5.66296E+02,  5.66296E+02,  5.66296E+02
 5.66296E+02,  5.66296E+02,  4.72405E+02,  1.19675E+03,  8.67369E+02
 3.16642E+02,  2.54986E+02,  2.52837E+02,  2.31080E+02,  2.20169E+02
 2.18102E+02,  2.47534E+02,  3.08536E+02,  3.87258E+02,  4.68330E+02
 5.32106E+02,  5.98253E+02,  5.50678E+02,  5.50678E+02,  5.90751E+02
 5.90751E+02,  5.90751E+02,  5.90751E+02,  5.90751E+02,  5.90751E+02
 5.66218E+02,  1.03435E+03,  9.31973E+02,  3.87388E+02,  3.38171E+02
 3.08608E+02,  2.41125E+02,  2.18352E+02,  2.12527E+02,  2.31976E+02
 2.97480E+02,  3.90999E+02,  4.52933E+02,  5.19061E+02,  6.00050E+02
 5.70303E+02,  5.70303E+02,  6.11361E+02,  6.11361E+02,  6.11361E+02
 6.11361E+02,  6.11361E+02,  6.11361E+02,  5.19988E+02,  9.71383E+02
 9.21551E+02,  4.28132E+02,  4.50307E+02,  4.22240E+02,  2.63053E+02
 2.10744E+02,  1.95442E+02,  2.15733E+02,  2.82398E+02,  3.83912E+02
 4.49849E+02,  5.16949E+02,  5.98193E+02,  5.88878E+02,  5.88878E+02
 6.31382E+02,  6.31382E+02,  6.31382E+02,  6.31382E+02,  6.31382E+02
 6.31382E+02,  4.80296E+02,  7.67990E+02,  7.99405E+02,  4.60349E+02
 5.73010E+02,  5.50678E+02,  3.02509E+02,  2.15325E+02,  1.82889E+02
 2.00263E+02,  2.66620E+02,  3.68688E+02,  4.53631E+02,  5.18674E+02
 5.91968E+02,  6.06722E+02,  6.06722E+02,  6.51074E+02,  6.51074E+02
 6.51074E+02,  6.51074E+02,  6.51074E+02,  6.51074E+02,  5.39892E+02
 6.63319E+02,  5.90851E+02,  5.26584E+02,  7.19195E+02,  6.52489E+02
 3.39973E+02,  2.16765E+02,  1.72348E+02,  1.85428E+02,  2.51181E+02
 3.50616E+02,  4.53751E+02,  5.17283E+02,  5.81798E+02,  6.23687E+02
 6.23687E+02,  6.69835E+02,  6.69835E+02,  6.69835E+02,  6.69835E+02
 6.69835E+02,  6.69835E+02,  3.95373E+02,  4.83746E+02,  4.73139E+02
 6.07745E+02,  8.99770E+02,  7.11984E+02,  3.64738E+02,  2.11826E+02
 1.65829E+02,  1.72069E+02,  2.36713E+02,  3.29534E+02,  4.45836E+02
 5.04122E+02,  5.75546E+02,  6.39663E+02,  6.39663E+02,  6.87534E+02
 6.87534E+02,  6.87534E+02,  6.87534E+02,  6.87534E+02,  6.87534E+02
 5.03412E+02,  4.28629E+02,  4.77108E+02,  7.12193E+02,  9.54354E+02
 7.54312E+02,  3.74467E+02,  2.05217E+02,  1.57889E+02,  1.60435E+02
 2.22565E+02,  3.15167E+02,  4.32507E+02,  4.98298E+02,  5.73321E+02
 6.54611E+02,  6.54611E+02,  7.04002E+02,  7.04002E+02,  7.04002E+02
 7.04002E+02,  7.04002E+02,  7.04002E+02,  3.74795E+02,  5.45082E+02
 6.41415E+02,  7.96543E+02,  9.61911E+02,  7.67140E+02,  3.70956E+02
 1.96468E+02,  1.57420E+02,  1.52148E+02,  2.08934E+02,  3.01302E+02
 4.16529E+02,  4.96106E+02,  5.68382E+02,  6.68472E+02,  6.68472E+02
 7.19359E+02,  7.19359E+02,  7.19359E+02,  7.19359E+02,  7.19359E+02
 7.19359E+02,  4.86045E+02,  5.63789E+02,  8.00560E+02,  8.85000E+02
 9.60837E+02,  7.63103E+02,  3.69657E+02,  1.89468E+02,  1.64036E+02
 1.47295E+02,  1.98154E+02,  2.86825E+02,  3.98998E+02,  4.88650E+02
 5.61124E+02,  6.81472E+02,  6.81472E+02,  7.34353E+02,  7.34353E+02
 7.34353E+02,  7.34353E+02,  7.34353E+02,  7.34353E+02,  3.19284E+02
 4.99645E+02,  7.99311E+02,  9.47531E+02,  9.40111E+02,  7.47180E+02
 3.74850E+02,  1.88424E+02,  1.66857E+02,  1.49109E+02,  1.91021E+02
 2.73488E+02,  3.81534E+02,  4.76759E+02,  5.49334E+02,  6.93650E+02
 6.93650E+02,  7.48856E+02,  7.48856E+02,  7.48856E+02,  7.48856E+02
 7.48856E+02,  7.48856E+02,  4.61997E+02,  4.87317E+02,  7.21087E+02
 9.95870E+02,  9.19121E+02,  6.89338E+02,  3.86259E+02,  1.88729E+02
 1.58841E+02,  1.53211E+02,  1.87906E+02,  2.62074E+02,  3.65176E+02
 4.62480E+02,  5.38088E+02,  7.04616E+02,  7.04616E+02,  7.62585E+02
 7.62585E+02,  7.62585E+02,  7.62585E+02,  7.62585E+02,  7.62585E+02
 3.19506E+02,  4.14567E+02,  6.57886E+02,  9.49825E+02,  1.01591E+03
 6.45252E+02,  3.99656E+02,  1.89025E+02,  1.49934E+02,  1.56076E+02
 1.91161E+02,  2.52693E+02,  3.50543E+02,  4.46959E+02,  5.30553E+02
 7.14230E+02,  7.14230E+02,  7.75961E+02,  7.75961E+02,  7.75961E+02
 7.75961E+02,  7.75961E+02,  7.75961E+02,  3.90570E+02,  3.61732E+02
 6.24916E+02,  7.91232E+02,  9.39244E+02,  6.32093E+02,  4.01513E+02
 2.04926E+02,  1.49067E+02,  1.59707E+02,  1.94905E+02,  2.49027E+02
 3.38060E+02,  4.31697E+02,  5.15762E+02,  7.22630E+02,  7.22630E+02
 7.89246E+02,  7.89246E+02,  7.89246E+02,  7.89246E+02,  7.89246E+02
 7.89246E+02,  3.16148E+02,  4.11339E+02,  6.46401E+02,  6.80498E+02
 7.77297E+02,  6.19099E+02,  4.09203E+02,  2.28871E+02,  1.54447E+02
 1.56677E+02,  2.01400E+02,  2.51753E+02,  3.28028E+02,  4.17559E+02
 4.98268E+02,  7.29605E+02,  7.29605E+02,  8.02620E+02,  8.02620E+02
 8.02620E+02,  8.02620E+02,  8.02620E+02,  8.02620E+02,  3.65848E+02
 4.26398E+02,  6.68748E+02,  6.57133E+02,  6.81891E+02,  6.01763E+02
 4.29873E+02,  2.57488E+02,  1.59677E+02,  1.62716E+02,  2.05245E+02
 2.55748E+02,  3.20583E+02,  4.05334E+02,  4.80992E+02,  7.35315E+02
 7.35315E+02,  8.16671E+02,  8.16671E+02,  8.16671E+02,  8.16671E+02
 8.16671E+02,  8.16671E+02,  3.36016E+02,  4.69640E+02,  6.71861E+02
 6.50950E+02,  6.46428E+02,  6.05515E+02,  4.43687E+02,  2.93006E+02
 1.75167E+02,  1.73218E+02,  2.08781E+02,  2.58896E+02,  3.16763E+02
 3.94991E+02,  4.63986E+02,  7.39716E+02,  7.39716E+02,  8.31799E+02
 8.31799E+02,  8.31799E+02,  8.31799E+02,  8.31799E+02,  8.31799E+02
 3.25717E+02,  4.09728E+02,  6.31049E+02,  6.50118E+02,  6.41308E+02
 6.36824E+02,  4.68596E+02,  3.31314E+02,  1.96978E+02,  1.88719E+02
 2.15473E+02,  2.60430E+02,  3.17931E+02,  3.86700E+02,  4.48056E+02
 7.43044E+02,  7.43044E+02,  8.47616E+02,  8.47616E+02,  8.47616E+02
 8.47616E+02,  8.47616E+02,  8.47616E+02,  3.72529E+02,  3.54876E+02
 5.17327E+02,  6.04976E+02,  6.29073E+02,  6.49421E+02,  5.00834E+02
 3.70798E+02,  2.25458E+02,  2.08512E+02,  2.26632E+02,  2.63474E+02
 3.17832E+02,  3.80628E+02,  4.34690E+02,  7.45658E+02,  7.45658E+02
 8.63952E+02,  8.63952E+02,  8.63952E+02,  8.63952E+02,  8.63952E+02
 8.63952E+02,  3.76369E+02,  4.68677E+02,  4.85815E+02,  5.02647E+02
 5.87816E+02,  6.66630E+02,  5.24394E+02,  4.13412E+02,  2.61138E+02
 2.30805E+02,  2.42747E+02,  2.66276E+02,  3.17427E+02,  3.77048E+02
 4.24452E+02,  7.47071E+02,  7.47071E+02,  8.80914E+02,  8.80914E+02
 8.80914E+02,  8.80914E+02,  8.80914E+02,  8.80914E+02,  4.21012E+02
 4.23494E+02,  4.76595E+02,  4.30817E+02,  4.98665E+02,  6.64795E+02
 5.35909E+02,  4.53017E+02,  3.03087E+02,  2.56038E+02,  2.60413E+02
 2.71794E+02,  3.17211E+02,  3.75522E+02,  4.17819E+02,  7.47566E+02
 7.47566E+02,  8.98119E+02,  8.98119E+02,  8.98119E+02,  8.98119E+02
 8.98119E+02,  8.98119E+02,  3.72042E+02,  4.24789E+02,  4.68358E+02
 3.80512E+02,  4.15213E+02,  6.21219E+02,  5.41292E+02,  4.84933E+02
 3.48973E+02,  2.86087E+02,  2.76657E+02,  2.81434E+02,  3.18192E+02
 3.73518E+02,  4.14792E+02,  7.46868E+02,  7.46868E+02,  9.15877E+02
 9.15877E+02,  9.15877E+02,  9.15877E+02,  9.15877E+02,  9.15877E+02
 4.19340E+02,  5.01170E+02,  4.66555E+02,  3.49953E+02,  3.60542E+02
 5.46045E+02,  5.47568E+02,  5.12088E+02,  3.92653E+02,  3.23357E+02
 2.95516E+02,  2.92101E+02,  3.18326E+02,  3.68123E+02,  4.12012E+02
 7.44860E+02,  7.44860E+02,  9.35054E+02,  9.35054E+02,  9.35054E+02
 9.35054E+02,  9.35054E+02,  9.35054E+02,  3.38416E+02,  4.66806E+02
 5.08172E+02,  3.37124E+02,  3.26924E+02,  4.63068E+02,  5.59829E+02
 5.22018E+02,  4.17988E+02,  3.63187E+02,  3.17455E+02,  3.04145E+02
 3.19181E+02,  3.59836E+02,  4.00617E+02,  7.43390E+02,  7.43390E+02
 9.55336E+02,  9.55336E+02,  9.55336E+02,  9.55336E+02,  9.55336E+02
 9.55336E+02,  4.06746E+02,  4.85940E+02,  5.36434E+02,  3.27062E+02
 3.01162E+02,  4.15214E+02,  5.40827E+02,  5.22769E+02,  4.45725E+02
 3.84571E+02,  3.44526E+02,  3.15763E+02,  3.20426E+02,  3.56836E+02
 3.80422E+02,  7.42232E+02,  7.42232E+02,  9.76202E+02,  9.76202E+02
 9.76202E+02,  9.76202E+02,  9.76202E+02,  9.76202E+02,  3.60280E+02
 6.59772E+02,  5.23252E+02,  3.08787E+02,  2.87612E+02,  3.90569E+02
 5.13303E+02,  5.21141E+02,  4.75157E+02,  3.95014E+02,  3.69513E+02
 3.25061E+02,  3.22566E+02,  3.55254E+02,  3.74580E+02,  7.40334E+02
 7.40334E+02,  9.97718E+02,  9.97718E+02,  9.97718E+02,  9.97718E+02
 9.97718E+02,  9.97718E+02,  5.48741E+02,  5.70589E+02,  4.41832E+02
 2.93957E+02,  2.81973E+02,  3.78528E+02,  4.85373E+02,  5.31475E+02
 4.85429E+02,  4.19008E+02,  3.80253E+02,  3.34764E+02,  3.25053E+02
 3.54586E+02,  3.73248E+02,  7.38090E+02,  7.38090E+02,  1.01921E+03
 1.01921E+03,  1.01921E+03,  1.01921E+03,  1.01921E+03,  1.01921E+03
 4.11346E+02,  4.57770E+02,  4.13743E+02,  3.03220E+02,  2.93942E+02
 3.66868E+02,  4.48591E+02,  5.16168E+02,  4.97199E+02,  4.27509E+02
 3.94391E+02,  3.39442E+02,  3.27400E+02,  3.53051E+02,  3.72561E+02
 7.35628E+02,  7.35628E+02,  1.04096E+03,  1.04096E+03,  1.04096E+03
 1.04096E+03,  1.04096E+03,  1.04096E+03,  4.29697E+02,  4.94923E+02
 5.01126E+02,  3.76428E+02,  3.37864E+02,  3.49981E+02,  4.06289E+02
 5.01302E+02,  5.12317E+02,  4.33758E+02,  3.93386E+02,  3.41894E+02
 3.28588E+02,  3.49917E+02,  3.74671E+02,  7.33634E+02,  7.33634E+02
 1.06453E+03,  1.06453E+03,  1.06453E+03,  1.06453E+03,  1.06453E+03
 1.06453E+03,  4.02905E+02,  6.33665E+02,  7.46222E+02,  4.70058E+02
 3.46467E+02,  3.18441E+02,  3.73647E+02,  4.85361E+02,  5.26487E+02
 4.30564E+02,  3.92826E+02,  3.44546E+02,  3.28096E+02,  3.44998E+02
 3.74897E+02,  7.32532E+02,  7.32532E+02,  1.08967E+03,  1.08967E+03
 1.08967E+03,  1.08967E+03,  1.08967E+03,  1.08967E+03,  4.72453E+02
 7.57688E+02,  7.79143E+02,  4.66389E+02,  2.98313E+02,  2.76575E+02
 3.41583E+02,  4.69672E+02,  5.17281E+02,  4.07596E+02,  3.93433E+02
 3.45471E+02,  3.26318E+02,  3.38725E+02,  3.65293E+02,  7.32322E+02
 7.32322E+02,  1.11556E+03,  1.11556E+03,  1.11556E+03,  1.11556E+03
 1.11556E+03,  1.11556E+03,  4.33201E+02,  7.06241E+02,  6.45028E+02
 3.53993E+02,  2.40259E+02,  2.42766E+02,  3.21323E+02,  4.51844E+02
 4.69011E+02,  4.07167E+02,  3.95203E+02,  3.42857E+02,  3.23904E+02
 3.32762E+02,  3.56076E+02,  7.33675E+02,  7.33675E+02,  1.14242E+03
 1.14242E+03,  1.14242E+03,  1.14242E+03,  1.14242E+03,  1.14242E+03
 4.50705E+02,  5.90368E+02,  5.24012E+02,  2.92660E+02,  2.21395E+02
 2.29856E+02,  3.07519E+02,  4.24238E+02,  4.24174E+02,  4.04934E+02
 4.16415E+02,  3.37162E+02,  3.20377E+02,  3.27890E+02,  3.51935E+02
 7.37790E+02,  7.37790E+02,  1.16908E+03,  1.16908E+03,  1.16908E+03
 1.16908E+03,  1.16908E+03,  1.16908E+03,  4.53812E+02,  7.67792E+02
 5.84916E+02,  3.03632E+02,  2.26010E+02,  2.30664E+02,  2.92304E+02
 3.86900E+02,  4.17205E+02,  3.99827E+02,  4.16619E+02,  3.28558E+02
 3.14492E+02,  3.24236E+02,  3.51720E+02,  7.43677E+02,  7.43677E+02
 1.19626E+03,  1.19626E+03,  1.19626E+03,  1.19626E+03,  1.19626E+03
 1.19626E+03,  5.02139E+02,  1.09198E+03,  8.33517E+02,  3.40725E+02
 2.35321E+02,  2.31196E+02,  2.85688E+02,  3.75263E+02,  4.41265E+02
 4.50952E+02,  3.75103E+02,  3.14068E+02,  3.08832E+02,  3.18913E+02
 3.51937E+02,  7.50790E+02,  7.50790E+02,  1.22659E+03,  1.22659E+03
 1.22659E+03,  1.22659E+03,  1.22659E+03,  1.22659E+03,  5.39186E+02
 1.04270E+03,  8.93232E+02,  3.66723E+02,  2.34741E+02,  2.29013E+02
 2.75648E+02,  3.41750E+02,  4.42399E+02,  4.20071E+02,  3.34810E+02
 2.95237E+02,  3.03679E+02,  3.12965E+02,  3.54502E+02,  7.61472E+02
 7.61472E+02,  1.25921E+03,  1.25921E+03,  1.25921E+03,  1.25921E+03
 1.25921E+03,  1.25921E+03,  4.09730E+02,  1.06666E+03,  8.42605E+02
 3.60187E+02,  2.26959E+02,  2.23151E+02,  2.83485E+02,  3.42034E+02
 3.68434E+02,  3.40966E+02,  3.15719E+02,  2.80079E+02,  2.92096E+02
 3.09523E+02,  3.61022E+02,  7.76312E+02,  7.76312E+02,  1.29297E+03
 1.29297E+03,  1.29297E+03,  1.29297E+03,  1.29297E+03,  1.29297E+03
 4.82602E+02,  1.00262E+03,  8.75604E+02,  3.61802E+02,  2.21510E+02
 2.39310E+02,  3.35543E+02,  4.02390E+02,  3.71699E+02,  3.23227E+02
 2.93827E+02,  2.68407E+02,  2.80528E+02,  3.09004E+02,  3.71233E+02
 7.96103E+02,  7.96103E+02,  1.32776E+03,  1.32776E+03,  1.32776E+03
 1.32776E+03,  1.32776E+03,  1.32776E+03,  4.34376E+02,  1.05451E+03
 8.68449E+02,  3.63926E+02,  2.39089E+02,  2.80612E+02,  3.86811E+02
 4.22796E+02,  3.63540E+02,  3.09104E+02,  2.70001E+02,  2.62404E+02
 2.71121E+02,  3.12059E+02,  3.85286E+02,  8.20149E+02,  8.20149E+02
 1.36054E+03,  1.36054E+03,  1.36054E+03,  1.36054E+03,  1.36054E+03
 1.36054E+03,  4.57669E+02,  9.63661E+02,  7.16050E+02,  3.82108E+02
 2.95413E+02,  3.62660E+02,  4.35113E+02,  4.09568E+02,  3.39085E+02
 2.79647E+02,  2.51948E+02,  2.54660E+02,  2.64386E+02,  3.17421E+02
 4.01153E+02,  8.44677E+02,  8.44677E+02,  1.39498E+03,  1.39498E+03
 1.39498E+03,  1.39498E+03,  1.39498E+03,  1.39498E+03,  3.71611E+02
 5.88490E+02,  7.23177E+02,  4.73563E+02,  4.30759E+02,  4.73732E+02
 4.75324E+02,  4.12570E+02,  3.23430E+02,  2.66225E+02,  2.45007E+02
 2.36963E+02,  2.60146E+02,  3.24985E+02,  4.19260E+02,  8.73348E+02
 8.73348E+02,  1.43738E+03,  1.43738E+03,  1.43738E+03,  1.43738E+03
 1.43738E+03,  1.43738E+03,  3.73168E+02,  5.25202E+02,  8.91041E+02
 7.04195E+02,  6.25331E+02,  5.82936E+02,  4.94696E+02,  4.12710E+02
 3.13028E+02,  2.57552E+02,  2.32101E+02,  2.24413E+02,  2.60582E+02
 3.36921E+02,  4.41734E+02,  9.10191E+02,  9.10191E+02,  1.48319E+03
 1.48319E+03,  1.48319E+03,  1.48319E+03,  1.48319E+03,  1.48319E+03
 3.95253E+02,  6.20200E+02,  1.31923E+03,  9.89542E+02,  7.42077E+02
 6.57058E+02,  5.03416E+02,  3.79021E+02,  3.09829E+02,  2.41806E+02
 2.17510E+02,  2.19434E+02,  2.66447E+02,  3.53366E+02,  4.68079E+02
 9.56788E+02,  9.56788E+02,  1.53120E+03,  1.53120E+03,  1.53120E+03
 1.53120E+03,  1.53120E+03,  1.53120E+03,  3.92173E+02,  8.47543E+02
 1.76031E+03,  9.97297E+02,  6.87542E+02,  6.42625E+02,  5.16883E+02
 3.88723E+02,  2.90899E+02,  2.27646E+02,  2.11084E+02,  2.21296E+02
 2.77724E+02,  3.74524E+02,  4.98681E+02,  1.02035E+03,  1.02035E+03
 1.56891E+03,  1.56891E+03,  1.56891E+03,  1.56891E+03,  1.56891E+03
 1.56891E+03,  4.37708E+02,  7.61833E+02,  1.44703E+03,  7.93121E+02
 4.86760E+02,  4.72248E+02,  5.08243E+02,  3.99457E+02,  2.94106E+02
 2.24347E+02,  2.11761E+02,  2.29839E+02,  2.94317E+02,  3.99979E+02
 5.31906E+02,  1.09212E+03,  1.09212E+03,  1.58356E+03,  1.58356E+03
 1.58356E+03,  1.58356E+03,  1.58356E+03,  1.58356E+03,  3.27486E+02
 4.79579E+02,  5.86311E+02,  5.03142E+02,  3.31895E+02,  3.65425E+02
 4.44092E+02,  3.59830E+02,  2.78985E+02,  2.25600E+02,  2.19323E+02
 2.44680E+02,  3.15419E+02,  4.28279E+02,  5.65348E+02,  1.12455E+03
 1.12455E+03,  1.59259E+03,  1.59259E+03,  1.59259E+03,  1.59259E+03
 1.59259E+03,  1.59259E+03,  6.30653E+02,  4.17331E+02,  3.76914E+02
 2.66587E+02,  2.44900E+02,  3.02953E+02,  3.87932E+02,  3.58104E+02
 2.84995E+02,  2.54324E+02,  2.50970E+02,  2.66700E+02,  3.42256E+02
 4.61864E+02,  5.98574E+02,  1.12526E+03,  1.12526E+03,  1.61024E+03
 1.61024E+03,  1.61024E+03,  1.61024E+03,  1.61024E+03,  1.61024E+03
 8.13398E+02,  8.63200E+02,  3.41904E+02,  2.23778E+02,  2.28353E+02
 2.88050E+02,  3.53543E+02,  3.42991E+02,  3.13420E+02,  2.90749E+02
 2.75034E+02,  2.98037E+02,  3.76713E+02,  4.96484E+02,  6.26896E+02
 1.14916E+03,  1.14916E+03,  1.65393E+03,  1.65393E+03,  1.65393E+03
 1.65393E+03,  1.65393E+03,  1.65393E+03,  6.35568E+02,  8.52497E+02
 4.39264E+02,  2.80815E+02,  2.51494E+02,  3.15930E+02,  3.73719E+02
 3.55048E+02,  3.18482E+02,  3.01736E+02,  3.05289E+02,  3.28027E+02
 4.06978E+02,  5.24810E+02,  6.59650E+02,  1.21929E+03,  1.21929E+03
 1.71446E+03,  1.71446E+03,  1.71446E+03,  1.71446E+03,  1.71446E+03
 1.71446E+03,  6.34640E+02,  1.72120E+03,  8.96728E+02,  3.86364E+02
 3.07826E+02,  4.01705E+02,  4.51022E+02,  4.16270E+02,  3.51985E+02
 3.34574E+02,  3.51455E+02,  3.65293E+02,  4.36779E+02,  5.60191E+02
 7.05706E+02,  1.30725E+03,  1.30725E+03,  1.78401E+03,  1.78401E+03
 1.78401E+03,  1.78401E+03,  1.78401E+03,  1.78401E+03,  6.29350E+02
 1.80835E+03,  7.16367E+02,  4.87300E+02,  4.46770E+02,  5.69378E+02
 6.21102E+02,  5.43816E+02,  4.16428E+02,  3.77400E+02,  3.89279E+02
 4.06949E+02,  4.81359E+02,  6.10245E+02,  7.60202E+02,  1.40335E+03
 1.40335E+03,  1.84009E+03,  1.84009E+03,  1.84009E+03,  1.84009E+03
 1.84009E+03,  1.84009E+03,  5.69153E+02,  7.32437E+02,  6.43993E+02
 5.02421E+02,  4.77201E+02,  5.50733E+02,  6.15978E+02,  6.52255E+02
 5.89744E+02,  4.46779E+02,  4.41964E+02,  4.70493E+02,  5.37815E+02
 6.65493E+02,  8.13533E+02,  1.48141E+03,  1.48141E+03,  1.86630E+03
 1.86630E+03,  1.86630E+03,  1.86630E+03,  1.86630E+03,  1.86630E+03
 6.24802E+02,  9.54538E+02,  4.28525E+02,  3.54816E+02,  4.07061E+02
 5.27051E+02,  5.98229E+02,  6.21012E+02,  6.18352E+02,  6.34849E+02
 5.27961E+02,  5.58828E+02,  6.01816E+02,  7.24746E+02,  8.68170E+02
 1.55544E+03,  1.55544E+03,  1.88610E+03,  1.88610E+03,  1.88610E+03
 1.88610E+03,  1.88610E+03,  1.88610E+03,  7.49256E+02,  1.17428E+03
 2.95406E+02,  2.18233E+02,  2.78395E+02,  4.11090E+02,  5.25621E+02
 5.82395E+02,  6.13246E+02,  6.38763E+02,  6.69417E+02,  6.20207E+02
 6.72395E+02,  7.89795E+02,  9.27533E+02,  1.63841E+03,  1.63841E+03
 1.89239E+03,  1.89239E+03,  1.89239E+03,  1.89239E+03,  1.89239E+03
 1.89239E+03,  5.93691E+02,  1.16941E+03,  2.82087E+02,  1.64321E+02
 1.89787E+02,  3.01734E+02,  4.49909E+02,  5.60996E+02,  6.16135E+02
 6.69876E+02,  6.89824E+02,  7.00673E+02,  7.47826E+02,  8.56830E+02
 9.87129E+02,  1.71792E+03,  1.71792E+03,  1.91296E+03,  1.91296E+03
 1.91296E+03,  1.91296E+03,  1.91296E+03,  1.91296E+03,  7.74014E+02
 8.19770E+02,  4.39256E+02,  1.49804E+02,  1.48630E+02,  2.27842E+02
 3.87358E+02,  5.48903E+02,  6.31184E+02,  6.85046E+02,  7.04950E+02
 7.55268E+02,  8.30028E+02,  9.28753E+02,  1.04855E+03,  1.77646E+03
 1.77646E+03,  1.93149E+03,  1.93149E+03,  1.93149E+03,  1.93149E+03
 1.93149E+03,  1.93149E+03,  4.44121E+02,  8.22278E+02,  8.91145E+02
 1.53688E+02,  1.33475E+02,  1.83754E+02,  3.38298E+02,  5.42440E+02
 6.55773E+02,  7.00704E+02,  7.28381E+02,  7.84286E+02,  8.73500E+02
 9.74396E+02,  1.07668E+03,  1.78370E+03,  1.78370E+03,  1.92693E+03
 1.92693E+03,  1.92693E+03,  1.92693E+03,  1.92693E+03,  1.92693E+03
 5.76970E+02,  1.80414E+03,  7.38963E+02,  1.59999E+02,  1.27952E+02
 1.60968E+02,  3.03959E+02,  5.35305E+02,  6.82548E+02,  7.19605E+02
 7.62350E+02,  8.12852E+02,  9.00870E+02,  1.00133E+03,  1.09461E+03
 1.79758E+03,  1.79758E+03,  1.91272E+03,  1.91272E+03,  1.91272E+03
 1.91272E+03,  1.91272E+03,  1.91272E+03,  4.88596E+02,  1.45947E+03
 5.22366E+02,  1.53064E+02,  1.20437E+02,  1.54957E+02,  2.81152E+02
 5.20297E+02,  7.00442E+02,  7.50629E+02,  7.81719E+02,  8.44956E+02
 9.28827E+02,  1.02349E+03,  1.10930E+03,  1.80852E+03,  1.80852E+03
 1.89947E+03,  1.89947E+03,  1.89947E+03,  1.89947E+03,  1.89947E+03
 1.89947E+03,  5.31469E+02,  1.35743E+03,  3.00231E+02,  1.36936E+02
 1.04387E+02,  1.53935E+02,  2.55661E+02,  4.26710E+02,  6.76859E+02
 7.72690E+02,  8.01753E+02,  8.68377E+02,  9.55286E+02,  1.04264E+03
 1.11876E+03,  1.82174E+03,  1.82174E+03,  1.88212E+03,  1.88212E+03
 1.88212E+03,  1.88212E+03,  1.88212E+03,  1.88212E+03,  5.80624E+02
 7.62758E+02,  1.55434E+02,  1.12578E+02,  1.02835E+02,  1.59034E+02
 2.64630E+02,  4.26352E+02,  5.40050E+02,  7.54720E+02,  8.23697E+02
 8.80230E+02,  9.73579E+02,  1.05475E+03,  1.12651E+03,  1.83018E+03
 1.83018E+03,  1.85406E+03,  1.85406E+03,  1.85406E+03,  1.85406E+03
 1.85406E+03,  1.85406E+03,  5.57794E+02,  4.96145E+02,  1.19816E+02
 9.99533E+01,  1.10603E+02,  1.78397E+02,  3.10650E+02,  4.71126E+02
 5.41483E+02,  6.42016E+02,  8.28772E+02,  8.97294E+02,  9.83710E+02
 1.06279E+03,  1.13843E+03,  1.82765E+03,  1.82765E+03,  1.81617E+03
 1.81617E+03,  1.81617E+03,  1.81617E+03,  1.81617E+03,  1.81617E+03
 4.65175E+02,  5.79390E+02,  1.46926E+02,  1.10441E+02,  1.35106E+02
 2.00163E+02,  3.18285E+02,  4.59963E+02,  5.71854E+02,  6.44215E+02
 8.15626E+02,  9.14624E+02,  9.98272E+02,  1.07804E+03,  1.14417E+03
 1.80576E+03,  1.80576E+03,  1.76577E+03,  1.76577E+03,  1.76577E+03
 1.76577E+03,  1.76577E+03,  1.76577E+03,  4.09742E+02,  4.49273E+02
 1.91975E+02,  1.59933E+02,  1.76024E+02,  2.27074E+02,  3.23637E+02
 4.51558E+02,  5.57001E+02,  6.80337E+02,  7.83446E+02,  9.12456E+02
 1.01662E+03,  1.08829E+03,  1.14101E+03,  1.75676E+03,  1.75676E+03
 1.69859E+03,  1.69859E+03,  1.69859E+03,  1.69859E+03,  1.69859E+03
 1.69859E+03,  4.36565E+02,  3.62871E+02,  2.70215E+02,  2.39531E+02
 2.34490E+02,  2.61220E+02,  3.32886E+02,  4.37230E+02,  5.62547E+02
 6.83019E+02,  8.00368E+02,  9.17271E+02,  1.01237E+03,  1.06955E+03
 1.10950E+03,  1.70854E+03,  1.70854E+03,  1.66014E+03,  1.66014E+03
 1.66014E+03,  1.66014E+03,  1.66014E+03,  1.66014E+03,  3.72568E+02
 3.92444E+02,  3.86224E+02,  3.46862E+02,  3.13063E+02,  3.09308E+02
 3.47289E+02,  4.40566E+02,  5.44662E+02,  7.17160E+02,  9.16532E+02
 1.00897E+03,  1.07425E+03,  1.13292E+03,  1.17601E+03,  1.89769E+03
 1.89769E+03,  1.86178E+03,  1.86178E+03,  1.86178E+03,  1.86178E+03
 1.86178E+03,  1.86178E+03,  6.67743E+02,  8.17968E+02,  7.95641E+02
 6.13828E+02,  4.79795E+02,  3.97007E+02,  3.69283E+02,  4.02376E+02
 5.44432E+02,  8.78764E+02,  1.50822E+03,  2.35915E+03,  3.25023E+03
 3.95381E+03,  4.67018E+03,  1.10111E+04,  1.10111E+04,  6.36142E+03
 6.36142E+03,  6.36142E+03,  6.36142E+03,  6.36142E+03,  6.36142E+03
 6.67743E+02,  8.17968E+02,  7.95641E+02,  6.13828E+02,  4.79795E+02
 3.97007E+02,  3.69283E+02,  4.02376E+02,  5.44432E+02,  8.78764E+02
 1.50822E+03,  2.35915E+03,  3.25023E+03,  3.95381E+03,  4.67018E+03
 1.10111E+04,  1.10111E+04,  6.36142E+03,  6.36142E+03,  6.36142E+03
 6.36142E+03,  6.36142E+03,  6.36142E+03,  6.71842E+02,  6.40765E+02
 5.83541E+02,  4.92212E+02,  3.81225E+02,  2.77394E+02,  1.97859E+02
 1.45108E+02,  1.13236E+02,  9.53946E+01,  8.65520E+01,  8.44857E+01
 8.83457E+01,  9.56964E+01,  1.06470E+02,  8.93290E+01,  8.93290E+01
 1.51006E+02,  1.51006E+02,  1.51006E+02,  1.51006E+02,  1.51006E+02
 1.51006E+02,  6.71842E+02,  6.40765E+02,  5.83541E+02,  4.92212E+02
 3.81225E+02,  2.77394E+02,  1.97859E+02,  1.45108E+02,  1.13236E+02
 9.53946E+01,  8.65520E+01,  8.44857E+01,  8.83457E+01,  9.56964E+01
 1.06470E+02,  8.93290E+01,  8.93290E+01,  1.51006E+02,  1.51006E+02
 1.51006E+02,  1.51006E+02,  1.51006E+02,  1.51006E+02,  6.71842E+02
 6.40765E+02,  5.83541E+02,  4.92212E+02,  3.81225E+02,  2.77394E+02
 1.97859E+02,  1.45108E+02,  1.13236E+02,  9.53946E+01,  8.65520E+01
 8.44857E+01,  8.83457E+01,  9.56964E+01,  1.06470E+02,  8.93290E+01
 8.93290E+01,  1.51006E+02,  1.51006E+02,  1.51006E+02,  1.51006E+02
 1.51006E+02,  1.51006E+02,  6.71842E+02,  6.40765E+02,  5.83541E+02
 4.92212E+02,  3.81225E+02,  2.77394E+02,  1.97859E+02,  1.45108E+02
 1.13236E+02,  9.53946E+01,  8.65520E+01,  8.44857E+01,  8.83457E+01
 9.56964E+01,  1.06470E+02,  8.93290E+01,  8.93290E+01,  1.51006E+02
 1.51006E+02,  1.51006E+02,  1.51006E+02,  1.51006E+02,  1.51006E+02
 6.71842E+02,  6.40765E+02,  5.83541E+02,  4.92212E+02,  3.81225E+02
 2.77394E+02,  1.97859E+02,  1.45108E+02,  1.13236E+02,  9.53946E+01
 8.65520E+01,  8.44857E+01,  8.83457E+01,  9.56964E+01,  1.06470E+02
 8.93290E+01,  8.93290E+01,  1.51006E+02,  1.51006E+02,  1.51006E+02
 1.51006E+02,  1.51006E+02,  1.51006E+02,  6.71842E+02,  6.40765E+02
 5.83541E+02,  4.92212E+02,  3.81225E+02,  2.77394E+02,  1.97859E+02
 1.45108E+02,  1.13236E+02,  9.53946E+01,  8.65520E+01,  8.44857E+01
 8.83457E+01,  9.56964E+01,  1.06470E+02,  8.93290E+01,  8.93290E+01
 1.51006E+02,  1.51006E+02,  1.51006E+02,  1.51006E+02,  1.51006E+02
 1.51006E+02

;-Sensitivity in the elemental sequential order

 3.21817E-02,  3.25331E-02,  3.08512E-02,  2.60402E-02,  2.01941E-02
 1.51306E-02,  1.12998E-02,  8.56319E-03,  6.62191E-03,  5.21760E-03
 4.16977E-03,  3.36859E-03,  2.75596E-03,  2.29011E-03,  1.92590E-03
 4.14508E-03,  4.14508E-03,  7.27180E-03,  7.27180E-03,  7.27180E-03
 7.27180E-03,  7.27180E-03,  7.27180E-03,  3.21817E-02,  3.25331E-02
 3.08512E-02,  2.60402E-02,  2.01941E-02,  1.51306E-02,  1.12998E-02
 8.56319E-03,  6.62191E-03,  5.21760E-03,  4.16977E-03,  3.36859E-03
 2.75596E-03,  2.29011E-03,  1.92590E-03,  4.14508E-03,  4.14508E-03
 7.27180E-03,  7.27180E-03,  7.27180E-03,  7.27180E-03,  7.27180E-03
 7.27180E-03,  3.21817E-02,  3.25331E-02,  3.08512E-02,  2.60402E-02
 2.01941E-02,  1.51306E-02,  1.12998E-02,  8.56319E-03,  6.62191E-03
 5.21760E-03,  4.16977E-03,  3.36859E-03,  2.75596E-03,  2.29011E-03
 1.92590E-03,  4.14508E-03,  4.14508E-03,  7.27180E-03,  7.27180E-03
 7.27180E-03,  7.27180E-03,  7.27180E-03,  7.27180E-03,  3.21817E-02
 3.25331E-02,  3.08512E-02,  2.60402E-02,  2.01941E-02,  1.51306E-02
 1.12998E-02,  8.56319E-03,  6.62191E-03,  5.21760E-03,  4.16977E-03
 3.36859E-03,  2.75596E-03,  2.29011E-03,  1.92590E-03,  4.14508E-03
 4.14508E-03,  7.27180E-03,  7.27180E-03,  7.27180E-03,  7.27180E-03
 7.27180E-03,  7.27180E-03,  3.21817E-02,  3.25331E-02,  3.08512E-02
 2.60402E-02,  2.01941E-02,  1.51306E-02,  1.12998E-02,  8.56319E-03
 6.62191E-03,  5.21760E-03,  4.16977E-03,  3.36859E-03,  2.75596E-03
 2.29011E-03,  1.92590E-03,  4.14508E-03,  4.14508E-03,  7.27180E-03
 7.27180E-03,  7.27180E-03,  7.27180E-03,  7.27180E-03,  7.27180E-03
 3.21817E-02,  3.25331E-02,  3.08512E-02,  2.60402E-02,  2.01941E-02
 1.51306E-02,  1.12998E-02,  8.56319E-03,  6.62191E-03,  5.21760E-03
 4.16977E-03,  3.36859E-03,  2.75596E-03,  2.29011E-03,  1.92590E-03
 4.14508E-03,  4.14508E-03,  7.27180E-03,  7.27180E-03,  7.27180E-03
 7.27180E-03,  7.27180E-03,  7.27180E-03,  5.37175E-01,  1.72154E-01
 6.81357E-02,  3.05856E-02,  1.53958E-02,  8.77705E-03,  5.53431E-03
 3.79056E-03,  2.67599E-03,  1.93245E-03,  1.39885E-03,  1.00607E-03
 7.25553E-04,  5.29039E-04,  3.89781E-04,  6.03415E-04,  6.03415E-04
 5.33761E-04,  5.33761E-04,  5.33761E-04,  5.33761E-04,  5.33761E-04
 5.33761E-04,  5.37175E-01,  1.72154E-01,  6.81357E-02,  3.05856E-02
 1.53958E-02,  8.77705E-03,  5.53431E-03,  3.79056E-03,  2.67599E-03
 1.93245E-03,  1.39885E-03,  1.00607E-03,  7.25553E-04,  5.29039E-04
 3.89781E-04,  6.03415E-04,  6.03415E-04,  5.33761E-04,  5.33761E-04
 5.33761E-04,  5.33761E-04,  5.33761E-04,  5.33761E-04,  6.57599E-01
 1.57271E-01,  5.15524E-02,  1.93284E-02,  7.41361E-03,  3.44959E-03
 1.85956E-03,  1.17556E-03,  8.73873E-04,  6.40563E-04,  4.51544E-04
 3.20301E-04,  2.33413E-04,  1.72797E-04,  1.29318E-04,  1.89467E-04
 1.89467E-04,  1.90918E-04,  1.90918E-04,  1.90918E-04,  1.90918E-04
 1.90918E-04,  1.90918E-04,  1.83836E+00,  3.79771E-01,  1.11445E-01
 3.18824E-02,  1.02502E-02,  4.03313E-03,  2.03579E-03,  1.20346E-03
 7.65797E-04,  5.53538E-04,  4.13502E-04,  2.99138E-04,  2.22330E-04
 1.68081E-04,  1.28338E-04,  2.00272E-04,  2.00272E-04,  2.29283E-04
 2.29283E-04,  2.29283E-04,  2.29283E-04,  2.29283E-04,  2.29283E-04
 1.08380E+00,  5.25700E-01,  1.37661E-01,  4.15598E-02,  1.19524E-02
 4.36839E-03,  2.21355E-03,  1.26491E-03,  7.86799E-04,  5.29846E-04
 3.79223E-04,  2.80961E-04,  2.09779E-04,  1.60879E-04,  1.24533E-04
 1.97789E-04,  1.97789E-04,  2.32530E-04,  2.32530E-04,  2.32530E-04
 2.32530E-04,  2.32530E-04,  2.32530E-04,  1.66266E+00,  8.18854E-01
 1.53854E-01,  3.76346E-02,  1.19256E-02,  4.51384E-03,  2.25782E-03
 1.33785E-03,  8.31722E-04,  5.44057E-04,  3.73032E-04,  2.71135E-04
 2.02471E-04,  1.55555E-04,  1.20953E-04,  1.94367E-04,  1.94367E-04
 2.36225E-04,  2.36225E-04,  2.36225E-04,  2.36225E-04,  2.36225E-04
 2.36225E-04,  1.65210E+00,  8.67044E-01,  1.25063E-01,  3.15479E-02
 1.10593E-02,  4.46663E-03,  2.42798E-03,  1.43260E-03,  9.18263E-04
 5.82811E-04,  3.88117E-04,  2.73665E-04,  2.00325E-04,  1.52502E-04
 1.18341E-04,  1.93797E-04,  1.93797E-04,  2.44186E-04,  2.44186E-04
 2.44186E-04,  2.44186E-04,  2.44186E-04,  2.44186E-04,  2.03989E+00
 8.08438E-01,  1.37882E-01,  2.83531E-02,  1.04178E-02,  4.66117E-03
 2.59799E-03,  1.63173E-03,  1.01132E-03,  6.45227E-04,  4.23247E-04
 2.86987E-04,  2.03688E-04,  1.51931E-04,  1.16790E-04,  1.95410E-04
 1.95410E-04,  2.50803E-04,  2.50803E-04,  2.50803E-04,  2.50803E-04
 2.50803E-04,  2.50803E-04,  1.90313E+00,  8.40408E-01,  1.35569E-01
 2.91704E-02,  1.07852E-02,  5.21141E-03,  2.91835E-03,  1.80334E-03
 1.14516E-03,  7.32456E-04,  4.71852E-04,  3.10619E-04,  2.13099E-04
 1.54933E-04,  1.16973E-04,  2.00037E-04,  2.00037E-04,  2.57724E-04
 2.57724E-04,  2.57724E-04,  2.57724E-04,  2.57724E-04,  2.57724E-04
 2.01911E+00,  8.59158E-01,  1.46951E-01,  3.37847E-02,  1.32414E-02
 5.56967E-03,  3.24977E-03,  2.03981E-03,  1.28128E-03,  8.21290E-04
 5.31647E-04,  3.39761E-04,  2.28216E-04,  1.61861E-04,  1.19206E-04
 2.07806E-04,  2.07806E-04,  2.65372E-04,  2.65372E-04,  2.65372E-04
 2.65372E-04,  2.65372E-04,  2.65372E-04,  1.98004E+00,  8.94039E-01
 1.45790E-01,  3.66717E-02,  1.45723E-02,  6.69759E-03,  3.73916E-03
 2.24969E-03,  1.40767E-03,  9.10399E-04,  5.84161E-04,  3.73775E-04
 2.47871E-04,  1.71841E-04,  1.23531E-04,  2.18257E-04,  2.18257E-04
 2.73640E-04,  2.73640E-04,  2.73640E-04,  2.73640E-04,  2.73640E-04
 2.73640E-04,  2.20309E+00,  8.88843E-01,  1.51755E-01,  3.72905E-02
 1.48824E-02,  7.67629E-03,  4.19575E-03,  2.43744E-03,  1.52601E-03
 9.78752E-04,  6.36666E-04,  4.11873E-04,  2.71269E-04,  1.85251E-04
 1.30235E-04,  2.31789E-04,  2.31789E-04,  2.82573E-04,  2.82573E-04
 2.82573E-04,  2.82573E-04,  2.82573E-04,  2.82573E-04,  2.19095E+00
 9.16511E-01,  1.51459E-01,  3.93996E-02,  1.70693E-02,  8.51193E-03
 4.70138E-03,  2.62678E-03,  1.59183E-03,  1.04826E-03,  6.86410E-04
 4.51525E-04,  2.97726E-04,  2.01586E-04,  1.39248E-04,  2.48172E-04
 2.48172E-04,  2.91956E-04,  2.91956E-04,  2.91956E-04,  2.91956E-04
 2.91956E-04,  2.91956E-04,  2.05249E+00,  9.08360E-01,  1.62448E-01
 4.50763E-02,  2.02019E-02,  9.81554E-03,  5.16265E-03,  2.76274E-03
 1.66512E-03,  1.10968E-03,  7.30493E-04,  4.89659E-04,  3.25074E-04
 2.19689E-04,  1.49997E-04,  2.66255E-04,  2.66255E-04,  3.01563E-04
 3.01563E-04,  3.01563E-04,  3.01563E-04,  3.01563E-04,  3.01563E-04
 2.03538E+00,  8.93467E-01,  1.70927E-01,  4.89705E-02,  2.10624E-02
 1.06380E-02,  5.41747E-03,  2.92425E-03,  1.78330E-03,  1.14273E-03
 7.80956E-04,  5.22080E-04,  3.53097E-04,  2.39159E-04,  1.62531E-04
 2.85980E-04,  2.85980E-04,  3.12878E-04,  3.12878E-04,  3.12878E-04
 3.12878E-04,  3.12878E-04,  3.12878E-04,  1.93134E+00,  8.46781E-01
 1.74091E-01,  4.88179E-02,  2.14232E-02,  1.06568E-02,  5.79437E-03
 3.21315E-03,  1.87694E-03,  1.19775E-03,  8.13699E-04,  5.52830E-04
 3.80408E-04,  2.59520E-04,  1.76539E-04,  3.07118E-04,  3.07118E-04
 3.25888E-04,  3.25888E-04,  3.25888E-04,  3.25888E-04,  3.25888E-04
 3.25888E-04,  1.87042E+00,  8.39131E-01,  1.72853E-01,  4.39472E-02
 2.13310E-02,  1.05227E-02,  5.99603E-03,  3.39970E-03,  1.98119E-03
 1.23867E-03,  8.37350E-04,  5.83396E-04,  4.04753E-04,  2.80057E-04
 1.91177E-04,  3.28791E-04,  3.28791E-04,  3.38499E-04,  3.38499E-04
 3.38499E-04,  3.38499E-04,  3.38499E-04,  3.38499E-04,  2.19342E+00
 9.47351E-01,  1.82340E-01,  4.46784E-02,  1.95054E-02,  1.05165E-02
 5.82110E-03,  3.39682E-03,  2.07898E-03,  1.27154E-03,  8.61105E-04
 6.10643E-04,  4.27588E-04,  3.01209E-04,  2.06822E-04,  3.51845E-04
 3.51845E-04,  3.50423E-04,  3.50423E-04,  3.50423E-04,  3.50423E-04
 3.50423E-04,  3.50423E-04,  2.06547E+00,  9.64462E-01,  1.76258E-01
 4.48920E-02,  2.09040E-02,  9.62870E-03,  5.63532E-03,  3.50327E-03
 2.13746E-03,  1.30563E-03,  8.85233E-04,  6.30777E-04,  4.51111E-04
 3.22669E-04,  2.23508E-04,  3.76038E-04,  3.76038E-04,  3.62427E-04
 3.62427E-04,  3.62427E-04,  3.62427E-04,  3.62427E-04,  3.62427E-04
 2.57195E+00,  1.03994E+00,  1.76345E-01,  4.29692E-02,  2.11418E-02
 9.48927E-03,  5.27588E-03,  3.33159E-03,  2.19012E-03,  1.33502E-03
 9.03120E-04,  6.51664E-04,  4.74527E-04,  3.43175E-04,  2.40416E-04
 3.99827E-04,  3.99827E-04,  3.73890E-04,  3.73890E-04,  3.73890E-04
 3.73890E-04,  3.73890E-04,  3.73890E-04,  2.52979E+00,  1.02931E+00
 1.75731E-01,  4.04167E-02,  1.98940E-02,  9.22898E-03,  4.87614E-03
 3.13162E-03,  2.19088E-03,  1.36539E-03,  9.20492E-04,  6.74572E-04
 5.00718E-04,  3.62818E-04,  2.57860E-04,  4.23193E-04,  4.23193E-04
 3.85538E-04,  3.85538E-04,  3.85538E-04,  3.85538E-04,  3.85538E-04
 3.85538E-04,  2.19491E+00,  1.00407E+00,  1.72953E-01,  4.07355E-02
 2.07083E-02,  9.55833E-03,  4.81891E-03,  2.99951E-03,  2.16327E-03
 1.39767E-03,  9.39701E-04,  6.96283E-04,  5.24178E-04,  3.84772E-04
 2.74612E-04,  4.45642E-04,  4.45642E-04,  3.98605E-04,  3.98605E-04
 3.98605E-04,  3.98605E-04,  3.98605E-04,  3.98605E-04,  2.28784E+00
 9.73905E-01,  1.83794E-01,  4.47773E-02,  2.21763E-02,  1.06948E-02
 5.11944E-03,  2.96905E-03,  2.13907E-03,  1.43299E-03,  9.59788E-04
 7.15921E-04,  5.46535E-04,  4.01412E-04,  2.89107E-04,  4.66769E-04
 4.66769E-04,  4.11870E-04,  4.11870E-04,  4.11870E-04,  4.11870E-04
 4.11870E-04,  4.11870E-04,  2.45323E+00,  1.03310E+00,  1.90024E-01
 4.91886E-02,  2.46145E-02,  1.18721E-02,  5.58650E-03,  3.05602E-03
 2.12799E-03,  1.48238E-03,  9.82506E-04,  7.33590E-04,  5.64930E-04
 4.14257E-04,  3.02417E-04,  4.88519E-04,  4.88519E-04,  4.26207E-04
 4.26207E-04,  4.26207E-04,  4.26207E-04,  4.26207E-04,  4.26207E-04
 2.17735E+00,  1.05357E+00,  1.91178E-01,  5.03121E-02,  2.56321E-02
 1.30460E-02,  6.09702E-03,  3.19089E-03,  2.20806E-03,  1.50935E-03
 1.01173E-03,  7.52585E-04,  5.78997E-04,  4.27097E-04,  3.16042E-04
 5.11391E-04,  5.11391E-04,  4.40542E-04,  4.40542E-04,  4.40542E-04
 4.40542E-04,  4.40542E-04,  4.40542E-04,  2.77196E+00,  1.10081E+00
 1.91035E-01,  5.52776E-02,  2.54690E-02,  1.35134E-02,  6.51724E-03
 3.37510E-03,  2.28595E-03,  1.55461E-03,  1.03912E-03,  7.71750E-04
 5.92431E-04,  4.40125E-04,  3.29865E-04,  5.33469E-04,  5.33469E-04
 4.54478E-04,  4.54478E-04,  4.54478E-04,  4.54478E-04,  4.54478E-04
 4.54478E-04,  2.74082E+00,  1.09949E+00,  1.94310E-01,  5.46678E-02
 2.60497E-02,  1.34865E-02,  6.80325E-03,  3.59383E-03,  2.37290E-03
 1.60488E-03,  1.06937E-03,  7.85938E-04,  6.06535E-04,  4.53649E-04
 3.43855E-04,  5.55493E-04,  5.55493E-04,  4.69345E-04,  4.69345E-04
 4.69345E-04,  4.69345E-04,  4.69345E-04,  4.69345E-04,  2.65869E+00
 1.08729E+00,  1.97327E-01,  5.71739E-02,  2.66570E-02,  1.38886E-02
 7.02641E-03,  3.81525E-03,  2.44000E-03,  1.66201E-03,  1.09893E-03
 7.98639E-04,  6.18172E-04,  4.67003E-04,  3.58156E-04,  5.77685E-04
 5.77685E-04,  4.83889E-04,  4.83889E-04,  4.83889E-04,  4.83889E-04
 4.83889E-04,  4.83889E-04,  2.65947E+00,  1.08623E+00,  2.02283E-01
 6.40850E-02,  2.89460E-02,  1.47462E-02,  7.28382E-03,  3.88673E-03
 2.52311E-03,  1.71023E-03,  1.12682E-03,  8.10889E-04,  6.26553E-04
 4.78469E-04,  3.72098E-04,  5.98904E-04,  5.98904E-04,  4.96804E-04
 4.96804E-04,  4.96804E-04,  4.96804E-04,  4.96804E-04,  4.96804E-04
 2.73723E+00,  1.13625E+00,  2.04357E-01,  6.79240E-02,  3.17149E-02
 1.51210E-02,  7.68372E-03,  4.11449E-03,  2.66970E-03,  1.73859E-03
 1.16085E-03,  8.23595E-04,  6.36398E-04,  4.90173E-04,  3.85796E-04
 6.21899E-04,  6.21899E-04,  5.01059E-04,  5.01059E-04,  5.01059E-04
 5.01059E-04,  5.01059E-04,  5.01059E-04,  2.70123E+00,  1.15262E+00
 2.04740E-01,  7.04175E-02,  3.02738E-02,  1.55753E-02,  7.96095E-03
 4.47179E-03,  2.64760E-03,  1.80157E-03,  1.19939E-03,  8.37698E-04
 6.47817E-04,  5.03562E-04,  4.00485E-04,  6.45926E-04,  6.45926E-04
 5.11687E-04,  5.11687E-04,  5.11687E-04,  5.11687E-04,  5.11687E-04
 5.11687E-04,  3.51666E+00,  1.28029E+00,  2.17269E-01,  7.04252E-02
 3.02762E-02,  1.57747E-02,  8.12177E-03,  4.61882E-03,  2.75854E-03
 1.85353E-03,  1.23327E-03,  8.56639E-04,  6.57913E-04,  5.17715E-04
 4.17017E-04,  6.71339E-04,  6.71339E-04,  5.23728E-04,  5.23728E-04
 5.23728E-04,  5.23728E-04,  5.23728E-04,  5.23728E-04,  3.12398E+00
 1.32047E+00,  2.33018E-01,  7.33521E-02,  3.08208E-02,  1.57689E-02
 8.50399E-03,  4.63083E-03,  2.87183E-03,  1.90006E-03,  1.26969E-03
 8.89744E-04,  6.64792E-04,  5.33315E-04,  4.34952E-04,  6.95599E-04
 6.95599E-04,  5.31221E-04,  5.31221E-04,  5.31221E-04,  5.31221E-04
 5.31221E-04,  5.31221E-04,  3.96921E+00,  1.35595E+00,  2.60789E-01
 7.92670E-02,  3.19668E-02,  1.71102E-02,  8.98614E-03,  4.82392E-03
 2.89838E-03,  1.94518E-03,  1.30988E-03,  9.27768E-04,  6.81947E-04
 5.52051E-04,  4.53808E-04,  7.13793E-04,  7.13793E-04,  5.41522E-04
 5.41522E-04,  5.41522E-04,  5.41522E-04,  5.41522E-04,  5.41522E-04
 3.59587E+00,  1.38076E+00,  2.99415E-01,  8.83454E-02,  3.53057E-02
 1.84007E-02,  9.56927E-03,  5.06383E-03,  2.96296E-03,  1.99311E-03
 1.33756E-03,  9.44830E-04,  7.47296E-04,  5.84325E-04,  4.69428E-04
 7.25151E-04,  7.25151E-04,  5.50675E-04,  5.50675E-04,  5.50675E-04
 5.50675E-04,  5.50675E-04,  5.50675E-04,  3.50792E+00,  1.32055E+00
 3.32274E-01,  9.78656E-02,  3.80273E-02,  1.95839E-02,  1.01999E-02
 5.17237E-03,  3.03696E-03,  2.04391E-03,  1.36120E-03,  9.56609E-04
 7.69164E-04,  5.98700E-04,  4.77690E-04,  7.38766E-04,  7.38766E-04
 5.60237E-04,  5.60237E-04,  5.60237E-04,  5.60237E-04,  5.60237E-04
 5.60237E-04,  3.41480E+00,  1.31139E+00,  3.42543E-01,  1.01544E-01
 3.99038E-02,  2.09619E-02,  1.08348E-02,  5.08673E-03,  3.11121E-03
 2.09469E-03,  1.38557E-03,  9.85512E-04,  7.55653E-04,  5.93912E-04
 4.81910E-04,  7.49158E-04,  7.49158E-04,  5.70142E-04,  5.70142E-04
 5.70142E-04,  5.70142E-04,  5.70142E-04,  5.70142E-04,  4.06636E+00
 1.48133E+00,  3.65005E-01,  1.03458E-01,  4.21132E-02,  2.20135E-02
 1.12968E-02,  5.11390E-03,  3.11477E-03,  2.16874E-03,  1.40915E-03
 1.00270E-03,  7.61174E-04,  6.04051E-04,  4.90318E-04,  7.58697E-04
 7.58697E-04,  5.77090E-04,  5.77090E-04,  5.77090E-04,  5.77090E-04
 5.77090E-04,  5.77090E-04,  3.78359E+00,  1.53193E+00,  3.82980E-01
 1.08486E-01,  4.13548E-02,  2.18644E-02,  1.13536E-02,  5.13678E-03
 3.18532E-03,  2.22827E-03,  1.44202E-03,  1.02064E-03,  7.70125E-04
 6.20528E-04,  5.05638E-04,  7.66998E-04,  7.66998E-04,  5.85367E-04
 5.85367E-04,  5.85367E-04,  5.85367E-04,  5.85367E-04,  5.85367E-04
 4.57551E+00,  1.64323E+00,  3.72135E-01,  1.09754E-01,  4.15155E-02
 2.15173E-02,  1.09187E-02,  5.03228E-03,  3.34809E-03,  2.23609E-03
 1.50094E-03,  1.04545E-03,  7.99024E-04,  6.31589E-04,  5.06272E-04
 7.73358E-04,  7.73358E-04,  5.93468E-04,  5.93468E-04,  5.93468E-04
 5.93468E-04,  5.93468E-04,  5.93468E-04,  4.78531E+00,  1.59677E+00
 3.51528E-01,  1.08701E-01,  4.11506E-02,  2.15167E-02,  1.04469E-02
 5.00753E-03,  3.47904E-03,  2.29078E-03,  1.54859E-03,  1.07141E-03
 8.15349E-04,  6.25625E-04,  4.93671E-04,  7.81674E-04,  7.81674E-04
 5.99941E-04,  5.99941E-04,  5.99941E-04,  5.99941E-04,  5.99941E-04
 5.99941E-04,  5.68973E+00,  1.59106E+00,  3.57774E-01,  1.09395E-01
 4.06440E-02,  2.04238E-02,  9.71993E-03,  5.10201E-03,  3.59671E-03
 2.37229E-03,  1.59434E-03,  1.12144E-03,  8.41115E-04,  6.28019E-04
 4.93719E-04,  7.91187E-04,  7.91187E-04,  6.05826E-04,  6.05826E-04
 6.05826E-04,  6.05826E-04,  6.05826E-04,  6.05826E-04,  5.25253E+00
 1.64051E+00,  3.80263E-01,  1.14813E-01,  4.05046E-02,  1.97176E-02
 8.97784E-03,  5.40802E-03,  3.71080E-03,  2.43723E-03,  1.64739E-03
 1.18543E-03,  8.81185E-04,  6.65838E-04,  5.04592E-04,  7.92484E-04
 7.92484E-04,  6.09292E-04,  6.09292E-04,  6.09292E-04,  6.09292E-04
 6.09292E-04,  6.09292E-04,  6.30487E+00,  1.80071E+00,  3.95690E-01
 1.18873E-01,  4.26816E-02,  1.87744E-02,  9.00238E-03,  5.75131E-03
 3.72884E-03,  2.51192E-03,  1.71278E-03,  1.22245E-03,  8.93063E-04
 6.74275E-04,  5.07967E-04,  7.79431E-04,  7.79431E-04,  6.10625E-04
 6.10625E-04,  6.10625E-04,  6.10625E-04,  6.10625E-04,  6.10625E-04
 6.03068E+00,  1.97850E+00,  4.70841E-01,  1.37727E-01,  4.53190E-02
 1.93770E-02,  9.38343E-03,  5.92670E-03,  3.84004E-03,  2.56762E-03
 1.76360E-03,  1.20947E-03,  8.75487E-04,  6.47477E-04,  4.94156E-04
 7.66632E-04,  7.66632E-04,  6.10740E-04,  6.10740E-04,  6.10740E-04
 6.10740E-04,  6.10740E-04,  6.10740E-04,  6.33875E+00,  2.03823E+00
 5.43693E-01,  1.45520E-01,  4.93770E-02,  1.98680E-02,  9.86351E-03
 6.14329E-03,  3.92695E-03,  2.60272E-03,  1.71790E-03,  1.14597E-03
 8.23355E-04,  6.15763E-04,  4.64649E-04,  7.57013E-04,  7.57013E-04
 6.09288E-04,  6.09288E-04,  6.09288E-04,  6.09288E-04,  6.09288E-04
 6.09288E-04,  5.83090E+00,  1.90478E+00,  5.68480E-01,  1.62607E-01
 5.65777E-02,  2.10624E-02,  1.04360E-02,  6.19370E-03,  3.82734E-03
 2.56188E-03,  1.70395E-03,  1.12959E-03,  8.01821E-04,  6.00921E-04
 4.55799E-04,  7.48530E-04,  7.48530E-04,  6.05045E-04,  6.05045E-04
 6.05045E-04,  6.05045E-04,  6.05045E-04,  6.05045E-04,  4.81520E+00
 2.06180E+00,  5.95117E-01,  1.70970E-01,  5.97483E-02,  2.22460E-02
 1.10712E-02,  5.81527E-03,  3.81172E-03,  2.61812E-03,  1.69014E-03
 1.12988E-03,  8.14848E-04,  6.10202E-04,  4.53039E-04,  7.43100E-04
 7.43100E-04,  5.99965E-04,  5.99965E-04,  5.99965E-04,  5.99965E-04
 5.99965E-04,  5.99965E-04,  5.20030E+00,  1.98620E+00,  5.95093E-01
 1.79664E-01,  6.37466E-02,  2.17976E-02,  9.47155E-03,  5.72276E-03
 3.97318E-03,  2.67398E-03,  1.66545E-03,  1.11357E-03,  7.95301E-04
 5.86961E-04,  4.42683E-04,  7.39705E-04,  7.39705E-04,  5.94416E-04
 5.94416E-04,  5.94416E-04,  5.94416E-04,  5.94416E-04,  5.94416E-04
 5.79014E+00,  2.06126E+00,  6.45153E-01,  1.76610E-01,  5.96691E-02
 2.04319E-02,  9.34148E-03,  6.25407E-03,  4.20633E-03,  2.63495E-03
 1.61781E-03,  1.07360E-03,  7.64794E-04,  5.70023E-04,  4.36012E-04
 7.36797E-04,  7.36797E-04,  5.85942E-04,  5.85942E-04,  5.85942E-04
 5.85942E-04,  5.85942E-04,  5.85942E-04,  5.49872E+00,  2.82903E+00
 6.47657E-01,  1.49983E-01,  4.86696E-02,  1.90689E-02,  1.07822E-02
 6.67514E-03,  4.27919E-03,  2.54474E-03,  1.56011E-03,  1.04085E-03
 7.53536E-04,  5.68261E-04,  4.36543E-04,  7.37884E-04,  7.37884E-04
 5.76099E-04,  5.76099E-04,  5.76099E-04,  5.76099E-04,  5.76099E-04
 5.76099E-04,  6.02713E+00,  1.94347E+00,  4.85681E-01,  1.26235E-01
 4.46362E-02,  1.89732E-02,  1.10250E-02,  6.96366E-03,  4.13640E-03
 2.42026E-03,  1.51292E-03,  1.02406E-03,  7.55124E-04,  5.73569E-04
 4.40721E-04,  7.42067E-04,  7.42067E-04,  5.65063E-04,  5.65063E-04
 5.65063E-04,  5.65063E-04,  5.65063E-04,  5.65063E-04,  7.48096E+00
 1.90332E+00,  4.43986E-01,  1.18041E-01,  4.67174E-02,  2.20458E-02
 1.17376E-02,  6.63654E-03,  3.83760E-03,  2.33685E-03,  1.50788E-03
 1.03763E-03,  7.70724E-04,  5.84333E-04,  4.47439E-04,  7.47421E-04
 7.47421E-04,  5.52784E-04,  5.52784E-04,  5.52784E-04,  5.52784E-04
 5.52784E-04,  5.52784E-04,  4.41073E+00,  1.73372E+00,  4.27242E-01
 1.47005E-01,  5.76267E-02,  2.18239E-02,  9.65444E-03,  5.58300E-03
 3.72245E-03,  2.39622E-03,  1.52348E-03,  1.06383E-03,  7.82901E-04
 5.96731E-04,  4.56170E-04,  7.55087E-04,  7.55087E-04,  5.42795E-04
 5.42795E-04,  5.42795E-04,  5.42795E-04,  5.42795E-04,  5.42795E-04
 4.88068E+00,  1.63950E+00,  4.01563E-01,  1.31577E-01,  4.73012E-02
 1.82838E-02,  9.02482E-03,  5.35014E-03,  3.63039E-03,  2.47448E-03
 1.56242E-03,  1.07632E-03,  7.87409E-04,  6.04138E-04,  4.63735E-04
 7.62086E-04,  7.62086E-04,  5.35582E-04,  5.35582E-04,  5.35582E-04
 5.35582E-04,  5.35582E-04,  5.35582E-04,  3.77890E+00,  1.53734E+00
 3.06268E-01,  8.55295E-02,  2.88316E-02,  1.19452E-02,  7.37272E-03
 5.67870E-03,  3.90774E-03,  2.46170E-03,  1.61224E-03,  1.08565E-03
 8.02941E-04,  6.08802E-04,  4.70420E-04,  7.63348E-04,  7.63348E-04
 5.31656E-04,  5.31656E-04,  5.31656E-04,  5.31656E-04,  5.31656E-04
 5.31656E-04,  4.07852E+00,  1.49917E+00,  2.87227E-01,  7.33227E-02
 2.40421E-02,  1.15533E-02,  7.82357E-03,  5.73952E-03,  3.87770E-03
 2.50277E-03,  1.63472E-03,  1.10834E-03,  8.13235E-04,  6.17053E-04
 4.75138E-04,  7.67413E-04,  7.67413E-04,  5.26886E-04,  5.26886E-04
 5.26886E-04,  5.26886E-04,  5.26886E-04,  5.26886E-04,  4.56050E+00
 1.48829E+00,  3.41698E-01,  8.96414E-02,  2.54286E-02,  1.21108E-02
 8.34770E-03,  5.71135E-03,  3.88356E-03,  2.56401E-03,  1.65252E-03
 1.12297E-03,  8.15067E-04,  6.19584E-04,  4.79127E-04,  7.73388E-04
 7.73388E-04,  5.21557E-04,  5.21557E-04,  5.21557E-04,  5.21557E-04
 5.21557E-04,  5.21557E-04,  3.74555E+00,  1.75960E+00,  4.17901E-01
 1.20431E-01,  3.69177E-02,  1.54199E-02,  9.38616E-03,  6.08227E-03
 3.95133E-03,  2.59216E-03,  1.66212E-03,  1.13464E-03,  8.12642E-04
 6.27340E-04,  4.81907E-04,  7.79842E-04,  7.79842E-04,  5.15095E-04
 5.15095E-04,  5.15095E-04,  5.15095E-04,  5.15095E-04,  5.15095E-04
 7.17875E+00,  1.93864E+00,  4.35562E-01,  1.31760E-01,  4.73881E-02
 2.15614E-02,  1.16944E-02,  6.73540E-03,  4.08439E-03,  2.58311E-03
 1.67266E-03,  1.14393E-03,  8.14825E-04,  6.33456E-04,  4.84905E-04
 7.88691E-04,  7.88691E-04,  5.09348E-04,  5.09348E-04,  5.09348E-04
 5.09348E-04,  5.09348E-04,  5.09348E-04,  5.13606E+00,  2.38670E+00
 4.35116E-01,  1.13694E-01,  4.63567E-02,  2.33712E-02,  1.33950E-02
 7.66766E-03,  4.30129E-03,  2.60755E-03,  1.67949E-03,  1.14133E-03
 8.16913E-04,  6.30599E-04,  4.88394E-04,  7.98609E-04,  7.98609E-04
 5.04298E-04,  5.04298E-04,  5.04298E-04,  5.04298E-04,  5.04298E-04
 5.04298E-04,  9.37988E+00,  1.83848E+00,  4.14769E-01,  9.28282E-02
 4.06847E-02,  2.32425E-02,  1.36207E-02,  7.75730E-03,  4.46393E-03
 2.64239E-03,  1.66035E-03,  1.12935E-03,  8.18326E-04,  6.19843E-04
 4.92406E-04,  8.06640E-04,  8.06640E-04,  4.98584E-04,  4.98584E-04
 4.98584E-04,  4.98584E-04,  4.98584E-04,  4.98584E-04,  7.43034E+00
 2.16278E+00,  4.93349E-01,  8.85153E-02,  3.46311E-02,  2.05856E-02
 1.34578E-02,  7.83190E-03,  4.41024E-03,  2.59992E-03,  1.63568E-03
 1.11766E-03,  8.05911E-04,  6.16140E-04,  4.96444E-04,  8.14162E-04
 8.14162E-04,  4.93311E-04,  4.93311E-04,  4.93311E-04,  4.93311E-04
 4.93311E-04,  4.93311E-04,  3.33051E+00,  2.20068E+00,  5.06444E-01
 8.98350E-02,  3.51526E-02,  1.80681E-02,  1.17463E-02,  7.48832E-03
 4.37832E-03,  2.54735E-03,  1.61271E-03,  1.09605E-03,  7.85938E-04
 6.21336E-04,  4.96855E-04,  8.19687E-04,  8.19687E-04,  4.89625E-04
 4.89625E-04,  4.89625E-04,  4.89625E-04,  4.89625E-04,  4.89625E-04
 8.08306E+00,  1.58795E+00,  3.81107E-01,  8.76057E-02,  3.70412E-02
 1.80226E-02,  1.10515E-02,  7.15501E-03,  4.30119E-03,  2.57375E-03
 1.58633E-03,  1.06413E-03,  7.93001E-04,  6.17672E-04,  4.94746E-04
 8.20936E-04,  8.20936E-04,  4.87213E-04,  4.87213E-04,  4.87213E-04
 4.87213E-04,  4.87213E-04,  4.87213E-04,  2.67768E+00,  5.57191E-01
 2.79896E-01,  8.56180E-02,  3.84826E-02,  1.75566E-02,  1.01084E-02
 6.92143E-03,  4.31556E-03,  2.57805E-03,  1.57625E-03,  1.04948E-03
 7.89258E-04,  6.07700E-04,  4.91929E-04,  8.22140E-04,  8.22140E-04
 4.85729E-04,  4.85729E-04,  4.85729E-04,  4.85729E-04,  4.85729E-04
 4.85729E-04,  2.46766E+00,  6.04472E-01,  2.39525E-01,  8.04894E-02
 3.77888E-02,  1.75821E-02,  8.99430E-03,  6.36053E-03,  4.25813E-03
 2.59157E-03,  1.57339E-03,  1.04538E-03,  7.77332E-04,  5.98006E-04
 4.90329E-04,  8.22655E-04,  8.22655E-04,  4.84995E-04,  4.84995E-04
 4.84995E-04,  4.84995E-04,  4.84995E-04,  4.84995E-04,  1.22848E+00
 4.58435E-01,  1.98936E-01,  6.68684E-02,  3.52513E-02,  1.75559E-02
 8.29844E-03,  5.76663E-03,  4.09685E-03,  2.59432E-03,  1.57209E-03
 1.04122E-03,  7.65306E-04,  5.90776E-04,  4.89140E-04,  8.19581E-04
 8.19581E-04,  4.83738E-04,  4.83738E-04,  4.83738E-04,  4.83738E-04
 4.83738E-04,  4.83738E-04,  1.71912E+00,  4.56274E-01,  1.41818E-01
 5.45874E-02,  3.12897E-02,  1.75206E-02,  7.94890E-03,  5.29928E-03
 3.87260E-03,  2.59201E-03,  1.57053E-03,  1.04583E-03,  7.57205E-04
 5.93483E-04,  4.83006E-04,  8.15208E-04,  8.15208E-04,  4.82693E-04
 4.82693E-04,  4.82693E-04,  4.82693E-04,  4.82693E-04,  4.82693E-04
 1.43758E+00,  4.94516E-01,  1.36110E-01,  5.08243E-02,  3.08933E-02
 1.74071E-02,  7.82463E-03,  4.94177E-03,  3.70209E-03,  2.56663E-03
 1.57857E-03,  1.04203E-03,  7.55463E-04,  5.89219E-04,  4.73583E-04
 8.10163E-04,  8.10163E-04,  4.81903E-04,  4.81903E-04,  4.81903E-04
 4.81903E-04,  4.81903E-04,  4.81903E-04,  5.87059E-01,  3.18021E-01
 1.55385E-01,  5.71142E-02,  3.14025E-02,  1.76589E-02,  7.89834E-03
 4.76902E-03,  3.52792E-03,  2.54531E-03,  1.59263E-03,  1.04224E-03
 7.54378E-04,  5.79356E-04,  4.64763E-04,  8.03171E-04,  8.03171E-04
 4.80568E-04,  4.80568E-04,  4.80568E-04,  4.80568E-04,  4.80568E-04
 4.80568E-04,  6.36786E-01,  1.75205E-01,  1.33294E-01,  6.18485E-02
 3.20631E-02,  1.78353E-02,  8.07621E-03,  4.75184E-03,  3.36801E-03
 2.53386E-03,  1.60777E-03,  1.05321E-03,  7.56027E-04,  5.73298E-04
 4.56958E-04,  7.96619E-04,  7.96619E-04,  4.79824E-04,  4.79824E-04
 4.79824E-04,  4.79824E-04,  4.79824E-04,  4.79824E-04,  4.80785E-01
 1.73923E-01,  1.28019E-01,  6.29118E-02,  3.26231E-02,  1.76082E-02
 8.40122E-03,  4.76090E-03,  3.32211E-03,  2.48904E-03,  1.62706E-03
 1.07025E-03,  7.61180E-04,  5.70344E-04,  4.51306E-04,  7.90055E-04
 7.90055E-04,  4.79736E-04,  4.79736E-04,  4.79736E-04,  4.79736E-04
 4.79736E-04,  4.79736E-04,  9.18313E-01,  3.15787E-01,  1.37254E-01
 5.88519E-02,  3.30344E-02,  1.75694E-02,  8.85926E-03,  4.83202E-03
 3.39639E-03,  2.42587E-03,  1.63508E-03,  1.08796E-03,  7.67415E-04
 5.67906E-04,  4.43563E-04,  7.81521E-04,  7.81521E-04,  4.78996E-04
 4.78996E-04,  4.78996E-04,  4.78996E-04,  4.78996E-04,  4.78996E-04
 1.33697E+00,  3.80121E-01,  1.29900E-01,  5.51664E-02,  3.04064E-02
 1.74051E-02,  9.39118E-03,  5.11186E-03,  3.48368E-03,  2.39606E-03
 1.61666E-03,  1.10910E-03,  7.74645E-04,  5.66722E-04,  4.32366E-04
 7.72948E-04,  7.72948E-04,  4.78150E-04,  4.78150E-04,  4.78150E-04
 4.78150E-04,  4.78150E-04,  4.78150E-04,  1.34752E+00,  4.49899E-01
 1.21322E-01,  5.71276E-02,  3.22374E-02,  1.81198E-02,  1.02136E-02
 5.36534E-03,  3.52919E-03,  2.37596E-03,  1.61023E-03,  1.11744E-03
 7.82478E-04,  5.65843E-04,  4.24714E-04,  7.63782E-04,  7.63782E-04
 4.77084E-04,  4.77084E-04,  4.77084E-04,  4.77084E-04,  4.77084E-04
 4.77084E-04,  8.42968E-01,  3.36785E-01,  1.40471E-01,  6.39892E-02
 3.58041E-02,  1.95866E-02,  1.09117E-02,  5.62750E-03,  3.51237E-03
 2.42981E-03,  1.58437E-03,  1.11147E-03,  7.88022E-04,  5.64781E-04
 4.17565E-04,  7.52916E-04,  7.52916E-04,  4.75003E-04,  4.75003E-04
 4.75003E-04,  4.75003E-04,  4.75003E-04,  4.75003E-04,  1.29824E+00
 3.79213E-01,  1.57814E-01,  7.10973E-02,  3.71147E-02,  2.05878E-02
 1.11387E-02,  5.91015E-03,  3.57418E-03,  2.40681E-03,  1.58990E-03
 1.10428E-03,  7.92372E-04,  5.64424E-04,  4.11156E-04,  7.42511E-04
 7.42511E-04,  4.73074E-04,  4.73074E-04,  4.73074E-04,  4.73074E-04
 4.73074E-04,  4.73074E-04,  6.86885E-01,  2.71710E-01,  1.76884E-01
 7.75878E-02,  3.64280E-02,  2.02944E-02,  1.11970E-02,  6.12112E-03
 3.57918E-03,  2.38437E-03,  1.60054E-03,  1.10302E-03,  7.93413E-04
 5.64462E-04,  4.06139E-04,  7.32565E-04,  7.32565E-04,  4.71108E-04
 4.71108E-04,  4.71108E-04,  4.71108E-04,  4.71108E-04,  4.71108E-04
 6.77226E-01,  3.20766E-01,  1.86002E-01,  7.83049E-02,  3.44294E-02
 1.88993E-02,  1.08437E-02,  6.25419E-03,  3.59781E-03,  2.34864E-03
 1.59778E-03,  1.10706E-03,  7.85881E-04,  5.62832E-04,  4.01305E-04
 7.20741E-04,  7.20741E-04,  4.67886E-04,  4.67886E-04,  4.67886E-04
 4.67886E-04,  4.67886E-04,  4.67886E-04,  1.21573E+00,  4.18303E-01
 1.97212E-01,  7.55010E-02,  3.22228E-02,  1.80668E-02,  1.04364E-02
 6.38841E-03,  3.63690E-03,  2.31613E-03,  1.58306E-03,  1.10663E-03
 7.82475E-04,  5.59208E-04,  3.96761E-04,  7.08048E-04,  7.08048E-04
 4.64221E-04,  4.64221E-04,  4.64221E-04,  4.64221E-04,  4.64221E-04
 4.64221E-04,  9.50641E-01,  3.21985E-01,  1.82230E-01,  7.45691E-02
 3.03357E-02,  1.73215E-02,  1.02672E-02,  6.52308E-03,  3.69865E-03
 2.30355E-03,  1.55496E-03,  1.10731E-03,  7.79513E-04,  5.53834E-04
 3.92305E-04,  6.95135E-04,  6.95135E-04,  4.60070E-04,  4.60070E-04
 4.60070E-04,  4.60070E-04,  4.60070E-04,  4.60070E-04,  1.36836E+00
 4.10060E-01,  1.44162E-01,  6.90412E-02,  3.02632E-02,  1.69147E-02
 1.03373E-02,  6.65938E-03,  3.77343E-03,  2.30371E-03,  1.52830E-03
 1.09866E-03,  7.76263E-04,  5.46383E-04,  3.87045E-04,  6.81094E-04
 6.81094E-04,  4.54949E-04,  4.54949E-04,  4.54949E-04,  4.54949E-04
 4.54949E-04,  4.54949E-04,  1.39689E+00,  3.90123E-01,  1.42358E-01
 6.73529E-02,  3.10438E-02,  1.68564E-02,  1.05559E-02,  6.76284E-03
 3.84703E-03,  2.31826E-03,  1.51878E-03,  1.08286E-03,  7.73159E-04
 5.41370E-04,  3.81623E-04,  6.68671E-04,  6.68671E-04,  4.50100E-04
 4.50100E-04,  4.50100E-04,  4.50100E-04,  4.50100E-04,  4.50100E-04
 8.92543E-01,  3.29186E-01,  1.80205E-01,  7.19671E-02,  3.22592E-02
 1.69274E-02,  1.07202E-02,  6.73184E-03,  3.91918E-03,  2.33994E-03
 1.51449E-03,  1.06973E-03,  7.70290E-04,  5.40896E-04,  3.77101E-04
 6.58362E-04,  6.58362E-04,  4.45124E-04,  4.45124E-04,  4.45124E-04
 4.45124E-04,  4.45124E-04,  4.45124E-04,  6.51338E-01,  2.42731E-01
 1.97578E-01,  7.61792E-02,  3.31629E-02,  1.71941E-02,  1.04882E-02
 6.73044E-03,  4.03501E-03,  2.33762E-03,  1.51660E-03,  1.05429E-03
 7.62993E-04,  5.41472E-04,  3.76638E-04,  6.46867E-04,  6.46867E-04
 4.38882E-04,  4.38882E-04,  4.38882E-04,  4.38882E-04,  4.38882E-04
 4.38882E-04,  7.20470E-01,  2.36986E-01,  1.98221E-01,  7.56404E-02
 3.35660E-02,  1.70276E-02,  1.04245E-02,  6.71388E-03,  4.06435E-03
 2.38481E-03,  1.50761E-03,  1.04284E-03,  7.55496E-04,  5.34795E-04
 3.82261E-04,  6.35069E-04,  6.35069E-04,  4.32317E-04,  4.32317E-04
 4.32317E-04,  4.32317E-04,  4.32317E-04,  4.32317E-04,  7.13811E-01
 3.12573E-01,  1.78395E-01,  7.15179E-02,  3.30214E-02,  1.69111E-02
 1.02037E-02,  6.63340E-03,  4.03470E-03,  2.45548E-03,  1.49778E-03
 1.03628E-03,  7.46503E-04,  5.28889E-04,  3.80379E-04,  6.24002E-04
 6.24002E-04,  4.25422E-04,  4.25422E-04,  4.25422E-04,  4.25422E-04
 4.25422E-04,  4.25422E-04,  1.32855E+00,  4.03025E-01,  1.40528E-01
 6.69553E-02,  3.27871E-02,  1.68604E-02,  9.84219E-03,  6.35848E-03
 4.10706E-03,  2.43432E-03,  1.52756E-03,  1.02272E-03,  7.38515E-04
 5.22192E-04,  3.76495E-04,  6.12374E-04,  6.12374E-04,  4.17881E-04
 4.17881E-04,  4.17881E-04,  4.17881E-04,  4.17881E-04,  4.17881E-04
 7.32737E-01,  2.19065E-01,  1.31034E-01,  6.72961E-02,  3.28850E-02
 1.69948E-02,  9.58944E-03,  6.32072E-03,  4.13807E-03,  2.46752E-03
 1.53483E-03,  1.02597E-03,  7.30214E-04,  5.17450E-04,  3.73165E-04
 6.02247E-04,  6.02247E-04,  4.10853E-04,  4.10853E-04,  4.10853E-04
 4.10853E-04,  4.10853E-04,  4.10853E-04,  6.46431E-01,  2.06624E-01
 1.29859E-01,  6.31296E-02,  3.17208E-02,  1.70849E-02,  9.49913E-03
 6.26074E-03,  4.15539E-03,  2.48379E-03,  1.58268E-03,  1.02907E-03
 7.24958E-04,  5.15189E-04,  3.68802E-04,  5.93532E-04,  5.93532E-04
 4.03714E-04,  4.03714E-04,  4.03714E-04,  4.03714E-04,  4.03714E-04
 4.03714E-04,  7.30702E-01,  1.92842E-01,  1.07169E-01,  5.82150E-02
 3.09669E-02,  1.67525E-02,  9.39426E-03,  6.25256E-03,  4.13351E-03
 2.52644E-03,  1.62869E-03,  1.03016E-03,  7.20671E-04,  5.13046E-04
 3.64138E-04,  5.84461E-04,  5.84461E-04,  3.95416E-04,  3.95416E-04
 3.95416E-04,  3.95416E-04,  3.95416E-04,  3.95416E-04,  7.25295E-01
 1.86065E-01,  1.10626E-01,  5.63467E-02,  3.03443E-02,  1.64976E-02
 9.51097E-03,  6.31107E-03,  4.17328E-03,  2.67799E-03,  1.66418E-03
 1.03129E-03,  7.17505E-04,  5.09839E-04,  3.63384E-04,  5.76018E-04
 5.76018E-04,  3.86936E-04,  3.86936E-04,  3.86936E-04,  3.86936E-04
 3.86936E-04,  3.86936E-04,  8.08574E-01,  1.97237E-01,  1.31381E-01
 6.55494E-02,  3.21115E-02,  1.68972E-02,  9.67989E-03,  6.44010E-03
 4.42536E-03,  2.73459E-03,  1.69891E-03,  1.03087E-03,  7.14958E-04
 5.06701E-04,  3.62419E-04,  5.67873E-04,  5.67873E-04,  3.78246E-04
 3.78246E-04,  3.78246E-04,  3.78246E-04,  3.78246E-04,  3.78246E-04
 9.44836E-01,  2.53352E-01,  1.65425E-01,  7.43941E-02,  3.36035E-02
 1.72848E-02,  9.86687E-03,  6.63655E-03,  4.69921E-03,  2.80310E-03
 1.64450E-03,  1.03499E-03,  7.11849E-04,  5.03221E-04,  3.58706E-04
 5.58218E-04,  5.58218E-04,  3.69229E-04,  3.69229E-04,  3.69229E-04
 3.69229E-04,  3.69229E-04,  3.69229E-04,  2.01618E+00,  4.74321E-01
 1.84451E-01,  7.16553E-02,  3.29705E-02,  1.71283E-02,  1.01130E-02
 6.93933E-03,  4.73642E-03,  2.91413E-03,  1.61509E-03,  1.03903E-03
 7.13133E-04,  4.99877E-04,  3.53960E-04,  5.49342E-04,  5.49342E-04
 3.60772E-04,  3.60772E-04,  3.60772E-04,  3.60772E-04,  3.60772E-04
 3.60772E-04,  1.29857E+00,  4.25097E-01,  2.09713E-01,  7.07595E-02
 3.19843E-02,  1.69605E-02,  1.02116E-02,  6.91545E-03,  4.59225E-03
 2.67226E-03,  1.68613E-03,  1.04538E-03,  7.14425E-04,  4.99216E-04
 3.49526E-04,  5.41550E-04,  5.41550E-04,  3.52079E-04,  3.52079E-04
 3.52079E-04,  3.52079E-04,  3.52079E-04,  3.52079E-04,  2.19897E+00
 5.06152E-01,  2.59302E-01,  7.70949E-02,  3.25726E-02,  1.70099E-02
 1.06048E-02,  7.55183E-03,  4.64279E-03,  2.74801E-03,  1.72065E-03
 1.06562E-03,  7.11231E-04,  4.99808E-04,  3.43542E-04,  5.31758E-04
 5.31758E-04,  3.42489E-04,  3.42489E-04,  3.42489E-04,  3.42489E-04
 3.42489E-04,  3.42489E-04,  2.00231E+00,  4.81762E-01,  3.07510E-01
 8.72922E-02,  3.47204E-02,  1.80572E-02,  1.09786E-02,  7.89218E-03
 5.33874E-03,  3.04437E-03,  1.70126E-03,  1.08258E-03,  7.17440E-04
 4.97598E-04,  3.36262E-04,  5.20565E-04,  5.20565E-04,  3.32960E-04
 3.32960E-04,  3.32960E-04,  3.32960E-04,  3.32960E-04,  3.32960E-04
 6.05564E+00,  1.07034E+00,  3.38802E-01,  9.48078E-02,  3.90250E-02
 1.88153E-02,  1.05510E-02,  7.24956E-03,  5.00259E-03,  2.97234E-03
 1.71424E-03,  1.08860E-03,  7.23946E-04,  4.93215E-04,  3.27757E-04
 5.07689E-04,  5.07689E-04,  3.23576E-04,  3.23576E-04,  3.23576E-04
 3.23576E-04,  3.23576E-04,  3.23576E-04,  2.69899E+00,  1.39878E+00
 3.87568E-01,  1.10756E-01,  4.33186E-02,  1.87588E-02,  1.04806E-02
 7.06133E-03,  4.64763E-03,  2.81356E-03,  1.72064E-03,  1.07659E-03
 7.27435E-04,  4.84864E-04,  3.17688E-04,  4.93053E-04,  4.93053E-04
 3.14596E-04,  3.14596E-04,  3.14596E-04,  3.14596E-04,  3.14596E-04
 3.14596E-04,  3.09141E+00,  1.42362E+00,  4.43445E-01,  1.27497E-01
 4.44327E-02,  1.75755E-02,  1.02775E-02,  6.92901E-03,  4.39428E-03
 2.74344E-03,  1.70513E-03,  1.06864E-03,  7.28273E-04,  4.75159E-04
 3.08149E-04,  4.80291E-04,  4.80291E-04,  3.06076E-04,  3.06076E-04
 3.06076E-04,  3.06076E-04,  3.06076E-04,  3.06076E-04,  6.44827E+00
 1.31543E+00,  3.89286E-01,  1.26404E-01,  3.87948E-02,  1.61319E-02
 9.67169E-03,  6.31815E-03,  4.10406E-03,  2.61473E-03,  1.65464E-03
 1.09321E-03,  7.24392E-04,  4.64641E-04,  2.99040E-04,  4.67589E-04
 4.67589E-04,  2.96899E-04,  2.96899E-04,  2.96899E-04,  2.96899E-04
 2.96899E-04,  2.96899E-04,  2.62421E+00,  6.80788E-01,  3.31864E-01
 1.03460E-01,  3.20276E-02,  1.46818E-02,  8.87180E-03,  5.65404E-03
 3.81943E-03,  2.48252E-03,  1.63726E-03,  1.10090E-03,  7.13346E-04
 4.50270E-04,  2.88906E-04,  4.52155E-04,  4.52155E-04,  2.87393E-04
 2.87393E-04,  2.87393E-04,  2.87393E-04,  2.87393E-04,  2.87393E-04
 2.16594E+00,  5.68835E-01,  2.61473E-01,  8.31282E-02,  2.95152E-02
 1.35116E-02,  8.13580E-03,  5.48537E-03,  3.55955E-03,  2.43257E-03
 1.64093E-03,  1.09047E-03,  6.94154E-04,  4.33836E-04,  2.78926E-04
 4.34873E-04,  4.34873E-04,  2.78354E-04,  2.78354E-04,  2.78354E-04
 2.78354E-04,  2.78354E-04,  2.78354E-04,  2.01769E+00,  4.73985E-01
 2.13829E-01,  7.84709E-02,  2.90263E-02,  1.38630E-02,  8.65584E-03
 5.35854E-03,  3.60990E-03,  2.42119E-03,  1.62860E-03,  1.06503E-03
 6.67894E-04,  4.16429E-04,  2.69804E-04,  4.14322E-04,  4.14322E-04
 2.71576E-04,  2.71576E-04,  2.71576E-04,  2.71576E-04,  2.71576E-04
 2.71576E-04,  2.41118E+00,  5.79105E-01,  2.13344E-01,  7.99144E-02
 3.13643E-02,  1.68456E-02,  9.87565E-03,  5.68521E-03,  3.61925E-03
 2.41947E-03,  1.59689E-03,  1.02198E-03,  6.36579E-04,  3.98777E-04
 2.62389E-04,  3.93686E-04,  3.93686E-04,  2.67480E-04,  2.67480E-04
 2.67480E-04,  2.67480E-04,  2.67480E-04,  2.67480E-04,  1.43059E+00
 6.54978E-01,  3.47576E-01,  1.01369E-01,  4.13552E-02,  2.08590E-02
 1.19669E-02,  6.75669E-03,  3.89215E-03,  2.43086E-03,  1.54414E-03
 9.68868E-04,  6.05955E-04,  3.83570E-04,  2.56695E-04,  3.84306E-04
 3.84306E-04,  2.63459E-04,  2.63459E-04,  2.63459E-04,  2.63459E-04
 2.63459E-04,  2.63459E-04,  1.56120E+00,  7.52889E-01,  3.87218E-01
 1.46642E-01,  5.43718E-02,  2.50563E-02,  1.37280E-02,  7.12967E-03
 3.95843E-03,  2.26693E-03,  1.40284E-03,  9.15510E-04,  5.76280E-04
 3.69750E-04,  2.51122E-04,  3.81278E-04,  3.81278E-04,  2.58430E-04
 2.58430E-04,  2.58430E-04,  2.58430E-04,  2.58430E-04,  2.58430E-04
 2.45677E+00,  6.73578E-01,  3.43626E-01,  1.43488E-01,  5.58976E-02
 2.59843E-02,  1.44135E-02,  7.36685E-03,  3.66696E-03,  2.07214E-03
 1.32113E-03,  8.49358E-04,  5.47685E-04,  3.57303E-04,  2.45511E-04
 3.72207E-04,  3.72207E-04,  2.51505E-04,  2.51505E-04,  2.51505E-04
 2.51505E-04,  2.51505E-04,  2.51505E-04,  1.91198E+00,  9.51470E-01
 3.22593E-01,  1.12758E-01,  4.77013E-02,  2.27660E-02,  1.27412E-02
 6.80745E-03,  3.53515E-03,  1.99193E-03,  1.22059E-03,  8.01540E-04
 5.24070E-04,  3.47099E-04,  2.39666E-04,  3.56613E-04,  3.56613E-04
 2.45058E-04,  2.45058E-04,  2.45058E-04,  2.45058E-04,  2.45058E-04
 2.45058E-04,  2.84343E+00,  5.69901E-01,  2.11786E-01,  9.93117E-02
 3.90378E-02,  1.74550E-02,  9.73234E-03,  5.48819E-03,  3.11741E-03
 1.82221E-03,  1.11783E-03,  7.56146E-04,  5.04696E-04,  3.36646E-04
 2.34947E-04,  3.41929E-04,  3.41929E-04,  2.39367E-04,  2.39367E-04
 2.39367E-04,  2.39367E-04,  2.39367E-04,  2.39367E-04,  3.15555E+00
 4.80795E-01,  3.09567E-01,  9.53360E-02,  3.41792E-02,  1.42385E-02
 7.06679E-03,  4.11486E-03,  2.66299E-03,  1.65682E-03,  1.04801E-03
 7.11023E-04,  4.83995E-04,  3.28222E-04,  2.32331E-04,  3.28543E-04
 3.28543E-04,  2.34944E-04,  2.34944E-04,  2.34944E-04,  2.34944E-04
 2.34944E-04,  2.34944E-04,  7.22920E+00,  1.76721E+00,  3.65613E-01
 9.50372E-02,  3.17161E-02,  1.29935E-02,  6.27304E-03,  3.55753E-03
 2.25107E-03,  1.57738E-03,  9.86811E-04,  6.75236E-04,  4.71244E-04
 3.22319E-04,  2.30655E-04,  3.17632E-04,  3.17632E-04,  2.31787E-04
 2.31787E-04,  2.31787E-04,  2.31787E-04,  2.31787E-04,  2.31787E-04
 3.69895E+00,  2.51181E+00,  4.81727E-01,  1.09342E-01,  3.04607E-02
 1.15547E-02,  5.72593E-03,  3.38322E-03,  2.23662E-03,  1.41277E-03
 1.01768E-03,  6.51284E-04,  4.66735E-04,  3.16817E-04,  2.29288E-04
 3.07564E-04,  3.07564E-04,  2.28984E-04,  2.28984E-04,  2.28984E-04
 2.28984E-04,  2.28984E-04,  2.28984E-04,  7.74577E+00,  2.58513E+00
 5.19382E-01,  1.33307E-01,  3.52972E-02,  1.14305E-02,  5.26967E-03
 3.16464E-03,  2.04471E-03,  1.38196E-03,  9.20690E-04,  6.69574E-04
 4.46976E-04,  3.12364E-04,  2.27525E-04,  2.96869E-04,  2.96869E-04
 2.26052E-04,  2.26052E-04,  2.26052E-04,  2.26052E-04,  2.26052E-04
 2.26052E-04,  7.91212E+00,  2.55013E+00,  5.68054E-01,  1.33991E-01
 4.20622E-02,  1.27165E-02,  5.08942E-03,  2.93638E-03,  1.89772E-03
 1.24943E-03,  8.76066E-04,  6.26278E-04,  4.37869E-04,  3.05475E-04
 2.25083E-04,  2.86443E-04,  2.86443E-04,  2.22704E-04,  2.22704E-04
 2.22704E-04,  2.22704E-04,  2.22704E-04,  2.22704E-04,  8.58753E+00
 3.12795E+00,  7.00608E-01,  1.17135E-01,  4.28530E-02,  1.39466E-02
 4.97928E-03,  2.71378E-03,  1.73394E-03,  1.14166E-03,  8.11857E-04
 5.84149E-04,  4.18732E-04,  2.99219E-04,  2.20961E-04,  2.75567E-04
 2.75567E-04,  2.18951E-04,  2.18951E-04,  2.18951E-04,  2.18951E-04
 2.18951E-04,  2.18951E-04,  7.70925E+00,  3.49635E+00,  5.15587E-01
 8.65003E-02,  3.74863E-02,  1.41774E-02,  4.86893E-03,  2.49066E-03
 1.57760E-03,  1.04903E-03,  7.40239E-04,  5.35367E-04,  3.87037E-04
 2.81324E-04,  2.10385E-04,  2.60758E-04,  2.60758E-04,  2.13759E-04
 2.13759E-04,  2.13759E-04,  2.13759E-04,  2.13759E-04,  2.13759E-04
 1.00045E+01,  1.89979E+00,  5.38934E-01,  5.97417E-02,  2.99602E-02
 1.31732E-02,  4.73406E-03,  2.30295E-03,  1.43929E-03,  9.68458E-04
 6.74033E-04,  4.90869E-04,  3.54041E-04,  2.59943E-04,  1.97394E-04
 2.45586E-04,  2.45586E-04,  2.09065E-04,  2.09065E-04,  2.09065E-04
 2.09065E-04,  2.09065E-04,  2.09065E-04,  9.33718E+00,  2.74395E+00
 3.81422E-01,  5.25483E-02,  2.39390E-02,  1.13081E-02,  4.57399E-03
 2.16410E-03,  1.32646E-03,  8.85776E-04,  6.20392E-04,  4.45552E-04
 3.24157E-04,  2.39235E-04,  1.83739E-04,  2.30356E-04,  2.30356E-04
 2.04770E-04,  2.04770E-04,  2.04770E-04,  2.04770E-04,  2.04770E-04
 2.04770E-04,  6.60726E+00,  2.57574E+00,  3.43086E-01,  5.19031E-02
 2.07026E-02,  9.12972E-03,  4.24495E-03,  2.26759E-03,  1.20153E-03
 8.10180E-04,  5.65860E-04,  4.02388E-04,  2.93738E-04,  2.18562E-04
 1.69468E-04,  2.14516E-04,  2.14516E-04,  2.00255E-04,  2.00255E-04
 2.00255E-04,  2.00255E-04,  2.00255E-04,  2.00255E-04,  8.68181E+00
 2.75286E+00,  3.02887E-01,  5.75977E-02,  1.86278E-02,  8.05335E-03
 3.89818E-03,  2.15899E-03,  1.28338E-03,  7.04852E-04,  5.11990E-04
 3.61414E-04,  2.62812E-04,  1.98077E-04,  1.54811E-04,  1.98428E-04
 1.98428E-04,  1.95457E-04,  1.95457E-04,  1.95457E-04,  1.95457E-04
 1.95457E-04,  1.95457E-04,  4.96914E+00,  2.56512E+00,  2.89433E-01
 5.63213E-02,  1.67363E-02,  7.22335E-03,  3.56669E-03,  1.99487E-03
 1.19378E-03,  6.95980E-04,  4.35240E-04,  3.23762E-04,  2.34522E-04
 1.78257E-04,  1.40355E-04,  1.82166E-04,  1.82166E-04,  1.90251E-04
 1.90251E-04,  1.90251E-04,  1.90251E-04,  1.90251E-04,  1.90251E-04
 5.68805E+00,  1.81315E+00,  2.39553E-01,  4.28410E-02,  1.38438E-02
 6.64122E-03,  3.45340E-03,  1.91211E-03,  1.07131E-03,  6.49076E-04
 3.92533E-04,  2.85301E-04,  2.09439E-04,  1.59806E-04,  1.26429E-04
 1.64875E-04,  1.64875E-04,  1.84114E-04,  1.84114E-04,  1.84114E-04
 1.84114E-04,  1.84114E-04,  1.84114E-04,  1.81643E+00,  1.78263E+00
 1.60293E-01,  2.43333E-02,  1.11456E-02,  6.02850E-03,  3.33614E-03
 1.82943E-03,  1.02867E-03,  5.82397E-04,  3.66324E-04,  2.48517E-04
 1.84690E-04,  1.43409E-04,  1.12819E-04,  1.47107E-04,  1.47107E-04
 1.77350E-04,  1.77350E-04,  1.77350E-04,  1.77350E-04,  1.77350E-04
 1.77350E-04,  4.53786E+00,  9.78561E-01,  6.44119E-02,  1.76961E-02
 8.99550E-03,  5.25453E-03,  3.14809E-03,  1.80163E-03,  9.80955E-04
 5.52069E-04,  3.32291E-04,  2.20957E-04,  1.61201E-04,  1.25995E-04
 9.91169E-05,  1.30383E-04,  1.30383E-04,  1.72622E-04,  1.72622E-04
 1.72622E-04,  1.72622E-04,  1.72622E-04,  1.72622E-04,  7.84327E-01
 6.94043E-02,  4.43479E-02,  1.76612E-02,  7.38995E-03,  4.40649E-03
 2.97103E-03,  1.75881E-03,  9.90652E-04,  5.33937E-04,  3.13323E-04
 2.09581E-04,  1.48859E-04,  1.17718E-04,  9.58221E-05,  1.24881E-04
 1.24881E-04,  1.85461E-04,  1.85461E-04,  1.85461E-04,  1.85461E-04
 1.85461E-04,  1.85461E-04,  6.86011E-01,  1.89420E-01,  7.44770E-02
 2.96897E-02,  1.36304E-02,  8.78774E-03,  6.96611E-03,  5.22901E-03
 3.39375E-03,  2.03219E-03,  1.29230E-03,  1.03690E-03,  9.95884E-04
 1.04787E-03,  1.08370E-03,  1.36639E-03,  1.36639E-03,  1.90213E-03
 1.90213E-03,  1.90213E-03,  1.90213E-03,  1.90213E-03,  1.90213E-03
 6.86011E-01,  1.89420E-01,  7.44770E-02,  2.96897E-02,  1.36304E-02
 8.78774E-03,  6.96611E-03,  5.22901E-03,  3.39375E-03,  2.03219E-03
 1.29230E-03,  1.03690E-03,  9.95884E-04,  1.04787E-03,  1.08370E-03
 1.36639E-03,  1.36639E-03,  1.90213E-03,  1.90213E-03,  1.90213E-03
 1.90213E-03,  1.90213E-03,  1.90213E-03,  2.13544E-02,  2.31837E-02
 2.21755E-02,  1.78779E-02,  1.37667E-02,  1.07808E-02,  8.91106E-03
 7.64320E-03,  6.52307E-03,  5.41666E-03,  4.44232E-03,  3.65525E-03
 3.02699E-03,  2.54141E-03,  2.17500E-03,  4.90671E-03,  4.90671E-03
 7.60233E-03,  7.60233E-03,  7.60233E-03,  7.60233E-03,  7.60233E-03
 7.60233E-03,  2.13544E-02,  2.31837E-02,  2.21755E-02,  1.78779E-02
 1.37667E-02,  1.07808E-02,  8.91106E-03,  7.64320E-03,  6.52307E-03
 5.41666E-03,  4.44232E-03,  3.65525E-03,  3.02699E-03,  2.54141E-03
 2.17500E-03,  4.90671E-03,  4.90671E-03,  7.60233E-03,  7.60233E-03
 7.60233E-03,  7.60233E-03,  7.60233E-03,  7.60233E-03,  2.13544E-02
 2.31837E-02,  2.21755E-02,  1.78779E-02,  1.37667E-02,  1.07808E-02
 8.91106E-03,  7.64320E-03,  6.52307E-03,  5.41666E-03,  4.44232E-03
 3.65525E-03,  3.02699E-03,  2.54141E-03,  2.17500E-03,  4.90671E-03
 4.90671E-03,  7.60233E-03,  7.60233E-03,  7.60233E-03,  7.60233E-03
 7.60233E-03,  7.60233E-03,  2.13544E-02,  2.31837E-02,  2.21755E-02
 1.78779E-02,  1.37667E-02,  1.07808E-02,  8.91106E-03,  7.64320E-03
 6.52307E-03,  5.41666E-03,  4.44232E-03,  3.65525E-03,  3.02699E-03
 2.54141E-03,  2.17500E-03,  4.90671E-03,  4.90671E-03,  7.60233E-03
 7.60233E-03,  7.60233E-03,  7.60233E-03,  7.60233E-03,  7.60233E-03
 2.13544E-02,  2.31837E-02,  2.21755E-02,  1.78779E-02,  1.37667E-02
 1.07808E-02,  8.91106E-03,  7.64320E-03,  6.52307E-03,  5.41666E-03
 4.44232E-03,  3.65525E-03,  3.02699E-03,  2.54141E-03,  2.17500E-03
 4.90671E-03,  4.90671E-03,  7.60233E-03,  7.60233E-03,  7.60233E-03
 7.60233E-03,  7.60233E-03,  7.60233E-03,  2.13544E-02,  2.31837E-02
 2.21755E-02,  1.78779E-02,  1.37667E-02,  1.07808E-02,  8.91106E-03
 7.64320E-03,  6.52307E-03,  5.41666E-03,  4.44232E-03,  3.65525E-03
 3.02699E-03,  2.54141E-03,  2.17500E-03,  4.90671E-03,  4.90671E-03
 7.60233E-03,  7.60233E-03,  7.60233E-03,  7.60233E-03,  7.60233E-03
 7.60233E-03

;------ Iteration  5
;-Index  V/I_Meas      V/I_Calc    VI_%ERR
  1,    2.07243E+01,   1.12865E+01,  -45.54
  2,    2.56875E+00,   7.94239E-01,  -69.08
  3,    1.24840E+00,   3.52332E-01,  -71.78
  4,    9.38865E-02,   1.87800E-01,  100.03
  5,    1.51760E-01,   8.56588E-02,  -43.56
  6,    9.01102E-02,   5.87037E-02,  -34.85
  7,    2.51083E+01,   1.32142E+01,  -47.37
  8,    6.05705E+00,   3.42902E+00,  -43.39
  9,    2.62075E+00,   1.18133E+00,  -54.92
  10,    1.10857E+00,   4.65013E-01,  -58.05
  11,    1.39745E-01,   8.00594E-02,  -42.71
  12,    8.66431E-02,   4.45963E-02,  -48.53
  13,    3.66935E-02,   2.06571E-01,  462.96
  14,    2.42305E-01,   1.58186E-01,  -34.72
  15,    1.08723E-01,   9.95262E-02,  -8.46
  16,    6.45944E-02,   6.48935E-02,  0.46
  17,    3.79840E-02,   3.83498E-02,  0.96
  18,    2.77012E-02,   2.88106E-02,  4.00
  19,    2.10235E+01,   2.12243E+01,  0.96
  20,    5.51175E+00,   5.50698E+00,  -0.09
  21,    2.10442E+00,   1.74295E+00,  -17.18
  22,    8.42778E-01,   5.74898E-01,  -31.79
  23,    1.23720E-01,   7.38166E-02,  -40.34
  24,    8.03241E-02,   6.46425E-02,  -19.52
  25,    2.18757E-01,   1.76274E-01,  -19.42
  26,    1.03491E-01,   1.02711E-01,  -0.75
  27,    5.92737E-02,   5.89209E-02,  -0.60
  28,    3.80062E-02,   3.67626E-02,  -3.27
  29,    2.69831E-02,   2.70342E-02,  0.19
  30,    4.16334E-02,   4.39664E-02,  5.60
  31,    3.13011E-02,   3.27706E-02,  4.69
  32,    2.56430E-02,   2.63640E-02,  2.81
  33,    2.12077E+01,   2.17154E+01,  2.39
  34,    5.34089E+00,   5.32931E+00,  -0.22
  35,    1.90316E+00,   1.47583E+00,  -22.45
  36,    7.61439E-01,   6.85336E-01,  -9.99
  37,    1.40548E-01,   1.13415E-01,  -19.31
  38,    7.82689E-02,   7.10019E-02,  -9.28
  39,    2.08930E-01,   2.05485E-01,  -1.65
  40,    1.10353E-01,   1.16290E-01,  5.38
  41,    5.87669E-02,   6.01048E-02,  2.28
  42,    4.03443E-02,   4.10201E-02,  1.68
  43,    2.84742E-02,   2.86460E-02,  0.60
  44,    4.56410E-02,   4.56337E-02,  -0.02
  45,    3.47810E-02,   3.40942E-02,  -1.97
  46,    2.67499E-02,   2.60252E-02,  -2.71
  47,    4.41874E-02,   4.43316E-02,  0.33
  48,    2.76329E-02,   2.78566E-02,  0.81
  49,    2.43151E-02,   2.44357E-02,  0.50
  50,    2.33259E+01,   1.92980E+01,  -17.27
  51,    4.91551E+00,   3.80432E+00,  -22.61
  52,    1.71542E+00,   1.47752E+00,  -13.87
  53,    7.63683E-01,   6.33353E-01,  -17.07
  54,    1.34355E-01,   1.09692E-01,  -18.36
  55,    8.57191E-02,   8.64126E-02,  0.81
  56,    2.89493E-02,   2.29760E-01,  693.66
  57,    2.31722E-01,   2.41744E-01,  4.33
  58,    1.18091E-01,   1.22974E-01,  4.14
  59,    6.76859E-02,   6.83998E-02,  1.05
  60,    4.56516E-02,   4.68395E-02,  2.60
  61,    3.30751E-02,   3.36091E-02,  1.61
  62,    5.05039E-02,   5.10147E-02,  1.01
  63,    3.83803E-02,   3.82539E-02,  -0.33
  64,    2.78508E-02,   2.77791E-02,  -0.26
  65,    4.45802E-02,   4.39986E-02,  -1.30
  66,    2.72002E-02,   2.74058E-02,  0.76
  67,    2.78031E-02,   2.69755E-02,  -2.98
  68,    3.00666E-02,   2.74883E-02,  -8.58
  69,    2.17111E-02,   1.86198E-02,  -14.24
  70,    2.51867E+01,   1.82787E+01,  -27.43
  71,    4.91285E+00,   4.83350E+00,  -1.62
  72,    1.79343E+00,   1.69296E+00,  -5.60
  73,    8.39700E-01,   4.85351E-01,  -42.20
  74,    1.49670E-01,   3.44351E-01,  130.07
  75,    1.47258E-01,   1.46581E-01,  -0.46
  76,    9.33280E-02,   9.43408E-02,  1.09
  77,    2.58679E-01,   2.67149E-01,  3.27
  78,    1.22031E-01,   1.22440E-01,  0.34
  79,    7.54422E-02,   7.64248E-02,  1.30
  80,    5.03819E-02,   5.03848E-02,  0.01
  81,    3.87900E-02,   3.93319E-02,  1.40
  82,    5.76154E-02,   5.74473E-02,  -0.29
  83,    4.36995E-02,   4.31089E-02,  -1.35
  84,    3.19190E-02,   3.12933E-02,  -1.96
  85,    4.86561E-02,   4.75073E-02,  -2.36
  86,    3.01298E-02,   3.06954E-02,  1.88
  87,    2.91209E-02,   2.77199E-02,  -4.81
  88,    3.00144E-02,   2.67803E-02,  -10.78
  89,    2.13417E-02,   1.79545E-02,  -15.87
  90,    2.58147E-02,   2.16877E-02,  -15.99
  91,    1.98618E-02,   1.66178E-02,  -16.33
  92,    5.35987E+00,   5.48750E+00,  2.38
  93,    2.08741E+00,   1.19691E+00,  -42.66
  94,    1.02678E+00,   7.41650E-01,  -27.77
  95,    1.87425E-01,   3.91680E-01,  108.98
  96,    1.72181E-01,   1.69587E-01,  -1.51
  97,    1.17447E-01,   1.20161E-01,  2.31
  98,    2.90909E-01,   2.98182E-01,  2.50
  99,    1.47621E-01,   1.43324E-01,  -2.91
  100,    8.99679E-02,   8.99949E-02,  0.03
  101,    6.19399E-02,   6.09031E-02,  -1.67
  102,    4.74925E-02,   4.68181E-02,  -1.42
  103,    6.89750E-02,   6.84872E-02,  -0.71
  104,    4.92579E-02,   4.88420E-02,  -0.84
  105,    3.40743E-02,   3.41831E-02,  0.32
  106,    5.22244E-02,   5.14150E-02,  -1.55
  107,    3.38687E-02,   3.53772E-02,  4.45
  108,    3.23105E-02,   3.13246E-02,  -3.05
  109,    3.19228E-02,   2.93142E-02,  -8.17
  110,    2.16338E-02,   1.89916E-02,  -12.21
  111,    2.66745E-02,   2.29804E-02,  -13.85
  112,    2.14036E-02,   1.79651E-02,  -16.07
  113,    5.72150E+00,   3.22918E+00,  -43.56
  114,    2.31320E+00,   1.61285E+00,  -30.28
  115,    9.68294E-01,   7.62830E-01,  -21.22
  116,    1.86464E-01,   4.95540E-01,  165.76
  117,    1.88712E-01,   1.91786E-01,  1.63
  118,    1.03236E-01,   1.02379E-01,  -0.83
  119,    2.96212E-01,   2.93562E-01,  -0.89
  120,    1.63627E-01,   1.60229E-01,  -2.08
  121,    1.00222E-01,   9.75310E-02,  -2.69
  122,    7.38560E-02,   7.21725E-02,  -2.28
  123,    5.39285E-02,   5.30597E-02,  -1.61
  124,    8.00984E-02,   7.92616E-02,  -1.04
  125,    5.42293E-02,   5.35980E-02,  -1.16
  126,    3.46281E-02,   3.44807E-02,  -0.43
  127,    5.20586E-02,   5.29412E-02,  1.70
  128,    4.13181E-02,   4.38109E-02,  6.03
  129,    3.06594E-02,   3.06526E-02,  -0.02
  130,    3.37121E-02,   3.19951E-02,  -5.09
  131,    2.32575E-02,   2.16083E-02,  -7.09
  132,    2.79093E-02,   2.52816E-02,  -9.41
  133,    2.16048E-02,   1.95972E-02,  -9.29
  134,    6.07769E+00,   3.70505E+00,  -39.04
  135,    2.01531E+00,   1.47508E+00,  -26.81
  136,    9.22482E-01,   8.57089E-01,  -7.09
  137,    2.93652E-01,   4.58694E-01,  56.20
  138,    4.42888E-01,   2.86572E-01,  -35.29
  139,    1.43564E-01,   1.44247E-01,  0.48
  140,    9.80310E-02,   9.63534E-02,  -1.71
  141,    2.89595E-01,   2.84840E-01,  -1.64
  142,    1.62090E-01,   1.59269E-01,  -1.74
  143,    1.02372E-01,   1.00376E-01,  -1.95
  144,    7.43722E-02,   7.36362E-02,  -0.99
  145,    5.26667E-02,   5.38810E-02,  2.31
  146,    8.48895E-02,   8.33470E-02,  -1.82
  147,    5.70213E-02,   5.61077E-02,  -1.60
  148,    3.24661E-02,   3.39162E-02,  4.47
  149,    5.09961E-02,   5.33415E-02,  4.60
  150,    4.73332E-02,   5.00850E-02,  5.81
  151,    2.71496E-02,   2.82238E-02,  3.96
  152,    3.33201E-02,   3.30519E-02,  -0.80
  153,    2.30520E-02,   2.26510E-02,  -1.74
  154,    2.80427E-02,   2.67182E-02,  -4.72
  155,    2.28094E-02,   2.18894E-02,  -4.03
  156,    5.95258E+00,   4.21804E+00,  -29.14
  157,    2.26191E+00,   2.05648E+00,  -9.08
  158,    9.77684E-01,   9.87710E-01,  1.03
  159,    3.24570E-01,   5.61087E-01,  72.87
  160,    4.23618E-01,   2.60209E-01,  -38.57
  161,    1.53060E-01,   1.57565E-01,  2.94
  162,    9.56131E-02,   9.86629E-02,  3.19
  163,    2.82887E-01,   2.87796E-01,  1.74
  164,    1.58797E-01,   1.54611E-01,  -2.64
  165,    1.07999E-01,   1.06148E-01,  -1.71
  166,    7.42793E-02,   7.40921E-02,  -0.25
  167,    5.51055E-02,   5.50901E-02,  -0.03
  168,    8.47283E-02,   8.26795E-02,  -2.42
  169,    5.42794E-02,   5.31344E-02,  -2.11
  170,    3.04051E-02,   3.20028E-02,  5.25
  171,    5.27314E-02,   5.61192E-02,  6.42
  172,    4.60293E-02,   4.86750E-02,  5.75
  173,    2.79294E-02,   2.95282E-02,  5.72
  174,    3.38499E-02,   3.37915E-02,  -0.17
  175,    2.26353E-02,   2.29318E-02,  1.31
  176,    2.78493E-02,   2.75448E-02,  -1.09
  177,    6.10244E+00,   4.55693E+00,  -25.33
  178,    2.13197E+00,   1.89237E+00,  -11.24
  179,    9.54436E-01,   9.71566E-01,  1.79
  180,    2.45200E-01,   4.17666E-01,  70.34
  181,    3.76698E-01,   2.32070E-01,  -38.39
  182,    1.33233E-01,   1.36815E-01,  2.69
  183,    9.42898E-02,   9.69800E-02,  2.85
  184,    2.82526E-01,   2.84242E-01,  0.61
  185,    1.63757E-01,   1.58440E-01,  -3.25
  186,    1.10012E-01,   1.07957E-01,  -1.87
  187,    7.46303E-02,   7.45522E-02,  -0.10
  188,    5.90355E-02,   5.74570E-02,  -2.67
  189,    8.03295E-02,   7.74970E-02,  -3.53
  190,    4.74987E-02,   4.51263E-02,  -4.99
  191,    3.07734E-02,   3.26312E-02,  6.04
  192,    5.14108E-02,   5.46326E-02,  6.27
  193,    4.45487E-02,   4.63275E-02,  3.99
  194,    2.74163E-02,   2.85520E-02,  4.14
  195,    3.06639E-02,   3.10364E-02,  1.21
  196,    2.23371E-02,   2.26653E-02,  1.47
  197,    2.72825E-02,   2.72490E-02,  -0.12
  198,    6.03535E+00,   4.29956E+00,  -28.76
  199,    2.22474E+00,   1.89023E+00,  -15.04
  200,    7.89918E-01,   7.39628E-01,  -6.37
  201,    2.48124E-01,   3.74116E-01,  50.78
  202,    3.35292E-01,   2.06820E-01,  -38.32
  203,    1.32921E-01,   1.39104E-01,  4.65
  204,    8.68220E-02,   8.77691E-02,  1.09
  205,    2.64123E-01,   2.64270E-01,  0.06
  206,    1.65569E-01,   1.65342E-01,  -0.14
  207,    1.07036E-01,   1.08853E-01,  1.70
  208,    7.59017E-02,   7.69306E-02,  1.36
  209,    5.40453E-02,   5.49796E-02,  1.73
  210,    8.10408E-02,   7.71483E-02,  -4.80
  211,    4.27062E-02,   4.15641E-02,  -2.67
  212,    3.14016E-02,   3.27224E-02,  4.21
  213,    5.61689E-02,   5.92641E-02,  5.51
  214,    3.83145E-02,   3.94377E-02,  2.93
  215,    2.56840E-02,   2.63914E-02,  2.75
  216,    2.82814E-02,   2.90224E-02,  2.62
  217,    2.13449E-02,   2.20586E-02,  3.34
  218,    2.72835E-02,   2.82663E-02,  3.60
  219,    2.60792E+01,   1.50111E+01,  -42.44
  220,    5.43997E+00,   4.56374E+00,  -16.11
  221,    1.55118E+00,   1.48573E+00,  -4.22
  222,    6.28012E-01,   6.27570E-01,  -0.07
  223,    2.03822E-01,   3.03115E-01,  48.72
  224,    2.36711E-01,   1.81204E-01,  -23.45
  225,    1.01014E-01,   1.04849E-01,  3.80
  226,    7.10739E-02,   7.27733E-02,  2.39
  227,    2.37972E-01,   2.44100E-01,  2.57
  228,    1.50735E-01,   1.53957E-01,  2.14
  229,    9.68624E-02,   1.01342E-01,  4.62
  230,    7.46612E-02,   7.50071E-02,  0.46
  231,    4.77969E-02,   4.80643E-02,  0.56
  232,    7.03605E-02,   6.72724E-02,  -4.39
  233,    3.70233E-02,   3.63228E-02,  -1.89
  234,    3.44764E-02,   3.48816E-02,  1.18
  235,    5.95121E-02,   5.99723E-02,  0.77
  236,    3.17637E-02,   3.19526E-02,  0.59
  237,    2.44197E-02,   2.42074E-02,  -0.87
  238,    2.69293E-02,   2.73608E-02,  1.60
  239,    1.95159E-02,   1.97779E-02,  1.34
  240,    2.63180E-02,   2.70118E-02,  2.64
  241,    6.07736E+00,   4.73168E+00,  -22.14
  242,    1.93509E+00,   1.65693E+00,  -14.37
  243,    6.86918E-01,   6.96572E-01,  1.41
  244,    2.31855E-01,   3.66354E-01,  58.01
  245,    2.85318E-01,   1.91003E-01,  -33.06
  246,    1.19573E-01,   1.22105E-01,  2.12
  247,    8.72093E-02,   8.70738E-02,  -0.16
  248,    2.50916E-01,   2.53912E-01,  1.19
  249,    1.50949E-01,   1.52610E-01,  1.10
  250,    9.97042E-02,   1.01592E-01,  1.89
  251,    6.79016E-02,   6.93155E-02,  2.08
  252,    4.91152E-02,   4.80222E-02,  -2.23
  253,    6.06553E-02,   5.87243E-02,  -3.18
  254,    3.72737E-02,   3.88273E-02,  4.17
  255,    3.47560E-02,   3.51366E-02,  1.10
  256,    5.53386E-02,   5.51686E-02,  -0.31
  257,    3.16469E-02,   3.15556E-02,  -0.29
  258,    2.13461E-02,   2.11088E-02,  -1.11
  259,    2.57171E-02,   2.56538E-02,  -0.25
  260,    1.88288E-02,   1.91416E-02,  1.66
  261,    2.46788E-02,   2.54174E-02,  2.99
  262,    1.83269E+00,   1.45454E+00,  -20.63
  263,    6.79957E-01,   6.68360E-01,  -1.71
  264,    1.85478E-01,   3.12273E-01,  68.36
  265,    3.07694E-01,   1.82395E-01,  -40.72
  266,    1.19004E-01,   1.21425E-01,  2.03
  267,    8.97034E-02,   8.94599E-02,  -0.27
  268,    2.70660E-01,   2.70525E-01,  -0.05
  269,    1.57234E-01,   1.62182E-01,  3.15
  270,    1.12358E-01,   1.12011E-01,  -0.31
  271,    6.80839E-02,   6.75985E-02,  -0.71
  272,    4.72548E-02,   4.63814E-02,  -1.85
  273,    5.29234E-02,   5.07714E-02,  -4.07
  274,    3.74505E-02,   3.71915E-02,  -0.69
  275,    3.42883E-02,   3.33131E-02,  -2.84
  276,    5.42960E-02,   5.32288E-02,  -1.97
  277,    3.08836E-02,   3.09556E-02,  0.23
  278,    1.97530E-02,   1.95808E-02,  -0.87
  279,    2.42351E-02,   2.39585E-02,  -1.14
  280,    1.85181E-02,   1.86841E-02,  0.90
  281,    2.43974E-02,   2.48486E-02,  1.85
  282,    2.09371E+00,   1.55161E+00,  -25.89
  283,    7.79404E-01,   6.36674E-01,  -18.31
  284,    1.91602E-01,   3.34736E-01,  74.70
  285,    3.78759E-01,   2.05322E-01,  -45.79
  286,    1.48487E-01,   1.42632E-01,  -3.94
  287,    9.99060E-02,   9.78640E-02,  -2.04
  288,    2.88083E-01,   2.88935E-01,  0.30
  289,    1.73485E-01,   1.75911E-01,  1.40
  290,    1.09826E-01,   1.12377E-01,  2.32
  291,    7.46354E-02,   7.27188E-02,  -2.57
  292,    4.36110E-02,   4.20692E-02,  -3.54
  293,    5.13951E-02,   4.91285E-02,  -4.41
  294,    4.50839E-02,   4.43364E-02,  -1.66
  295,    2.97197E-02,   2.88905E-02,  -2.79
  296,    4.69384E-02,   4.53570E-02,  -3.37
  297,    2.95880E-02,   2.86996E-02,  -3.00
  298,    1.92295E-02,   1.88552E-02,  -1.95
  299,    2.35129E-02,   2.35928E-02,  0.34
  300,    1.79449E-02,   1.81149E-02,  0.95
  301,    1.95633E+00,   1.18032E+00,  -39.67
  302,    7.22030E-01,   5.37071E-01,  -25.62
  303,    2.45501E-01,   2.94597E-01,  20.00
  304,    3.14589E-01,   1.88614E-01,  -40.04
  305,    1.32839E-01,   1.22410E-01,  -7.85
  306,    9.12254E-02,   9.17614E-02,  0.59
  307,    2.81530E-01,   2.90047E-01,  3.03
  308,    1.84205E-01,   1.83616E-01,  -0.32
  309,    1.01430E-01,   1.03204E-01,  1.75
  310,    6.69656E-02,   6.60457E-02,  -1.37
  311,    3.76459E-02,   3.52889E-02,  -6.26
  312,    5.08173E-02,   4.99296E-02,  -1.75
  313,    4.43708E-02,   4.25339E-02,  -4.14
  314,    2.39373E-02,   2.32951E-02,  -2.68
  315,    3.91844E-02,   3.82089E-02,  -2.49
  316,    2.76876E-02,   2.74460E-02,  -0.87
  317,    1.84457E-02,   1.83537E-02,  -0.50
  318,    2.23618E-02,   2.17853E-02,  -2.58
  319,    1.70212E-02,   1.70889E-02,  0.40
  320,    2.45714E+00,   1.25838E+00,  -48.79
  321,    9.03480E-01,   6.05943E-01,  -32.93
  322,    1.82202E-01,   3.52880E-01,  93.68
  323,    1.66081E-01,   1.54612E-01,  -6.91
  324,    1.09426E-01,   1.07458E-01,  -1.80
  325,    3.16558E-01,   3.13673E-01,  -0.91
  326,    1.79875E-01,   1.84442E-01,  2.54
  327,    1.09995E-01,   1.09964E-01,  -0.03
  328,    5.94460E-02,   5.87372E-02,  -1.19
  329,    3.31911E-02,   3.10010E-02,  -6.60
  330,    5.25062E-02,   5.19498E-02,  -1.06
  331,    4.42747E-02,   4.36067E-02,  -1.51
  332,    2.24154E-02,   2.23603E-02,  -0.25
  333,    3.92747E-02,   3.86115E-02,  -1.69
  334,    2.48500E-02,   2.43947E-02,  -1.83
  335,    1.74309E-02,   1.74685E-02,  0.22
  336,    2.08296E-02,   2.09239E-02,  0.45
  337,    1.74077E-02,   1.77657E-02,  2.06
  338,    2.15001E+00,   1.09427E+00,  -49.10
  339,    9.91793E-01,   5.52813E-01,  -44.26
  340,    1.39811E-01,   3.07025E-01,  119.60
  341,    1.61607E-01,   1.39981E-01,  -13.38
  342,    1.27958E-01,   1.08935E-01,  -14.87
  343,    3.73491E-01,   3.45602E-01,  -7.47
  344,    1.82501E-01,   1.78872E-01,  -1.99
  345,    1.07117E-01,   1.05832E-01,  -1.20
  346,    5.49832E-02,   5.16610E-02,  -6.04
  347,    3.14264E-02,   3.06817E-02,  -2.37
  348,    5.80390E-02,   5.74208E-02,  -1.07
  349,    3.50537E-02,   3.49515E-02,  -0.29
  350,    2.26806E-02,   2.28543E-02,  0.77
  351,    3.84461E-02,   3.82689E-02,  -0.46
  352,    2.28213E-02,   2.27722E-02,  -0.21
  353,    1.63110E-02,   1.65491E-02,  1.46
  354,    2.02806E-02,   2.04391E-02,  0.78
  355,    6.32291E+00,   3.32039E+00,  -47.49
  356,    2.42941E+00,   1.32444E+00,  -45.48
  357,    9.34296E-01,   6.32027E-01,  -32.35
  358,    2.53052E-01,   3.95186E-01,  56.17
  359,    4.70146E-01,   2.48068E-01,  -47.24
  360,    2.05146E-01,   1.84595E-01,  -10.02
  361,    1.38997E-01,   1.36580E-01,  -1.74
  362,    3.64430E-01,   3.60572E-01,  -1.06
  363,    1.98949E-01,   1.96412E-01,  -1.28
  364,    9.42916E-02,   9.63612E-02,  2.19
  365,    4.87184E-02,   4.54771E-02,  -6.65
  366,    3.58201E-02,   3.56242E-02,  -0.55
  367,    6.18732E-02,   6.11849E-02,  -1.11
  368,    3.14527E-02,   3.12872E-02,  -0.53
  369,    2.36043E-02,   2.37658E-02,  0.68
  370,    3.66439E-02,   3.63358E-02,  -0.84
  371,    2.19586E-02,   2.24481E-02,  2.23
  372,    1.62634E-02,   1.65671E-02,  1.87
  373,    2.03385E-02,   2.09118E-02,  2.82
  374,    2.14589E+00,   1.10530E+00,  -48.49
  375,    8.45372E-01,   6.18783E-01,  -26.80
  376,    2.44612E-01,   3.61257E-01,  47.69
  377,    1.99963E-01,   1.83009E-01,  -8.48
  378,    1.13386E-01,   1.12960E-01,  -0.38
  379,    3.50445E-01,   3.52719E-01,  0.65
  380,    1.83315E-01,   1.90101E-01,  3.70
  381,    8.18915E-02,   8.32783E-02,  1.69
  382,    4.43376E-02,   4.38432E-02,  -1.12
  383,    3.74022E-02,   3.70460E-02,  -0.95
  384,    6.16918E-02,   6.03016E-02,  -2.25
  385,    2.91736E-02,   2.89364E-02,  -0.81
  386,    2.26963E-02,   2.25290E-02,  -0.74
  387,    3.60432E-02,   3.59975E-02,  -0.13
  388,    2.23686E-02,   2.26227E-02,  1.14
  389,    1.57647E-02,   1.59804E-02,  1.37
  390,    1.92219E-02,   1.97740E-02,  2.87
  391,    1.99952E+00,   1.22831E+00,  -38.57
  392,    8.46089E-01,   6.39603E-01,  -24.40
  393,    3.85740E-01,   4.21203E-01,  9.19
  394,    1.78218E-01,   1.71751E-01,  -3.63
  395,    1.34689E-01,   1.26473E-01,  -6.10
  396,    3.74887E-01,   3.68509E-01,  -1.70
  397,    1.54621E-01,   1.64370E-01,  6.31
  398,    7.03302E-02,   6.77332E-02,  -3.69
  399,    4.76763E-02,   4.86592E-02,  2.06
  400,    3.89113E-02,   3.87194E-02,  -0.49
  401,    5.12519E-02,   5.05276E-02,  -1.41
  402,    3.10974E-02,   3.10515E-02,  -0.15
  403,    1.97023E-02,   1.97250E-02,  0.12
  404,    3.20080E-02,   3.18014E-02,  -0.65
  405,    2.10656E-02,   2.15230E-02,  2.17
  406,    1.54380E-02,   1.55785E-02,  0.91
  407,    1.94699E-02,   2.01165E-02,  3.32
  408,    6.11714E+00,   2.96923E+00,  -51.46
  409,    1.96900E+00,   1.27201E+00,  -35.40
  410,    1.11223E+00,   7.49744E-01,  -32.59
  411,    4.54019E-01,   4.79984E-01,  5.72
  412,    4.47306E-01,   2.74801E-01,  -38.57
  413,    2.22446E-01,   1.95255E-01,  -12.22
  414,    1.42246E-01,   1.38587E-01,  -2.57
  415,    3.65735E-01,   3.72380E-01,  1.82
  416,    1.39970E-01,   1.45692E-01,  4.09
  417,    6.62039E-02,   6.64251E-02,  0.33
  418,    5.30261E-02,   5.28891E-02,  -0.26
  419,    4.62791E-02,   4.56434E-02,  -1.37
  420,    4.34874E-02,   4.27288E-02,  -1.74
  421,    3.12419E-02,   3.05755E-02,  -2.13
  422,    1.85895E-02,   1.82132E-02,  -2.02
  423,    3.09585E-02,   3.05573E-02,  -1.30
  424,    2.11322E-02,   2.10246E-02,  -0.51
  425,    1.56539E-02,   1.57897E-02,  0.87
  426,    2.06630E-02,   2.07997E-02,  0.66
  427,    5.59096E+00,   2.99187E+00,  -46.49
  428,    2.54020E+00,   1.45633E+00,  -42.67
  429,    1.17197E+00,   8.44882E-01,  -27.91
  430,    3.70809E-01,   4.56782E-01,  23.19
  431,    2.29461E-01,   2.13702E-01,  -6.87
  432,    1.23286E-01,   1.26507E-01,  2.61
  433,    3.23268E-01,   3.44989E-01,  6.72
  434,    1.25831E-01,   1.22967E-01,  -2.28
  435,    7.66221E-02,   7.94206E-02,  3.65
  436,    5.95566E-02,   5.95597E-02,  0.01
  437,    3.93403E-02,   3.85027E-02,  -2.13
  438,    4.23110E-02,   4.22291E-02,  -0.19
  439,    3.11593E-02,   3.09432E-02,  -0.69
  440,    1.91772E-02,   1.91384E-02,  -0.20
  441,    3.08001E-02,   3.05650E-02,  -0.76
  442,    2.13899E-02,   2.13434E-02,  -0.22
  443,    1.53893E-02,   1.56997E-02,  2.02
  444,    1.10216E+00,   7.62745E-01,  -30.80
  445,    3.55291E-01,   4.86115E-01,  36.82
  446,    2.01173E-01,   1.84505E-01,  -8.29
  447,    1.09193E-01,   1.13162E-01,  3.63
  448,    2.85219E-01,   2.94965E-01,  3.42
  449,    1.14398E-01,   1.14985E-01,  0.51
  450,    8.33429E-02,   8.53505E-02,  2.41
  451,    6.73928E-02,   6.86780E-02,  1.91
  452,    3.10131E-02,   3.06002E-02,  -1.33
  453,    4.63897E-02,   4.60147E-02,  -0.81
  454,    2.79575E-02,   2.74662E-02,  -1.76
  455,    1.93758E-02,   1.91045E-02,  -1.40
  456,    3.14156E-02,   3.11491E-02,  -0.85
  457,    2.10809E-02,   2.07889E-02,  -1.39
  458,    1.58374E-02,   1.60315E-02,  1.23
  459,    2.59148E+00,   1.43745E+00,  -44.53
  460,    2.69711E-01,   5.20545E-01,  93.00
  461,    1.79430E-01,   1.71699E-01,  -4.31
  462,    9.71550E-02,   8.58599E-02,  -11.63
  463,    2.52782E-01,   2.32608E-01,  -7.98
  464,    1.31542E-01,   1.32900E-01,  1.03
  465,    9.25395E-02,   9.30955E-02,  0.60
  466,    5.65087E-02,   5.59172E-02,  -1.05
  467,    3.04459E-02,   3.02899E-02,  -0.51
  468,    4.72243E-02,   4.68055E-02,  -0.89
  469,    2.64648E-02,   2.62176E-02,  -0.93
  470,    1.95223E-02,   1.95612E-02,  0.20
  471,    3.12206E-02,   3.09384E-02,  -0.90
  472,    2.13894E-02,   2.11330E-02,  -1.20
  473,    1.68177E-02,   1.68068E-02,  -0.06
  474,    6.58037E+00,   3.20051E+00,  -51.36
  475,    1.32024E+00,   8.68118E-01,  -34.25
  476,    2.97713E-01,   4.55661E-01,  53.05
  477,    1.39096E-01,   1.24835E-01,  -10.25
  478,    7.57013E-02,   7.08294E-02,  -6.44
  479,    2.18441E-01,   2.11339E-01,  -3.25
  480,    1.42850E-01,   1.44615E-01,  1.24
  481,    1.04678E-01,   1.07645E-01,  2.83
  482,    4.50503E-02,   4.46158E-02,  -0.96
  483,    3.05649E-02,   3.06057E-02,  0.13
  484,    4.68946E-02,   4.64187E-02,  -1.01
  485,    2.70807E-02,   2.69709E-02,  -0.41
  486,    1.89779E-02,   1.88322E-02,  -0.77
  487,    3.05025E-02,   3.04539E-02,  -0.16
  488,    2.15553E-02,   2.15400E-02,  -0.07
  489,    1.75997E-02,   1.75792E-02,  -0.12
  490,    1.13693E+00,   8.11971E-01,  -28.58
  491,    2.05482E-01,   4.41261E-01,  114.74
  492,    1.19034E-01,   1.07156E-01,  -9.98
  493,    7.44040E-02,   7.47758E-02,  0.50
  494,    2.40615E-01,   2.47791E-01,  2.98
  495,    1.56809E-01,   1.60976E-01,  2.66
  496,    8.71872E-02,   8.93437E-02,  2.47
  497,    4.46907E-02,   4.55949E-02,  2.02
  498,    3.42368E-02,   3.45090E-02,  0.80
  499,    4.33740E-02,   4.24193E-02,  -2.20
  500,    2.79442E-02,   2.78408E-02,  -0.37
  501,    1.95538E-02,   1.95323E-02,  -0.11
  502,    3.21501E-02,   3.19164E-02,  -0.73
  503,    2.18782E-02,   2.20470E-02,  0.77
  504,    1.00591E+00,   7.83095E-01,  -22.15
  505,    1.33652E-01,   3.27083E-01,  144.73
  506,    1.16760E-01,   1.06316E-01,  -8.94
  507,    1.05913E-01,   9.89205E-02,  -6.60
  508,    2.82124E-01,   2.75639E-01,  -2.30
  509,    1.88030E-01,   1.88341E-01,  0.17
  510,    7.33085E-02,   7.21610E-02,  -1.57
  511,    4.74624E-02,   4.72152E-02,  -0.52
  512,    3.83079E-02,   3.78965E-02,  -1.07
  513,    4.16925E-02,   4.11650E-02,  -1.27
  514,    2.93357E-02,   2.90848E-02,  -0.86
  515,    2.03250E-02,   2.00648E-02,  -1.28
  516,    3.25848E-02,   3.19459E-02,  -1.96
  517,    2.32618E-02,   2.31818E-02,  -0.34
  518,    5.57527E+00,   3.89213E+00,  -30.19
  519,    1.77954E+00,   1.60977E+00,  -9.54
  520,    6.51715E-01,   5.83214E-01,  -10.51
  521,    1.22119E-01,   2.43112E-01,  99.08
  522,    2.99050E-01,   1.46860E-01,  -50.89
  523,    1.29912E-01,   1.29873E-01,  -0.03
  524,    7.71218E-02,   7.67797E-02,  -0.44
  525,    2.81795E-01,   2.80832E-01,  -0.34
  526,    1.40823E-01,   1.41112E-01,  0.21
  527,    6.60604E-02,   6.68796E-02,  1.24
  528,    4.80322E-02,   4.80992E-02,  0.14
  529,    3.00191E-02,   2.95666E-02,  -1.51
  530,    4.15528E-02,   4.15675E-02,  0.04
  531,    2.76315E-02,   2.75824E-02,  -0.18
  532,    2.04332E-02,   2.00735E-02,  -1.76
  533,    3.21279E-02,   3.16867E-02,  -1.37
  534,    2.37388E-02,   2.37858E-02,  0.20
  535,    5.21130E+00,   5.14764E+00,  -1.22
  536,    1.56605E+00,   1.56465E+00,  -0.09
  537,    5.72462E-01,   5.35624E-01,  -6.44
  538,    1.76971E-01,   2.84640E-01,  60.84
  539,    3.34841E-01,   2.35062E-01,  -29.80
  540,    1.32818E-01,   1.33407E-01,  0.44
  541,    1.26665E-01,   1.31122E-01,  3.52
  542,    3.23660E-01,   3.37957E-01,  4.42
  543,    1.12088E-01,   1.13347E-01,  1.12
  544,    6.67424E-02,   6.87300E-02,  2.98
  545,    5.08003E-02,   5.16793E-02,  1.73
  546,    2.72923E-02,   2.73685E-02,  0.28
  547,    4.16490E-02,   4.17321E-02,  0.20
  548,    2.77499E-02,   2.77938E-02,  0.16
  549,    2.03417E-02,   2.00416E-02,  -1.48
  550,    3.29427E-02,   3.28569E-02,  -0.26
  551,    2.57314E-02,   2.53695E-02,  -1.41
  552,    2.38875E+01,   2.08565E+01,  -12.69
  553,    4.41358E+00,   4.68573E+00,  6.17
  554,    1.29953E+00,   1.26110E+00,  -2.96
  555,    5.60187E-01,   5.66686E-01,  1.16
  556,    3.87876E-01,   4.27775E-01,  10.29
  557,    2.58467E-01,   2.30812E-01,  -10.70
  558,    2.11006E-01,   2.14946E-01,  1.87
  559,    1.19297E-01,   1.21509E-01,  1.85
  560,    2.93383E-01,   2.99311E-01,  2.02
  561,    1.22231E-01,   1.24337E-01,  1.72
  562,    8.06615E-02,   8.19023E-02,  1.54
  563,    4.70720E-02,   4.69214E-02,  -0.32
  564,    3.13164E-02,   3.10145E-02,  -0.96
  565,    4.31678E-02,   4.35804E-02,  0.96
  566,    2.89400E-02,   2.84128E-02,  -1.82
  567,    1.97790E-02,   1.98860E-02,  0.54
  568,    3.36847E-02,   3.35567E-02,  -0.38
  569,    1.67942E+01,   1.66574E+01,  -0.81
  570,    3.07161E+00,   3.08348E+00,  0.39
  571,    1.08454E+00,   1.10171E+00,  1.58
  572,    7.31747E-01,   7.36596E-01,  0.66
  573,    3.66913E-01,   3.72756E-01,  1.59
  574,    3.27837E-01,   3.25992E-01,  -0.56
  575,    1.69613E-01,   1.73560E-01,  2.33
  576,    8.09325E-02,   8.07378E-02,  -0.24
  577,    2.31591E-01,   2.32772E-01,  0.51
  578,    1.24665E-01,   1.26649E-01,  1.59
  579,    8.57160E-02,   8.67555E-02,  1.21
  580,    4.33129E-02,   4.28244E-02,  -1.13
  581,    3.19547E-02,   3.14276E-02,  -1.65
  582,    4.37952E-02,   4.32687E-02,  -1.20
  583,    3.06382E-02,   2.96715E-02,  -3.16
  584,    2.15092E-02,   2.14365E-02,  -0.34
  585,    3.42349E-02,   3.39876E-02,  -0.72
  586,    9.89550E+00,   1.05791E+01,  6.91
  587,    2.38184E+00,   2.45566E+00,  3.10
  588,    1.39654E+00,   1.36831E+00,  -2.02
  589,    6.61919E-01,   6.37458E-01,  -3.70
  590,    5.03590E-01,   5.19941E-01,  3.25
  591,    2.93625E-01,   2.61017E-01,  -11.11
  592,    1.16914E-01,   1.15617E-01,  -1.11
  593,    7.23241E-02,   7.24604E-02,  0.19
  594,    2.19162E-01,   2.22765E-01,  1.64
  595,    1.30039E-01,   1.31460E-01,  1.09
  596,    6.85258E-02,   6.88327E-02,  0.45
  597,    4.31907E-02,   4.26907E-02,  -1.16
  598,    2.99446E-02,   2.97037E-02,  -0.80
  599,    4.31238E-02,   4.28127E-02,  -0.72
  600,    2.98551E-02,   2.90210E-02,  -2.79
  601,    2.25431E-02,   2.20187E-02,  -2.33
  602,    3.65465E-02,   3.57941E-02,  -2.06
  603,    7.08428E+00,   8.40133E+00,  18.59
  604,    2.89216E+00,   2.91897E+00,  0.93
  605,    1.21571E+00,   1.16434E+00,  -4.23
  606,    8.93043E-01,   8.56357E-01,  -4.11
  607,    2.57100E-01,   3.98707E-01,  55.08
  608,    3.13606E-01,   1.66442E-01,  -46.93
  609,    1.00731E-01,   9.99762E-02,  -0.75
  610,    7.36282E-02,   7.49683E-02,  1.82
  611,    2.12331E-01,   2.17530E-01,  2.45
  612,    1.30740E-01,   1.33506E-01,  2.12
  613,    6.02286E-02,   6.05171E-02,  0.48
  614,    4.17568E-02,   4.18359E-02,  0.19
  615,    2.89149E-02,   2.88440E-02,  -0.25
  616,    4.07218E-02,   4.06078E-02,  -0.28
  617,    2.70620E-02,   2.66405E-02,  -1.56
  618,    2.15469E-02,   2.13259E-02,  -1.03
  619,    3.70290E-02,   3.63847E-02,  -1.74
  620,    8.79268E+00,   1.01081E+01,  14.96
  621,    2.54118E+00,   2.61770E+00,  3.01
  622,    1.74784E+00,   1.59342E+00,  -8.84
  623,    6.85082E-01,   6.65820E-01,  -2.81
  624,    9.80398E-02,   2.57866E-01,  163.02
  625,    3.19806E-01,   1.47302E-01,  -53.94
  626,    1.07180E-01,   1.06546E-01,  -0.59
  627,    6.78824E-02,   6.71543E-02,  -1.07
  628,    2.20046E-01,   2.22923E-01,  1.31
  629,    1.04101E-01,   1.05400E-01,  1.25
  630,    5.97977E-02,   6.07655E-02,  1.62
  631,    3.92570E-02,   3.99631E-02,  1.80
  632,    2.71704E-02,   2.75993E-02,  1.58
  633,    4.00146E-02,   4.03302E-02,  0.79
  634,    2.61179E-02,   2.72357E-02,  4.28
  635,    2.11287E-02,   2.12209E-02,  0.44
  636,    8.51856E+00,   1.04176E+01,  22.29
  637,    3.76990E+00,   3.90261E+00,  3.52
  638,    1.38552E+00,   1.32474E+00,  -4.39
  639,    4.72214E-01,   4.52375E-01,  -4.20
  640,    3.79685E-01,   1.63838E-01,  -56.85
  641,    1.03746E-01,   9.85569E-02,  -5.00
  642,    8.84052E-02,   8.58507E-02,  -2.89
  643,    6.38813E-02,   2.38974E-01,  274.09
  644,    2.34054E-01,   2.32862E-01,  -0.51
  645,    9.64497E-02,   9.50115E-02,  -1.49
  646,    6.11518E-02,   6.11270E-02,  -0.04
  647,    3.98833E-02,   3.98608E-02,  -0.06
  648,    2.58941E-02,   2.57930E-02,  -0.39
  649,    3.89861E-02,   3.89524E-02,  -0.09
  650,    2.69907E-02,   2.77178E-02,  2.69
  651,    1.67956E+01,   1.87714E+01,  11.76
  652,    3.93603E+00,   4.24368E+00,  7.82
  653,    1.17817E+00,   1.20303E+00,  2.11
  654,    5.67485E-01,   5.73954E-01,  1.14
  655,    2.37236E-01,   3.68572E-01,  55.36
  656,    3.31717E-01,   2.09891E-01,  -36.73
  657,    1.69616E-01,   1.73676E-01,  2.39
  658,    9.37500E-02,   9.51377E-02,  1.48
  659,    2.30507E-01,   2.29522E-01,  -0.43
  660,    1.20047E-01,   1.18490E-01,  -1.30
  661,    7.20498E-02,   7.16563E-02,  -0.55
  662,    4.71842E-02,   4.63403E-02,  -1.79
  663,    3.35480E-02,   3.27980E-02,  -2.24
  664,    4.16027E-02,   4.15802E-02,  -0.05
  665,    3.09103E-02,   3.13013E-02,  1.26
  666,    1.11676E+01,   1.18055E+01,  5.71
  667,    2.19845E+00,   2.17057E+00,  -1.27
  668,    9.13035E-01,   8.74679E-01,  -4.20
  669,    5.31806E-01,   5.14282E-01,  -3.30
  670,    2.15799E-01,   2.75016E-01,  27.44
  671,    2.88455E-01,   2.15794E-01,  -25.19
  672,    1.14386E-01,   1.12859E-01,  -1.33
  673,    6.52320E-02,   6.33778E-02,  -2.84
  674,    2.13195E-01,   2.09822E-01,  -1.58
  675,    1.23952E-01,   1.21823E-01,  -1.72
  676,    7.43755E-02,   7.32002E-02,  -1.58
  677,    4.60745E-02,   4.43585E-02,  -3.72
  678,    3.48140E-02,   3.32162E-02,  -4.59
  679,    4.40071E-02,   4.34271E-02,  -1.32
  680,    3.26938E-02,   3.19094E-02,  -2.40
  681,    1.45624E+01,   1.48206E+01,  1.77
  682,    3.87921E+00,   3.90127E+00,  0.57
  683,    2.00283E+00,   1.92474E+00,  -3.90
  684,    9.35157E-01,   9.24859E-01,  -1.10
  685,    4.28887E-01,   6.68050E-01,  55.76
  686,    1.69178E-01,   1.74142E-01,  2.93
  687,    1.22778E-01,   1.26924E-01,  3.38
  688,    2.95345E-01,   3.01415E-01,  2.06
  689,    1.60030E-01,   1.62847E-01,  1.76
  690,    9.53733E-02,   9.59947E-02,  0.65
  691,    6.40765E-02,   6.30200E-02,  -1.65
  692,    3.95353E-02,   3.83036E-02,  -3.12
  693,    5.81647E-02,   5.74617E-02,  -1.21
  694,    1.31056E+01,   1.40811E+01,  7.44
  695,    4.77626E+00,   4.75831E+00,  -0.38
  696,    2.07477E+00,   1.94783E+00,  -6.12
  697,    1.30047E+00,   1.27190E+00,  -2.20
  698,    2.83145E-01,   5.77846E-01,  104.08
  699,    2.04505E-01,   2.06046E-01,  0.75
  700,    1.40413E-01,   1.42708E-01,  1.63
  701,    3.94026E-01,   4.04255E-01,  2.60
  702,    2.13369E-01,   2.17192E-01,  1.79
  703,    1.18608E-01,   1.19779E-01,  0.99
  704,    8.40657E-02,   8.27437E-02,  -1.57
  705,    5.06893E-02,   5.01508E-02,  -1.06
  706,    6.94621E-02,   6.80230E-02,  -2.07
  707,    1.21473E+01,   1.25442E+01,  3.27
  708,    3.39929E+00,   3.39225E+00,  -0.21
  709,    1.98238E+00,   1.84515E+00,  -6.92
  710,    7.77106E-01,   7.56144E-01,  -2.70
  711,    1.71175E-01,   3.59970E-01,  110.29
  712,    4.39087E-01,   2.42207E-01,  -44.84
  713,    1.62261E-01,   1.62036E-01,  -0.14
  714,    1.13441E-01,   1.13881E-01,  0.39
  715,    3.60388E-01,   3.65427E-01,  1.40
  716,    1.96316E-01,   1.97545E-01,  0.63
  717,    1.20394E-01,   1.20539E-01,  0.12
  718,    6.97173E-02,   6.78736E-02,  -2.64
  719,    5.05887E-02,   5.03367E-02,  -0.50
  720,    7.48064E-02,   7.35998E-02,  -1.61
  721,    9.51800E+00,   1.00424E+01,  5.51
  722,    3.52661E+00,   3.53725E+00,  0.30
  723,    1.25238E+00,   1.21940E+00,  -2.63
  724,    5.38351E-01,   5.29252E-01,  -1.69
  725,    1.75711E-01,   3.36590E-01,  91.56
  726,    3.80979E-01,   2.16124E-01,  -43.27
  727,    1.47120E-01,   1.47343E-01,  0.15
  728,    9.73818E-02,   9.75122E-02,  0.13
  729,    3.10154E-01,   3.12015E-01,  0.60
  730,    1.59645E-01,   1.59457E-01,  -0.12
  731,    1.04328E-01,   1.03375E-01,  -0.91
  732,    5.94718E-02,   5.82977E-02,  -1.97
  733,    4.46862E-02,   4.39794E-02,  -1.58
  734,    1.07297E+01,   1.15362E+01,  7.52
  735,    2.60551E+00,   2.59227E+00,  -0.51
  736,    9.77850E-01,   9.51847E-01,  -2.66
  737,    5.65629E-01,   5.55072E-01,  -1.87
  738,    2.41966E-01,   3.36962E-01,  39.26
  739,    3.24049E-01,   2.21052E-01,  -31.78
  740,    1.42596E-01,   1.42437E-01,  -0.11
  741,    1.08078E-01,   1.08500E-01,  0.39
  742,    3.00082E-01,   3.00703E-01,  0.21
  743,    1.71920E-01,   1.71409E-01,  -0.30
  744,    9.15940E-02,   9.05296E-02,  -1.16
  745,    6.33555E-02,   6.32843E-02,  -0.11
  746,    4.34306E-02,   4.28102E-02,  -1.43
  747,    7.77629E+00,   8.34037E+00,  7.25
  748,    1.92329E+00,   1.92794E+00,  0.24
  749,    9.67088E-01,   9.40881E-01,  -2.71
  750,    5.37815E-01,   5.18807E-01,  -3.53
  751,    2.54371E-01,   3.20675E-01,  26.07
  752,    2.74375E-01,   1.98784E-01,  -27.55
  753,    1.47296E-01,   1.46614E-01,  -0.46
  754,    9.00716E-02,   8.91895E-02,  -0.98
  755,    2.80558E-01,   2.79645E-01,  -0.33
  756,    1.71164E-01,   1.70280E-01,  -0.52
  757,    9.03551E-02,   8.97771E-02,  -0.64
  758,    6.50338E-02,   6.44608E-02,  -0.88
  759,    4.61509E-02,   4.65677E-02,  0.90
  760,    8.37240E+00,   9.07063E+00,  8.34
  761,    2.79498E+00,   2.77682E+00,  -0.65
  762,    1.36425E+00,   1.28247E+00,  -5.99
  763,    7.50799E-01,   7.24306E-01,  -3.53
  764,    2.91485E-01,   4.26042E-01,  46.16
  765,    4.50793E-01,   3.01825E-01,  -33.05
  766,    1.78233E-01,   1.78028E-01,  -0.11
  767,    1.34518E-01,   1.35026E-01,  0.38
  768,    3.70616E-01,   3.72242E-01,  0.44
  769,    1.83500E-01,   1.81980E-01,  -0.83
  770,    1.16698E-01,   1.18365E-01,  1.43
  771,    7.58889E-02,   7.60887E-02,  0.26
  772,    7.66502E+00,   8.69914E+00,  13.49
  773,    2.48971E+00,   2.42159E+00,  -2.74
  774,    1.20641E+00,   1.14256E+00,  -5.29
  775,    6.49498E-01,   6.16885E-01,  -5.02
  776,    3.01735E-01,   4.12579E-01,  36.74
  777,    3.60084E-01,   2.33693E-01,  -35.10
  778,    1.74358E-01,   1.72472E-01,  -1.08
  779,    1.37061E-01,   1.37781E-01,  0.53
  780,    4.00333E-01,   4.02937E-01,  0.65
  781,    1.95263E-01,   1.95338E-01,  0.04
  782,    1.29372E-01,   1.31694E-01,  1.79
  783,    8.68967E-02,   9.04160E-02,  4.05
  784,    5.70547E+00,   6.71150E+00,  17.63
  785,    1.90659E+00,   1.88780E+00,  -0.99
  786,    9.01092E-01,   8.64212E-01,  -4.09
  787,    5.43620E-01,   5.29180E-01,  -2.66
  788,    2.11083E-01,   2.83701E-01,  34.40
  789,    2.80896E-01,   2.02270E-01,  -27.99
  790,    1.56031E-01,   1.57302E-01,  0.81
  791,    9.48318E-02,   9.49144E-02,  0.09
  792,    3.02120E-01,   3.01481E-01,  -0.21
  793,    1.80510E-01,   1.82339E-01,  1.01
  794,    1.08508E-01,   1.11202E-01,  2.48
  795,    5.52423E+00,   6.51476E+00,  17.93
  796,    1.79776E+00,   1.79630E+00,  -0.08
  797,    9.50088E-01,   9.23384E-01,  -2.81
  798,    4.61608E-01,   4.53415E-01,  -1.77
  799,    2.34349E-01,   3.07621E-01,  31.27
  800,    3.02701E-01,   2.30878E-01,  -23.73
  801,    1.34365E-01,   1.35464E-01,  0.82
  802,    8.82631E-02,   8.83383E-02,  0.09
  803,    2.71833E-01,   2.73225E-01,  0.51
  804,    1.69750E-01,   1.72388E-01,  1.55
  805,    1.05725E-01,   1.12109E-01,  6.04
  806,    5.70785E+00,   6.56298E+00,  14.98
  807,    1.97931E+00,   1.95162E+00,  -1.40
  808,    8.23320E-01,   7.96746E-01,  -3.23
  809,    5.05127E-01,   4.96640E-01,  -1.68
  810,    2.71757E-01,   3.53277E-01,  30.00
  811,    2.84022E-01,   1.99448E-01,  -29.78
  812,    1.27322E-01,   1.26023E-01,  -1.02
  813,    9.79994E-02,   9.76043E-02,  -0.40
  814,    3.00939E-01,   3.03023E-01,  0.69
  815,    1.70370E-01,   1.73359E-01,  1.75
  816,    6.07137E+00,   6.82530E+00,  12.42
  817,    1.60104E+00,   1.60038E+00,  -0.04
  818,    8.54563E-01,   8.41056E-01,  -1.58
  819,    5.53855E-01,   5.49882E-01,  -0.72
  820,    2.32038E-01,   2.94683E-01,  27.00
  821,    2.47654E-01,   1.79126E-01,  -27.67
  822,    1.35813E-01,   1.34831E-01,  -0.72
  823,    1.05678E-01,   1.05125E-01,  -0.52
  824,    3.11681E-01,   3.11525E-01,  -0.05
  825,    1.82920E-01,   1.89592E-01,  3.65
  826,    4.54372E+00,   5.05125E+00,  11.17
  827,    1.48054E+00,   1.50618E+00,  1.73
  828,    8.25334E-01,   8.24135E-01,  -0.15
  829,    4.06646E-01,   4.05774E-01,  -0.21
  830,    1.89750E-01,   2.33581E-01,  23.10
  831,    2.15815E-01,   1.69409E-01,  -21.50
  832,    1.28207E-01,   1.28116E-01,  -0.07
  833,    8.74299E-02,   8.72576E-02,  -0.20
  834,    2.81295E-01,   2.83383E-01,  0.74
  835,    5.34105E+00,   6.21412E+00,  16.35
  836,    1.86299E+00,   1.86250E+00,  -0.03
  837,    7.69549E-01,   7.58113E-01,  -1.49
  838,    4.03310E-01,   3.96638E-01,  -1.65
  839,    2.22646E-01,   2.71439E-01,  21.92
  840,    2.56071E-01,   1.96296E-01,  -23.34
  841,    1.32216E-01,   1.29679E-01,  -1.92
  842,    9.60375E-02,   9.54728E-02,  -0.59
  843,    2.95837E-01,   3.00153E-01,  1.46
  844,    5.24726E+00,   6.02677E+00,  14.86
  845,    1.33018E+00,   1.34673E+00,  1.24
  846,    5.80960E-01,   5.79470E-01,  -0.26
  847,    3.63987E-01,   3.61379E-01,  -0.72
  848,    2.21368E-01,   2.45362E-01,  10.84
  849,    1.86606E-01,   1.55653E-01,  -16.59
  850,    1.11113E-01,   1.10323E-01,  -0.71
  851,    9.01945E-02,   9.10351E-02,  0.93
  852,    4.30290E+00,   4.83639E+00,  12.40
  853,    1.10858E+00,   1.15294E+00,  4.00
  854,    6.05632E-01,   6.02310E-01,  -0.55
  855,    3.79821E-01,   3.72897E-01,  -1.82
  856,    1.98370E-01,   2.24314E-01,  13.08
  857,    1.83362E-01,   1.51895E-01,  -17.16
  858,    1.21171E-01,   1.21349E-01,  0.15
  859,    4.15210E+00,   5.01241E+00,  20.72
  860,    1.39602E+00,   1.42018E+00,  1.73
  861,    7.37753E-01,   7.20284E-01,  -2.37
  862,    4.00083E-01,   3.95005E-01,  -1.27
  863,    2.10898E-01,   2.49570E-01,  18.34
  864,    2.38774E-01,   1.90193E-01,  -20.35
  865,    4.45874E+00,   5.37006E+00,  20.44
  866,    1.41375E+00,   1.42753E+00,  0.98
  867,    6.50217E-01,   6.42581E-01,  -1.17
  868,    3.79948E-01,   3.62748E-01,  -4.53
  869,    2.15155E-01,   2.57773E-01,  19.81
  870,    4.53980E+00,   5.23720E+00,  15.36
  871,    1.23305E+00,   1.29989E+00,  5.42
  872,    6.01100E-01,   6.00967E-01,  -0.02
  873,    3.91204E-01,   3.87030E-01,  -1.07
  874,    4.14627E+00,   4.93077E+00,  18.92
  875,    1.23464E+00,   1.24685E+00,  0.99
  876,    6.81599E-01,   6.69281E-01,  -1.81
  877,    4.35325E+00,   4.88220E+00,  12.15
  878,    1.51930E+00,   1.42881E+00,  -5.96
  879,    4.05453E+00,   4.57158E+00,  12.75

;-Resistivity in Ohm-m in the elemental sequential order

 2.69638E+02,  2.75983E+02,  2.81485E+02,  2.96296E+02,  3.28678E+02
 3.76596E+02,  4.41974E+02,  5.22211E+02,  6.09875E+02,  6.93930E+02
 7.59324E+02,  7.99691E+02,  8.20152E+02,  8.27980E+02,  8.20067E+02
 8.56401E+02,  8.56401E+02,  5.37658E+02,  5.37658E+02,  5.37658E+02
 5.37658E+02,  5.37658E+02,  5.37658E+02,  2.69638E+02,  2.75983E+02
 2.81485E+02,  2.96296E+02,  3.28678E+02,  3.76596E+02,  4.41974E+02
 5.22211E+02,  6.09875E+02,  6.93930E+02,  7.59324E+02,  7.99691E+02
 8.20152E+02,  8.27980E+02,  8.20067E+02,  8.56401E+02,  8.56401E+02
 5.37658E+02,  5.37658E+02,  5.37658E+02,  5.37658E+02,  5.37658E+02
 5.37658E+02,  2.69638E+02,  2.75983E+02,  2.81485E+02,  2.96296E+02
 3.28678E+02,  3.76596E+02,  4.41974E+02,  5.22211E+02,  6.09875E+02
 6.93930E+02,  7.59324E+02,  7.99691E+02,  8.20152E+02,  8.27980E+02
 8.20067E+02,  8.56401E+02,  8.56401E+02,  5.37658E+02,  5.37658E+02
 5.37658E+02,  5.37658E+02,  5.37658E+02,  5.37658E+02,  2.69638E+02
 2.75983E+02,  2.81485E+02,  2.96296E+02,  3.28678E+02,  3.76596E+02
 4.41974E+02,  5.22211E+02,  6.09875E+02,  6.93930E+02,  7.59324E+02
 7.99691E+02,  8.20152E+02,  8.27980E+02,  8.20067E+02,  8.56401E+02
 8.56401E+02,  5.37658E+02,  5.37658E+02,  5.37658E+02,  5.37658E+02
 5.37658E+02,  5.37658E+02,  2.69638E+02,  2.75983E+02,  2.81485E+02
 2.96296E+02,  3.28678E+02,  3.76596E+02,  4.41974E+02,  5.22211E+02
 6.09875E+02,  6.93930E+02,  7.59324E+02,  7.99691E+02,  8.20152E+02
 8.27980E+02,  8.20067E+02,  8.56401E+02,  8.56401E+02,  5.37658E+02
 5.37658E+02,  5.37658E+02,  5.37658E+02,  5.37658E+02,  5.37658E+02
 2.69638E+02,  2.75983E+02,  2.81485E+02,  2.96296E+02,  3.28678E+02
 3.76596E+02,  4.41974E+02,  5.22211E+02,  6.09875E+02,  6.93930E+02
 7.59324E+02,  7.99691E+02,  8.20152E+02,  8.27980E+02,  8.20067E+02
 8.56401E+02,  8.56401E+02,  5.37658E+02,  5.37658E+02,  5.37658E+02
 5.37658E+02,  5.37658E+02,  5.37658E+02,  5.08158E+02,  4.57651E+02
 4.34305E+02,  4.18309E+02,  4.33335E+02,  4.63079E+02,  4.97107E+02
 5.25501E+02,  5.38474E+02,  5.32203E+02,  5.06460E+02,  4.69055E+02
 4.31932E+02,  4.03037E+02,  3.82339E+02,  3.55999E+02,  3.55999E+02
 3.26720E+02,  3.26720E+02,  3.26720E+02,  3.26720E+02,  3.26720E+02
 3.26720E+02,  5.08158E+02,  4.57651E+02,  4.34305E+02,  4.18309E+02
 4.33335E+02,  4.63079E+02,  4.97107E+02,  5.25501E+02,  5.38474E+02
 5.32203E+02,  5.06460E+02,  4.69055E+02,  4.31932E+02,  4.03037E+02
 3.82339E+02,  3.55999E+02,  3.55999E+02,  3.26720E+02,  3.26720E+02
 3.26720E+02,  3.26720E+02,  3.26720E+02,  3.26720E+02,  3.33625E+02
 3.81685E+02,  4.25143E+02,  4.44059E+02,  4.62551E+02,  5.25724E+02
 6.02758E+02,  6.28188E+02,  5.51385E+02,  5.09300E+02,  4.77658E+02
 4.40762E+02,  4.06723E+02,  3.83687E+02,  3.70656E+02,  3.48009E+02
 3.48009E+02,  3.17393E+02,  3.17393E+02,  3.17393E+02,  3.17393E+02
 3.17393E+02,  3.17393E+02,  2.72052E+02,  2.55928E+02,  3.62223E+02
 4.97832E+02,  4.98746E+02,  5.38366E+02,  6.20242E+02,  6.71983E+02
 6.68825E+02,  5.92138E+02,  5.02990E+02,  4.49539E+02,  4.09215E+02
 3.82577E+02,  3.68774E+02,  3.13635E+02,  3.13635E+02,  2.52077E+02
 2.52077E+02,  2.52077E+02,  2.52077E+02,  2.52077E+02,  2.52077E+02
 3.94271E+02,  1.37495E+02,  2.99191E+02,  5.33499E+02,  5.95854E+02
 6.00401E+02,  6.30756E+02,  6.86751E+02,  6.86446E+02,  6.20572E+02
 5.36081E+02,  4.60335E+02,  4.20953E+02,  3.90031E+02,  3.69666E+02
 3.04428E+02,  3.04428E+02,  2.48930E+02,  2.48930E+02,  2.48930E+02
 2.48930E+02,  2.48930E+02,  2.48930E+02,  2.51560E+02,  1.01774E+02
 2.78010E+02,  7.49385E+02,  7.66017E+02,  7.20990E+02,  7.19656E+02
 7.17526E+02,  6.91123E+02,  6.26144E+02,  5.51484E+02,  4.71858E+02
 4.31796E+02,  3.97825E+02,  3.71478E+02,  2.99109E+02,  2.99109E+02
 2.47218E+02,  2.47218E+02,  2.47218E+02,  2.47218E+02,  2.47218E+02
 2.47218E+02,  2.36892E+02,  9.63514E+01,  3.59816E+02,  1.02758E+03
 1.01782E+03,  8.24948E+02,  7.58209E+02,  7.28612E+02,  6.61276E+02
 6.17722E+02,  5.56499E+02,  4.82637E+02,  4.43104E+02,  4.05527E+02
 3.72142E+02,  2.93617E+02,  2.93617E+02,  2.43212E+02,  2.43212E+02
 2.43212E+02,  2.43212E+02,  2.43212E+02,  2.43212E+02,  2.97979E+02
 1.38213E+02,  3.68871E+02,  1.18728E+03,  1.21674E+03,  8.82605E+02
 7.64060E+02,  6.64099E+02,  6.62217E+02,  6.23353E+02,  5.59670E+02
 4.96072E+02,  4.55387E+02,  4.13182E+02,  3.72633E+02,  2.88683E+02
 2.88683E+02,  2.39975E+02,  2.39975E+02,  2.39975E+02,  2.39975E+02
 2.39975E+02,  2.39975E+02,  2.78081E+02,  1.23831E+02,  3.53428E+02
 1.16291E+03,  1.21318E+03,  8.61062E+02,  6.83139E+02,  6.60214E+02
 6.61676E+02,  6.31102E+02,  5.71985E+02,  5.14088E+02,  4.67746E+02
 4.18793E+02,  3.73067E+02,  2.84009E+02,  2.84009E+02,  2.37693E+02
 2.37693E+02,  2.37693E+02,  2.37693E+02,  2.37693E+02,  2.37693E+02
 3.17094E+02,  1.28077E+02,  3.17655E+02,  9.60348E+02,  9.58150E+02
 8.22054E+02,  6.62876E+02,  6.17936E+02,  6.18074E+02,  6.28830E+02
 5.80501E+02,  5.31795E+02,  4.78666E+02,  4.21260E+02,  3.73563E+02
 2.79449E+02,  2.79449E+02,  2.35859E+02,  2.35859E+02,  2.35859E+02
 2.35859E+02,  2.35859E+02,  2.35859E+02,  2.50358E+02,  1.16670E+02
 3.13683E+02,  8.79116E+02,  8.26676E+02,  6.17275E+02,  5.49392E+02
 5.51990E+02,  5.81290E+02,  5.88069E+02,  5.86750E+02,  5.42607E+02
 4.82711E+02,  4.22854E+02,  3.74272E+02,  2.74826E+02,  2.74826E+02
 2.33969E+02,  2.33969E+02,  2.33969E+02,  2.33969E+02,  2.33969E+02
 2.33969E+02,  2.99616E+02,  1.33924E+02,  3.28367E+02,  8.68348E+02
 8.05324E+02,  5.41095E+02,  4.79272E+02,  4.96785E+02,  5.32715E+02
 5.78971E+02,  5.83931E+02,  5.45133E+02,  4.85393E+02,  4.24244E+02
 3.74932E+02,  2.69990E+02,  2.69990E+02,  2.32297E+02,  2.32297E+02
 2.32297E+02,  2.32297E+02,  2.32297E+02,  2.32297E+02,  2.69383E+02
 1.25728E+02,  3.28997E+02,  8.35772E+02,  7.00732E+02,  5.33954E+02
 4.42102E+02,  4.42487E+02,  5.09058E+02,  5.59362E+02,  5.71740E+02
 5.45369E+02,  4.87216E+02,  4.25328E+02,  3.75638E+02,  2.65149E+02
 2.65149E+02,  2.31502E+02,  2.31502E+02,  2.31502E+02,  2.31502E+02
 2.31502E+02,  2.31502E+02,  2.56865E+02,  1.20974E+02,  2.95795E+02
 7.15902E+02,  6.24676E+02,  5.06225E+02,  4.32318E+02,  4.04904E+02
 4.64382E+02,  5.31147E+02,  5.61116E+02,  5.44781E+02,  4.88168E+02
 4.26250E+02,  3.76658E+02,  2.60771E+02,  2.60771E+02,  2.31800E+02
 2.31800E+02,  2.31800E+02,  2.31800E+02,  2.31800E+02,  2.31800E+02
 3.14003E+02,  1.16843E+02,  2.65023E+02,  6.42445E+02,  6.47396E+02
 5.06454E+02,  4.31581E+02,  3.65940E+02,  4.04661E+02,  5.11302E+02
 5.40613E+02,  5.36706E+02,  4.89712E+02,  4.27312E+02,  3.77755E+02
 2.57618E+02,  2.57618E+02,  2.32698E+02,  2.32698E+02,  2.32698E+02
 2.32698E+02,  2.32698E+02,  2.32698E+02,  3.04058E+02,  1.24207E+02
 2.62582E+02,  6.52520E+02,  6.75411E+02,  5.40218E+02,  3.96579E+02
 3.13705E+02,  3.58738E+02,  4.64114E+02,  5.29581E+02,  5.26449E+02
 4.90428E+02,  4.28186E+02,  3.78810E+02,  2.54935E+02,  2.54935E+02
 2.31572E+02,  2.31572E+02,  2.31572E+02,  2.31572E+02,  2.31572E+02
 2.31572E+02,  3.00214E+02,  1.32535E+02,  2.84005E+02,  7.93366E+02
 7.12955E+02,  5.51686E+02,  3.78119E+02,  2.87258E+02,  3.16842E+02
 4.20710E+02,  5.12886E+02,  5.13672E+02,  4.89352E+02,  4.28813E+02
 3.79951E+02,  2.52100E+02,  2.52100E+02,  2.30255E+02,  2.30255E+02
 2.30255E+02,  2.30255E+02,  2.30255E+02,  2.30255E+02,  4.03561E+02
 1.46874E+02,  3.00959E+02,  8.62827E+02,  9.16534E+02,  5.41915E+02
 3.81184E+02,  2.88899E+02,  2.78353E+02,  3.81620E+02,  4.89483E+02
 5.02988E+02,  4.85529E+02,  4.29033E+02,  3.80937E+02,  2.48868E+02
 2.48868E+02,  2.31608E+02,  2.31608E+02,  2.31608E+02,  2.31608E+02
 2.31608E+02,  2.31608E+02,  2.33567E+02,  1.40837E+02,  3.23663E+02
 9.57676E+02,  1.01076E+03,  6.12570E+02,  3.76897E+02,  2.64079E+02
 2.55911E+02,  3.45763E+02,  4.61241E+02,  4.96029E+02,  4.79648E+02
 4.28730E+02,  3.81594E+02,  2.45495E+02,  2.45495E+02,  2.35971E+02
 2.35971E+02,  2.35971E+02,  2.35971E+02,  2.35971E+02,  2.35971E+02
 3.19750E+02,  1.51454E+02,  3.50364E+02,  1.12661E+03,  1.13357E+03
 6.75058E+02,  3.92084E+02,  2.67275E+02,  2.36180E+02,  3.13718E+02
 4.33958E+02,  4.84951E+02,  4.69211E+02,  4.27513E+02,  3.82519E+02
 2.42102E+02,  2.42102E+02,  2.40052E+02,  2.40052E+02,  2.40052E+02
 2.40052E+02,  2.40052E+02,  2.40052E+02,  2.66897E+02,  1.50010E+02
 3.58158E+02,  1.29685E+03,  1.35419E+03,  7.74956E+02,  4.43033E+02
 2.83408E+02,  2.21436E+02,  2.85202E+02,  4.07895E+02,  4.68338E+02
 4.52563E+02,  4.23829E+02,  3.83685E+02,  2.38763E+02,  2.38763E+02
 2.42026E+02,  2.42026E+02,  2.42026E+02,  2.42026E+02,  2.42026E+02
 2.42026E+02,  2.65287E+02,  1.41960E+02,  3.50827E+02,  1.25812E+03
 1.39432E+03,  8.68011E+02,  4.98553E+02,  2.78498E+02,  2.12091E+02
 2.60178E+02,  3.83257E+02,  4.50447E+02,  4.35626E+02,  4.12304E+02
 3.82062E+02,  2.36039E+02,  2.36039E+02,  2.41360E+02,  2.41360E+02
 2.41360E+02,  2.41360E+02,  2.41360E+02,  2.41360E+02,  3.32012E+02
 1.47762E+02,  3.37198E+02,  1.09532E+03,  1.29048E+03,  8.76527E+02
 4.88228E+02,  2.64677E+02,  2.06807E+02,  2.38130E+02,  3.60499E+02
 4.35190E+02,  4.26552E+02,  4.00604E+02,  3.79723E+02,  2.33728E+02
 2.33728E+02,  2.41577E+02,  2.41577E+02,  2.41577E+02,  2.41577E+02
 2.41577E+02,  2.41577E+02,  3.48072E+02,  1.51397E+02,  3.46699E+02
 1.05226E+03,  1.09506E+03,  8.49030E+02,  4.68499E+02,  2.50473E+02
 2.01559E+02,  2.18442E+02,  3.39808E+02,  4.20576E+02,  4.17843E+02
 3.94588E+02,  3.81746E+02,  2.31441E+02,  2.31441E+02,  2.42370E+02
 2.42370E+02,  2.42370E+02,  2.42370E+02,  2.42370E+02,  2.42370E+02
 2.62438E+02,  1.59918E+02,  3.87625E+02,  1.16432E+03,  1.01384E+03
 7.67734E+02,  4.49658E+02,  2.38122E+02,  1.86490E+02,  2.08925E+02
 3.20522E+02,  4.05022E+02,  4.13020E+02,  3.96066E+02,  3.82838E+02
 2.28967E+02,  2.28967E+02,  2.42635E+02,  2.42635E+02,  2.42635E+02
 2.42635E+02,  2.42635E+02,  2.42635E+02,  3.03893E+02,  1.79375E+02
 4.51149E+02,  1.15826E+03,  1.03563E+03,  7.08502E+02,  4.24925E+02
 2.27299E+02,  1.77207E+02,  1.98880E+02,  3.03986E+02,  3.87238E+02
 4.17665E+02,  3.96570E+02,  3.81314E+02,  2.27212E+02,  2.27212E+02
 2.43504E+02,  2.43504E+02,  2.43504E+02,  2.43504E+02,  2.43504E+02
 2.43504E+02,  3.10036E+02,  1.89144E+02,  4.78813E+02,  1.22437E+03
 1.00459E+03,  6.84693E+02,  3.99585E+02,  2.20470E+02,  1.73587E+02
 1.90194E+02,  2.88844E+02,  3.72200E+02,  4.15719E+02,  3.96844E+02
 3.82278E+02,  2.25218E+02,  2.25218E+02,  2.44227E+02,  2.44227E+02
 2.44227E+02,  2.44227E+02,  2.44227E+02,  2.44227E+02,  2.99648E+02
 1.87748E+02,  4.74850E+02,  1.21606E+03,  9.83819E+02,  6.51639E+02
 3.77435E+02,  2.15821E+02,  1.73715E+02,  1.83035E+02,  2.75412E+02
 3.60674E+02,  4.09619E+02,  3.93708E+02,  3.81482E+02,  2.23348E+02
 2.23348E+02,  2.42650E+02,  2.42650E+02,  2.42650E+02,  2.42650E+02
 2.42650E+02,  2.42650E+02,  3.16830E+02,  1.86082E+02,  4.66851E+02
 1.07658E+03,  9.09774E+02,  6.15216E+02,  3.53895E+02,  2.19313E+02
 1.69566E+02,  1.79780E+02,  2.63523E+02,  3.50942E+02,  4.05530E+02
 3.89870E+02,  3.78145E+02,  2.21948E+02,  2.21948E+02,  2.45979E+02
 2.45979E+02,  2.45979E+02,  2.45979E+02,  2.45979E+02,  2.45979E+02
 3.12725E+02,  1.81250E+02,  4.83140E+02,  1.03661E+03,  8.29645E+02
 5.90692E+02,  3.41715E+02,  2.14465E+02,  1.63823E+02,  1.78897E+02
 2.52549E+02,  3.42597E+02,  4.04024E+02,  3.87881E+02,  3.73922E+02
 2.21503E+02,  2.21503E+02,  2.56319E+02,  2.56319E+02,  2.56319E+02
 2.56319E+02,  2.56319E+02,  2.56319E+02,  2.93436E+02,  1.88604E+02
 5.27217E+02,  1.05892E+03,  8.53631E+02,  5.49849E+02,  3.42089E+02
 2.04668E+02,  1.73896E+02,  1.76550E+02,  2.42546E+02,  3.36573E+02
 4.00735E+02,  3.87031E+02,  3.70421E+02,  2.19393E+02,  2.19393E+02
 2.53470E+02,  2.53470E+02,  2.53470E+02,  2.53470E+02,  2.53470E+02
 2.53470E+02,  3.12430E+02,  2.09021E+02,  5.67354E+02,  1.16637E+03
 8.18737E+02,  5.34661E+02,  3.41206E+02,  2.08477E+02,  1.72075E+02
 1.75285E+02,  2.35160E+02,  3.30942E+02,  3.94736E+02,  3.83012E+02
 3.64903E+02,  2.15909E+02,  2.15909E+02,  2.53887E+02,  2.53887E+02
 2.53887E+02,  2.53887E+02,  2.53887E+02,  2.53887E+02,  3.03482E+02
 2.31484E+02,  5.96072E+02,  1.16381E+03,  7.78149E+02,  5.65960E+02
 3.28763E+02,  2.28477E+02,  1.69620E+02,  1.73693E+02,  2.28936E+02
 3.18966E+02,  3.89495E+02,  3.76249E+02,  3.56064E+02,  2.13921E+02
 2.13921E+02,  2.54186E+02,  2.54186E+02,  2.54186E+02,  2.54186E+02
 2.54186E+02,  2.54186E+02,  2.67738E+02,  2.58818E+02,  5.96940E+02
 1.06077E+03,  7.53244E+02,  5.65975E+02,  3.31841E+02,  2.44479E+02
 1.69745E+02,  1.72975E+02,  2.20553E+02,  2.94454E+02,  3.76870E+02
 3.66350E+02,  3.45400E+02,  2.13758E+02,  2.13758E+02,  2.53900E+02
 2.53900E+02,  2.53900E+02,  2.53900E+02,  2.53900E+02,  2.53900E+02
 4.58090E+02,  2.97682E+02,  5.38794E+02,  8.45720E+02,  6.96442E+02
 5.53432E+02,  3.52950E+02,  2.42198E+02,  1.69327E+02,  1.72554E+02
 2.17110E+02,  2.84189E+02,  3.24574E+02,  3.38602E+02,  3.31858E+02
 2.17617E+02,  2.17617E+02,  2.56225E+02,  2.56225E+02,  2.56225E+02
 2.56225E+02,  2.56225E+02,  2.56225E+02,  3.45128E+02,  3.16513E+02
 5.02153E+02,  6.75851E+02,  6.33605E+02,  5.37718E+02,  3.76606E+02
 2.41966E+02,  1.68214E+02,  1.71320E+02,  2.25023E+02,  2.82667E+02
 3.06396E+02,  3.20306E+02,  3.20799E+02,  2.19313E+02,  2.19313E+02
 2.58780E+02,  2.58780E+02,  2.58780E+02,  2.58780E+02,  2.58780E+02
 2.58780E+02,  4.97805E+02,  3.50358E+02,  5.11970E+02,  5.92610E+02
 5.70977E+02,  5.15935E+02,  3.98400E+02,  2.57184E+02,  1.66650E+02
 1.73152E+02,  2.29948E+02,  2.77345E+02,  3.14043E+02,  3.13579E+02
 3.13503E+02,  2.22839E+02,  2.22839E+02,  2.63635E+02,  2.63635E+02
 2.63635E+02,  2.63635E+02,  2.63635E+02,  2.63635E+02,  5.36380E+02
 3.80757E+02,  5.67920E+02,  5.94058E+02,  5.17427E+02,  5.03612E+02
 4.18254E+02,  2.52835E+02,  1.74062E+02,  1.77498E+02,  2.33886E+02
 2.79428E+02,  3.13889E+02,  3.07606E+02,  3.01687E+02,  2.25778E+02
 2.25778E+02,  2.66267E+02,  2.66267E+02,  2.66267E+02,  2.66267E+02
 2.66267E+02,  2.66267E+02,  3.12130E+02,  3.54504E+02,  6.73987E+02
 6.43024E+02,  5.28108E+02,  5.13478E+02,  4.25119E+02,  2.35750E+02
 1.77442E+02,  1.83761E+02,  2.32437E+02,  2.78873E+02,  3.12307E+02
 2.98869E+02,  2.81570E+02,  2.26755E+02,  2.26755E+02,  2.66058E+02
 2.66058E+02,  2.66058E+02,  2.66058E+02,  2.66058E+02,  2.66058E+02
 3.78480E+02,  3.45717E+02,  7.73903E+02,  7.18696E+02,  5.45885E+02
 5.24935E+02,  4.16857E+02,  2.26198E+02,  1.74352E+02,  1.97853E+02
 2.29610E+02,  2.74024E+02,  3.05287E+02,  2.94175E+02,  2.75905E+02
 2.28085E+02,  2.28085E+02,  2.67286E+02,  2.67286E+02,  2.67286E+02
 2.67286E+02,  2.67286E+02,  2.67286E+02,  3.31480E+02,  3.71416E+02
 8.53824E+02,  7.87887E+02,  5.69408E+02,  5.28531E+02,  3.81110E+02
 2.08713E+02,  1.70639E+02,  1.99025E+02,  2.30232E+02,  2.75070E+02
 3.04507E+02,  3.03919E+02,  2.81748E+02,  2.28232E+02,  2.28232E+02
 2.69591E+02,  2.69591E+02,  2.69591E+02,  2.69591E+02,  2.69591E+02
 2.69591E+02,  3.66937E+02,  4.53418E+02,  8.98753E+02,  8.39517E+02
 6.01749E+02,  5.36772E+02,  3.44926E+02,  1.92068E+02,  1.72150E+02
 1.98162E+02,  2.30278E+02,  2.71354E+02,  3.00110E+02,  3.01735E+02
 2.81009E+02,  2.25982E+02,  2.25982E+02,  2.74808E+02,  2.74808E+02
 2.74808E+02,  2.74808E+02,  2.74808E+02,  2.74808E+02,  3.77063E+02
 4.93718E+02,  9.76287E+02,  8.69432E+02,  6.23197E+02,  5.05432E+02
 2.98852E+02,  1.76103E+02,  1.73591E+02,  1.98152E+02,  2.29500E+02
 2.57279E+02,  2.85805E+02,  2.82530E+02,  2.74983E+02,  2.24257E+02
 2.24257E+02,  2.83265E+02,  2.83265E+02,  2.83265E+02,  2.83265E+02
 2.83265E+02,  2.83265E+02,  2.88990E+02,  4.75632E+02,  1.06335E+03
 9.10217E+02,  5.95412E+02,  4.52248E+02,  2.39341E+02,  1.73052E+02
 1.85841E+02,  1.99905E+02,  2.28616E+02,  2.55309E+02,  2.83377E+02
 2.77643E+02,  2.69984E+02,  2.28192E+02,  2.28192E+02,  2.93278E+02
 2.93278E+02,  2.93278E+02,  2.93278E+02,  2.93278E+02,  2.93278E+02
 5.68582E+02,  5.17672E+02,  9.25122E+02,  8.03692E+02,  5.49602E+02
 3.59399E+02,  2.12077E+02,  1.80231E+02,  1.90596E+02,  2.05153E+02
 2.34916E+02,  2.74564E+02,  2.95439E+02,  2.92373E+02,  2.72412E+02
 2.35435E+02,  2.35435E+02,  3.01837E+02,  3.01837E+02,  3.01837E+02
 3.01837E+02,  3.01837E+02,  3.01837E+02,  3.19916E+02,  5.45862E+02
 8.42497E+02,  7.48010E+02,  5.00949E+02,  3.11096E+02,  2.10025E+02
 1.90301E+02,  1.96670E+02,  2.17239E+02,  2.68741E+02,  3.25642E+02
 3.35609E+02,  3.18700E+02,  2.99062E+02,  2.44594E+02,  2.44594E+02
 3.09785E+02,  3.09785E+02,  3.09785E+02,  3.09785E+02,  3.09785E+02
 3.09785E+02,  9.57456E+02,  7.51399E+02,  7.44272E+02,  5.83682E+02
 4.29936E+02,  2.81611E+02,  2.10561E+02,  2.10794E+02,  2.32981E+02
 2.48240E+02,  2.91861E+02,  3.47267E+02,  3.55661E+02,  3.37566E+02
 3.12176E+02,  2.53442E+02,  2.53442E+02,  3.19799E+02,  3.19799E+02
 3.19799E+02,  3.19799E+02,  3.19799E+02,  3.19799E+02,  6.48154E+02
 6.48930E+02,  6.23781E+02,  5.13096E+02,  4.14188E+02,  2.69798E+02
 2.12084E+02,  2.52966E+02,  2.47656E+02,  2.53236E+02,  3.07947E+02
 3.54040E+02,  3.53167E+02,  3.34627E+02,  3.17241E+02,  2.61396E+02
 2.61396E+02,  3.31810E+02,  3.31810E+02,  3.31810E+02,  3.31810E+02
 3.31810E+02,  3.31810E+02,  8.62662E+02,  6.19749E+02,  5.39629E+02
 4.62846E+02,  3.85572E+02,  2.77933E+02,  3.03520E+02,  2.90459E+02
 2.52875E+02,  2.57623E+02,  3.24347E+02,  3.73593E+02,  3.71751E+02
 3.60226E+02,  3.30722E+02,  2.70319E+02,  2.70319E+02,  3.45751E+02
 3.45751E+02,  3.45751E+02,  3.45751E+02,  3.45751E+02,  3.45751E+02
 1.00268E+03,  7.12470E+02,  5.34681E+02,  4.84818E+02,  3.98262E+02
 2.97145E+02,  2.91121E+02,  2.26655E+02,  2.06849E+02,  2.62682E+02
 3.47395E+02,  4.08747E+02,  4.10831E+02,  3.95986E+02,  3.50496E+02
 2.81191E+02,  2.81191E+02,  3.62737E+02,  3.62737E+02,  3.62737E+02
 3.62737E+02,  3.62737E+02,  3.62737E+02,  3.26811E+02,  4.43054E+02
 6.75013E+02,  6.21422E+02,  4.68548E+02,  2.90528E+02,  1.90177E+02
 1.74488E+02,  1.92687E+02,  2.66908E+02,  3.70703E+02,  4.37994E+02
 4.36191E+02,  4.18358E+02,  3.67491E+02,  2.91459E+02,  2.91459E+02
 3.82812E+02,  3.82812E+02,  3.82812E+02,  3.82812E+02,  3.82812E+02
 3.82812E+02,  5.10326E+02,  5.98393E+02,  9.01436E+02,  6.79716E+02
 4.34473E+02,  2.57381E+02,  1.67271E+02,  1.53542E+02,  1.87098E+02
 2.82100E+02,  3.94561E+02,  4.52821E+02,  4.48365E+02,  4.35361E+02
 3.84530E+02,  3.01043E+02,  3.01043E+02,  4.06344E+02,  4.06344E+02
 4.06344E+02,  4.06344E+02,  4.06344E+02,  4.06344E+02,  4.63410E+02
 5.79172E+02,  7.65288E+02,  6.08166E+02,  3.95980E+02,  2.09404E+02
 1.58217E+02,  1.51878E+02,  2.04634E+02,  3.07876E+02,  3.95446E+02
 4.38741E+02,  4.42583E+02,  4.37046E+02,  3.98250E+02,  3.09708E+02
 3.09708E+02,  4.32365E+02,  4.32365E+02,  4.32365E+02,  4.32365E+02
 4.32365E+02,  4.32365E+02,  5.00351E+02,  4.13205E+02,  5.30836E+02
 4.75862E+02,  3.32893E+02,  2.20931E+02,  2.00049E+02,  2.11946E+02
 2.39977E+02,  3.05773E+02,  3.76486E+02,  4.07531E+02,  4.37779E+02
 4.35049E+02,  4.06126E+02,  3.18326E+02,  3.18326E+02,  4.54893E+02
 4.54893E+02,  4.54893E+02,  4.54893E+02,  4.54893E+02,  4.54893E+02
 3.55311E+02,  3.15683E+02,  5.06418E+02,  5.89416E+02,  4.28815E+02
 2.72723E+02,  2.17201E+02,  2.51662E+02,  3.01210E+02,  3.10450E+02
 3.52735E+02,  4.04398E+02,  4.42939E+02,  4.40158E+02,  4.16558E+02
 3.29137E+02,  3.29137E+02,  4.72979E+02,  4.72979E+02,  4.72979E+02
 4.72979E+02,  4.72979E+02,  4.72979E+02,  3.37769E+02,  2.72907E+02
 6.09611E+02,  9.41805E+02,  8.06990E+02,  6.50949E+02,  5.35086E+02
 3.98864E+02,  3.33882E+02,  3.20090E+02,  3.42368E+02,  3.99118E+02
 4.46509E+02,  4.53366E+02,  4.34023E+02,  3.43893E+02,  3.43893E+02
 4.93468E+02,  4.93468E+02,  4.93468E+02,  4.93468E+02,  4.93468E+02
 4.93468E+02,  3.34024E+02,  2.69618E+02,  5.96082E+02,  9.75378E+02
 1.03414E+03,  8.65007E+02,  6.26166E+02,  4.24687E+02,  3.36720E+02
 3.17237E+02,  3.39208E+02,  3.86037E+02,  4.43875E+02,  4.58883E+02
 4.55408E+02,  3.62417E+02,  3.62417E+02,  5.14526E+02,  5.14526E+02
 5.14526E+02,  5.14526E+02,  5.14526E+02,  5.14526E+02,  3.73485E+02
 3.05286E+02,  4.56117E+02,  6.22058E+02,  7.63128E+02,  7.14783E+02
 5.29478E+02,  4.17636E+02,  3.38685E+02,  3.07089E+02,  3.38735E+02
 3.87348E+02,  4.45111E+02,  4.71243E+02,  4.75037E+02,  3.79669E+02
 3.79669E+02,  5.39074E+02,  5.39074E+02,  5.39074E+02,  5.39074E+02
 5.39074E+02,  5.39074E+02,  3.66192E+02,  3.44901E+02,  3.58484E+02
 3.57596E+02,  3.79025E+02,  4.71785E+02,  4.50004E+02,  3.78444E+02
 3.30380E+02,  3.02770E+02,  3.39717E+02,  3.80435E+02,  4.58615E+02
 4.82788E+02,  4.85750E+02,  3.95143E+02,  3.95143E+02,  5.66856E+02
 5.66856E+02,  5.66856E+02,  5.66856E+02,  5.66856E+02,  5.66856E+02
 4.70003E+02,  5.64353E+02,  3.61614E+02,  2.45080E+02,  2.23812E+02
 2.79553E+02,  3.29265E+02,  3.16564E+02,  2.95990E+02,  2.97645E+02
 3.35489E+02,  3.69936E+02,  4.63168E+02,  4.86878E+02,  4.96400E+02
 4.09945E+02,  4.09945E+02,  5.92389E+02,  5.92389E+02,  5.92389E+02
 5.92389E+02,  5.92389E+02,  5.92389E+02,  4.29790E+02,  8.14770E+02
 4.13281E+02,  2.17273E+02,  1.85540E+02,  2.24459E+02,  2.63114E+02
 2.56979E+02,  2.61922E+02,  2.76232E+02,  3.25326E+02,  3.69877E+02
 4.50676E+02,  4.95249E+02,  5.10765E+02,  4.25718E+02,  4.25718E+02
 6.13537E+02,  6.13537E+02,  6.13537E+02,  6.13537E+02,  6.13537E+02
 6.13537E+02,  5.06965E+02,  1.52995E+03,  5.79389E+02,  2.20493E+02
 1.82917E+02,  2.02345E+02,  2.37136E+02,  2.45260E+02,  2.33536E+02
 2.53152E+02,  3.17388E+02,  3.72969E+02,  4.36822E+02,  5.12937E+02
 5.30127E+02,  4.41455E+02,  4.41455E+02,  6.35056E+02,  6.35056E+02
 6.35056E+02,  6.35056E+02,  6.35056E+02,  6.35056E+02,  5.02746E+02
 1.44187E+03,  7.70446E+02,  2.58372E+02,  2.26605E+02,  2.20617E+02
 2.20190E+02,  2.28143E+02,  2.24161E+02,  2.45648E+02,  3.09941E+02
 3.75792E+02,  4.39027E+02,  5.16337E+02,  5.47745E+02,  4.56667E+02
 4.56667E+02,  6.54914E+02,  6.54914E+02,  6.54914E+02,  6.54914E+02
 6.54914E+02,  6.54914E+02,  4.71726E+02,  1.10928E+03,  8.28550E+02
 3.11687E+02,  2.66848E+02,  2.72728E+02,  2.38492E+02,  2.21035E+02
 2.12479E+02,  2.38984E+02,  3.02958E+02,  3.78745E+02,  4.37901E+02
 4.88915E+02,  5.62565E+02,  4.71248E+02,  4.71248E+02,  6.71957E+02
 6.71957E+02,  6.71957E+02,  6.71957E+02,  6.71957E+02,  6.71957E+02
 5.62593E+02,  9.74403E+02,  8.89620E+02,  3.72842E+02,  3.43642E+02
 3.24010E+02,  2.39081E+02,  2.12792E+02,  2.01524E+02,  2.19021E+02
 2.92893E+02,  3.85798E+02,  4.30414E+02,  4.86686E+02,  5.70097E+02
 4.87950E+02,  4.87950E+02,  6.87956E+02,  6.87956E+02,  6.87956E+02
 6.87956E+02,  6.87956E+02,  6.87956E+02,  5.22310E+02,  9.42848E+02
 8.96328E+02,  4.12964E+02,  4.50308E+02,  4.36391E+02,  2.50660E+02
 1.98703E+02,  1.81293E+02,  2.02942E+02,  2.78195E+02,  3.87259E+02
 4.40952E+02,  4.93793E+02,  5.65170E+02,  5.07690E+02,  5.07690E+02
 7.04271E+02,  7.04271E+02,  7.04271E+02,  7.04271E+02,  7.04271E+02
 7.04271E+02,  4.73337E+02,  7.54037E+02,  8.05882E+02,  4.50058E+02
 5.75428E+02,  5.66190E+02,  2.78494E+02,  1.98030E+02,  1.66709E+02
 1.87421E+02,  2.64108E+02,  3.78568E+02,  4.47029E+02,  4.94973E+02
 5.51661E+02,  5.20634E+02,  5.20634E+02,  7.19544E+02,  7.19544E+02
 7.19544E+02,  7.19544E+02,  7.19544E+02,  7.19544E+02,  5.37904E+02
 6.70169E+02,  6.04878E+02,  5.23268E+02,  7.36227E+02,  6.69710E+02
 3.07901E+02,  1.97960E+02,  1.56766E+02,  1.73444E+02,  2.51449E+02
 3.65543E+02,  4.56847E+02,  4.95103E+02,  5.40883E+02,  5.31321E+02
 5.31321E+02,  7.33461E+02,  7.33461E+02,  7.33461E+02,  7.33461E+02
 7.33461E+02,  7.33461E+02,  3.93568E+02,  4.92774E+02,  4.79758E+02
 6.13724E+02,  9.42489E+02,  7.38173E+02,  3.34040E+02,  1.89844E+02
 1.52400E+02,  1.61590E+02,  2.40735E+02,  3.48326E+02,  4.56447E+02
 4.78065E+02,  5.40667E+02,  5.44005E+02,  5.44005E+02,  7.46354E+02
 7.46354E+02,  7.46354E+02,  7.46354E+02,  7.46354E+02,  7.46354E+02
 4.96729E+02,  4.21048E+02,  4.79335E+02,  7.20029E+02,  9.92029E+02
 7.96554E+02,  3.52417E+02,  1.84729E+02,  1.50316E+02,  1.52824E+02
 2.29764E+02,  3.36902E+02,  4.50055E+02,  4.80547E+02,  5.40207E+02
 5.56955E+02,  5.56955E+02,  7.58408E+02,  7.58408E+02,  7.58408E+02
 7.58408E+02,  7.58408E+02,  7.58408E+02,  3.74677E+02,  5.30421E+02
 6.14166E+02,  7.78051E+02,  1.00354E+03,  8.17791E+02,  3.64501E+02
 1.79355E+02,  1.53658E+02,  1.47503E+02,  2.18884E+02,  3.26788E+02
 4.39034E+02,  4.83737E+02,  5.27210E+02,  5.69717E+02,  5.69717E+02
 7.70196E+02,  7.70196E+02,  7.70196E+02,  7.70196E+02,  7.70196E+02
 7.70196E+02,  4.80982E+02,  5.45472E+02,  7.54866E+02,  8.46113E+02
 1.02111E+03,  8.33045E+02,  3.75103E+02,  1.76586E+02,  1.57714E+02
 1.45225E+02,  2.09948E+02,  3.15348E+02,  4.25461E+02,  4.74662E+02
 5.12201E+02,  5.82008E+02,  5.82008E+02,  7.81945E+02,  7.81945E+02
 7.81945E+02,  7.81945E+02,  7.81945E+02,  7.81945E+02,  3.16886E+02
 4.79269E+02,  7.61862E+02,  9.24303E+02,  9.85035E+02,  8.17528E+02
 3.84781E+02,  1.79122E+02,  1.60058E+02,  1.48250E+02,  2.01867E+02
 3.03597E+02,  4.10767E+02,  4.64229E+02,  4.94150E+02,  5.94404E+02
 5.94404E+02,  7.93349E+02,  7.93349E+02,  7.93349E+02,  7.93349E+02
 7.93349E+02,  7.93349E+02,  4.57788E+02,  4.83189E+02,  7.12904E+02
 1.00638E+03,  9.69223E+02,  7.44403E+02,  4.02876E+02,  1.82104E+02
 1.55022E+02,  1.53959E+02,  2.00545E+02,  2.92248E+02,  3.96047E+02
 4.52428E+02,  4.83602E+02,  6.06880E+02,  6.06880E+02,  8.04515E+02
 8.04515E+02,  8.04515E+02,  8.04515E+02,  8.04515E+02,  8.04515E+02
 3.22851E+02,  4.23621E+02,  6.88715E+02,  9.85669E+02,  1.04329E+03
 6.66579E+02,  4.15386E+02,  1.86250E+02,  1.49365E+02,  1.59277E+02
 2.04715E+02,  2.77394E+02,  3.82113E+02,  4.38222E+02,  4.73193E+02
 6.18634E+02,  6.18634E+02,  8.15810E+02,  8.15810E+02,  8.15810E+02
 8.15810E+02,  8.15810E+02,  8.15810E+02,  3.88771E+02,  3.72478E+02
 6.74485E+02,  8.16405E+02,  9.40287E+02,  6.34800E+02,  4.13324E+02
 2.02163E+02,  1.49059E+02,  1.62533E+02,  2.11901E+02,  2.72013E+02
 3.67727E+02,  4.24683E+02,  4.47660E+02,  6.30256E+02,  6.30256E+02
 8.27414E+02,  8.27414E+02,  8.27414E+02,  8.27414E+02,  8.27414E+02
 8.27414E+02,  3.25663E+02,  4.30769E+02,  6.64816E+02,  6.61595E+02
 7.50905E+02,  6.14921E+02,  4.17339E+02,  2.26254E+02,  1.52319E+02
 1.62094E+02,  2.20054E+02,  2.74018E+02,  3.53917E+02,  4.12178E+02
 4.27151E+02,  6.41464E+02,  6.41464E+02,  8.39498E+02,  8.39498E+02
 8.39498E+02,  8.39498E+02,  8.39498E+02,  8.39498E+02,  3.68920E+02
 4.30855E+02,  6.47488E+02,  6.14985E+02,  6.38577E+02,  6.00075E+02
 4.33356E+02,  2.54916E+02,  1.56293E+02,  1.67725E+02,  2.22953E+02
 2.77926E+02,  3.40870E+02,  4.00940E+02,  4.08693E+02,  6.51536E+02
 6.51536E+02,  8.52610E+02,  8.52610E+02,  8.52610E+02,  8.52610E+02
 8.52610E+02,  8.52610E+02,  3.36177E+02,  4.68539E+02,  6.42370E+02
 6.16825E+02,  6.16001E+02,  5.96808E+02,  4.42978E+02,  2.86920E+02
 1.65751E+02,  1.76266E+02,  2.28113E+02,  2.78246E+02,  3.31959E+02
 3.90718E+02,  3.91228E+02,  6.60574E+02,  6.60574E+02,  8.66631E+02
 8.66631E+02,  8.66631E+02,  8.66631E+02,  8.66631E+02,  8.66631E+02
 3.30231E+02,  4.13193E+02,  6.19583E+02,  6.16052E+02,  6.17992E+02
 6.38414E+02,  4.61793E+02,  3.18395E+02,  1.78451E+02,  1.89117E+02
 2.36039E+02,  2.81524E+02,  3.28855E+02,  3.81524E+02,  3.76584E+02
 6.67687E+02,  6.67687E+02,  8.81200E+02,  8.81200E+02,  8.81200E+02
 8.81200E+02,  8.81200E+02,  8.81200E+02,  3.71048E+02,  3.58793E+02
 5.23736E+02,  6.07759E+02,  6.27763E+02,  6.61561E+02,  4.88778E+02
 3.47391E+02,  1.96930E+02,  2.03789E+02,  2.46394E+02,  2.84598E+02
 3.29173E+02,  3.74838E+02,  3.66100E+02,  6.73391E+02,  6.73391E+02
 8.96679E+02,  8.96679E+02,  8.96679E+02,  8.96679E+02,  8.96679E+02
 8.96679E+02,  3.82116E+02,  4.69490E+02,  4.88524E+02,  5.18380E+02
 6.12579E+02,  6.92645E+02,  5.07275E+02,  3.76985E+02,  2.21141E+02
 2.20249E+02,  2.60758E+02,  2.89355E+02,  3.28583E+02,  3.70953E+02
 3.60919E+02,  6.78857E+02,  6.78857E+02,  9.13051E+02,  9.13051E+02
 9.13051E+02,  9.13051E+02,  9.13051E+02,  9.13051E+02,  4.08244E+02
 4.07631E+02,  4.80552E+02,  4.45909E+02,  5.27900E+02,  6.90791E+02
 5.14836E+02,  4.04549E+02,  2.50704E+02,  2.40596E+02,  2.76006E+02
 2.97644E+02,  3.29578E+02,  3.69542E+02,  3.62459E+02,  6.80620E+02
 6.80620E+02,  9.30145E+02,  9.30145E+02,  9.30145E+02,  9.30145E+02
 9.30145E+02,  9.30145E+02,  3.61094E+02,  4.04403E+02,  4.71569E+02
 3.93361E+02,  4.38156E+02,  6.63985E+02,  5.16296E+02,  4.27178E+02
 2.83955E+02,  2.63714E+02,  2.93246E+02,  3.08820E+02,  3.28525E+02
 3.65761E+02,  3.64045E+02,  6.75924E+02,  6.75924E+02,  9.48848E+02
 9.48848E+02,  9.48848E+02,  9.48848E+02,  9.48848E+02,  9.48848E+02
 4.18463E+02,  4.85500E+02,  4.70005E+02,  3.61069E+02,  3.75221E+02
 5.68574E+02,  5.20679E+02,  4.51812E+02,  3.18047E+02,  2.93156E+02
 3.11957E+02,  3.22286E+02,  3.30240E+02,  3.57262E+02,  3.53214E+02
 6.68803E+02,  6.68803E+02,  9.69438E+02,  9.69438E+02,  9.69438E+02
 9.69438E+02,  9.69438E+02,  9.69438E+02,  3.33953E+02,  4.63387E+02
 5.28317E+02,  3.44623E+02,  3.34566E+02,  4.72024E+02,  5.20175E+02
 4.74056E+02,  3.46817E+02,  3.32052E+02,  3.35747E+02,  3.37607E+02
 3.32116E+02,  3.49849E+02,  3.25094E+02,  6.67707E+02,  6.67707E+02
 9.91160E+02,  9.91160E+02,  9.91160E+02,  9.91160E+02,  9.91160E+02
 9.91160E+02,  4.09097E+02,  4.92124E+02,  5.69607E+02,  3.31027E+02
 3.02249E+02,  4.12735E+02,  5.01813E+02,  4.79554E+02,  3.82032E+02
 3.65163E+02,  3.69477E+02,  3.47617E+02,  3.35234E+02,  3.49767E+02
 3.18150E+02,  6.65323E+02,  6.65323E+02,  1.01411E+03,  1.01411E+03
 1.01411E+03,  1.01411E+03,  1.01411E+03,  1.01411E+03,  3.59644E+02
 6.76357E+02,  5.41627E+02,  3.08577E+02,  2.84521E+02,  3.81669E+02
 4.72595E+02,  4.71433E+02,  4.28105E+02,  3.88950E+02,  4.06786E+02
 3.56727E+02,  3.39130E+02,  3.48340E+02,  3.30651E+02,  6.58980E+02
 6.58980E+02,  1.03809E+03,  1.03809E+03,  1.03809E+03,  1.03809E+03
 1.03809E+03,  1.03809E+03,  5.47527E+02,  5.73358E+02,  4.53745E+02
 2.93999E+02,  2.79204E+02,  3.67998E+02,  4.39552E+02,  4.66182E+02
 4.52921E+02,  4.32919E+02,  4.30598E+02,  3.70313E+02,  3.41257E+02
 3.47190E+02,  3.37928E+02,  6.53189E+02,  6.53189E+02,  1.06271E+03
 1.06271E+03,  1.06271E+03,  1.06271E+03,  1.06271E+03,  1.06271E+03
 4.07724E+02,  4.74366E+02,  4.36670E+02,  3.07658E+02,  2.93001E+02
 3.57030E+02,  4.04738E+02,  4.59154E+02,  4.81986E+02,  4.60695E+02
 4.41053E+02,  3.73715E+02,  3.42530E+02,  3.43501E+02,  3.37365E+02
 6.48970E+02,  6.48970E+02,  1.08950E+03,  1.08950E+03,  1.08950E+03
 1.08950E+03,  1.08950E+03,  1.08950E+03,  4.37775E+02,  5.18608E+02
 5.38134E+02,  3.87673E+02,  3.37081E+02,  3.37255E+02,  3.66132E+02
 4.57319E+02,  5.19767E+02,  4.82493E+02,  4.37210E+02,  3.79067E+02
 3.42968E+02,  3.37904E+02,  3.37322E+02,  6.48457E+02,  6.48457E+02
 1.11914E+03,  1.11914E+03,  1.11914E+03,  1.11914E+03,  1.11914E+03
 1.11914E+03,  4.00601E+02,  6.50065E+02,  7.88896E+02,  4.76993E+02
 3.40992E+02,  3.00158E+02,  3.37591E+02,  4.60030E+02,  5.61950E+02
 5.00896E+02,  4.42189E+02,  3.83706E+02,  3.44320E+02,  3.31403E+02
 3.33877E+02,  6.50205E+02,  6.50205E+02,  1.15024E+03,  1.15024E+03
 1.15024E+03,  1.15024E+03,  1.15024E+03,  1.15024E+03,  4.80780E+02
 7.82764E+02,  7.92773E+02,  4.60736E+02,  2.83412E+02,  2.54219E+02
 3.14981E+02,  4.72997E+02,  5.83913E+02,  4.76725E+02,  4.55847E+02
 3.90227E+02,  3.44024E+02,  3.24553E+02,  3.05331E+02,  6.49085E+02
 6.49085E+02,  1.18294E+03,  1.18294E+03,  1.18294E+03,  1.18294E+03
 1.18294E+03,  1.18294E+03,  4.37626E+02,  7.03570E+02,  6.10965E+02
 3.24584E+02,  2.19508E+02,  2.22905E+02,  3.10699E+02,  4.83490E+02
 5.65588E+02,  4.68755E+02,  4.95608E+02,  4.04269E+02,  3.41584E+02
 3.18084E+02,  3.03970E+02,  6.39056E+02,  6.39056E+02,  1.21688E+03
 1.21688E+03,  1.21688E+03,  1.21688E+03,  1.21688E+03,  1.21688E+03
 4.47569E+02,  5.74098E+02,  4.92315E+02,  2.68199E+02,  2.05929E+02
 2.23114E+02,  3.15054E+02,  4.68003E+02,  5.05701E+02,  4.97455E+02
 5.21249E+02,  4.13720E+02,  3.37458E+02,  3.11873E+02,  3.14260E+02
 6.27305E+02,  6.27305E+02,  1.25111E+03,  1.25111E+03,  1.25111E+03
 1.25111E+03,  1.25111E+03,  1.25111E+03,  4.56325E+02,  8.15595E+02
 5.90550E+02,  2.96511E+02,  2.20693E+02,  2.29680E+02,  3.11123E+02
 4.44963E+02,  5.16344E+02,  5.54069E+02,  5.36697E+02,  4.09105E+02
 3.29006E+02,  3.04377E+02,  3.20334E+02,  6.23205E+02,  6.23205E+02
 1.28895E+03,  1.28895E+03,  1.28895E+03,  1.28895E+03,  1.28895E+03
 1.28895E+03,  5.05219E+02,  1.20998E+03,  8.93283E+02,  3.53098E+02
 2.37888E+02,  2.33404E+02,  3.08789E+02,  4.50403E+02,  5.45627E+02
 7.11303E+02,  5.92428E+02,  3.80425E+02,  3.19652E+02,  2.93192E+02
 3.16191E+02,  6.19974E+02,  6.19974E+02,  1.33190E+03,  1.33190E+03
 1.33190E+03,  1.33190E+03,  1.33190E+03,  1.33190E+03,  5.33167E+02
 1.09446E+03,  9.23266E+02,  3.76860E+02,  2.37773E+02,  2.30005E+02
 2.90967E+02,  3.84611E+02,  5.62450E+02,  6.69011E+02,  4.90955E+02
 3.52826E+02,  3.07055E+02,  2.84376E+02,  3.04785E+02,  6.15229E+02
 6.15229E+02,  1.37673E+03,  1.37673E+03,  1.37673E+03,  1.37673E+03
 1.37673E+03,  1.37673E+03,  4.24475E+02,  1.14191E+03,  8.24311E+02
 3.53423E+02,  2.20973E+02,  2.14251E+02,  2.86274E+02,  3.82790E+02
 4.53184E+02,  4.85368E+02,  4.34710E+02,  3.26250E+02,  2.86302E+02
 2.82034E+02,  2.97102E+02,  6.15890E+02,  6.15890E+02,  1.42337E+03
 1.42337E+03,  1.42337E+03,  1.42337E+03,  1.42337E+03,  1.42337E+03
 4.94391E+02,  1.08802E+03,  8.32656E+02,  3.43456E+02,  2.05223E+02
 2.17389E+02,  3.34648E+02,  4.66838E+02,  4.59009E+02,  4.50676E+02
 3.92082E+02,  2.96937E+02,  2.67231E+02,  2.79576E+02,  2.97770E+02
 6.24431E+02,  6.24431E+02,  1.47022E+03,  1.47022E+03,  1.47022E+03
 1.47022E+03,  1.47022E+03,  1.47022E+03,  4.40980E+02,  1.14389E+03
 8.37523E+02,  3.38212E+02,  2.09415E+02,  2.42437E+02,  3.77194E+02
 4.74791E+02,  4.68212E+02,  4.28185E+02,  3.37205E+02,  2.80735E+02
 2.53059E+02,  2.68480E+02,  3.05341E+02,  6.43554E+02,  6.43554E+02
 1.51650E+03,  1.51650E+03,  1.51650E+03,  1.51650E+03,  1.51650E+03
 1.51650E+03,  4.71648E+02,  1.06984E+03,  7.22465E+02,  3.45932E+02
 2.46892E+02,  3.07458E+02,  4.17903E+02,  4.38401E+02,  4.25198E+02
 3.63039E+02,  2.89070E+02,  2.65499E+02,  2.41384E+02,  2.62608E+02
 3.16759E+02,  6.65984E+02,  6.65984E+02,  1.57319E+03,  1.57319E+03
 1.57319E+03,  1.57319E+03,  1.57319E+03,  1.57319E+03,  3.69332E+02
 6.27526E+02,  7.36868E+02,  4.22539E+02,  3.57077E+02,  4.17915E+02
 4.57906E+02,  4.32296E+02,  3.90784E+02,  3.24975E+02,  2.73501E+02
 2.34244E+02,  2.36186E+02,  2.59675E+02,  3.30126E+02,  6.89334E+02
 6.89334E+02,  1.64213E+03,  1.64213E+03,  1.64213E+03,  1.64213E+03
 1.64213E+03,  1.64213E+03,  3.78678E+02,  5.54210E+02,  8.96052E+02
 6.13103E+02,  5.48370E+02,  5.32031E+02,  4.88418E+02,  4.56460E+02
 3.57296E+02,  3.03300E+02,  2.45053E+02,  2.10675E+02,  2.33058E+02
 2.61233E+02,  3.48409E+02,  7.20926E+02,  7.20926E+02,  1.71210E+03
 1.71210E+03,  1.71210E+03,  1.71210E+03,  1.71210E+03,  1.71210E+03
 3.90467E+02,  6.19538E+02,  1.24859E+03,  9.18713E+02,  6.95485E+02
 6.36040E+02,  5.19273E+02,  4.17286E+02,  3.53724E+02,  2.68240E+02
 2.12149E+02,  2.03512E+02,  2.17152E+02,  2.69976E+02,  3.72286E+02
 7.64499E+02,  7.64499E+02,  1.77468E+03,  1.77468E+03,  1.77468E+03
 1.77468E+03,  1.77468E+03,  1.77468E+03,  3.87948E+02,  8.27983E+02
 1.70758E+03,  9.44464E+02,  6.73516E+02,  6.60620E+02,  5.57353E+02
 4.33270E+02,  3.13323E+02,  2.30661E+02,  1.99490E+02,  1.96242E+02
 2.16026E+02,  2.85479E+02,  4.02713E+02,  8.30401E+02,  8.30401E+02
 1.78402E+03,  1.78402E+03,  1.78402E+03,  1.78402E+03,  1.78402E+03
 1.78402E+03,  4.38989E+02,  7.68553E+02,  1.50852E+03,  8.16263E+02
 4.98279E+02,  5.13263E+02,  5.70406E+02,  4.52867E+02,  3.14203E+02
 2.19839E+02,  1.96475E+02,  1.86686E+02,  2.24111E+02,  3.07199E+02
 4.38630E+02,  9.27638E+02,  9.27638E+02,  1.77027E+03,  1.77027E+03
 1.77027E+03,  1.77027E+03,  1.77027E+03,  1.77027E+03,  3.37710E+02
 4.91936E+02,  6.30907E+02,  5.77351E+02,  3.63284E+02,  4.07678E+02
 4.96358E+02,  3.79291E+02,  2.80342E+02,  2.12581E+02,  1.84787E+02
 1.90179E+02,  2.38397E+02,  3.32849E+02,  4.75777E+02,  1.02544E+03
 1.02544E+03,  1.79801E+03,  1.79801E+03,  1.79801E+03,  1.79801E+03
 1.79801E+03,  1.79801E+03,  6.14593E+02,  4.18546E+02,  4.01132E+02
 2.93674E+02,  2.67024E+02,  3.26989E+02,  4.10293E+02,  3.66228E+02
 2.74353E+02,  2.23381E+02,  2.08964E+02,  2.06581E+02,  2.59315E+02
 3.65675E+02,  5.13681E+02,  1.03820E+03,  1.03820E+03,  1.88698E+03
 1.88698E+03,  1.88698E+03,  1.88698E+03,  1.88698E+03,  1.88698E+03
 7.89568E+02,  8.07510E+02,  3.48323E+02,  2.33282E+02,  2.36100E+02
 2.93882E+02,  3.49255E+02,  3.31146E+02,  2.88616E+02,  2.50232E+02
 2.20648E+02,  2.29815E+02,  2.91258E+02,  4.03091E+02,  5.45669E+02
 1.02535E+03,  1.02535E+03,  2.02254E+03,  2.02254E+03,  2.02254E+03
 2.02254E+03,  2.02254E+03,  2.02254E+03,  6.34044E+02,  7.85019E+02
 4.15597E+02,  2.78140E+02,  2.46861E+02,  3.02424E+02,  3.44687E+02
 3.16270E+02,  2.75163E+02,  2.50791E+02,  2.44009E+02,  2.53461E+02
 3.19824E+02,  4.33006E+02,  5.81313E+02,  1.09934E+03,  1.09934E+03
 2.14671E+03,  2.14671E+03,  2.14671E+03,  2.14671E+03,  2.14671E+03
 2.14671E+03,  6.24233E+02,  1.50470E+03,  8.43253E+02,  3.74993E+02
 2.96869E+02,  3.71526E+02,  3.98658E+02,  3.52187E+02,  2.85520E+02
 2.67157E+02,  2.76596E+02,  2.88873E+02,  3.47604E+02,  4.69276E+02
 6.34928E+02,  1.21534E+03,  1.21534E+03,  2.25546E+03,  2.25546E+03
 2.25546E+03,  2.25546E+03,  2.25546E+03,  2.25546E+03,  6.48630E+02
 1.75221E+03,  6.88431E+02,  4.84933E+02,  4.46303E+02,  5.53932E+02
 5.94724E+02,  4.78378E+02,  3.42508E+02,  3.01430E+02,  3.10451E+02
 3.25553E+02,  3.92470E+02,  5.25889E+02,  7.02907E+02,  1.34837E+03
 1.34837E+03,  2.27675E+03,  2.27675E+03,  2.27675E+03,  2.27675E+03
 2.27675E+03,  2.27675E+03,  5.96835E+02,  7.11516E+02,  6.48349E+02
 5.21283E+02,  4.86944E+02,  5.38237E+02,  5.76418E+02,  6.04603E+02
 5.38937E+02,  3.77514E+02,  3.69652E+02,  3.87441E+02,  4.55691E+02
 5.92090E+02,  7.71245E+02,  1.45970E+03,  1.45970E+03,  2.25619E+03
 2.25619E+03,  2.25619E+03,  2.25619E+03,  2.25619E+03,  2.25619E+03
 6.35147E+02,  9.68783E+02,  4.40464E+02,  3.78031E+02,  4.24586E+02
 5.21852E+02,  5.63340E+02,  5.78818E+02,  6.01801E+02,  6.05834E+02
 4.58737E+02,  4.85937E+02,  5.34231E+02,  6.65007E+02,  8.42276E+02
 1.56661E+03,  1.56661E+03,  2.22664E+03,  2.22664E+03,  2.22664E+03
 2.22664E+03,  2.22664E+03,  2.22664E+03,  7.85422E+02,  1.18865E+03
 3.01520E+02,  2.27087E+02,  2.86855E+02,  4.07689E+02,  5.03782E+02
 5.53104E+02,  5.93326E+02,  5.99526E+02,  6.21688E+02,  5.65598E+02
 6.17278E+02,  7.47595E+02,  9.20561E+02,  1.68533E+03,  1.68533E+03
 2.24090E+03,  2.24090E+03,  2.24090E+03,  2.24090E+03,  2.24090E+03
 2.24090E+03,  5.70553E+02,  1.18421E+03,  3.02767E+02,  1.67510E+02
 1.90426E+02,  2.97100E+02,  4.41576E+02,  5.50744E+02,  5.87846E+02
 6.35137E+02,  6.55963E+02,  6.70748E+02,  7.11767E+02,  8.34135E+02
 9.99988E+02,  1.79770E+03,  1.79770E+03,  2.33186E+03,  2.33186E+03
 2.33186E+03,  2.33186E+03,  2.33186E+03,  2.33186E+03,  7.46931E+02
 8.84786E+02,  5.77607E+02,  1.51431E+02,  1.47523E+02,  2.23929E+02
 3.90639E+02,  5.57826E+02,  6.18735E+02,  6.59831E+02,  6.82112E+02
 7.33031E+02,  8.14146E+02,  9.29635E+02,  1.08080E+03,  1.85860E+03
 1.85860E+03,  2.30251E+03,  2.30251E+03,  2.30251E+03,  2.30251E+03
 2.30251E+03,  2.30251E+03,  4.72873E+02,  8.97993E+02,  1.21601E+03
 1.55221E+02,  1.32168E+02,  1.80653E+02,  3.46997E+02,  5.60929E+02
 6.68930E+02,  6.92504E+02,  7.17296E+02,  7.73781E+02,  8.72160E+02
 9.90007E+02,  1.11398E+03,  1.85217E+03,  1.85217E+03,  2.28437E+03
 2.28437E+03,  2.28437E+03,  2.28437E+03,  2.28437E+03,  2.28437E+03
 5.93794E+02,  2.13435E+03,  8.55807E+02,  1.60188E+02,  1.25881E+02
 1.58194E+02,  3.12679E+02,  5.66882E+02,  7.21835E+02,  7.34883E+02
 7.69394E+02,  8.17815E+02,  9.11064E+02,  1.02593E+03,  1.13637E+03
 1.88339E+03,  1.88339E+03,  2.32395E+03,  2.32395E+03,  2.32395E+03
 2.32395E+03,  2.32395E+03,  2.32395E+03,  4.80867E+02,  1.53411E+03
 5.45697E+02,  1.48950E+02,  1.16980E+02,  1.52164E+02,  2.88395E+02
 5.70215E+02,  7.54700E+02,  7.89098E+02,  8.05787E+02,  8.66566E+02
 9.53673E+02,  1.05778E+03,  1.15543E+03,  1.90222E+03,  1.90222E+03
 2.32830E+03,  2.32830E+03,  2.32830E+03,  2.32830E+03,  2.32830E+03
 2.32830E+03,  5.21474E+02,  1.38788E+03,  2.72214E+02,  1.27538E+02
 9.99347E+01,  1.52091E+02,  2.66194E+02,  4.56746E+02,  7.58529E+02
 8.19512E+02,  8.44082E+02,  9.00685E+02,  9.92533E+02,  1.08415E+03
 1.16670E+03,  1.92335E+03,  1.92335E+03,  2.36143E+03,  2.36143E+03
 2.36143E+03,  2.36143E+03,  2.36143E+03,  2.36143E+03,  5.75437E+02
 7.66539E+02,  1.34615E+02,  1.02337E+02,  9.86122E+01,  1.56782E+02
 2.76980E+02,  4.54886E+02,  5.81771E+02,  8.28507E+02,  8.68025E+02
 9.20978E+02,  1.01585E+03,  1.09893E+03,  1.18052E+03,  1.92353E+03
 1.92353E+03,  2.39723E+03,  2.39723E+03,  2.39723E+03,  2.39723E+03
 2.39723E+03,  2.39723E+03,  5.09942E+02,  4.76369E+02,  1.09681E+02
 9.37996E+01,  1.06120E+02,  1.76031E+02,  3.16650E+02,  4.99188E+02
 5.76962E+02,  6.89880E+02,  8.70523E+02,  9.53329E+02,  1.03174E+03
 1.11391E+03,  1.19906E+03,  1.91888E+03,  1.91888E+03,  2.41017E+03
 2.41017E+03,  2.41017E+03,  2.41017E+03,  2.41017E+03,  2.41017E+03
 5.14520E+02,  6.45859E+02,  1.44369E+02,  1.08363E+02,  1.32987E+02
 1.99181E+02,  3.21105E+02,  4.78132E+02,  6.08126E+02,  6.85662E+02
 8.82826E+02,  9.63838E+02,  1.06163E+03,  1.14127E+03,  1.19901E+03
 1.94734E+03,  1.94734E+03,  2.41134E+03,  2.41134E+03,  2.41134E+03
 2.41134E+03,  2.41134E+03,  2.41134E+03,  4.41273E+02,  5.16809E+02
 1.96261E+02,  1.61815E+02,  1.77262E+02,  2.27567E+02,  3.27016E+02
 4.63978E+02,  5.77878E+02,  7.12262E+02,  8.59045E+02,  9.58284E+02
 1.07691E+03,  1.15233E+03,  1.20325E+03,  1.92295E+03,  1.92295E+03
 2.31658E+03,  2.31658E+03,  2.31658E+03,  2.31658E+03,  2.31658E+03
 2.31658E+03,  4.51365E+02,  3.85036E+02,  2.81395E+02,  2.48689E+02
 2.40087E+02,  2.62486E+02,  3.32677E+02,  4.32019E+02,  5.75320E+02
 7.17013E+02,  8.74928E+02,  9.83902E+02,  1.07935E+03,  1.16022E+03
 1.21636E+03,  1.88356E+03,  1.88356E+03,  2.30154E+03,  2.30154E+03
 2.30154E+03,  2.30154E+03,  2.30154E+03,  2.30154E+03,  3.74073E+02
 3.97588E+02,  4.01996E+02,  3.69829E+02,  3.24100E+02,  3.10032E+02
 3.43922E+02,  4.43966E+02,  5.46276E+02,  7.53522E+02,  1.00854E+03
 1.12820E+03,  1.19673E+03,  1.25700E+03,  1.31374E+03,  2.14518E+03
 2.14518E+03,  2.79741E+03,  2.79741E+03,  2.79741E+03,  2.79741E+03
 2.79741E+03,  2.79741E+03,  6.67369E+02,  8.18706E+02,  8.07964E+02
 6.30005E+02,  4.87322E+02,  3.97443E+02,  3.66525E+02,  3.96659E+02
 5.37971E+02,  8.80976E+02,  1.58667E+03,  2.63915E+03,  3.84126E+03
 4.88261E+03,  6.01836E+03,  1.50219E+04,  1.50219E+04,  9.98880E+03
 9.98880E+03,  9.98880E+03,  9.98880E+03,  9.98880E+03,  9.98880E+03
 6.67369E+02,  8.18706E+02,  8.07964E+02,  6.30005E+02,  4.87322E+02
 3.97443E+02,  3.66525E+02,  3.96659E+02,  5.37971E+02,  8.80976E+02
 1.58667E+03,  2.63915E+03,  3.84126E+03,  4.88261E+03,  6.01836E+03
 1.50219E+04,  1.50219E+04,  9.98880E+03,  9.98880E+03,  9.98880E+03
 9.98880E+03,  9.98880E+03,  9.98880E+03,  6.72820E+02,  6.56601E+02
 5.97583E+02,  5.03703E+02,  3.89959E+02,  2.83251E+02,  2.01285E+02
 1.47062E+02,  1.14443E+02,  9.61985E+01,  8.70694E+01,  8.46561E+01
 8.81858E+01,  9.52216E+01,  1.05522E+02,  8.86395E+01,  8.86395E+01
 1.49917E+02,  1.49917E+02,  1.49917E+02,  1.49917E+02,  1.49917E+02
 1.49917E+02,  6.72820E+02,  6.56601E+02,  5.97583E+02,  5.03703E+02
 3.89959E+02,  2.83251E+02,  2.01285E+02,  1.47062E+02,  1.14443E+02
 9.61985E+01,  8.70694E+01,  8.46561E+01,  8.81858E+01,  9.52216E+01
 1.05522E+02,  8.86395E+01,  8.86395E+01,  1.49917E+02,  1.49917E+02
 1.49917E+02,  1.49917E+02,  1.49917E+02,  1.49917E+02,  6.72820E+02
 6.56601E+02,  5.97583E+02,  5.03703E+02,  3.89959E+02,  2.83251E+02
 2.01285E+02,  1.47062E+02,  1.14443E+02,  9.61985E+01,  8.70694E+01
 8.46561E+01,  8.81858E+01,  9.52216E+01,  1.05522E+02,  8.86395E+01
 8.86395E+01,  1.49917E+02,  1.49917E+02,  1.49917E+02,  1.49917E+02
 1.49917E+02,  1.49917E+02,  6.72820E+02,  6.56601E+02,  5.97583E+02
 5.03703E+02,  3.89959E+02,  2.83251E+02,  2.01285E+02,  1.47062E+02
 1.14443E+02,  9.61985E+01,  8.70694E+01,  8.46561E+01,  8.81858E+01
 9.52216E+01,  1.05522E+02,  8.86395E+01,  8.86395E+01,  1.49917E+02
 1.49917E+02,  1.49917E+02,  1.49917E+02,  1.49917E+02,  1.49917E+02
 6.72820E+02,  6.56601E+02,  5.97583E+02,  5.03703E+02,  3.89959E+02
 2.83251E+02,  2.01285E+02,  1.47062E+02,  1.14443E+02,  9.61985E+01
 8.70694E+01,  8.46561E+01,  8.81858E+01,  9.52216E+01,  1.05522E+02
 8.86395E+01,  8.86395E+01,  1.49917E+02,  1.49917E+02,  1.49917E+02
 1.49917E+02,  1.49917E+02,  1.49917E+02,  6.72820E+02,  6.56601E+02
 5.97583E+02,  5.03703E+02,  3.89959E+02,  2.83251E+02,  2.01285E+02
 1.47062E+02,  1.14443E+02,  9.61985E+01,  8.70694E+01,  8.46561E+01
 8.81858E+01,  9.52216E+01,  1.05522E+02,  8.86395E+01,  8.86395E+01
 1.49917E+02,  1.49917E+02,  1.49917E+02,  1.49917E+02,  1.49917E+02
 1.49917E+02

;-Sensitivity in the elemental sequential order

 3.18762E-02,  3.24161E-02,  3.08032E-02,  2.59890E-02,  2.00998E-02
 1.50210E-02,  1.11967E-02,  8.47781E-03,  6.55354E-03,  5.16476E-03
 4.13121E-03,  3.34294E-03,  2.74129E-03,  2.28378E-03,  1.92411E-03
 4.16053E-03,  4.16053E-03,  7.58958E-03,  7.58958E-03,  7.58958E-03
 7.58958E-03,  7.58958E-03,  7.58958E-03,  3.18762E-02,  3.24161E-02
 3.08032E-02,  2.59890E-02,  2.00998E-02,  1.50210E-02,  1.11967E-02
 8.47781E-03,  6.55354E-03,  5.16476E-03,  4.13121E-03,  3.34294E-03
 2.74129E-03,  2.28378E-03,  1.92411E-03,  4.16053E-03,  4.16053E-03
 7.58958E-03,  7.58958E-03,  7.58958E-03,  7.58958E-03,  7.58958E-03
 7.58958E-03,  3.18762E-02,  3.24161E-02,  3.08032E-02,  2.59890E-02
 2.00998E-02,  1.50210E-02,  1.11967E-02,  8.47781E-03,  6.55354E-03
 5.16476E-03,  4.13121E-03,  3.34294E-03,  2.74129E-03,  2.28378E-03
 1.92411E-03,  4.16053E-03,  4.16053E-03,  7.58958E-03,  7.58958E-03
 7.58958E-03,  7.58958E-03,  7.58958E-03,  7.58958E-03,  3.18762E-02
 3.24161E-02,  3.08032E-02,  2.59890E-02,  2.00998E-02,  1.50210E-02
 1.11967E-02,  8.47781E-03,  6.55354E-03,  5.16476E-03,  4.13121E-03
 3.34294E-03,  2.74129E-03,  2.28378E-03,  1.92411E-03,  4.16053E-03
 4.16053E-03,  7.58958E-03,  7.58958E-03,  7.58958E-03,  7.58958E-03
 7.58958E-03,  7.58958E-03,  3.18762E-02,  3.24161E-02,  3.08032E-02
 2.59890E-02,  2.00998E-02,  1.50210E-02,  1.11967E-02,  8.47781E-03
 6.55354E-03,  5.16476E-03,  4.13121E-03,  3.34294E-03,  2.74129E-03
 2.28378E-03,  1.92411E-03,  4.16053E-03,  4.16053E-03,  7.58958E-03
 7.58958E-03,  7.58958E-03,  7.58958E-03,  7.58958E-03,  7.58958E-03
 3.18762E-02,  3.24161E-02,  3.08032E-02,  2.59890E-02,  2.00998E-02
 1.50210E-02,  1.11967E-02,  8.47781E-03,  6.55354E-03,  5.16476E-03
 4.13121E-03,  3.34294E-03,  2.74129E-03,  2.28378E-03,  1.92411E-03
 4.16053E-03,  4.16053E-03,  7.58958E-03,  7.58958E-03,  7.58958E-03
 7.58958E-03,  7.58958E-03,  7.58958E-03,  5.38649E-01,  1.73470E-01
 6.85268E-02,  3.06739E-02,  1.52545E-02,  8.57674E-03,  5.36444E-03
 3.63882E-03,  2.54870E-03,  1.83521E-03,  1.32822E-03,  9.59266E-04
 6.97537E-04,  5.14143E-04,  3.82076E-04,  5.92129E-04,  5.92129E-04
 5.47799E-04,  5.47799E-04,  5.47799E-04,  5.47799E-04,  5.47799E-04
 5.47799E-04,  5.38649E-01,  1.73470E-01,  6.85268E-02,  3.06739E-02
 1.52545E-02,  8.57674E-03,  5.36444E-03,  3.63882E-03,  2.54870E-03
 1.83521E-03,  1.32822E-03,  9.59266E-04,  6.97537E-04,  5.14143E-04
 3.82076E-04,  5.92129E-04,  5.92129E-04,  5.47799E-04,  5.47799E-04
 5.47799E-04,  5.47799E-04,  5.47799E-04,  5.47799E-04,  6.62398E-01
 1.58662E-01,  5.21029E-02,  1.91108E-02,  7.29440E-03,  3.48774E-03
 1.92187E-03,  1.21714E-03,  8.87217E-04,  6.36415E-04,  4.43734E-04
 3.14244E-04,  2.29472E-04,  1.70482E-04,  1.28629E-04,  1.87166E-04
 1.87166E-04,  1.92336E-04,  1.92336E-04,  1.92336E-04,  1.92336E-04
 1.92336E-04,  1.92336E-04,  1.83475E+00,  3.82608E-01,  1.14465E-01
 3.25916E-02,  1.01555E-02,  4.00661E-03,  2.08156E-03,  1.23163E-03
 7.76571E-04,  5.52807E-04,  4.08248E-04,  2.94659E-04,  2.19915E-04
 1.66838E-04,  1.27722E-04,  1.99507E-04,  1.99507E-04,  2.35672E-04
 2.35672E-04,  2.35672E-04,  2.35672E-04,  2.35672E-04,  2.35672E-04
 1.08628E+00,  5.26813E-01,  1.39176E-01,  4.31200E-02,  1.18920E-02
 4.30098E-03,  2.23744E-03,  1.28884E-03,  7.96688E-04,  5.30730E-04
 3.75952E-04,  2.77478E-04,  2.07967E-04,  1.60349E-04,  1.24786E-04
 1.97196E-04,  1.97196E-04,  2.39471E-04,  2.39471E-04,  2.39471E-04
 2.39471E-04,  2.39471E-04,  2.39471E-04,  1.65146E+00,  8.20788E-01
 1.51730E-01,  3.78667E-02,  1.17170E-02,  4.26510E-03,  2.25958E-03
 1.36722E-03,  8.41905E-04,  5.47429E-04,  3.71480E-04,  2.68695E-04
 2.00897E-04,  1.55230E-04,  1.21484E-04,  1.94651E-04,  1.94651E-04
 2.43137E-04,  2.43137E-04,  2.43137E-04,  2.43137E-04,  2.43137E-04
 2.43137E-04,  1.64847E+00,  8.67076E-01,  1.19574E-01,  3.07074E-02
 1.06499E-02,  4.30287E-03,  2.41849E-03,  1.46291E-03,  9.33388E-04
 5.85593E-04,  3.89139E-04,  2.72565E-04,  1.98912E-04,  1.52193E-04
 1.19008E-04,  1.94705E-04,  1.94705E-04,  2.49988E-04,  2.49988E-04
 2.49988E-04,  2.49988E-04,  2.49988E-04,  2.49988E-04,  2.03612E+00
 8.10403E-01,  1.34591E-01,  2.79392E-02,  1.03188E-02,  4.53484E-03
 2.58138E-03,  1.67151E-03,  1.01767E-03,  6.54899E-04,  4.26967E-04
 2.87007E-04,  2.02288E-04,  1.51384E-04,  1.17386E-04,  1.96886E-04
 1.96886E-04,  2.56691E-04,  2.56691E-04,  2.56691E-04,  2.56691E-04
 2.56691E-04,  2.56691E-04,  1.89880E+00,  8.42231E-01,  1.33030E-01
 2.90119E-02,  1.10598E-02,  5.10010E-03,  2.92666E-03,  1.81668E-03
 1.15873E-03,  7.46933E-04,  4.79736E-04,  3.11447E-04,  2.11580E-04
 1.53978E-04,  1.17307E-04,  2.01957E-04,  2.01957E-04,  2.63527E-04
 2.63527E-04,  2.63527E-04,  2.63527E-04,  2.63527E-04,  2.63527E-04
 2.00349E+00,  8.57059E-01,  1.46069E-01,  3.50311E-02,  1.38820E-02
 5.54037E-03,  3.23813E-03,  2.03350E-03,  1.30101E-03,  8.30840E-04
 5.42670E-04,  3.41361E-04,  2.26453E-04,  1.60447E-04,  1.19093E-04
 2.10054E-04,  2.10054E-04,  2.70981E-04,  2.70981E-04,  2.70981E-04
 2.70981E-04,  2.70981E-04,  2.70981E-04,  1.96613E+00,  8.90662E-01
 1.45073E-01,  3.81517E-02,  1.57222E-02,  6.85967E-03,  3.69410E-03
 2.22634E-03,  1.40505E-03,  9.30678E-04,  5.89403E-04,  3.76141E-04
 2.45983E-04,  1.69775E-04,  1.22829E-04,  2.20694E-04,  2.20694E-04
 2.79041E-04,  2.79041E-04,  2.79041E-04,  2.79041E-04,  2.79041E-04
 2.79041E-04,  2.19000E+00,  8.86744E-01,  1.49957E-01,  3.81419E-02
 1.55482E-02,  7.68356E-03,  4.13628E-03,  2.38501E-03,  1.52760E-03
 9.85319E-04,  6.41885E-04,  4.13860E-04,  2.68952E-04,  1.82394E-04
 1.28829E-04,  2.34232E-04,  2.34232E-04,  2.88279E-04,  2.88279E-04
 2.88279E-04,  2.88279E-04,  2.88279E-04,  2.88279E-04,  2.17199E+00
 9.13428E-01,  1.47991E-01,  3.89276E-02,  1.72529E-02,  8.33897E-03
 4.56123E-03,  2.55367E-03,  1.56616E-03,  1.04731E-03,  6.94271E-04
 4.51599E-04,  2.94728E-04,  1.97732E-04,  1.37005E-04,  2.50499E-04
 2.50499E-04,  2.98237E-04,  2.98237E-04,  2.98237E-04,  2.98237E-04
 2.98237E-04,  2.98237E-04,  2.04470E+00,  9.06397E-01,  1.57321E-01
 4.40737E-02,  2.00899E-02,  9.50381E-03,  4.89211E-03,  2.65268E-03
 1.62287E-03,  1.10616E-03,  7.35202E-04,  4.87593E-04,  3.21752E-04
 2.14500E-04,  1.46796E-04,  2.68574E-04,  2.68574E-04,  3.07927E-04
 3.07927E-04,  3.07927E-04,  3.07927E-04,  3.07927E-04,  3.07927E-04
 2.03282E+00,  8.94139E-01,  1.66598E-01,  4.79892E-02,  2.11248E-02
 1.02207E-02,  5.08845E-03,  2.78171E-03,  1.72153E-03,  1.12417E-03
 7.83340E-04,  5.20434E-04,  3.48351E-04,  2.32574E-04,  1.58239E-04
 2.88575E-04,  2.88575E-04,  3.18231E-04,  3.18231E-04,  3.18231E-04
 3.18231E-04,  3.18231E-04,  3.18231E-04,  1.90836E+00,  8.43298E-01
 1.71779E-01,  4.86010E-02,  2.15185E-02,  1.03025E-02,  5.49851E-03
 3.04963E-03,  1.78907E-03,  1.17118E-03,  8.11265E-04,  5.51841E-04
 3.73601E-04,  2.51551E-04,  1.70938E-04,  3.09630E-04,  3.09630E-04
 3.30806E-04,  3.30806E-04,  3.30806E-04,  3.30806E-04,  3.30806E-04
 3.30806E-04,  1.85392E+00,  8.35936E-01,  1.71763E-01,  4.35651E-02
 2.20784E-02,  1.03394E-02,  5.59441E-03,  3.21342E-03,  1.87628E-03
 1.19941E-03,  8.32683E-04,  5.80749E-04,  3.96235E-04,  2.70713E-04
 1.84270E-04,  3.31072E-04,  3.31072E-04,  3.43735E-04,  3.43735E-04
 3.43735E-04,  3.43735E-04,  3.43735E-04,  3.43735E-04,  2.16878E+00
 9.40994E-01,  1.81490E-01,  4.45568E-02,  2.02982E-02,  1.04058E-02
 5.46766E-03,  3.15100E-03,  1.98912E-03,  1.22092E-03,  8.52813E-04
 6.05806E-04,  4.17888E-04,  2.90468E-04,  1.98660E-04,  3.53959E-04
 3.53959E-04,  3.55953E-04,  3.55953E-04,  3.55953E-04,  3.55953E-04
 3.55953E-04,  3.55953E-04,  2.03187E+00,  9.59726E-01,  1.74698E-01
 4.50825E-02,  2.15661E-02,  9.65525E-03,  5.41006E-03,  3.30732E-03
 2.03276E-03,  1.25208E-03,  8.72181E-04,  6.24906E-04,  4.39352E-04
 3.10772E-04,  2.14207E-04,  3.78166E-04,  3.78166E-04,  3.67304E-04
 3.67304E-04,  3.67304E-04,  3.67304E-04,  3.67304E-04,  3.67304E-04
 2.56377E+00,  1.03443E+00,  1.73919E-01,  4.28830E-02,  2.15666E-02
 9.58950E-03,  5.16440E-03,  3.21942E-03,  2.10667E-03,  1.28192E-03
 8.85647E-04,  6.43131E-04,  4.60611E-04,  3.30234E-04,  2.30082E-04
 4.01752E-04,  4.01752E-04,  3.78776E-04,  3.78776E-04,  3.78776E-04
 3.78776E-04,  3.78776E-04,  3.78776E-04,  2.51679E+00,  1.02468E+00
 1.72800E-01,  4.00232E-02,  2.01535E-02,  9.30366E-03,  4.82447E-03
 3.02348E-03,  2.14948E-03,  1.31788E-03,  8.99122E-04,  6.64548E-04
 4.84084E-04,  3.48405E-04,  2.46371E-04,  4.24772E-04,  4.24772E-04
 3.91782E-04,  3.91782E-04,  3.91782E-04,  3.91782E-04,  3.91782E-04
 3.91782E-04,  2.18821E+00,  1.00479E+00,  1.71625E-01,  4.12114E-02
 2.11539E-02,  9.57991E-03,  4.63510E-03,  2.93757E-03,  2.13758E-03
 1.36099E-03,  9.15428E-04,  6.87264E-04,  5.08003E-04,  3.68093E-04
 2.62975E-04,  4.46855E-04,  4.46855E-04,  4.06701E-04,  4.06701E-04
 4.06701E-04,  4.06701E-04,  4.06701E-04,  4.06701E-04,  2.28381E+00
 9.74142E-01,  1.82807E-01,  4.62401E-02,  2.28648E-02,  1.07922E-02
 4.99630E-03,  2.91177E-03,  2.12119E-03,  1.40806E-03,  9.33166E-04
 7.05993E-04,  5.27441E-04,  3.87354E-04,  2.78218E-04,  4.67905E-04
 4.67905E-04,  4.20680E-04,  4.20680E-04,  4.20680E-04,  4.20680E-04
 4.20680E-04,  4.20680E-04,  2.44758E+00,  1.03724E+00,  1.89295E-01
 5.08825E-02,  2.53815E-02,  1.18870E-02,  5.44443E-03,  2.98923E-03
 2.12104E-03,  1.46489E-03,  9.52128E-04,  7.23901E-04,  5.50255E-04
 4.03480E-04,  2.90522E-04,  4.89897E-04,  4.89897E-04,  4.34961E-04
 4.34961E-04,  4.34961E-04,  4.34961E-04,  4.34961E-04,  4.34961E-04
 2.16319E+00,  1.05431E+00,  1.88422E-01,  5.10961E-02,  2.58781E-02
 1.28704E-02,  5.84223E-03,  3.10113E-03,  2.20231E-03,  1.49035E-03
 9.80534E-04,  7.42551E-04,  5.71943E-04,  4.13817E-04,  3.03633E-04
 5.12447E-04,  5.12447E-04,  4.50268E-04,  4.50268E-04,  4.50268E-04
 4.50268E-04,  4.50268E-04,  4.50268E-04,  2.77757E+00,  1.09999E+00
 1.85240E-01,  5.46158E-02,  2.48338E-02,  1.30132E-02,  6.15706E-03
 3.25114E-03,  2.27391E-03,  1.53405E-03,  1.00574E-03,  7.63134E-04
 5.80900E-04,  4.25329E-04,  3.17490E-04,  5.33933E-04,  5.33933E-04
 4.64537E-04,  4.64537E-04,  4.64537E-04,  4.64537E-04,  4.64537E-04
 4.64537E-04,  2.74162E+00,  1.09906E+00,  1.88081E-01,  5.42471E-02
 2.53020E-02,  1.28032E-02,  6.36513E-03,  3.41342E-03,  2.33932E-03
 1.58617E-03,  1.03434E-03,  7.79167E-04,  5.94398E-04,  4.36900E-04
 3.29476E-04,  5.55732E-04,  5.55732E-04,  4.78750E-04,  4.78750E-04
 4.78750E-04,  4.78750E-04,  4.78750E-04,  4.78750E-04,  2.65834E+00
 1.09319E+00,  1.93025E-01,  5.70081E-02,  2.60975E-02,  1.32479E-02
 6.55903E-03,  3.60869E-03,  2.38946E-03,  1.64726E-03,  1.06257E-03
 7.92641E-04,  6.10294E-04,  4.49595E-04,  3.41882E-04,  5.77323E-04
 5.77323E-04,  4.94978E-04,  4.94978E-04,  4.94978E-04,  4.94978E-04
 4.94978E-04,  4.94978E-04,  2.66666E+00,  1.09369E+00,  1.99698E-01
 6.56099E-02,  2.88797E-02,  1.41598E-02,  6.90424E-03,  3.71433E-03
 2.49354E-03,  1.68780E-03,  1.09059E-03,  8.05243E-04,  6.21771E-04
 4.61157E-04,  3.54527E-04,  5.98733E-04,  5.98733E-04,  5.05579E-04
 5.05579E-04,  5.05579E-04,  5.05579E-04,  5.05579E-04,  5.05579E-04
 2.72789E+00,  1.13877E+00,  2.02736E-01,  7.01281E-02,  3.19014E-02
 1.46520E-02,  7.24915E-03,  3.90363E-03,  2.63012E-03,  1.71641E-03
 1.12436E-03,  8.18386E-04,  6.29558E-04,  4.71756E-04,  3.67625E-04
 6.21038E-04,  6.21038E-04,  5.09786E-04,  5.09786E-04,  5.09786E-04
 5.09786E-04,  5.09786E-04,  5.09786E-04,  2.69592E+00,  1.15360E+00
 2.02438E-01,  7.26834E-02,  3.05664E-02,  1.51005E-02,  7.49240E-03
 4.20796E-03,  2.62120E-03,  1.78845E-03,  1.15957E-03,  8.29010E-04
 6.38846E-04,  4.81812E-04,  3.80407E-04,  6.42630E-04,  6.42630E-04
 5.26709E-04,  5.26709E-04,  5.26709E-04,  5.26709E-04,  5.26709E-04
 5.26709E-04,  3.51491E+00,  1.28215E+00,  2.13333E-01,  7.15340E-02
 3.01418E-02,  1.53621E-02,  7.64587E-03,  4.40535E-03,  2.71789E-03
 1.83340E-03,  1.19416E-03,  8.37149E-04,  6.49496E-04,  4.93202E-04
 3.94461E-04,  6.65803E-04,  6.65803E-04,  5.38930E-04,  5.38930E-04
 5.38930E-04,  5.38930E-04,  5.38930E-04,  5.38930E-04,  3.11156E+00
 1.31763E+00,  2.27892E-01,  7.53884E-02,  3.01805E-02,  1.52783E-02
 8.02159E-03,  4.46652E-03,  2.81825E-03,  1.88424E-03,  1.22981E-03
 8.57647E-04,  6.56290E-04,  5.07385E-04,  4.11763E-04,  6.87885E-04
 6.87885E-04,  5.51025E-04,  5.51025E-04,  5.51025E-04,  5.51025E-04
 5.51025E-04,  5.51025E-04,  3.94312E+00,  1.35520E+00,  2.55484E-01
 8.01263E-02,  3.14225E-02,  1.64015E-02,  8.46770E-03,  4.57041E-03
 2.89187E-03,  1.93455E-03,  1.27888E-03,  9.10718E-04,  6.63926E-04
 5.26328E-04,  4.30636E-04,  7.07571E-04,  7.07571E-04,  5.63837E-04
 5.63837E-04,  5.63837E-04,  5.63837E-04,  5.63837E-04,  5.63837E-04
 3.58762E+00,  1.38434E+00,  2.94889E-01,  9.03243E-02,  3.49805E-02
 1.78853E-02,  9.01997E-03,  4.84811E-03,  2.95363E-03,  1.98310E-03
 1.32408E-03,  9.36324E-04,  7.38110E-04,  5.60119E-04,  4.48691E-04
 7.19970E-04,  7.19970E-04,  5.73046E-04,  5.73046E-04,  5.73046E-04
 5.73046E-04,  5.73046E-04,  5.73046E-04,  3.45944E+00,  1.31287E+00
 3.28770E-01,  1.00363E-01,  3.83214E-02,  1.92699E-02,  9.75081E-03
 5.04595E-03,  3.02300E-03,  2.05132E-03,  1.33132E-03,  9.51888E-04
 7.67958E-04,  5.80695E-04,  4.60225E-04,  7.34459E-04,  7.34459E-04
 5.82135E-04,  5.82135E-04,  5.82135E-04,  5.82135E-04,  5.82135E-04
 5.82135E-04,  3.38864E+00,  1.30743E+00,  3.38523E-01,  1.04304E-01
 4.05159E-02,  2.06123E-02,  1.04067E-02,  4.91347E-03,  3.14167E-03
 2.09670E-03,  1.35443E-03,  9.81919E-04,  7.55304E-04,  5.86566E-04
 4.64995E-04,  7.46391E-04,  7.46391E-04,  5.89016E-04,  5.89016E-04
 5.89016E-04,  5.89016E-04,  5.89016E-04,  5.89016E-04,  4.04585E+00
 1.49414E+00,  3.63809E-01,  1.05559E-01,  4.23647E-02,  2.13685E-02
 1.07070E-02,  4.94160E-03,  3.17341E-03,  2.15524E-03,  1.37883E-03
 9.91764E-04,  7.64623E-04,  5.94060E-04,  4.72404E-04,  7.54934E-04
 7.54934E-04,  5.97718E-04,  5.97718E-04,  5.97718E-04,  5.97718E-04
 5.97718E-04,  5.97718E-04,  3.73858E+00,  1.53349E+00,  3.80432E-01
 1.10130E-01,  4.11224E-02,  2.10851E-02,  1.07077E-02,  5.01231E-03
 3.23730E-03,  2.20619E-03,  1.41787E-03,  1.01257E-03,  7.77899E-04
 6.12047E-04,  4.91474E-04,  7.61071E-04,  7.61071E-04,  6.09866E-04
 6.09866E-04,  6.09866E-04,  6.09866E-04,  6.09866E-04,  6.09866E-04
 4.57537E+00,  1.64505E+00,  3.65108E-01,  1.10216E-01,  4.05124E-02
 2.07312E-02,  1.03135E-02,  4.92643E-03,  3.39472E-03,  2.19968E-03
 1.47513E-03,  1.04619E-03,  8.02943E-04,  6.28067E-04,  4.92432E-04
 7.64707E-04,  7.64707E-04,  6.19761E-04,  6.19761E-04,  6.19761E-04
 6.19761E-04,  6.19761E-04,  6.19761E-04,  4.77563E+00,  1.59710E+00
 3.42912E-01,  1.08194E-01,  3.98754E-02,  2.04135E-02,  9.89657E-03
 4.98120E-03,  3.51122E-03,  2.25784E-03,  1.51302E-03,  1.06456E-03
 8.13942E-04,  6.17038E-04,  4.80971E-04,  7.69461E-04,  7.69461E-04
 6.26501E-04,  6.26501E-04,  6.26501E-04,  6.26501E-04,  6.26501E-04
 6.26501E-04,  5.68255E+00,  1.58210E+00,  3.50914E-01,  1.08995E-01
 3.94510E-02,  1.93270E-02,  9.13590E-03,  5.17160E-03,  3.61061E-03
 2.32968E-03,  1.55665E-03,  1.09789E-03,  8.34287E-04,  6.24715E-04
 4.83583E-04,  7.79721E-04,  7.79721E-04,  6.28429E-04,  6.28429E-04
 6.28429E-04,  6.28429E-04,  6.28429E-04,  6.28429E-04,  5.27630E+00
 1.62470E+00,  3.79039E-01,  1.15358E-01,  3.96950E-02,  1.88032E-02
 8.61486E-03,  5.57813E-03,  3.72037E-03,  2.38663E-03,  1.60919E-03
 1.17307E-03,  8.81621E-04,  6.62673E-04,  4.92830E-04,  7.89530E-04
 7.89530E-04,  6.25350E-04,  6.25350E-04,  6.25350E-04,  6.25350E-04
 6.25350E-04,  6.25350E-04,  6.27470E+00,  1.81154E+00,  4.00959E-01
 1.20665E-01,  4.23711E-02,  1.82673E-02,  9.12875E-03,  5.90138E-03
 3.70791E-03,  2.45182E-03,  1.66892E-03,  1.21790E-03,  8.98380E-04
 6.73256E-04,  4.97813E-04,  7.84310E-04,  7.84310E-04,  6.19391E-04
 6.19391E-04,  6.19391E-04,  6.19391E-04,  6.19391E-04,  6.19391E-04
 6.03654E+00,  1.98833E+00,  4.82547E-01,  1.42467E-01,  4.59921E-02
 1.95640E-02,  9.80431E-03,  6.03305E-03,  3.79428E-03,  2.48270E-03
 1.70014E-03,  1.19198E-03,  8.76025E-04,  6.45735E-04,  4.92418E-04
 7.70802E-04,  7.70802E-04,  6.16183E-04,  6.16183E-04,  6.16183E-04
 6.16183E-04,  6.16183E-04,  6.16183E-04,  6.40437E+00,  2.06201E+00
 5.51252E-01,  1.46685E-01,  4.92574E-02,  2.03178E-02,  1.01847E-02
 6.17231E-03,  3.84573E-03,  2.46231E-03,  1.61228E-03,  1.09436E-03
 8.02348E-04,  6.07773E-04,  4.57532E-04,  7.58137E-04,  7.58137E-04
 6.14486E-04,  6.14486E-04,  6.14486E-04,  6.14486E-04,  6.14486E-04
 6.14486E-04,  5.85132E+00,  1.88932E+00,  5.70683E-01,  1.63251E-01
 5.60623E-02,  2.15114E-02,  1.05294E-02,  6.10867E-03,  3.56811E-03
 2.39877E-03,  1.60516E-03,  1.08499E-03,  7.82104E-04,  5.88062E-04
 4.47055E-04,  7.48381E-04,  7.48381E-04,  6.09380E-04,  6.09380E-04
 6.09380E-04,  6.09380E-04,  6.09380E-04,  6.09380E-04,  4.65662E+00
 2.03261E+00,  5.97774E-01,  1.69277E-01,  5.81351E-02,  2.21484E-02
 1.09996E-02,  5.45226E-03,  3.59626E-03,  2.49290E-03,  1.61861E-03
 1.10660E-03,  7.99753E-04,  6.01612E-04,  4.45107E-04,  7.43417E-04
 7.43417E-04,  6.02977E-04,  6.02977E-04,  6.02977E-04,  6.02977E-04
 6.02977E-04,  6.02977E-04,  5.14328E+00,  1.94809E+00,  5.83827E-01
 1.77632E-01,  6.20309E-02,  2.14409E-02,  8.77558E-03,  5.30291E-03
 3.80381E-03,  2.62714E-03,  1.63337E-03,  1.10225E-03,  7.88041E-04
 5.82023E-04,  4.38026E-04,  7.40980E-04,  7.40980E-04,  5.95941E-04
 5.95941E-04,  5.95941E-04,  5.95941E-04,  5.95941E-04,  5.95941E-04
 5.59477E+00,  2.01079E+00,  6.45929E-01,  1.76274E-01,  5.92336E-02
 2.00923E-02,  8.71819E-03,  5.77400E-03,  4.16435E-03,  2.60998E-03
 1.61666E-03,  1.06604E-03,  7.55661E-04,  5.62950E-04,  4.31254E-04
 7.38974E-04,  7.38974E-04,  5.85809E-04,  5.85809E-04,  5.85809E-04
 5.85809E-04,  5.85809E-04,  5.85809E-04,  5.36684E+00,  2.84677E+00
 6.53817E-01,  1.51105E-01,  4.77025E-02,  1.87687E-02,  1.04174E-02
 6.50708E-03,  4.26412E-03,  2.58895E-03,  1.57056E-03,  1.03759E-03
 7.49320E-04,  5.64430E-04,  4.32516E-04,  7.41142E-04,  7.41142E-04
 5.73804E-04,  5.73804E-04,  5.73804E-04,  5.73804E-04,  5.73804E-04
 5.73804E-04,  5.94493E+00,  1.97605E+00,  5.00362E-01,  1.30013E-01
 4.43357E-02,  1.80558E-02,  1.08250E-02,  7.04857E-03,  4.32144E-03
 2.49356E-03,  1.51753E-03,  1.02842E-03,  7.59764E-04,  5.72215E-04
 4.38299E-04,  7.46779E-04,  7.46779E-04,  5.60112E-04,  5.60112E-04
 5.60112E-04,  5.60112E-04,  5.60112E-04,  5.60112E-04,  7.29366E+00
 1.90890E+00,  4.44163E-01,  1.17813E-01,  4.49413E-02,  2.13100E-02
 1.18307E-02,  7.20963E-03,  4.10534E-03,  2.38933E-03,  1.52058E-03
 1.04394E-03,  7.80678E-04,  5.87479E-04,  4.46307E-04,  7.53576E-04
 7.53576E-04,  5.45207E-04,  5.45207E-04,  5.45207E-04,  5.45207E-04
 5.45207E-04,  5.45207E-04,  4.43786E+00,  1.68606E+00,  4.14663E-01
 1.44203E-01,  5.71434E-02,  2.18653E-02,  1.01509E-02,  5.84226E-03
 3.92577E-03,  2.47345E-03,  1.53751E-03,  1.08386E-03,  7.93848E-04
 6.04241E-04,  4.57979E-04,  7.60662E-04,  7.60662E-04,  5.35375E-04
 5.35375E-04,  5.35375E-04,  5.35375E-04,  5.35375E-04,  5.35375E-04
 4.88143E+00,  1.59926E+00,  3.91348E-01,  1.31144E-01,  4.86529E-02
 1.95741E-02,  9.92030E-03,  5.61496E-03,  3.64060E-03,  2.53235E-03
 1.58226E-03,  1.08189E-03,  8.03762E-04,  6.17308E-04,  4.68574E-04
 7.66651E-04,  7.66651E-04,  5.30607E-04,  5.30607E-04,  5.30607E-04
 5.30607E-04,  5.30607E-04,  5.30607E-04,  3.69714E+00,  1.54900E+00
 3.07081E-01,  8.58916E-02,  2.92580E-02,  1.17518E-02,  7.11970E-03
 5.62961E-03,  3.89338E-03,  2.48619E-03,  1.60948E-03,  1.08699E-03
 8.14055E-04,  6.23178E-04,  4.75286E-04,  7.69986E-04,  7.69986E-04
 5.24494E-04,  5.24494E-04,  5.24494E-04,  5.24494E-04,  5.24494E-04
 5.24494E-04,  4.05365E+00,  1.51038E+00,  2.94713E-01,  7.48190E-02
 2.41911E-02,  1.18926E-02,  7.78249E-03,  5.60758E-03,  3.80848E-03
 2.48491E-03,  1.61791E-03,  1.10894E-03,  8.23904E-04,  6.32977E-04
 4.77852E-04,  7.72950E-04,  7.72950E-04,  5.19371E-04,  5.19371E-04
 5.19371E-04,  5.19371E-04,  5.19371E-04,  5.19371E-04,  4.53223E+00
 1.48446E+00,  3.47158E-01,  9.24926E-02,  2.60591E-02,  1.27206E-02
 8.49247E-03,  5.55642E-03,  3.78393E-03,  2.52850E-03,  1.63233E-03
 1.11367E-03,  8.35424E-04,  6.32571E-04,  4.81081E-04,  7.77982E-04
 7.77982E-04,  5.13013E-04,  5.13013E-04,  5.13013E-04,  5.13013E-04
 5.13013E-04,  5.13013E-04,  3.70039E+00,  1.75776E+00,  4.15394E-01
 1.20871E-01,  3.78848E-02,  1.57048E-02,  9.34614E-03,  5.88311E-03
 3.80795E-03,  2.56439E-03,  1.64223E-03,  1.13476E-03,  8.26832E-04
 6.33626E-04,  4.87945E-04,  7.81605E-04,  7.81605E-04,  5.04896E-04
 5.04896E-04,  5.04896E-04,  5.04896E-04,  5.04896E-04,  5.04896E-04
 7.24705E+00,  1.94864E+00,  4.27222E-01,  1.29707E-01,  4.75223E-02
 2.18408E-02,  1.15689E-02,  6.44207E-03,  3.95430E-03,  2.53723E-03
 1.66538E-03,  1.15479E-03,  8.19668E-04,  6.43356E-04,  4.92780E-04
 7.85224E-04,  7.85224E-04,  4.99394E-04,  4.99394E-04,  4.99394E-04
 4.99394E-04,  4.99394E-04,  4.99394E-04,  5.08066E+00,  2.38398E+00
 4.27059E-01,  1.10257E-01,  4.56038E-02,  2.33774E-02,  1.33610E-02
 7.48813E-03,  4.10750E-03,  2.56008E-03,  1.68353E-03,  1.15187E-03
 8.29870E-04,  6.45525E-04,  4.95649E-04,  7.88416E-04,  7.88416E-04
 4.97229E-04,  4.97229E-04,  4.97229E-04,  4.97229E-04,  4.97229E-04
 4.97229E-04,  9.26502E+00,  1.80388E+00,  4.05757E-01,  9.16190E-02
 4.02577E-02,  2.33565E-02,  1.36691E-02,  7.57654E-03,  4.32133E-03
 2.59659E-03,  1.66955E-03,  1.14433E-03,  8.38031E-04,  6.31091E-04
 4.97431E-04,  7.90398E-04,  7.90398E-04,  4.94336E-04,  4.94336E-04
 4.94336E-04,  4.94336E-04,  4.94336E-04,  4.94336E-04,  7.53187E+00
 2.10268E+00,  4.89386E-01,  8.95750E-02,  3.48671E-02,  2.09768E-02
 1.37187E-02,  7.76764E-03,  4.27918E-03,  2.55811E-03,  1.64991E-03
 1.13820E-03,  8.22546E-04,  6.23376E-04,  4.99362E-04,  7.92455E-04
 7.92455E-04,  4.92203E-04,  4.92203E-04,  4.92203E-04,  4.92203E-04
 4.92203E-04,  4.92203E-04,  3.28778E+00,  2.26138E+00,  5.18127E-01
 9.19927E-02,  3.62344E-02,  1.88031E-02,  1.21423E-02,  7.55137E-03
 4.29030E-03,  2.50634E-03,  1.62460E-03,  1.12604E-03,  8.10951E-04
 6.36495E-04,  4.93024E-04,  7.95552E-04,  7.95552E-04,  4.91184E-04
 4.91184E-04,  4.91184E-04,  4.91184E-04,  4.91184E-04,  4.91184E-04
 7.90561E+00,  1.59431E+00,  3.88941E-01,  8.89788E-02,  3.77579E-02
 1.92095E-02,  1.15029E-02,  7.22041E-03,  4.23503E-03,  2.54163E-03
 1.59015E-03,  1.09776E-03,  8.17286E-04,  6.22743E-04,  4.86856E-04
 7.95733E-04,  7.95733E-04,  4.89959E-04,  4.89959E-04,  4.89959E-04
 4.89959E-04,  4.89959E-04,  4.89959E-04,  2.63227E+00,  5.48147E-01
 2.80519E-01,  8.53380E-02,  3.87116E-02,  1.86560E-02,  1.05174E-02
 7.00997E-03,  4.26387E-03,  2.53728E-03,  1.57628E-03,  1.07570E-03
 8.03256E-04,  6.05285E-04,  4.85820E-04,  7.93346E-04,  7.93346E-04
 4.89554E-04,  4.89554E-04,  4.89554E-04,  4.89554E-04,  4.89554E-04
 4.89554E-04,  2.40856E+00,  5.87811E-01,  2.35909E-01,  7.94052E-02
 3.77941E-02,  1.84756E-02,  9.23535E-03,  6.42739E-03,  4.22741E-03
 2.55468E-03,  1.56480E-03,  1.06333E-03,  7.94989E-04,  5.95718E-04
 4.87462E-04,  7.92785E-04,  7.92785E-04,  4.89713E-04,  4.89713E-04
 4.89713E-04,  4.89713E-04,  4.89713E-04,  4.89713E-04,  1.22473E+00
 4.47167E-01,  1.95489E-01,  6.57394E-02,  3.50821E-02,  1.83012E-02
 8.37220E-03,  5.77814E-03,  4.08211E-03,  2.56988E-03,  1.55487E-03
 1.05262E-03,  7.78825E-04,  5.88319E-04,  4.86574E-04,  7.90083E-04
 7.90083E-04,  4.89257E-04,  4.89257E-04,  4.89257E-04,  4.89257E-04
 4.89257E-04,  4.89257E-04,  1.71147E+00,  4.48800E-01,  1.40558E-01
 5.37197E-02,  3.09013E-02,  1.81047E-02,  7.85646E-03,  5.31624E-03
 3.85481E-03,  2.58632E-03,  1.54444E-03,  1.05083E-03,  7.69969E-04
 5.96912E-04,  4.75775E-04,  7.86310E-04,  7.86310E-04,  4.89080E-04
 4.89080E-04,  4.89080E-04,  4.89080E-04,  4.89080E-04,  4.89080E-04
 1.42523E+00,  4.90342E-01,  1.35685E-01,  5.06320E-02,  3.11722E-02
 1.79567E-02,  7.64540E-03,  4.93413E-03,  3.67204E-03,  2.57955E-03
 1.54656E-03,  1.04126E-03,  7.67342E-04,  5.87235E-04,  4.64824E-04
 7.82304E-04,  7.82304E-04,  4.89032E-04,  4.89032E-04,  4.89032E-04
 4.89032E-04,  4.89032E-04,  4.89032E-04,  5.85894E-01,  3.14559E-01
 1.55731E-01,  5.75622E-02,  3.21742E-02,  1.83719E-02,  7.63011E-03
 4.73219E-03,  3.48489E-03,  2.56233E-03,  1.55506E-03,  1.03381E-03
 7.65164E-04,  5.75146E-04,  4.60368E-04,  7.75746E-04,  7.75746E-04
 4.88102E-04,  4.88102E-04,  4.88102E-04,  4.88102E-04,  4.88102E-04
 4.88102E-04,  6.22079E-01,  1.73839E-01,  1.34599E-01,  6.25889E-02
 3.25671E-02,  1.82922E-02,  7.77934E-03,  4.65899E-03,  3.36063E-03
 2.53451E-03,  1.56638E-03,  1.03755E-03,  7.65301E-04,  5.74617E-04
 4.55729E-04,  7.69434E-04,  7.69434E-04,  4.87664E-04,  4.87664E-04
 4.87664E-04,  4.87664E-04,  4.87664E-04,  4.87664E-04,  4.69617E-01
 1.74862E-01,  1.28712E-01,  6.28892E-02,  3.32754E-02,  1.78711E-02
 8.18250E-03,  4.64732E-03,  3.32800E-03,  2.48494E-03,  1.59152E-03
 1.04755E-03,  7.69942E-04,  5.74794E-04,  4.52725E-04,  7.62313E-04
 7.62313E-04,  4.87896E-04,  4.87896E-04,  4.87896E-04,  4.87896E-04
 4.87896E-04,  4.87896E-04,  9.12819E-01,  3.11600E-01,  1.36084E-01
 5.81363E-02,  3.26284E-02,  1.75016E-02,  8.69830E-03,  4.73220E-03
 3.38301E-03,  2.42216E-03,  1.59605E-03,  1.06126E-03,  7.75800E-04
 5.74757E-04,  4.43094E-04,  7.53208E-04,  7.53208E-04,  4.87336E-04
 4.87336E-04,  4.87336E-04,  4.87336E-04,  4.87336E-04,  4.87336E-04
 1.33291E+00,  3.77061E-01,  1.27713E-01,  5.40578E-02,  2.95712E-02
 1.73799E-02,  9.41362E-03,  4.99345E-03,  3.44955E-03,  2.38167E-03
 1.58119E-03,  1.09219E-03,  7.81544E-04,  5.77003E-04,  4.31770E-04
 7.44190E-04,  7.44190E-04,  4.86543E-04,  4.86543E-04,  4.86543E-04
 4.86543E-04,  4.86543E-04,  4.86543E-04,  1.36220E+00,  4.45080E-01
 1.17880E-01,  5.57427E-02,  3.12422E-02,  1.82593E-02,  1.03960E-02
 5.27735E-03,  3.48813E-03,  2.37497E-03,  1.56431E-03,  1.10356E-03
 7.90433E-04,  5.78757E-04,  4.29708E-04,  7.32942E-04,  7.32942E-04
 4.85454E-04,  4.85454E-04,  4.85454E-04,  4.85454E-04,  4.85454E-04
 4.85454E-04,  8.61860E-01,  3.31105E-01,  1.39253E-01,  6.41955E-02
 3.56348E-02,  2.00979E-02,  1.11569E-02,  5.53694E-03,  3.49700E-03
 2.40476E-03,  1.54358E-03,  1.09988E-03,  7.98079E-04,  5.80440E-04
 4.23410E-04,  7.19113E-04,  7.19113E-04,  4.83305E-04,  4.83305E-04
 4.83305E-04,  4.83305E-04,  4.83305E-04,  4.83305E-04,  1.27245E+00
 3.69838E-01,  1.61508E-01,  7.32587E-02,  3.81397E-02,  2.12384E-02
 1.13923E-02,  5.78010E-03,  3.54516E-03,  2.39140E-03,  1.56084E-03
 1.09459E-03,  8.07466E-04,  5.82262E-04,  4.17466E-04,  7.05428E-04
 7.05428E-04,  4.81295E-04,  4.81295E-04,  4.81295E-04,  4.81295E-04
 4.81295E-04,  4.81295E-04,  6.78085E-01,  2.71030E-01,  1.81674E-01
 7.89441E-02,  3.71524E-02,  2.12581E-02,  1.13645E-02,  5.95450E-03
 3.57436E-03,  2.38845E-03,  1.57006E-03,  1.10566E-03,  8.13055E-04
 5.84064E-04,  4.13398E-04,  6.91674E-04,  6.91674E-04,  4.79500E-04
 4.79500E-04,  4.79500E-04,  4.79500E-04,  4.79500E-04,  4.79500E-04
 6.90336E-01,  3.19728E-01,  1.86771E-01,  7.98773E-02,  3.51185E-02
 1.95298E-02,  1.08678E-02,  6.05085E-03,  3.62125E-03,  2.36972E-03
 1.57341E-03,  1.10727E-03,  8.10785E-04,  5.83639E-04,  4.09127E-04
 6.76580E-04,  6.76580E-04,  4.76641E-04,  4.76641E-04,  4.76641E-04
 4.76641E-04,  4.76641E-04,  4.76641E-04,  1.21794E+00,  4.15823E-01
 1.92861E-01,  7.41258E-02,  3.23986E-02,  1.84333E-02,  1.02821E-02
 6.16186E-03,  3.66991E-03,  2.36401E-03,  1.57231E-03,  1.11088E-03
 8.04356E-04,  5.79885E-04,  4.04745E-04,  6.61020E-04,  6.61020E-04
 4.73297E-04,  4.73297E-04,  4.73297E-04,  4.73297E-04,  4.73297E-04
 4.73297E-04,  9.64292E-01,  3.22922E-01,  1.78860E-01,  7.25577E-02
 2.99993E-02,  1.74097E-02,  1.00254E-02,  6.30401E-03,  3.74044E-03
 2.37388E-03,  1.56243E-03,  1.11168E-03,  8.01343E-04,  5.72673E-04
 3.99566E-04,  6.44427E-04,  6.44427E-04,  4.69539E-04,  4.69539E-04
 4.69539E-04,  4.69539E-04,  4.69539E-04,  4.69539E-04,  1.36522E+00
 4.09153E-01,  1.41860E-01,  6.81430E-02,  2.99401E-02,  1.72034E-02
 1.00792E-02,  6.49839E-03,  3.82849E-03,  2.38437E-03,  1.55744E-03
 1.10384E-03,  7.95295E-04,  5.63331E-04,  3.91596E-04,  6.29053E-04
 6.29053E-04,  4.64699E-04,  4.64699E-04,  4.64699E-04,  4.64699E-04
 4.64699E-04,  4.64699E-04,  1.38746E+00,  3.92280E-01,  1.41906E-01
 6.72873E-02,  3.09426E-02,  1.68789E-02,  1.04196E-02,  6.72273E-03
 3.92272E-03,  2.41741E-03,  1.55489E-03,  1.09311E-03,  7.93630E-04
 5.59032E-04,  3.85275E-04,  6.19158E-04,  6.19158E-04,  4.59690E-04
 4.59690E-04,  4.59690E-04,  4.59690E-04,  4.59690E-04,  4.59690E-04
 8.90041E-01,  3.30366E-01,  1.80452E-01,  7.18725E-02,  3.23245E-02
 1.72898E-02,  1.06971E-02,  6.83928E-03,  4.02910E-03,  2.45552E-03
 1.56016E-03,  1.08098E-03,  7.86133E-04,  5.60802E-04,  3.86395E-04
 6.11558E-04,  6.11558E-04,  4.54416E-04,  4.54416E-04,  4.54416E-04
 4.54416E-04,  4.54416E-04,  4.54416E-04,  6.53510E-01,  2.40609E-01
 1.95401E-01,  7.59240E-02,  3.33084E-02,  1.75898E-02,  1.06679E-02
 6.83951E-03,  4.17582E-03,  2.45376E-03,  1.56600E-03,  1.06279E-03
 7.76000E-04,  5.55131E-04,  3.98793E-04,  5.97431E-04,  5.97431E-04
 4.48032E-04,  4.48032E-04,  4.48032E-04,  4.48032E-04,  4.48032E-04
 4.48032E-04,  7.26682E-01,  2.33464E-01,  1.94129E-01,  7.50361E-02
 3.37289E-02,  1.74569E-02,  1.05183E-02,  6.84217E-03,  4.25868E-03
 2.47719E-03,  1.55278E-03,  1.05518E-03,  7.63521E-04,  5.42481E-04
 3.99836E-04,  5.84110E-04,  5.84110E-04,  4.41168E-04,  4.41168E-04
 4.41168E-04,  4.41168E-04,  4.41168E-04,  4.41168E-04,  7.13551E-01
 3.05225E-01,  1.77718E-01,  7.09365E-02,  3.31786E-02,  1.73039E-02
 1.02657E-02,  6.80512E-03,  4.22901E-03,  2.54870E-03,  1.52773E-03
 1.04795E-03,  7.50530E-04,  5.35732E-04,  3.90157E-04,  5.73594E-04
 5.73594E-04,  4.33897E-04,  4.33897E-04,  4.33897E-04,  4.33897E-04
 4.33897E-04,  4.33897E-04,  1.32333E+00,  3.99408E-01,  1.40580E-01
 6.68345E-02,  3.28916E-02,  1.71032E-02,  9.92338E-03,  6.62358E-03
 4.31305E-03,  2.50564E-03,  1.53894E-03,  1.02769E-03,  7.41372E-04
 5.28348E-04,  3.84496E-04,  5.61450E-04,  5.61450E-04,  4.25801E-04
 4.25801E-04,  4.25801E-04,  4.25801E-04,  4.25801E-04,  4.25801E-04
 7.41824E-01,  2.17815E-01,  1.31687E-01,  6.68695E-02,  3.28068E-02
 1.69652E-02,  9.61391E-03,  6.51957E-03,  4.31811E-03,  2.52252E-03
 1.56334E-03,  1.03104E-03,  7.31088E-04,  5.23578E-04,  3.82160E-04
 5.49399E-04,  5.49399E-04,  4.17627E-04,  4.17627E-04,  4.17627E-04
 4.17627E-04,  4.17627E-04,  4.17627E-04,  6.62058E-01,  2.06018E-01
 1.29296E-01,  6.20080E-02,  3.14339E-02,  1.68889E-02,  9.54519E-03
 6.41288E-03,  4.27613E-03,  2.53744E-03,  1.62606E-03,  1.03294E-03
 7.24270E-04,  5.21309E-04,  3.79224E-04,  5.36789E-04,  5.36789E-04
 4.09221E-04,  4.09221E-04,  4.09221E-04,  4.09221E-04,  4.09221E-04
 4.09221E-04,  7.39160E-01,  1.93098E-01,  1.07039E-01,  5.73680E-02
 3.04265E-02,  1.66250E-02,  9.55042E-03,  6.31735E-03,  4.17890E-03
 2.52612E-03,  1.67847E-03,  1.03741E-03,  7.13651E-04,  5.18889E-04
 3.76177E-04,  5.23016E-04,  5.23016E-04,  3.99973E-04,  3.99973E-04
 3.99973E-04,  3.99973E-04,  3.99973E-04,  3.99973E-04,  7.40645E-01
 1.87284E-01,  1.11369E-01,  5.54978E-02,  3.00774E-02,  1.66821E-02
 9.66554E-03,  6.16098E-03,  4.12785E-03,  2.67635E-03,  1.72146E-03
 1.03460E-03,  7.04817E-04,  5.07154E-04,  3.82791E-04,  5.10610E-04
 5.10610E-04,  3.90491E-04,  3.90491E-04,  3.90491E-04,  3.90491E-04
 3.90491E-04,  3.90491E-04,  8.14658E-01,  2.01743E-01,  1.38123E-01
 6.78785E-02,  3.28965E-02,  1.72523E-02,  9.57409E-03,  6.06153E-03
 4.20252E-03,  2.80689E-03,  1.68602E-03,  1.01276E-03,  6.96816E-04
 5.01053E-04,  3.77232E-04,  5.05629E-04,  5.05629E-04,  3.80890E-04
 3.80890E-04,  3.80890E-04,  3.80890E-04,  3.80890E-04,  3.80890E-04
 9.49868E-01,  2.65085E-01,  1.75284E-01,  7.70730E-02,  3.42029E-02
 1.70892E-02,  9.44228E-03,  6.15002E-03,  4.49536E-03,  2.81812E-03
 1.67118E-03,  9.81866E-04,  6.86499E-04,  4.98231E-04,  3.65883E-04
 5.01879E-04,  5.01879E-04,  3.70949E-04,  3.70949E-04,  3.70949E-04
 3.70949E-04,  3.70949E-04,  3.70949E-04,  2.12115E+00,  4.87308E-01
 1.83378E-01,  7.04799E-02,  3.25691E-02,  1.68384E-02,  9.46101E-03
 6.26891E-03,  4.29126E-03,  2.77489E-03,  1.64508E-03,  9.59044E-04
 6.77955E-04,  4.95551E-04,  3.56761E-04,  4.94778E-04,  4.94778E-04
 3.60849E-04,  3.60849E-04,  3.60849E-04,  3.60849E-04,  3.60849E-04
 3.60849E-04,  1.34888E+00,  4.23913E-01,  2.04419E-01,  6.77935E-02
 3.13193E-02,  1.67192E-02,  9.48952E-03,  6.04197E-03,  4.13524E-03
 2.40131E-03,  1.48244E-03,  9.69090E-04,  6.64123E-04,  4.95023E-04
 3.50564E-04,  4.89162E-04,  4.89162E-04,  3.50258E-04,  3.50258E-04
 3.50258E-04,  3.50258E-04,  3.50258E-04,  3.50258E-04,  2.24140E+00
 5.15755E-01,  2.56997E-01,  7.45345E-02,  3.16867E-02,  1.66639E-02
 9.81255E-03,  6.93210E-03,  4.16786E-03,  2.52464E-03,  1.56262E-03
 9.48222E-04,  6.61285E-04,  4.90900E-04,  3.47820E-04,  4.85493E-04
 4.85493E-04,  3.39162E-04,  3.39162E-04,  3.39162E-04,  3.39162E-04
 3.39162E-04,  3.39162E-04,  2.09207E+00,  4.99180E-01,  3.08603E-01
 8.60314E-02,  3.35004E-02,  1.75941E-02,  1.03442E-02,  7.36765E-03
 5.12393E-03,  3.09211E-03,  1.58535E-03,  9.56490E-04,  6.70423E-04
 4.82315E-04,  3.45929E-04,  4.80158E-04,  4.80158E-04,  3.28191E-04
 3.28191E-04,  3.28191E-04,  3.28191E-04,  3.28191E-04,  3.28191E-04
 6.24881E+00,  1.08979E+00,  3.40322E-01,  9.26101E-02,  3.73687E-02
 1.85085E-02,  1.00248E-02,  6.72826E-03,  4.96912E-03,  3.07155E-03
 1.60538E-03,  9.79794E-04,  6.79833E-04,  4.76889E-04,  3.40252E-04
 4.71361E-04,  4.71361E-04,  3.17752E-04,  3.17752E-04,  3.17752E-04
 3.17752E-04,  3.17752E-04,  3.17752E-04,  2.76037E+00,  1.45976E+00
 3.90024E-01,  1.05282E-01,  4.16112E-02,  1.86659E-02,  1.02722E-02
 6.93786E-03,  4.64256E-03,  2.89182E-03,  1.63318E-03,  9.79580E-04
 6.87718E-04,  4.81246E-04,  3.29042E-04,  4.56823E-04,  4.56823E-04
 3.07525E-04,  3.07525E-04,  3.07525E-04,  3.07525E-04,  3.07525E-04
 3.07525E-04,  3.26109E+00,  1.43106E+00,  4.41952E-01,  1.22061E-01
 4.35200E-02,  1.76605E-02,  1.04848E-02,  7.29816E-03,  4.62736E-03
 2.84822E-03,  1.65350E-03,  9.77406E-04,  7.00970E-04,  4.80589E-04
 3.17522E-04,  4.42996E-04,  4.42996E-04,  2.96270E-04,  2.96270E-04
 2.96270E-04,  2.96270E-04,  2.96270E-04,  2.96270E-04,  6.73888E+00
 1.34156E+00,  3.98737E-01,  1.23884E-01,  3.87921E-02,  1.59828E-02
 1.01060E-02,  6.99673E-03,  4.48297E-03,  2.73162E-03,  1.58114E-03
 1.03082E-03,  6.99827E-04,  4.79099E-04,  3.06062E-04,  4.31372E-04
 4.31372E-04,  2.84125E-04,  2.84125E-04,  2.84125E-04,  2.84125E-04
 2.84125E-04,  2.84125E-04,  2.71880E+00,  6.86528E-01,  3.45960E-01
 1.06231E-01,  3.14302E-02,  1.47193E-02,  9.38956E-03,  6.12342E-03
 4.26525E-03,  2.55037E-03,  1.57604E-03,  1.06942E-03,  6.92283E-04
 4.73002E-04,  2.92299E-04,  4.16976E-04,  4.16976E-04,  2.72573E-04
 2.72573E-04,  2.72573E-04,  2.72573E-04,  2.72573E-04,  2.72573E-04
 2.20390E+00,  5.76238E-01,  2.82385E-01,  8.21487E-02,  2.89523E-02
 1.36217E-02,  8.37997E-03,  5.86075E-03,  3.76834E-03,  2.47201E-03
 1.62766E-03,  1.05780E-03,  7.17993E-04,  4.54901E-04,  2.77529E-04
 3.99626E-04,  3.99626E-04,  2.63186E-04,  2.63186E-04,  2.63186E-04
 2.63186E-04,  2.63186E-04,  2.63186E-04,  2.01350E+00,  4.80456E-01
 2.21756E-01,  7.95344E-02,  2.89760E-02,  1.38078E-02,  8.26437E-03
 5.29767E-03,  3.71395E-03,  2.46303E-03,  1.62305E-03,  1.06045E-03
 7.07563E-04,  4.32271E-04,  2.61682E-04,  3.76571E-04,  3.76571E-04
 2.61398E-04,  2.61398E-04,  2.61398E-04,  2.61398E-04,  2.61398E-04
 2.61398E-04,  2.42537E+00,  5.82957E-01,  2.10277E-01,  8.07771E-02
 3.12088E-02,  1.58794E-02,  8.87145E-03,  5.19965E-03,  3.49421E-03
 2.41943E-03,  1.58919E-03,  1.07632E-03,  6.74450E-04,  4.06365E-04
 2.46759E-04,  3.47854E-04,  3.47854E-04,  2.61828E-04,  2.61828E-04
 2.61828E-04,  2.61828E-04,  2.61828E-04,  2.61828E-04,  1.47332E+00
 6.44021E-01,  3.36717E-01,  9.57526E-02,  3.90722E-02,  1.90188E-02
 1.07433E-02,  6.34350E-03,  3.78904E-03,  2.42983E-03,  1.63723E-03
 1.03473E-03,  6.35808E-04,  3.82114E-04,  2.35974E-04,  3.25954E-04
 3.25954E-04,  2.56677E-04,  2.56677E-04,  2.56677E-04,  2.56677E-04
 2.56677E-04,  2.56677E-04,  1.59664E+00,  7.53147E-01,  3.80802E-01
 1.43562E-01,  5.17455E-02,  2.37338E-02,  1.30614E-02,  6.86557E-03
 3.94383E-03,  2.36227E-03,  1.46558E-03,  9.62741E-04,  5.93698E-04
 3.58642E-04,  2.27333E-04,  3.24473E-04,  3.24473E-04,  2.44394E-04
 2.44394E-04,  2.44394E-04,  2.44394E-04,  2.44394E-04,  2.44394E-04
 2.36510E+00,  6.56254E-01,  3.49057E-01,  1.46711E-01,  5.65937E-02
 2.63425E-02,  1.46842E-02,  7.49569E-03,  3.77288E-03,  2.16286E-03
 1.39936E-03,  8.78598E-04,  5.46001E-04,  3.37876E-04,  2.19749E-04
 3.26989E-04,  3.26989E-04,  2.29769E-04,  2.29769E-04,  2.29769E-04
 2.29769E-04,  2.29769E-04,  2.29769E-04,  1.88184E+00,  9.14559E-01
 3.37033E-01,  1.19345E-01,  5.05315E-02,  2.46607E-02,  1.39170E-02
 7.44367E-03,  3.80770E-03,  2.12424E-03,  1.27957E-03,  8.16368E-04
 5.11054E-04,  3.23675E-04,  2.12315E-04,  3.14311E-04,  3.14311E-04
 2.20680E-04,  2.20680E-04,  2.20680E-04,  2.20680E-04,  2.20680E-04
 2.20680E-04,  2.71154E+00,  5.85032E-01,  2.17818E-01,  1.03286E-01
 4.09805E-02,  1.91811E-02,  1.10014E-02,  6.20090E-03,  3.47212E-03
 1.96060E-03,  1.15954E-03,  7.45301E-04,  4.85610E-04,  3.09975E-04
 2.05488E-04,  3.00062E-04,  3.00062E-04,  2.15115E-04,  2.15115E-04
 2.15115E-04,  2.15115E-04,  2.15115E-04,  2.15115E-04,  3.10097E+00
 4.65098E-01,  3.14705E-01,  9.75309E-02,  3.45227E-02,  1.46497E-02
 7.24860E-03,  4.32985E-03,  2.84188E-03,  1.73549E-03,  1.05936E-03
 6.89909E-04,  4.55420E-04,  2.97966E-04,  2.01895E-04,  2.87481E-04
 2.87481E-04,  2.13853E-04,  2.13853E-04,  2.13853E-04,  2.13853E-04
 2.13853E-04,  2.13853E-04,  7.10007E+00,  1.78068E+00,  3.61761E-01
 9.65666E-02,  3.22123E-02,  1.32496E-02,  6.42119E-03,  3.55267E-03
 2.20601E-03,  1.56496E-03,  9.59400E-04,  6.43602E-04,  4.35192E-04
 2.91501E-04,  2.01104E-04,  2.78278E-04,  2.78278E-04,  2.13174E-04
 2.13174E-04,  2.13174E-04,  2.13174E-04,  2.13174E-04,  2.13174E-04
 3.62505E+00,  2.47051E+00,  4.73408E-01,  1.09397E-01,  3.07984E-02
 1.17104E-02,  5.82125E-03,  3.41949E-03,  2.20119E-03,  1.36302E-03
 9.91285E-04,  6.09454E-04,  4.31338E-04,  2.88368E-04,  2.01806E-04
 2.70030E-04,  2.70030E-04,  2.12047E-04,  2.12047E-04,  2.12047E-04
 2.12047E-04,  2.12047E-04,  2.12047E-04,  8.25953E+00,  2.63011E+00
 5.33389E-01,  1.37701E-01,  3.59345E-02,  1.14758E-02,  5.32312E-03
 3.19196E-03,  2.01350E-03,  1.36823E-03,  8.90260E-04,  6.38426E-04
 4.18138E-04,  2.86889E-04,  2.03327E-04,  2.62244E-04,  2.62244E-04
 2.08848E-04,  2.08848E-04,  2.08848E-04,  2.08848E-04,  2.08848E-04
 2.08848E-04,  8.03423E+00,  2.75397E+00,  6.58909E-01,  1.42511E-01
 4.34708E-02,  1.26508E-02,  5.05311E-03,  2.93748E-03,  1.90153E-03
 1.23427E-03,  8.59439E-04,  6.05510E-04,  4.18831E-04,  2.84798E-04
 2.04642E-04,  2.55936E-04,  2.55936E-04,  2.04083E-04,  2.04083E-04
 2.04083E-04,  2.04083E-04,  2.04083E-04,  2.04083E-04,  9.09876E+00
 3.19481E+00,  7.44495E-01,  1.21366E-01,  4.37416E-02,  1.37405E-02
 4.82434E-03,  2.70001E-03,  1.74293E-03,  1.13348E-03,  7.99244E-04
 5.72361E-04,  4.05135E-04,  2.83967E-04,  2.03775E-04,  2.46878E-04
 2.46878E-04,  1.99992E-04,  1.99992E-04,  1.99992E-04,  1.99992E-04
 1.99992E-04,  1.99992E-04,  8.27838E+00,  3.38903E+00,  5.02987E-01
 8.08596E-02,  3.72620E-02,  1.38746E-02,  4.63106E-03,  2.46993E-03
 1.57656E-03,  1.04783E-03,  7.35171E-04,  5.29936E-04,  3.78572E-04
 2.69435E-04,  1.95225E-04,  2.33160E-04,  2.33160E-04,  1.94223E-04
 1.94223E-04,  1.94223E-04,  1.94223E-04,  1.94223E-04,  1.94223E-04
 1.01492E+01,  1.73422E+00,  5.71123E-01,  5.38149E-02,  2.90881E-02
 1.28015E-02,  4.47062E-03,  2.24987E-03,  1.43028E-03,  9.73891E-04
 6.78433E-04,  4.92268E-04,  3.49976E-04,  2.50502E-04,  1.84484E-04
 2.20621E-04,  2.20621E-04,  1.89647E-04,  1.89647E-04,  1.89647E-04
 1.89647E-04,  1.89647E-04,  1.89647E-04,  9.67165E+00,  2.80548E+00
 3.75280E-01,  4.90406E-02,  2.31722E-02,  1.09243E-02,  4.34069E-03
 2.05607E-03,  1.32552E-03,  8.91751E-04,  6.34227E-04,  4.53057E-04
 3.24424E-04,  2.32404E-04,  1.72633E-04,  2.07183E-04,  2.07183E-04
 1.85487E-04,  1.85487E-04,  1.85487E-04,  1.85487E-04,  1.85487E-04
 1.85487E-04,  6.87660E+00,  2.66683E+00,  3.40094E-01,  5.17014E-02
 2.05322E-02,  8.86439E-03,  4.05063E-03,  2.19836E-03,  1.15722E-03
 8.32789E-04,  5.79920E-04,  4.15950E-04,  2.96235E-04,  2.13704E-04
 1.59631E-04,  1.93421E-04,  1.93421E-04,  1.81713E-04,  1.81713E-04
 1.81713E-04,  1.81713E-04,  1.81713E-04,  1.81713E-04,  9.09336E+00
 2.84376E+00,  2.96266E-01,  6.04655E-02,  1.88681E-02,  7.95396E-03
 3.77112E-03,  2.10214E-03,  1.25227E-03,  7.01068E-04,  5.36709E-04
 3.74307E-04,  2.66754E-04,  1.94396E-04,  1.45469E-04,  1.79242E-04
 1.79242E-04,  1.78271E-04,  1.78271E-04,  1.78271E-04,  1.78271E-04
 1.78271E-04,  1.78271E-04,  5.00697E+00,  2.84052E+00,  2.87197E-01
 5.77989E-02,  1.71172E-02,  7.22181E-03,  3.54559E-03,  1.94865E-03
 1.16276E-03,  6.84350E-04,  4.54683E-04,  3.35161E-04,  2.41369E-04
 1.75335E-04,  1.31743E-04,  1.64857E-04,  1.64857E-04,  1.75030E-04
 1.75030E-04,  1.75030E-04,  1.75030E-04,  1.75030E-04,  1.75030E-04
 5.69563E+00,  1.76599E+00,  2.24617E-01,  4.17866E-02,  1.39583E-02
 6.74890E-03,  3.51536E-03,  1.90989E-03,  1.04327E-03,  6.37901E-04
 3.99947E-04,  3.00657E-04,  2.16056E-04,  1.57767E-04,  1.19256E-04
 1.50560E-04,  1.50560E-04,  1.72321E-04,  1.72321E-04,  1.72321E-04
 1.72321E-04,  1.72321E-04,  1.72321E-04,  1.87863E+00,  1.71057E+00
 1.44113E-01,  2.34087E-02,  1.11528E-02,  6.16558E-03,  3.43557E-03
 1.85179E-03,  1.01247E-03,  5.72233E-04,  3.68057E-04,  2.64141E-04
 1.90084E-04,  1.41354E-04,  1.06204E-04,  1.34515E-04,  1.34515E-04
 1.67171E-04,  1.67171E-04,  1.67171E-04,  1.67171E-04,  1.67171E-04
 1.67171E-04,  4.58998E+00,  9.84772E-01,  5.85421E-02,  1.77073E-02
 8.89952E-03,  5.34102E-03,  3.22692E-03,  1.84729E-03,  9.68033E-04
 5.43974E-04,  3.37246E-04,  2.35394E-04,  1.68555E-04,  1.25826E-04
 9.45588E-05,  1.20282E-04,  1.20282E-04,  1.64549E-04,  1.64549E-04
 1.64549E-04,  1.64549E-04,  1.64549E-04,  1.64549E-04,  7.68450E-01
 7.23755E-02,  4.39775E-02,  1.73221E-02,  7.23701E-03,  4.41557E-03
 3.03994E-03,  1.78677E-03,  1.00673E-03,  5.28266E-04,  3.22551E-04
 2.27024E-04,  1.58795E-04,  1.19183E-04,  9.20006E-05,  1.19056E-04
 1.19056E-04,  1.83930E-04,  1.83930E-04,  1.83930E-04,  1.83930E-04
 1.83930E-04,  1.83930E-04,  6.63766E-01,  1.83836E-01,  7.31648E-02
 2.97453E-02,  1.34928E-02,  8.63473E-03,  6.95566E-03,  5.28853E-03
 3.41953E-03,  2.01206E-03,  1.25881E-03,  1.04494E-03,  1.03708E-03
 1.10569E-03,  1.13769E-03,  1.46208E-03,  1.46208E-03,  2.01030E-03
 2.01030E-03,  2.01030E-03,  2.01030E-03,  2.01030E-03,  2.01030E-03
 6.63766E-01,  1.83836E-01,  7.31648E-02,  2.97453E-02,  1.34928E-02
 8.63473E-03,  6.95566E-03,  5.28853E-03,  3.41953E-03,  2.01206E-03
 1.25881E-03,  1.04494E-03,  1.03708E-03,  1.10569E-03,  1.13769E-03
 1.46208E-03,  1.46208E-03,  2.01030E-03,  2.01030E-03,  2.01030E-03
 2.01030E-03,  2.01030E-03,  2.01030E-03,  2.13213E-02,  2.27007E-02
 2.18483E-02,  1.76954E-02,  1.36635E-02,  1.07499E-02,  8.91942E-03
 7.66646E-03,  6.55157E-03,  5.43346E-03,  4.44021E-03,  3.63968E-03
 3.00660E-03,  2.51978E-03,  2.15217E-03,  4.84736E-03,  4.84736E-03
 7.55104E-03,  7.55104E-03,  7.55104E-03,  7.55104E-03,  7.55104E-03
 7.55104E-03,  2.13213E-02,  2.27007E-02,  2.18483E-02,  1.76954E-02
 1.36635E-02,  1.07499E-02,  8.91942E-03,  7.66646E-03,  6.55157E-03
 5.43346E-03,  4.44021E-03,  3.63968E-03,  3.00660E-03,  2.51978E-03
 2.15217E-03,  4.84736E-03,  4.84736E-03,  7.55104E-03,  7.55104E-03
 7.55104E-03,  7.55104E-03,  7.55104E-03,  7.55104E-03,  2.13213E-02
 2.27007E-02,  2.18483E-02,  1.76954E-02,  1.36635E-02,  1.07499E-02
 8.91942E-03,  7.66646E-03,  6.55157E-03,  5.43346E-03,  4.44021E-03
 3.63968E-03,  3.00660E-03,  2.51978E-03,  2.15217E-03,  4.84736E-03
 4.84736E-03,  7.55104E-03,  7.55104E-03,  7.55104E-03,  7.55104E-03
 7.55104E-03,  7.55104E-03,  2.13213E-02,  2.27007E-02,  2.18483E-02
 1.76954E-02,  1.36635E-02,  1.07499E-02,  8.91942E-03,  7.66646E-03
 6.55157E-03,  5.43346E-03,  4.44021E-03,  3.63968E-03,  3.00660E-03
 2.51978E-03,  2.15217E-03,  4.84736E-03,  4.84736E-03,  7.55104E-03
 7.55104E-03,  7.55104E-03,  7.55104E-03,  7.55104E-03,  7.55104E-03
 2.13213E-02,  2.27007E-02,  2.18483E-02,  1.76954E-02,  1.36635E-02
 1.07499E-02,  8.91942E-03,  7.66646E-03,  6.55157E-03,  5.43346E-03
 4.44021E-03,  3.63968E-03,  3.00660E-03,  2.51978E-03,  2.15217E-03
 4.84736E-03,  4.84736E-03,  7.55104E-03,  7.55104E-03,  7.55104E-03
 7.55104E-03,  7.55104E-03,  7.55104E-03,  2.13213E-02,  2.27007E-02
 2.18483E-02,  1.76954E-02,  1.36635E-02,  1.07499E-02,  8.91942E-03
 7.66646E-03,  6.55157E-03,  5.43346E-03,  4.44021E-03,  3.63968E-03
 3.00660E-03,  2.51978E-03,  2.15217E-03,  4.84736E-03,  4.84736E-03
 7.55104E-03,  7.55104E-03,  7.55104E-03,  7.55104E-03,  7.55104E-03
 7.55104E-03

;------ Iteration  6
;-Index  V/I_Meas      V/I_Calc    VI_%ERR
  1,    2.07243E+01,   1.13172E+01,  -45.39
  2,    2.56875E+00,   7.85532E-01,  -69.42
  3,    1.24840E+00,   3.48865E-01,  -72.05
  4,    9.38865E-02,   1.85308E-01,  97.37
  5,    1.51760E-01,   8.12565E-02,  -46.46
  6,    9.01102E-02,   5.44194E-02,  -39.61
  7,    2.51083E+01,   1.42264E+01,  -43.34
  8,    6.05705E+00,   3.67753E+00,  -39.29
  9,    2.62075E+00,   1.28218E+00,  -51.08
  10,    1.10857E+00,   5.15184E-01,  -53.53
  11,    1.39745E-01,   8.56518E-02,  -38.71
  12,    8.66431E-02,   4.71232E-02,  -45.61
  13,    3.66935E-02,   2.27493E-01,  519.98
  14,    2.42305E-01,   1.56160E-01,  -35.55
  15,    1.08723E-01,   9.74073E-02,  -10.41
  16,    6.45944E-02,   6.23055E-02,  -3.54
  17,    3.79840E-02,   3.73363E-02,  -1.71
  18,    2.77012E-02,   2.75417E-02,  -0.58
  19,    2.10235E+01,   2.10861E+01,  0.30
  20,    5.51175E+00,   5.52141E+00,  0.18
  21,    2.10442E+00,   1.79711E+00,  -14.60
  22,    8.42778E-01,   6.00381E-01,  -28.76
  23,    1.23720E-01,   7.58994E-02,  -38.65
  24,    8.03241E-02,   6.59403E-02,  -17.91
  25,    2.18757E-01,   1.82212E-01,  -16.71
  26,    1.03491E-01,   1.04494E-01,  0.97
  27,    5.92737E-02,   6.02117E-02,  1.58
  28,    3.80062E-02,   3.77761E-02,  -0.61
  29,    2.69831E-02,   2.75122E-02,  1.96
  30,    4.16334E-02,   4.37182E-02,  5.01
  31,    3.13011E-02,   3.24470E-02,  3.66
  32,    2.56430E-02,   2.66418E-02,  3.90
  33,    2.12077E+01,   2.14655E+01,  1.22
  34,    5.34089E+00,   5.39646E+00,  1.04
  35,    1.90316E+00,   1.51192E+00,  -20.56
  36,    7.61439E-01,   7.01563E-01,  -7.86
  37,    1.40548E-01,   1.12644E-01,  -19.85
  38,    7.82689E-02,   7.11078E-02,  -9.15
  39,    2.08930E-01,   2.06415E-01,  -1.20
  40,    1.10353E-01,   1.14591E-01,  3.84
  41,    5.87669E-02,   6.03362E-02,  2.67
  42,    4.03443E-02,   4.06380E-02,  0.73
  43,    2.84742E-02,   2.87087E-02,  0.82
  44,    4.56410E-02,   4.66641E-02,  2.24
  45,    3.47810E-02,   3.48880E-02,  0.31
  46,    2.67499E-02,   2.72104E-02,  1.72
  47,    4.41874E-02,   4.51341E-02,  2.14
  48,    2.76329E-02,   2.82354E-02,  2.18
  49,    2.43151E-02,   2.44355E-02,  0.50
  50,    2.33259E+01,   1.94488E+01,  -16.62
  51,    4.91551E+00,   3.89181E+00,  -20.83
  52,    1.71542E+00,   1.51057E+00,  -11.94
  53,    7.63683E-01,   6.37924E-01,  -16.47
  54,    1.34355E-01,   1.09001E-01,  -18.87
  55,    8.57191E-02,   8.43127E-02,  -1.64
  56,    2.89493E-02,   2.29427E-01,  692.51
  57,    2.31722E-01,   2.35318E-01,  1.55
  58,    1.18091E-01,   1.19413E-01,  1.12
  59,    6.76859E-02,   6.67733E-02,  -1.35
  60,    4.56516E-02,   4.52751E-02,  -0.82
  61,    3.30751E-02,   3.31004E-02,  0.08
  62,    5.05039E-02,   5.08305E-02,  0.65
  63,    3.83803E-02,   3.86061E-02,  0.59
  64,    2.78508E-02,   2.83417E-02,  1.76
  65,    4.45802E-02,   4.52398E-02,  1.48
  66,    2.72002E-02,   2.80985E-02,  3.30
  67,    2.78031E-02,   2.75218E-02,  -1.01
  68,    3.00666E-02,   2.77782E-02,  -7.61
  69,    2.17111E-02,   1.90381E-02,  -12.31
  70,    2.51867E+01,   1.89797E+01,  -24.64
  71,    4.91285E+00,   5.07223E+00,  3.24
  72,    1.79343E+00,   1.76336E+00,  -1.68
  73,    8.39700E-01,   5.05624E-01,  -39.79
  74,    1.49670E-01,   3.55072E-01,  137.24
  75,    1.47258E-01,   1.49560E-01,  1.56
  76,    9.33280E-02,   9.44668E-02,  1.22
  77,    2.58679E-01,   2.63062E-01,  1.69
  78,    1.22031E-01,   1.21741E-01,  -0.24
  79,    7.54422E-02,   7.46160E-02,  -1.10
  80,    5.03819E-02,   4.95725E-02,  -1.61
  81,    3.87900E-02,   3.91241E-02,  0.86
  82,    5.76154E-02,   5.68170E-02,  -1.39
  83,    4.36995E-02,   4.34736E-02,  -0.52
  84,    3.19190E-02,   3.17159E-02,  -0.64
  85,    4.86561E-02,   4.84940E-02,  -0.33
  86,    3.01298E-02,   3.09454E-02,  2.71
  87,    2.91209E-02,   2.82166E-02,  -3.11
  88,    3.00144E-02,   2.75547E-02,  -8.20
  89,    2.13417E-02,   1.86934E-02,  -12.41
  90,    2.58147E-02,   2.21746E-02,  -14.10
  91,    1.98618E-02,   1.69140E-02,  -14.84
  92,    5.35987E+00,   5.57573E+00,  4.03
  93,    2.08741E+00,   1.23125E+00,  -41.02
  94,    1.02678E+00,   7.59215E-01,  -26.06
  95,    1.87425E-01,   4.05406E-01,  116.30
  96,    1.72181E-01,   1.69558E-01,  -1.52
  97,    1.17447E-01,   1.19620E-01,  1.85
  98,    2.90909E-01,   2.98248E-01,  2.52
  99,    1.47621E-01,   1.43508E-01,  -2.79
  100,    8.99679E-02,   8.88987E-02,  -1.19
  101,    6.19399E-02,   6.11007E-02,  -1.35
  102,    4.74925E-02,   4.68879E-02,  -1.27
  103,    6.89750E-02,   6.79563E-02,  -1.48
  104,    4.92579E-02,   4.93322E-02,  0.15
  105,    3.40743E-02,   3.44788E-02,  1.19
  106,    5.22244E-02,   5.19842E-02,  -0.46
  107,    3.38687E-02,   3.53565E-02,  4.39
  108,    3.23105E-02,   3.13327E-02,  -3.03
  109,    3.19228E-02,   2.97859E-02,  -6.69
  110,    2.16338E-02,   1.94620E-02,  -10.04
  111,    2.66745E-02,   2.37106E-02,  -11.11
  112,    2.14036E-02,   1.84375E-02,  -13.86
  113,    5.72150E+00,   3.30040E+00,  -42.32
  114,    2.31320E+00,   1.64651E+00,  -28.82
  115,    9.68294E-01,   7.89642E-01,  -18.45
  116,    1.86464E-01,   5.06333E-01,  171.54
  117,    1.88712E-01,   1.91033E-01,  1.23
  118,    1.03236E-01,   1.03040E-01,  -0.19
  119,    2.96212E-01,   2.95554E-01,  -0.22
  120,    1.63627E-01,   1.58340E-01,  -3.23
  121,    1.00222E-01,   9.69655E-02,  -3.25
  122,    7.38560E-02,   7.24556E-02,  -1.90
  123,    5.39285E-02,   5.28009E-02,  -2.09
  124,    8.00984E-02,   7.95823E-02,  -0.64
  125,    5.42293E-02,   5.41208E-02,  -0.20
  126,    3.46281E-02,   3.46023E-02,  -0.07
  127,    5.20586E-02,   5.30513E-02,  1.91
  128,    4.13181E-02,   4.31513E-02,  4.44
  129,    3.06594E-02,   3.05419E-02,  -0.38
  130,    3.37121E-02,   3.21630E-02,  -4.60
  131,    2.32575E-02,   2.18250E-02,  -6.16
  132,    2.79093E-02,   2.56905E-02,  -7.95
  133,    2.16048E-02,   1.97796E-02,  -8.45
  134,    6.07769E+00,   3.77726E+00,  -37.85
  135,    2.01531E+00,   1.53076E+00,  -24.04
  136,    9.22482E-01,   8.81816E-01,  -4.41
  137,    2.93652E-01,   4.63503E-01,  57.84
  138,    4.42888E-01,   2.87402E-01,  -35.11
  139,    1.43564E-01,   1.46335E-01,  1.93
  140,    9.80310E-02,   9.79953E-02,  -0.04
  141,    2.89595E-01,   2.86724E-01,  -0.99
  142,    1.62090E-01,   1.58202E-01,  -2.40
  143,    1.02372E-01,   1.01202E-01,  -1.14
  144,    7.43722E-02,   7.40868E-02,  -0.38
  145,    5.26667E-02,   5.36857E-02,  1.93
  146,    8.48895E-02,   8.42568E-02,  -0.75
  147,    5.70213E-02,   5.67095E-02,  -0.55
  148,    3.24661E-02,   3.39815E-02,  4.67
  149,    5.09961E-02,   5.33031E-02,  4.52
  150,    4.73332E-02,   4.94767E-02,  4.53
  151,    2.71496E-02,   2.81278E-02,  3.60
  152,    3.33201E-02,   3.31028E-02,  -0.65
  153,    2.30520E-02,   2.27318E-02,  -1.39
  154,    2.80427E-02,   2.69002E-02,  -4.07
  155,    2.28094E-02,   2.18091E-02,  -4.39
  156,    5.95258E+00,   4.27280E+00,  -28.22
  157,    2.26191E+00,   2.07528E+00,  -8.25
  158,    9.77684E-01,   9.80481E-01,  0.29
  159,    3.24570E-01,   5.52036E-01,  70.08
  160,    4.23618E-01,   2.59379E-01,  -38.77
  161,    1.53060E-01,   1.57805E-01,  3.10
  162,    9.56131E-02,   9.75348E-02,  2.01
  163,    2.82887E-01,   2.85462E-01,  0.91
  164,    1.58797E-01,   1.54801E-01,  -2.52
  165,    1.07999E-01,   1.07601E-01,  -0.37
  166,    7.42793E-02,   7.45066E-02,  0.31
  167,    5.51055E-02,   5.53233E-02,  0.40
  168,    8.47283E-02,   8.39364E-02,  -0.93
  169,    5.42794E-02,   5.36513E-02,  -1.16
  170,    3.04051E-02,   3.18317E-02,  4.69
  171,    5.27314E-02,   5.54888E-02,  5.23
  172,    4.60293E-02,   4.82395E-02,  4.80
  173,    2.79294E-02,   2.91498E-02,  4.37
  174,    3.38499E-02,   3.38010E-02,  -0.14
  175,    2.26353E-02,   2.28404E-02,  0.91
  176,    2.78493E-02,   2.75145E-02,  -1.20
  177,    6.10244E+00,   4.60877E+00,  -24.48
  178,    2.13197E+00,   1.88311E+00,  -11.67
  179,    9.54436E-01,   9.55343E-01,  0.10
  180,    2.45200E-01,   4.15609E-01,  69.50
  181,    3.76698E-01,   2.31677E-01,  -38.50
  182,    1.33233E-01,   1.34780E-01,  1.16
  183,    9.42898E-02,   9.52595E-02,  1.03
  184,    2.82526E-01,   2.80544E-01,  -0.70
  185,    1.63757E-01,   1.59510E-01,  -2.59
  186,    1.10012E-01,   1.08951E-01,  -0.96
  187,    7.46303E-02,   7.46129E-02,  -0.02
  188,    5.90355E-02,   5.85911E-02,  -0.75
  189,    8.03295E-02,   7.88176E-02,  -1.88
  190,    4.74987E-02,   4.55184E-02,  -4.17
  191,    3.07734E-02,   3.22215E-02,  4.71
  192,    5.14108E-02,   5.41423E-02,  5.31
  193,    4.45487E-02,   4.55955E-02,  2.35
  194,    2.74163E-02,   2.81765E-02,  2.77
  195,    3.06639E-02,   3.09190E-02,  0.83
  196,    2.23371E-02,   2.24520E-02,  0.51
  197,    2.72825E-02,   2.70067E-02,  -1.01
  198,    6.03535E+00,   4.31526E+00,  -28.50
  199,    2.22474E+00,   1.87001E+00,  -15.94
  200,    7.89918E-01,   7.39200E-01,  -6.42
  201,    2.48124E-01,   3.73948E-01,  50.71
  202,    3.35292E-01,   2.03564E-01,  -39.29
  203,    1.32921E-01,   1.36284E-01,  2.53
  204,    8.68220E-02,   8.66531E-02,  -0.19
  205,    2.64123E-01,   2.62478E-01,  -0.62
  206,    1.65569E-01,   1.66840E-01,  0.77
  207,    1.07036E-01,   1.09268E-01,  2.08
  208,    7.59017E-02,   7.72158E-02,  1.73
  209,    5.40453E-02,   5.61309E-02,  3.86
  210,    8.10408E-02,   7.86142E-02,  -2.99
  211,    4.27062E-02,   4.19878E-02,  -1.68
  212,    3.14016E-02,   3.23965E-02,  3.17
  213,    5.61689E-02,   5.83928E-02,  3.96
  214,    3.83145E-02,   3.90146E-02,  1.83
  215,    2.56840E-02,   2.61417E-02,  1.78
  216,    2.82814E-02,   2.87010E-02,  1.48
  217,    2.13449E-02,   2.17927E-02,  2.10
  218,    2.72835E-02,   2.77772E-02,  1.81
  219,    2.60792E+01,   1.51655E+01,  -41.85
  220,    5.43997E+00,   4.55729E+00,  -16.23
  221,    1.55118E+00,   1.50045E+00,  -3.27
  222,    6.28012E-01,   6.33207E-01,  0.83
  223,    2.03822E-01,   3.00694E-01,  47.53
  224,    2.36711E-01,   1.78582E-01,  -24.56
  225,    1.01014E-01,   1.03925E-01,  2.88
  226,    7.10739E-02,   7.27559E-02,  2.37
  227,    2.37972E-01,   2.44821E-01,  2.88
  228,    1.50735E-01,   1.55107E-01,  2.90
  229,    9.68624E-02,   1.01355E-01,  4.64
  230,    7.46612E-02,   7.65239E-02,  2.49
  231,    4.77969E-02,   4.88783E-02,  2.26
  232,    7.03605E-02,   6.87084E-02,  -2.35
  233,    3.70233E-02,   3.66308E-02,  -1.06
  234,    3.44764E-02,   3.46129E-02,  0.40
  235,    5.95121E-02,   5.93876E-02,  -0.21
  236,    3.17637E-02,   3.17059E-02,  -0.18
  237,    2.44197E-02,   2.40044E-02,  -1.70
  238,    2.69293E-02,   2.70532E-02,  0.46
  239,    1.95159E-02,   1.94624E-02,  -0.27
  240,    2.63180E-02,   2.64402E-02,  0.46
  241,    6.07736E+00,   4.77703E+00,  -21.40
  242,    1.93509E+00,   1.66982E+00,  -13.71
  243,    6.86918E-01,   6.88921E-01,  0.29
  244,    2.31855E-01,   3.58866E-01,  54.78
  245,    2.85318E-01,   1.87446E-01,  -34.30
  246,    1.19573E-01,   1.20439E-01,  0.72
  247,    8.72093E-02,   8.66265E-02,  -0.67
  248,    2.50916E-01,   2.54168E-01,  1.30
  249,    1.50949E-01,   1.52171E-01,  0.81
  250,    9.97042E-02,   1.01333E-01,  1.63
  251,    6.79016E-02,   7.04573E-02,  3.76
  252,    4.91152E-02,   4.90586E-02,  -0.12
  253,    6.06553E-02,   5.95601E-02,  -1.81
  254,    3.72737E-02,   3.86883E-02,  3.80
  255,    3.47560E-02,   3.50607E-02,  0.88
  256,    5.53386E-02,   5.50826E-02,  -0.46
  257,    3.16469E-02,   3.12129E-02,  -1.37
  258,    2.13461E-02,   2.10331E-02,  -1.47
  259,    2.57171E-02,   2.53434E-02,  -1.45
  260,    1.88288E-02,   1.87118E-02,  -0.62
  261,    2.46788E-02,   2.47521E-02,  0.30
  262,    1.83269E+00,   1.45777E+00,  -20.46
  263,    6.79957E-01,   6.62599E-01,  -2.55
  264,    1.85478E-01,   3.09216E-01,  66.71
  265,    3.07694E-01,   1.80822E-01,  -41.23
  266,    1.19004E-01,   1.21123E-01,  1.78
  267,    8.97034E-02,   8.92074E-02,  -0.55
  268,    2.70660E-01,   2.69181E-01,  -0.55
  269,    1.57234E-01,   1.60020E-01,  1.77
  270,    1.12358E-01,   1.12715E-01,  0.32
  271,    6.80839E-02,   6.79506E-02,  -0.20
  272,    4.72548E-02,   4.71161E-02,  -0.29
  273,    5.29234E-02,   5.15892E-02,  -2.52
  274,    3.74505E-02,   3.71436E-02,  -0.82
  275,    3.42883E-02,   3.31220E-02,  -3.40
  276,    5.42960E-02,   5.28343E-02,  -2.69
  277,    3.08836E-02,   3.06994E-02,  -0.60
  278,    1.97530E-02,   1.94716E-02,  -1.42
  279,    2.42351E-02,   2.36128E-02,  -2.57
  280,    1.85181E-02,   1.82470E-02,  -1.46
  281,    2.43974E-02,   2.40931E-02,  -1.25
  282,    2.09371E+00,   1.55083E+00,  -25.93
  283,    7.79404E-01,   6.36033E-01,  -18.39
  284,    1.91602E-01,   3.34422E-01,  74.54
  285,    3.78759E-01,   2.06256E-01,  -45.54
  286,    1.48487E-01,   1.43283E-01,  -3.50
  287,    9.99060E-02,   9.79769E-02,  -1.93
  288,    2.88083E-01,   2.87788E-01,  -0.10
  289,    1.73485E-01,   1.74781E-01,  0.75
  290,    1.09826E-01,   1.13782E-01,  3.60
  291,    7.46354E-02,   7.41138E-02,  -0.70
  292,    4.36110E-02,   4.26951E-02,  -2.10
  293,    5.13951E-02,   4.97809E-02,  -3.14
  294,    4.50839E-02,   4.42642E-02,  -1.82
  295,    2.97197E-02,   2.89959E-02,  -2.44
  296,    4.69384E-02,   4.54235E-02,  -3.23
  297,    2.95880E-02,   2.87209E-02,  -2.93
  298,    1.92295E-02,   1.87636E-02,  -2.42
  299,    2.35129E-02,   2.33500E-02,  -0.69
  300,    1.79449E-02,   1.77062E-02,  -1.33
  301,    1.95633E+00,   1.17700E+00,  -39.84
  302,    7.22030E-01,   5.35282E-01,  -25.86
  303,    2.45501E-01,   2.95100E-01,  20.20
  304,    3.14589E-01,   1.89084E-01,  -39.89
  305,    1.32839E-01,   1.22337E-01,  -7.91
  306,    9.12254E-02,   9.11682E-02,  -0.06
  307,    2.81530E-01,   2.87648E-01,  2.17
  308,    1.84205E-01,   1.85345E-01,  0.62
  309,    1.01430E-01,   1.04124E-01,  2.66
  310,    6.69656E-02,   6.74798E-02,  0.77
  311,    3.76459E-02,   3.60434E-02,  -4.26
  312,    5.08173E-02,   5.02373E-02,  -1.14
  313,    4.43708E-02,   4.29046E-02,  -3.30
  314,    2.39373E-02,   2.34759E-02,  -1.93
  315,    3.91844E-02,   3.83698E-02,  -2.08
  316,    2.76876E-02,   2.75269E-02,  -0.58
  317,    1.84457E-02,   1.83341E-02,  -0.61
  318,    2.23618E-02,   2.17129E-02,  -2.90
  319,    1.70212E-02,   1.67167E-02,  -1.79
  320,    2.45714E+00,   1.26323E+00,  -48.59
  321,    9.03480E-01,   6.11083E-01,  -32.36
  322,    1.82202E-01,   3.56396E-01,  95.60
  323,    1.66081E-01,   1.54645E-01,  -6.89
  324,    1.09426E-01,   1.06558E-01,  -2.62
  325,    3.16558E-01,   3.12220E-01,  -1.37
  326,    1.79875E-01,   1.86834E-01,  3.87
  327,    1.09995E-01,   1.12094E-01,  1.91
  328,    5.94460E-02,   5.96824E-02,  0.40
  329,    3.31911E-02,   3.18312E-02,  -4.10
  330,    5.25062E-02,   5.24587E-02,  -0.09
  331,    4.42747E-02,   4.39190E-02,  -0.80
  332,    2.24154E-02,   2.25346E-02,  0.53
  333,    3.92747E-02,   3.87746E-02,  -1.27
  334,    2.48500E-02,   2.46968E-02,  -0.62
  335,    1.74309E-02,   1.74989E-02,  0.39
  336,    2.08296E-02,   2.08356E-02,  0.03
  337,    1.74077E-02,   1.74345E-02,  0.15
  338,    2.15001E+00,   1.08696E+00,  -49.44
  339,    9.91793E-01,   5.50583E-01,  -44.49
  340,    1.39811E-01,   3.05268E-01,  118.34
  341,    1.61607E-01,   1.36918E-01,  -15.28
  342,    1.27958E-01,   1.07846E-01,  -15.72
  343,    3.73491E-01,   3.46756E-01,  -7.16
  344,    1.82501E-01,   1.79119E-01,  -1.85
  345,    1.07117E-01,   1.07255E-01,  0.13
  346,    5.49832E-02,   5.23134E-02,  -4.86
  347,    3.14264E-02,   3.09741E-02,  -1.44
  348,    5.80390E-02,   5.74901E-02,  -0.95
  349,    3.50537E-02,   3.52679E-02,  0.61
  350,    2.26806E-02,   2.29033E-02,  0.98
  351,    3.84461E-02,   3.84598E-02,  0.04
  352,    2.28213E-02,   2.29954E-02,  0.76
  353,    1.63110E-02,   1.65876E-02,  1.70
  354,    2.02806E-02,   2.02897E-02,  0.04
  355,    6.32291E+00,   3.28223E+00,  -48.09
  356,    2.42941E+00,   1.31412E+00,  -45.91
  357,    9.34296E-01,   6.27193E-01,  -32.87
  358,    2.53052E-01,   3.89341E-01,  53.86
  359,    4.70146E-01,   2.42036E-01,  -48.52
  360,    2.05146E-01,   1.82210E-01,  -11.18
  361,    1.38997E-01,   1.36934E-01,  -1.48
  362,    3.64430E-01,   3.59727E-01,  -1.29
  363,    1.98949E-01,   1.96935E-01,  -1.01
  364,    9.42916E-02,   9.62056E-02,  2.03
  365,    4.87184E-02,   4.58538E-02,  -5.88
  366,    3.58201E-02,   3.49638E-02,  -2.39
  367,    6.18732E-02,   6.12274E-02,  -1.04
  368,    3.14527E-02,   3.13529E-02,  -0.32
  369,    2.36043E-02,   2.37897E-02,  0.79
  370,    3.66439E-02,   3.64987E-02,  -0.40
  371,    2.19586E-02,   2.24834E-02,  2.39
  372,    1.62634E-02,   1.65995E-02,  2.07
  373,    2.03385E-02,   2.07264E-02,  1.91
  374,    2.14589E+00,   1.10533E+00,  -48.49
  375,    8.45372E-01,   6.14479E-01,  -27.31
  376,    2.44612E-01,   3.55201E-01,  45.21
  377,    1.99963E-01,   1.84860E-01,  -7.55
  378,    1.13386E-01,   1.12342E-01,  -0.92
  379,    3.50445E-01,   3.51147E-01,  0.20
  380,    1.83315E-01,   1.91469E-01,  4.45
  381,    8.18915E-02,   8.37059E-02,  2.22
  382,    4.43376E-02,   4.39444E-02,  -0.89
  383,    3.74022E-02,   3.69229E-02,  -1.28
  384,    6.16918E-02,   5.98370E-02,  -3.01
  385,    2.91736E-02,   2.87882E-02,  -1.32
  386,    2.26963E-02,   2.25482E-02,  -0.65
  387,    3.60432E-02,   3.61208E-02,  0.22
  388,    2.23686E-02,   2.26679E-02,  1.34
  389,    1.57647E-02,   1.59807E-02,  1.37
  390,    1.92219E-02,   1.95488E-02,  1.70
  391,    1.99952E+00,   1.22366E+00,  -38.80
  392,    8.46089E-01,   6.30561E-01,  -25.47
  393,    3.85740E-01,   4.19796E-01,  8.83
  394,    1.78218E-01,   1.71259E-01,  -3.90
  395,    1.34689E-01,   1.27441E-01,  -5.38
  396,    3.74887E-01,   3.72597E-01,  -0.61
  397,    1.54621E-01,   1.65521E-01,  7.05
  398,    7.03302E-02,   6.89336E-02,  -1.99
  399,    4.76763E-02,   4.82464E-02,  1.20
  400,    3.89113E-02,   3.89887E-02,  0.20
  401,    5.12519E-02,   5.07852E-02,  -0.91
  402,    3.10974E-02,   3.10386E-02,  -0.19
  403,    1.97023E-02,   1.99176E-02,  1.09
  404,    3.20080E-02,   3.20990E-02,  0.28
  405,    2.10656E-02,   2.15372E-02,  2.24
  406,    1.54380E-02,   1.55433E-02,  0.68
  407,    1.94699E-02,   1.98453E-02,  1.93
  408,    6.11714E+00,   2.94668E+00,  -51.83
  409,    1.96900E+00,   1.24713E+00,  -36.66
  410,    1.11223E+00,   7.41957E-01,  -33.29
  411,    4.54019E-01,   4.82185E-01,  6.20
  412,    4.47306E-01,   2.72004E-01,  -39.19
  413,    2.22446E-01,   1.95351E-01,  -12.18
  414,    1.42246E-01,   1.40240E-01,  -1.41
  415,    3.65735E-01,   3.76265E-01,  2.88
  416,    1.39970E-01,   1.47055E-01,  5.06
  417,    6.62039E-02,   6.70777E-02,  1.32
  418,    5.30261E-02,   5.31284E-02,  0.19
  419,    4.62791E-02,   4.55376E-02,  -1.60
  420,    4.34874E-02,   4.32127E-02,  -0.63
  421,    3.12419E-02,   3.09356E-02,  -0.98
  422,    1.85895E-02,   1.85665E-02,  -0.12
  423,    3.09585E-02,   3.09510E-02,  -0.02
  424,    2.11322E-02,   2.11731E-02,  0.19
  425,    1.56539E-02,   1.57937E-02,  0.89
  426,    2.06630E-02,   2.05735E-02,  -0.43
  427,    5.59096E+00,   2.91843E+00,  -47.80
  428,    2.54020E+00,   1.42756E+00,  -43.80
  429,    1.17197E+00,   8.38776E-01,  -28.43
  430,    3.70809E-01,   4.46547E-01,  20.43
  431,    2.29461E-01,   2.13414E-01,  -6.99
  432,    1.23286E-01,   1.24912E-01,  1.32
  433,    3.23268E-01,   3.42886E-01,  6.07
  434,    1.25831E-01,   1.23715E-01,  -1.68
  435,    7.66221E-02,   7.80077E-02,  1.81
  436,    5.95566E-02,   5.94999E-02,  -0.10
  437,    3.93403E-02,   3.86851E-02,  -1.67
  438,    4.23110E-02,   4.24352E-02,  0.29
  439,    3.11593E-02,   3.13687E-02,  0.67
  440,    1.91772E-02,   1.94620E-02,  1.49
  441,    3.08001E-02,   3.09420E-02,  0.46
  442,    2.13899E-02,   2.16636E-02,  1.28
  443,    1.53893E-02,   1.57344E-02,  2.24
  444,    1.10216E+00,   7.47169E-01,  -32.21
  445,    3.55291E-01,   4.80368E-01,  35.20
  446,    2.01173E-01,   1.81995E-01,  -9.53
  447,    1.09193E-01,   1.11793E-01,  2.38
  448,    2.85219E-01,   2.92300E-01,  2.48
  449,    1.14398E-01,   1.13862E-01,  -0.47
  450,    8.33429E-02,   8.39688E-02,  0.75
  451,    6.73928E-02,   6.71799E-02,  -0.32
  452,    3.10131E-02,   3.06121E-02,  -1.29
  453,    4.63897E-02,   4.59338E-02,  -0.98
  454,    2.79575E-02,   2.78058E-02,  -0.54
  455,    1.93758E-02,   1.93174E-02,  -0.30
  456,    3.14156E-02,   3.15652E-02,  0.48
  457,    2.10809E-02,   2.10908E-02,  0.05
  458,    1.58374E-02,   1.60345E-02,  1.24
  459,    2.59148E+00,   1.42609E+00,  -44.97
  460,    2.69711E-01,   5.25681E-01,  94.91
  461,    1.79430E-01,   1.71275E-01,  -4.55
  462,    9.71550E-02,   8.59657E-02,  -11.52
  463,    2.52782E-01,   2.32442E-01,  -8.05
  464,    1.31542E-01,   1.29087E-01,  -1.87
  465,    9.25395E-02,   9.17835E-02,  -0.82
  466,    5.65087E-02,   5.53867E-02,  -1.99
  467,    3.04459E-02,   2.99390E-02,  -1.67
  468,    4.72243E-02,   4.67527E-02,  -1.00
  469,    2.64648E-02,   2.64834E-02,  0.07
  470,    1.95223E-02,   1.96534E-02,  0.67
  471,    3.12206E-02,   3.12058E-02,  -0.05
  472,    2.13894E-02,   2.13383E-02,  -0.24
  473,    1.68177E-02,   1.67872E-02,  -0.18
  474,    6.58037E+00,   3.16349E+00,  -51.93
  475,    1.32024E+00,   8.75258E-01,  -33.70
  476,    2.97713E-01,   4.53763E-01,  52.42
  477,    1.39096E-01,   1.24758E-01,  -10.31
  478,    7.57013E-02,   7.08894E-02,  -6.36
  479,    2.18441E-01,   2.09471E-01,  -4.11
  480,    1.42850E-01,   1.41793E-01,  -0.74
  481,    1.04678E-01,   1.04679E-01,  0.00
  482,    4.50503E-02,   4.43484E-02,  -1.56
  483,    3.05649E-02,   3.01859E-02,  -1.24
  484,    4.68946E-02,   4.63338E-02,  -1.20
  485,    2.70807E-02,   2.70922E-02,  0.04
  486,    1.89779E-02,   1.89128E-02,  -0.34
  487,    3.05025E-02,   3.06287E-02,  0.41
  488,    2.15553E-02,   2.16098E-02,  0.25
  489,    1.75997E-02,   1.75375E-02,  -0.35
  490,    1.13693E+00,   8.17806E-01,  -28.07
  491,    2.05482E-01,   4.44855E-01,  116.49
  492,    1.19034E-01,   1.08533E-01,  -8.82
  493,    7.44040E-02,   7.37476E-02,  -0.88
  494,    2.40615E-01,   2.41802E-01,  0.49
  495,    1.56809E-01,   1.59049E-01,  1.43
  496,    8.71872E-02,   8.84688E-02,  1.47
  497,    4.46907E-02,   4.50643E-02,  0.84
  498,    3.42368E-02,   3.42702E-02,  0.10
  499,    4.33740E-02,   4.26587E-02,  -1.65
  500,    2.79442E-02,   2.80337E-02,  0.32
  501,    1.95538E-02,   1.97723E-02,  1.12
  502,    3.21501E-02,   3.22963E-02,  0.45
  503,    2.18782E-02,   2.21115E-02,  1.07
  504,    1.00591E+00,   7.98906E-01,  -20.58
  505,    1.33652E-01,   3.35082E-01,  150.71
  506,    1.16760E-01,   1.06253E-01,  -9.00
  507,    1.05913E-01,   9.76098E-02,  -7.84
  508,    2.82124E-01,   2.74555E-01,  -2.68
  509,    1.88030E-01,   1.85666E-01,  -1.26
  510,    7.33085E-02,   7.26602E-02,  -0.88
  511,    4.74624E-02,   4.71605E-02,  -0.64
  512,    3.83079E-02,   3.81805E-02,  -0.33
  513,    4.16925E-02,   4.17984E-02,  0.25
  514,    2.93357E-02,   2.94351E-02,  0.34
  515,    2.03250E-02,   2.04627E-02,  0.68
  516,    3.25848E-02,   3.25399E-02,  -0.14
  517,    2.32618E-02,   2.33476E-02,  0.37
  518,    5.57527E+00,   3.87726E+00,  -30.46
  519,    1.77954E+00,   1.60775E+00,  -9.65
  520,    6.51715E-01,   5.85812E-01,  -10.11
  521,    1.22119E-01,   2.45133E-01,  100.73
  522,    2.99050E-01,   1.44184E-01,  -51.79
  523,    1.29912E-01,   1.25797E-01,  -3.17
  524,    7.71218E-02,   7.71541E-02,  0.04
  525,    2.81795E-01,   2.79004E-01,  -0.99
  526,    1.40823E-01,   1.40071E-01,  -0.53
  527,    6.60604E-02,   6.62665E-02,  0.31
  528,    4.80322E-02,   4.78601E-02,  -0.36
  529,    3.00191E-02,   2.98445E-02,  -0.58
  530,    4.15528E-02,   4.20565E-02,  1.21
  531,    2.76315E-02,   2.79579E-02,  1.18
  532,    2.04332E-02,   2.04773E-02,  0.22
  533,    3.21279E-02,   3.21615E-02,  0.10
  534,    2.37388E-02,   2.39420E-02,  0.86
  535,    5.21130E+00,   5.15300E+00,  -1.12
  536,    1.56605E+00,   1.57868E+00,  0.81
  537,    5.72462E-01,   5.44738E-01,  -4.84
  538,    1.76971E-01,   2.82413E-01,  59.58
  539,    3.34841E-01,   2.30110E-01,  -31.28
  540,    1.32818E-01,   1.35366E-01,  1.92
  541,    1.26665E-01,   1.27732E-01,  0.84
  542,    3.23660E-01,   3.29384E-01,  1.77
  543,    1.12088E-01,   1.12472E-01,  0.34
  544,    6.67424E-02,   6.75296E-02,  1.18
  545,    5.08003E-02,   5.11389E-02,  0.67
  546,    2.72923E-02,   2.73326E-02,  0.15
  547,    4.16490E-02,   4.20789E-02,  1.03
  548,    2.77499E-02,   2.82300E-02,  1.73
  549,    2.03417E-02,   2.03709E-02,  0.14
  550,    3.29427E-02,   3.32997E-02,  1.08
  551,    2.57314E-02,   2.56212E-02,  -0.43
  552,    2.38875E+01,   2.08681E+01,  -12.64
  553,    4.41358E+00,   4.72838E+00,  7.13
  554,    1.29953E+00,   1.28771E+00,  -0.91
  555,    5.60187E-01,   5.66406E-01,  1.11
  556,    3.87876E-01,   4.22378E-01,  8.90
  557,    2.58467E-01,   2.36163E-01,  -8.63
  558,    2.11006E-01,   2.11209E-01,  0.10
  559,    1.19297E-01,   1.20381E-01,  0.91
  560,    2.93383E-01,   2.97186E-01,  1.30
  561,    1.22231E-01,   1.22944E-01,  0.58
  562,    8.06615E-02,   8.10535E-02,  0.49
  563,    4.70720E-02,   4.70250E-02,  -0.10
  564,    3.13164E-02,   3.11799E-02,  -0.44
  565,    4.31678E-02,   4.36811E-02,  1.19
  566,    2.89400E-02,   2.87568E-02,  -0.63
  567,    1.97790E-02,   2.00316E-02,  1.28
  568,    3.36847E-02,   3.39412E-02,  0.76
  569,    1.67942E+01,   1.67249E+01,  -0.41
  570,    3.07161E+00,   3.13303E+00,  2.00
  571,    1.08454E+00,   1.09748E+00,  1.19
  572,    7.31747E-01,   7.25476E-01,  -0.86
  573,    3.66913E-01,   3.80252E-01,  3.64
  574,    3.27837E-01,   3.19497E-01,  -2.54
  575,    1.69613E-01,   1.71203E-01,  0.94
  576,    8.09325E-02,   8.07448E-02,  -0.23
  577,    2.31591E-01,   2.32325E-01,  0.32
  578,    1.24665E-01,   1.24795E-01,  0.10
  579,    8.57160E-02,   8.57825E-02,  0.08
  580,    4.33129E-02,   4.26901E-02,  -1.44
  581,    3.19547E-02,   3.15279E-02,  -1.34
  582,    4.37952E-02,   4.34026E-02,  -0.90
  583,    3.06382E-02,   3.00153E-02,  -2.03
  584,    2.15092E-02,   2.14914E-02,  -0.08
  585,    3.42349E-02,   3.40940E-02,  -0.41
  586,    9.89550E+00,   1.07368E+01,  8.50
  587,    2.38184E+00,   2.45471E+00,  3.06
  588,    1.39654E+00,   1.35557E+00,  -2.93
  589,    6.61919E-01,   6.54246E-01,  -1.16
  590,    5.03590E-01,   5.13508E-01,  1.97
  591,    2.93625E-01,   2.59304E-01,  -11.69
  592,    1.16914E-01,   1.16431E-01,  -0.41
  593,    7.23241E-02,   7.21657E-02,  -0.22
  594,    2.19162E-01,   2.20284E-01,  0.51
  595,    1.30039E-01,   1.29494E-01,  -0.42
  596,    6.85258E-02,   6.84059E-02,  -0.18
  597,    4.31907E-02,   4.25042E-02,  -1.59
  598,    2.99446E-02,   2.93977E-02,  -1.83
  599,    4.31238E-02,   4.30818E-02,  -0.10
  600,    2.98551E-02,   2.92822E-02,  -1.92
  601,    2.25431E-02,   2.20869E-02,  -2.02
  602,    3.65465E-02,   3.58966E-02,  -1.78
  603,    7.08428E+00,   8.40338E+00,  18.62
  604,    2.89216E+00,   2.90901E+00,  0.58
  605,    1.21571E+00,   1.20321E+00,  -1.03
  606,    8.93043E-01,   8.54240E-01,  -4.35
  607,    2.57100E-01,   4.00155E-01,  55.64
  608,    3.13606E-01,   1.69420E-01,  -45.98
  609,    1.00731E-01,   1.00689E-01,  -0.04
  610,    7.36282E-02,   7.47431E-02,  1.51
  611,    2.12331E-01,   2.16172E-01,  1.81
  612,    1.30740E-01,   1.32464E-01,  1.32
  613,    6.02286E-02,   6.03618E-02,  0.22
  614,    4.17568E-02,   4.19440E-02,  0.45
  615,    2.89149E-02,   2.87924E-02,  -0.42
  616,    4.07218E-02,   4.08635E-02,  0.35
  617,    2.70620E-02,   2.67319E-02,  -1.22
  618,    2.15469E-02,   2.14124E-02,  -0.62
  619,    3.70290E-02,   3.65779E-02,  -1.22
  620,    8.79268E+00,   1.00713E+01,  14.54
  621,    2.54118E+00,   2.70274E+00,  6.36
  622,    1.74784E+00,   1.59712E+00,  -8.62
  623,    6.85082E-01,   6.72287E-01,  -1.87
  624,    9.80398E-02,   2.64441E-01,  169.73
  625,    3.19806E-01,   1.49631E-01,  -53.21
  626,    1.07180E-01,   1.07164E-01,  -0.01
  627,    6.78824E-02,   6.77219E-02,  -0.24
  628,    2.20046E-01,   2.23145E-01,  1.41
  629,    1.04101E-01,   1.06011E-01,  1.84
  630,    5.97977E-02,   6.11087E-02,  2.19
  631,    3.92570E-02,   3.99154E-02,  1.68
  632,    2.71704E-02,   2.79284E-02,  2.79
  633,    4.00146E-02,   4.08250E-02,  2.03
  634,    2.61179E-02,   2.73587E-02,  4.75
  635,    2.11287E-02,   2.13666E-02,  1.13
  636,    8.51856E+00,   1.05873E+01,  24.29
  637,    3.76990E+00,   3.87641E+00,  2.83
  638,    1.38552E+00,   1.32706E+00,  -4.22
  639,    4.72214E-01,   4.61231E-01,  -2.33
  640,    3.79685E-01,   1.64230E-01,  -56.75
  641,    1.03746E-01,   9.89847E-02,  -4.59
  642,    8.84052E-02,   8.53789E-02,  -3.42
  643,    6.38813E-02,   2.41812E-01,  278.53
  644,    2.34054E-01,   2.32684E-01,  -0.59
  645,    9.64497E-02,   9.51137E-02,  -1.39
  646,    6.11518E-02,   6.13844E-02,  0.38
  647,    3.98833E-02,   3.97858E-02,  -0.24
  648,    2.58941E-02,   2.59347E-02,  0.16
  649,    3.89861E-02,   3.93462E-02,  0.92
  650,    2.69907E-02,   2.78449E-02,  3.16
  651,    1.67956E+01,   1.84668E+01,  9.95
  652,    3.93603E+00,   4.21554E+00,  7.10
  653,    1.17817E+00,   1.22192E+00,  3.71
  654,    5.67485E-01,   5.81301E-01,  2.43
  655,    2.37236E-01,   3.70828E-01,  56.31
  656,    3.31717E-01,   2.11890E-01,  -36.12
  657,    1.69616E-01,   1.73751E-01,  2.44
  658,    9.37500E-02,   9.57473E-02,  2.13
  659,    2.30507E-01,   2.30592E-01,  0.04
  660,    1.20047E-01,   1.18657E-01,  -1.16
  661,    7.20498E-02,   7.11202E-02,  -1.29
  662,    4.71842E-02,   4.64983E-02,  -1.45
  663,    3.35480E-02,   3.29128E-02,  -1.89
  664,    4.16027E-02,   4.17600E-02,  0.38
  665,    3.09103E-02,   3.14499E-02,  1.75
  666,    1.11676E+01,   1.20204E+01,  7.64
  667,    2.19845E+00,   2.25797E+00,  2.71
  668,    9.13035E-01,   9.11332E-01,  -0.19
  669,    5.31806E-01,   5.34024E-01,  0.42
  670,    2.15799E-01,   2.87125E-01,  33.05
  671,    2.88455E-01,   2.23649E-01,  -22.47
  672,    1.14386E-01,   1.17799E-01,  2.98
  673,    6.52320E-02,   6.62713E-02,  1.59
  674,    2.13195E-01,   2.14784E-01,  0.75
  675,    1.23952E-01,   1.24944E-01,  0.80
  676,    7.43755E-02,   7.44979E-02,  0.16
  677,    4.60745E-02,   4.54609E-02,  -1.33
  678,    3.48140E-02,   3.42771E-02,  -1.54
  679,    4.40071E-02,   4.40898E-02,  0.19
  680,    3.26938E-02,   3.24621E-02,  -0.71
  681,    1.45624E+01,   1.46556E+01,  0.64
  682,    3.87921E+00,   3.84971E+00,  -0.76
  683,    2.00283E+00,   1.89404E+00,  -5.43
  684,    9.35157E-01,   9.15128E-01,  -2.14
  685,    4.28887E-01,   6.56254E-01,  53.01
  686,    1.69178E-01,   1.72457E-01,  1.94
  687,    1.22778E-01,   1.24584E-01,  1.47
  688,    2.95345E-01,   3.02135E-01,  2.30
  689,    1.60030E-01,   1.62102E-01,  1.29
  690,    9.53733E-02,   9.66964E-02,  1.39
  691,    6.40765E-02,   6.36408E-02,  -0.68
  692,    3.95353E-02,   3.88985E-02,  -1.61
  693,    5.81647E-02,   5.80816E-02,  -0.14
  694,    1.31056E+01,   1.41087E+01,  7.65
  695,    4.77626E+00,   4.76739E+00,  -0.19
  696,    2.07477E+00,   1.96392E+00,  -5.34
  697,    1.30047E+00,   1.27356E+00,  -2.07
  698,    2.83145E-01,   5.81843E-01,  105.49
  699,    2.04505E-01,   2.05571E-01,  0.52
  700,    1.40413E-01,   1.44066E-01,  2.60
  701,    3.94026E-01,   4.03505E-01,  2.41
  702,    2.13369E-01,   2.14810E-01,  0.68
  703,    1.18608E-01,   1.19319E-01,  0.60
  704,    8.40657E-02,   8.31355E-02,  -1.11
  705,    5.06893E-02,   4.99751E-02,  -1.41
  706,    6.94621E-02,   6.89247E-02,  -0.77
  707,    1.21473E+01,   1.25985E+01,  3.71
  708,    3.39929E+00,   3.44195E+00,  1.25
  709,    1.98238E+00,   1.86587E+00,  -5.88
  710,    7.77106E-01,   7.69988E-01,  -0.92
  711,    1.71175E-01,   3.67032E-01,  114.42
  712,    4.39087E-01,   2.44557E-01,  -44.30
  713,    1.62261E-01,   1.65483E-01,  1.99
  714,    1.13441E-01,   1.14723E-01,  1.13
  715,    3.60388E-01,   3.64880E-01,  1.25
  716,    1.96316E-01,   1.98793E-01,  1.26
  717,    1.20394E-01,   1.21366E-01,  0.81
  718,    6.97173E-02,   6.87030E-02,  -1.45
  719,    5.05887E-02,   5.07373E-02,  0.29
  720,    7.48064E-02,   7.42059E-02,  -0.80
  721,    9.51800E+00,   1.00496E+01,  5.59
  722,    3.52661E+00,   3.53569E+00,  0.26
  723,    1.25238E+00,   1.22945E+00,  -1.83
  724,    5.38351E-01,   5.34861E-01,  -0.65
  725,    1.75711E-01,   3.36947E-01,  91.76
  726,    3.80979E-01,   2.18767E-01,  -42.58
  727,    1.47120E-01,   1.47082E-01,  -0.03
  728,    9.73818E-02,   9.64184E-02,  -0.99
  729,    3.10154E-01,   3.11523E-01,  0.44
  730,    1.59645E-01,   1.59988E-01,  0.21
  731,    1.04328E-01,   1.04458E-01,  0.12
  732,    5.94718E-02,   5.83945E-02,  -1.81
  733,    4.46862E-02,   4.44499E-02,  -0.53
  734,    1.07297E+01,   1.14619E+01,  6.82
  735,    2.60551E+00,   2.60295E+00,  -0.10
  736,    9.77850E-01,   9.60461E-01,  -1.78
  737,    5.65629E-01,   5.55486E-01,  -1.79
  738,    2.41966E-01,   3.41027E-01,  40.94
  739,    3.24049E-01,   2.20638E-01,  -31.91
  740,    1.42596E-01,   1.40776E-01,  -1.28
  741,    1.08078E-01,   1.08432E-01,  0.33
  742,    3.00082E-01,   3.00517E-01,  0.14
  743,    1.71920E-01,   1.71048E-01,  -0.51
  744,    9.15940E-02,   9.06852E-02,  -0.99
  745,    6.33555E-02,   6.30143E-02,  -0.54
  746,    4.34306E-02,   4.27688E-02,  -1.52
  747,    7.77629E+00,   8.37318E+00,  7.68
  748,    1.92329E+00,   1.95370E+00,  1.58
  749,    9.67088E-01,   9.49273E-01,  -1.84
  750,    5.37815E-01,   5.30172E-01,  -1.42
  751,    2.54371E-01,   3.23527E-01,  27.19
  752,    2.74375E-01,   1.98630E-01,  -27.61
  753,    1.47296E-01,   1.48081E-01,  0.53
  754,    9.00716E-02,   8.99323E-02,  -0.15
  755,    2.80558E-01,   2.80260E-01,  -0.11
  756,    1.71164E-01,   1.71526E-01,  0.21
  757,    9.03551E-02,   8.94886E-02,  -0.96
  758,    6.50338E-02,   6.46969E-02,  -0.52
  759,    4.61509E-02,   4.64938E-02,  0.74
  760,    8.37240E+00,   9.05959E+00,  8.21
  761,    2.79498E+00,   2.77097E+00,  -0.86
  762,    1.36425E+00,   1.29891E+00,  -4.79
  763,    7.50799E-01,   7.25434E-01,  -3.38
  764,    2.91485E-01,   4.22825E-01,  45.06
  765,    4.50793E-01,   3.02713E-01,  -32.85
  766,    1.78233E-01,   1.78242E-01,  0.01
  767,    1.34518E-01,   1.34671E-01,  0.11
  768,    3.70616E-01,   3.73001E-01,  0.64
  769,    1.83500E-01,   1.82847E-01,  -0.36
  770,    1.16698E-01,   1.17988E-01,  1.11
  771,    7.58889E-02,   7.59935E-02,  0.14
  772,    7.66502E+00,   8.68949E+00,  13.37
  773,    2.48971E+00,   2.46057E+00,  -1.17
  774,    1.20641E+00,   1.15130E+00,  -4.57
  775,    6.49498E-01,   6.16541E-01,  -5.07
  776,    3.01735E-01,   4.16658E-01,  38.09
  777,    3.60084E-01,   2.35604E-01,  -34.57
  778,    1.74358E-01,   1.73207E-01,  -0.66
  779,    1.37061E-01,   1.38989E-01,  1.41
  780,    4.00333E-01,   4.05977E-01,  1.41
  781,    1.95263E-01,   1.94576E-01,  -0.35
  782,    1.29372E-01,   1.31812E-01,  1.89
  783,    8.68967E-02,   8.99179E-02,  3.48
  784,    5.70547E+00,   6.77684E+00,  18.78
  785,    1.90659E+00,   1.89810E+00,  -0.45
  786,    9.01092E-01,   8.63249E-01,  -4.20
  787,    5.43620E-01,   5.34075E-01,  -1.76
  788,    2.11083E-01,   2.85882E-01,  35.44
  789,    2.80896E-01,   2.03034E-01,  -27.72
  790,    1.56031E-01,   1.58561E-01,  1.62
  791,    9.48318E-02,   9.60715E-02,  1.31
  792,    3.02120E-01,   3.03860E-01,  0.58
  793,    1.80510E-01,   1.82006E-01,  0.83
  794,    1.08508E-01,   1.11049E-01,  2.34
  795,    5.52423E+00,   6.48620E+00,  17.41
  796,    1.79776E+00,   1.78257E+00,  -0.84
  797,    9.50088E-01,   9.25938E-01,  -2.54
  798,    4.61608E-01,   4.54127E-01,  -1.62
  799,    2.34349E-01,   3.06930E-01,  30.97
  800,    3.02701E-01,   2.31255E-01,  -23.60
  801,    1.34365E-01,   1.36216E-01,  1.38
  802,    8.82631E-02,   8.77780E-02,  -0.55
  803,    2.71833E-01,   2.71499E-01,  -0.12
  804,    1.69750E-01,   1.71782E-01,  1.20
  805,    1.05725E-01,   1.10844E-01,  4.84
  806,    5.70785E+00,   6.57167E+00,  15.13
  807,    1.97931E+00,   1.97862E+00,  -0.03
  808,    8.23320E-01,   8.08678E-01,  -1.78
  809,    5.05127E-01,   5.02710E-01,  -0.48
  810,    2.71757E-01,   3.59062E-01,  32.13
  811,    2.84022E-01,   2.03551E-01,  -28.33
  812,    1.27322E-01,   1.27134E-01,  -0.15
  813,    9.79994E-02,   9.78192E-02,  -0.18
  814,    3.00939E-01,   3.02564E-01,  0.54
  815,    1.70370E-01,   1.72881E-01,  1.47
  816,    6.07137E+00,   6.82374E+00,  12.39
  817,    1.60104E+00,   1.60276E+00,  0.11
  818,    8.54563E-01,   8.41096E-01,  -1.58
  819,    5.53855E-01,   5.52256E-01,  -0.29
  820,    2.32038E-01,   2.97258E-01,  28.11
  821,    2.47654E-01,   1.78697E-01,  -27.84
  822,    1.35813E-01,   1.33631E-01,  -1.61
  823,    1.05678E-01,   1.04738E-01,  -0.89
  824,    3.11681E-01,   3.11820E-01,  0.04
  825,    1.82920E-01,   1.88073E-01,  2.82
  826,    4.54372E+00,   5.02214E+00,  10.53
  827,    1.48054E+00,   1.49961E+00,  1.29
  828,    8.25334E-01,   8.24598E-01,  -0.09
  829,    4.06646E-01,   4.08013E-01,  0.34
  830,    1.89750E-01,   2.32462E-01,  22.51
  831,    2.15815E-01,   1.67537E-01,  -22.37
  832,    1.28207E-01,   1.27341E-01,  -0.68
  833,    8.74299E-02,   8.66553E-02,  -0.89
  834,    2.81295E-01,   2.80659E-01,  -0.23
  835,    5.34105E+00,   6.24292E+00,  16.89
  836,    1.86299E+00,   1.88682E+00,  1.28
  837,    7.69549E-01,   7.73580E-01,  0.52
  838,    4.03310E-01,   4.01419E-01,  -0.47
  839,    2.22646E-01,   2.73247E-01,  22.73
  840,    2.56071E-01,   1.98655E-01,  -22.42
  841,    1.32216E-01,   1.31161E-01,  -0.80
  842,    9.60375E-02,   9.57280E-02,  -0.32
  843,    2.95837E-01,   2.98646E-01,  0.95
  844,    5.24726E+00,   6.03332E+00,  14.98
  845,    1.33018E+00,   1.36042E+00,  2.27
  846,    5.80960E-01,   5.82466E-01,  0.26
  847,    3.63987E-01,   3.61869E-01,  -0.58
  848,    2.21368E-01,   2.47150E-01,  11.65
  849,    1.86606E-01,   1.56780E-01,  -15.98
  850,    1.11113E-01,   1.10223E-01,  -0.80
  851,    9.01945E-02,   9.09547E-02,  0.84
  852,    4.30290E+00,   4.82910E+00,  12.23
  853,    1.10858E+00,   1.14989E+00,  3.73
  854,    6.05632E-01,   5.99530E-01,  -1.01
  855,    3.79821E-01,   3.73510E-01,  -1.66
  856,    1.98370E-01,   2.24761E-01,  13.30
  857,    1.83362E-01,   1.51030E-01,  -17.63
  858,    1.21171E-01,   1.20671E-01,  -0.41
  859,    4.15210E+00,   5.00542E+00,  20.55
  860,    1.39602E+00,   1.42065E+00,  1.76
  861,    7.37753E-01,   7.25672E-01,  -1.64
  862,    4.00083E-01,   3.98385E-01,  -0.42
  863,    2.10898E-01,   2.49945E-01,  18.51
  864,    2.38774E-01,   1.90532E-01,  -20.20
  865,    4.45874E+00,   5.36540E+00,  20.33
  866,    1.41375E+00,   1.43672E+00,  1.62
  867,    6.50217E-01,   6.48433E-01,  -0.27
  868,    3.79948E-01,   3.64062E-01,  -4.18
  869,    2.15155E-01,   2.58969E-01,  20.36
  870,    4.53980E+00,   5.20894E+00,  14.74
  871,    1.23305E+00,   1.29440E+00,  4.98
  872,    6.01100E-01,   5.95914E-01,  -0.86
  873,    3.91204E-01,   3.84421E-01,  -1.73
  874,    4.14627E+00,   4.90802E+00,  18.37
  875,    1.23464E+00,   1.23871E+00,  0.33
  876,    6.81599E-01,   6.66959E-01,  -2.15
  877,    4.35325E+00,   4.88129E+00,  12.13
  878,    1.51930E+00,   1.44109E+00,  -5.15
  879,    4.05453E+00,   4.58156E+00,  13.00

;-Resistivity in Ohm-m in the elemental sequential order

 2.70387E+02,  2.76030E+02,  2.81310E+02,  2.96132E+02,  3.28912E+02
 3.77487E+02,  4.43753E+02,  5.25094E+02,  6.13875E+02,  6.98538E+02
 7.63704E+02,  8.03186E+02,  8.22794E+02,  8.30097E+02,  8.21903E+02
 8.57254E+02,  8.57254E+02,  5.37964E+02,  5.37964E+02,  5.37964E+02
 5.37964E+02,  5.37964E+02,  5.37964E+02,  2.70387E+02,  2.76030E+02
 2.81310E+02,  2.96132E+02,  3.28912E+02,  3.77487E+02,  4.43753E+02
 5.25094E+02,  6.13875E+02,  6.98538E+02,  7.63704E+02,  8.03186E+02
 8.22794E+02,  8.30097E+02,  8.21903E+02,  8.57254E+02,  8.57254E+02
 5.37964E+02,  5.37964E+02,  5.37964E+02,  5.37964E+02,  5.37964E+02
 5.37964E+02,  2.70387E+02,  2.76030E+02,  2.81310E+02,  2.96132E+02
 3.28912E+02,  3.77487E+02,  4.43753E+02,  5.25094E+02,  6.13875E+02
 6.98538E+02,  7.63704E+02,  8.03186E+02,  8.22794E+02,  8.30097E+02
 8.21903E+02,  8.57254E+02,  8.57254E+02,  5.37964E+02,  5.37964E+02
 5.37964E+02,  5.37964E+02,  5.37964E+02,  5.37964E+02,  2.70387E+02
 2.76030E+02,  2.81310E+02,  2.96132E+02,  3.28912E+02,  3.77487E+02
 4.43753E+02,  5.25094E+02,  6.13875E+02,  6.98538E+02,  7.63704E+02
 8.03186E+02,  8.22794E+02,  8.30097E+02,  8.21903E+02,  8.57254E+02
 8.57254E+02,  5.37964E+02,  5.37964E+02,  5.37964E+02,  5.37964E+02
 5.37964E+02,  5.37964E+02,  2.70387E+02,  2.76030E+02,  2.81310E+02
 2.96132E+02,  3.28912E+02,  3.77487E+02,  4.43753E+02,  5.25094E+02
 6.13875E+02,  6.98538E+02,  7.63704E+02,  8.03186E+02,  8.22794E+02
 8.30097E+02,  8.21903E+02,  8.57254E+02,  8.57254E+02,  5.37964E+02
 5.37964E+02,  5.37964E+02,  5.37964E+02,  5.37964E+02,  5.37964E+02
 2.70387E+02,  2.76030E+02,  2.81310E+02,  2.96132E+02,  3.28912E+02
 3.77487E+02,  4.43753E+02,  5.25094E+02,  6.13875E+02,  6.98538E+02
 7.63704E+02,  8.03186E+02,  8.22794E+02,  8.30097E+02,  8.21903E+02
 8.57254E+02,  8.57254E+02,  5.37964E+02,  5.37964E+02,  5.37964E+02
 5.37964E+02,  5.37964E+02,  5.37964E+02,  5.06884E+02,  4.55189E+02
 4.31585E+02,  4.15464E+02,  4.30640E+02,  4.62877E+02,  4.99034E+02
 5.28520E+02,  5.40770E+02,  5.32125E+02,  5.04086E+02,  4.64887E+02
 4.27060E+02,  3.98214E+02,  3.77530E+02,  3.53791E+02,  3.53791E+02
 3.25243E+02,  3.25243E+02,  3.25243E+02,  3.25243E+02,  3.25243E+02
 3.25243E+02,  5.06884E+02,  4.55189E+02,  4.31585E+02,  4.15464E+02
 4.30640E+02,  4.62877E+02,  4.99034E+02,  5.28520E+02,  5.40770E+02
 5.32125E+02,  5.04086E+02,  4.64887E+02,  4.27060E+02,  3.98214E+02
 3.77530E+02,  3.53791E+02,  3.53791E+02,  3.25243E+02,  3.25243E+02
 3.25243E+02,  3.25243E+02,  3.25243E+02,  3.25243E+02,  3.34033E+02
 3.81968E+02,  4.20463E+02,  4.34060E+02,  4.47698E+02,  4.94995E+02
 5.67373E+02,  5.94647E+02,  5.35609E+02,  4.96630E+02,  4.64100E+02
 4.28352E+02,  3.96841E+02,  3.75851E+02,  3.63834E+02,  3.42599E+02
 3.42599E+02,  3.18593E+02,  3.18593E+02,  3.18593E+02,  3.18593E+02
 3.18593E+02,  3.18593E+02,  2.72547E+02,  2.56656E+02,  3.61961E+02
 4.87497E+02,  4.82380E+02,  4.97412E+02,  5.77676E+02,  6.38269E+02
 6.40639E+02,  5.72147E+02,  4.84327E+02,  4.34316E+02,  3.96408E+02
 3.72483E+02,  3.60947E+02,  3.01999E+02,  3.01999E+02,  2.48367E+02
 2.48367E+02,  2.48367E+02,  2.48367E+02,  2.48367E+02,  2.48367E+02
 3.92380E+02,  1.36852E+02,  3.00531E+02,  5.31781E+02,  5.72539E+02
 5.60803E+02,  5.86411E+02,  6.54391E+02,  6.56731E+02,  6.01369E+02
 5.20364E+02,  4.47077E+02,  4.07114E+02,  3.77005E+02,  3.60636E+02
 2.93038E+02,  2.93038E+02,  2.45224E+02,  2.45224E+02,  2.45224E+02
 2.45224E+02,  2.45224E+02,  2.45224E+02,  2.49105E+02,  1.01153E+02
 2.80973E+02,  7.60938E+02,  7.64135E+02,  6.88742E+02,  6.83624E+02
 6.77952E+02,  6.63905E+02,  6.07580E+02,  5.39144E+02,  4.61332E+02
 4.19855E+02,  3.85385E+02,  3.62700E+02,  2.86744E+02,  2.86744E+02
 2.42483E+02,  2.42483E+02,  2.42483E+02,  2.42483E+02,  2.42483E+02
 2.42483E+02,  2.36074E+02,  9.63348E+01,  3.70595E+02,  1.06641E+03
 1.04685E+03,  7.93006E+02,  7.21091E+02,  6.89322E+02,  6.35134E+02
 6.00777E+02,  5.46723E+02,  4.74333E+02,  4.33191E+02,  3.94340E+02
 3.64146E+02,  2.80377E+02,  2.80377E+02,  2.38046E+02,  2.38046E+02
 2.38046E+02,  2.38046E+02,  2.38046E+02,  2.38046E+02,  2.97301E+02
 1.38579E+02,  3.78661E+02,  1.24469E+03,  1.22580E+03,  8.48614E+02
 7.29076E+02,  6.35089E+02,  6.40138E+02,  6.06506E+02,  5.51415E+02
 4.89883E+02,  4.47843E+02,  4.04190E+02,  3.65400E+02,  2.74996E+02
 2.74996E+02,  2.34777E+02,  2.34777E+02,  2.34777E+02,  2.34777E+02
 2.34777E+02,  2.34777E+02,  2.78298E+02,  1.23976E+02,  3.60435E+02
 1.20644E+03,  1.21296E+03,  8.20636E+02,  6.39204E+02,  6.36131E+02
 6.37593E+02,  6.15284E+02,  5.64908E+02,  5.10855E+02,  4.63155E+02
 4.12737E+02,  3.66697E+02,  2.70118E+02,  2.70118E+02,  2.32460E+02
 2.32460E+02,  2.32460E+02,  2.32460E+02,  2.32460E+02,  2.32460E+02
 3.17853E+02,  1.27911E+02,  3.18698E+02,  9.52039E+02,  9.51756E+02
 7.67567E+02,  6.20118E+02,  5.86592E+02,  5.86056E+02,  6.12269E+02
 5.76275E+02,  5.31890E+02,  4.77615E+02,  4.17469E+02,  3.68120E+02
 2.65498E+02,  2.65498E+02,  2.30409E+02,  2.30409E+02,  2.30409E+02
 2.30409E+02,  2.30409E+02,  2.30409E+02,  2.48313E+02,  1.15549E+02
 3.10680E+02,  8.73534E+02,  7.92942E+02,  5.61758E+02,  5.05619E+02
 5.09733E+02,  5.54132E+02,  5.75275E+02,  5.79313E+02,  5.45132E+02
 4.83894E+02,  4.21010E+02,  3.69971E+02,  2.60938E+02,  2.60938E+02
 2.28498E+02,  2.28498E+02,  2.28498E+02,  2.28498E+02,  2.28498E+02
 2.28498E+02,  2.98359E+02,  1.32379E+02,  3.24883E+02,  8.68181E+02
 7.81711E+02,  5.03941E+02,  4.33747E+02,  4.54916E+02,  5.03479E+02
 5.71146E+02,  5.79147E+02,  5.48751E+02,  4.88921E+02,  4.24284E+02
 3.71858E+02,  2.56411E+02,  2.56411E+02,  2.27329E+02,  2.27329E+02
 2.27329E+02,  2.27329E+02,  2.27329E+02,  2.27329E+02,  2.67749E+02
 1.24396E+02,  3.27411E+02,  8.54919E+02,  6.94389E+02,  5.06828E+02
 4.11273E+02,  4.06222E+02,  4.84300E+02,  5.52837E+02,  5.72477E+02
 5.50121E+02,  4.92794E+02,  4.27126E+02,  3.73806E+02,  2.52295E+02
 2.52295E+02,  2.27017E+02,  2.27017E+02,  2.27017E+02,  2.27017E+02
 2.27017E+02,  2.27017E+02,  2.54817E+02,  1.20582E+02,  3.00512E+02
 7.43987E+02,  6.30571E+02,  4.91663E+02,  4.09489E+02,  3.75123E+02
 4.43338E+02,  5.27365E+02,  5.68209E+02,  5.51556E+02,  4.95905E+02
 4.29848E+02,  3.76274E+02,  2.49289E+02,  2.49289E+02,  2.27017E+02
 2.27017E+02,  2.27017E+02,  2.27017E+02,  2.27017E+02,  2.27017E+02
 3.15957E+02,  1.17238E+02,  2.71526E+02,  6.63100E+02,  6.68991E+02
 4.98466E+02,  4.11233E+02,  3.43715E+02,  3.88519E+02,  5.12048E+02
 5.54421E+02,  5.48575E+02,  4.99970E+02,  4.32824E+02,  3.78856E+02
 2.47142E+02,  2.47142E+02,  2.27277E+02,  2.27277E+02,  2.27277E+02
 2.27277E+02,  2.27277E+02,  2.27277E+02,  3.03980E+02,  1.24679E+02
 2.68883E+02,  6.75597E+02,  6.94652E+02,  5.35221E+02,  3.75057E+02
 2.96527E+02,  3.45598E+02,  4.67232E+02,  5.48401E+02,  5.42728E+02
 5.02051E+02,  4.35370E+02,  3.81387E+02,  2.44828E+02,  2.44828E+02
 2.26305E+02,  2.26305E+02,  2.26305E+02,  2.26305E+02,  2.26305E+02
 2.26305E+02,  3.00171E+02,  1.32723E+02,  2.89217E+02,  8.23118E+02
 7.29839E+02,  5.47093E+02,  3.66456E+02,  2.77428E+02,  3.05046E+02
 4.25879E+02,  5.38590E+02,  5.33059E+02,  5.04252E+02,  4.37493E+02
 3.84114E+02,  2.42120E+02,  2.42120E+02,  2.25362E+02,  2.25362E+02
 2.25362E+02,  2.25362E+02,  2.25362E+02,  2.25362E+02,  4.04940E+02
 1.46758E+02,  3.04209E+02,  8.88669E+02,  9.39374E+02,  5.41385E+02
 3.70031E+02,  2.78175E+02,  2.68296E+02,  3.87144E+02,  5.20166E+02
 5.29172E+02,  5.06686E+02,  4.39010E+02,  3.86507E+02,  2.39123E+02
 2.39123E+02,  2.25851E+02,  2.25851E+02,  2.25851E+02,  2.25851E+02
 2.25851E+02,  2.25851E+02,  2.31438E+02,  1.40093E+02,  3.26647E+02
 9.84803E+02,  1.03055E+03,  6.12790E+02,  3.64223E+02,  2.54423E+02
 2.45885E+02,  3.50113E+02,  4.95042E+02,  5.27347E+02,  5.07038E+02
 4.40681E+02,  3.88480E+02,  2.36087E+02,  2.36087E+02,  2.29983E+02
 2.29983E+02,  2.29983E+02,  2.29983E+02,  2.29983E+02,  2.29983E+02
 3.19614E+02,  1.51219E+02,  3.55705E+02,  1.16401E+03,  1.17074E+03
 6.73372E+02,  3.74230E+02,  2.52468E+02,  2.25809E+02,  3.16764E+02
 4.69208E+02,  5.25572E+02,  5.04748E+02,  4.43233E+02,  3.91169E+02
 2.33141E+02,  2.33141E+02,  2.35226E+02,  2.35226E+02,  2.35226E+02
 2.35226E+02,  2.35226E+02,  2.35226E+02,  2.66221E+02,  1.50102E+02
 3.66656E+02,  1.37292E+03,  1.39998E+03,  7.76244E+02,  4.17444E+02
 2.64911E+02,  2.11364E+02,  2.86621E+02,  4.43906E+02,  5.16612E+02
 4.94332E+02,  4.46897E+02,  3.93716E+02,  2.30862E+02,  2.30862E+02
 2.37582E+02,  2.37582E+02,  2.37582E+02,  2.37582E+02,  2.37582E+02
 2.37582E+02,  2.65240E+02,  1.42784E+02,  3.62072E+02,  1.33103E+03
 1.42776E+03,  8.66937E+02,  4.66915E+02,  2.59638E+02,  2.03289E+02
 2.60090E+02,  4.19465E+02,  5.02210E+02,  4.77867E+02,  4.44277E+02
 3.94759E+02,  2.28948E+02,  2.28948E+02,  2.37743E+02,  2.37743E+02
 2.37743E+02,  2.37743E+02,  2.37743E+02,  2.37743E+02,  3.32650E+02
 1.48749E+02,  3.46445E+02,  1.13529E+03,  1.30275E+03,  8.59393E+02
 4.55600E+02,  2.45911E+02,  1.98277E+02,  2.37256E+02,  3.96500E+02
 4.87645E+02,  4.66520E+02,  4.32351E+02,  3.95281E+02,  2.27193E+02
 2.27193E+02,  2.37827E+02,  2.37827E+02,  2.37827E+02,  2.37827E+02
 2.37827E+02,  2.37827E+02,  3.50369E+02,  1.51469E+02,  3.51701E+02
 1.07476E+03,  1.08823E+03,  8.22193E+02,  4.35709E+02,  2.31812E+02
 1.92460E+02,  2.18007E+02,  3.75668E+02,  4.73461E+02,  4.55104E+02
 4.21114E+02,  3.96829E+02,  2.25316E+02,  2.25316E+02,  2.38459E+02
 2.38459E+02,  2.38459E+02,  2.38459E+02,  2.38459E+02,  2.38459E+02
 2.58977E+02,  1.58507E+02,  3.88850E+02,  1.17994E+03,  9.97586E+02
 7.32728E+02,  4.17178E+02,  2.20144E+02,  1.78695E+02,  2.09208E+02
 3.55003E+02,  4.62290E+02,  4.50319E+02,  4.17065E+02,  3.97644E+02
 2.23629E+02,  2.23629E+02,  2.38679E+02,  2.38679E+02,  2.38679E+02
 2.38679E+02,  2.38679E+02,  2.38679E+02,  3.02315E+02,  1.77679E+02
 4.51467E+02,  1.19037E+03,  1.01536E+03,  6.69644E+02,  3.92300E+02
 2.11451E+02,  1.71282E+02,  1.99956E+02,  3.38188E+02,  4.47845E+02
 4.54301E+02,  4.16870E+02,  3.97865E+02,  2.22100E+02,  2.22100E+02
 2.39306E+02,  2.39306E+02,  2.39306E+02,  2.39306E+02,  2.39306E+02
 2.39306E+02,  3.09097E+02,  1.88029E+02,  4.82683E+02,  1.25663E+03
 9.83596E+02,  6.44419E+02,  3.67879E+02,  2.06557E+02,  1.70598E+02
 1.91878E+02,  3.23207E+02,  4.31706E+02,  4.53951E+02,  4.18832E+02
 3.97718E+02,  2.20475E+02,  2.20475E+02,  2.39461E+02,  2.39461E+02
 2.39461E+02,  2.39461E+02,  2.39461E+02,  2.39461E+02,  2.97946E+02
 1.87871E+02,  4.86017E+02,  1.25546E+03,  9.62464E+02,  6.13162E+02
 3.48680E+02,  2.04162E+02,  1.68754E+02,  1.85489E+02,  3.10079E+02
 4.18743E+02,  4.55849E+02,  4.22568E+02,  3.98071E+02,  2.18963E+02
 2.18963E+02,  2.38149E+02,  2.38149E+02,  2.38149E+02,  2.38149E+02
 2.38149E+02,  2.38149E+02,  3.18945E+02,  1.87855E+02,  4.83176E+02
 1.10381E+03,  8.90975E+02,  5.84440E+02,  3.30319E+02,  2.06919E+02
 1.65532E+02,  1.83597E+02,  2.98267E+02,  4.08257E+02,  4.46851E+02
 4.18868E+02,  3.98745E+02,  2.18499E+02,  2.18499E+02,  2.39739E+02
 2.39739E+02,  2.39739E+02,  2.39739E+02,  2.39739E+02,  2.39739E+02
 3.15144E+02,  1.82902E+02,  4.99466E+02,  1.05804E+03,  8.15414E+02
 5.64250E+02,  3.29119E+02,  2.04423E+02,  1.62485E+02,  1.83067E+02
 2.87211E+02,  3.98250E+02,  4.43471E+02,  4.13705E+02,  3.94678E+02
 2.17512E+02,  2.17512E+02,  2.49022E+02,  2.49022E+02,  2.49022E+02
 2.49022E+02,  2.49022E+02,  2.49022E+02,  2.91185E+02,  1.88470E+02
 5.39746E+02,  1.07797E+03,  8.35659E+02,  5.28091E+02,  3.32804E+02
 1.98838E+02,  1.74532E+02,  1.81410E+02,  2.77351E+02,  3.91133E+02
 4.47983E+02,  4.12804E+02,  3.90364E+02,  2.14933E+02,  2.14933E+02
 2.48829E+02,  2.48829E+02,  2.48829E+02,  2.48829E+02,  2.48829E+02
 2.48829E+02,  3.10596E+02,  2.08182E+02,  5.78560E+02,  1.19842E+03
 8.04460E+02,  5.17950E+02,  3.29744E+02,  2.03512E+02,  1.74164E+02
 1.81076E+02,  2.69802E+02,  3.91934E+02,  4.46842E+02,  4.15961E+02
 3.86077E+02,  2.12019E+02,  2.12019E+02,  2.49498E+02,  2.49498E+02
 2.49498E+02,  2.49498E+02,  2.49498E+02,  2.49498E+02,  3.04082E+02
 2.31956E+02,  6.12142E+02,  1.19885E+03,  7.70002E+02,  5.59215E+02
 3.20480E+02,  2.25268E+02,  1.73007E+02,  1.81275E+02,  2.66083E+02
 3.93975E+02,  4.46216E+02,  4.13122E+02,  3.77071E+02,  2.11026E+02
 2.11026E+02,  2.49760E+02,  2.49760E+02,  2.49760E+02,  2.49760E+02
 2.49760E+02,  2.49760E+02,  2.67716E+02,  2.60351E+02,  6.16424E+02
 1.11394E+03,  7.49940E+02,  5.52262E+02,  3.21044E+02,  2.43580E+02
 1.72054E+02,  1.80438E+02,  2.57204E+02,  3.69424E+02,  4.47660E+02
 4.05732E+02,  3.64339E+02,  2.09647E+02,  2.09647E+02,  2.49422E+02
 2.49422E+02,  2.49422E+02,  2.49422E+02,  2.49422E+02,  2.49422E+02
 4.57853E+02,  2.97610E+02,  5.54459E+02,  8.90276E+02,  7.00128E+02
 5.42300E+02,  3.42535E+02,  2.43240E+02,  1.72276E+02,  1.80185E+02
 2.53384E+02,  3.38353E+02,  3.91162E+02,  3.73729E+02,  3.48041E+02
 2.12932E+02,  2.12932E+02,  2.50910E+02,  2.50910E+02,  2.50910E+02
 2.50910E+02,  2.50910E+02,  2.50910E+02,  3.44959E+02,  3.15150E+02
 5.14552E+02,  7.08732E+02,  6.38896E+02,  5.24762E+02,  3.65238E+02
 2.41209E+02,  1.71957E+02,  1.80352E+02,  2.64223E+02,  3.28445E+02
 3.60210E+02,  3.47978E+02,  3.33986E+02,  2.14066E+02,  2.14066E+02
 2.53162E+02,  2.53162E+02,  2.53162E+02,  2.53162E+02,  2.53162E+02
 2.53162E+02,  4.93991E+02,  3.46015E+02,  5.23931E+02,  6.15963E+02
 5.74354E+02,  5.00967E+02,  3.84615E+02,  2.53251E+02,  1.69539E+02
 1.83896E+02,  2.66293E+02,  3.23127E+02,  3.45618E+02,  3.36593E+02
 3.25093E+02,  2.17035E+02,  2.17035E+02,  2.57954E+02,  2.57954E+02
 2.57954E+02,  2.57954E+02,  2.57954E+02,  2.57954E+02,  5.31666E+02
 3.76187E+02,  5.82334E+02,  6.18056E+02,  5.15796E+02,  4.86924E+02
 4.03159E+02,  2.45622E+02,  1.75434E+02,  1.88636E+02,  2.64471E+02
 3.13002E+02,  3.39091E+02,  3.31493E+02,  3.12472E+02,  2.20311E+02
 2.20311E+02,  2.61445E+02,  2.61445E+02,  2.61445E+02,  2.61445E+02
 2.61445E+02,  2.61445E+02,  3.12683E+02,  3.53897E+02,  6.98390E+02
 6.66343E+02,  5.19498E+02,  4.90757E+02,  4.06845E+02,  2.26380E+02
 1.76753E+02,  1.95686E+02,  2.60559E+02,  3.11508E+02,  3.42284E+02
 3.20715E+02,  2.88533E+02,  2.21105E+02,  2.21105E+02,  2.62155E+02
 2.62155E+02,  2.62155E+02,  2.62155E+02,  2.62155E+02,  2.62155E+02
 3.78192E+02,  3.45699E+02,  8.03775E+02,  7.37119E+02,  5.29226E+02
 4.97396E+02,  3.93799E+02,  2.14805E+02,  1.72871E+02,  2.09115E+02
 2.53875E+02,  3.06541E+02,  3.30652E+02,  3.12458E+02,  2.81162E+02
 2.22417E+02,  2.22417E+02,  2.62669E+02,  2.62669E+02,  2.62669E+02
 2.62669E+02,  2.62669E+02,  2.62669E+02,  3.30219E+02,  3.68444E+02
 8.79290E+02,  7.97852E+02,  5.45602E+02,  5.01976E+02,  3.54582E+02
 1.96750E+02,  1.69537E+02,  2.07664E+02,  2.47827E+02,  3.02427E+02
 3.23273E+02,  3.17315E+02,  2.83922E+02,  2.21633E+02,  2.21633E+02
 2.64006E+02,  2.64006E+02,  2.64006E+02,  2.64006E+02,  2.64006E+02
 2.64006E+02,  3.64943E+02,  4.49449E+02,  9.20490E+02,  8.46264E+02
 5.76224E+02,  5.03920E+02,  3.18029E+02,  1.80970E+02,  1.70850E+02
 2.06035E+02,  2.45925E+02,  3.02952E+02,  3.21500E+02,  3.12534E+02
 2.80797E+02,  2.18407E+02,  2.18407E+02,  2.67448E+02,  2.67448E+02
 2.67448E+02,  2.67448E+02,  2.67448E+02,  2.67448E+02,  3.77413E+02
 4.93155E+02,  1.00674E+03,  8.81682E+02,  6.02933E+02,  4.73637E+02
 2.74844E+02,  1.68147E+02,  1.71480E+02,  2.06169E+02,  2.43879E+02
 2.78728E+02,  3.00051E+02,  2.89181E+02,  2.72931E+02,  2.16033E+02
 2.16033E+02,  2.74513E+02,  2.74513E+02,  2.74513E+02,  2.74513E+02
 2.74513E+02,  2.74513E+02,  2.87795E+02,  4.79346E+02,  1.11531E+03
 9.32176E+02,  5.83604E+02,  4.25323E+02,  2.22014E+02,  1.66049E+02
 1.86695E+02,  2.09367E+02,  2.42270E+02,  2.71674E+02,  2.94283E+02
 2.81510E+02,  2.66931E+02,  2.17399E+02,  2.17399E+02,  2.84168E+02
 2.84168E+02,  2.84168E+02,  2.84168E+02,  2.84168E+02,  2.84168E+02
 5.72386E+02,  5.25605E+02,  9.66829E+02,  8.22309E+02,  5.42642E+02
 3.42629E+02,  2.02933E+02,  1.75595E+02,  1.93238E+02,  2.15351E+02
 2.49508E+02,  2.93099E+02,  3.06613E+02,  2.95137E+02,  2.65436E+02
 2.22729E+02,  2.22729E+02,  2.92890E+02,  2.92890E+02,  2.92890E+02
 2.92890E+02,  2.92890E+02,  2.92890E+02,  3.21776E+02,  5.48770E+02
 8.61659E+02,  7.67916E+02,  5.02458E+02,  3.05024E+02,  2.06957E+02
 1.89161E+02,  2.01401E+02,  2.31666E+02,  2.92411E+02,  3.53866E+02
 3.54278E+02,  3.22222E+02,  2.89709E+02,  2.30679E+02,  2.30679E+02
 3.00884E+02,  3.00884E+02,  3.00884E+02,  3.00884E+02,  3.00884E+02
 3.00884E+02,  9.53169E+02,  7.46054E+02,  7.40749E+02,  5.95435E+02
 4.36426E+02,  2.83927E+02,  2.11238E+02,  2.14141E+02,  2.51874E+02
 2.71227E+02,  3.18839E+02,  3.70394E+02,  3.67073E+02,  3.37815E+02
 3.01728E+02,  2.38559E+02,  2.38559E+02,  3.10546E+02,  3.10546E+02
 3.10546E+02,  3.10546E+02,  3.10546E+02,  3.10546E+02,  6.45491E+02
 6.31533E+02,  6.13948E+02,  5.23939E+02,  4.26853E+02,  2.78025E+02
 2.17290E+02,  2.74496E+02,  2.71314E+02,  2.69957E+02,  3.28690E+02
 3.68546E+02,  3.59418E+02,  3.30554E+02,  3.03724E+02,  2.45321E+02
 2.45321E+02,  3.22097E+02,  3.22097E+02,  3.22097E+02,  3.22097E+02
 3.22097E+02,  3.22097E+02,  8.49085E+02,  5.92118E+02,  5.30981E+02
 4.74856E+02,  4.02962E+02,  2.97699E+02,  3.40809E+02,  3.33025E+02
 2.77179E+02,  2.68175E+02,  3.38516E+02,  3.85495E+02,  3.75923E+02
 3.52046E+02,  3.11344E+02,  2.52622E+02,  2.52622E+02,  3.35589E+02
 3.35589E+02,  3.35589E+02,  3.35589E+02,  3.35589E+02,  3.35589E+02
 9.79753E+02,  6.92827E+02,  5.26242E+02,  5.02622E+02,  4.23861E+02
 3.26225E+02,  3.25856E+02,  2.39347E+02,  2.08495E+02,  2.64587E+02
 3.58257E+02,  4.24478E+02,  4.20227E+02,  3.89506E+02,  3.28540E+02
 2.62227E+02,  2.62227E+02,  3.52202E+02,  3.52202E+02,  3.52202E+02
 3.52202E+02,  3.52202E+02,  3.52202E+02,  3.35986E+02,  4.45709E+02
 6.83937E+02,  6.67282E+02,  5.12663E+02,  3.10811E+02,  1.88261E+02
 1.63612E+02,  1.82536E+02,  2.60407E+02,  3.77451E+02,  4.55449E+02
 4.46523E+02,  4.10139E+02,  3.43016E+02,  2.71692E+02,  2.71692E+02
 3.71805E+02,  3.71805E+02,  3.71805E+02,  3.71805E+02,  3.71805E+02
 3.71805E+02,  5.19679E+02,  6.17625E+02,  9.55720E+02,  7.40182E+02
 4.57376E+02,  2.53124E+02,  1.52655E+02,  1.36658E+02,  1.68592E+02
 2.66412E+02,  3.97610E+02,  4.68470E+02,  4.53611E+02,  4.26491E+02
 3.57899E+02,  2.80556E+02,  2.80556E+02,  3.94799E+02,  3.94799E+02
 3.94799E+02,  3.94799E+02,  3.94799E+02,  3.94799E+02,  4.54466E+02
 5.71505E+02,  7.96022E+02,  6.41536E+02,  3.88373E+02,  1.88298E+02
 1.34678E+02,  1.30372E+02,  1.77582E+02,  2.92020E+02,  3.97485E+02
 4.47584E+02,  4.40969E+02,  4.27723E+02,  3.71243E+02,  2.88295E+02
 2.88295E+02,  4.20387E+02,  4.20387E+02,  4.20387E+02,  4.20387E+02
 4.20387E+02,  4.20387E+02,  4.94466E+02,  4.07125E+02,  5.44885E+02
 4.77148E+02,  3.09666E+02,  1.89173E+02,  1.64218E+02,  1.76804E+02
 2.11506E+02,  2.91052E+02,  3.67110E+02,  4.02847E+02,  4.29745E+02
 4.23218E+02,  3.77667E+02,  2.94960E+02,  2.94960E+02,  4.42627E+02
 4.42627E+02,  4.42627E+02,  4.42627E+02,  4.42627E+02,  4.42627E+02
 3.56354E+02,  3.14103E+02,  5.11076E+02,  5.80739E+02,  3.89591E+02
 2.21920E+02,  1.70928E+02,  2.11659E+02,  2.77587E+02,  2.96433E+02
 3.39355E+02,  3.99109E+02,  4.32183E+02,  4.22796E+02,  3.83545E+02
 3.02794E+02,  3.02794E+02,  4.60334E+02,  4.60334E+02,  4.60334E+02
 4.60334E+02,  4.60334E+02,  4.60334E+02,  3.33503E+02,  2.69544E+02
 6.12465E+02,  9.41859E+02,  7.87085E+02,  6.33157E+02,  5.25737E+02
 3.90856E+02,  3.25714E+02,  3.11183E+02,  3.33200E+02,  3.91832E+02
 4.35881E+02,  4.33464E+02,  3.98408E+02,  3.14616E+02,  3.14616E+02
 4.80284E+02,  4.80284E+02,  4.80284E+02,  4.80284E+02,  4.80284E+02
 4.80284E+02,  3.37094E+02,  2.70658E+02,  6.12728E+02,  1.00945E+03
 1.05464E+03,  8.75807E+02,  6.29944E+02,  4.22503E+02,  3.32251E+02
 3.12540E+02,  3.34266E+02,  3.78972E+02,  4.34491E+02,  4.38923E+02
 4.24252E+02,  3.31103E+02,  3.31103E+02,  5.00989E+02,  5.00989E+02
 5.00989E+02,  5.00989E+02,  5.00989E+02,  5.00989E+02,  3.78728E+02
 3.14130E+02,  4.69654E+02,  6.38708E+02,  7.78856E+02,  7.19625E+02
 5.28923E+02,  4.15606E+02,  3.36259E+02,  3.06209E+02,  3.37187E+02
 3.85023E+02,  4.37485E+02,  4.49061E+02,  4.46020E+02,  3.47100E+02
 3.47100E+02,  5.24797E+02,  5.24797E+02,  5.24797E+02,  5.24797E+02
 5.24797E+02,  5.24797E+02,  3.66360E+02,  3.51690E+02,  3.63731E+02
 3.60351E+02,  3.72223E+02,  4.58833E+02,  4.44754E+02,  3.76819E+02
 3.32018E+02,  3.06981E+02,  3.41235E+02,  3.82818E+02,  4.50758E+02
 4.65222E+02,  4.60333E+02,  3.61208E+02,  3.61208E+02,  5.51635E+02
 5.51635E+02,  5.51635E+02,  5.51635E+02,  5.51635E+02,  5.51635E+02
 4.72728E+02,  5.74548E+02,  3.66570E+02,  2.45842E+02,  2.18611E+02
 2.63091E+02,  3.11114E+02,  3.07152E+02,  2.98514E+02,  3.02830E+02
 3.43579E+02,  3.73461E+02,  4.58964E+02,  4.75277E+02,  4.69234E+02
 3.74044E+02,  3.74044E+02,  5.76358E+02,  5.76358E+02,  5.76358E+02
 5.76358E+02,  5.76358E+02,  5.76358E+02,  4.27920E+02,  8.22596E+02
 4.17290E+02,  2.20016E+02,  1.85582E+02,  2.15258E+02,  2.47880E+02
 2.45268E+02,  2.57562E+02,  2.85250E+02,  3.39263E+02,  3.77788E+02
 4.50361E+02,  4.84438E+02,  4.82490E+02,  3.87486E+02,  3.87486E+02
 5.96805E+02,  5.96805E+02,  5.96805E+02,  5.96805E+02,  5.96805E+02
 5.96805E+02,  5.07574E+02,  1.53556E+03,  5.84345E+02,  2.24365E+02
 1.83406E+02,  1.96339E+02,  2.25939E+02,  2.34686E+02,  2.30483E+02
 2.61643E+02,  3.36004E+02,  3.86058E+02,  4.40060E+02,  5.04645E+02
 5.05289E+02,  4.01306E+02,  4.01306E+02,  6.17168E+02,  6.17168E+02
 6.17168E+02,  6.17168E+02,  6.17168E+02,  6.17168E+02,  5.01995E+02
 1.43672E+03,  7.77199E+02,  2.64785E+02,  2.31332E+02,  2.15885E+02
 2.11759E+02,  2.19738E+02,  2.23661E+02,  2.57185E+02,  3.34557E+02
 3.95420E+02,  4.45195E+02,  5.15035E+02,  5.27020E+02,  4.14983E+02
 4.14983E+02,  6.36147E+02,  6.36147E+02,  6.36147E+02,  6.36147E+02
 6.36147E+02,  6.36147E+02,  4.70103E+02,  1.08905E+03,  8.32719E+02
 3.17051E+02,  2.70851E+02,  2.66919E+02,  2.29865E+02,  2.13745E+02
 2.13303E+02,  2.54722E+02,  3.36543E+02,  4.08713E+02,  4.51238E+02
 4.87015E+02,  5.44771E+02,  4.27907E+02,  4.27907E+02,  6.52634E+02
 6.52634E+02,  6.52634E+02,  6.52634E+02,  6.52634E+02,  6.52634E+02
 5.63428E+02,  9.76814E+02,  9.03716E+02,  3.77233E+02,  3.46992E+02
 3.12517E+02,  2.29213E+02,  2.05285E+02,  2.02612E+02,  2.35577E+02
 3.35072E+02,  4.20157E+02,  4.56445E+02,  4.91705E+02,  5.55774E+02
 4.41981E+02,  4.41981E+02,  6.67905E+02,  6.67905E+02,  6.67905E+02
 6.67905E+02,  6.67905E+02,  6.67905E+02,  5.26995E+02,  9.63216E+02
 9.20530E+02,  4.17891E+02,  4.54564E+02,  4.19070E+02,  2.36318E+02
 1.90924E+02,  1.81712E+02,  2.19220E+02,  3.23148E+02,  4.31825E+02
 4.74482E+02,  4.96299E+02,  5.55561E+02,  4.60875E+02,  4.60875E+02
 6.83406E+02,  6.83406E+02,  6.83406E+02,  6.83406E+02,  6.83406E+02
 6.83406E+02,  4.70134E+02,  7.58016E+02,  8.34794E+02,  4.57152E+02
 5.81173E+02,  5.45405E+02,  2.60968E+02,  1.91439E+02,  1.66778E+02
 2.02043E+02,  3.08169E+02,  4.44581E+02,  4.89895E+02,  5.00651E+02
 5.41179E+02,  4.76710E+02,  4.76710E+02,  6.98316E+02,  6.98316E+02
 6.98316E+02,  6.98316E+02,  6.98316E+02,  6.98316E+02,  5.37006E+02
 6.70897E+02,  6.18811E+02,  5.34681E+02,  7.48396E+02,  6.48379E+02
 2.87890E+02,  1.91907E+02,  1.57320E+02,  1.86056E+02,  2.93111E+02
 4.40051E+02,  4.91535E+02,  5.09293E+02,  5.32704E+02,  4.89307E+02
 4.89307E+02,  7.12155E+02,  7.12155E+02,  7.12155E+02,  7.12155E+02
 7.12155E+02,  7.12155E+02,  3.90772E+02,  4.91366E+02,  4.84212E+02
 6.32129E+02,  9.64617E+02,  7.25691E+02,  3.13418E+02,  1.82619E+02
 1.53901E+02,  1.72079E+02,  2.80160E+02,  4.20183E+02,  4.97674E+02
 4.94799E+02,  5.36812E+02,  5.00603E+02,  5.00603E+02,  7.25117E+02
 7.25117E+02,  7.25117E+02,  7.25117E+02,  7.25117E+02,  7.25117E+02
 4.90163E+02,  4.16541E+02,  4.87696E+02,  7.44313E+02,  1.01163E+03
 7.96162E+02,  3.34374E+02,  1.79214E+02,  1.53452E+02,  1.61074E+02
 2.66431E+02,  4.03686E+02,  5.10257E+02,  4.98747E+02,  5.39398E+02
 5.09193E+02,  5.09193E+02,  7.37412E+02,  7.37412E+02,  7.37412E+02
 7.37412E+02,  7.37412E+02,  7.37412E+02,  3.81475E+02,  5.37951E+02
 6.22805E+02,  7.96379E+02,  1.02839E+03,  8.24905E+02,  3.51595E+02
 1.74963E+02,  1.57063E+02,  1.55002E+02,  2.51601E+02,  3.91269E+02
 5.08187E+02,  5.06596E+02,  5.24422E+02,  5.18819E+02,  5.18819E+02
 7.49342E+02,  7.49342E+02,  7.49342E+02,  7.49342E+02,  7.49342E+02
 7.49342E+02,  4.84750E+02,  5.52579E+02,  7.65777E+02,  8.55746E+02
 1.03132E+03,  8.40027E+02,  3.67278E+02,  1.73145E+02,  1.61117E+02
 1.53285E+02,  2.38815E+02,  3.76949E+02,  4.96792E+02,  5.03713E+02
 5.10162E+02,  5.29304E+02,  5.29304E+02,  7.61313E+02,  7.61313E+02
 7.61313E+02,  7.61313E+02,  7.61313E+02,  7.61313E+02,  3.15720E+02
 4.80568E+02,  7.68748E+02,  9.30591E+02,  9.81092E+02,  8.24318E+02
 3.82851E+02,  1.74730E+02,  1.62886E+02,  1.57216E+02,  2.22022E+02
 3.60412E+02,  4.80979E+02,  4.95458E+02,  4.90540E+02,  5.39783E+02
 5.39783E+02,  7.73361E+02,  7.73361E+02,  7.73361E+02,  7.73361E+02
 7.73361E+02,  7.73361E+02,  4.59225E+02,  4.83355E+02,  7.16019E+02
 1.00967E+03,  9.59830E+02,  7.43738E+02,  4.06921E+02,  1.77839E+02
 1.58494E+02,  1.62789E+02,  2.20430E+02,  3.44666E+02,  4.63237E+02
 4.84967E+02,  4.77564E+02,  5.50511E+02,  5.50511E+02,  7.85280E+02
 7.85280E+02,  7.85280E+02,  7.85280E+02,  7.85280E+02,  7.85280E+02
 3.20114E+02,  4.21152E+02,  6.88195E+02,  9.68253E+02,  1.01870E+03
 6.60105E+02,  4.23219E+02,  1.84161E+02,  1.51139E+02,  1.68731E+02
 2.28242E+02,  3.19240E+02,  4.46265E+02,  4.69684E+02,  4.61848E+02
 5.61090E+02,  5.61090E+02,  7.97312E+02,  7.97312E+02,  7.97312E+02
 7.97312E+02,  7.97312E+02,  7.97312E+02,  3.85361E+02,  3.70387E+02
 6.65433E+02,  7.77758E+02,  9.08878E+02,  6.30317E+02,  4.23375E+02
 2.02095E+02,  1.50225E+02,  1.68590E+02,  2.38073E+02,  3.03043E+02
 4.26551E+02,  4.54076E+02,  4.30588E+02,  5.71521E+02,  5.71521E+02
 8.09743E+02,  8.09743E+02,  8.09743E+02,  8.09743E+02,  8.09743E+02
 8.09743E+02,  3.28562E+02,  4.30483E+02,  6.40918E+02,  6.16778E+02
 7.15954E+02,  6.13754E+02,  4.28571E+02,  2.27703E+02,  1.51595E+02
 1.69169E+02,  2.43454E+02,  3.03216E+02,  4.06658E+02,  4.38939E+02
 4.06694E+02,  5.81607E+02,  5.81607E+02,  8.22587E+02,  8.22587E+02
 8.22587E+02,  8.22587E+02,  8.22587E+02,  8.22587E+02,  3.69176E+02
 4.26879E+02,  6.10540E+02,  5.67079E+02,  6.02121E+02,  6.01406E+02
 4.45590E+02,  2.58470E+02,  1.54245E+02,  1.74511E+02,  2.45656E+02
 3.01153E+02,  3.86265E+02,  4.24202E+02,  3.85289E+02,  5.91092E+02
 5.91092E+02,  8.36339E+02,  8.36339E+02,  8.36339E+02,  8.36339E+02
 8.36339E+02,  8.36339E+02,  3.35675E+02,  4.61976E+02,  6.09017E+02
 5.79442E+02,  5.91074E+02,  5.97527E+02,  4.55470E+02,  2.92654E+02
 1.61174E+02,  1.81431E+02,  2.52290E+02,  3.04155E+02,  3.65802E+02
 4.08739E+02,  3.67768E+02,  6.00149E+02,  6.00149E+02,  8.51252E+02
 8.51252E+02,  8.51252E+02,  8.51252E+02,  8.51252E+02,  8.51252E+02
 3.32541E+02,  4.10770E+02,  5.99068E+02,  5.90081E+02,  5.98381E+02
 6.48234E+02,  4.74105E+02,  3.25237E+02,  1.71287E+02,  1.91953E+02
 2.60150E+02,  3.10261E+02,  3.51636E+02,  3.97035E+02,  3.47926E+02
 6.08384E+02,  6.08384E+02,  8.66983E+02,  8.66983E+02,  8.66983E+02
 8.66983E+02,  8.66983E+02,  8.66983E+02,  3.67758E+02,  3.56061E+02
 5.19477E+02,  5.98529E+02,  6.23505E+02,  6.83984E+02,  5.01872E+02
 3.52990E+02,  1.86718E+02,  2.03872E+02,  2.70763E+02,  3.14197E+02
 3.48452E+02,  3.85972E+02,  3.35547E+02,  6.13717E+02,  6.13717E+02
 8.83642E+02,  8.83642E+02,  8.83642E+02,  8.83642E+02,  8.83642E+02
 8.83642E+02,  3.81587E+02,  4.66693E+02,  4.89195E+02,  5.24950E+02
 6.25138E+02,  7.27148E+02,  5.19068E+02,  3.79544E+02,  2.07963E+02
 2.17508E+02,  2.85158E+02,  3.21532E+02,  3.47654E+02,  3.77113E+02
 3.33392E+02,  6.20173E+02,  6.20173E+02,  9.01355E+02,  9.01355E+02
 9.01355E+02,  9.01355E+02,  9.01355E+02,  9.01355E+02,  4.06573E+02
 4.06563E+02,  4.89018E+02,  4.55290E+02,  5.47444E+02,  7.30277E+02
 5.23904E+02,  4.02941E+02,  2.31713E+02,  2.35256E+02,  3.00398E+02
 3.31894E+02,  3.46566E+02,  3.72966E+02,  3.35111E+02,  6.22310E+02
 6.22310E+02,  9.20110E+02,  9.20110E+02,  9.20110E+02,  9.20110E+02
 9.20110E+02,  9.20110E+02,  3.59519E+02,  4.03094E+02,  4.79496E+02
 4.01035E+02,  4.51984E+02,  7.16648E+02,  5.22176E+02,  4.21117E+02
 2.59822E+02,  2.55945E+02,  3.18016E+02,  3.43778E+02,  3.45594E+02
 3.65385E+02,  3.29243E+02,  6.07080E+02,  6.07080E+02,  9.40790E+02
 9.40790E+02,  9.40790E+02,  9.40790E+02,  9.40790E+02,  9.40790E+02
 4.17748E+02,  4.81121E+02,  4.71660E+02,  3.64404E+02,  3.82169E+02
 6.08200E+02,  5.24214E+02,  4.38886E+02,  2.88385E+02,  2.83166E+02
 3.37234E+02,  3.56102E+02,  3.45943E+02,  3.54704E+02,  3.02865E+02
 6.04523E+02,  6.04523E+02,  9.63814E+02,  9.63814E+02,  9.63814E+02
 9.63814E+02,  9.63814E+02,  9.63814E+02,  3.32880E+02,  4.55910E+02
 5.26220E+02,  3.42428E+02,  3.35942E+02,  4.94217E+02,  5.19933E+02
 4.55072E+02,  3.13522E+02,  3.20265E+02,  3.58288E+02,  3.68157E+02
 3.47515E+02,  3.48087E+02,  2.76260E+02,  6.11432E+02,  6.11432E+02
 9.87952E+02,  9.87952E+02,  9.87952E+02,  9.87952E+02,  9.87952E+02
 9.87952E+02,  4.07153E+02,  4.84464E+02,  5.65938E+02,  3.25009E+02
 3.00045E+02,  4.23126E+02,  4.98196E+02,  4.54122E+02,  3.45208E+02
 3.53867E+02,  3.98441E+02,  3.80274E+02,  3.49714E+02,  3.47778E+02
 2.72928E+02,  5.99196E+02,  5.99196E+02,  1.01348E+03,  1.01348E+03
 1.01348E+03,  1.01348E+03,  1.01348E+03,  1.01348E+03,  3.58667E+02
 6.65763E+02,  5.32758E+02,  3.01041E+02,  2.80736E+02,  3.84727E+02
 4.62708E+02,  4.43358E+02,  3.88509E+02,  3.81524E+02,  4.46740E+02
 3.90323E+02,  3.50543E+02,  3.42172E+02,  2.79309E+02,  5.81202E+02
 5.81202E+02,  1.04070E+03,  1.04070E+03,  1.04070E+03,  1.04070E+03
 1.04070E+03,  1.04070E+03,  5.43117E+02,  5.62261E+02,  4.46792E+02
 2.87989E+02,  2.76190E+02,  3.66472E+02,  4.20108E+02,  4.32705E+02
 4.19274E+02,  4.33070E+02,  4.71316E+02,  3.99839E+02,  3.49705E+02
 3.38387E+02,  2.99724E+02,  5.75702E+02,  5.75702E+02,  1.06922E+03
 1.06922E+03,  1.06922E+03,  1.06922E+03,  1.06922E+03,  1.06922E+03
 4.02945E+02,  4.69222E+02,  4.35150E+02,  3.04926E+02,  2.91272E+02
 3.51431E+02,  3.77358E+02,  4.27071E+02,  4.55449E+02,  4.79612E+02
 4.83241E+02,  4.03916E+02,  3.48935E+02,  3.32438E+02,  3.09132E+02
 5.79913E+02,  5.79913E+02,  1.10023E+03,  1.10023E+03,  1.10023E+03
 1.10023E+03,  1.10023E+03,  1.10023E+03,  4.39049E+02,  5.13996E+02
 5.41085E+02,  3.88201E+02,  3.34309E+02,  3.26841E+02,  3.35672E+02
 4.26381E+02,  5.05356E+02,  5.20496E+02,  4.84467E+02,  4.15274E+02
 3.50570E+02,  3.23317E+02,  3.07072E+02,  5.83178E+02,  5.83178E+02
 1.13381E+03,  1.13381E+03,  1.13381E+03,  1.13381E+03,  1.13381E+03
 1.13381E+03,  3.96277E+02,  6.46627E+02,  7.99480E+02,  4.79538E+02
 3.36323E+02,  2.85537E+02,  3.07250E+02,  4.28556E+02,  5.68539E+02
 5.49782E+02,  5.01088E+02,  4.26906E+02,  3.51601E+02,  3.13973E+02
 2.87866E+02,  5.77800E+02,  5.77800E+02,  1.16891E+03,  1.16891E+03
 1.16891E+03,  1.16891E+03,  1.16891E+03,  1.16891E+03,  4.87810E+02
 8.02857E+02,  8.15833E+02,  4.61289E+02,  2.75007E+02,  2.38519E+02
 2.92232E+02,  4.54245E+02,  6.10456E+02,  5.26965E+02,  5.40038E+02
 4.46609E+02,  3.52164E+02,  3.05230E+02,  2.62987E+02,  5.65486E+02
 5.65486E+02,  1.20671E+03,  1.20671E+03,  1.20671E+03,  1.20671E+03
 1.20671E+03,  1.20671E+03,  4.41196E+02,  7.20574E+02,  6.12297E+02
 3.16074E+02,  2.09264E+02,  2.13130E+02,  2.97831E+02,  4.84147E+02
 6.06864E+02,  5.26567E+02,  6.09007E+02,  4.67315E+02,  3.49631E+02
 2.94635E+02,  2.66694E+02,  5.28630E+02,  5.28630E+02,  1.24732E+03
 1.24732E+03,  1.24732E+03,  1.24732E+03,  1.24732E+03,  1.24732E+03
 4.48739E+02,  5.79739E+02,  4.85856E+02,  2.60738E+02,  1.99235E+02
 2.17104E+02,  3.12997E+02,  4.86571E+02,  5.46076E+02,  5.81412E+02
 6.47676E+02,  4.65903E+02,  3.42822E+02,  2.84324E+02,  2.67197E+02
 5.29621E+02,  5.29621E+02,  1.29018E+03,  1.29018E+03,  1.29018E+03
 1.29018E+03,  1.29018E+03,  1.29018E+03,  4.59487E+02,  8.58899E+02
 6.01515E+02,  2.97649E+02,  2.20297E+02,  2.30181E+02,  3.17676E+02
 4.73396E+02,  5.73677E+02,  6.74832E+02,  6.84556E+02,  4.65568E+02
 3.27812E+02,  2.71386E+02,  2.69846E+02,  5.39365E+02,  5.39365E+02
 1.33761E+03,  1.33761E+03,  1.33761E+03,  1.33761E+03,  1.33761E+03
 1.33761E+03,  5.08214E+02,  1.30039E+03,  9.30842E+02,  3.61406E+02
 2.40178E+02,  2.35769E+02,  3.20461E+02,  4.91558E+02,  6.41234E+02
 9.30165E+02,  7.87605E+02,  4.34507E+02,  3.11097E+02,  2.55968E+02
 2.62296E+02,  5.35474E+02,  5.35474E+02,  1.39072E+03,  1.39072E+03
 1.39072E+03,  1.39072E+03,  1.39072E+03,  1.39072E+03,  5.31691E+02
 1.11241E+03,  9.20579E+02,  3.78201E+02,  2.38368E+02,  2.30780E+02
 2.97931E+02,  4.13592E+02,  6.80308E+02,  8.75788E+02,  6.20809E+02
 3.87325E+02,  2.90445E+02,  2.51336E+02,  2.45994E+02,  5.39251E+02
 5.39251E+02,  1.44670E+03,  1.44670E+03,  1.44670E+03,  1.44670E+03
 1.44670E+03,  1.44670E+03,  4.28814E+02,  1.13687E+03,  7.90384E+02
 3.39246E+02,  2.14639E+02,  2.08021E+02,  2.85867E+02,  4.08776E+02
 5.14701E+02,  5.86835E+02,  5.21668E+02,  3.46945E+02,  2.61520E+02
 2.53477E+02,  2.56004E+02,  5.38668E+02,  5.38668E+02,  1.50506E+03
 1.50506E+03,  1.50506E+03,  1.50506E+03,  1.50506E+03,  1.50506E+03
 4.98276E+02,  1.09239E+03,  7.87766E+02,  3.22215E+02,  1.93384E+02
 2.06179E+02,  3.30872E+02,  4.97958E+02,  5.13440E+02,  5.35365E+02
 4.60245E+02,  3.01537E+02,  2.38179E+02,  2.39930E+02,  2.56205E+02
 5.13243E+02,  5.13243E+02,  1.56378E+03,  1.56378E+03,  1.56378E+03
 1.56378E+03,  1.56378E+03,  1.56378E+03,  4.42745E+02,  1.15407E+03
 8.00987E+02,  3.17383E+02,  1.93516E+02,  2.22945E+02,  3.68997E+02
 5.02096E+02,  5.28893E+02,  5.09278E+02,  3.81094E+02,  2.74007E+02
 2.20171E+02,  2.17619E+02,  2.39410E+02,  5.13312E+02,  5.13312E+02
 1.62526E+03,  1.62526E+03,  1.62526E+03,  1.62526E+03,  1.62526E+03
 1.62526E+03,  4.76360E+02,  1.11166E+03,  7.19537E+02,  3.25984E+02
 2.24104E+02,  2.81087E+02,  4.06728E+02,  4.51137E+02,  4.70781E+02
 4.14038E+02,  3.07761E+02,  2.50865E+02,  2.06758E+02,  2.16799E+02
 2.42019E+02,  5.31948E+02,  5.31948E+02,  1.70206E+03,  1.70206E+03
 1.70206E+03,  1.70206E+03,  1.70206E+03,  1.70206E+03,  3.69451E+02
 6.54348E+02,  7.48933E+02,  4.04015E+02,  3.27690E+02,  3.90057E+02
 4.47188E+02,  4.47355E+02,  4.24351E+02,  3.56626E+02,  2.82366E+02
 2.11876E+02,  2.06136E+02,  2.19814E+02,  2.49089E+02,  5.51815E+02
 5.51815E+02,  1.79076E+03,  1.79076E+03,  1.79076E+03,  1.79076E+03
 1.79076E+03,  1.79076E+03,  3.83115E+02,  5.85334E+02,  9.31781E+02
 5.93094E+02,  5.21668E+02,  5.10177E+02,  4.82809E+02,  4.71138E+02
 3.74888E+02,  3.22725E+02,  2.40141E+02,  1.83583E+02,  1.92306E+02
 2.14483E+02,  2.60751E+02,  5.76397E+02,  5.76397E+02,  1.87624E+03
 1.87624E+03,  1.87624E+03,  1.87624E+03,  1.87624E+03,  1.87624E+03
 3.89538E+02,  6.34104E+02,  1.28527E+03,  9.03887E+02,  6.83829E+02
 6.27039E+02,  5.20352E+02,  4.29343E+02,  3.72021E+02,  2.73124E+02
 1.94895E+02,  1.75138E+02,  1.80176E+02,  2.01114E+02,  2.79249E+02
 6.13321E+02,  6.13321E+02,  1.89983E+03,  1.89983E+03,  1.89983E+03
 1.89983E+03,  1.89983E+03,  1.89983E+03,  3.87134E+02,  8.23419E+02
 1.71310E+03,  9.34628E+02,  6.71730E+02,  6.67018E+02,  5.71029E+02
 4.47992E+02,  3.13655E+02,  2.20303E+02,  1.78488E+02,  1.65267E+02
 1.79595E+02,  2.07786E+02,  3.05781E+02,  6.72923E+02,  6.72923E+02
 1.89641E+03,  1.89641E+03,  1.89641E+03,  1.89641E+03,  1.89641E+03
 1.89641E+03,  4.38301E+02,  7.65112E+02,  1.52325E+03,  8.27403E+02
 5.05669E+02,  5.30495E+02,  5.93502E+02,  4.70539E+02,  3.16124E+02
 2.03287E+02,  1.71266E+02,  1.53361E+02,  1.68346E+02,  2.24635E+02
 3.41082E+02,  7.67820E+02,  7.67820E+02,  1.92181E+03,  1.92181E+03
 1.92181E+03,  1.92181E+03,  1.92181E+03,  1.92181E+03,  3.38347E+02
 4.92249E+02,  6.51246E+02,  6.19559E+02,  3.80112E+02,  4.29135E+02
 5.11978E+02,  3.76065E+02,  2.62837E+02,  1.87371E+02,  1.50596E+02
 1.53268E+02,  1.75123E+02,  2.46934E+02,  3.81477E+02,  9.07763E+02
 9.07763E+02,  2.00664E+03,  2.00664E+03,  2.00664E+03,  2.00664E+03
 2.00664E+03,  2.00664E+03,  6.07962E+02,  4.19496E+02,  4.17604E+02
 3.14203E+02,  2.83355E+02,  3.39849E+02,  4.10072E+02,  3.50856E+02
 2.50301E+02,  1.88117E+02,  1.68939E+02,  1.62442E+02,  1.90534E+02
 2.77560E+02,  4.25063E+02,  9.47631E+02,  9.47631E+02,  2.17911E+03
 2.17911E+03,  2.17911E+03,  2.17911E+03,  2.17911E+03,  2.17911E+03
 7.80075E+02,  8.12090E+02,  3.64967E+02,  2.45560E+02,  2.44953E+02
 2.96864E+02,  3.38520E+02,  3.04020E+02,  2.50336E+02,  2.17766E+02
 1.72928E+02,  1.75420E+02,  2.18609E+02,  3.16434E+02,  4.61597E+02
 9.35260E+02,  9.35260E+02,  2.36669E+03,  2.36669E+03,  2.36669E+03
 2.36669E+03,  2.36669E+03,  2.36669E+03,  6.41208E+02,  8.01850E+02
 4.40441E+02,  2.89373E+02,  2.50391E+02,  2.94376E+02,  3.21479E+02
 2.78289E+02,  2.29952E+02,  2.14317E+02,  1.89248E+02,  1.94075E+02
 2.45679E+02,  3.48569E+02,  5.00077E+02,  9.97392E+02,  9.97392E+02
 2.52653E+03,  2.52653E+03,  2.52653E+03,  2.52653E+03,  2.52653E+03
 2.52653E+03,  6.26874E+02,  1.54521E+03,  8.71709E+02,  3.82616E+02
 2.96181E+02,  3.51277E+02,  3.55103E+02,  2.94234E+02,  2.28613E+02
 2.07333E+02,  2.12282E+02,  2.23717E+02,  2.72598E+02,  3.86322E+02
 5.60724E+02,  1.13873E+03,  1.13873E+03,  2.57003E+03,  2.57003E+03
 2.57003E+03,  2.57003E+03,  2.57003E+03,  2.57003E+03,  6.51586E+02
 1.80868E+03,  7.08644E+02,  4.96003E+02,  4.49653E+02,  5.40664E+02
 5.49063E+02,  4.05180E+02,  2.69987E+02,  2.32633E+02,  2.41049E+02
 2.56416E+02,  3.17308E+02,  4.49485E+02,  6.43275E+02,  1.30808E+03
 1.30808E+03,  2.53504E+03,  2.53504E+03,  2.53504E+03,  2.53504E+03
 2.53504E+03,  2.53504E+03,  6.01020E+02,  7.30121E+02,  6.95534E+02
 5.43476E+02,  4.93621E+02,  5.22767E+02,  5.34151E+02,  5.42269E+02
 4.66010E+02,  3.10480E+02,  3.02650E+02,  3.19150E+02,  3.86667E+02
 5.28053E+02,  7.29830E+02,  1.45583E+03,  1.45583E+03,  2.54456E+03
 2.54456E+03,  2.54456E+03,  2.54456E+03,  2.54456E+03,  2.54456E+03
 6.32831E+02,  1.01922E+03,  4.65004E+02,  4.00059E+02,  4.33194E+02
 5.06429E+02,  5.21890E+02,  5.27734E+02,  5.56168E+02,  5.65759E+02
 4.01081E+02,  4.26143E+02,  4.80149E+02,  6.17533E+02,  8.21686E+02
 1.60027E+03,  1.60027E+03,  2.51958E+03,  2.51958E+03,  2.51958E+03
 2.51958E+03,  2.51958E+03,  2.51958E+03,  7.86350E+02,  1.29388E+03
 3.21792E+02,  2.36747E+02,  2.89715E+02,  3.93089E+02,  4.68055E+02
 5.22737E+02,  5.54049E+02,  5.62374E+02,  5.78998E+02,  5.25010E+02
 5.78690E+02,  7.21240E+02,  9.24493E+02,  1.76225E+03,  1.76225E+03
 2.57651E+03,  2.57651E+03,  2.57651E+03,  2.57651E+03,  2.57651E+03
 2.57651E+03,  5.74790E+02,  1.27911E+03,  3.20205E+02,  1.69729E+02
 1.89788E+02,  2.88031E+02,  4.19061E+02,  5.23024E+02,  5.51350E+02
 5.96697E+02,  6.28040E+02,  6.52519E+02,  6.96931E+02,  8.32111E+02
 1.03015E+03,  1.91426E+03,  1.91426E+03,  2.75478E+03,  2.75478E+03
 2.75478E+03,  2.75478E+03,  2.75478E+03,  2.75478E+03,  7.46947E+02
 9.07659E+02,  6.03902E+02,  1.51254E+02,  1.46963E+02,  2.22308E+02
 3.87839E+02,  5.54095E+02,  6.01162E+02,  6.38318E+02,  6.69514E+02
 7.29354E+02,  8.23129E+02,  9.56445E+02,  1.13416E+03,  1.95668E+03
 1.95668E+03,  2.64741E+03,  2.64741E+03,  2.64741E+03,  2.64741E+03
 2.64741E+03,  2.64741E+03,  4.64624E+02,  8.67558E+02,  1.20269E+03
 1.54607E+02,  1.32425E+02,  1.83063E+02,  3.63069E+02,  5.75892E+02
 6.87449E+02,  7.01161E+02,  7.26195E+02,  7.88359E+02,  8.99747E+02
 1.03437E+03,  1.17246E+03,  1.94572E+03,  1.94572E+03,  2.64970E+03
 2.64970E+03,  2.64970E+03,  2.64970E+03,  2.64970E+03,  2.64970E+03
 5.87598E+02,  1.99525E+03,  8.34155E+02,  1.60358E+02,  1.27243E+02
 1.62899E+02,  3.40773E+02,  6.10995E+02,  7.82786E+02,  7.84577E+02
 8.07772E+02,  8.56678E+02,  9.55633E+02,  1.08162E+03,  1.20067E+03
 2.01567E+03,  2.01567E+03,  2.65979E+03,  2.65979E+03,  2.65979E+03
 2.65979E+03,  2.65979E+03,  2.65979E+03,  4.78763E+02,  1.52930E+03
 5.54112E+02,  1.50863E+02,  1.19706E+02,  1.58286E+02,  3.22252E+02
 6.39461E+02,  8.39160E+02,  8.69412E+02,  8.75176E+02,  9.30662E+02
 1.01971E+03,  1.12588E+03,  1.22308E+03,  2.03798E+03,  2.03798E+03
 2.65082E+03,  2.65082E+03,  2.65082E+03,  2.65082E+03,  2.65082E+03
 2.65082E+03,  5.20100E+02,  1.41125E+03,  2.83583E+02,  1.31961E+02
 1.03688E+02,  1.61249E+02,  3.05319E+02,  5.25143E+02,  8.55314E+02
 9.13710E+02,  9.37192E+02,  9.81009E+02,  1.07279E+03,  1.15732E+03
 1.23736E+03,  2.04833E+03,  2.04833E+03,  2.81434E+03,  2.81434E+03
 2.81434E+03,  2.81434E+03,  2.81434E+03,  2.81434E+03,  5.75835E+02
 7.90069E+02,  1.43926E+02,  1.08836E+02,  1.04332E+02,  1.71755E+02
 3.20755E+02,  5.20801E+02,  6.78823E+02,  9.40246E+02,  9.47843E+02
 1.01717E+03,  1.09996E+03,  1.17506E+03,  1.26385E+03,  2.03020E+03
 2.03020E+03,  2.81348E+03,  2.81348E+03,  2.81348E+03,  2.81348E+03
 2.81348E+03,  2.81348E+03,  5.11944E+02,  5.63249E+02,  1.17386E+02
 9.97679E+01,  1.12932E+02,  1.91510E+02,  3.48657E+02,  5.83837E+02
 6.65340E+02,  7.92198E+02,  9.48925E+02,  1.05741E+03,  1.13014E+03
 1.20617E+03,  1.27315E+03,  2.06212E+03,  2.06212E+03,  2.73816E+03
 2.73816E+03,  2.73816E+03,  2.73816E+03,  2.73816E+03,  2.73816E+03
 5.29182E+02,  7.48316E+02,  1.50015E+02,  1.12065E+02,  1.38066E+02
 2.08445E+02,  3.39437E+02,  5.32610E+02,  7.12101E+02,  7.81274E+02
 1.00064E+03,  1.05224E+03,  1.17643E+03,  1.24180E+03,  1.26208E+03
 2.14098E+03,  2.14098E+03,  2.78723E+03,  2.78723E+03,  2.78723E+03
 2.78723E+03,  2.78723E+03,  2.78723E+03,  4.59455E+02,  5.51152E+02
 1.98937E+02,  1.62604E+02,  1.76615E+02,  2.27028E+02,  3.30725E+02
 4.95397E+02,  6.26142E+02,  8.00290E+02,  9.96361E+02,  1.06580E+03
 1.16730E+03,  1.24220E+03,  1.28451E+03,  2.12557E+03,  2.12557E+03
 2.82504E+03,  2.82504E+03,  2.82504E+03,  2.82504E+03,  2.82504E+03
 2.82504E+03,  4.25343E+02,  3.66345E+02,  2.72281E+02,  2.36690E+02
 2.26225E+02,  2.49081E+02,  3.25229E+02,  4.36487E+02,  6.15318E+02
 8.02133E+02,  1.02842E+03,  1.15438E+03,  1.18118E+03,  1.27075E+03
 1.33454E+03,  2.13813E+03,  2.13813E+03,  2.81765E+03,  2.81765E+03
 2.81765E+03,  2.81765E+03,  2.81765E+03,  2.81765E+03,  3.55730E+02
 3.47602E+02,  3.30076E+02,  3.00428E+02,  2.80051E+02,  2.80765E+02
 3.24296E+02,  4.34223E+02,  5.65359E+02,  8.59429E+02,  1.22539E+03
 1.36764E+03,  1.41323E+03,  1.45462E+03,  1.51208E+03,  2.56138E+03
 2.56138E+03,  3.95919E+03,  3.95919E+03,  3.95919E+03,  3.95919E+03
 3.95919E+03,  3.95919E+03,  6.77493E+02,  8.21417E+02,  7.78510E+02
 5.79777E+02,  4.49016E+02,  3.75126E+02,  3.52281E+02,  3.86021E+02
 5.34575E+02,  9.15046E+02,  1.77514E+03,  3.13119E+03,  4.69544E+03
 6.04001E+03,  7.54064E+03,  1.85376E+04,  1.85376E+04,  1.23253E+04
 1.23253E+04,  1.23253E+04,  1.23253E+04,  1.23253E+04,  1.23253E+04
 6.77493E+02,  8.21417E+02,  7.78510E+02,  5.79777E+02,  4.49016E+02
 3.75126E+02,  3.52281E+02,  3.86021E+02,  5.34575E+02,  9.15046E+02
 1.77514E+03,  3.13119E+03,  4.69544E+03,  6.04001E+03,  7.54064E+03
 1.85376E+04,  1.85376E+04,  1.23253E+04,  1.23253E+04,  1.23253E+04
 1.23253E+04,  1.23253E+04,  1.23253E+04,  6.88258E+02,  6.84542E+02
 6.20000E+02,  5.18125E+02,  3.97347E+02,  2.86236E+02,  2.02240E+02
 1.47402E+02,  1.14703E+02,  9.65008E+01,  8.73913E+01,  8.49260E+01
 8.83741E+01,  9.53316E+01,  1.05473E+02,  8.85347E+01,  8.85347E+01
 1.49734E+02,  1.49734E+02,  1.49734E+02,  1.49734E+02,  1.49734E+02
 1.49734E+02,  6.88258E+02,  6.84542E+02,  6.20000E+02,  5.18125E+02
 3.97347E+02,  2.86236E+02,  2.02240E+02,  1.47402E+02,  1.14703E+02
 9.65008E+01,  8.73913E+01,  8.49260E+01,  8.83741E+01,  9.53316E+01
 1.05473E+02,  8.85347E+01,  8.85347E+01,  1.49734E+02,  1.49734E+02
 1.49734E+02,  1.49734E+02,  1.49734E+02,  1.49734E+02,  6.88258E+02
 6.84542E+02,  6.20000E+02,  5.18125E+02,  3.97347E+02,  2.86236E+02
 2.02240E+02,  1.47402E+02,  1.14703E+02,  9.65008E+01,  8.73913E+01
 8.49260E+01,  8.83741E+01,  9.53316E+01,  1.05473E+02,  8.85347E+01
 8.85347E+01,  1.49734E+02,  1.49734E+02,  1.49734E+02,  1.49734E+02
 1.49734E+02,  1.49734E+02,  6.88258E+02,  6.84542E+02,  6.20000E+02
 5.18125E+02,  3.97347E+02,  2.86236E+02,  2.02240E+02,  1.47402E+02
 1.14703E+02,  9.65008E+01,  8.73913E+01,  8.49260E+01,  8.83741E+01
 9.53316E+01,  1.05473E+02,  8.85347E+01,  8.85347E+01,  1.49734E+02
 1.49734E+02,  1.49734E+02,  1.49734E+02,  1.49734E+02,  1.49734E+02
 6.88258E+02,  6.84542E+02,  6.20000E+02,  5.18125E+02,  3.97347E+02
 2.86236E+02,  2.02240E+02,  1.47402E+02,  1.14703E+02,  9.65008E+01
 8.73913E+01,  8.49260E+01,  8.83741E+01,  9.53316E+01,  1.05473E+02
 8.85347E+01,  8.85347E+01,  1.49734E+02,  1.49734E+02,  1.49734E+02
 1.49734E+02,  1.49734E+02,  1.49734E+02,  6.88258E+02,  6.84542E+02
 6.20000E+02,  5.18125E+02,  3.97347E+02,  2.86236E+02,  2.02240E+02
 1.47402E+02,  1.14703E+02,  9.65008E+01,  8.73913E+01,  8.49260E+01
 8.83741E+01,  9.53316E+01,  1.05473E+02,  8.85347E+01,  8.85347E+01
 1.49734E+02,  1.49734E+02,  1.49734E+02,  1.49734E+02,  1.49734E+02
 1.49734E+02

;-Sensitivity in the elemental sequential order

 3.16503E-02,  3.22618E-02,  3.06614E-02,  2.58347E-02,  1.99307E-02
 1.48589E-02,  1.10507E-02,  8.35510E-03,  6.45489E-03,  5.08687E-03
 4.07034E-03,  3.29589E-03,  2.70569E-03,  2.25684E-03,  1.90268E-03
 4.10902E-03,  4.10902E-03,  7.52126E-03,  7.52126E-03,  7.52126E-03
 7.52126E-03,  7.52126E-03,  7.52126E-03,  3.16503E-02,  3.22618E-02
 3.06614E-02,  2.58347E-02,  1.99307E-02,  1.48589E-02,  1.10507E-02
 8.35510E-03,  6.45489E-03,  5.08687E-03,  4.07034E-03,  3.29589E-03
 2.70569E-03,  2.25684E-03,  1.90268E-03,  4.10902E-03,  4.10902E-03
 7.52126E-03,  7.52126E-03,  7.52126E-03,  7.52126E-03,  7.52126E-03
 7.52126E-03,  3.16503E-02,  3.22618E-02,  3.06614E-02,  2.58347E-02
 1.99307E-02,  1.48589E-02,  1.10507E-02,  8.35510E-03,  6.45489E-03
 5.08687E-03,  4.07034E-03,  3.29589E-03,  2.70569E-03,  2.25684E-03
 1.90268E-03,  4.10902E-03,  4.10902E-03,  7.52126E-03,  7.52126E-03
 7.52126E-03,  7.52126E-03,  7.52126E-03,  7.52126E-03,  3.16503E-02
 3.22618E-02,  3.06614E-02,  2.58347E-02,  1.99307E-02,  1.48589E-02
 1.10507E-02,  8.35510E-03,  6.45489E-03,  5.08687E-03,  4.07034E-03
 3.29589E-03,  2.70569E-03,  2.25684E-03,  1.90268E-03,  4.10902E-03
 4.10902E-03,  7.52126E-03,  7.52126E-03,  7.52126E-03,  7.52126E-03
 7.52126E-03,  7.52126E-03,  3.16503E-02,  3.22618E-02,  3.06614E-02
 2.58347E-02,  1.99307E-02,  1.48589E-02,  1.10507E-02,  8.35510E-03
 6.45489E-03,  5.08687E-03,  4.07034E-03,  3.29589E-03,  2.70569E-03
 2.25684E-03,  1.90268E-03,  4.10902E-03,  4.10902E-03,  7.52126E-03
 7.52126E-03,  7.52126E-03,  7.52126E-03,  7.52126E-03,  7.52126E-03
 3.16503E-02,  3.22618E-02,  3.06614E-02,  2.58347E-02,  1.99307E-02
 1.48589E-02,  1.10507E-02,  8.35510E-03,  6.45489E-03,  5.08687E-03
 4.07034E-03,  3.29589E-03,  2.70569E-03,  2.25684E-03,  1.90268E-03
 4.10902E-03,  4.10902E-03,  7.52126E-03,  7.52126E-03,  7.52126E-03
 7.52126E-03,  7.52126E-03,  7.52126E-03,  5.39078E-01,  1.73893E-01
 6.84716E-02,  3.05150E-02,  1.50990E-02,  8.41273E-03,  5.25276E-03
 3.56340E-03,  2.50405E-03,  1.80618E-03,  1.30875E-03,  9.49473E-04
 6.95855E-04,  5.17435E-04,  3.86717E-04,  5.89422E-04,  5.89422E-04
 5.38447E-04,  5.38447E-04,  5.38447E-04,  5.38447E-04,  5.38447E-04
 5.38447E-04,  5.39078E-01,  1.73893E-01,  6.84716E-02,  3.05150E-02
 1.50990E-02,  8.41273E-03,  5.25276E-03,  3.56340E-03,  2.50405E-03
 1.80618E-03,  1.30875E-03,  9.49473E-04,  6.95855E-04,  5.17435E-04
 3.86717E-04,  5.89422E-04,  5.89422E-04,  5.38447E-04,  5.38447E-04
 5.38447E-04,  5.38447E-04,  5.38447E-04,  5.38447E-04,  6.63398E-01
 1.58347E-01,  5.19857E-02,  1.89329E-02,  7.25713E-03,  3.52514E-03
 1.97677E-03,  1.25551E-03,  8.97598E-04,  6.38912E-04,  4.44843E-04
 3.16383E-04,  2.32110E-04,  1.73315E-04,  1.31971E-04,  1.87834E-04
 1.87834E-04,  1.87376E-04,  1.87376E-04,  1.87376E-04,  1.87376E-04
 1.87376E-04,  1.87376E-04,  1.83460E+00,  3.83850E-01,  1.15754E-01
 3.30252E-02,  1.01105E-02,  4.06934E-03,  2.13261E-03,  1.25845E-03
 7.89801E-04,  5.55369E-04,  4.10298E-04,  2.97910E-04,  2.24033E-04
 1.70614E-04,  1.31904E-04,  2.04355E-04,  2.04355E-04,  2.34189E-04
 2.34189E-04,  2.34189E-04,  2.34189E-04,  2.34189E-04,  2.34189E-04
 1.08706E+00,  5.28696E-01,  1.40569E-01,  4.40074E-02,  1.21177E-02
 4.29802E-03,  2.28092E-03,  1.30778E-03,  8.07009E-04,  5.31538E-04
 3.75148E-04,  2.78567E-04,  2.11559E-04,  1.64687E-04,  1.29499E-04
 2.01249E-04,  2.01249E-04,  2.37450E-04,  2.37450E-04,  2.37450E-04
 2.37450E-04,  2.37450E-04,  2.37450E-04,  1.65201E+00,  8.23498E-01
 1.51746E-01,  3.83485E-02,  1.17136E-02,  4.17697E-03,  2.27391E-03
 1.39571E-03,  8.48811E-04,  5.50075E-04,  3.70758E-04,  2.68164E-04
 2.02608E-04,  1.58561E-04,  1.25941E-04,  1.98244E-04,  1.98244E-04
 2.41351E-04,  2.41351E-04,  2.41351E-04,  2.41351E-04,  2.41351E-04
 2.41351E-04,  1.64749E+00,  8.67387E-01,  1.17568E-01,  3.05358E-02
 1.03997E-02,  4.22132E-03,  2.43565E-03,  1.49102E-03,  9.43692E-04
 5.90821E-04,  3.90665E-04,  2.71886E-04,  1.99051E-04,  1.54241E-04
 1.22690E-04,  1.97429E-04,  1.97429E-04,  2.47893E-04,  2.47893E-04
 2.47893E-04,  2.47893E-04,  2.47893E-04,  2.47893E-04,  2.03029E+00
 8.08959E-01,  1.32603E-01,  2.75831E-02,  1.02467E-02,  4.46234E-03
 2.60449E-03,  1.70589E-03,  1.03238E-03,  6.67305E-04,  4.31472E-04
 2.87159E-04,  2.01244E-04,  1.51871E-04,  1.19941E-04,  1.98164E-04
 1.98164E-04,  2.53797E-04,  2.53797E-04,  2.53797E-04,  2.53797E-04
 2.53797E-04,  2.53797E-04,  1.89494E+00,  8.40248E-01,  1.31482E-01
 2.87583E-02,  1.11239E-02,  5.02831E-03,  2.96026E-03,  1.83416E-03
 1.18745E-03,  7.66206E-04,  4.87745E-04,  3.12677E-04,  2.09881E-04
 1.52881E-04,  1.18490E-04,  2.01450E-04,  2.01450E-04,  2.59707E-04
 2.59707E-04,  2.59707E-04,  2.59707E-04,  2.59707E-04,  2.59707E-04
 1.99074E+00,  8.54040E-01,  1.45464E-01,  3.59841E-02,  1.41549E-02
 5.54719E-03,  3.24955E-03,  2.04675E-03,  1.33740E-03,  8.50411E-04
 5.52231E-04,  3.44366E-04,  2.24423E-04,  1.58169E-04,  1.18817E-04
 2.07580E-04,  2.07580E-04,  2.66308E-04,  2.66308E-04,  2.66308E-04
 2.66308E-04,  2.66308E-04,  2.66308E-04,  1.96032E+00,  8.88428E-01
 1.45233E-01,  3.91725E-02,  1.65484E-02,  7.03728E-03,  3.69326E-03
 2.24774E-03,  1.42668E-03,  9.51167E-04,  6.01162E-04,  3.79256E-04
 2.44383E-04,  1.66580E-04,  1.21140E-04,  2.16230E-04,  2.16230E-04
 2.73320E-04,  2.73320E-04,  2.73320E-04,  2.73320E-04,  2.73320E-04
 2.73320E-04,  2.18699E+00,  8.87480E-01,  1.50013E-01,  3.91907E-02
 1.61298E-02,  7.78030E-03,  4.18328E-03,  2.38195E-03,  1.54274E-03
 9.99459E-04,  6.54788E-04,  4.17487E-04,  2.67681E-04,  1.78540E-04
 1.25902E-04,  2.27874E-04,  2.27874E-04,  2.81062E-04,  2.81062E-04
 2.81062E-04,  2.81062E-04,  2.81062E-04,  2.81062E-04,  2.16368E+00
 9.14289E-01,  1.47746E-01,  3.94293E-02,  1.76008E-02,  8.36300E-03
 4.51078E-03,  2.52813E-03,  1.55989E-03,  1.05901E-03,  7.06432E-04
 4.55988E-04,  2.93633E-04,  1.93356E-04,  1.33049E-04,  2.42362E-04
 2.42362E-04,  2.89554E-04,  2.89554E-04,  2.89554E-04,  2.89554E-04
 2.89554E-04,  2.89554E-04,  2.04631E+00,  9.06503E-01,  1.55813E-01
 4.40620E-02,  2.03405E-02,  9.38120E-03,  4.76677E-03,  2.60355E-03
 1.60335E-03,  1.11144E-03,  7.46169E-04,  4.92859E-04,  3.20616E-04
 2.09688E-04,  1.41972E-04,  2.58837E-04,  2.58837E-04,  2.98474E-04
 2.98474E-04,  2.98474E-04,  2.98474E-04,  2.98474E-04,  2.98474E-04
 2.02778E+00,  8.94196E-01,  1.64841E-01,  4.80979E-02,  2.11342E-02
 1.00345E-02,  4.91873E-03,  2.70844E-03,  1.68646E-03,  1.11900E-03
 7.93692E-04,  5.25814E-04,  3.47459E-04,  2.27259E-04,  1.52568E-04
 2.77302E-04,  2.77302E-04,  3.08287E-04,  3.08287E-04,  3.08287E-04
 3.08287E-04,  3.08287E-04,  3.08287E-04,  1.90214E+00,  8.43179E-01
 1.70431E-01,  4.85778E-02,  2.16829E-02,  1.01276E-02,  5.34384E-03
 2.96222E-03,  1.73808E-03,  1.15720E-03,  8.21761E-04,  5.57727E-04
 3.73828E-04,  2.45422E-04,  1.64420E-04,  2.96941E-04,  2.96941E-04
 3.19889E-04,  3.19889E-04,  3.19889E-04,  3.19889E-04,  3.19889E-04
 3.19889E-04,  1.84975E+00,  8.35663E-01,  1.70916E-01,  4.35779E-02
 2.23450E-02,  1.02164E-02,  5.34241E-03,  3.07955E-03,  1.82032E-03
 1.17555E-03,  8.40784E-04,  5.89479E-04,  3.96870E-04,  2.63703E-04
 1.76895E-04,  3.17094E-04,  3.17094E-04,  3.31745E-04,  3.31745E-04
 3.31745E-04,  3.31745E-04,  3.31745E-04,  3.31745E-04,  2.16385E+00
 9.45037E-01,  1.81355E-01,  4.48747E-02,  2.05712E-02,  1.02731E-02
 5.23279E-03,  3.02971E-03,  1.92773E-03,  1.18955E-03,  8.59594E-04
 6.15343E-04,  4.18177E-04,  2.82887E-04,  1.90407E-04,  3.38627E-04
 3.38627E-04,  3.43769E-04,  3.43769E-04,  3.43769E-04,  3.43769E-04
 3.43769E-04,  3.43769E-04,  2.02835E+00,  9.62651E-01,  1.74370E-01
 4.54349E-02,  2.19936E-02,  9.54628E-03,  5.17871E-03,  3.16036E-03
 1.97765E-03,  1.21845E-03,  8.76955E-04,  6.36841E-04,  4.39082E-04
 3.02831E-04,  2.05035E-04,  3.61773E-04,  3.61773E-04,  3.54568E-04
 3.54568E-04,  3.54568E-04,  3.54568E-04,  3.54568E-04,  3.54568E-04
 2.57526E+00,  1.03974E+00,  1.73142E-01,  4.31216E-02,  2.16281E-02
 9.46047E-03,  4.94515E-03,  3.10674E-03,  2.06127E-03,  1.24986E-03
 8.88855E-04,  6.53082E-04,  4.58694E-04,  3.22316E-04,  2.19855E-04
 3.84814E-04,  3.84814E-04,  3.64868E-04,  3.64868E-04,  3.64868E-04
 3.64868E-04,  3.64868E-04,  3.64868E-04,  2.51809E+00,  1.02932E+00
 1.71334E-01,  3.95213E-02,  1.99500E-02,  9.09051E-03,  4.61686E-03
 2.94230E-03,  2.12627E-03,  1.29196E-03,  8.99801E-04,  6.72062E-04
 4.80534E-04,  3.39806E-04,  2.35794E-04,  4.07264E-04,  4.07264E-04
 3.77430E-04,  3.77430E-04,  3.77430E-04,  3.77430E-04,  3.77430E-04
 3.77430E-04,  2.18332E+00,  1.00518E+00,  1.69578E-01,  4.07927E-02
 2.09634E-02,  9.35828E-03,  4.43287E-03,  2.88249E-03,  2.13282E-03
 1.34581E-03,  9.13522E-04,  6.94719E-04,  5.04441E-04,  3.57122E-04
 2.52751E-04,  4.28983E-04,  4.28983E-04,  3.91638E-04,  3.91638E-04
 3.91638E-04,  3.91638E-04,  3.91638E-04,  3.91638E-04,  2.28751E+00
 9.76029E-01,  1.81393E-01,  4.64781E-02,  2.29240E-02,  1.06865E-02
 4.79521E-03,  2.87826E-03,  2.13054E-03,  1.40309E-03,  9.29004E-04
 7.16184E-04,  5.24219E-04,  3.77036E-04,  2.68345E-04,  4.49801E-04
 4.49801E-04,  4.05598E-04,  4.05598E-04,  4.05598E-04,  4.05598E-04
 4.05598E-04,  4.05598E-04,  2.43514E+00,  1.03888E+00,  1.88278E-01
 5.17816E-02,  2.58067E-02,  1.18297E-02,  5.26727E-03,  2.96970E-03
 2.14508E-03,  1.46564E-03,  9.45380E-04,  7.37735E-04,  5.47894E-04
 3.95633E-04,  2.82175E-04,  4.71277E-04,  4.71277E-04,  4.19974E-04
 4.19974E-04,  4.19974E-04,  4.19974E-04,  4.19974E-04,  4.19974E-04
 2.15566E+00,  1.05562E+00,  1.87907E-01,  5.26272E-02,  2.64703E-02
 1.28646E-02,  5.68375E-03,  3.09638E-03,  2.23301E-03,  1.49487E-03
 9.73137E-04,  7.54439E-04,  5.69846E-04,  4.09231E-04,  2.95657E-04
 4.93199E-04,  4.93199E-04,  4.35444E-04,  4.35444E-04,  4.35444E-04
 4.35444E-04,  4.35444E-04,  4.35444E-04,  2.78513E+00,  1.10470E+00
 1.84995E-01,  5.57948E-02,  2.52808E-02,  1.29754E-02,  6.02074E-03
 3.25311E-03,  2.30660E-03,  1.54036E-03,  9.96098E-04,  7.71682E-04
 5.82649E-04,  4.20501E-04,  3.07974E-04,  5.14392E-04,  5.14392E-04
 4.50106E-04,  4.50106E-04,  4.50106E-04,  4.50106E-04,  4.50106E-04
 4.50106E-04,  2.74127E+00,  1.10355E+00,  1.87343E-01,  5.55142E-02
 2.55396E-02,  1.26870E-02,  6.24340E-03,  3.42200E-03,  2.35888E-03
 1.59824E-03,  1.02081E-03,  7.88843E-04,  5.97850E-04,  4.30410E-04
 3.19890E-04,  5.35494E-04,  5.35494E-04,  4.65103E-04,  4.65103E-04
 4.65103E-04,  4.65103E-04,  4.65103E-04,  4.65103E-04,  2.65812E+00
 1.09329E+00,  1.91258E-01,  5.77508E-02,  2.61304E-02,  1.30768E-02
 6.44271E-03,  3.59717E-03,  2.42798E-03,  1.65404E-03,  1.04560E-03
 8.02661E-04,  6.06904E-04,  4.38904E-04,  3.31401E-04,  5.56627E-04
 5.56627E-04,  4.81376E-04,  4.81376E-04,  4.81376E-04,  4.81376E-04
 4.81376E-04,  4.81376E-04,  2.66480E+00,  1.09350E+00,  1.97503E-01
 6.64874E-02,  2.88214E-02,  1.38665E-02,  6.79618E-03,  3.70628E-03
 2.52804E-03,  1.69039E-03,  1.07129E-03,  8.13378E-04,  6.24731E-04
 4.50281E-04,  3.41243E-04,  5.77867E-04,  5.77867E-04,  4.94536E-04
 4.94536E-04,  4.94536E-04,  4.94536E-04,  4.94536E-04,  4.94536E-04
 2.73859E+00,  1.14285E+00,  2.01248E-01,  7.12612E-02,  3.17764E-02
 1.43259E-02,  7.04140E-03,  3.87195E-03,  2.64418E-03,  1.72160E-03
 1.10163E-03,  8.27869E-04,  6.36346E-04,  4.61668E-04,  3.53213E-04
 6.01255E-04,  6.01255E-04,  5.00875E-04,  5.00875E-04,  5.00875E-04
 5.00875E-04,  5.00875E-04,  5.00875E-04,  2.69790E+00,  1.15836E+00
 2.01866E-01,  7.44660E-02,  3.06005E-02,  1.47973E-02,  7.26476E-03
 4.13303E-03,  2.62716E-03,  1.79623E-03,  1.13245E-03,  8.40902E-04
 6.37589E-04,  4.70691E-04,  3.64791E-04,  6.24242E-04,  6.24242E-04
 5.15669E-04,  5.15669E-04,  5.15669E-04,  5.15669E-04,  5.15669E-04
 5.15669E-04,  3.52281E+00,  1.28873E+00,  2.12669E-01,  7.29351E-02
 3.00451E-02,  1.50720E-02,  7.44074E-03,  4.32701E-03,  2.71388E-03
 1.84043E-03,  1.16462E-03,  8.38659E-04,  6.43037E-04,  4.75189E-04
 3.76398E-04,  6.47682E-04,  6.47682E-04,  5.28382E-04,  5.28382E-04
 5.28382E-04,  5.28382E-04,  5.28382E-04,  5.28382E-04,  3.12867E+00
 1.32163E+00,  2.26010E-01,  7.67805E-02,  2.98520E-02,  1.47560E-02
 7.71434E-03,  4.37472E-03,  2.81350E-03,  1.88796E-03,  1.19335E-03
 8.32663E-04,  6.47282E-04,  4.84704E-04,  3.92680E-04,  6.69992E-04
 6.69992E-04,  5.41524E-04,  5.41524E-04,  5.41524E-04,  5.41524E-04
 5.41524E-04,  5.41524E-04,  3.93662E+00,  1.35116E+00,  2.52385E-01
 8.03414E-02,  3.09695E-02,  1.59681E-02,  8.16261E-03,  4.45361E-03
 2.90447E-03,  1.93765E-03,  1.24067E-03,  8.69801E-04,  6.42226E-04
 5.00975E-04,  4.12907E-04,  6.92222E-04,  6.92222E-04,  5.54940E-04
 5.54940E-04,  5.54940E-04,  5.54940E-04,  5.54940E-04,  5.54940E-04
 3.58640E+00,  1.38546E+00,  2.91759E-01,  9.06950E-02,  3.45044E-02
 1.72703E-02,  8.63499E-03,  4.69876E-03,  2.96449E-03,  1.98914E-03
 1.28283E-03,  9.22755E-04,  7.08320E-04,  5.38433E-04,  4.33981E-04
 7.07560E-04,  7.07560E-04,  5.66173E-04,  5.66173E-04,  5.66173E-04
 5.66173E-04,  5.66173E-04,  5.66173E-04,  3.46138E+00,  1.31344E+00
 3.26843E-01,  1.01137E-01,  3.80503E-02,  1.86462E-02,  9.32369E-03
 4.90417E-03,  3.03112E-03,  2.05633E-03,  1.28564E-03,  9.46909E-04
 7.48240E-04,  5.71078E-04,  4.49046E-04,  7.24586E-04,  7.24586E-04
 5.76630E-04,  5.76630E-04,  5.76630E-04,  5.76630E-04,  5.76630E-04
 5.76630E-04,  3.39019E+00,  1.31442E+00,  3.37360E-01,  1.05828E-01
 4.03878E-02,  2.00005E-02,  9.99719E-03,  4.80300E-03,  3.16716E-03
 2.09190E-03,  1.32151E-03,  9.66618E-04,  7.70653E-04,  5.86037E-04
 4.55859E-04,  7.39676E-04,  7.39676E-04,  5.84758E-04,  5.84758E-04
 5.84758E-04,  5.84758E-04,  5.84758E-04,  5.84758E-04,  4.04150E+00
 1.49871E+00,  3.61615E-01,  1.06452E-01,  4.21786E-02,  2.07491E-02
 1.03093E-02,  4.86580E-03,  3.21512E-03,  2.14695E-03,  1.35801E-03
 1.00276E-03,  7.83835E-04,  5.91715E-04,  4.64072E-04,  7.50278E-04
 7.50278E-04,  5.93562E-04,  5.93562E-04,  5.93562E-04,  5.93562E-04
 5.93562E-04,  5.93562E-04,  3.74426E+00,  1.52587E+00,  3.75695E-01
 1.10467E-01,  4.07967E-02,  2.06352E-02,  1.03731E-02,  4.96786E-03
 3.28851E-03,  2.18851E-03,  1.39977E-03,  1.02281E-03,  7.81281E-04
 6.10832E-04,  4.86921E-04,  7.57995E-04,  7.57995E-04,  6.05332E-04
 6.05332E-04,  6.05332E-04,  6.05332E-04,  6.05332E-04,  6.05332E-04
 4.57217E+00,  1.64083E+00,  3.61458E-01,  1.10998E-01,  4.02109E-02
 2.04618E-02,  1.00707E-02,  4.93115E-03,  3.43686E-03,  2.17763E-03
 1.45969E-03,  1.05328E-03,  8.09993E-04,  6.30177E-04,  4.89578E-04
 7.62803E-04,  7.62803E-04,  6.17338E-04,  6.17338E-04,  6.17338E-04
 6.17338E-04,  6.17338E-04,  6.17338E-04,  4.76181E+00,  1.59884E+00
 3.42959E-01,  1.10031E-01,  3.97955E-02,  2.01321E-02,  9.72936E-03
 5.02635E-03,  3.52912E-03,  2.24109E-03,  1.50872E-03,  1.08255E-03
 8.29456E-04,  6.24286E-04,  4.81650E-04,  7.69881E-04,  7.69881E-04
 6.26522E-04,  6.26522E-04,  6.26522E-04,  6.26522E-04,  6.26522E-04
 6.26522E-04,  5.70389E+00,  1.59161E+00,  3.53022E-01,  1.11208E-01
 3.94319E-02,  1.92024E-02,  9.01588E-03,  5.23820E-03,  3.60903E-03
 2.31284E-03,  1.55206E-03,  1.09661E-03,  8.40483E-04,  6.33004E-04
 4.86419E-04,  7.82141E-04,  7.82141E-04,  6.32175E-04,  6.32175E-04
 6.32175E-04,  6.32175E-04,  6.32175E-04,  6.32175E-04,  5.28469E+00
 1.63115E+00,  3.80847E-01,  1.16567E-01,  3.93824E-02,  1.85645E-02
 8.56758E-03,  5.60640E-03,  3.72032E-03,  2.36026E-03,  1.59898E-03
 1.19177E-03,  9.02228E-04,  6.75742E-04,  4.97147E-04,  7.93455E-04
 7.93455E-04,  6.32186E-04,  6.32186E-04,  6.32186E-04,  6.32186E-04
 6.32186E-04,  6.32186E-04,  6.28885E+00,  1.80455E+00,  3.97662E-01
 1.20009E-01,  4.16219E-02,  1.79323E-02,  9.13883E-03,  5.89734E-03
 3.65755E-03,  2.40676E-03,  1.65265E-03,  1.24336E-03,  9.24579E-04
 6.89191E-04,  5.01928E-04,  7.94217E-04,  7.94217E-04,  6.27196E-04
 6.27196E-04,  6.27196E-04,  6.27196E-04,  6.27196E-04,  6.27196E-04
 6.04516E+00,  1.97945E+00,  4.77207E-01,  1.41416E-01,  4.52783E-02
 1.92722E-02,  9.76099E-03,  5.96267E-03,  3.71464E-03,  2.42031E-03
 1.67106E-03,  1.20077E-03,  8.97003E-04,  6.59950E-04,  5.00801E-04
 7.84248E-04,  7.84248E-04,  6.24130E-04,  6.24130E-04,  6.24130E-04
 6.24130E-04,  6.24130E-04,  6.24130E-04,  6.31489E+00,  2.04918E+00
 5.47159E-01,  1.45175E-01,  4.88405E-02,  2.01878E-02,  1.00721E-02
 6.03461E-03,  3.74764E-03,  2.37107E-03,  1.55868E-03,  1.07855E-03
 8.04836E-04,  6.17436E-04,  4.65736E-04,  7.73043E-04,  7.73043E-04
 6.22804E-04,  6.22804E-04,  6.22804E-04,  6.22804E-04,  6.22804E-04
 6.22804E-04,  5.82991E+00,  1.89311E+00,  5.69011E-01,  1.63491E-01
 5.66292E-02,  2.15739E-02,  1.03776E-02,  5.94437E-03,  3.41186E-03
 2.32934E-03,  1.56153E-03,  1.08098E-03,  7.96355E-04,  6.00218E-04
 4.54419E-04,  7.64160E-04,  7.64160E-04,  6.18522E-04,  6.18522E-04
 6.18522E-04,  6.18522E-04,  6.18522E-04,  6.18522E-04,  4.68476E+00
 2.03458E+00,  5.96484E-01,  1.71223E-01,  5.93151E-02,  2.23615E-02
 1.07697E-02,  5.17012E-03,  3.51067E-03,  2.46360E-03,  1.59898E-03
 1.12280E-03,  8.23031E-04,  6.19507E-04,  4.54162E-04,  7.60038E-04
 7.60038E-04,  6.12866E-04,  6.12866E-04,  6.12866E-04,  6.12866E-04
 6.12866E-04,  6.12866E-04,  5.12474E+00,  1.97423E+00,  5.86456E-01
 1.81381E-01,  6.35686E-02,  2.12257E-02,  8.34794E-03,  5.23338E-03
 3.83565E-03,  2.65790E-03,  1.64403E-03,  1.12866E-03,  8.13860E-04
 6.01896E-04,  4.50049E-04,  7.57865E-04,  7.57865E-04,  6.06296E-04
 6.06296E-04,  6.06296E-04,  6.06296E-04,  6.06296E-04,  6.06296E-04
 5.61370E+00,  2.01508E+00,  6.46994E-01,  1.79717E-01,  6.04048E-02
 1.99499E-02,  8.30901E-03,  5.51089E-03,  4.15043E-03,  2.64872E-03
 1.64554E-03,  1.08935E-03,  7.71766E-04,  5.77437E-04,  4.41980E-04
 7.54724E-04,  7.54724E-04,  5.96372E-04,  5.96372E-04,  5.96372E-04
 5.96372E-04,  5.96372E-04,  5.96372E-04,  5.37514E+00,  2.80660E+00
 6.38745E-01,  1.49771E-01,  4.74848E-02,  1.84902E-02,  9.90437E-03
 6.32961E-03,  4.29769E-03,  2.64850E-03,  1.60619E-03,  1.05740E-03
 7.63234E-04,  5.80768E-04,  4.42656E-04,  7.54737E-04,  7.54737E-04
 5.84560E-04,  5.84560E-04,  5.84560E-04,  5.84560E-04,  5.84560E-04
 5.84560E-04,  5.98088E+00,  1.92071E+00,  4.76274E-01,  1.27837E-01
 4.35376E-02,  1.72896E-02,  1.04669E-02,  7.09814E-03,  4.45080E-03
 2.58330E-03,  1.54666E-03,  1.04510E-03,  7.78657E-04,  5.89653E-04
 4.48140E-04,  7.57785E-04,  7.57785E-04,  5.70975E-04,  5.70975E-04
 5.70975E-04,  5.70975E-04,  5.70975E-04,  5.70975E-04,  7.27411E+00
 1.90646E+00,  4.36813E-01,  1.17547E-01,  4.44271E-02,  2.09614E-02
 1.19837E-02,  7.48079E-03,  4.31363E-03,  2.44758E-03,  1.54116E-03
 1.06664E-03,  8.08283E-04,  6.06547E-04,  4.55298E-04,  7.62192E-04
 7.62192E-04,  5.55925E-04,  5.55925E-04,  5.55925E-04,  5.55925E-04
 5.55925E-04,  5.55925E-04,  4.45224E+00,  1.70771E+00,  4.18936E-01
 1.49930E-01,  5.90399E-02,  2.22213E-02,  1.04915E-02,  6.12835E-03
 4.05216E-03,  2.53863E-03,  1.58136E-03,  1.12584E-03,  8.27769E-04
 6.25191E-04,  4.67451E-04,  7.67395E-04,  7.67395E-04,  5.45716E-04
 5.45716E-04,  5.45716E-04,  5.45716E-04,  5.45716E-04,  5.45716E-04
 4.93835E+00,  1.60946E+00,  3.96066E-01,  1.38014E-01,  5.18663E-02
 2.08849E-02,  1.05777E-02,  5.84372E-03,  3.68168E-03,  2.59520E-03
 1.62977E-03,  1.11422E-03,  8.36829E-04,  6.40536E-04,  4.79973E-04
 7.70971E-04,  7.70971E-04,  5.40496E-04,  5.40496E-04,  5.40496E-04
 5.40496E-04,  5.40496E-04,  5.40496E-04,  3.69491E+00,  1.55338E+00
 3.09994E-01,  8.87142E-02,  2.94763E-02,  1.12964E-02,  6.95626E-03
 5.75019E-03,  4.01669E-03,  2.53323E-03,  1.63628E-03,  1.11585E-03
 8.42587E-04,  6.44332E-04,  4.86031E-04,  7.70485E-04,  7.70485E-04
 5.33898E-04,  5.33898E-04,  5.33898E-04,  5.33898E-04,  5.33898E-04
 5.33898E-04,  4.01945E+00,  1.51152E+00,  2.93024E-01,  7.42958E-02
 2.36854E-02,  1.17269E-02,  7.86432E-03,  5.75533E-03,  3.90644E-03
 2.52001E-03,  1.63213E-03,  1.13501E-03,  8.48789E-04,  6.51800E-04
 4.82398E-04,  7.69298E-04,  7.69298E-04,  5.28272E-04,  5.28272E-04
 5.28272E-04,  5.28272E-04,  5.28272E-04,  5.28272E-04,  4.58284E+00
 1.48298E+00,  3.46527E-01,  9.20149E-02,  2.53225E-02,  1.24154E-02
 8.49863E-03,  5.65630E-03,  3.87830E-03,  2.56293E-03,  1.64585E-03
 1.12811E-03,  8.55036E-04,  6.50003E-04,  4.80810E-04,  7.70402E-04
 7.70402E-04,  5.21684E-04,  5.21684E-04,  5.21684E-04,  5.21684E-04
 5.21684E-04,  5.21684E-04,  3.71371E+00,  1.77095E+00,  4.19052E-01
 1.21607E-01,  3.80404E-02,  1.54707E-02,  9.18483E-03,  5.92783E-03
 3.90152E-03,  2.60840E-03,  1.66475E-03,  1.14114E-03,  8.45481E-04
 6.42907E-04,  4.83043E-04,  7.71295E-04,  7.71295E-04,  5.13393E-04
 5.13393E-04,  5.13393E-04,  5.13393E-04,  5.13393E-04,  5.13393E-04
 7.27937E+00,  1.95301E+00,  4.30476E-01,  1.30881E-01,  4.82248E-02
 2.21547E-02,  1.15471E-02,  6.41258E-03,  3.98650E-03,  2.60260E-03
 1.68517E-03,  1.16762E-03,  8.33814E-04,  6.45430E-04,  4.87926E-04
 7.72259E-04,  7.72259E-04,  5.07628E-04,  5.07628E-04,  5.07628E-04
 5.07628E-04,  5.07628E-04,  5.07628E-04,  5.12513E+00,  2.38689E+00
 4.29483E-01,  1.10589E-01,  4.55779E-02,  2.33673E-02,  1.32712E-02
 7.41812E-03,  4.14406E-03,  2.59802E-03,  1.71143E-03,  1.16657E-03
 8.40694E-04,  6.46924E-04,  4.89838E-04,  7.72999E-04,  7.72999E-04
 5.05193E-04,  5.05193E-04,  5.05193E-04,  5.05193E-04,  5.05193E-04
 5.05193E-04,  9.28403E+00,  1.80333E+00,  4.08433E-01,  9.22476E-02
 4.03949E-02,  2.31460E-02,  1.34025E-02,  7.42274E-03,  4.29713E-03
 2.62627E-03,  1.69774E-03,  1.16042E-03,  8.46935E-04,  6.30440E-04
 4.87546E-04,  7.73122E-04,  7.73122E-04,  5.02300E-04,  5.02300E-04
 5.02300E-04,  5.02300E-04,  5.02300E-04,  5.02300E-04,  7.57518E+00
 2.09870E+00,  4.94863E-01,  9.05768E-02,  3.47589E-02,  2.06509E-02
 1.33265E-02,  7.52738E-03,  4.19969E-03,  2.55769E-03,  1.67127E-03
 1.15329E-03,  8.31654E-04,  6.16304E-04,  4.87371E-04,  7.73786E-04
 7.73786E-04,  5.00141E-04,  5.00141E-04,  5.00141E-04,  5.00141E-04
 5.00141E-04,  5.00141E-04,  3.26999E+00,  2.27923E+00,  5.27037E-01
 9.28912E-02,  3.63553E-02,  1.84762E-02,  1.17813E-02,  7.30046E-03
 4.18852E-03,  2.47185E-03,  1.62962E-03,  1.13511E-03,  8.18245E-04
 6.30752E-04,  4.80383E-04,  7.76144E-04,  7.76144E-04,  4.99022E-04
 4.99022E-04,  4.99022E-04,  4.99022E-04,  4.99022E-04,  4.99022E-04
 7.87015E+00,  1.58507E+00,  3.91771E-01,  8.89847E-02,  3.78639E-02
 1.90428E-02,  1.11830E-02,  7.02020E-03,  4.14480E-03,  2.49144E-03
 1.57148E-03,  1.11607E-03,  8.14644E-04,  6.12615E-04,  4.74517E-04
 7.76631E-04,  7.76631E-04,  4.97747E-04,  4.97747E-04,  4.97747E-04
 4.97747E-04,  4.97747E-04,  4.97747E-04,  2.66143E+00,  5.42352E-01
 2.78989E-01,  8.47553E-02,  3.89008E-02,  1.85181E-02,  1.03294E-02
 6.87344E-03,  4.20852E-03,  2.48144E-03,  1.54388E-03,  1.09197E-03
 7.96479E-04,  6.00173E-04,  4.72049E-04,  7.74903E-04,  7.74903E-04
 4.97624E-04,  4.97624E-04,  4.97624E-04,  4.97624E-04,  4.97624E-04
 4.97624E-04,  2.42065E+00,  5.86742E-01,  2.33622E-01,  7.90650E-02
 3.82574E-02,  1.83227E-02,  9.08870E-03,  6.35334E-03,  4.22371E-03
 2.50599E-03,  1.52504E-03,  1.05601E-03,  7.86011E-04,  5.92395E-04
 4.75390E-04,  7.72677E-04,  7.72677E-04,  4.98315E-04,  4.98315E-04
 4.98315E-04,  4.98315E-04,  4.98315E-04,  4.98315E-04,  1.23027E+00
 4.49116E-01,  1.94964E-01,  6.57656E-02,  3.55550E-02,  1.81651E-02
 8.23405E-03,  5.76850E-03,  4.11529E-03,  2.53808E-03,  1.50823E-03
 1.03649E-03,  7.90812E-04,  5.80471E-04,  4.74722E-04,  7.68826E-04
 7.68826E-04,  4.98396E-04,  4.98396E-04,  4.98396E-04,  4.98396E-04
 4.98396E-04,  4.98396E-04,  1.71602E+00,  4.48595E-01,  1.39811E-01
 5.35499E-02,  3.11321E-02,  1.79013E-02,  7.68190E-03,  5.37388E-03
 3.90189E-03,  2.57764E-03,  1.49235E-03,  1.03947E-03,  7.85676E-04
 5.88873E-04,  4.62963E-04,  7.66495E-04,  7.66495E-04,  4.98620E-04
 4.98620E-04,  4.98620E-04,  4.98620E-04,  4.98620E-04,  4.98620E-04
 1.42250E+00,  4.85529E-01,  1.32943E-01,  5.00876E-02,  3.13252E-02
 1.77008E-02,  7.43321E-03,  5.01106E-03,  3.72274E-03,  2.59676E-03
 1.49138E-03,  1.03479E-03,  7.71743E-04,  5.81961E-04,  4.51584E-04
 7.66253E-04,  7.66253E-04,  4.98713E-04,  4.98713E-04,  4.98713E-04
 4.98713E-04,  4.98713E-04,  4.98713E-04,  5.94267E-01,  3.09127E-01
 1.52886E-01,  5.67382E-02,  3.18659E-02,  1.81030E-02,  7.40851E-03
 4.81534E-03,  3.53783E-03,  2.58958E-03,  1.50530E-03,  1.02260E-03
 7.68586E-04,  5.70754E-04,  4.49853E-04,  7.62539E-04,  7.62539E-04
 4.98000E-04,  4.98000E-04,  4.98000E-04,  4.98000E-04,  4.98000E-04
 4.98000E-04,  6.19234E-01,  1.72790E-01,  1.32208E-01,  6.18517E-02
 3.22443E-02,  1.81162E-02,  7.62346E-03,  4.73444E-03,  3.41736E-03
 2.56201E-03,  1.52435E-03,  1.02283E-03,  7.71433E-04,  5.70028E-04
 4.46499E-04,  7.58635E-04,  7.58635E-04,  4.97857E-04,  4.97857E-04
 4.97857E-04,  4.97857E-04,  4.97857E-04,  4.97857E-04,  4.65670E-01
 1.73366E-01,  1.27181E-01,  6.22577E-02,  3.28926E-02,  1.77051E-02
 8.13871E-03,  4.72710E-03,  3.38794E-03,  2.49579E-03,  1.57923E-03
 1.03142E-03,  7.79174E-04,  5.72993E-04,  4.45778E-04,  7.54118E-04
 7.54118E-04,  4.98236E-04,  4.98236E-04,  4.98236E-04,  4.98236E-04
 4.98236E-04,  4.98236E-04,  9.03738E-01,  3.08432E-01,  1.34963E-01
 5.74647E-02,  3.20581E-02,  1.74541E-02,  8.79633E-03,  4.81026E-03
 3.42593E-03,  2.43737E-03,  1.58589E-03,  1.04416E-03,  7.89170E-04
 5.75650E-04,  4.38785E-04,  7.47714E-04,  7.47714E-04,  4.97800E-04
 4.97800E-04,  4.97800E-04,  4.97800E-04,  4.97800E-04,  4.97800E-04
 1.32196E+00,  3.73375E-01,  1.26585E-01,  5.37104E-02,  2.92667E-02
 1.75705E-02,  9.65135E-03,  5.03828E-03,  3.50354E-03,  2.39088E-03
 1.56399E-03,  1.08709E-03,  7.97815E-04,  5.81961E-04,  4.31300E-04
 7.40635E-04,  7.40635E-04,  4.97194E-04,  4.97194E-04,  4.97194E-04
 4.97194E-04,  4.97194E-04,  4.97194E-04,  1.34167E+00,  4.34661E-01
 1.16339E-01,  5.55704E-02,  3.10901E-02,  1.86740E-02,  1.07307E-02
 5.30713E-03,  3.52917E-03,  2.40665E-03,  1.53663E-03,  1.11720E-03
 8.11213E-04,  5.88072E-04,  4.32813E-04,  7.30482E-04,  7.30482E-04
 4.96285E-04,  4.96285E-04,  4.96285E-04,  4.96285E-04,  4.96285E-04
 4.96285E-04,  8.57878E-01,  3.25614E-01,  1.38291E-01,  6.40829E-02
 3.57157E-02,  2.06666E-02,  1.15346E-02,  5.55765E-03,  3.54723E-03
 2.41612E-03,  1.53882E-03,  1.11234E-03,  8.23251E-04,  5.93978E-04
 4.28461E-04,  7.17349E-04,  7.17349E-04,  4.94375E-04,  4.94375E-04
 4.94375E-04,  4.94375E-04,  4.94375E-04,  4.94375E-04,  1.25553E+00
 3.65834E-01,  1.62911E-01,  7.37831E-02,  3.85592E-02,  2.18124E-02
 1.17434E-02,  5.77938E-03,  3.58218E-03,  2.40191E-03,  1.56142E-03
 1.12746E-03,  8.36237E-04,  6.00341E-04,  4.24118E-04,  7.03542E-04
 7.03542E-04,  4.92738E-04,  4.92738E-04,  4.92738E-04,  4.92738E-04
 4.92738E-04,  4.92738E-04,  6.67411E-01,  2.71609E-01,  1.83091E-01
 7.89783E-02,  3.71361E-02,  2.18510E-02,  1.16223E-02,  5.91228E-03
 3.60363E-03,  2.40417E-03,  1.57007E-03,  1.13776E-03,  8.53664E-04
 6.08359E-04,  4.19061E-04,  6.89236E-04,  6.89236E-04,  4.91304E-04
 4.91304E-04,  4.91304E-04,  4.91304E-04,  4.91304E-04,  4.91304E-04
 6.89445E-01,  3.13378E-01,  1.85844E-01,  7.95705E-02,  3.50990E-02
 1.98430E-02,  1.09582E-02,  5.95483E-03,  3.63791E-03,  2.39169E-03
 1.58006E-03,  1.13862E-03,  8.62904E-04,  6.09530E-04,  4.18190E-04
 6.72091E-04,  6.72091E-04,  4.88767E-04,  4.88767E-04,  4.88767E-04
 4.88767E-04,  4.88767E-04,  4.88767E-04,  1.19305E+00,  4.05869E-01
 1.89081E-01,  7.31646E-02,  3.20481E-02,  1.84533E-02,  1.01643E-02
 6.01259E-03,  3.67697E-03,  2.39360E-03,  1.58432E-03,  1.14786E-03
 8.55093E-04,  6.08661E-04,  4.14449E-04,  6.55482E-04,  6.55482E-04
 4.85765E-04,  4.85765E-04,  4.85765E-04,  4.85765E-04,  4.85765E-04
 4.85765E-04,  9.55524E-01,  3.19382E-01,  1.75655E-01,  7.09934E-02
 2.94157E-02,  1.71976E-02,  9.76512E-03,  6.11411E-03,  3.73761E-03
 2.41372E-03,  1.58280E-03,  1.14948E-03,  8.47137E-04,  6.04032E-04
 4.06128E-04,  6.37225E-04,  6.37225E-04,  4.82422E-04,  4.82422E-04
 4.82422E-04,  4.82422E-04,  4.82422E-04,  4.82422E-04,  1.35285E+00
 4.05577E-01,  1.39406E-01,  6.70970E-02,  2.91795E-02,  1.70017E-02
 9.73605E-03,  6.29772E-03,  3.84058E-03,  2.43000E-03,  1.58762E-03
 1.14342E-03,  8.40585E-04,  5.93992E-04,  3.97497E-04,  6.20975E-04
 6.20975E-04,  4.77895E-04,  4.77895E-04,  4.77895E-04,  4.77895E-04
 4.77895E-04,  4.77895E-04,  1.37267E+00,  3.88322E-01,  1.39742E-01
 6.63143E-02,  3.02914E-02,  1.65378E-02,  1.00957E-02,  6.54694E-03
 3.95431E-03,  2.47187E-03,  1.59483E-03,  1.13784E-03,  8.34441E-04
 5.91467E-04,  3.94123E-04,  6.18051E-04,  6.18051E-04,  4.72672E-04
 4.72672E-04,  4.72672E-04,  4.72672E-04,  4.72672E-04,  4.72672E-04
 8.84191E-01,  3.26179E-01,  1.78524E-01,  7.10111E-02,  3.18448E-02
 1.71499E-02,  1.04894E-02,  6.74166E-03,  4.09536E-03,  2.51957E-03
 1.61115E-03,  1.13343E-03,  8.25233E-04,  5.90538E-04,  4.04878E-04
 6.05157E-04,  6.05157E-04,  4.67341E-04,  4.67341E-04,  4.67341E-04
 4.67341E-04,  4.67341E-04,  4.67341E-04,  6.49752E-01,  2.39182E-01
 1.94342E-01,  7.55635E-02,  3.31147E-02,  1.76781E-02,  1.06192E-02
 6.82155E-03,  4.27940E-03,  2.52734E-03,  1.64136E-03,  1.12542E-03
 8.11678E-04,  5.78448E-04,  4.18453E-04,  5.83150E-04,  5.83150E-04
 4.61241E-04,  4.61241E-04,  4.61241E-04,  4.61241E-04,  4.61241E-04
 4.61241E-04,  7.20710E-01,  2.32562E-01,  1.93310E-01,  7.50345E-02
 3.37997E-02,  1.76892E-02,  1.05471E-02,  6.92322E-03,  4.40049E-03
 2.56146E-03,  1.62780E-03,  1.11467E-03,  7.97695E-04,  5.59188E-04
 4.17275E-04,  5.74801E-04,  5.74801E-04,  4.54289E-04,  4.54289E-04
 4.54289E-04,  4.54289E-04,  4.54289E-04,  4.54289E-04,  7.11072E-01
 3.03611E-01,  1.77890E-01,  7.10919E-02,  3.34118E-02,  1.76230E-02
 1.03336E-02,  6.94805E-03,  4.40982E-03,  2.63646E-03,  1.59291E-03
 1.10283E-03,  7.84715E-04,  5.47509E-04,  4.10558E-04,  5.70097E-04
 5.70097E-04,  4.46456E-04,  4.46456E-04,  4.46456E-04,  4.46456E-04
 4.46456E-04,  4.46456E-04,  1.31210E+00,  3.97487E-01,  1.40823E-01
 6.70859E-02,  3.31737E-02,  1.74397E-02,  1.00273E-02,  6.84664E-03
 4.47610E-03,  2.59201E-03,  1.61543E-03,  1.08600E-03,  7.73749E-04
 5.39595E-04,  3.99075E-04,  5.56279E-04,  5.56279E-04,  4.37712E-04
 4.37712E-04,  4.37712E-04,  4.37712E-04,  4.37712E-04,  4.37712E-04
 7.38905E-01,  2.17760E-01,  1.32181E-01,  6.69421E-02,  3.30747E-02
 1.72280E-02,  9.74761E-03,  6.72518E-03,  4.45483E-03,  2.58080E-03
 1.64809E-03,  1.08955E-03,  7.62998E-04,  5.36937E-04,  3.95165E-04
 5.37051E-04,  5.37051E-04,  4.29098E-04,  4.29098E-04,  4.29098E-04
 4.29098E-04,  4.29098E-04,  4.29098E-04,  6.61271E-01,  2.07201E-01
 1.29792E-01,  6.18928E-02,  3.16189E-02,  1.70031E-02,  9.71299E-03
 6.57923E-03,  4.35519E-03,  2.56503E-03,  1.71227E-03,  1.08607E-03
 7.50848E-04,  5.37065E-04,  3.94573E-04,  5.20501E-04,  5.20501E-04
 4.20577E-04,  4.20577E-04,  4.20577E-04,  4.20577E-04,  4.20577E-04
 4.20577E-04,  7.38190E-01,  1.93022E-01,  1.07259E-01,  5.70019E-02
 3.03109E-02,  1.66631E-02,  9.76907E-03,  6.43664E-03,  4.15643E-03
 2.53556E-03,  1.75816E-03,  1.08329E-03,  7.35121E-04,  5.29097E-04
 3.97024E-04,  5.08385E-04,  5.08385E-04,  4.11198E-04,  4.11198E-04
 4.11198E-04,  4.11198E-04,  4.11198E-04,  4.11198E-04,  7.45707E-01
 1.86991E-01,  1.10129E-01,  5.47227E-02,  2.98313E-02,  1.68617E-02
 9.80577E-03,  6.10356E-03,  4.02971E-03,  2.67540E-03,  1.77456E-03
 1.05849E-03,  7.18574E-04,  5.13486E-04,  4.00754E-04,  5.00498E-04
 5.00498E-04,  4.01186E-04,  4.01186E-04,  4.01186E-04,  4.01186E-04
 4.01186E-04,  4.01186E-04,  8.18046E-01,  2.01300E-01,  1.39079E-01
 6.79141E-02,  3.30138E-02,  1.72897E-02,  9.52768E-03,  5.83376E-03
 4.02865E-03,  2.78250E-03,  1.72087E-03,  1.01898E-03,  6.97783E-04
 5.08473E-04,  3.89586E-04,  5.12387E-04,  5.12387E-04,  3.90234E-04
 3.90234E-04,  3.90234E-04,  3.90234E-04,  3.90234E-04,  3.90234E-04
 9.53083E-01,  2.68905E-01,  1.78509E-01,  7.73034E-02,  3.39918E-02
 1.69463E-02,  9.19313E-03,  5.78572E-03,  4.28675E-03,  2.74339E-03
 1.71627E-03,  9.86009E-04,  6.72734E-04,  5.02471E-04,  3.82249E-04
 4.98417E-04,  4.98417E-04,  3.78643E-04,  3.78643E-04,  3.78643E-04
 3.78643E-04,  3.78643E-04,  3.78643E-04,  2.15637E+00,  4.84698E-01
 1.79759E-01,  6.88160E-02,  3.19053E-02,  1.65723E-02,  9.11970E-03
 5.82933E-03,  4.01226E-03,  2.66872E-03,  1.66236E-03,  9.36022E-04
 6.55756E-04,  4.98706E-04,  3.73948E-04,  4.81247E-04,  4.81247E-04
 3.66910E-04,  3.66910E-04,  3.66910E-04,  3.66910E-04,  3.66910E-04
 3.66910E-04,  1.36899E+00,  4.12017E-01,  1.97866E-01,  6.59896E-02
 3.09132E-02,  1.66205E-02,  9.12956E-03,  5.55190E-03,  3.76770E-03
 2.24634E-03,  1.43711E-03,  9.12900E-04,  6.33436E-04,  4.97008E-04
 3.66765E-04,  4.75053E-04,  4.75053E-04,  3.54768E-04,  3.54768E-04
 3.54768E-04,  3.54768E-04,  3.54768E-04,  3.54768E-04,  2.23486E+00
 5.16412E-01,  2.55843E-01,  7.33492E-02,  3.14063E-02,  1.66049E-02
 9.43269E-03,  6.46154E-03,  3.81041E-03,  2.38503E-03,  1.50073E-03
 8.67471E-04,  6.28270E-04,  4.86140E-04,  3.68475E-04,  4.63323E-04
 4.63323E-04,  3.42156E-04,  3.42156E-04,  3.42156E-04,  3.42156E-04
 3.42156E-04,  3.42156E-04,  2.10036E+00,  5.14348E-01,  3.12880E-01
 8.64738E-02,  3.32221E-02,  1.75427E-02,  1.00506E-02,  7.01775E-03
 5.02235E-03,  3.10727E-03,  1.54093E-03,  8.63956E-04,  6.40619E-04
 4.77261E-04,  3.58239E-04,  4.57235E-04,  4.57235E-04,  3.29790E-04
 3.29790E-04,  3.29790E-04,  3.29790E-04,  3.29790E-04,  3.29790E-04
 6.30642E+00,  1.11233E+00,  3.44504E-01,  9.29489E-02,  3.70201E-02
 1.84340E-02,  9.82329E-03,  6.54755E-03,  4.99680E-03,  3.15414E-03
 1.56011E-03,  8.91000E-04,  6.47598E-04,  4.79771E-04,  3.47486E-04
 4.70875E-04,  4.70875E-04,  3.18077E-04,  3.18077E-04,  3.18077E-04
 3.18077E-04,  3.18077E-04,  3.18077E-04,  2.77196E+00,  1.50592E+00
 3.95494E-01,  1.03489E-01,  4.07861E-02,  1.87300E-02,  1.02463E-02
 6.94297E-03,  4.72292E-03,  2.96733E-03,  1.58296E-03,  8.98986E-04
 6.61491E-04,  4.93412E-04,  3.49398E-04,  4.66729E-04,  4.66729E-04
 3.06121E-04,  3.06121E-04,  3.06121E-04,  3.06121E-04,  3.06121E-04
 3.06121E-04,  3.32530E+00,  1.42893E+00,  4.41073E-01,  1.19099E-01
 4.26654E-02,  1.76974E-02,  1.06724E-02,  7.62254E-03,  4.84904E-03
 2.95632E-03,  1.60988E-03,  9.05109E-04,  6.88782E-04,  4.88913E-04
 3.43124E-04,  4.51449E-04,  4.51449E-04,  2.92639E-04,  2.92639E-04
 2.92639E-04,  2.92639E-04,  2.92639E-04,  2.92639E-04,  6.81235E+00
 1.33419E+00,  4.02216E-01,  1.20807E-01,  3.79265E-02,  1.58914E-02
 1.04456E-02,  7.42655E-03,  4.79642E-03,  2.84353E-03,  1.51914E-03
 9.79294E-04,  6.83164E-04,  4.84550E-04,  3.34789E-04,  4.38581E-04
 4.38581E-04,  2.78771E-04,  2.78771E-04,  2.78771E-04,  2.78771E-04
 2.78771E-04,  2.78771E-04,  2.78493E+00,  6.83065E-01,  3.48230E-01
 1.04363E-01,  3.05243E-02,  1.46331E-02,  9.76260E-03,  6.55051E-03
 4.62673E-03,  2.63057E-03,  1.51764E-03,  1.03842E-03,  7.03374E-04
 4.86956E-04,  3.22301E-04,  4.24459E-04,  4.24459E-04,  2.66342E-04
 2.66342E-04,  2.66342E-04,  2.66342E-04,  2.66342E-04,  2.66342E-04
 2.23697E+00,  5.76706E-01,  2.86667E-01,  8.05952E-02,  2.83125E-02
 1.36007E-02,  8.59799E-03,  6.24135E-03,  3.98623E-03,  2.51714E-03
 1.59615E-03,  1.04009E-03,  7.27810E-04,  5.03272E-04,  3.03209E-04
 4.05617E-04,  4.05617E-04,  2.63348E-04,  2.63348E-04,  2.63348E-04
 2.63348E-04,  2.63348E-04,  2.63348E-04,  2.03631E+00,  4.89364E-01
 2.26991E-01,  7.91167E-02,  2.87453E-02,  1.37609E-02,  8.13764E-03
 5.41038E-03,  3.88087E-03,  2.48044E-03,  1.59513E-03,  1.06512E-03
 7.18264E-04,  4.85814E-04,  2.81069E-04,  3.78588E-04,  3.78588E-04
 2.63874E-04,  2.63874E-04,  2.63874E-04,  2.63874E-04,  2.63874E-04
 2.63874E-04,  2.44475E+00,  5.89377E-01,  2.13128E-01,  8.27602E-02
 3.13153E-02,  1.56098E-02,  8.45908E-03,  5.03609E-03,  3.42238E-03
 2.40343E-03,  1.57544E-03,  1.10768E-03,  7.41374E-04,  4.49622E-04
 2.57073E-04,  3.42785E-04,  3.42785E-04,  2.60020E-04,  2.60020E-04
 2.60020E-04,  2.60020E-04,  2.60020E-04,  2.60020E-04,  1.50387E+00
 6.47955E-01,  3.38485E-01,  9.63530E-02,  3.90081E-02,  1.84975E-02
 1.02763E-02,  6.11962E-03,  3.74735E-03,  2.44466E-03,  1.70494E-03
 1.08477E-03,  7.03266E-04,  4.13168E-04,  2.36603E-04,  3.04878E-04
 3.04878E-04,  2.49693E-04,  2.49693E-04,  2.49693E-04,  2.49693E-04
 2.49693E-04,  2.49693E-04,  1.62598E+00,  7.61409E-01,  3.85902E-01
 1.46063E-01,  5.14644E-02,  2.35393E-02,  1.29205E-02,  6.73462E-03
 3.90406E-03,  2.46359E-03,  1.51557E-03,  1.02125E-03,  6.47359E-04
 3.75436E-04,  2.20404E-04,  3.00126E-04,  3.00126E-04,  2.31219E-04
 2.31219E-04,  2.31219E-04,  2.31219E-04,  2.31219E-04,  2.31219E-04
 2.42596E+00,  6.69663E-01,  3.57161E-01,  1.50410E-01,  5.77616E-02
 2.69274E-02,  1.49877E-02,  7.59191E-03,  3.84330E-03,  2.19706E-03
 1.47595E-03,  9.41893E-04,  5.74521E-04,  3.39774E-04,  2.09391E-04
 3.06640E-04,  3.06640E-04,  2.14744E-04,  2.14744E-04,  2.14744E-04
 2.14744E-04,  2.14744E-04,  2.14744E-04,  1.93549E+00,  9.20412E-01
 3.41837E-01,  1.22117E-01,  5.22814E-02,  2.60188E-02,  1.46933E-02
 7.77433E-03,  3.96449E-03,  2.19182E-03,  1.35889E-03,  8.59675E-04
 5.21852E-04,  3.17132E-04,  1.99295E-04,  2.97679E-04,  2.97679E-04
 2.04972E-04,  2.04972E-04,  2.04972E-04,  2.04972E-04,  2.04972E-04
 2.04972E-04,  2.81489E+00,  5.97931E-01,  2.23141E-01,  1.05265E-01
 4.21210E-02,  2.04873E-02,  1.19937E-02,  6.71901E-03,  3.72844E-03
 2.15719E-03,  1.22956E-03,  7.63897E-04,  4.82774E-04,  2.96911E-04
 1.88356E-04,  2.79348E-04,  2.79348E-04,  2.04140E-04,  2.04140E-04
 2.04140E-04,  2.04140E-04,  2.04140E-04,  2.04140E-04,  3.21804E+00
 4.73838E-01,  3.27314E-01,  9.90547E-02,  3.44971E-02,  1.47855E-02
 7.38035E-03,  4.51535E-03,  3.04672E-03,  1.86352E-03,  1.10096E-03
 6.87646E-04,  4.37059E-04,  2.76054E-04,  1.80977E-04,  2.63976E-04
 2.63976E-04,  2.06333E-04,  2.06333E-04,  2.06333E-04,  2.06333E-04
 2.06333E-04,  2.06333E-04,  7.35989E+00,  1.84306E+00,  3.67597E-01
 9.78737E-02,  3.21633E-02,  1.33209E-02,  6.45028E-03,  3.56883E-03
 2.19328E-03,  1.55611E-03,  9.38767E-04,  6.11554E-04,  4.01448E-04
 2.64084E-04,  1.78868E-04,  2.55100E-04,  2.55100E-04,  2.05194E-04
 2.05194E-04,  2.05194E-04,  2.05194E-04,  2.05194E-04,  2.05194E-04
 3.68345E+00,  2.54179E+00,  4.89115E-01,  1.10136E-01,  3.07669E-02
 1.17796E-02,  5.88555E-03,  3.48916E-03,  2.19633E-03,  1.29564E-03
 9.36367E-04,  5.57730E-04,  3.88954E-04,  2.59936E-04,  1.79985E-04
 2.48125E-04,  2.48125E-04,  2.04646E-04,  2.04646E-04,  2.04646E-04
 2.04646E-04,  2.04646E-04,  2.04646E-04,  8.44048E+00,  2.61597E+00
 5.36672E-01,  1.38453E-01,  3.56292E-02,  1.15296E-02,  5.49043E-03
 3.25817E-03,  2.02360E-03,  1.33046E-03,  8.36537E-04,  5.84202E-04
 3.78900E-04,  2.59421E-04,  1.83436E-04,  2.42685E-04,  2.42685E-04
 2.00693E-04,  2.00693E-04,  2.00693E-04,  2.00693E-04,  2.00693E-04
 2.00693E-04,  8.33090E+00,  2.70254E+00,  6.54757E-01,  1.41292E-01
 4.25398E-02,  1.24849E-02,  5.20372E-03,  3.04146E-03,  1.91481E-03
 1.20320E-03,  8.09786E-04,  5.60097E-04,  3.85068E-04,  2.61226E-04
 1.87571E-04,  2.39811E-04,  2.39811E-04,  1.94454E-04,  1.94454E-04
 1.94454E-04,  1.94454E-04,  1.94454E-04,  1.94454E-04,  9.02699E+00
 3.16581E+00,  7.45179E-01,  1.18342E-01,  4.22189E-02,  1.31832E-02
 4.85565E-03,  2.76477E-03,  1.75478E-03,  1.10150E-03,  7.56280E-04
 5.36048E-04,  3.77426E-04,  2.64644E-04,  1.88781E-04,  2.31764E-04
 2.31764E-04,  1.91447E-04,  1.91447E-04,  1.91447E-04,  1.91447E-04
 1.91447E-04,  1.91447E-04,  8.39394E+00,  3.39814E+00,  5.23521E-01
 7.89702E-02,  3.59112E-02,  1.32368E-02,  4.51610E-03,  2.51181E-03
 1.56624E-03,  1.02011E-03,  7.03997E-04,  5.03495E-04,  3.57364E-04
 2.53392E-04,  1.82115E-04,  2.19758E-04,  2.19758E-04,  1.85804E-04
 1.85804E-04,  1.85804E-04,  1.85804E-04,  1.85804E-04,  1.85804E-04
 1.01431E+01,  1.79558E+00,  5.96956E-01,  5.47222E-02,  2.84148E-02
 1.24003E-02,  4.29133E-03,  2.23670E-03,  1.40652E-03,  9.56600E-04
 6.64470E-04,  4.76650E-04,  3.35259E-04,  2.37447E-04,  1.73816E-04
 2.08769E-04,  2.08769E-04,  1.81952E-04,  1.81952E-04,  1.81952E-04
 1.81952E-04,  1.81952E-04,  1.81952E-04,  9.58302E+00,  2.76920E+00
 3.83887E-01,  5.08149E-02,  2.30441E-02,  1.07987E-02,  4.16175E-03
 1.99757E-03,  1.30314E-03,  8.85546E-04,  6.34045E-04,  4.49193E-04
 3.15621E-04,  2.22503E-04,  1.63540E-04,  1.96123E-04,  1.96123E-04
 1.77920E-04,  1.77920E-04,  1.77920E-04,  1.77920E-04,  1.77920E-04
 1.77920E-04,  7.18519E+00,  2.63257E+00,  3.44449E-01,  5.33409E-02
 2.05418E-02,  8.83670E-03,  3.89072E-03,  2.08056E-03,  1.12444E-03
 8.34317E-04,  5.86944E-04,  4.20782E-04,  2.90394E-04,  2.05942E-04
 1.51158E-04,  1.84267E-04,  1.84267E-04,  1.74321E-04,  1.74321E-04
 1.74321E-04,  1.74321E-04,  1.74321E-04,  1.74321E-04,  9.05885E+00
 2.96303E+00,  3.06906E-01,  6.08621E-02,  1.85248E-02,  7.83362E-03
 3.61217E-03,  1.97164E-03,  1.16064E-03,  6.97136E-04,  5.53874E-04
 3.77259E-04,  2.64085E-04,  1.87900E-04,  1.37519E-04,  1.70355E-04
 1.70355E-04,  1.70741E-04,  1.70741E-04,  1.70741E-04,  1.70741E-04
 1.70741E-04,  1.70741E-04,  5.14531E+00,  2.85954E+00,  2.87548E-01
 5.72096E-02,  1.65889E-02,  7.13636E-03,  3.49382E-03,  1.78630E-03
 1.08133E-03,  6.59989E-04,  4.73548E-04,  3.37436E-04,  2.41605E-04
 1.69609E-04,  1.25390E-04,  1.55989E-04,  1.55989E-04,  1.67540E-04
 1.67540E-04,  1.67540E-04,  1.67540E-04,  1.67540E-04,  1.67540E-04
 6.02896E+00,  1.74667E+00,  2.15920E-01,  4.11165E-02,  1.38240E-02
 6.75821E-03,  3.43159E-03,  1.77979E-03,  9.47204E-04,  6.24421E-04
 4.08771E-04,  3.08626E-04,  2.14263E-04,  1.53339E-04,  1.13673E-04
 1.43113E-04,  1.43113E-04,  1.66234E-04,  1.66234E-04,  1.66234E-04
 1.66234E-04,  1.66234E-04,  1.66234E-04,  2.09227E+00,  1.72594E+00
 1.39006E-01,  2.30533E-02,  1.13081E-02,  6.16731E-03,  3.33389E-03
 1.71325E-03,  9.27439E-04,  5.44554E-04,  3.75394E-04,  2.72962E-04
 1.88714E-04,  1.36355E-04,  1.00506E-04,  1.29796E-04,  1.29796E-04
 1.64510E-04,  1.64510E-04,  1.64510E-04,  1.64510E-04,  1.64510E-04
 1.64510E-04,  4.82024E+00,  1.03582E+00,  6.15008E-02,  1.78726E-02
 9.13907E-03,  5.29285E-03,  3.09498E-03,  1.73332E-03,  8.72502E-04
 5.12368E-04,  3.45971E-04,  2.46361E-04,  1.72819E-04,  1.21581E-04
 9.00772E-05,  1.17810E-04,  1.17810E-04,  1.63433E-04,  1.63433E-04
 1.63433E-04,  1.63433E-04,  1.63433E-04,  1.63433E-04,  7.52973E-01
 7.98657E-02,  5.21553E-02,  2.03330E-02,  7.94678E-03,  4.41332E-03
 2.92975E-03,  1.68704E-03,  9.23396E-04,  4.89271E-04,  3.29898E-04
 2.46937E-04,  1.67285E-04,  1.19541E-04,  9.02392E-05,  1.25257E-04
 1.25257E-04,  1.98087E-04,  1.98087E-04,  1.98087E-04,  1.98087E-04
 1.98087E-04,  1.98087E-04,  6.35167E-01,  1.71439E-01,  6.83302E-02
 2.89192E-02,  1.41352E-02,  9.07851E-03,  7.07630E-03,  5.22504E-03
 3.23219E-03,  1.78358E-03,  1.10732E-03,  1.00190E-03,  1.04943E-03
 1.14047E-03,  1.16490E-03,  1.51107E-03,  1.51107E-03,  2.00801E-03
 2.00801E-03,  2.00801E-03,  2.00801E-03,  2.00801E-03,  2.00801E-03
 6.35167E-01,  1.71439E-01,  6.83302E-02,  2.89192E-02,  1.41352E-02
 9.07851E-03,  7.07630E-03,  5.22504E-03,  3.23219E-03,  1.78358E-03
 1.10732E-03,  1.00190E-03,  1.04943E-03,  1.14047E-03,  1.16490E-03
 1.51107E-03,  1.51107E-03,  2.00801E-03,  2.00801E-03,  2.00801E-03
 2.00801E-03,  2.00801E-03,  2.00801E-03,  2.00238E-02,  2.09353E-02
 2.02104E-02,  1.65234E-02,  1.31452E-02,  1.07244E-02,  9.14044E-03
 7.95261E-03,  6.79518E-03,  5.59101E-03,  4.52165E-03,  3.67560E-03
 3.02105E-03,  2.52392E-03,  2.15041E-03,  4.83229E-03,  4.83229E-03
 7.54526E-03,  7.54526E-03,  7.54526E-03,  7.54526E-03,  7.54526E-03
 7.54526E-03,  2.00238E-02,  2.09353E-02,  2.02104E-02,  1.65234E-02
 1.31452E-02,  1.07244E-02,  9.14044E-03,  7.95261E-03,  6.79518E-03
 5.59101E-03,  4.52165E-03,  3.67560E-03,  3.02105E-03,  2.52392E-03
 2.15041E-03,  4.83229E-03,  4.83229E-03,  7.54526E-03,  7.54526E-03
 7.54526E-03,  7.54526E-03,  7.54526E-03,  7.54526E-03,  2.00238E-02
 2.09353E-02,  2.02104E-02,  1.65234E-02,  1.31452E-02,  1.07244E-02
 9.14044E-03,  7.95261E-03,  6.79518E-03,  5.59101E-03,  4.52165E-03
 3.67560E-03,  3.02105E-03,  2.52392E-03,  2.15041E-03,  4.83229E-03
 4.83229E-03,  7.54526E-03,  7.54526E-03,  7.54526E-03,  7.54526E-03
 7.54526E-03,  7.54526E-03,  2.00238E-02,  2.09353E-02,  2.02104E-02
 1.65234E-02,  1.31452E-02,  1.07244E-02,  9.14044E-03,  7.95261E-03
 6.79518E-03,  5.59101E-03,  4.52165E-03,  3.67560E-03,  3.02105E-03
 2.52392E-03,  2.15041E-03,  4.83229E-03,  4.83229E-03,  7.54526E-03
 7.54526E-03,  7.54526E-03,  7.54526E-03,  7.54526E-03,  7.54526E-03
 2.00238E-02,  2.09353E-02,  2.02104E-02,  1.65234E-02,  1.31452E-02
 1.07244E-02,  9.14044E-03,  7.95261E-03,  6.79518E-03,  5.59101E-03
 4.52165E-03,  3.67560E-03,  3.02105E-03,  2.52392E-03,  2.15041E-03
 4.83229E-03,  4.83229E-03,  7.54526E-03,  7.54526E-03,  7.54526E-03
 7.54526E-03,  7.54526E-03,  7.54526E-03,  2.00238E-02,  2.09353E-02
 2.02104E-02,  1.65234E-02,  1.31452E-02,  1.07244E-02,  9.14044E-03
 7.95261E-03,  6.79518E-03,  5.59101E-03,  4.52165E-03,  3.67560E-03
 3.02105E-03,  2.52392E-03,  2.15041E-03,  4.83229E-03,  4.83229E-03
 7.54526E-03,  7.54526E-03,  7.54526E-03,  7.54526E-03,  7.54526E-03
 7.54526E-03

