Advanced Geosciences Inc. (AGI) Sting/SuperSting measured data (*.stg)   Type: XYZ
A trimmed data set by AGI EarthImager 2D. Version: 2.4.4 (Build 649). Records: 879
Raw data file: C:\Users\Tom\Desktop\CarvinsCove\20260528\20260528\trial4\20260528_trial4.stg

Number of Data = 879
Number of Electrodes = 64
Number of Surface Electrodes = 64
Number of IP Data = 0

Processing starts at 2026-05-28 13:53:00

;------ SETTINGS ------

Minimum Voltage (mv) = 0.2
Minimum V/I (ohm) = 0.0005
Minimum apparent resistivity (ohm-m)  = 1
Maximum apparent resistivity (ohm-m)  = 10000
Maximum repeat error (%)  = 3
Maximum reciprocal error (%)  = 5
Remove negative apparent resistivity in ERT data: Yes
Keep All Data (no data removal): No
Inversion Method:  Smooth model inversion
Vertical axis:  Positive Upward
Y Coordinate =  Depth
Min electrode spacing X (m)  = 0.003
Min electrode spacing Z (m)  = 0.003
Forward Modeling Method:  Finite element method
Forward system solver:  Cholesky decomposition method
Boundary condition type:  Dirichlet
Number cells or elements betwenn two electrodes = 2
Lower-layer-thickness / Upper-layer-thickness =  1.1
Depth of Inverted Model / Depth of Pseudosection =  1.1
Max number of iteration of nonlinear inversion = 8
Stop RMS error = 3%
Mininum error reduction between two iterations = 5%
Stop at Max number of iterations: Yes
Stop when RMS is small enough: Yes
Stop when RMS can not be reduced: Yes
Res Data reweighting: No
Use Reciprocal Error: No
Stop when L2 norm is small enough: No
Initial smoothness factor = 10
Roughness conditioner = 0.2
Starting model: Avg AppRes.
Start halfspace resistivity = 405.29 ohm-m
Minimum resistivity =        1.0 ohm-m
Maximum resistivity =   100000.0 ohm-m
Number of elements combined horizontally = 1
Number of elements combined verically = 1
Vertical / Horizontal roughness ratio = 0.5
Estimated noise of resistivity data  = 3%
Initial damping factor of resistivity = 10
Starting iteration of quasi Newton method = 20
IP inversion method: No IP Inversion

;------ ELECTRODE LOCATIONS ------

Electrode         X            Y
     0,         0.000,        0.000
     1,         2.001,        0.000
     2,         3.999,        0.000
     3,         6.000,        0.000
     4,         8.001,        0.000
     5,         9.999,        0.000
     6,        12.000,        0.000
     7,        14.001,        0.000
     8,        15.999,        0.000
     9,        18.000,        0.000
     10,        20.001,        0.000
     11,        21.999,        0.000
     12,        24.000,        0.000
     13,        26.001,        0.000
     14,        27.999,        0.000
     15,        30.000,        0.000
     16,        32.001,        0.000
     17,        33.999,        0.000
     18,        36.000,        0.000
     19,        38.001,        0.000
     20,        39.999,        0.000
     21,        42.000,        0.000
     22,        44.001,        0.000
     23,        45.999,        0.000
     24,        48.000,        0.000
     25,        50.001,        0.000
     26,        51.999,        0.000
     27,        54.000,        0.000
     28,        56.001,        0.000
     29,        57.999,        0.000
     30,        60.000,        0.000
     31,        62.001,        0.000
     32,        63.999,        0.000
     33,        66.000,        0.000
     34,        68.001,        0.000
     35,        69.999,        0.000
     36,        72.000,        0.000
     37,        74.001,        0.000
     38,        75.999,        0.000
     39,        78.000,        0.000
     40,        80.001,        0.000
     41,        81.999,        0.000
     42,        84.000,        0.000
     43,        86.001,        0.000
     44,        87.999,        0.000
     45,        90.000,        0.000
     46,        92.001,        0.000
     47,        93.999,        0.000
     48,        96.000,        0.000
     49,        98.001,        0.000
     50,        99.999,        0.000
     51,       102.000,        0.000
     52,       104.001,        0.000
     53,       105.999,        0.000
     54,       108.000,        0.000
     55,       110.001,        0.000
     56,       111.999,        0.000
     57,       114.000,        0.000
     58,       116.001,        0.000
     59,       117.999,        0.000
     60,       120.000,        0.000
     61,       122.001,        0.000
     62,       123.999,        0.000
     63,       126.000,        0.000


;------ Commands, Raw V/I, GeomFactor, AppRes ------

DataID   A   B   M   N       V/I           K           App-Res
  1,     62,  63,  61,  60,   2.07243E+01,   3.76144E+01,   7.79532E+02
  2,     62,  63,  59,  58,   2.56875E+00,   3.77119E+02,   9.68723E+02
  3,     62,  63,  58,  57,   1.24840E+00,   7.52965E+02,   9.40002E+02
  4,     62,  63,  57,  56,   9.38865E-02,   1.31811E+03,   1.23753E+02
  5,     62,  63,  55,  54,   1.51760E-01,   3.16291E+03,   4.80003E+02
  6,     62,  63,  54,  53,   9.01102E-02,   4.51932E+03,   4.07236E+02
  7,     61,  62,  60,  59,   2.51083E+01,   3.77416E+01,   9.47626E+02
  8,     61,  62,  59,  58,   6.05705E+00,   1.51136E+02,   9.15440E+02
  9,     61,  62,  58,  57,   2.62075E+00,   3.77119E+02,   9.88334E+02
  10,     61,  62,  57,  56,   1.10857E+00,   7.54492E+02,   8.36407E+02
  11,     61,  62,  54,  53,   1.39745E-01,   3.16864E+03,   4.42801E+02
  12,     61,  62,  53,  52,   8.66431E-02,   4.53307E+03,   3.92759E+02
  13,     61,  62,  56,  55,   3.66935E-02,   1.32219E+03,   4.85157E+01
  14,     61,  63,  53,  51,   2.42305E-01,   1.50898E+03,   3.65634E+02
  15,     61,  63,  51,  49,   1.08723E-01,   2.64030E+03,   2.87061E+02
  16,     61,  63,  49,  47,   6.45944E-02,   4.22145E+03,   2.72682E+02
  17,     61,  63,  47,  45,   3.79840E-02,   6.33727E+03,   2.40715E+02
  18,     61,  63,  45,  43,   2.77012E-02,   9.05237E+03,   2.50761E+02
  19,     60,  61,  59,  58,   2.10235E+01,   3.77416E+01,   7.93460E+02
  20,     60,  61,  58,  57,   5.51175E+00,   1.50627E+02,   8.30218E+02
  21,     60,  61,  57,  56,   2.10442E+00,   3.76737E+02,   7.92812E+02
  22,     60,  61,  56,  55,   8.42778E-01,   7.54492E+02,   6.35869E+02
  23,     60,  61,  53,  52,   1.23720E-01,   3.16864E+03,   3.92024E+02
  24,     60,  61,  52,  51,   8.03241E-02,   4.51932E+03,   3.63010E+02
  25,     60,  62,  52,  50,   2.18757E-01,   1.50746E+03,   3.29767E+02
  26,     60,  62,  50,  48,   1.03491E-01,   2.64030E+03,   2.73247E+02
  27,     60,  62,  48,  46,   5.92737E-02,   4.22400E+03,   2.50372E+02
  28,     60,  62,  46,  44,   3.80062E-02,   6.33154E+03,   2.40638E+02
  29,     60,  62,  44,  42,   2.69831E-02,   9.05237E+03,   2.44261E+02
  30,     60,  63,  42,  39,   4.16334E-02,   6.33345E+03,   2.63683E+02
  31,     60,  63,  39,  36,   3.13011E-02,   9.50018E+03,   2.97366E+02
  32,     60,  63,  36,  33,   2.56430E-02,   1.35717E+04,   3.48019E+02
  33,     59,  60,  58,  57,   2.12077E+01,   3.76144E+01,   7.97714E+02
  34,     59,  60,  57,  56,   5.34089E+00,   1.50627E+02,   8.04482E+02
  35,     59,  60,  56,  55,   1.90316E+00,   3.77119E+02,   7.17717E+02
  36,     59,  60,  55,  54,   7.61439E-01,   7.52965E+02,   5.73337E+02
  37,     59,  60,  52,  51,   1.40548E-01,   3.16291E+03,   4.44541E+02
  38,     59,  60,  51,  50,   7.82689E-02,   4.51932E+03,   3.53722E+02
  39,     59,  61,  51,  49,   2.08930E-01,   1.50746E+03,   3.14953E+02
  40,     59,  61,  49,  47,   1.10353E-01,   2.63623E+03,   2.90915E+02
  41,     59,  61,  47,  45,   5.87669E-02,   4.22145E+03,   2.48082E+02
  42,     59,  61,  45,  43,   4.03443E-02,   6.33154E+03,   2.55442E+02
  43,     59,  61,  43,  41,   2.84742E-02,   9.03863E+03,   2.57368E+02
  44,     59,  62,  41,  38,   4.56410E-02,   6.33345E+03,   2.89065E+02
  45,     59,  62,  38,  35,   3.47810E-02,   9.50018E+03,   3.30426E+02
  46,     59,  62,  35,  32,   2.67499E-02,   1.35717E+04,   3.63041E+02
  47,     59,  63,  35,  31,   4.41874E-02,   8.44545E+03,   3.73182E+02
  48,     59,  63,  31,  27,   2.76329E-02,   1.26631E+04,   3.49918E+02
  49,     59,  63,  27,  23,   2.43151E-02,   1.80910E+04,   4.39884E+02
  50,     58,  59,  57,  56,   2.33259E+01,   3.77416E+01,   8.80356E+02
  51,     58,  59,  56,  55,   4.91551E+00,   1.51136E+02,   7.42912E+02
  52,     58,  59,  55,  54,   1.71542E+00,   3.77119E+02,   6.46917E+02
  53,     58,  59,  54,  53,   7.63683E-01,   7.54492E+02,   5.76193E+02
  54,     58,  59,  51,  50,   1.34355E-01,   3.16864E+03,   4.25722E+02
  55,     58,  59,  50,  49,   8.57191E-02,   4.53307E+03,   3.88571E+02
  56,     58,  59,  53,  52,   2.89493E-02,   1.32219E+03,   3.82764E+01
  57,     58,  60,  50,  48,   2.31722E-01,   1.50898E+03,   3.49665E+02
  58,     58,  60,  48,  46,   1.18091E-01,   2.64030E+03,   3.11795E+02
  59,     58,  60,  46,  44,   6.76859E-02,   4.22145E+03,   2.85733E+02
  60,     58,  60,  44,  42,   4.56516E-02,   6.33727E+03,   2.89306E+02
  61,     58,  60,  42,  40,   3.30751E-02,   9.05237E+03,   2.99408E+02
  62,     58,  61,  40,  37,   5.05039E-02,   6.33345E+03,   3.19864E+02
  63,     58,  61,  37,  34,   3.83803E-02,   9.50018E+03,   3.64620E+02
  64,     58,  61,  34,  31,   2.78508E-02,   1.35717E+04,   3.77982E+02
  65,     58,  62,  34,  30,   4.45802E-02,   8.44545E+03,   3.76500E+02
  66,     58,  62,  30,  26,   2.72002E-02,   1.26688E+04,   3.44594E+02
  67,     58,  62,  26,  22,   2.78031E-02,   1.81047E+04,   5.03368E+02
  68,     58,  63,  23,  18,   3.00666E-02,   1.58374E+04,   4.76178E+02
  69,     58,  63,  18,  13,   2.17111E-02,   2.26240E+04,   4.91193E+02
  70,     57,  58,  56,  55,   2.51867E+01,   3.77416E+01,   9.50585E+02
  71,     57,  58,  55,  54,   4.91285E+00,   1.50627E+02,   7.40007E+02
  72,     57,  58,  54,  53,   1.79343E+00,   3.76737E+02,   6.75651E+02
  73,     57,  58,  53,  52,   8.39700E-01,   7.54492E+02,   6.33547E+02
  74,     57,  58,  52,  51,   1.49670E-01,   1.31811E+03,   1.97282E+02
  75,     57,  58,  50,  49,   1.47258E-01,   3.16864E+03,   4.66607E+02
  76,     57,  58,  49,  48,   9.33280E-02,   4.51932E+03,   4.21779E+02
  77,     57,  59,  49,  47,   2.58679E-01,   1.50746E+03,   3.89947E+02
  78,     57,  59,  47,  45,   1.22031E-01,   2.64030E+03,   3.22198E+02
  79,     57,  59,  45,  43,   7.54422E-02,   4.22400E+03,   3.18668E+02
  80,     57,  59,  43,  41,   5.03819E-02,   6.33154E+03,   3.18995E+02
  81,     57,  59,  41,  39,   3.87900E-02,   9.05237E+03,   3.51141E+02
  82,     57,  60,  39,  36,   5.76154E-02,   6.33345E+03,   3.64904E+02
  83,     57,  60,  36,  33,   4.36995E-02,   9.50018E+03,   4.15153E+02
  84,     57,  60,  33,  30,   3.19190E-02,   1.35717E+04,   4.33194E+02
  85,     57,  61,  33,  29,   4.86561E-02,   8.44290E+03,   4.10799E+02
  86,     57,  61,  29,  25,   3.01298E-02,   1.26688E+04,   3.81709E+02
  87,     57,  61,  25,  21,   2.91209E-02,   1.80910E+04,   5.26826E+02
  88,     57,  62,  22,  17,   3.00144E-02,   1.58317E+04,   4.75180E+02
  89,     57,  62,  17,  12,   2.13417E-02,   2.26240E+04,   4.82836E+02
  90,     57,  63,  15,  9,   2.58147E-02,   1.90004E+04,   4.90488E+02
  91,     57,  63,  9,  3,   1.98618E-02,   2.71434E+04,   5.39116E+02
  92,     56,  57,  54,  53,   5.35987E+00,   1.50627E+02,   8.07341E+02
  93,     56,  57,  53,  52,   2.08741E+00,   3.77119E+02,   7.87201E+02
  94,     56,  57,  52,  51,   1.02678E+00,   7.52965E+02,   7.73130E+02
  95,     56,  57,  51,  50,   1.87425E-01,   1.31811E+03,   2.47047E+02
  96,     56,  57,  49,  48,   1.72181E-01,   3.16291E+03,   5.44593E+02
  97,     56,  57,  48,  47,   1.17447E-01,   4.51932E+03,   5.30780E+02
  98,     56,  58,  48,  46,   2.90909E-01,   1.50746E+03,   4.38532E+02
  99,     56,  58,  46,  44,   1.47621E-01,   2.63623E+03,   3.89162E+02
  100,     56,  58,  44,  42,   8.99679E-02,   4.22145E+03,   3.79795E+02
  101,     56,  58,  42,  40,   6.19399E-02,   6.33154E+03,   3.92175E+02
  102,     56,  58,  40,  38,   4.74925E-02,   9.03863E+03,   4.29267E+02
  103,     56,  59,  38,  35,   6.89750E-02,   6.33345E+03,   4.36850E+02
  104,     56,  59,  35,  32,   4.92579E-02,   9.50018E+03,   4.67959E+02
  105,     56,  59,  32,  29,   3.40743E-02,   1.35717E+04,   4.62445E+02
  106,     56,  60,  32,  28,   5.22244E-02,   8.44545E+03,   4.41059E+02
  107,     56,  60,  28,  24,   3.38687E-02,   1.26631E+04,   4.28882E+02
  108,     56,  60,  24,  20,   3.23105E-02,   1.80910E+04,   5.84529E+02
  109,     56,  61,  21,  16,   3.19228E-02,   1.58317E+04,   5.05393E+02
  110,     56,  61,  16,  11,   2.16338E-02,   2.26103E+04,   4.89147E+02
  111,     56,  62,  14,  8,   2.66745E-02,   1.90004E+04,   5.06825E+02
  112,     56,  62,  8,  2,   2.14036E-02,   2.71434E+04,   5.80966E+02
  113,     55,  56,  53,  52,   5.72150E+00,   1.51136E+02,   8.64726E+02
  114,     55,  56,  52,  51,   2.31320E+00,   3.77119E+02,   8.72351E+02
  115,     55,  56,  51,  50,   9.68294E-01,   7.54492E+02,   7.30570E+02
  116,     55,  56,  50,  49,   1.86464E-01,   1.32219E+03,   2.46540E+02
  117,     55,  56,  48,  47,   1.88712E-01,   3.16864E+03,   5.97960E+02
  118,     55,  56,  47,  46,   1.03236E-01,   4.53307E+03,   4.67976E+02
  119,     55,  57,  47,  45,   2.96212E-01,   1.50898E+03,   4.46979E+02
  120,     55,  57,  45,  43,   1.63627E-01,   2.64030E+03,   4.32024E+02
  121,     55,  57,  43,  41,   1.00222E-01,   4.22145E+03,   4.23082E+02
  122,     55,  57,  41,  39,   7.38560E-02,   6.33727E+03,   4.68045E+02
  123,     55,  57,  39,  37,   5.39285E-02,   9.05237E+03,   4.88181E+02
  124,     55,  58,  37,  34,   8.00984E-02,   6.33345E+03,   5.07299E+02
  125,     55,  58,  34,  31,   5.42293E-02,   9.50018E+03,   5.15188E+02
  126,     55,  58,  31,  28,   3.46281E-02,   1.35717E+04,   4.69961E+02
  127,     55,  59,  31,  27,   5.20586E-02,   8.44545E+03,   4.39658E+02
  128,     55,  59,  27,  23,   4.13181E-02,   1.26688E+04,   5.23451E+02
  129,     55,  59,  23,  19,   3.06594E-02,   1.81047E+04,   5.55080E+02
  130,     55,  60,  20,  15,   3.37121E-02,   1.58374E+04,   5.33914E+02
  131,     55,  60,  15,  10,   2.32575E-02,   2.26240E+04,   5.26179E+02
  132,     55,  61,  13,  7,   2.79093E-02,   1.90004E+04,   5.30287E+02
  133,     55,  61,  7,  1,   2.16048E-02,   2.71434E+04,   5.86427E+02
  134,     54,  55,  52,  51,   6.07769E+00,   1.50627E+02,   9.15464E+02
  135,     54,  55,  51,  50,   2.01531E+00,   3.76737E+02,   7.59241E+02
  136,     54,  55,  50,  49,   9.22482E-01,   7.54492E+02,   6.96005E+02
  137,     54,  55,  49,  48,   2.93652E-01,   1.31811E+03,   3.87066E+02
  138,     54,  55,  48,  47,   4.42888E-01,   2.10945E+03,   9.34252E+02
  139,     54,  55,  47,  46,   1.43564E-01,   3.16864E+03,   4.54902E+02
  140,     54,  55,  46,  45,   9.80310E-02,   4.51932E+03,   4.43033E+02
  141,     54,  56,  46,  44,   2.89595E-01,   1.50746E+03,   4.36552E+02
  142,     54,  56,  44,  42,   1.62090E-01,   2.64030E+03,   4.27965E+02
  143,     54,  56,  42,  40,   1.02372E-01,   4.22400E+03,   4.32419E+02
  144,     54,  56,  40,  38,   7.43722E-02,   6.33154E+03,   4.70891E+02
  145,     54,  56,  38,  36,   5.26667E-02,   9.05237E+03,   4.76758E+02
  146,     54,  57,  36,  33,   8.48895E-02,   6.33345E+03,   5.37643E+02
  147,     54,  57,  33,  30,   5.70213E-02,   9.50018E+03,   5.41712E+02
  148,     54,  57,  30,  27,   3.24661E-02,   1.35717E+04,   4.40620E+02
  149,     54,  58,  30,  26,   5.09961E-02,   8.44290E+03,   4.30555E+02
  150,     54,  58,  26,  22,   4.73332E-02,   1.26688E+04,   5.99655E+02
  151,     54,  58,  22,  18,   2.71496E-02,   1.80910E+04,   4.91163E+02
  152,     54,  59,  19,  14,   3.33201E-02,   1.58317E+04,   5.27514E+02
  153,     54,  59,  14,  9,   2.30520E-02,   2.26240E+04,   5.21530E+02
  154,     54,  60,  12,  6,   2.80427E-02,   1.90004E+04,   5.32821E+02
  155,     54,  60,  6,  0,   2.28094E-02,   2.71434E+04,   6.19124E+02
  156,     53,  54,  51,  50,   5.95258E+00,   1.50627E+02,   8.96619E+02
  157,     53,  54,  50,  49,   2.26191E+00,   3.77119E+02,   8.53008E+02
  158,     53,  54,  49,  48,   9.77684E-01,   7.52965E+02,   7.36162E+02
  159,     53,  54,  48,  47,   3.24570E-01,   1.31811E+03,   4.27820E+02
  160,     53,  54,  47,  46,   4.23618E-01,   2.11200E+03,   8.94681E+02
  161,     53,  54,  46,  45,   1.53060E-01,   3.16291E+03,   4.84115E+02
  162,     53,  54,  45,  44,   9.56131E-02,   4.51932E+03,   4.32106E+02
  163,     53,  55,  45,  43,   2.82887E-01,   1.50746E+03,   4.26440E+02
  164,     53,  55,  43,  41,   1.58797E-01,   2.63623E+03,   4.18625E+02
  165,     53,  55,  41,  39,   1.07999E-01,   4.22145E+03,   4.55913E+02
  166,     53,  55,  39,  37,   7.42793E-02,   6.33154E+03,   4.70303E+02
  167,     53,  55,  37,  35,   5.51055E-02,   9.03863E+03,   4.98078E+02
  168,     53,  56,  35,  32,   8.47283E-02,   6.33345E+03,   5.36623E+02
  169,     53,  56,  32,  29,   5.42794E-02,   9.50018E+03,   5.15664E+02
  170,     53,  56,  29,  26,   3.04051E-02,   1.35717E+04,   4.12648E+02
  171,     53,  57,  29,  25,   5.27314E-02,   8.44545E+03,   4.45340E+02
  172,     53,  57,  25,  21,   4.60293E-02,   1.26631E+04,   5.82873E+02
  173,     53,  57,  21,  17,   2.79294E-02,   1.80910E+04,   5.05271E+02
  174,     53,  58,  18,  13,   3.38499E-02,   1.58317E+04,   5.35902E+02
  175,     53,  58,  13,  8,   2.26353E-02,   2.26103E+04,   5.11791E+02
  176,     53,  59,  11,  5,   2.78493E-02,   1.90004E+04,   5.29147E+02
  177,     52,  53,  50,  49,   6.10244E+00,   1.51136E+02,   9.22300E+02
  178,     52,  53,  49,  48,   2.13197E+00,   3.77119E+02,   8.04006E+02
  179,     52,  53,  48,  47,   9.54436E-01,   7.54492E+02,   7.20114E+02
  180,     52,  53,  47,  46,   2.45200E-01,   1.32219E+03,   3.24200E+02
  181,     52,  53,  46,  45,   3.76698E-01,   2.11200E+03,   7.95586E+02
  182,     52,  53,  45,  44,   1.33233E-01,   3.16864E+03,   4.22167E+02
  183,     52,  53,  44,  43,   9.42898E-02,   4.53307E+03,   4.27422E+02
  184,     52,  54,  44,  42,   2.82526E-01,   1.50898E+03,   4.26327E+02
  185,     52,  54,  42,  40,   1.63757E-01,   2.64030E+03,   4.32367E+02
  186,     52,  54,  40,  38,   1.10012E-01,   4.22145E+03,   4.64410E+02
  187,     52,  54,  38,  36,   7.46303E-02,   6.33727E+03,   4.72952E+02
  188,     52,  54,  36,  34,   5.90355E-02,   9.05237E+03,   5.34411E+02
  189,     52,  55,  34,  31,   8.03295E-02,   6.33345E+03,   5.08763E+02
  190,     52,  55,  31,  28,   4.74987E-02,   9.50018E+03,   4.51246E+02
  191,     52,  55,  28,  25,   3.07734E-02,   1.35717E+04,   4.17647E+02
  192,     52,  56,  28,  24,   5.14108E-02,   8.44545E+03,   4.34187E+02
  193,     52,  56,  24,  20,   4.45487E-02,   1.26688E+04,   5.64379E+02
  194,     52,  56,  20,  16,   2.74163E-02,   1.81047E+04,   4.96365E+02
  195,     52,  57,  17,  12,   3.06639E-02,   1.58374E+04,   4.85638E+02
  196,     52,  57,  12,  7,   2.23371E-02,   2.26240E+04,   5.05356E+02
  197,     52,  58,  10,  4,   2.72825E-02,   1.90004E+04,   5.18377E+02
  198,     51,  52,  49,  48,   6.03535E+00,   1.50627E+02,   9.09086E+02
  199,     51,  52,  48,  47,   2.22474E+00,   3.76737E+02,   8.38141E+02
  200,     51,  52,  47,  46,   7.89918E-01,   7.54492E+02,   5.95987E+02
  201,     51,  52,  46,  45,   2.48124E-01,   1.31811E+03,   3.27055E+02
  202,     51,  52,  45,  44,   3.35292E-01,   2.10945E+03,   7.07283E+02
  203,     51,  52,  44,  43,   1.32921E-01,   3.16864E+03,   4.21178E+02
  204,     51,  52,  43,  42,   8.68220E-02,   4.51932E+03,   3.92376E+02
  205,     51,  53,  43,  41,   2.64123E-01,   1.50746E+03,   3.98154E+02
  206,     51,  53,  41,  39,   1.65569E-01,   2.64030E+03,   4.37151E+02
  207,     51,  53,  39,  37,   1.07036E-01,   4.22400E+03,   4.52120E+02
  208,     51,  53,  37,  35,   7.59017E-02,   6.33154E+03,   4.80575E+02
  209,     51,  53,  35,  33,   5.40453E-02,   9.05237E+03,   4.89238E+02
  210,     51,  54,  33,  30,   8.10408E-02,   6.33345E+03,   5.13268E+02
  211,     51,  54,  30,  27,   4.27062E-02,   9.50018E+03,   4.05716E+02
  212,     51,  54,  27,  24,   3.14016E-02,   1.35717E+04,   4.26172E+02
  213,     51,  55,  27,  23,   5.61689E-02,   8.44290E+03,   4.74229E+02
  214,     51,  55,  23,  19,   3.83145E-02,   1.26688E+04,   4.85399E+02
  215,     51,  55,  19,  15,   2.56840E-02,   1.80910E+04,   4.64649E+02
  216,     51,  56,  16,  11,   2.82814E-02,   1.58317E+04,   4.47743E+02
  217,     51,  56,  11,  6,   2.13449E-02,   2.26240E+04,   4.82908E+02
  218,     51,  57,  9,  3,   2.72835E-02,   1.90004E+04,   5.18396E+02
  219,     50,  51,  49,  48,   2.60792E+01,   3.76144E+01,   9.80953E+02
  220,     50,  51,  48,  47,   5.43997E+00,   1.50627E+02,   8.19406E+02
  221,     50,  51,  47,  46,   1.55118E+00,   3.77119E+02,   5.84979E+02
  222,     50,  51,  46,  45,   6.28012E-01,   7.52965E+02,   4.72871E+02
  223,     50,  51,  45,  44,   2.03822E-01,   1.31811E+03,   2.68660E+02
  224,     50,  51,  44,  43,   2.36711E-01,   2.11200E+03,   4.99934E+02
  225,     50,  51,  43,  42,   1.01014E-01,   3.16291E+03,   3.19498E+02
  226,     50,  51,  42,  41,   7.10739E-02,   4.51932E+03,   3.21205E+02
  227,     50,  52,  42,  40,   2.37972E-01,   1.50746E+03,   3.58732E+02
  228,     50,  52,  40,  38,   1.50735E-01,   2.63623E+03,   3.97371E+02
  229,     50,  52,  38,  36,   9.68624E-02,   4.22145E+03,   4.08900E+02
  230,     50,  52,  36,  34,   7.46612E-02,   6.33154E+03,   4.72721E+02
  231,     50,  52,  34,  32,   4.77969E-02,   9.03863E+03,   4.32019E+02
  232,     50,  53,  32,  29,   7.03605E-02,   6.33345E+03,   4.45625E+02
  233,     50,  53,  29,  26,   3.70233E-02,   9.50018E+03,   3.51728E+02
  234,     50,  53,  26,  23,   3.44764E-02,   1.35717E+04,   4.67903E+02
  235,     50,  54,  26,  22,   5.95121E-02,   8.44545E+03,   5.02606E+02
  236,     50,  54,  22,  18,   3.17637E-02,   1.26631E+04,   4.02226E+02
  237,     50,  54,  18,  14,   2.44197E-02,   1.80910E+04,   4.41777E+02
  238,     50,  55,  15,  10,   2.69293E-02,   1.58317E+04,   4.26337E+02
  239,     50,  55,  10,  5,   1.95159E-02,   2.26103E+04,   4.41261E+02
  240,     50,  56,  8,  2,   2.63180E-02,   1.90004E+04,   5.00051E+02
  241,     49,  50,  47,  46,   6.07736E+00,   1.51136E+02,   9.18509E+02
  242,     49,  50,  46,  45,   1.93509E+00,   3.77119E+02,   7.29758E+02
  243,     49,  50,  45,  44,   6.86918E-01,   7.54492E+02,   5.18274E+02
  244,     49,  50,  44,  43,   2.31855E-01,   1.32219E+03,   3.06556E+02
  245,     49,  50,  43,  42,   2.85318E-01,   2.11200E+03,   6.02592E+02
  246,     49,  50,  42,  41,   1.19573E-01,   3.16864E+03,   3.78883E+02
  247,     49,  50,  41,  40,   8.72093E-02,   4.53307E+03,   3.95326E+02
  248,     49,  51,  41,  39,   2.50916E-01,   1.50898E+03,   3.78628E+02
  249,     49,  51,  39,  37,   1.50949E-01,   2.64030E+03,   3.98550E+02
  250,     49,  51,  37,  35,   9.97042E-02,   4.22145E+03,   4.20897E+02
  251,     49,  51,  35,  33,   6.79016E-02,   6.33727E+03,   4.30311E+02
  252,     49,  51,  33,  31,   4.91152E-02,   9.05237E+03,   4.44609E+02
  253,     49,  52,  31,  28,   6.06553E-02,   6.33345E+03,   3.84157E+02
  254,     49,  52,  28,  25,   3.72737E-02,   9.50018E+03,   3.54107E+02
  255,     49,  52,  25,  22,   3.47560E-02,   1.35717E+04,   4.71697E+02
  256,     49,  53,  25,  21,   5.53386E-02,   8.44545E+03,   4.67359E+02
  257,     49,  53,  21,  17,   3.16469E-02,   1.26688E+04,   4.00929E+02
  258,     49,  53,  17,  13,   2.13461E-02,   1.81047E+04,   3.86466E+02
  259,     49,  54,  14,  9,   2.57171E-02,   1.58374E+04,   4.07293E+02
  260,     49,  54,  9,  4,   1.88288E-02,   2.26240E+04,   4.25984E+02
  261,     49,  55,  7,  1,   2.46788E-02,   1.90004E+04,   4.68906E+02
  262,     48,  49,  45,  44,   1.83269E+00,   3.76737E+02,   6.90442E+02
  263,     48,  49,  44,  43,   6.79957E-01,   7.54492E+02,   5.13022E+02
  264,     48,  49,  43,  42,   1.85478E-01,   1.31811E+03,   2.44481E+02
  265,     48,  49,  42,  41,   3.07694E-01,   2.10945E+03,   6.49067E+02
  266,     48,  49,  41,  40,   1.19004E-01,   3.16864E+03,   3.77080E+02
  267,     48,  49,  40,  39,   8.97034E-02,   4.51932E+03,   4.05398E+02
  268,     48,  50,  40,  38,   2.70660E-01,   1.50746E+03,   4.08008E+02
  269,     48,  50,  38,  36,   1.57234E-01,   2.64030E+03,   4.15144E+02
  270,     48,  50,  36,  34,   1.12358E-01,   4.22400E+03,   4.74600E+02
  271,     48,  50,  34,  32,   6.80839E-02,   6.33154E+03,   4.31076E+02
  272,     48,  50,  32,  30,   4.72548E-02,   9.05237E+03,   4.27768E+02
  273,     48,  51,  30,  27,   5.29234E-02,   6.33345E+03,   3.35188E+02
  274,     48,  51,  27,  24,   3.74505E-02,   9.50018E+03,   3.55786E+02
  275,     48,  51,  24,  21,   3.42883E-02,   1.35717E+04,   4.65350E+02
  276,     48,  52,  24,  20,   5.42960E-02,   8.44290E+03,   4.58416E+02
  277,     48,  52,  20,  16,   3.08836E-02,   1.26688E+04,   3.91258E+02
  278,     48,  52,  16,  12,   1.97530E-02,   1.80910E+04,   3.57351E+02
  279,     48,  53,  13,  8,   2.42351E-02,   1.58317E+04,   3.83683E+02
  280,     48,  53,  8,  3,   1.85181E-02,   2.26240E+04,   4.18954E+02
  281,     48,  54,  6,  0,   2.43974E-02,   1.90004E+04,   4.63559E+02
  282,     47,  48,  44,  43,   2.09371E+00,   3.77119E+02,   7.89577E+02
  283,     47,  48,  43,  42,   7.79404E-01,   7.52965E+02,   5.86864E+02
  284,     47,  48,  42,  41,   1.91602E-01,   1.31811E+03,   2.52553E+02
  285,     47,  48,  41,  40,   3.78759E-01,   2.11200E+03,   7.99939E+02
  286,     47,  48,  40,  39,   1.48487E-01,   3.16291E+03,   4.69651E+02
  287,     47,  48,  39,  38,   9.99060E-02,   4.51932E+03,   4.51507E+02
  288,     47,  49,  39,  37,   2.88083E-01,   1.50746E+03,   4.34272E+02
  289,     47,  49,  37,  35,   1.73485E-01,   2.63623E+03,   4.57346E+02
  290,     47,  49,  35,  33,   1.09826E-01,   4.22145E+03,   4.63625E+02
  291,     47,  49,  33,  31,   7.46354E-02,   6.33154E+03,   4.72557E+02
  292,     47,  49,  31,  29,   4.36110E-02,   9.03863E+03,   3.94184E+02
  293,     47,  50,  29,  26,   5.13951E-02,   6.33345E+03,   3.25508E+02
  294,     47,  50,  26,  23,   4.50839E-02,   9.50018E+03,   4.28305E+02
  295,     47,  50,  23,  20,   2.97197E-02,   1.35717E+04,   4.03346E+02
  296,     47,  51,  23,  19,   4.69384E-02,   8.44545E+03,   3.96416E+02
  297,     47,  51,  19,  15,   2.95880E-02,   1.26631E+04,   3.74675E+02
  298,     47,  51,  15,  11,   1.92295E-02,   1.80910E+04,   3.47881E+02
  299,     47,  52,  12,  7,   2.35129E-02,   1.58317E+04,   3.72250E+02
  300,     47,  52,  7,  2,   1.79449E-02,   2.26103E+04,   4.05740E+02
  301,     46,  47,  43,  42,   1.95633E+00,   3.77119E+02,   7.37768E+02
  302,     46,  47,  42,  41,   7.22030E-01,   7.54492E+02,   5.44766E+02
  303,     46,  47,  41,  40,   2.45501E-01,   1.32219E+03,   3.24598E+02
  304,     46,  47,  40,  39,   3.14589E-01,   2.11200E+03,   6.64412E+02
  305,     46,  47,  39,  38,   1.32839E-01,   3.16864E+03,   4.20918E+02
  306,     46,  47,  38,  37,   9.12254E-02,   4.53307E+03,   4.13531E+02
  307,     46,  48,  38,  36,   2.81530E-01,   1.50898E+03,   4.24824E+02
  308,     46,  48,  36,  34,   1.84205E-01,   2.64030E+03,   4.86356E+02
  309,     46,  48,  34,  32,   1.01430E-01,   4.22145E+03,   4.28182E+02
  310,     46,  48,  32,  30,   6.69656E-02,   6.33727E+03,   4.24379E+02
  311,     46,  48,  30,  28,   3.76459E-02,   9.05237E+03,   3.40785E+02
  312,     46,  49,  28,  25,   5.08173E-02,   6.33345E+03,   3.21849E+02
  313,     46,  49,  25,  22,   4.43708E-02,   9.50018E+03,   4.21530E+02
  314,     46,  49,  22,  19,   2.39373E-02,   1.35717E+04,   3.24869E+02
  315,     46,  50,  22,  18,   3.91844E-02,   8.44545E+03,   3.30930E+02
  316,     46,  50,  18,  14,   2.76876E-02,   1.26688E+04,   3.50769E+02
  317,     46,  50,  14,  10,   1.84457E-02,   1.81047E+04,   3.33955E+02
  318,     46,  51,  11,  6,   2.23618E-02,   1.58374E+04,   3.54154E+02
  319,     46,  51,  6,  1,   1.70212E-02,   2.26240E+04,   3.85088E+02
  320,     45,  46,  42,  41,   2.45714E+00,   3.76737E+02,   9.25695E+02
  321,     45,  46,  41,  40,   9.03480E-01,   7.54492E+02,   6.81668E+02
  322,     45,  46,  40,  39,   1.82202E-01,   1.31811E+03,   2.40163E+02
  323,     45,  46,  38,  37,   1.66081E-01,   3.16864E+03,   5.26250E+02
  324,     45,  46,  37,  36,   1.09426E-01,   4.51932E+03,   4.94531E+02
  325,     45,  47,  37,  35,   3.16558E-01,   1.50746E+03,   4.77197E+02
  326,     45,  47,  35,  33,   1.79875E-01,   2.64030E+03,   4.74923E+02
  327,     45,  47,  33,  31,   1.09995E-01,   4.22400E+03,   4.64619E+02
  328,     45,  47,  31,  29,   5.94460E-02,   6.33154E+03,   3.76385E+02
  329,     45,  47,  29,  27,   3.31911E-02,   9.05237E+03,   3.00458E+02
  330,     45,  48,  27,  24,   5.25062E-02,   6.33345E+03,   3.32545E+02
  331,     45,  48,  24,  21,   4.42747E-02,   9.50018E+03,   4.20617E+02
  332,     45,  48,  21,  18,   2.24154E-02,   1.35717E+04,   3.04215E+02
  333,     45,  49,  21,  17,   3.92747E-02,   8.44290E+03,   3.31593E+02
  334,     45,  49,  17,  13,   2.48500E-02,   1.26688E+04,   3.14820E+02
  335,     45,  49,  13,  9,   1.74309E-02,   1.80910E+04,   3.15342E+02
  336,     45,  50,  10,  5,   2.08296E-02,   1.58317E+04,   3.29768E+02
  337,     45,  50,  5,  0,   1.74077E-02,   2.26240E+04,   3.93833E+02
  338,     44,  45,  41,  40,   2.15001E+00,   3.77119E+02,   8.10809E+02
  339,     44,  45,  40,  39,   9.91793E-01,   7.52965E+02,   7.46786E+02
  340,     44,  45,  39,  38,   1.39811E-01,   1.31811E+03,   1.84287E+02
  341,     44,  45,  37,  36,   1.61607E-01,   3.16291E+03,   5.11149E+02
  342,     44,  45,  36,  35,   1.27958E-01,   4.51932E+03,   5.78283E+02
  343,     44,  46,  36,  34,   3.73491E-01,   1.50746E+03,   5.63021E+02
  344,     44,  46,  34,  32,   1.82501E-01,   2.63623E+03,   4.81114E+02
  345,     44,  46,  32,  30,   1.07117E-01,   4.22145E+03,   4.52189E+02
  346,     44,  46,  30,  28,   5.49832E-02,   6.33154E+03,   3.48129E+02
  347,     44,  46,  28,  26,   3.14264E-02,   9.03863E+03,   2.84052E+02
  348,     44,  47,  26,  23,   5.80390E-02,   6.33345E+03,   3.67587E+02
  349,     44,  47,  23,  20,   3.50537E-02,   9.50018E+03,   3.33016E+02
  350,     44,  47,  20,  17,   2.26806E-02,   1.35717E+04,   3.07814E+02
  351,     44,  48,  20,  16,   3.84461E-02,   8.44545E+03,   3.24695E+02
  352,     44,  48,  16,  12,   2.28213E-02,   1.26631E+04,   2.88988E+02
  353,     44,  48,  12,  8,   1.63110E-02,   1.80910E+04,   2.95082E+02
  354,     44,  49,  9,  4,   2.02806E-02,   1.58317E+04,   3.21077E+02
  355,     43,  44,  41,  40,   6.32291E+00,   1.51136E+02,   9.55621E+02
  356,     43,  44,  40,  39,   2.42941E+00,   3.77119E+02,   9.16176E+02
  357,     43,  44,  39,  38,   9.34296E-01,   7.54492E+02,   7.04919E+02
  358,     43,  44,  38,  37,   2.53052E-01,   1.32219E+03,   3.34582E+02
  359,     43,  44,  37,  36,   4.70146E-01,   2.11200E+03,   9.92948E+02
  360,     43,  44,  36,  35,   2.05146E-01,   3.16864E+03,   6.50033E+02
  361,     43,  44,  35,  34,   1.38997E-01,   4.53307E+03,   6.30083E+02
  362,     43,  45,  35,  33,   3.64430E-01,   1.50898E+03,   5.49919E+02
  363,     43,  45,  33,  31,   1.98949E-01,   2.64030E+03,   5.25284E+02
  364,     43,  45,  31,  29,   9.42916E-02,   4.22145E+03,   3.98048E+02
  365,     43,  45,  29,  27,   4.87184E-02,   6.33727E+03,   3.08742E+02
  366,     43,  45,  27,  25,   3.58201E-02,   9.05237E+03,   3.24257E+02
  367,     43,  46,  25,  22,   6.18732E-02,   6.33345E+03,   3.91871E+02
  368,     43,  46,  22,  19,   3.14527E-02,   9.50018E+03,   2.98806E+02
  369,     43,  46,  19,  16,   2.36043E-02,   1.35717E+04,   3.20350E+02
  370,     43,  47,  19,  15,   3.66439E-02,   8.44545E+03,   3.09474E+02
  371,     43,  47,  15,  11,   2.19586E-02,   1.26688E+04,   2.78189E+02
  372,     43,  47,  11,  7,   1.62634E-02,   1.81047E+04,   2.94445E+02
  373,     43,  48,  8,  3,   2.03385E-02,   1.58374E+04,   3.22110E+02
  374,     42,  43,  39,  38,   2.14589E+00,   3.76737E+02,   8.08436E+02
  375,     42,  43,  38,  37,   8.45372E-01,   7.54492E+02,   6.37826E+02
  376,     42,  43,  37,  36,   2.44612E-01,   1.31811E+03,   3.22426E+02
  377,     42,  43,  35,  34,   1.99963E-01,   3.16864E+03,   6.33610E+02
  378,     42,  43,  34,  33,   1.13386E-01,   4.51932E+03,   5.12427E+02
  379,     42,  44,  34,  32,   3.50445E-01,   1.50746E+03,   5.28280E+02
  380,     42,  44,  32,  30,   1.83315E-01,   2.64030E+03,   4.84006E+02
  381,     42,  44,  30,  28,   8.18915E-02,   4.22400E+03,   3.45909E+02
  382,     42,  44,  28,  26,   4.43376E-02,   6.33154E+03,   2.80725E+02
  383,     42,  44,  26,  24,   3.74022E-02,   9.05237E+03,   3.38579E+02
  384,     42,  45,  24,  21,   6.16918E-02,   6.33345E+03,   3.90722E+02
  385,     42,  45,  21,  18,   2.91736E-02,   9.50018E+03,   2.77154E+02
  386,     42,  45,  18,  15,   2.26963E-02,   1.35717E+04,   3.08027E+02
  387,     42,  46,  18,  14,   3.60432E-02,   8.44290E+03,   3.04309E+02
  388,     42,  46,  14,  10,   2.23686E-02,   1.26688E+04,   2.83384E+02
  389,     42,  46,  10,  6,   1.57647E-02,   1.80910E+04,   2.85199E+02
  390,     42,  47,  7,  2,   1.92219E-02,   1.58317E+04,   3.04316E+02
  391,     41,  42,  38,  37,   1.99952E+00,   3.77119E+02,   7.54056E+02
  392,     41,  42,  37,  36,   8.46089E-01,   7.52965E+02,   6.37076E+02
  393,     41,  42,  36,  35,   3.85740E-01,   1.31811E+03,   5.08449E+02
  394,     41,  42,  34,  33,   1.78218E-01,   3.16291E+03,   5.63688E+02
  395,     41,  42,  33,  32,   1.34689E-01,   4.51932E+03,   6.08702E+02
  396,     41,  43,  33,  31,   3.74887E-01,   1.50746E+03,   5.65126E+02
  397,     41,  43,  31,  29,   1.54621E-01,   2.63623E+03,   4.07616E+02
  398,     41,  43,  29,  27,   7.03302E-02,   4.22145E+03,   2.96896E+02
  399,     41,  43,  27,  25,   4.76763E-02,   6.33154E+03,   3.01865E+02
  400,     41,  43,  25,  23,   3.89113E-02,   9.03863E+03,   3.51705E+02
  401,     41,  44,  23,  20,   5.12519E-02,   6.33345E+03,   3.24601E+02
  402,     41,  44,  20,  17,   3.10974E-02,   9.50018E+03,   2.95431E+02
  403,     41,  44,  17,  14,   1.97023E-02,   1.35717E+04,   2.67393E+02
  404,     41,  45,  17,  13,   3.20080E-02,   8.44545E+03,   2.70322E+02
  405,     41,  45,  13,  9,   2.10656E-02,   1.26631E+04,   2.66755E+02
  406,     41,  45,  9,  5,   1.54380E-02,   1.80910E+04,   2.79289E+02
  407,     41,  46,  6,  1,   1.94699E-02,   1.58317E+04,   3.08242E+02
  408,     40,  41,  38,  37,   6.11714E+00,   1.51136E+02,   9.24522E+02
  409,     40,  41,  37,  36,   1.96900E+00,   3.77119E+02,   7.42546E+02
  410,     40,  41,  36,  35,   1.11223E+00,   7.54492E+02,   8.39168E+02
  411,     40,  41,  35,  34,   4.54019E-01,   1.32219E+03,   6.00298E+02
  412,     40,  41,  34,  33,   4.47306E-01,   2.11200E+03,   9.44710E+02
  413,     40,  41,  33,  32,   2.22446E-01,   3.16864E+03,   7.04850E+02
  414,     40,  41,  32,  31,   1.42246E-01,   4.53307E+03,   6.44811E+02
  415,     40,  42,  32,  30,   3.65735E-01,   1.50898E+03,   5.51888E+02
  416,     40,  42,  30,  28,   1.39970E-01,   2.64030E+03,   3.69562E+02
  417,     40,  42,  28,  26,   6.62039E-02,   4.22145E+03,   2.79477E+02
  418,     40,  42,  26,  24,   5.30261E-02,   6.33727E+03,   3.36041E+02
  419,     40,  42,  24,  22,   4.62791E-02,   9.05237E+03,   4.18935E+02
  420,     40,  43,  22,  19,   4.34874E-02,   6.33345E+03,   2.75425E+02
  421,     40,  43,  19,  16,   3.12419E-02,   9.50018E+03,   2.96804E+02
  422,     40,  43,  16,  13,   1.85895E-02,   1.35717E+04,   2.52291E+02
  423,     40,  44,  16,  12,   3.09585E-02,   8.44545E+03,   2.61458E+02
  424,     40,  44,  12,  8,   2.11322E-02,   1.26688E+04,   2.67720E+02
  425,     40,  44,  8,  4,   1.56539E-02,   1.81047E+04,   2.83410E+02
  426,     40,  45,  5,  0,   2.06630E-02,   1.58374E+04,   3.27249E+02
  427,     39,  40,  37,  36,   5.59096E+00,   1.50627E+02,   8.42149E+02
  428,     39,  40,  36,  35,   2.54020E+00,   3.76737E+02,   9.56987E+02
  429,     39,  40,  35,  34,   1.17197E+00,   7.54492E+02,   8.84242E+02
  430,     39,  40,  34,  33,   3.70809E-01,   1.31811E+03,   4.88768E+02
  431,     39,  40,  32,  31,   2.29461E-01,   3.16864E+03,   7.27078E+02
  432,     39,  40,  31,  30,   1.23286E-01,   4.51932E+03,   5.57168E+02
  433,     39,  41,  31,  29,   3.23268E-01,   1.50746E+03,   4.87312E+02
  434,     39,  41,  29,  27,   1.25831E-01,   2.64030E+03,   3.32231E+02
  435,     39,  41,  27,  25,   7.66221E-02,   4.22400E+03,   3.23652E+02
  436,     39,  41,  25,  23,   5.95566E-02,   6.33154E+03,   3.77085E+02
  437,     39,  41,  23,  21,   3.93403E-02,   9.05237E+03,   3.56123E+02
  438,     39,  42,  21,  18,   4.23110E-02,   6.33345E+03,   2.67975E+02
  439,     39,  42,  18,  15,   3.11593E-02,   9.50018E+03,   2.96019E+02
  440,     39,  42,  15,  12,   1.91772E-02,   1.35717E+04,   2.60267E+02
  441,     39,  43,  15,  11,   3.08001E-02,   8.44290E+03,   2.60042E+02
  442,     39,  43,  11,  7,   2.13899E-02,   1.26688E+04,   2.70985E+02
  443,     39,  43,  7,  3,   1.53893E-02,   1.80910E+04,   2.78408E+02
  444,     38,  39,  34,  33,   1.10216E+00,   7.52965E+02,   8.29888E+02
  445,     38,  39,  33,  32,   3.55291E-01,   1.31811E+03,   4.68314E+02
  446,     38,  39,  31,  30,   2.01173E-01,   3.16291E+03,   6.36292E+02
  447,     38,  39,  30,  29,   1.09193E-01,   4.51932E+03,   4.93478E+02
  448,     38,  40,  30,  28,   2.85219E-01,   1.50746E+03,   4.29955E+02
  449,     38,  40,  28,  26,   1.14398E-01,   2.63623E+03,   3.01579E+02
  450,     38,  40,  26,  24,   8.33429E-02,   4.22145E+03,   3.51828E+02
  451,     38,  40,  24,  22,   6.73928E-02,   6.33154E+03,   4.26700E+02
  452,     38,  40,  22,  20,   3.10131E-02,   9.03863E+03,   2.80316E+02
  453,     38,  41,  20,  17,   4.63897E-02,   6.33345E+03,   2.93807E+02
  454,     38,  41,  17,  14,   2.79575E-02,   9.50018E+03,   2.65601E+02
  455,     38,  41,  14,  11,   1.93758E-02,   1.35717E+04,   2.62962E+02
  456,     38,  42,  14,  10,   3.14156E-02,   8.44545E+03,   2.65319E+02
  457,     38,  42,  10,  6,   2.10809E-02,   1.26631E+04,   2.66949E+02
  458,     38,  42,  6,  2,   1.58374E-02,   1.80910E+04,   2.86514E+02
  459,     37,  38,  34,  33,   2.59148E+00,   3.77119E+02,   9.77295E+02
  460,     37,  38,  32,  31,   2.69711E-01,   1.32219E+03,   3.56608E+02
  461,     37,  38,  30,  29,   1.79430E-01,   3.16864E+03,   5.68548E+02
  462,     37,  38,  29,  28,   9.71550E-02,   4.53307E+03,   4.40410E+02
  463,     37,  39,  29,  27,   2.52782E-01,   1.50898E+03,   3.81444E+02
  464,     37,  39,  27,  25,   1.31542E-01,   2.64030E+03,   3.47310E+02
  465,     37,  39,  25,  23,   9.25395E-02,   4.22145E+03,   3.90651E+02
  466,     37,  39,  23,  21,   5.65087E-02,   6.33727E+03,   3.58111E+02
  467,     37,  39,  21,  19,   3.04459E-02,   9.05237E+03,   2.75608E+02
  468,     37,  40,  19,  16,   4.72243E-02,   6.33345E+03,   2.99093E+02
  469,     37,  40,  16,  13,   2.64648E-02,   9.50018E+03,   2.51420E+02
  470,     37,  40,  13,  10,   1.95223E-02,   1.35717E+04,   2.64950E+02
  471,     37,  41,  13,  9,   3.12206E-02,   8.44545E+03,   2.63672E+02
  472,     37,  41,  9,  5,   2.13894E-02,   1.26688E+04,   2.70978E+02
  473,     37,  41,  5,  1,   1.68177E-02,   1.81047E+04,   3.04480E+02
  474,     36,  37,  34,  33,   6.58037E+00,   1.50627E+02,   9.91181E+02
  475,     36,  37,  32,  31,   1.32024E+00,   7.54492E+02,   9.96110E+02
  476,     36,  37,  31,  30,   2.97713E-01,   1.31811E+03,   3.92419E+02
  477,     36,  37,  29,  28,   1.39096E-01,   3.16864E+03,   4.40745E+02
  478,     36,  37,  28,  27,   7.57013E-02,   4.51932E+03,   3.42118E+02
  479,     36,  38,  28,  26,   2.18441E-01,   1.50746E+03,   3.29290E+02
  480,     36,  38,  26,  24,   1.42850E-01,   2.64030E+03,   3.77166E+02
  481,     36,  38,  24,  22,   1.04678E-01,   4.22400E+03,   4.42160E+02
  482,     36,  38,  22,  20,   4.50503E-02,   6.33154E+03,   2.85238E+02
  483,     36,  38,  20,  18,   3.05649E-02,   9.05237E+03,   2.76685E+02
  484,     36,  39,  18,  15,   4.68946E-02,   6.33345E+03,   2.97005E+02
  485,     36,  39,  15,  12,   2.70807E-02,   9.50018E+03,   2.57271E+02
  486,     36,  39,  12,  9,   1.89779E-02,   1.35717E+04,   2.57562E+02
  487,     36,  40,  12,  8,   3.05025E-02,   8.44290E+03,   2.57530E+02
  488,     36,  40,  8,  4,   2.15553E-02,   1.26688E+04,   2.73080E+02
  489,     36,  40,  4,  0,   1.75997E-02,   1.80910E+04,   3.18396E+02
  490,     35,  36,  31,  30,   1.13693E+00,   7.52965E+02,   8.56069E+02
  491,     35,  36,  30,  29,   2.05482E-01,   1.31811E+03,   2.70848E+02
  492,     35,  36,  28,  27,   1.19034E-01,   3.16291E+03,   3.76494E+02
  493,     35,  36,  27,  26,   7.44040E-02,   4.51932E+03,   3.36255E+02
  494,     35,  37,  27,  25,   2.40615E-01,   1.50746E+03,   3.62716E+02
  495,     35,  37,  25,  23,   1.56809E-01,   2.63623E+03,   4.13384E+02
  496,     35,  37,  23,  21,   8.71872E-02,   4.22145E+03,   3.68057E+02
  497,     35,  37,  21,  19,   4.46907E-02,   6.33154E+03,   2.82961E+02
  498,     35,  37,  19,  17,   3.42368E-02,   9.03863E+03,   3.09454E+02
  499,     35,  38,  17,  14,   4.33740E-02,   6.33345E+03,   2.74707E+02
  500,     35,  38,  14,  11,   2.79442E-02,   9.50018E+03,   2.65475E+02
  501,     35,  38,  11,  8,   1.95538E-02,   1.35717E+04,   2.65378E+02
  502,     35,  39,  11,  7,   3.21501E-02,   8.44545E+03,   2.71522E+02
  503,     35,  39,  7,  3,   2.18782E-02,   1.26631E+04,   2.77046E+02
  504,     34,  35,  30,  29,   1.00591E+00,   7.54492E+02,   7.58951E+02
  505,     34,  35,  29,  28,   1.33652E-01,   1.32219E+03,   1.76713E+02
  506,     34,  35,  27,  26,   1.16760E-01,   3.16864E+03,   3.69970E+02
  507,     34,  35,  26,  25,   1.05913E-01,   4.53307E+03,   4.80111E+02
  508,     34,  36,  26,  24,   2.82124E-01,   1.50898E+03,   4.25720E+02
  509,     34,  36,  24,  22,   1.88030E-01,   2.64030E+03,   4.96455E+02
  510,     34,  36,  22,  20,   7.33085E-02,   4.22145E+03,   3.09468E+02
  511,     34,  36,  20,  18,   4.74624E-02,   6.33727E+03,   3.00782E+02
  512,     34,  36,  18,  16,   3.83079E-02,   9.05237E+03,   3.46777E+02
  513,     34,  37,  16,  13,   4.16925E-02,   6.33345E+03,   2.64057E+02
  514,     34,  37,  13,  10,   2.93357E-02,   9.50018E+03,   2.78694E+02
  515,     34,  37,  10,  7,   2.03250E-02,   1.35717E+04,   2.75844E+02
  516,     34,  38,  10,  6,   3.25848E-02,   8.44545E+03,   2.75193E+02
  517,     34,  38,  6,  2,   2.32618E-02,   1.26688E+04,   2.94699E+02
  518,     33,  34,  31,  30,   5.57527E+00,   1.50627E+02,   8.39786E+02
  519,     33,  34,  30,  29,   1.77954E+00,   3.76737E+02,   6.70418E+02
  520,     33,  34,  29,  28,   6.51715E-01,   7.54492E+02,   4.91714E+02
  521,     33,  34,  28,  27,   1.22119E-01,   1.31811E+03,   1.60967E+02
  522,     33,  34,  27,  26,   2.99050E-01,   2.10945E+03,   6.30833E+02
  523,     33,  34,  26,  25,   1.29912E-01,   3.16864E+03,   4.11644E+02
  524,     33,  34,  25,  24,   7.71218E-02,   4.51932E+03,   3.48538E+02
  525,     33,  35,  25,  23,   2.81795E-01,   1.50746E+03,   4.24794E+02
  526,     33,  35,  23,  21,   1.40823E-01,   2.64030E+03,   3.71814E+02
  527,     33,  35,  21,  19,   6.60604E-02,   4.22400E+03,   2.79039E+02
  528,     33,  35,  19,  17,   4.80322E-02,   6.33154E+03,   3.04118E+02
  529,     33,  35,  17,  15,   3.00191E-02,   9.05237E+03,   2.71744E+02
  530,     33,  36,  15,  12,   4.15528E-02,   6.33345E+03,   2.63173E+02
  531,     33,  36,  12,  9,   2.76315E-02,   9.50018E+03,   2.62504E+02
  532,     33,  36,  9,  6,   2.04332E-02,   1.35717E+04,   2.77313E+02
  533,     33,  37,  9,  5,   3.21279E-02,   8.44290E+03,   2.71253E+02
  534,     33,  37,  5,  1,   2.37388E-02,   1.26688E+04,   3.00742E+02
  535,     32,  33,  30,  29,   5.21130E+00,   1.50627E+02,   7.84962E+02
  536,     32,  33,  29,  28,   1.56605E+00,   3.77119E+02,   5.90587E+02
  537,     32,  33,  28,  27,   5.72462E-01,   7.52965E+02,   4.31044E+02
  538,     32,  33,  27,  26,   1.76971E-01,   1.31811E+03,   2.33268E+02
  539,     32,  33,  26,  25,   3.34841E-01,   2.11200E+03,   7.07184E+02
  540,     32,  33,  25,  24,   1.32818E-01,   3.16291E+03,   4.20092E+02
  541,     32,  33,  24,  23,   1.26665E-01,   4.51932E+03,   5.72439E+02
  542,     32,  34,  24,  22,   3.23660E-01,   1.50746E+03,   4.87903E+02
  543,     32,  34,  22,  20,   1.12088E-01,   2.63623E+03,   2.95489E+02
  544,     32,  34,  20,  18,   6.67424E-02,   4.22145E+03,   2.81750E+02
  545,     32,  34,  18,  16,   5.08003E-02,   6.33154E+03,   3.21644E+02
  546,     32,  34,  16,  14,   2.72923E-02,   9.03863E+03,   2.46685E+02
  547,     32,  35,  14,  11,   4.16490E-02,   6.33345E+03,   2.63782E+02
  548,     32,  35,  11,  8,   2.77499E-02,   9.50018E+03,   2.63629E+02
  549,     32,  35,  8,  5,   2.03417E-02,   1.35717E+04,   2.76071E+02
  550,     32,  36,  8,  4,   3.29427E-02,   8.44545E+03,   2.78216E+02
  551,     32,  36,  4,  0,   2.57314E-02,   1.26631E+04,   3.25839E+02
  552,     31,  32,  30,  29,   2.38875E+01,   3.77416E+01,   9.01552E+02
  553,     31,  32,  29,  28,   4.41358E+00,   1.51136E+02,   6.67052E+02
  554,     31,  32,  28,  27,   1.29953E+00,   3.77119E+02,   4.90077E+02
  555,     31,  32,  27,  26,   5.60187E-01,   7.54492E+02,   4.22656E+02
  556,     31,  32,  26,  25,   3.87876E-01,   1.32219E+03,   5.12845E+02
  557,     31,  32,  25,  24,   2.58467E-01,   2.11200E+03,   5.45882E+02
  558,     31,  32,  24,  23,   2.11006E-01,   3.16864E+03,   6.68601E+02
  559,     31,  32,  23,  22,   1.19297E-01,   4.53307E+03,   5.40781E+02
  560,     31,  33,  23,  21,   2.93383E-01,   1.50898E+03,   4.42710E+02
  561,     31,  33,  21,  19,   1.22231E-01,   2.64030E+03,   3.22726E+02
  562,     31,  33,  19,  17,   8.06615E-02,   4.22145E+03,   3.40509E+02
  563,     31,  33,  17,  15,   4.70720E-02,   6.33727E+03,   2.98308E+02
  564,     31,  33,  15,  13,   3.13164E-02,   9.05237E+03,   2.83488E+02
  565,     31,  34,  13,  10,   4.31678E-02,   6.33345E+03,   2.73401E+02
  566,     31,  34,  10,  7,   2.89400E-02,   9.50018E+03,   2.74935E+02
  567,     31,  34,  7,  4,   1.97790E-02,   1.35717E+04,   2.68434E+02
  568,     31,  35,  7,  3,   3.36847E-02,   8.44545E+03,   2.84482E+02
  569,     30,  31,  29,  28,   1.67942E+01,   3.77416E+01,   6.33839E+02
  570,     30,  31,  28,  27,   3.07161E+00,   1.50627E+02,   4.62667E+02
  571,     30,  31,  27,  26,   1.08454E+00,   3.76737E+02,   4.08586E+02
  572,     30,  31,  26,  25,   7.31747E-01,   7.54492E+02,   5.52097E+02
  573,     30,  31,  25,  24,   3.66913E-01,   1.31811E+03,   4.83633E+02
  574,     30,  31,  24,  23,   3.27837E-01,   2.10945E+03,   6.91557E+02
  575,     30,  31,  23,  22,   1.69613E-01,   3.16864E+03,   5.37442E+02
  576,     30,  31,  22,  21,   8.09325E-02,   4.51932E+03,   3.65760E+02
  577,     30,  32,  22,  20,   2.31591E-01,   1.50746E+03,   3.49113E+02
  578,     30,  32,  20,  18,   1.24665E-01,   2.64030E+03,   3.29152E+02
  579,     30,  32,  18,  16,   8.57160E-02,   4.22400E+03,   3.62064E+02
  580,     30,  32,  16,  14,   4.33129E-02,   6.33154E+03,   2.74238E+02
  581,     30,  32,  14,  12,   3.19547E-02,   9.05237E+03,   2.89266E+02
  582,     30,  33,  12,  9,   4.37952E-02,   6.33345E+03,   2.77375E+02
  583,     30,  33,  9,  6,   3.06382E-02,   9.50018E+03,   2.91068E+02
  584,     30,  33,  6,  3,   2.15092E-02,   1.35717E+04,   2.91916E+02
  585,     30,  34,  6,  2,   3.42349E-02,   8.44290E+03,   2.89042E+02
  586,     29,  30,  28,  27,   9.89550E+00,   3.76144E+01,   3.72213E+02
  587,     29,  30,  27,  26,   2.38184E+00,   1.50627E+02,   3.58769E+02
  588,     29,  30,  26,  25,   1.39654E+00,   3.77119E+02,   5.26661E+02
  589,     29,  30,  25,  24,   6.61919E-01,   7.52965E+02,   4.98402E+02
  590,     29,  30,  24,  23,   5.03590E-01,   1.31811E+03,   6.63788E+02
  591,     29,  30,  23,  22,   2.93625E-01,   2.11200E+03,   6.20136E+02
  592,     29,  30,  22,  21,   1.16914E-01,   3.16291E+03,   3.69789E+02
  593,     29,  30,  21,  20,   7.23241E-02,   4.51932E+03,   3.26855E+02
  594,     29,  31,  21,  19,   2.19162E-01,   1.50746E+03,   3.30377E+02
  595,     29,  31,  19,  17,   1.30039E-01,   2.63623E+03,   3.42812E+02
  596,     29,  31,  17,  15,   6.85258E-02,   4.22145E+03,   2.89278E+02
  597,     29,  31,  15,  13,   4.31907E-02,   6.33154E+03,   2.73464E+02
  598,     29,  31,  13,  11,   2.99446E-02,   9.03863E+03,   2.70658E+02
  599,     29,  32,  11,  8,   4.31238E-02,   6.33345E+03,   2.73122E+02
  600,     29,  32,  8,  5,   2.98551E-02,   9.50018E+03,   2.83629E+02
  601,     29,  32,  5,  2,   2.25431E-02,   1.35717E+04,   3.05948E+02
  602,     29,  33,  5,  1,   3.65465E-02,   8.44545E+03,   3.08652E+02
  603,     28,  29,  27,  26,   7.08428E+00,   3.77416E+01,   2.67372E+02
  604,     28,  29,  26,  25,   2.89216E+00,   1.51136E+02,   4.37110E+02
  605,     28,  29,  25,  24,   1.21571E+00,   3.77119E+02,   4.58467E+02
  606,     28,  29,  24,  23,   8.93043E-01,   7.54492E+02,   6.73794E+02
  607,     28,  29,  23,  22,   2.57100E-01,   1.32219E+03,   3.39934E+02
  608,     28,  29,  22,  21,   3.13606E-01,   2.11200E+03,   6.62336E+02
  609,     28,  29,  21,  20,   1.00731E-01,   3.16864E+03,   3.19180E+02
  610,     28,  29,  20,  19,   7.36282E-02,   4.53307E+03,   3.33762E+02
  611,     28,  30,  20,  18,   2.12331E-01,   1.50898E+03,   3.20404E+02
  612,     28,  30,  18,  16,   1.30740E-01,   2.64030E+03,   3.45192E+02
  613,     28,  30,  16,  14,   6.02286E-02,   4.22145E+03,   2.54252E+02
  614,     28,  30,  14,  12,   4.17568E-02,   6.33727E+03,   2.64624E+02
  615,     28,  30,  12,  10,   2.89149E-02,   9.05237E+03,   2.61748E+02
  616,     28,  31,  10,  7,   4.07218E-02,   6.33345E+03,   2.57910E+02
  617,     28,  31,  7,  4,   2.70620E-02,   9.50018E+03,   2.57094E+02
  618,     28,  31,  4,  1,   2.15469E-02,   1.35717E+04,   2.92428E+02
  619,     28,  32,  4,  0,   3.70290E-02,   8.44545E+03,   3.12727E+02
  620,     27,  28,  26,  25,   8.79268E+00,   3.77416E+01,   3.31849E+02
  621,     27,  28,  25,  24,   2.54118E+00,   1.50627E+02,   3.82770E+02
  622,     27,  28,  24,  23,   1.74784E+00,   3.76737E+02,   6.58476E+02
  623,     27,  28,  23,  22,   6.85082E-01,   7.54492E+02,   5.16889E+02
  624,     27,  28,  22,  21,   9.80398E-02,   1.31811E+03,   1.29228E+02
  625,     27,  28,  21,  20,   3.19806E-01,   2.10945E+03,   6.74616E+02
  626,     27,  28,  20,  19,   1.07180E-01,   3.16864E+03,   3.39614E+02
  627,     27,  28,  19,  18,   6.78824E-02,   4.51932E+03,   3.06782E+02
  628,     27,  29,  19,  17,   2.20046E-01,   1.50746E+03,   3.31710E+02
  629,     27,  29,  17,  15,   1.04101E-01,   2.64030E+03,   2.74857E+02
  630,     27,  29,  15,  13,   5.97977E-02,   4.22400E+03,   2.52585E+02
  631,     27,  29,  13,  11,   3.92570E-02,   6.33154E+03,   2.48557E+02
  632,     27,  29,  11,  9,   2.71704E-02,   9.05237E+03,   2.45956E+02
  633,     27,  30,  9,  6,   4.00146E-02,   6.33345E+03,   2.53430E+02
  634,     27,  30,  6,  3,   2.61179E-02,   9.50018E+03,   2.48125E+02
  635,     27,  30,  3,  0,   2.11287E-02,   1.35717E+04,   2.86752E+02
  636,     26,  27,  25,  24,   8.51856E+00,   3.76144E+01,   3.20420E+02
  637,     26,  27,  24,  23,   3.76990E+00,   1.50627E+02,   5.67848E+02
  638,     26,  27,  23,  22,   1.38552E+00,   3.77119E+02,   5.22505E+02
  639,     26,  27,  22,  21,   4.72214E-01,   7.52965E+02,   3.55561E+02
  640,     26,  27,  20,  19,   3.79685E-01,   2.11200E+03,   8.01895E+02
  641,     26,  27,  19,  18,   1.03746E-01,   3.16291E+03,   3.28139E+02
  642,     26,  27,  18,  17,   8.84052E-02,   4.51932E+03,   3.99531E+02
  643,     26,  27,  21,  20,   6.38813E-02,   1.31811E+03,   8.42028E+01
  644,     26,  28,  18,  16,   2.34054E-01,   1.50746E+03,   3.52826E+02
  645,     26,  28,  16,  14,   9.64497E-02,   2.63623E+03,   2.54263E+02
  646,     26,  28,  14,  12,   6.11518E-02,   4.22145E+03,   2.58149E+02
  647,     26,  28,  12,  10,   3.98833E-02,   6.33154E+03,   2.52523E+02
  648,     26,  28,  10,  8,   2.58941E-02,   9.03863E+03,   2.34047E+02
  649,     26,  29,  8,  5,   3.89861E-02,   6.33345E+03,   2.46917E+02
  650,     26,  29,  5,  2,   2.69907E-02,   9.50018E+03,   2.56416E+02
  651,     25,  26,  24,  23,   1.67956E+01,   3.77416E+01,   6.33892E+02
  652,     25,  26,  23,  22,   3.93603E+00,   1.51136E+02,   5.94877E+02
  653,     25,  26,  22,  21,   1.17817E+00,   3.77119E+02,   4.44310E+02
  654,     25,  26,  21,  20,   5.67485E-01,   7.54492E+02,   4.28163E+02
  655,     25,  26,  20,  19,   2.37236E-01,   1.32219E+03,   3.13670E+02
  656,     25,  26,  19,  18,   3.31717E-01,   2.11200E+03,   7.00586E+02
  657,     25,  26,  18,  17,   1.69616E-01,   3.16864E+03,   5.37451E+02
  658,     25,  26,  17,  16,   9.37500E-02,   4.53307E+03,   4.24975E+02
  659,     25,  27,  17,  15,   2.30507E-01,   1.50898E+03,   3.47831E+02
  660,     25,  27,  15,  13,   1.20047E-01,   2.64030E+03,   3.16960E+02
  661,     25,  27,  13,  11,   7.20498E-02,   4.22145E+03,   3.04155E+02
  662,     25,  27,  11,  9,   4.71842E-02,   6.33727E+03,   2.99019E+02
  663,     25,  27,  9,  7,   3.35480E-02,   9.05237E+03,   3.03689E+02
  664,     25,  28,  7,  4,   4.16027E-02,   6.33345E+03,   2.63489E+02
  665,     25,  28,  4,  1,   3.09103E-02,   9.50018E+03,   2.93653E+02
  666,     24,  25,  23,  22,   1.11676E+01,   3.77416E+01,   4.21483E+02
  667,     24,  25,  22,  21,   2.19845E+00,   1.50627E+02,   3.31146E+02
  668,     24,  25,  21,  20,   9.13035E-01,   3.76737E+02,   3.43974E+02
  669,     24,  25,  20,  19,   5.31806E-01,   7.54492E+02,   4.01243E+02
  670,     24,  25,  19,  18,   2.15799E-01,   1.31811E+03,   2.84447E+02
  671,     24,  25,  18,  17,   2.88455E-01,   2.10945E+03,   6.08483E+02
  672,     24,  25,  17,  16,   1.14386E-01,   3.16864E+03,   3.62448E+02
  673,     24,  25,  16,  15,   6.52320E-02,   4.51932E+03,   2.94804E+02
  674,     24,  26,  16,  14,   2.13195E-01,   1.50746E+03,   3.21382E+02
  675,     24,  26,  14,  12,   1.23952E-01,   2.64030E+03,   3.27270E+02
  676,     24,  26,  12,  10,   7.43755E-02,   4.22400E+03,   3.14162E+02
  677,     24,  26,  10,  8,   4.60745E-02,   6.33154E+03,   2.91723E+02
  678,     24,  26,  8,  6,   3.48140E-02,   9.05237E+03,   3.15149E+02
  679,     24,  27,  6,  3,   4.40071E-02,   6.33345E+03,   2.78717E+02
  680,     24,  27,  3,  0,   3.26938E-02,   9.50018E+03,   3.10597E+02
  681,     23,  24,  22,  21,   1.45624E+01,   3.76144E+01,   5.47756E+02
  682,     23,  24,  21,  20,   3.87921E+00,   1.50627E+02,   5.84313E+02
  683,     23,  24,  20,  19,   2.00283E+00,   3.77119E+02,   7.55304E+02
  684,     23,  24,  19,  18,   9.35157E-01,   7.52965E+02,   7.04141E+02
  685,     23,  24,  18,  17,   4.28887E-01,   1.31811E+03,   5.65321E+02
  686,     23,  24,  16,  15,   1.69178E-01,   3.16291E+03,   5.35095E+02
  687,     23,  24,  15,  14,   1.22778E-01,   4.51932E+03,   5.54873E+02
  688,     23,  25,  15,  13,   2.95345E-01,   1.50746E+03,   4.45220E+02
  689,     23,  25,  13,  11,   1.60030E-01,   2.63623E+03,   4.21875E+02
  690,     23,  25,  11,  9,   9.53733E-02,   4.22145E+03,   4.02614E+02
  691,     23,  25,  9,  7,   6.40765E-02,   6.33154E+03,   4.05703E+02
  692,     23,  25,  7,  5,   3.95353E-02,   9.03863E+03,   3.57345E+02
  693,     23,  26,  5,  2,   5.81647E-02,   6.33345E+03,   3.68383E+02
  694,     22,  23,  21,  20,   1.31056E+01,   3.77416E+01,   4.94626E+02
  695,     22,  23,  20,  19,   4.77626E+00,   1.51136E+02,   7.21866E+02
  696,     22,  23,  19,  18,   2.07477E+00,   3.77119E+02,   7.82434E+02
  697,     22,  23,  18,  17,   1.30047E+00,   7.54492E+02,   9.81194E+02
  698,     22,  23,  17,  16,   2.83145E-01,   1.32219E+03,   3.74371E+02
  699,     22,  23,  15,  14,   2.04505E-01,   3.16864E+03,   6.48002E+02
  700,     22,  23,  14,  13,   1.40413E-01,   4.53307E+03,   6.36502E+02
  701,     22,  24,  14,  12,   3.94026E-01,   1.50898E+03,   5.94578E+02
  702,     22,  24,  12,  10,   2.13369E-01,   2.64030E+03,   5.63357E+02
  703,     22,  24,  10,  8,   1.18608E-01,   4.22145E+03,   5.00698E+02
  704,     22,  24,  8,  6,   8.40657E-02,   6.33727E+03,   5.32747E+02
  705,     22,  24,  6,  4,   5.06893E-02,   9.05237E+03,   4.58858E+02
  706,     22,  25,  4,  1,   6.94621E-02,   6.33345E+03,   4.39935E+02
  707,     21,  22,  20,  19,   1.21473E+01,   3.77416E+01,   4.58458E+02
  708,     21,  22,  19,  18,   3.39929E+00,   1.50627E+02,   5.12025E+02
  709,     21,  22,  18,  17,   1.98238E+00,   3.76737E+02,   7.46836E+02
  710,     21,  22,  17,  16,   7.77106E-01,   7.54492E+02,   5.86320E+02
  711,     21,  22,  16,  15,   1.71175E-01,   1.31811E+03,   2.25628E+02
  712,     21,  22,  15,  14,   4.39087E-01,   2.10945E+03,   9.26234E+02
  713,     21,  22,  14,  13,   1.62261E-01,   3.16864E+03,   5.14146E+02
  714,     21,  22,  13,  12,   1.13441E-01,   4.51932E+03,   5.12676E+02
  715,     21,  23,  13,  11,   3.60388E-01,   1.50746E+03,   5.43269E+02
  716,     21,  23,  11,  9,   1.96316E-01,   2.64030E+03,   5.18332E+02
  717,     21,  23,  9,  7,   1.20394E-01,   4.22400E+03,   5.08544E+02
  718,     21,  23,  7,  5,   6.97173E-02,   6.33154E+03,   4.41418E+02
  719,     21,  23,  5,  3,   5.05887E-02,   9.05237E+03,   4.57948E+02
  720,     21,  24,  3,  0,   7.48064E-02,   6.33345E+03,   4.73783E+02
  721,     20,  21,  19,  18,   9.51800E+00,   3.76144E+01,   3.58014E+02
  722,     20,  21,  18,  17,   3.52661E+00,   1.50627E+02,   5.31202E+02
  723,     20,  21,  17,  16,   1.25238E+00,   3.77119E+02,   4.72296E+02
  724,     20,  21,  16,  15,   5.38351E-01,   7.52965E+02,   4.05360E+02
  725,     20,  21,  15,  14,   1.75711E-01,   1.31811E+03,   2.31607E+02
  726,     20,  21,  14,  13,   3.80979E-01,   2.11200E+03,   8.04628E+02
  727,     20,  21,  13,  12,   1.47120E-01,   3.16291E+03,   4.65328E+02
  728,     20,  21,  12,  11,   9.73818E-02,   4.51932E+03,   4.40099E+02
  729,     20,  22,  12,  10,   3.10154E-01,   1.50746E+03,   4.67543E+02
  730,     20,  22,  10,  8,   1.59645E-01,   2.63623E+03,   4.20860E+02
  731,     20,  22,  8,  6,   1.04328E-01,   4.22145E+03,   4.40416E+02
  732,     20,  22,  6,  4,   5.94718E-02,   6.33154E+03,   3.76548E+02
  733,     20,  22,  4,  2,   4.46862E-02,   9.03863E+03,   4.03902E+02
  734,     19,  20,  18,  17,   1.07297E+01,   3.77416E+01,   4.04956E+02
  735,     19,  20,  17,  16,   2.60551E+00,   1.51136E+02,   3.93787E+02
  736,     19,  20,  16,  15,   9.77850E-01,   3.77119E+02,   3.68765E+02
  737,     19,  20,  15,  14,   5.65629E-01,   7.54492E+02,   4.26762E+02
  738,     19,  20,  14,  13,   2.41966E-01,   1.32219E+03,   3.19924E+02
  739,     19,  20,  13,  12,   3.24049E-01,   2.11200E+03,   6.84391E+02
  740,     19,  20,  12,  11,   1.42596E-01,   3.16864E+03,   4.51835E+02
  741,     19,  20,  11,  10,   1.08078E-01,   4.53307E+03,   4.89925E+02
  742,     19,  21,  11,  9,   3.00082E-01,   1.50898E+03,   4.52819E+02
  743,     19,  21,  9,  7,   1.71920E-01,   2.64030E+03,   4.53920E+02
  744,     19,  21,  7,  5,   9.15940E-02,   4.22145E+03,   3.86660E+02
  745,     19,  21,  5,  3,   6.33555E-02,   6.33727E+03,   4.01501E+02
  746,     19,  21,  3,  1,   4.34306E-02,   9.05237E+03,   3.93150E+02
  747,     18,  19,  17,  16,   7.77629E+00,   3.77416E+01,   2.93489E+02
  748,     18,  19,  16,  15,   1.92329E+00,   1.50627E+02,   2.89699E+02
  749,     18,  19,  15,  14,   9.67088E-01,   3.76737E+02,   3.64338E+02
  750,     18,  19,  14,  13,   5.37815E-01,   7.54492E+02,   4.05777E+02
  751,     18,  19,  13,  12,   2.54371E-01,   1.31811E+03,   3.35290E+02
  752,     18,  19,  12,  11,   2.74375E-01,   2.10945E+03,   5.78782E+02
  753,     18,  19,  11,  10,   1.47296E-01,   3.16864E+03,   4.66727E+02
  754,     18,  19,  10,  9,   9.00716E-02,   4.51932E+03,   4.07062E+02
  755,     18,  20,  10,  8,   2.80558E-01,   1.50746E+03,   4.22929E+02
  756,     18,  20,  8,  6,   1.71164E-01,   2.64030E+03,   4.51924E+02
  757,     18,  20,  6,  4,   9.03551E-02,   4.22400E+03,   3.81660E+02
  758,     18,  20,  4,  2,   6.50338E-02,   6.33154E+03,   4.11764E+02
  759,     18,  20,  2,  0,   4.61509E-02,   9.05237E+03,   4.17775E+02
  760,     17,  18,  16,  15,   8.37240E+00,   3.76144E+01,   3.14923E+02
  761,     17,  18,  15,  14,   2.79498E+00,   1.50627E+02,   4.20999E+02
  762,     17,  18,  14,  13,   1.36425E+00,   3.77119E+02,   5.14484E+02
  763,     17,  18,  13,  12,   7.50799E-01,   7.52965E+02,   5.65326E+02
  764,     17,  18,  12,  11,   2.91485E-01,   1.31811E+03,   3.84210E+02
  765,     17,  18,  11,  10,   4.50793E-01,   2.11200E+03,   9.52075E+02
  766,     17,  18,  10,  9,   1.78233E-01,   3.16291E+03,   5.63735E+02
  767,     17,  18,  9,  8,   1.34518E-01,   4.51932E+03,   6.07929E+02
  768,     17,  19,  9,  7,   3.70616E-01,   1.50746E+03,   5.58687E+02
  769,     17,  19,  7,  5,   1.83500E-01,   2.63623E+03,   4.83747E+02
  770,     17,  19,  5,  3,   1.16698E-01,   4.22145E+03,   4.92635E+02
  771,     17,  19,  3,  1,   7.58889E-02,   6.33154E+03,   4.80494E+02
  772,     16,  17,  15,  14,   7.66502E+00,   3.77416E+01,   2.89290E+02
  773,     16,  17,  14,  13,   2.48971E+00,   1.51136E+02,   3.76285E+02
  774,     16,  17,  13,  12,   1.20641E+00,   3.77119E+02,   4.54960E+02
  775,     16,  17,  12,  11,   6.49498E-01,   7.54492E+02,   4.90041E+02
  776,     16,  17,  11,  10,   3.01735E-01,   1.32219E+03,   3.98950E+02
  777,     16,  17,  10,  9,   3.60084E-01,   2.11200E+03,   7.60497E+02
  778,     16,  17,  9,  8,   1.74358E-01,   3.16864E+03,   5.52477E+02
  779,     16,  17,  8,  7,   1.37061E-01,   4.53307E+03,   6.21307E+02
  780,     16,  18,  8,  6,   4.00333E-01,   1.50898E+03,   6.04096E+02
  781,     16,  18,  6,  4,   1.95263E-01,   2.64030E+03,   5.15552E+02
  782,     16,  18,  4,  2,   1.29372E-01,   4.22145E+03,   5.46138E+02
  783,     16,  18,  2,  0,   8.68967E-02,   6.33727E+03,   5.50688E+02
  784,     15,  16,  14,  13,   5.70547E+00,   3.77416E+01,   2.15333E+02
  785,     15,  16,  13,  12,   1.90659E+00,   1.50627E+02,   2.87184E+02
  786,     15,  16,  12,  11,   9.01092E-01,   3.76737E+02,   3.39475E+02
  787,     15,  16,  11,  10,   5.43620E-01,   7.54492E+02,   4.10157E+02
  788,     15,  16,  10,  9,   2.11083E-01,   1.31811E+03,   2.78231E+02
  789,     15,  16,  9,  8,   2.80896E-01,   2.10945E+03,   5.92537E+02
  790,     15,  16,  8,  7,   1.56031E-01,   3.16864E+03,   4.94406E+02
  791,     15,  16,  7,  6,   9.48318E-02,   4.51932E+03,   4.28575E+02
  792,     15,  17,  7,  5,   3.02120E-01,   1.50746E+03,   4.55433E+02
  793,     15,  17,  5,  3,   1.80510E-01,   2.64030E+03,   4.76600E+02
  794,     15,  17,  3,  1,   1.08508E-01,   4.22400E+03,   4.58338E+02
  795,     14,  15,  13,  12,   5.52423E+00,   3.76144E+01,   2.07790E+02
  796,     14,  15,  12,  11,   1.79776E+00,   1.50627E+02,   2.70791E+02
  797,     14,  15,  11,  10,   9.50088E-01,   3.77119E+02,   3.58296E+02
  798,     14,  15,  10,  9,   4.61608E-01,   7.52965E+02,   3.47575E+02
  799,     14,  15,  9,  8,   2.34349E-01,   1.31811E+03,   3.08898E+02
  800,     14,  15,  8,  7,   3.02701E-01,   2.11200E+03,   6.39304E+02
  801,     14,  15,  7,  6,   1.34365E-01,   3.16291E+03,   4.24985E+02
  802,     14,  15,  6,  5,   8.82631E-02,   4.51932E+03,   3.98889E+02
  803,     14,  16,  6,  4,   2.71833E-01,   1.50746E+03,   4.09776E+02
  804,     14,  16,  4,  2,   1.69750E-01,   2.63623E+03,   4.47499E+02
  805,     14,  16,  2,  0,   1.05725E-01,   4.22145E+03,   4.46313E+02
  806,     13,  14,  12,  11,   5.70785E+00,   3.77416E+01,   2.15423E+02
  807,     13,  14,  11,  10,   1.97931E+00,   1.51136E+02,   2.99145E+02
  808,     13,  14,  10,  9,   8.23320E-01,   3.77119E+02,   3.10489E+02
  809,     13,  14,  9,  8,   5.05127E-01,   7.54492E+02,   3.81114E+02
  810,     13,  14,  8,  7,   2.71757E-01,   1.32219E+03,   3.59314E+02
  811,     13,  14,  7,  6,   2.84022E-01,   2.11200E+03,   5.99854E+02
  812,     13,  14,  6,  5,   1.27322E-01,   3.16864E+03,   4.03437E+02
  813,     13,  14,  5,  4,   9.79994E-02,   4.53307E+03,   4.44238E+02
  814,     13,  15,  5,  3,   3.00939E-01,   1.50898E+03,   4.54112E+02
  815,     13,  15,  3,  1,   1.70370E-01,   2.64030E+03,   4.49827E+02
  816,     12,  13,  11,  10,   6.07137E+00,   3.77416E+01,   2.29143E+02
  817,     12,  13,  10,  9,   1.60104E+00,   1.50627E+02,   2.41160E+02
  818,     12,  13,  9,  8,   8.54563E-01,   3.76737E+02,   3.21945E+02
  819,     12,  13,  8,  7,   5.53855E-01,   7.54492E+02,   4.17879E+02
  820,     12,  13,  7,  6,   2.32038E-01,   1.31811E+03,   3.05852E+02
  821,     12,  13,  6,  5,   2.47654E-01,   2.10945E+03,   5.22415E+02
  822,     12,  13,  5,  4,   1.35813E-01,   3.16864E+03,   4.30342E+02
  823,     12,  13,  4,  3,   1.05678E-01,   4.51932E+03,   4.77592E+02
  824,     12,  14,  4,  2,   3.11681E-01,   1.50746E+03,   4.69845E+02
  825,     12,  14,  2,  0,   1.82920E-01,   2.64030E+03,   4.82963E+02
  826,     11,  12,  10,  9,   4.54372E+00,   3.76144E+01,   1.70909E+02
  827,     11,  12,  9,  8,   1.48054E+00,   1.50627E+02,   2.23009E+02
  828,     11,  12,  8,  7,   8.25334E-01,   3.77119E+02,   3.11249E+02
  829,     11,  12,  7,  6,   4.06646E-01,   7.52965E+02,   3.06190E+02
  830,     11,  12,  6,  5,   1.89750E-01,   1.31811E+03,   2.50112E+02
  831,     11,  12,  5,  4,   2.15815E-01,   2.11200E+03,   4.55801E+02
  832,     11,  12,  4,  3,   1.28207E-01,   3.16291E+03,   4.05507E+02
  833,     11,  12,  3,  2,   8.74299E-02,   4.51932E+03,   3.95123E+02
  834,     11,  13,  3,  1,   2.81295E-01,   1.50746E+03,   4.24040E+02
  835,     10,  11,  9,  8,   5.34105E+00,   3.77416E+01,   2.01580E+02
  836,     10,  11,  8,  7,   1.86299E+00,   1.51136E+02,   2.81565E+02
  837,     10,  11,  7,  6,   7.69549E-01,   3.77119E+02,   2.90211E+02
  838,     10,  11,  6,  5,   4.03310E-01,   7.54492E+02,   3.04294E+02
  839,     10,  11,  5,  4,   2.22646E-01,   1.32219E+03,   2.94380E+02
  840,     10,  11,  4,  3,   2.56071E-01,   2.11200E+03,   5.40822E+02
  841,     10,  11,  3,  2,   1.32216E-01,   3.16864E+03,   4.18944E+02
  842,     10,  11,  2,  1,   9.60375E-02,   4.53307E+03,   4.35345E+02
  843,     10,  12,  2,  0,   2.95837E-01,   1.50898E+03,   4.46413E+02
  844,     9,  10,  8,  7,   5.24726E+00,   3.77416E+01,   1.98040E+02
  845,     9,  10,  7,  6,   1.33018E+00,   1.50627E+02,   2.00361E+02
  846,     9,  10,  6,  5,   5.80960E-01,   3.76737E+02,   2.18869E+02
  847,     9,  10,  5,  4,   3.63987E-01,   7.54492E+02,   2.74625E+02
  848,     9,  10,  4,  3,   2.21368E-01,   1.31811E+03,   2.91788E+02
  849,     9,  10,  3,  2,   1.86606E-01,   2.10945E+03,   3.93637E+02
  850,     9,  10,  2,  1,   1.11113E-01,   3.16864E+03,   3.52077E+02
  851,     9,  10,  1,  0,   9.01945E-02,   4.51932E+03,   4.07617E+02
  852,     8,  9,  7,  6,   4.30290E+00,   3.76144E+01,   1.61851E+02
  853,     8,  9,  6,  5,   1.10858E+00,   1.50627E+02,   1.66982E+02
  854,     8,  9,  5,  4,   6.05632E-01,   3.77119E+02,   2.28395E+02
  855,     8,  9,  4,  3,   3.79821E-01,   7.52965E+02,   2.85992E+02
  856,     8,  9,  3,  2,   1.98370E-01,   1.31811E+03,   2.61474E+02
  857,     8,  9,  2,  1,   1.83362E-01,   2.11200E+03,   3.87261E+02
  858,     8,  9,  1,  0,   1.21171E-01,   3.16291E+03,   3.83253E+02
  859,     7,  8,  6,  5,   4.15210E+00,   3.77416E+01,   1.56707E+02
  860,     7,  8,  5,  4,   1.39602E+00,   1.51136E+02,   2.10989E+02
  861,     7,  8,  4,  3,   7.37753E-01,   3.77119E+02,   2.78220E+02
  862,     7,  8,  3,  2,   4.00083E-01,   7.54492E+02,   3.01859E+02
  863,     7,  8,  2,  1,   2.10898E-01,   1.32219E+03,   2.78847E+02
  864,     7,  8,  1,  0,   2.38774E-01,   2.11200E+03,   5.04291E+02
  865,     6,  7,  5,  4,   4.45874E+00,   3.77416E+01,   1.68280E+02
  866,     6,  7,  4,  3,   1.41375E+00,   1.50627E+02,   2.12949E+02
  867,     6,  7,  3,  2,   6.50217E-01,   3.76737E+02,   2.44961E+02
  868,     6,  7,  2,  1,   3.79948E-01,   7.54492E+02,   2.86668E+02
  869,     6,  7,  1,  0,   2.15155E-01,   1.31811E+03,   2.83599E+02
  870,     5,  6,  4,  3,   4.53980E+00,   3.76144E+01,   1.70762E+02
  871,     5,  6,  3,  2,   1.23305E+00,   1.50627E+02,   1.85731E+02
  872,     5,  6,  2,  1,   6.01100E-01,   3.77119E+02,   2.26686E+02
  873,     5,  6,  1,  0,   3.91204E-01,   7.52965E+02,   2.94563E+02
  874,     4,  5,  3,  2,   4.14627E+00,   3.77416E+01,   1.56487E+02
  875,     4,  5,  2,  1,   1.23464E+00,   1.51136E+02,   1.86599E+02
  876,     4,  5,  1,  0,   6.81599E-01,   3.77119E+02,   2.57044E+02
  877,     3,  4,  2,  1,   4.35325E+00,   3.77416E+01,   1.64298E+02
  878,     3,  4,  1,  0,   1.51930E+00,   1.50627E+02,   2.28847E+02
  879,     2,  3,  1,  0,   4.05453E+00,   3.76144E+01,   1.52509E+02


;------ MESH SIZE ------

Number of nodes           = 3432
Number of nodes in X      = 143
Number of nodes in Y      = 24
Number of elements        = 3266
Number of elements in X   = 142
Number of elements in Y   = 23
Number of parameters      = 2210
Number of parameters in X = 130
Number of parameters in Y = 17
Number of left elements   = 8
Number of right elements  = 8
Number of top elements    = 0
Number of bottom elements = 8

;------ NODE LOCATION IN X (m) ------

Node         X
  1,     -255.000
  2,     -127.000
  3,      -63.000
  4,      -31.000
  5,      -15.000
  6,       -7.000
  7,       -3.000
  8,       -1.000
  9,        0.000
  10,        1.000
  11,        2.001
  12,        3.000
  13,        3.999
  14,        5.000
  15,        6.000
  16,        7.000
  17,        8.001
  18,        9.000
  19,        9.999
  20,       11.000
  21,       12.000
  22,       13.000
  23,       14.001
  24,       15.000
  25,       15.999
  26,       17.000
  27,       18.000
  28,       19.001
  29,       20.001
  30,       21.000
  31,       21.999
  32,       22.999
  33,       24.000
  34,       25.001
  35,       26.001
  36,       27.000
  37,       27.999
  38,       28.999
  39,       30.000
  40,       31.000
  41,       32.001
  42,       33.000
  43,       33.999
  44,       34.999
  45,       36.000
  46,       37.001
  47,       38.001
  48,       39.000
  49,       39.999
  50,       40.999
  51,       42.000
  52,       43.001
  53,       44.001
  54,       45.000
  55,       45.999
  56,       46.999
  57,       48.000
  58,       49.001
  59,       50.001
  60,       51.000
  61,       51.999
  62,       52.999
  63,       54.000
  64,       55.001
  65,       56.001
  66,       57.000
  67,       57.999
  68,       58.999
  69,       60.000
  70,       61.001
  71,       62.001
  72,       63.000
  73,       63.999
  74,       64.999
  75,       66.000
  76,       67.001
  77,       68.001
  78,       69.000
  79,       69.999
  80,       70.999
  81,       72.000
  82,       73.001
  83,       74.001
  84,       75.000
  85,       75.999
  86,       76.999
  87,       78.000
  88,       79.001
  89,       80.001
  90,       81.000
  91,       81.999
  92,       82.999
  93,       84.000
  94,       85.001
  95,       86.001
  96,       87.000
  97,       87.999
  98,       88.999
  99,       90.000
  100,       91.001
  101,       92.001
  102,       93.000
  103,       93.999
  104,       94.999
  105,       96.000
  106,       97.001
  107,       98.001
  108,       99.000
  109,       99.999
  110,      100.999
  111,      102.000
  112,      103.001
  113,      104.001
  114,      105.000
  115,      105.999
  116,      106.999
  117,      108.000
  118,      109.001
  119,      110.001
  120,      111.000
  121,      111.999
  122,      112.999
  123,      114.000
  124,      115.001
  125,      116.001
  126,      117.000
  127,      117.999
  128,      118.999
  129,      120.000
  130,      121.001
  131,      122.001
  132,      123.000
  133,      123.999
  134,      124.999
  135,      126.000
  136,      127.000
  137,      129.000
  138,      133.000
  139,      141.000
  140,      157.000
  141,      189.000
  142,      253.000
  143,      381.000

;------ NODE LOCATION IN Y (m) ------

Node          Y
  1,        0.000
  2,       -0.931
  3,       -1.954
  4,       -3.080
  5,       -4.319
  6,       -5.682
  7,       -7.180
  8,       -8.829
  9,      -10.642
  10,      -12.637
  11,      -14.832
  12,      -17.245
  13,      -19.901
  14,      -22.821
  15,      -26.034
  16,      -29.568
  17,      -33.455
  18,      -41.230
  19,      -56.780
  20,      -87.879
  21,     -150.078
  22,     -274.475
  23,     -523.270
  24,    -1020.859


;------ TIMING ------

Processing started at 13:53:00
Processing ended at 13:53:09
Processing took 0 hours  0 minutes  8 seconds  642 ms

;------ CONVERGENCE ------
5
Iteration  Res-RMS(%)    L2-Norm
    0,     58.33,     3.31712E+05
    1,     26.05,     6.62439E+04
    2,     23.91,     5.58291E+04
    3,     21.71,     4.60375E+04
    4,     21.11,     4.35230E+04

;------ OUTPUT OF DATA AND MODEL OF ALL ITERATIONS ------

;------ Iteration  0
;-Index  V/I_Meas      V/I_Calc    VI_%ERR
  1,    2.07243E+01,   1.07748E+01,  -48.01
  2,    2.56875E+00,   1.07469E+00,  -58.16
  3,    1.24840E+00,   5.38254E-01,  -56.88
  4,    9.38865E-02,   3.07475E-01,  227.50
  5,    1.51760E-01,   1.28137E-01,  -15.57
  6,    9.01102E-02,   8.96787E-02,  -0.48
  7,    2.51083E+01,   1.07385E+01,  -57.23
  8,    6.05705E+00,   2.68160E+00,  -55.73
  9,    2.62075E+00,   1.07469E+00,  -58.99
  10,    1.10857E+00,   5.37165E-01,  -51.54
  11,    1.39745E-01,   1.27906E-01,  -8.47
  12,    8.66431E-02,   8.94067E-02,  3.19
  13,    3.66935E-02,   3.06527E-01,  735.37
  14,    2.42305E-01,   2.68583E-01,  10.84
  15,    1.08723E-01,   1.53500E-01,  41.18
  16,    6.45944E-02,   9.60064E-02,  48.63
  17,    3.79840E-02,   6.39529E-02,  68.37
  18,    2.77012E-02,   4.47713E-02,  61.62
  19,    2.10235E+01,   1.07385E+01,  -48.92
  20,    5.51175E+00,   2.69066E+00,  -51.18
  21,    2.10442E+00,   1.07578E+00,  -48.88
  22,    8.42778E-01,   5.37165E-01,  -36.26
  23,    1.23720E-01,   1.27906E-01,  3.38
  24,    8.03241E-02,   8.96787E-02,  11.65
  25,    2.18757E-01,   2.68855E-01,  22.90
  26,    1.03491E-01,   1.53500E-01,  48.32
  27,    5.92737E-02,   9.59486E-02,  61.87
  28,    3.80062E-02,   6.40107E-02,  68.42
  29,    2.69831E-02,   4.47713E-02,  65.92
  30,    4.16334E-02,   6.39914E-02,  53.70
  31,    3.13011E-02,   4.26609E-02,  36.29
  32,    2.56430E-02,   2.98627E-02,  16.46
  33,    2.12077E+01,   1.07748E+01,  -49.19
  34,    5.34089E+00,   2.69066E+00,  -49.62
  35,    1.90316E+00,   1.07469E+00,  -43.53
  36,    7.61439E-01,   5.38254E-01,  -29.31
  37,    1.40548E-01,   1.28137E-01,  -8.83
  38,    7.82689E-02,   8.96787E-02,  14.58
  39,    2.08930E-01,   2.68855E-01,  28.68
  40,    1.10353E-01,   1.53737E-01,  39.31
  41,    5.87669E-02,   9.60064E-02,  63.37
  42,    4.03443E-02,   6.40107E-02,  58.66
  43,    2.84742E-02,   4.48394E-02,  57.47
  44,    4.56410E-02,   6.39914E-02,  40.21
  45,    3.47810E-02,   4.26609E-02,  22.66
  46,    2.67499E-02,   2.98627E-02,  11.64
  47,    4.41874E-02,   4.79887E-02,  8.60
  48,    2.76329E-02,   3.20054E-02,  15.82
  49,    2.43151E-02,   2.24027E-02,  -7.87
  50,    2.33259E+01,   1.07385E+01,  -53.96
  51,    4.91551E+00,   2.68160E+00,  -45.45
  52,    1.71542E+00,   1.07469E+00,  -37.35
  53,    7.63683E-01,   5.37165E-01,  -29.66
  54,    1.34355E-01,   1.27906E-01,  -4.80
  55,    8.57191E-02,   8.94067E-02,  4.30
  56,    2.89493E-02,   3.06527E-01,  958.84
  57,    2.31722E-01,   2.68583E-01,  15.91
  58,    1.18091E-01,   1.53500E-01,  29.98
  59,    6.76859E-02,   9.60064E-02,  41.84
  60,    4.56516E-02,   6.39529E-02,  40.09
  61,    3.30751E-02,   4.47713E-02,  35.36
  62,    5.05039E-02,   6.39914E-02,  26.71
  63,    3.83803E-02,   4.26609E-02,  11.15
  64,    2.78508E-02,   2.98627E-02,  7.22
  65,    4.45802E-02,   4.79887E-02,  7.65
  66,    2.72002E-02,   3.19909E-02,  17.61
  67,    2.78031E-02,   2.23857E-02,  -19.49
  68,    3.00666E-02,   2.55904E-02,  -14.89
  69,    2.17111E-02,   1.79140E-02,  -17.49
  70,    2.51867E+01,   1.07385E+01,  -57.36
  71,    4.91285E+00,   2.69066E+00,  -45.23
  72,    1.79343E+00,   1.07578E+00,  -40.02
  73,    8.39700E-01,   5.37165E-01,  -36.03
  74,    1.49670E-01,   3.07475E-01,  105.44
  75,    1.47258E-01,   1.27906E-01,  -13.14
  76,    9.33280E-02,   8.96787E-02,  -3.91
  77,    2.58679E-01,   2.68855E-01,  3.93
  78,    1.22031E-01,   1.53500E-01,  25.79
  79,    7.54422E-02,   9.59486E-02,  27.18
  80,    5.03819E-02,   6.40107E-02,  27.05
  81,    3.87900E-02,   4.47713E-02,  15.42
  82,    5.76154E-02,   6.39914E-02,  11.07
  83,    4.36995E-02,   4.26609E-02,  -2.38
  84,    3.19190E-02,   2.98627E-02,  -6.44
  85,    4.86561E-02,   4.80032E-02,  -1.34
  86,    3.01298E-02,   3.19909E-02,  6.18
  87,    2.91209E-02,   2.24027E-02,  -23.07
  88,    3.00144E-02,   2.55997E-02,  -14.71
  89,    2.13417E-02,   1.79140E-02,  -16.06
  90,    2.58147E-02,   2.13305E-02,  -17.37
  91,    1.98618E-02,   1.49313E-02,  -24.82
  92,    5.35987E+00,   2.69066E+00,  -49.80
  93,    2.08741E+00,   1.07469E+00,  -48.52
  94,    1.02678E+00,   5.38254E-01,  -47.58
  95,    1.87425E-01,   3.07475E-01,  64.05
  96,    1.72181E-01,   1.28137E-01,  -25.58
  97,    1.17447E-01,   8.96787E-02,  -23.64
  98,    2.90909E-01,   2.68855E-01,  -7.58
  99,    1.47621E-01,   1.53737E-01,  4.14
  100,    8.99679E-02,   9.60064E-02,  6.71
  101,    6.19399E-02,   6.40107E-02,  3.34
  102,    4.74925E-02,   4.48394E-02,  -5.59
  103,    6.89750E-02,   6.39914E-02,  -7.23
  104,    4.92579E-02,   4.26609E-02,  -13.39
  105,    3.40743E-02,   2.98627E-02,  -12.36
  106,    5.22244E-02,   4.79887E-02,  -8.11
  107,    3.38687E-02,   3.20054E-02,  -5.50
  108,    3.23105E-02,   2.24027E-02,  -30.66
  109,    3.19228E-02,   2.55997E-02,  -19.81
  110,    2.16338E-02,   1.79249E-02,  -17.14
  111,    2.66745E-02,   2.13305E-02,  -20.03
  112,    2.14036E-02,   1.49313E-02,  -30.24
  113,    5.72150E+00,   2.68160E+00,  -53.13
  114,    2.31320E+00,   1.07469E+00,  -53.54
  115,    9.68294E-01,   5.37165E-01,  -44.52
  116,    1.86464E-01,   3.06527E-01,  64.39
  117,    1.88712E-01,   1.27906E-01,  -32.22
  118,    1.03236E-01,   8.94067E-02,  -13.40
  119,    2.96212E-01,   2.68583E-01,  -9.33
  120,    1.63627E-01,   1.53500E-01,  -6.19
  121,    1.00222E-01,   9.60064E-02,  -4.21
  122,    7.38560E-02,   6.39529E-02,  -13.41
  123,    5.39285E-02,   4.47713E-02,  -16.98
  124,    8.00984E-02,   6.39914E-02,  -20.11
  125,    5.42293E-02,   4.26609E-02,  -21.33
  126,    3.46281E-02,   2.98627E-02,  -13.76
  127,    5.20586E-02,   4.79887E-02,  -7.82
  128,    4.13181E-02,   3.19909E-02,  -22.57
  129,    3.06594E-02,   2.23857E-02,  -26.99
  130,    3.37121E-02,   2.55904E-02,  -24.09
  131,    2.32575E-02,   1.79140E-02,  -22.98
  132,    2.79093E-02,   2.13305E-02,  -23.57
  133,    2.16048E-02,   1.49313E-02,  -30.89
  134,    6.07769E+00,   2.69066E+00,  -55.73
  135,    2.01531E+00,   1.07578E+00,  -46.62
  136,    9.22482E-01,   5.37165E-01,  -41.77
  137,    2.93652E-01,   3.07475E-01,  4.71
  138,    4.42888E-01,   1.92129E-01,  -56.62
  139,    1.43564E-01,   1.27906E-01,  -10.91
  140,    9.80310E-02,   8.96787E-02,  -8.52
  141,    2.89595E-01,   2.68855E-01,  -7.16
  142,    1.62090E-01,   1.53500E-01,  -5.30
  143,    1.02372E-01,   9.59486E-02,  -6.27
  144,    7.43722E-02,   6.40107E-02,  -13.93
  145,    5.26667E-02,   4.47713E-02,  -14.99
  146,    8.48895E-02,   6.39914E-02,  -24.62
  147,    5.70213E-02,   4.26609E-02,  -25.18
  148,    3.24661E-02,   2.98627E-02,  -8.02
  149,    5.09961E-02,   4.80032E-02,  -5.87
  150,    4.73332E-02,   3.19909E-02,  -32.41
  151,    2.71496E-02,   2.24027E-02,  -17.48
  152,    3.33201E-02,   2.55997E-02,  -23.17
  153,    2.30520E-02,   1.79140E-02,  -22.29
  154,    2.80427E-02,   2.13305E-02,  -23.94
  155,    2.28094E-02,   1.49313E-02,  -34.54
  156,    5.95258E+00,   2.69066E+00,  -54.80
  157,    2.26191E+00,   1.07469E+00,  -52.49
  158,    9.77684E-01,   5.38254E-01,  -44.95
  159,    3.24570E-01,   3.07475E-01,  -5.27
  160,    4.23618E-01,   1.91897E-01,  -54.70
  161,    1.53060E-01,   1.28137E-01,  -16.28
  162,    9.56131E-02,   8.96787E-02,  -6.21
  163,    2.82887E-01,   2.68855E-01,  -4.96
  164,    1.58797E-01,   1.53737E-01,  -3.19
  165,    1.07999E-01,   9.60064E-02,  -11.10
  166,    7.42793E-02,   6.40107E-02,  -13.82
  167,    5.51055E-02,   4.48394E-02,  -18.63
  168,    8.47283E-02,   6.39914E-02,  -24.47
  169,    5.42794E-02,   4.26609E-02,  -21.40
  170,    3.04051E-02,   2.98627E-02,  -1.78
  171,    5.27314E-02,   4.79887E-02,  -8.99
  172,    4.60293E-02,   3.20054E-02,  -30.47
  173,    2.79294E-02,   2.24027E-02,  -19.79
  174,    3.38499E-02,   2.55997E-02,  -24.37
  175,    2.26353E-02,   1.79249E-02,  -20.81
  176,    2.78493E-02,   2.13305E-02,  -23.41
  177,    6.10244E+00,   2.68160E+00,  -56.06
  178,    2.13197E+00,   1.07469E+00,  -49.59
  179,    9.54436E-01,   5.37165E-01,  -43.72
  180,    2.45200E-01,   3.06527E-01,  25.01
  181,    3.76698E-01,   1.91897E-01,  -49.06
  182,    1.33233E-01,   1.27906E-01,  -4.00
  183,    9.42898E-02,   8.94067E-02,  -5.18
  184,    2.82526E-01,   2.68583E-01,  -4.94
  185,    1.63757E-01,   1.53500E-01,  -6.26
  186,    1.10012E-01,   9.60064E-02,  -12.73
  187,    7.46303E-02,   6.39529E-02,  -14.31
  188,    5.90355E-02,   4.47713E-02,  -24.16
  189,    8.03295E-02,   6.39914E-02,  -20.34
  190,    4.74987E-02,   4.26609E-02,  -10.19
  191,    3.07734E-02,   2.98627E-02,  -2.96
  192,    5.14108E-02,   4.79887E-02,  -6.66
  193,    4.45487E-02,   3.19909E-02,  -28.19
  194,    2.74163E-02,   2.23857E-02,  -18.35
  195,    3.06639E-02,   2.55904E-02,  -16.55
  196,    2.23371E-02,   1.79140E-02,  -19.80
  197,    2.72825E-02,   2.13305E-02,  -21.82
  198,    6.03535E+00,   2.69066E+00,  -55.42
  199,    2.22474E+00,   1.07578E+00,  -51.64
  200,    7.89918E-01,   5.37165E-01,  -32.00
  201,    2.48124E-01,   3.07475E-01,  23.92
  202,    3.35292E-01,   1.92129E-01,  -42.70
  203,    1.32921E-01,   1.27906E-01,  -3.77
  204,    8.68220E-02,   8.96787E-02,  3.29
  205,    2.64123E-01,   2.68855E-01,  1.79
  206,    1.65569E-01,   1.53500E-01,  -7.29
  207,    1.07036E-01,   9.59486E-02,  -10.36
  208,    7.59017E-02,   6.40107E-02,  -15.67
  209,    5.40453E-02,   4.47713E-02,  -17.16
  210,    8.10408E-02,   6.39914E-02,  -21.04
  211,    4.27062E-02,   4.26609E-02,  -0.11
  212,    3.14016E-02,   2.98627E-02,  -4.90
  213,    5.61689E-02,   4.80032E-02,  -14.54
  214,    3.83145E-02,   3.19909E-02,  -16.50
  215,    2.56840E-02,   2.24027E-02,  -12.78
  216,    2.82814E-02,   2.55997E-02,  -9.48
  217,    2.13449E-02,   1.79140E-02,  -16.07
  218,    2.72835E-02,   2.13305E-02,  -21.82
  219,    2.60792E+01,   1.07748E+01,  -58.68
  220,    5.43997E+00,   2.69066E+00,  -50.54
  221,    1.55118E+00,   1.07469E+00,  -30.72
  222,    6.28012E-01,   5.38254E-01,  -14.29
  223,    2.03822E-01,   3.07475E-01,  50.85
  224,    2.36711E-01,   1.91897E-01,  -18.93
  225,    1.01014E-01,   1.28137E-01,  26.85
  226,    7.10739E-02,   8.96787E-02,  26.18
  227,    2.37972E-01,   2.68855E-01,  12.98
  228,    1.50735E-01,   1.53737E-01,  1.99
  229,    9.68624E-02,   9.60064E-02,  -0.88
  230,    7.46612E-02,   6.40107E-02,  -14.27
  231,    4.77969E-02,   4.48394E-02,  -6.19
  232,    7.03605E-02,   6.39914E-02,  -9.05
  233,    3.70233E-02,   4.26609E-02,  15.23
  234,    3.44764E-02,   2.98627E-02,  -13.38
  235,    5.95121E-02,   4.79887E-02,  -19.36
  236,    3.17637E-02,   3.20054E-02,  0.76
  237,    2.44197E-02,   2.24027E-02,  -8.26
  238,    2.69293E-02,   2.55997E-02,  -4.94
  239,    1.95159E-02,   1.79249E-02,  -8.15
  240,    2.63180E-02,   2.13305E-02,  -18.95
  241,    6.07736E+00,   2.68160E+00,  -55.88
  242,    1.93509E+00,   1.07469E+00,  -44.46
  243,    6.86918E-01,   5.37165E-01,  -21.80
  244,    2.31855E-01,   3.06527E-01,  32.21
  245,    2.85318E-01,   1.91897E-01,  -32.74
  246,    1.19573E-01,   1.27906E-01,  6.97
  247,    8.72093E-02,   8.94067E-02,  2.52
  248,    2.50916E-01,   2.68583E-01,  7.04
  249,    1.50949E-01,   1.53500E-01,  1.69
  250,    9.97042E-02,   9.60064E-02,  -3.71
  251,    6.79016E-02,   6.39529E-02,  -5.82
  252,    4.91152E-02,   4.47713E-02,  -8.84
  253,    6.06553E-02,   6.39914E-02,  5.50
  254,    3.72737E-02,   4.26609E-02,  14.45
  255,    3.47560E-02,   2.98627E-02,  -14.08
  256,    5.53386E-02,   4.79887E-02,  -13.28
  257,    3.16469E-02,   3.19909E-02,  1.09
  258,    2.13461E-02,   2.23857E-02,  4.87
  259,    2.57171E-02,   2.55904E-02,  -0.49
  260,    1.88288E-02,   1.79140E-02,  -4.86
  261,    2.46788E-02,   2.13305E-02,  -13.57
  262,    1.83269E+00,   1.07578E+00,  -41.30
  263,    6.79957E-01,   5.37165E-01,  -21.00
  264,    1.85478E-01,   3.07475E-01,  65.77
  265,    3.07694E-01,   1.92129E-01,  -37.56
  266,    1.19004E-01,   1.27906E-01,  7.48
  267,    8.97034E-02,   8.96787E-02,  -0.03
  268,    2.70660E-01,   2.68855E-01,  -0.67
  269,    1.57234E-01,   1.53500E-01,  -2.37
  270,    1.12358E-01,   9.59486E-02,  -14.60
  271,    6.80839E-02,   6.40107E-02,  -5.98
  272,    4.72548E-02,   4.47713E-02,  -5.26
  273,    5.29234E-02,   6.39914E-02,  20.91
  274,    3.74505E-02,   4.26609E-02,  13.91
  275,    3.42883E-02,   2.98627E-02,  -12.91
  276,    5.42960E-02,   4.80032E-02,  -11.59
  277,    3.08836E-02,   3.19909E-02,  3.59
  278,    1.97530E-02,   2.24027E-02,  13.41
  279,    2.42351E-02,   2.55997E-02,  5.63
  280,    1.85181E-02,   1.79140E-02,  -3.26
  281,    2.43974E-02,   2.13305E-02,  -12.57
  282,    2.09371E+00,   1.07469E+00,  -48.67
  283,    7.79404E-01,   5.38254E-01,  -30.94
  284,    1.91602E-01,   3.07475E-01,  60.48
  285,    3.78759E-01,   1.91897E-01,  -49.34
  286,    1.48487E-01,   1.28137E-01,  -13.70
  287,    9.99060E-02,   8.96787E-02,  -10.24
  288,    2.88083E-01,   2.68855E-01,  -6.67
  289,    1.73485E-01,   1.53737E-01,  -11.38
  290,    1.09826E-01,   9.60064E-02,  -12.58
  291,    7.46354E-02,   6.40107E-02,  -14.24
  292,    4.36110E-02,   4.48394E-02,  2.82
  293,    5.13951E-02,   6.39914E-02,  24.51
  294,    4.50839E-02,   4.26609E-02,  -5.37
  295,    2.97197E-02,   2.98627E-02,  0.48
  296,    4.69384E-02,   4.79887E-02,  2.24
  297,    2.95880E-02,   3.20054E-02,  8.17
  298,    1.92295E-02,   2.24027E-02,  16.50
  299,    2.35129E-02,   2.55997E-02,  8.87
  300,    1.79449E-02,   1.79249E-02,  -0.11
  301,    1.95633E+00,   1.07469E+00,  -45.07
  302,    7.22030E-01,   5.37165E-01,  -25.60
  303,    2.45501E-01,   3.06527E-01,  24.86
  304,    3.14589E-01,   1.91897E-01,  -39.00
  305,    1.32839E-01,   1.27906E-01,  -3.71
  306,    9.12254E-02,   8.94067E-02,  -1.99
  307,    2.81530E-01,   2.68583E-01,  -4.60
  308,    1.84205E-01,   1.53500E-01,  -16.67
  309,    1.01430E-01,   9.60064E-02,  -5.35
  310,    6.69656E-02,   6.39529E-02,  -4.50
  311,    3.76459E-02,   4.47713E-02,  18.93
  312,    5.08173E-02,   6.39914E-02,  25.92
  313,    4.43708E-02,   4.26609E-02,  -3.85
  314,    2.39373E-02,   2.98627E-02,  24.75
  315,    3.91844E-02,   4.79887E-02,  22.47
  316,    2.76876E-02,   3.19909E-02,  15.54
  317,    1.84457E-02,   2.23857E-02,  21.36
  318,    2.23618E-02,   2.55904E-02,  14.44
  319,    1.70212E-02,   1.79140E-02,  5.25
  320,    2.45714E+00,   1.07578E+00,  -56.22
  321,    9.03480E-01,   5.37165E-01,  -40.54
  322,    1.82202E-01,   3.07475E-01,  68.75
  323,    1.66081E-01,   1.27906E-01,  -22.99
  324,    1.09426E-01,   8.96787E-02,  -18.05
  325,    3.16558E-01,   2.68855E-01,  -15.07
  326,    1.79875E-01,   1.53500E-01,  -14.66
  327,    1.09995E-01,   9.59486E-02,  -12.77
  328,    5.94460E-02,   6.40107E-02,  7.68
  329,    3.31911E-02,   4.47713E-02,  34.89
  330,    5.25062E-02,   6.39914E-02,  21.87
  331,    4.42747E-02,   4.26609E-02,  -3.64
  332,    2.24154E-02,   2.98627E-02,  33.22
  333,    3.92747E-02,   4.80032E-02,  22.22
  334,    2.48500E-02,   3.19909E-02,  28.74
  335,    1.74309E-02,   2.24027E-02,  28.52
  336,    2.08296E-02,   2.55997E-02,  22.90
  337,    1.74077E-02,   1.79140E-02,  2.91
  338,    2.15001E+00,   1.07469E+00,  -50.01
  339,    9.91793E-01,   5.38254E-01,  -45.73
  340,    1.39811E-01,   3.07475E-01,  119.92
  341,    1.61607E-01,   1.28137E-01,  -20.71
  342,    1.27958E-01,   8.96787E-02,  -29.92
  343,    3.73491E-01,   2.68855E-01,  -28.02
  344,    1.82501E-01,   1.53737E-01,  -15.76
  345,    1.07117E-01,   9.60064E-02,  -10.37
  346,    5.49832E-02,   6.40107E-02,  16.42
  347,    3.14264E-02,   4.48394E-02,  42.68
  348,    5.80390E-02,   6.39914E-02,  10.26
  349,    3.50537E-02,   4.26609E-02,  21.70
  350,    2.26806E-02,   2.98627E-02,  31.67
  351,    3.84461E-02,   4.79887E-02,  24.82
  352,    2.28213E-02,   3.20054E-02,  40.24
  353,    1.63110E-02,   2.24027E-02,  37.35
  354,    2.02806E-02,   2.55997E-02,  26.23
  355,    6.32291E+00,   2.68160E+00,  -57.59
  356,    2.42941E+00,   1.07469E+00,  -55.76
  357,    9.34296E-01,   5.37165E-01,  -42.51
  358,    2.53052E-01,   3.06527E-01,  21.13
  359,    4.70146E-01,   1.91897E-01,  -59.18
  360,    2.05146E-01,   1.27906E-01,  -37.65
  361,    1.38997E-01,   8.94067E-02,  -35.68
  362,    3.64430E-01,   2.68583E-01,  -26.30
  363,    1.98949E-01,   1.53500E-01,  -22.84
  364,    9.42916E-02,   9.60064E-02,  1.82
  365,    4.87184E-02,   6.39529E-02,  31.27
  366,    3.58201E-02,   4.47713E-02,  24.99
  367,    6.18732E-02,   6.39914E-02,  3.42
  368,    3.14527E-02,   4.26609E-02,  35.64
  369,    2.36043E-02,   2.98627E-02,  26.51
  370,    3.66439E-02,   4.79887E-02,  30.96
  371,    2.19586E-02,   3.19909E-02,  45.69
  372,    1.62634E-02,   2.23857E-02,  37.64
  373,    2.03385E-02,   2.55904E-02,  25.82
  374,    2.14589E+00,   1.07578E+00,  -49.87
  375,    8.45372E-01,   5.37165E-01,  -36.46
  376,    2.44612E-01,   3.07475E-01,  25.70
  377,    1.99963E-01,   1.27906E-01,  -36.04
  378,    1.13386E-01,   8.96787E-02,  -20.91
  379,    3.50445E-01,   2.68855E-01,  -23.28
  380,    1.83315E-01,   1.53500E-01,  -16.26
  381,    8.18915E-02,   9.59486E-02,  17.17
  382,    4.43376E-02,   6.40107E-02,  44.37
  383,    3.74022E-02,   4.47713E-02,  19.70
  384,    6.16918E-02,   6.39914E-02,  3.73
  385,    2.91736E-02,   4.26609E-02,  46.23
  386,    2.26963E-02,   2.98627E-02,  31.58
  387,    3.60432E-02,   4.80032E-02,  33.18
  388,    2.23686E-02,   3.19909E-02,  43.02
  389,    1.57647E-02,   2.24027E-02,  42.11
  390,    1.92219E-02,   2.55997E-02,  33.18
  391,    1.99952E+00,   1.07469E+00,  -46.25
  392,    8.46089E-01,   5.38254E-01,  -36.38
  393,    3.85740E-01,   3.07475E-01,  -20.29
  394,    1.78218E-01,   1.28137E-01,  -28.10
  395,    1.34689E-01,   8.96787E-02,  -33.42
  396,    3.74887E-01,   2.68855E-01,  -28.28
  397,    1.54621E-01,   1.53737E-01,  -0.57
  398,    7.03302E-02,   9.60064E-02,  36.51
  399,    4.76763E-02,   6.40107E-02,  34.26
  400,    3.89113E-02,   4.48394E-02,  15.23
  401,    5.12519E-02,   6.39914E-02,  24.86
  402,    3.10974E-02,   4.26609E-02,  37.18
  403,    1.97023E-02,   2.98627E-02,  51.57
  404,    3.20080E-02,   4.79887E-02,  49.93
  405,    2.10656E-02,   3.20054E-02,  51.93
  406,    1.54380E-02,   2.24027E-02,  45.11
  407,    1.94699E-02,   2.55997E-02,  31.48
  408,    6.11714E+00,   2.68160E+00,  -56.16
  409,    1.96900E+00,   1.07469E+00,  -45.42
  410,    1.11223E+00,   5.37165E-01,  -51.70
  411,    4.54019E-01,   3.06527E-01,  -32.49
  412,    4.47306E-01,   1.91897E-01,  -57.10
  413,    2.22446E-01,   1.27906E-01,  -42.50
  414,    1.42246E-01,   8.94067E-02,  -37.15
  415,    3.65735E-01,   2.68583E-01,  -26.56
  416,    1.39970E-01,   1.53500E-01,  9.67
  417,    6.62039E-02,   9.60064E-02,  45.02
  418,    5.30261E-02,   6.39529E-02,  20.61
  419,    4.62791E-02,   4.47713E-02,  -3.26
  420,    4.34874E-02,   6.39914E-02,  47.15
  421,    3.12419E-02,   4.26609E-02,  36.55
  422,    1.85895E-02,   2.98627E-02,  60.64
  423,    3.09585E-02,   4.79887E-02,  55.01
  424,    2.11322E-02,   3.19909E-02,  51.38
  425,    1.56539E-02,   2.23857E-02,  43.00
  426,    2.06630E-02,   2.55904E-02,  23.85
  427,    5.59096E+00,   2.69066E+00,  -51.87
  428,    2.54020E+00,   1.07578E+00,  -57.65
  429,    1.17197E+00,   5.37165E-01,  -54.17
  430,    3.70809E-01,   3.07475E-01,  -17.08
  431,    2.29461E-01,   1.27906E-01,  -44.26
  432,    1.23286E-01,   8.96787E-02,  -27.26
  433,    3.23268E-01,   2.68855E-01,  -16.83
  434,    1.25831E-01,   1.53500E-01,  21.99
  435,    7.66221E-02,   9.59486E-02,  25.22
  436,    5.95566E-02,   6.40107E-02,  7.48
  437,    3.93403E-02,   4.47713E-02,  13.81
  438,    4.23110E-02,   6.39914E-02,  51.24
  439,    3.11593E-02,   4.26609E-02,  36.91
  440,    1.91772E-02,   2.98627E-02,  55.72
  441,    3.08001E-02,   4.80032E-02,  55.85
  442,    2.13899E-02,   3.19909E-02,  49.56
  443,    1.53893E-02,   2.24027E-02,  45.57
  444,    1.10216E+00,   5.38254E-01,  -51.16
  445,    3.55291E-01,   3.07475E-01,  -13.46
  446,    2.01173E-01,   1.28137E-01,  -36.30
  447,    1.09193E-01,   8.96787E-02,  -17.87
  448,    2.85219E-01,   2.68855E-01,  -5.74
  449,    1.14398E-01,   1.53737E-01,  34.39
  450,    8.33429E-02,   9.60064E-02,  15.19
  451,    6.73928E-02,   6.40107E-02,  -5.02
  452,    3.10131E-02,   4.48394E-02,  44.58
  453,    4.63897E-02,   6.39914E-02,  37.94
  454,    2.79575E-02,   4.26609E-02,  52.59
  455,    1.93758E-02,   2.98627E-02,  54.12
  456,    3.14156E-02,   4.79887E-02,  52.75
  457,    2.10809E-02,   3.20054E-02,  51.82
  458,    1.58374E-02,   2.24027E-02,  41.45
  459,    2.59148E+00,   1.07469E+00,  -58.53
  460,    2.69711E-01,   3.06527E-01,  13.65
  461,    1.79430E-01,   1.27906E-01,  -28.72
  462,    9.71550E-02,   8.94067E-02,  -7.98
  463,    2.52782E-01,   2.68583E-01,  6.25
  464,    1.31542E-01,   1.53500E-01,  16.69
  465,    9.25395E-02,   9.60064E-02,  3.75
  466,    5.65087E-02,   6.39529E-02,  13.17
  467,    3.04459E-02,   4.47713E-02,  47.05
  468,    4.72243E-02,   6.39914E-02,  35.51
  469,    2.64648E-02,   4.26609E-02,  61.20
  470,    1.95223E-02,   2.98627E-02,  52.97
  471,    3.12206E-02,   4.79887E-02,  53.71
  472,    2.13894E-02,   3.19909E-02,  49.56
  473,    1.68177E-02,   2.23857E-02,  33.11
  474,    6.58037E+00,   2.69066E+00,  -59.11
  475,    1.32024E+00,   5.37165E-01,  -59.31
  476,    2.97713E-01,   3.07475E-01,  3.28
  477,    1.39096E-01,   1.27906E-01,  -8.05
  478,    7.57013E-02,   8.96787E-02,  18.46
  479,    2.18441E-01,   2.68855E-01,  23.08
  480,    1.42850E-01,   1.53500E-01,  7.46
  481,    1.04678E-01,   9.59486E-02,  -8.34
  482,    4.50503E-02,   6.40107E-02,  42.09
  483,    3.05649E-02,   4.47713E-02,  46.48
  484,    4.68946E-02,   6.39914E-02,  36.46
  485,    2.70807E-02,   4.26609E-02,  57.53
  486,    1.89779E-02,   2.98627E-02,  57.35
  487,    3.05025E-02,   4.80032E-02,  57.37
  488,    2.15553E-02,   3.19909E-02,  48.41
  489,    1.75997E-02,   2.24027E-02,  27.29
  490,    1.13693E+00,   5.38254E-01,  -52.66
  491,    2.05482E-01,   3.07475E-01,  49.64
  492,    1.19034E-01,   1.28137E-01,  7.65
  493,    7.44040E-02,   8.96787E-02,  20.53
  494,    2.40615E-01,   2.68855E-01,  11.74
  495,    1.56809E-01,   1.53737E-01,  -1.96
  496,    8.71872E-02,   9.60064E-02,  10.12
  497,    4.46907E-02,   6.40107E-02,  43.23
  498,    3.42368E-02,   4.48394E-02,  30.97
  499,    4.33740E-02,   6.39914E-02,  47.53
  500,    2.79442E-02,   4.26609E-02,  52.66
  501,    1.95538E-02,   2.98627E-02,  52.72
  502,    3.21501E-02,   4.79887E-02,  49.26
  503,    2.18782E-02,   3.20054E-02,  46.29
  504,    1.00591E+00,   5.37165E-01,  -46.60
  505,    1.33652E-01,   3.06527E-01,  129.35
  506,    1.16760E-01,   1.27906E-01,  9.55
  507,    1.05913E-01,   8.94067E-02,  -15.58
  508,    2.82124E-01,   2.68583E-01,  -4.80
  509,    1.88030E-01,   1.53500E-01,  -18.36
  510,    7.33085E-02,   9.60064E-02,  30.96
  511,    4.74624E-02,   6.39529E-02,  34.74
  512,    3.83079E-02,   4.47713E-02,  16.87
  513,    4.16925E-02,   6.39914E-02,  53.48
  514,    2.93357E-02,   4.26609E-02,  45.42
  515,    2.03250E-02,   2.98627E-02,  46.93
  516,    3.25848E-02,   4.79887E-02,  47.27
  517,    2.32618E-02,   3.19909E-02,  37.53
  518,    5.57527E+00,   2.69066E+00,  -51.74
  519,    1.77954E+00,   1.07578E+00,  -39.55
  520,    6.51715E-01,   5.37165E-01,  -17.58
  521,    1.22119E-01,   3.07475E-01,  151.78
  522,    2.99050E-01,   1.92129E-01,  -35.75
  523,    1.29912E-01,   1.27906E-01,  -1.54
  524,    7.71218E-02,   8.96787E-02,  16.28
  525,    2.81795E-01,   2.68855E-01,  -4.59
  526,    1.40823E-01,   1.53500E-01,  9.00
  527,    6.60604E-02,   9.59486E-02,  45.24
  528,    4.80322E-02,   6.40107E-02,  33.27
  529,    3.00191E-02,   4.47713E-02,  49.14
  530,    4.15528E-02,   6.39914E-02,  54.00
  531,    2.76315E-02,   4.26609E-02,  54.39
  532,    2.04332E-02,   2.98627E-02,  46.15
  533,    3.21279E-02,   4.80032E-02,  49.41
  534,    2.37388E-02,   3.19909E-02,  34.76
  535,    5.21130E+00,   2.69066E+00,  -48.37
  536,    1.56605E+00,   1.07469E+00,  -31.38
  537,    5.72462E-01,   5.38254E-01,  -5.98
  538,    1.76971E-01,   3.07475E-01,  73.74
  539,    3.34841E-01,   1.91897E-01,  -42.69
  540,    1.32818E-01,   1.28137E-01,  -3.52
  541,    1.26665E-01,   8.96787E-02,  -29.20
  542,    3.23660E-01,   2.68855E-01,  -16.93
  543,    1.12088E-01,   1.53737E-01,  37.16
  544,    6.67424E-02,   9.60064E-02,  43.85
  545,    5.08003E-02,   6.40107E-02,  26.00
  546,    2.72923E-02,   4.48394E-02,  64.29
  547,    4.16490E-02,   6.39914E-02,  53.64
  548,    2.77499E-02,   4.26609E-02,  53.73
  549,    2.03417E-02,   2.98627E-02,  46.81
  550,    3.29427E-02,   4.79887E-02,  45.67
  551,    2.57314E-02,   3.20054E-02,  24.38
  552,    2.38875E+01,   1.07385E+01,  -55.05
  553,    4.41358E+00,   2.68160E+00,  -39.24
  554,    1.29953E+00,   1.07469E+00,  -17.30
  555,    5.60187E-01,   5.37165E-01,  -4.11
  556,    3.87876E-01,   3.06527E-01,  -20.97
  557,    2.58467E-01,   1.91897E-01,  -25.76
  558,    2.11006E-01,   1.27906E-01,  -39.38
  559,    1.19297E-01,   8.94067E-02,  -25.06
  560,    2.93383E-01,   2.68583E-01,  -8.45
  561,    1.22231E-01,   1.53500E-01,  25.58
  562,    8.06615E-02,   9.60064E-02,  19.02
  563,    4.70720E-02,   6.39529E-02,  35.86
  564,    3.13164E-02,   4.47713E-02,  42.96
  565,    4.31678E-02,   6.39914E-02,  48.24
  566,    2.89400E-02,   4.26609E-02,  47.41
  567,    1.97790E-02,   2.98627E-02,  50.98
  568,    3.36847E-02,   4.79887E-02,  42.46
  569,    1.67942E+01,   1.07385E+01,  -36.06
  570,    3.07161E+00,   2.69066E+00,  -12.40
  571,    1.08454E+00,   1.07578E+00,  -0.81
  572,    7.31747E-01,   5.37165E-01,  -26.59
  573,    3.66913E-01,   3.07475E-01,  -16.20
  574,    3.27837E-01,   1.92129E-01,  -41.40
  575,    1.69613E-01,   1.27906E-01,  -24.59
  576,    8.09325E-02,   8.96787E-02,  10.81
  577,    2.31591E-01,   2.68855E-01,  16.09
  578,    1.24665E-01,   1.53500E-01,  23.13
  579,    8.57160E-02,   9.59486E-02,  11.94
  580,    4.33129E-02,   6.40107E-02,  47.79
  581,    3.19547E-02,   4.47713E-02,  40.11
  582,    4.37952E-02,   6.39914E-02,  46.12
  583,    3.06382E-02,   4.26609E-02,  39.24
  584,    2.15092E-02,   2.98627E-02,  38.84
  585,    3.42349E-02,   4.80032E-02,  40.22
  586,    9.89550E+00,   1.07748E+01,  8.89
  587,    2.38184E+00,   2.69066E+00,  12.97
  588,    1.39654E+00,   1.07469E+00,  -23.05
  589,    6.61919E-01,   5.38254E-01,  -18.68
  590,    5.03590E-01,   3.07475E-01,  -38.94
  591,    2.93625E-01,   1.91897E-01,  -34.65
  592,    1.16914E-01,   1.28137E-01,  9.60
  593,    7.23241E-02,   8.96787E-02,  24.00
  594,    2.19162E-01,   2.68855E-01,  22.67
  595,    1.30039E-01,   1.53737E-01,  18.22
  596,    6.85258E-02,   9.60064E-02,  40.10
  597,    4.31907E-02,   6.40107E-02,  48.20
  598,    2.99446E-02,   4.48394E-02,  49.74
  599,    4.31238E-02,   6.39914E-02,  48.39
  600,    2.98551E-02,   4.26609E-02,  42.89
  601,    2.25431E-02,   2.98627E-02,  32.47
  602,    3.65465E-02,   4.79887E-02,  31.31
  603,    7.08428E+00,   1.07385E+01,  51.58
  604,    2.89216E+00,   2.68160E+00,  -7.28
  605,    1.21571E+00,   1.07469E+00,  -11.60
  606,    8.93043E-01,   5.37165E-01,  -39.85
  607,    2.57100E-01,   3.06527E-01,  19.22
  608,    3.13606E-01,   1.91897E-01,  -38.81
  609,    1.00731E-01,   1.27906E-01,  26.98
  610,    7.36282E-02,   8.94067E-02,  21.43
  611,    2.12331E-01,   2.68583E-01,  26.49
  612,    1.30740E-01,   1.53500E-01,  17.41
  613,    6.02286E-02,   9.60064E-02,  59.40
  614,    4.17568E-02,   6.39529E-02,  53.16
  615,    2.89149E-02,   4.47713E-02,  54.84
  616,    4.07218E-02,   6.39914E-02,  57.14
  617,    2.70620E-02,   4.26609E-02,  57.64
  618,    2.15469E-02,   2.98627E-02,  38.59
  619,    3.70290E-02,   4.79887E-02,  29.60
  620,    8.79268E+00,   1.07385E+01,  22.13
  621,    2.54118E+00,   2.69066E+00,  5.88
  622,    1.74784E+00,   1.07578E+00,  -38.45
  623,    6.85082E-01,   5.37165E-01,  -21.59
  624,    9.80398E-02,   3.07475E-01,  213.62
  625,    3.19806E-01,   1.92129E-01,  -39.92
  626,    1.07180E-01,   1.27906E-01,  19.34
  627,    6.78824E-02,   8.96787E-02,  32.11
  628,    2.20046E-01,   2.68855E-01,  22.18
  629,    1.04101E-01,   1.53500E-01,  47.45
  630,    5.97977E-02,   9.59486E-02,  60.46
  631,    3.92570E-02,   6.40107E-02,  63.06
  632,    2.71704E-02,   4.47713E-02,  64.78
  633,    4.00146E-02,   6.39914E-02,  59.92
  634,    2.61179E-02,   4.26609E-02,  63.34
  635,    2.11287E-02,   2.98627E-02,  41.34
  636,    8.51856E+00,   1.07748E+01,  26.49
  637,    3.76990E+00,   2.69066E+00,  -28.63
  638,    1.38552E+00,   1.07469E+00,  -22.43
  639,    4.72214E-01,   5.38254E-01,  13.99
  640,    3.79685E-01,   1.91897E-01,  -49.46
  641,    1.03746E-01,   1.28137E-01,  23.51
  642,    8.84052E-02,   8.96787E-02,  1.44
  643,    6.38813E-02,   3.07475E-01,  381.32
  644,    2.34054E-01,   2.68855E-01,  14.87
  645,    9.64497E-02,   1.53737E-01,  59.40
  646,    6.11518E-02,   9.60064E-02,  57.00
  647,    3.98833E-02,   6.40107E-02,  60.49
  648,    2.58941E-02,   4.48394E-02,  73.16
  649,    3.89861E-02,   6.39914E-02,  64.14
  650,    2.69907E-02,   4.26609E-02,  58.06
  651,    1.67956E+01,   1.07385E+01,  -36.06
  652,    3.93603E+00,   2.68160E+00,  -31.87
  653,    1.17817E+00,   1.07469E+00,  -8.78
  654,    5.67485E-01,   5.37165E-01,  -5.34
  655,    2.37236E-01,   3.06527E-01,  29.21
  656,    3.31717E-01,   1.91897E-01,  -42.15
  657,    1.69616E-01,   1.27906E-01,  -24.59
  658,    9.37500E-02,   8.94067E-02,  -4.63
  659,    2.30507E-01,   2.68583E-01,  16.52
  660,    1.20047E-01,   1.53500E-01,  27.87
  661,    7.20498E-02,   9.60064E-02,  33.25
  662,    4.71842E-02,   6.39529E-02,  35.54
  663,    3.35480E-02,   4.47713E-02,  33.45
  664,    4.16027E-02,   6.39914E-02,  53.82
  665,    3.09103E-02,   4.26609E-02,  38.02
  666,    1.11676E+01,   1.07385E+01,  -3.84
  667,    2.19845E+00,   2.69066E+00,  22.39
  668,    9.13035E-01,   1.07578E+00,  17.82
  669,    5.31806E-01,   5.37165E-01,  1.01
  670,    2.15799E-01,   3.07475E-01,  42.48
  671,    2.88455E-01,   1.92129E-01,  -33.39
  672,    1.14386E-01,   1.27906E-01,  11.82
  673,    6.52320E-02,   8.96787E-02,  37.48
  674,    2.13195E-01,   2.68855E-01,  26.11
  675,    1.23952E-01,   1.53500E-01,  23.84
  676,    7.43755E-02,   9.59486E-02,  29.01
  677,    4.60745E-02,   6.40107E-02,  38.93
  678,    3.48140E-02,   4.47713E-02,  28.60
  679,    4.40071E-02,   6.39914E-02,  45.41
  680,    3.26938E-02,   4.26609E-02,  30.49
  681,    1.45624E+01,   1.07748E+01,  -26.01
  682,    3.87921E+00,   2.69066E+00,  -30.64
  683,    2.00283E+00,   1.07469E+00,  -46.34
  684,    9.35157E-01,   5.38254E-01,  -42.44
  685,    4.28887E-01,   3.07475E-01,  -28.31
  686,    1.69178E-01,   1.28137E-01,  -24.26
  687,    1.22778E-01,   8.96787E-02,  -26.96
  688,    2.95345E-01,   2.68855E-01,  -8.97
  689,    1.60030E-01,   1.53737E-01,  -3.93
  690,    9.53733E-02,   9.60064E-02,  0.66
  691,    6.40765E-02,   6.40107E-02,  -0.10
  692,    3.95353E-02,   4.48394E-02,  13.42
  693,    5.81647E-02,   6.39914E-02,  10.02
  694,    1.31056E+01,   1.07385E+01,  -18.06
  695,    4.77626E+00,   2.68160E+00,  -43.86
  696,    2.07477E+00,   1.07469E+00,  -48.20
  697,    1.30047E+00,   5.37165E-01,  -58.69
  698,    2.83145E-01,   3.06527E-01,  8.26
  699,    2.04505E-01,   1.27906E-01,  -37.46
  700,    1.40413E-01,   8.94067E-02,  -36.33
  701,    3.94026E-01,   2.68583E-01,  -31.84
  702,    2.13369E-01,   1.53500E-01,  -28.06
  703,    1.18608E-01,   9.60064E-02,  -19.06
  704,    8.40657E-02,   6.39529E-02,  -23.93
  705,    5.06893E-02,   4.47713E-02,  -11.68
  706,    6.94621E-02,   6.39914E-02,  -7.88
  707,    1.21473E+01,   1.07385E+01,  -11.60
  708,    3.39929E+00,   2.69066E+00,  -20.85
  709,    1.98238E+00,   1.07578E+00,  -45.73
  710,    7.77106E-01,   5.37165E-01,  -30.88
  711,    1.71175E-01,   3.07475E-01,  79.63
  712,    4.39087E-01,   1.92129E-01,  -56.24
  713,    1.62261E-01,   1.27906E-01,  -21.17
  714,    1.13441E-01,   8.96787E-02,  -20.95
  715,    3.60388E-01,   2.68855E-01,  -25.40
  716,    1.96316E-01,   1.53500E-01,  -21.81
  717,    1.20394E-01,   9.59486E-02,  -20.30
  718,    6.97173E-02,   6.40107E-02,  -8.19
  719,    5.05887E-02,   4.47713E-02,  -11.50
  720,    7.48064E-02,   6.39914E-02,  -14.46
  721,    9.51800E+00,   1.07748E+01,  13.20
  722,    3.52661E+00,   2.69066E+00,  -23.70
  723,    1.25238E+00,   1.07469E+00,  -14.19
  724,    5.38351E-01,   5.38254E-01,  -0.02
  725,    1.75711E-01,   3.07475E-01,  74.99
  726,    3.80979E-01,   1.91897E-01,  -49.63
  727,    1.47120E-01,   1.28137E-01,  -12.90
  728,    9.73818E-02,   8.96787E-02,  -7.91
  729,    3.10154E-01,   2.68855E-01,  -13.32
  730,    1.59645E-01,   1.53737E-01,  -3.70
  731,    1.04328E-01,   9.60064E-02,  -7.98
  732,    5.94718E-02,   6.40107E-02,  7.63
  733,    4.46862E-02,   4.48394E-02,  0.34
  734,    1.07297E+01,   1.07385E+01,  0.08
  735,    2.60551E+00,   2.68160E+00,  2.92
  736,    9.77850E-01,   1.07469E+00,  9.90
  737,    5.65629E-01,   5.37165E-01,  -5.03
  738,    2.41966E-01,   3.06527E-01,  26.68
  739,    3.24049E-01,   1.91897E-01,  -40.78
  740,    1.42596E-01,   1.27906E-01,  -10.30
  741,    1.08078E-01,   8.94067E-02,  -17.28
  742,    3.00082E-01,   2.68583E-01,  -10.50
  743,    1.71920E-01,   1.53500E-01,  -10.71
  744,    9.15940E-02,   9.60064E-02,  4.82
  745,    6.33555E-02,   6.39529E-02,  0.94
  746,    4.34306E-02,   4.47713E-02,  3.09
  747,    7.77629E+00,   1.07385E+01,  38.09
  748,    1.92329E+00,   2.69066E+00,  39.90
  749,    9.67088E-01,   1.07578E+00,  11.24
  750,    5.37815E-01,   5.37165E-01,  -0.12
  751,    2.54371E-01,   3.07475E-01,  20.88
  752,    2.74375E-01,   1.92129E-01,  -29.98
  753,    1.47296E-01,   1.27906E-01,  -13.16
  754,    9.00716E-02,   8.96787E-02,  -0.44
  755,    2.80558E-01,   2.68855E-01,  -4.17
  756,    1.71164E-01,   1.53500E-01,  -10.32
  757,    9.03551E-02,   9.59486E-02,  6.19
  758,    6.50338E-02,   6.40107E-02,  -1.57
  759,    4.61509E-02,   4.47713E-02,  -2.99
  760,    8.37240E+00,   1.07748E+01,  28.69
  761,    2.79498E+00,   2.69066E+00,  -3.73
  762,    1.36425E+00,   1.07469E+00,  -21.22
  763,    7.50799E-01,   5.38254E-01,  -28.31
  764,    2.91485E-01,   3.07475E-01,  5.49
  765,    4.50793E-01,   1.91897E-01,  -57.43
  766,    1.78233E-01,   1.28137E-01,  -28.11
  767,    1.34518E-01,   8.96787E-02,  -33.33
  768,    3.70616E-01,   2.68855E-01,  -27.46
  769,    1.83500E-01,   1.53737E-01,  -16.22
  770,    1.16698E-01,   9.60064E-02,  -17.73
  771,    7.58889E-02,   6.40107E-02,  -15.65
  772,    7.66502E+00,   1.07385E+01,  40.10
  773,    2.48971E+00,   2.68160E+00,  7.71
  774,    1.20641E+00,   1.07469E+00,  -10.92
  775,    6.49498E-01,   5.37165E-01,  -17.30
  776,    3.01735E-01,   3.06527E-01,  1.59
  777,    3.60084E-01,   1.91897E-01,  -46.71
  778,    1.74358E-01,   1.27906E-01,  -26.64
  779,    1.37061E-01,   8.94067E-02,  -34.77
  780,    4.00333E-01,   2.68583E-01,  -32.91
  781,    1.95263E-01,   1.53500E-01,  -21.39
  782,    1.29372E-01,   9.60064E-02,  -25.79
  783,    8.68967E-02,   6.39529E-02,  -26.40
  784,    5.70547E+00,   1.07385E+01,  88.21
  785,    1.90659E+00,   2.69066E+00,  41.12
  786,    9.01092E-01,   1.07578E+00,  19.39
  787,    5.43620E-01,   5.37165E-01,  -1.19
  788,    2.11083E-01,   3.07475E-01,  45.67
  789,    2.80896E-01,   1.92129E-01,  -31.60
  790,    1.56031E-01,   1.27906E-01,  -18.03
  791,    9.48318E-02,   8.96787E-02,  -5.43
  792,    3.02120E-01,   2.68855E-01,  -11.01
  793,    1.80510E-01,   1.53500E-01,  -14.96
  794,    1.08508E-01,   9.59486E-02,  -11.57
  795,    5.52423E+00,   1.07748E+01,  95.05
  796,    1.79776E+00,   2.69066E+00,  49.67
  797,    9.50088E-01,   1.07469E+00,  13.12
  798,    4.61608E-01,   5.38254E-01,  16.60
  799,    2.34349E-01,   3.07475E-01,  31.20
  800,    3.02701E-01,   1.91897E-01,  -36.61
  801,    1.34365E-01,   1.28137E-01,  -4.64
  802,    8.82631E-02,   8.96787E-02,  1.60
  803,    2.71833E-01,   2.68855E-01,  -1.10
  804,    1.69750E-01,   1.53737E-01,  -9.43
  805,    1.05725E-01,   9.60064E-02,  -9.19
  806,    5.70785E+00,   1.07385E+01,  88.14
  807,    1.97931E+00,   2.68160E+00,  35.48
  808,    8.23320E-01,   1.07469E+00,  30.53
  809,    5.05127E-01,   5.37165E-01,  6.34
  810,    2.71757E-01,   3.06527E-01,  12.79
  811,    2.84022E-01,   1.91897E-01,  -32.44
  812,    1.27322E-01,   1.27906E-01,  0.46
  813,    9.79994E-02,   8.94067E-02,  -8.77
  814,    3.00939E-01,   2.68583E-01,  -10.75
  815,    1.70370E-01,   1.53500E-01,  -9.90
  816,    6.07137E+00,   1.07385E+01,  76.87
  817,    1.60104E+00,   2.69066E+00,  68.06
  818,    8.54563E-01,   1.07578E+00,  25.89
  819,    5.53855E-01,   5.37165E-01,  -3.01
  820,    2.32038E-01,   3.07475E-01,  32.51
  821,    2.47654E-01,   1.92129E-01,  -22.42
  822,    1.35813E-01,   1.27906E-01,  -5.82
  823,    1.05678E-01,   8.96787E-02,  -15.14
  824,    3.11681E-01,   2.68855E-01,  -13.74
  825,    1.82920E-01,   1.53500E-01,  -16.08
  826,    4.54372E+00,   1.07748E+01,  137.14
  827,    1.48054E+00,   2.69066E+00,  81.74
  828,    8.25334E-01,   1.07469E+00,  30.21
  829,    4.06646E-01,   5.38254E-01,  32.36
  830,    1.89750E-01,   3.07475E-01,  62.04
  831,    2.15815E-01,   1.91897E-01,  -11.08
  832,    1.28207E-01,   1.28137E-01,  -0.05
  833,    8.74299E-02,   8.96787E-02,  2.57
  834,    2.81295E-01,   2.68855E-01,  -4.42
  835,    5.34105E+00,   1.07385E+01,  101.06
  836,    1.86299E+00,   2.68160E+00,  43.94
  837,    7.69549E-01,   1.07469E+00,  39.65
  838,    4.03310E-01,   5.37165E-01,  33.19
  839,    2.22646E-01,   3.06527E-01,  37.67
  840,    2.56071E-01,   1.91897E-01,  -25.06
  841,    1.32216E-01,   1.27906E-01,  -3.26
  842,    9.60375E-02,   8.94067E-02,  -6.90
  843,    2.95837E-01,   2.68583E-01,  -9.21
  844,    5.24726E+00,   1.07385E+01,  104.65
  845,    1.33018E+00,   2.69066E+00,  102.28
  846,    5.80960E-01,   1.07578E+00,  85.17
  847,    3.63987E-01,   5.37165E-01,  47.58
  848,    2.21368E-01,   3.07475E-01,  38.90
  849,    1.86606E-01,   1.92129E-01,  2.96
  850,    1.11113E-01,   1.27906E-01,  15.11
  851,    9.01945E-02,   8.96787E-02,  -0.57
  852,    4.30290E+00,   1.07748E+01,  150.41
  853,    1.10858E+00,   2.69066E+00,  142.71
  854,    6.05632E-01,   1.07469E+00,  77.45
  855,    3.79821E-01,   5.38254E-01,  41.71
  856,    1.98370E-01,   3.07475E-01,  55.00
  857,    1.83362E-01,   1.91897E-01,  4.65
  858,    1.21171E-01,   1.28137E-01,  5.75
  859,    4.15210E+00,   1.07385E+01,  158.63
  860,    1.39602E+00,   2.68160E+00,  92.09
  861,    7.37753E-01,   1.07469E+00,  45.67
  862,    4.00083E-01,   5.37165E-01,  34.26
  863,    2.10898E-01,   3.06527E-01,  45.34
  864,    2.38774E-01,   1.91897E-01,  -19.63
  865,    4.45874E+00,   1.07385E+01,  140.84
  866,    1.41375E+00,   2.69066E+00,  90.32
  867,    6.50217E-01,   1.07578E+00,  65.45
  868,    3.79948E-01,   5.37165E-01,  41.38
  869,    2.15155E-01,   3.07475E-01,  42.91
  870,    4.53980E+00,   1.07748E+01,  137.34
  871,    1.23305E+00,   2.69066E+00,  118.21
  872,    6.01100E-01,   1.07469E+00,  78.79
  873,    3.91204E-01,   5.38254E-01,  37.59
  874,    4.14627E+00,   1.07385E+01,  158.99
  875,    1.23464E+00,   2.68160E+00,  117.20
  876,    6.81599E-01,   1.07469E+00,  57.67
  877,    4.35325E+00,   1.07385E+01,  146.68
  878,    1.51930E+00,   2.69066E+00,  77.10
  879,    4.05453E+00,   1.07748E+01,  165.75

;-Resistivity in Ohm-m in the elemental sequential order

 4.05287E+02,  4.05287E+02,  4.05287E+02,  4.05287E+02,  4.05287E+02
 4.05287E+02,  4.05287E+02,  4.05287E+02,  4.05287E+02,  4.05287E+02
 4.05287E+02,  4.05287E+02,  4.05287E+02,  4.05287E+02,  4.05287E+02
 4.05287E+02,  4.05287E+02,  4.05287E+02,  4.05287E+02,  4.05287E+02
 4.05287E+02,  4.05287E+02,  4.05287E+02,  4.05287E+02,  4.05287E+02
 4.05287E+02,  4.05287E+02,  4.05287E+02,  4.05287E+02,  4.05287E+02
 4.05287E+02,  4.05287E+02,  4.05287E+02,  4.05287E+02,  4.05287E+02
 4.05287E+02,  4.05287E+02,  4.05287E+02,  4.05287E+02,  4.05287E+02
 4.05287E+02,  4.05287E+02,  4.05287E+02,  4.05287E+02,  4.05287E+02
 4.05287E+02,  4.05287E+02,  4.05287E+02,  4.05287E+02,  4.05287E+02
 4.05287E+02,  4.05287E+02,  4.05287E+02,  4.05287E+02,  4.05287E+02
 4.05287E+02,  4.05287E+02,  4.05287E+02,  4.05287E+02,  4.05287E+02
 4.05287E+02,  4.05287E+02,  4.05287E+02,  4.05287E+02,  4.05287E+02
 4.05287E+02,  4.05287E+02,  4.05287E+02,  4.05287E+02,  4.05287E+02
 4.05287E+02,  4.05287E+02,  4.05287E+02,  4.05287E+02,  4.05287E+02
 4.05287E+02,  4.05287E+02,  4.05287E+02,  4.05287E+02,  4.05287E+02
 4.05287E+02,  4.05287E+02,  4.05287E+02,  4.05287E+02,  4.05287E+02
 4.05287E+02,  4.05287E+02,  4.05287E+02,  4.05287E+02,  4.05287E+02
 4.05287E+02,  4.05287E+02,  4.05287E+02,  4.05287E+02,  4.05287E+02
 4.05287E+02,  4.05287E+02,  4.05287E+02,  4.05287E+02,  4.05287E+02
 4.05287E+02,  4.05287E+02,  4.05287E+02,  4.05287E+02,  4.05287E+02
 4.05287E+02,  4.05287E+02,  4.05287E+02,  4.05287E+02,  4.05287E+02
 4.05287E+02,  4.05287E+02,  4.05287E+02,  4.05287E+02,  4.05287E+02
 4.05287E+02,  4.05287E+02,  4.05287E+02,  4.05287E+02,  4.05287E+02
 4.05287E+02,  4.05287E+02,  4.05287E+02,  4.05287E+02,  4.05287E+02
 4.05287E+02,  4.05287E+02,  4.05287E+02,  4.05287E+02,  4.05287E+02
 4.05287E+02,  4.05287E+02,  4.05287E+02,  4.05287E+02,  4.05287E+02
 4.05287E+02,  4.05287E+02,  4.05287E+02,  4.05287E+02,  4.05287E+02
 4.05287E+02,  4.05287E+02,  4.05287E+02,  4.05287E+02,  4.05287E+02
 4.05287E+02,  4.05287E+02,  4.05287E+02,  4.05287E+02,  4.05287E+02
 4.05287E+02,  4.05287E+02,  4.05287E+02,  4.05287E+02,  4.05287E+02
 4.05287E+02,  4.05287E+02,  4.05287E+02,  4.05287E+02,  4.05287E+02
 4.05287E+02,  4.05287E+02,  4.05287E+02,  4.05287E+02,  4.05287E+02
 4.05287E+02,  4.05287E+02,  4.05287E+02,  4.05287E+02,  4.05287E+02
 4.05287E+02,  4.05287E+02,  4.05287E+02,  4.05287E+02,  4.05287E+02
 4.05287E+02,  4.05287E+02,  4.05287E+02,  4.05287E+02,  4.05287E+02
 4.05287E+02,  4.05287E+02,  4.05287E+02,  4.05287E+02,  4.05287E+02
 4.05287E+02,  4.05287E+02,  4.05287E+02,  4.05287E+02,  4.05287E+02
 4.05287E+02,  4.05287E+02,  4.05287E+02,  4.05287E+02,  4.05287E+02
 4.05287E+02,  4.05287E+02,  4.05287E+02,  4.05287E+02,  4.05287E+02
 4.05287E+02,  4.05287E+02,  4.05287E+02,  4.05287E+02,  4.05287E+02
 4.05287E+02,  4.05287E+02,  4.05287E+02,  4.05287E+02,  4.05287E+02
 4.05287E+02,  4.05287E+02,  4.05287E+02,  4.05287E+02,  4.05287E+02
 4.05287E+02,  4.05287E+02,  4.05287E+02,  4.05287E+02,  4.05287E+02
 4.05287E+02,  4.05287E+02,  4.05287E+02,  4.05287E+02,  4.05287E+02
 4.05287E+02,  4.05287E+02,  4.05287E+02,  4.05287E+02,  4.05287E+02
 4.05287E+02,  4.05287E+02,  4.05287E+02,  4.05287E+02,  4.05287E+02
 4.05287E+02,  4.05287E+02,  4.05287E+02,  4.05287E+02,  4.05287E+02
 4.05287E+02,  4.05287E+02,  4.05287E+02,  4.05287E+02,  4.05287E+02
 4.05287E+02,  4.05287E+02,  4.05287E+02,  4.05287E+02,  4.05287E+02
 4.05287E+02,  4.05287E+02,  4.05287E+02,  4.05287E+02,  4.05287E+02
 4.05287E+02,  4.05287E+02,  4.05287E+02,  4.05287E+02,  4.05287E+02
 4.05287E+02,  4.05287E+02,  4.05287E+02,  4.05287E+02,  4.05287E+02
 4.05287E+02,  4.05287E+02,  4.05287E+02,  4.05287E+02,  4.05287E+02
 4.05287E+02,  4.05287E+02,  4.05287E+02,  4.05287E+02,  4.05287E+02
 4.05287E+02,  4.05287E+02,  4.05287E+02,  4.05287E+02,  4.05287E+02
 4.05287E+02,  4.05287E+02,  4.05287E+02,  4.05287E+02,  4.05287E+02
 4.05287E+02,  4.05287E+02,  4.05287E+02,  4.05287E+02,  4.05287E+02
 4.05287E+02,  4.05287E+02,  4.05287E+02,  4.05287E+02,  4.05287E+02
 4.05287E+02,  4.05287E+02,  4.05287E+02,  4.05287E+02,  4.05287E+02
 4.05287E+02,  4.05287E+02,  4.05287E+02,  4.05287E+02,  4.05287E+02
 4.05287E+02,  4.05287E+02,  4.05287E+02,  4.05287E+02,  4.05287E+02
 4.05287E+02,  4.05287E+02,  4.05287E+02,  4.05287E+02,  4.05287E+02
 4.05287E+02,  4.05287E+02,  4.05287E+02,  4.05287E+02,  4.05287E+02
 4.05287E+02,  4.05287E+02,  4.05287E+02,  4.05287E+02,  4.05287E+02
 4.05287E+02,  4.05287E+02,  4.05287E+02,  4.05287E+02,  4.05287E+02
 4.05287E+02,  4.05287E+02,  4.05287E+02,  4.05287E+02,  4.05287E+02
 4.05287E+02,  4.05287E+02,  4.05287E+02,  4.05287E+02,  4.05287E+02
 4.05287E+02,  4.05287E+02,  4.05287E+02,  4.05287E+02,  4.05287E+02
 4.05287E+02,  4.05287E+02,  4.05287E+02,  4.05287E+02,  4.05287E+02
 4.05287E+02,  4.05287E+02,  4.05287E+02,  4.05287E+02,  4.05287E+02
 4.05287E+02,  4.05287E+02,  4.05287E+02,  4.05287E+02,  4.05287E+02
 4.05287E+02,  4.05287E+02,  4.05287E+02,  4.05287E+02,  4.05287E+02
 4.05287E+02,  4.05287E+02,  4.05287E+02,  4.05287E+02,  4.05287E+02
 4.05287E+02,  4.05287E+02,  4.05287E+02,  4.05287E+02,  4.05287E+02
 4.05287E+02,  4.05287E+02,  4.05287E+02,  4.05287E+02,  4.05287E+02
 4.05287E+02,  4.05287E+02,  4.05287E+02,  4.05287E+02,  4.05287E+02
 4.05287E+02,  4.05287E+02,  4.05287E+02,  4.05287E+02,  4.05287E+02
 4.05287E+02,  4.05287E+02,  4.05287E+02,  4.05287E+02,  4.05287E+02
 4.05287E+02,  4.05287E+02,  4.05287E+02,  4.05287E+02,  4.05287E+02
 4.05287E+02,  4.05287E+02,  4.05287E+02,  4.05287E+02,  4.05287E+02
 4.05287E+02,  4.05287E+02,  4.05287E+02,  4.05287E+02,  4.05287E+02
 4.05287E+02,  4.05287E+02,  4.05287E+02,  4.05287E+02,  4.05287E+02
 4.05287E+02,  4.05287E+02,  4.05287E+02,  4.05287E+02,  4.05287E+02
 4.05287E+02,  4.05287E+02,  4.05287E+02,  4.05287E+02,  4.05287E+02
 4.05287E+02,  4.05287E+02,  4.05287E+02,  4.05287E+02,  4.05287E+02
 4.05287E+02,  4.05287E+02,  4.05287E+02,  4.05287E+02,  4.05287E+02
 4.05287E+02,  4.05287E+02,  4.05287E+02,  4.05287E+02,  4.05287E+02
 4.05287E+02,  4.05287E+02,  4.05287E+02,  4.05287E+02,  4.05287E+02
 4.05287E+02,  4.05287E+02,  4.05287E+02,  4.05287E+02,  4.05287E+02
 4.05287E+02,  4.05287E+02,  4.05287E+02,  4.05287E+02,  4.05287E+02
 4.05287E+02,  4.05287E+02,  4.05287E+02,  4.05287E+02,  4.05287E+02
 4.05287E+02,  4.05287E+02,  4.05287E+02,  4.05287E+02,  4.05287E+02
 4.05287E+02,  4.05287E+02,  4.05287E+02,  4.05287E+02,  4.05287E+02
 4.05287E+02,  4.05287E+02,  4.05287E+02,  4.05287E+02,  4.05287E+02
 4.05287E+02,  4.05287E+02,  4.05287E+02,  4.05287E+02,  4.05287E+02
 4.05287E+02,  4.05287E+02,  4.05287E+02,  4.05287E+02,  4.05287E+02
 4.05287E+02,  4.05287E+02,  4.05287E+02,  4.05287E+02,  4.05287E+02
 4.05287E+02,  4.05287E+02,  4.05287E+02,  4.05287E+02,  4.05287E+02
 4.05287E+02,  4.05287E+02,  4.05287E+02,  4.05287E+02,  4.05287E+02
 4.05287E+02,  4.05287E+02,  4.05287E+02,  4.05287E+02,  4.05287E+02
 4.05287E+02,  4.05287E+02,  4.05287E+02,  4.05287E+02,  4.05287E+02
 4.05287E+02,  4.05287E+02,  4.05287E+02,  4.05287E+02,  4.05287E+02
 4.05287E+02,  4.05287E+02,  4.05287E+02,  4.05287E+02,  4.05287E+02
 4.05287E+02,  4.05287E+02,  4.05287E+02,  4.05287E+02,  4.05287E+02
 4.05287E+02,  4.05287E+02,  4.05287E+02,  4.05287E+02,  4.05287E+02
 4.05287E+02,  4.05287E+02,  4.05287E+02,  4.05287E+02,  4.05287E+02
 4.05287E+02,  4.05287E+02,  4.05287E+02,  4.05287E+02,  4.05287E+02
 4.05287E+02,  4.05287E+02,  4.05287E+02,  4.05287E+02,  4.05287E+02
 4.05287E+02,  4.05287E+02,  4.05287E+02,  4.05287E+02,  4.05287E+02
 4.05287E+02,  4.05287E+02,  4.05287E+02,  4.05287E+02,  4.05287E+02
 4.05287E+02,  4.05287E+02,  4.05287E+02,  4.05287E+02,  4.05287E+02
 4.05287E+02,  4.05287E+02,  4.05287E+02,  4.05287E+02,  4.05287E+02
 4.05287E+02,  4.05287E+02,  4.05287E+02,  4.05287E+02,  4.05287E+02
 4.05287E+02,  4.05287E+02,  4.05287E+02,  4.05287E+02,  4.05287E+02
 4.05287E+02,  4.05287E+02,  4.05287E+02,  4.05287E+02,  4.05287E+02
 4.05287E+02,  4.05287E+02,  4.05287E+02,  4.05287E+02,  4.05287E+02
 4.05287E+02,  4.05287E+02,  4.05287E+02,  4.05287E+02,  4.05287E+02
 4.05287E+02,  4.05287E+02,  4.05287E+02,  4.05287E+02,  4.05287E+02
 4.05287E+02,  4.05287E+02,  4.05287E+02,  4.05287E+02,  4.05287E+02
 4.05287E+02,  4.05287E+02,  4.05287E+02,  4.05287E+02,  4.05287E+02
 4.05287E+02,  4.05287E+02,  4.05287E+02,  4.05287E+02,  4.05287E+02
 4.05287E+02,  4.05287E+02,  4.05287E+02,  4.05287E+02,  4.05287E+02
 4.05287E+02,  4.05287E+02,  4.05287E+02,  4.05287E+02,  4.05287E+02
 4.05287E+02,  4.05287E+02,  4.05287E+02,  4.05287E+02,  4.05287E+02
 4.05287E+02,  4.05287E+02,  4.05287E+02,  4.05287E+02,  4.05287E+02
 4.05287E+02,  4.05287E+02,  4.05287E+02,  4.05287E+02,  4.05287E+02
 4.05287E+02,  4.05287E+02,  4.05287E+02,  4.05287E+02,  4.05287E+02
 4.05287E+02,  4.05287E+02,  4.05287E+02,  4.05287E+02,  4.05287E+02
 4.05287E+02,  4.05287E+02,  4.05287E+02,  4.05287E+02,  4.05287E+02
 4.05287E+02,  4.05287E+02,  4.05287E+02,  4.05287E+02,  4.05287E+02
 4.05287E+02,  4.05287E+02,  4.05287E+02,  4.05287E+02,  4.05287E+02
 4.05287E+02,  4.05287E+02,  4.05287E+02,  4.05287E+02,  4.05287E+02
 4.05287E+02,  4.05287E+02,  4.05287E+02,  4.05287E+02,  4.05287E+02
 4.05287E+02,  4.05287E+02,  4.05287E+02,  4.05287E+02,  4.05287E+02
 4.05287E+02,  4.05287E+02,  4.05287E+02,  4.05287E+02,  4.05287E+02
 4.05287E+02,  4.05287E+02,  4.05287E+02,  4.05287E+02,  4.05287E+02
 4.05287E+02,  4.05287E+02,  4.05287E+02,  4.05287E+02,  4.05287E+02
 4.05287E+02,  4.05287E+02,  4.05287E+02,  4.05287E+02,  4.05287E+02
 4.05287E+02,  4.05287E+02,  4.05287E+02,  4.05287E+02,  4.05287E+02
 4.05287E+02,  4.05287E+02,  4.05287E+02,  4.05287E+02,  4.05287E+02
 4.05287E+02,  4.05287E+02,  4.05287E+02,  4.05287E+02,  4.05287E+02
 4.05287E+02,  4.05287E+02,  4.05287E+02,  4.05287E+02,  4.05287E+02
 4.05287E+02,  4.05287E+02,  4.05287E+02,  4.05287E+02,  4.05287E+02
 4.05287E+02,  4.05287E+02,  4.05287E+02,  4.05287E+02,  4.05287E+02
 4.05287E+02,  4.05287E+02,  4.05287E+02,  4.05287E+02,  4.05287E+02
 4.05287E+02,  4.05287E+02,  4.05287E+02,  4.05287E+02,  4.05287E+02
 4.05287E+02,  4.05287E+02,  4.05287E+02,  4.05287E+02,  4.05287E+02
 4.05287E+02,  4.05287E+02,  4.05287E+02,  4.05287E+02,  4.05287E+02
 4.05287E+02,  4.05287E+02,  4.05287E+02,  4.05287E+02,  4.05287E+02
 4.05287E+02,  4.05287E+02,  4.05287E+02,  4.05287E+02,  4.05287E+02
 4.05287E+02,  4.05287E+02,  4.05287E+02,  4.05287E+02,  4.05287E+02
 4.05287E+02,  4.05287E+02,  4.05287E+02,  4.05287E+02,  4.05287E+02
 4.05287E+02,  4.05287E+02,  4.05287E+02,  4.05287E+02,  4.05287E+02
 4.05287E+02,  4.05287E+02,  4.05287E+02,  4.05287E+02,  4.05287E+02
 4.05287E+02,  4.05287E+02,  4.05287E+02,  4.05287E+02,  4.05287E+02
 4.05287E+02,  4.05287E+02,  4.05287E+02,  4.05287E+02,  4.05287E+02
 4.05287E+02,  4.05287E+02,  4.05287E+02,  4.05287E+02,  4.05287E+02
 4.05287E+02,  4.05287E+02,  4.05287E+02,  4.05287E+02,  4.05287E+02
 4.05287E+02,  4.05287E+02,  4.05287E+02,  4.05287E+02,  4.05287E+02
 4.05287E+02,  4.05287E+02,  4.05287E+02,  4.05287E+02,  4.05287E+02
 4.05287E+02,  4.05287E+02,  4.05287E+02,  4.05287E+02,  4.05287E+02
 4.05287E+02,  4.05287E+02,  4.05287E+02,  4.05287E+02,  4.05287E+02
 4.05287E+02,  4.05287E+02,  4.05287E+02,  4.05287E+02,  4.05287E+02
 4.05287E+02,  4.05287E+02,  4.05287E+02,  4.05287E+02,  4.05287E+02
 4.05287E+02,  4.05287E+02,  4.05287E+02,  4.05287E+02,  4.05287E+02
 4.05287E+02,  4.05287E+02,  4.05287E+02,  4.05287E+02,  4.05287E+02
 4.05287E+02,  4.05287E+02,  4.05287E+02,  4.05287E+02,  4.05287E+02
 4.05287E+02,  4.05287E+02,  4.05287E+02,  4.05287E+02,  4.05287E+02
 4.05287E+02,  4.05287E+02,  4.05287E+02,  4.05287E+02,  4.05287E+02
 4.05287E+02,  4.05287E+02,  4.05287E+02,  4.05287E+02,  4.05287E+02
 4.05287E+02,  4.05287E+02,  4.05287E+02,  4.05287E+02,  4.05287E+02
 4.05287E+02,  4.05287E+02,  4.05287E+02,  4.05287E+02,  4.05287E+02
 4.05287E+02,  4.05287E+02,  4.05287E+02,  4.05287E+02,  4.05287E+02
 4.05287E+02,  4.05287E+02,  4.05287E+02,  4.05287E+02,  4.05287E+02
 4.05287E+02,  4.05287E+02,  4.05287E+02,  4.05287E+02,  4.05287E+02
 4.05287E+02,  4.05287E+02,  4.05287E+02,  4.05287E+02,  4.05287E+02
 4.05287E+02,  4.05287E+02,  4.05287E+02,  4.05287E+02,  4.05287E+02
 4.05287E+02,  4.05287E+02,  4.05287E+02,  4.05287E+02,  4.05287E+02
 4.05287E+02,  4.05287E+02,  4.05287E+02,  4.05287E+02,  4.05287E+02
 4.05287E+02,  4.05287E+02,  4.05287E+02,  4.05287E+02,  4.05287E+02
 4.05287E+02,  4.05287E+02,  4.05287E+02,  4.05287E+02,  4.05287E+02
 4.05287E+02,  4.05287E+02,  4.05287E+02,  4.05287E+02,  4.05287E+02
 4.05287E+02,  4.05287E+02,  4.05287E+02,  4.05287E+02,  4.05287E+02
 4.05287E+02,  4.05287E+02,  4.05287E+02,  4.05287E+02,  4.05287E+02
 4.05287E+02,  4.05287E+02,  4.05287E+02,  4.05287E+02,  4.05287E+02
 4.05287E+02,  4.05287E+02,  4.05287E+02,  4.05287E+02,  4.05287E+02
 4.05287E+02,  4.05287E+02,  4.05287E+02,  4.05287E+02,  4.05287E+02
 4.05287E+02,  4.05287E+02,  4.05287E+02,  4.05287E+02,  4.05287E+02
 4.05287E+02,  4.05287E+02,  4.05287E+02,  4.05287E+02,  4.05287E+02
 4.05287E+02,  4.05287E+02,  4.05287E+02,  4.05287E+02,  4.05287E+02
 4.05287E+02,  4.05287E+02,  4.05287E+02,  4.05287E+02,  4.05287E+02
 4.05287E+02,  4.05287E+02,  4.05287E+02,  4.05287E+02,  4.05287E+02
 4.05287E+02,  4.05287E+02,  4.05287E+02,  4.05287E+02,  4.05287E+02
 4.05287E+02,  4.05287E+02,  4.05287E+02,  4.05287E+02,  4.05287E+02
 4.05287E+02,  4.05287E+02,  4.05287E+02,  4.05287E+02,  4.05287E+02
 4.05287E+02,  4.05287E+02,  4.05287E+02,  4.05287E+02,  4.05287E+02
 4.05287E+02,  4.05287E+02,  4.05287E+02,  4.05287E+02,  4.05287E+02
 4.05287E+02,  4.05287E+02,  4.05287E+02,  4.05287E+02,  4.05287E+02
 4.05287E+02,  4.05287E+02,  4.05287E+02,  4.05287E+02,  4.05287E+02
 4.05287E+02,  4.05287E+02,  4.05287E+02,  4.05287E+02,  4.05287E+02
 4.05287E+02,  4.05287E+02,  4.05287E+02,  4.05287E+02,  4.05287E+02
 4.05287E+02,  4.05287E+02,  4.05287E+02,  4.05287E+02,  4.05287E+02
 4.05287E+02,  4.05287E+02,  4.05287E+02,  4.05287E+02,  4.05287E+02
 4.05287E+02,  4.05287E+02,  4.05287E+02,  4.05287E+02,  4.05287E+02
 4.05287E+02,  4.05287E+02,  4.05287E+02,  4.05287E+02,  4.05287E+02
 4.05287E+02,  4.05287E+02,  4.05287E+02,  4.05287E+02,  4.05287E+02
 4.05287E+02,  4.05287E+02,  4.05287E+02,  4.05287E+02,  4.05287E+02
 4.05287E+02,  4.05287E+02,  4.05287E+02,  4.05287E+02,  4.05287E+02
 4.05287E+02,  4.05287E+02,  4.05287E+02,  4.05287E+02,  4.05287E+02
 4.05287E+02,  4.05287E+02,  4.05287E+02,  4.05287E+02,  4.05287E+02
 4.05287E+02,  4.05287E+02,  4.05287E+02,  4.05287E+02,  4.05287E+02
 4.05287E+02,  4.05287E+02,  4.05287E+02,  4.05287E+02,  4.05287E+02
 4.05287E+02,  4.05287E+02,  4.05287E+02,  4.05287E+02,  4.05287E+02
 4.05287E+02,  4.05287E+02,  4.05287E+02,  4.05287E+02,  4.05287E+02
 4.05287E+02,  4.05287E+02,  4.05287E+02,  4.05287E+02,  4.05287E+02
 4.05287E+02,  4.05287E+02,  4.05287E+02,  4.05287E+02,  4.05287E+02
 4.05287E+02,  4.05287E+02,  4.05287E+02,  4.05287E+02,  4.05287E+02
 4.05287E+02,  4.05287E+02,  4.05287E+02,  4.05287E+02,  4.05287E+02
 4.05287E+02,  4.05287E+02,  4.05287E+02,  4.05287E+02,  4.05287E+02
 4.05287E+02,  4.05287E+02,  4.05287E+02,  4.05287E+02,  4.05287E+02
 4.05287E+02,  4.05287E+02,  4.05287E+02,  4.05287E+02,  4.05287E+02
 4.05287E+02,  4.05287E+02,  4.05287E+02,  4.05287E+02,  4.05287E+02
 4.05287E+02,  4.05287E+02,  4.05287E+02,  4.05287E+02,  4.05287E+02
 4.05287E+02,  4.05287E+02,  4.05287E+02,  4.05287E+02,  4.05287E+02
 4.05287E+02,  4.05287E+02,  4.05287E+02,  4.05287E+02,  4.05287E+02
 4.05287E+02,  4.05287E+02,  4.05287E+02,  4.05287E+02,  4.05287E+02
 4.05287E+02,  4.05287E+02,  4.05287E+02,  4.05287E+02,  4.05287E+02
 4.05287E+02,  4.05287E+02,  4.05287E+02,  4.05287E+02,  4.05287E+02
 4.05287E+02,  4.05287E+02,  4.05287E+02,  4.05287E+02,  4.05287E+02
 4.05287E+02,  4.05287E+02,  4.05287E+02,  4.05287E+02,  4.05287E+02
 4.05287E+02,  4.05287E+02,  4.05287E+02,  4.05287E+02,  4.05287E+02
 4.05287E+02,  4.05287E+02,  4.05287E+02,  4.05287E+02,  4.05287E+02
 4.05287E+02,  4.05287E+02,  4.05287E+02,  4.05287E+02,  4.05287E+02
 4.05287E+02,  4.05287E+02,  4.05287E+02,  4.05287E+02,  4.05287E+02
 4.05287E+02,  4.05287E+02,  4.05287E+02,  4.05287E+02,  4.05287E+02
 4.05287E+02,  4.05287E+02,  4.05287E+02,  4.05287E+02,  4.05287E+02
 4.05287E+02,  4.05287E+02,  4.05287E+02,  4.05287E+02,  4.05287E+02
 4.05287E+02,  4.05287E+02,  4.05287E+02,  4.05287E+02,  4.05287E+02
 4.05287E+02,  4.05287E+02,  4.05287E+02,  4.05287E+02,  4.05287E+02
 4.05287E+02,  4.05287E+02,  4.05287E+02,  4.05287E+02,  4.05287E+02
 4.05287E+02,  4.05287E+02,  4.05287E+02,  4.05287E+02,  4.05287E+02
 4.05287E+02,  4.05287E+02,  4.05287E+02,  4.05287E+02,  4.05287E+02
 4.05287E+02,  4.05287E+02,  4.05287E+02,  4.05287E+02,  4.05287E+02
 4.05287E+02,  4.05287E+02,  4.05287E+02,  4.05287E+02,  4.05287E+02
 4.05287E+02,  4.05287E+02,  4.05287E+02,  4.05287E+02,  4.05287E+02
 4.05287E+02,  4.05287E+02,  4.05287E+02,  4.05287E+02,  4.05287E+02
 4.05287E+02,  4.05287E+02,  4.05287E+02,  4.05287E+02,  4.05287E+02
 4.05287E+02,  4.05287E+02,  4.05287E+02,  4.05287E+02,  4.05287E+02
 4.05287E+02,  4.05287E+02,  4.05287E+02,  4.05287E+02,  4.05287E+02
 4.05287E+02,  4.05287E+02,  4.05287E+02,  4.05287E+02,  4.05287E+02
 4.05287E+02,  4.05287E+02,  4.05287E+02,  4.05287E+02,  4.05287E+02
 4.05287E+02,  4.05287E+02,  4.05287E+02,  4.05287E+02,  4.05287E+02
 4.05287E+02,  4.05287E+02,  4.05287E+02,  4.05287E+02,  4.05287E+02
 4.05287E+02,  4.05287E+02,  4.05287E+02,  4.05287E+02,  4.05287E+02
 4.05287E+02,  4.05287E+02,  4.05287E+02,  4.05287E+02,  4.05287E+02
 4.05287E+02,  4.05287E+02,  4.05287E+02,  4.05287E+02,  4.05287E+02
 4.05287E+02,  4.05287E+02,  4.05287E+02,  4.05287E+02,  4.05287E+02
 4.05287E+02,  4.05287E+02,  4.05287E+02,  4.05287E+02,  4.05287E+02
 4.05287E+02,  4.05287E+02,  4.05287E+02,  4.05287E+02,  4.05287E+02
 4.05287E+02,  4.05287E+02,  4.05287E+02,  4.05287E+02,  4.05287E+02
 4.05287E+02,  4.05287E+02,  4.05287E+02,  4.05287E+02,  4.05287E+02
 4.05287E+02,  4.05287E+02,  4.05287E+02,  4.05287E+02,  4.05287E+02
 4.05287E+02,  4.05287E+02,  4.05287E+02,  4.05287E+02,  4.05287E+02
 4.05287E+02,  4.05287E+02,  4.05287E+02,  4.05287E+02,  4.05287E+02
 4.05287E+02,  4.05287E+02,  4.05287E+02,  4.05287E+02,  4.05287E+02
 4.05287E+02,  4.05287E+02,  4.05287E+02,  4.05287E+02,  4.05287E+02
 4.05287E+02,  4.05287E+02,  4.05287E+02,  4.05287E+02,  4.05287E+02
 4.05287E+02,  4.05287E+02,  4.05287E+02,  4.05287E+02,  4.05287E+02
 4.05287E+02,  4.05287E+02,  4.05287E+02,  4.05287E+02,  4.05287E+02
 4.05287E+02,  4.05287E+02,  4.05287E+02,  4.05287E+02,  4.05287E+02
 4.05287E+02,  4.05287E+02,  4.05287E+02,  4.05287E+02,  4.05287E+02
 4.05287E+02,  4.05287E+02,  4.05287E+02,  4.05287E+02,  4.05287E+02
 4.05287E+02,  4.05287E+02,  4.05287E+02,  4.05287E+02,  4.05287E+02
 4.05287E+02,  4.05287E+02,  4.05287E+02,  4.05287E+02,  4.05287E+02
 4.05287E+02,  4.05287E+02,  4.05287E+02,  4.05287E+02,  4.05287E+02
 4.05287E+02,  4.05287E+02,  4.05287E+02,  4.05287E+02,  4.05287E+02
 4.05287E+02,  4.05287E+02,  4.05287E+02,  4.05287E+02,  4.05287E+02
 4.05287E+02,  4.05287E+02,  4.05287E+02,  4.05287E+02,  4.05287E+02
 4.05287E+02,  4.05287E+02,  4.05287E+02,  4.05287E+02,  4.05287E+02
 4.05287E+02,  4.05287E+02,  4.05287E+02,  4.05287E+02,  4.05287E+02
 4.05287E+02,  4.05287E+02,  4.05287E+02,  4.05287E+02,  4.05287E+02
 4.05287E+02,  4.05287E+02,  4.05287E+02,  4.05287E+02,  4.05287E+02
 4.05287E+02,  4.05287E+02,  4.05287E+02,  4.05287E+02,  4.05287E+02
 4.05287E+02,  4.05287E+02,  4.05287E+02,  4.05287E+02,  4.05287E+02
 4.05287E+02,  4.05287E+02,  4.05287E+02,  4.05287E+02,  4.05287E+02
 4.05287E+02,  4.05287E+02,  4.05287E+02,  4.05287E+02,  4.05287E+02
 4.05287E+02,  4.05287E+02,  4.05287E+02,  4.05287E+02,  4.05287E+02
 4.05287E+02,  4.05287E+02,  4.05287E+02,  4.05287E+02,  4.05287E+02
 4.05287E+02,  4.05287E+02,  4.05287E+02,  4.05287E+02,  4.05287E+02
 4.05287E+02,  4.05287E+02,  4.05287E+02,  4.05287E+02,  4.05287E+02
 4.05287E+02,  4.05287E+02,  4.05287E+02,  4.05287E+02,  4.05287E+02
 4.05287E+02,  4.05287E+02,  4.05287E+02,  4.05287E+02,  4.05287E+02
 4.05287E+02,  4.05287E+02,  4.05287E+02,  4.05287E+02,  4.05287E+02
 4.05287E+02,  4.05287E+02,  4.05287E+02,  4.05287E+02,  4.05287E+02
 4.05287E+02,  4.05287E+02,  4.05287E+02,  4.05287E+02,  4.05287E+02
 4.05287E+02,  4.05287E+02,  4.05287E+02,  4.05287E+02,  4.05287E+02
 4.05287E+02,  4.05287E+02,  4.05287E+02,  4.05287E+02,  4.05287E+02
 4.05287E+02,  4.05287E+02,  4.05287E+02,  4.05287E+02,  4.05287E+02
 4.05287E+02,  4.05287E+02,  4.05287E+02,  4.05287E+02,  4.05287E+02
 4.05287E+02,  4.05287E+02,  4.05287E+02,  4.05287E+02,  4.05287E+02
 4.05287E+02,  4.05287E+02,  4.05287E+02,  4.05287E+02,  4.05287E+02
 4.05287E+02,  4.05287E+02,  4.05287E+02,  4.05287E+02,  4.05287E+02
 4.05287E+02,  4.05287E+02,  4.05287E+02,  4.05287E+02,  4.05287E+02
 4.05287E+02,  4.05287E+02,  4.05287E+02,  4.05287E+02,  4.05287E+02
 4.05287E+02,  4.05287E+02,  4.05287E+02,  4.05287E+02,  4.05287E+02
 4.05287E+02,  4.05287E+02,  4.05287E+02,  4.05287E+02,  4.05287E+02
 4.05287E+02,  4.05287E+02,  4.05287E+02,  4.05287E+02,  4.05287E+02
 4.05287E+02,  4.05287E+02,  4.05287E+02,  4.05287E+02,  4.05287E+02
 4.05287E+02,  4.05287E+02,  4.05287E+02,  4.05287E+02,  4.05287E+02
 4.05287E+02,  4.05287E+02,  4.05287E+02,  4.05287E+02,  4.05287E+02
 4.05287E+02,  4.05287E+02,  4.05287E+02,  4.05287E+02,  4.05287E+02
 4.05287E+02,  4.05287E+02,  4.05287E+02,  4.05287E+02,  4.05287E+02
 4.05287E+02,  4.05287E+02,  4.05287E+02,  4.05287E+02,  4.05287E+02
 4.05287E+02,  4.05287E+02,  4.05287E+02,  4.05287E+02,  4.05287E+02
 4.05287E+02,  4.05287E+02,  4.05287E+02,  4.05287E+02,  4.05287E+02
 4.05287E+02,  4.05287E+02,  4.05287E+02,  4.05287E+02,  4.05287E+02
 4.05287E+02,  4.05287E+02,  4.05287E+02,  4.05287E+02,  4.05287E+02
 4.05287E+02,  4.05287E+02,  4.05287E+02,  4.05287E+02,  4.05287E+02
 4.05287E+02,  4.05287E+02,  4.05287E+02,  4.05287E+02,  4.05287E+02
 4.05287E+02,  4.05287E+02,  4.05287E+02,  4.05287E+02,  4.05287E+02
 4.05287E+02,  4.05287E+02,  4.05287E+02,  4.05287E+02,  4.05287E+02
 4.05287E+02,  4.05287E+02,  4.05287E+02,  4.05287E+02,  4.05287E+02
 4.05287E+02,  4.05287E+02,  4.05287E+02,  4.05287E+02,  4.05287E+02
 4.05287E+02,  4.05287E+02,  4.05287E+02,  4.05287E+02,  4.05287E+02
 4.05287E+02,  4.05287E+02,  4.05287E+02,  4.05287E+02,  4.05287E+02
 4.05287E+02,  4.05287E+02,  4.05287E+02,  4.05287E+02,  4.05287E+02
 4.05287E+02,  4.05287E+02,  4.05287E+02,  4.05287E+02,  4.05287E+02
 4.05287E+02,  4.05287E+02,  4.05287E+02,  4.05287E+02,  4.05287E+02
 4.05287E+02,  4.05287E+02,  4.05287E+02,  4.05287E+02,  4.05287E+02
 4.05287E+02,  4.05287E+02,  4.05287E+02,  4.05287E+02,  4.05287E+02
 4.05287E+02,  4.05287E+02,  4.05287E+02,  4.05287E+02,  4.05287E+02
 4.05287E+02,  4.05287E+02,  4.05287E+02,  4.05287E+02,  4.05287E+02
 4.05287E+02,  4.05287E+02,  4.05287E+02,  4.05287E+02,  4.05287E+02
 4.05287E+02,  4.05287E+02,  4.05287E+02,  4.05287E+02,  4.05287E+02
 4.05287E+02,  4.05287E+02,  4.05287E+02,  4.05287E+02,  4.05287E+02
 4.05287E+02,  4.05287E+02,  4.05287E+02,  4.05287E+02,  4.05287E+02
 4.05287E+02,  4.05287E+02,  4.05287E+02,  4.05287E+02,  4.05287E+02
 4.05287E+02,  4.05287E+02,  4.05287E+02,  4.05287E+02,  4.05287E+02
 4.05287E+02,  4.05287E+02,  4.05287E+02,  4.05287E+02,  4.05287E+02
 4.05287E+02,  4.05287E+02,  4.05287E+02,  4.05287E+02,  4.05287E+02
 4.05287E+02,  4.05287E+02,  4.05287E+02,  4.05287E+02,  4.05287E+02
 4.05287E+02,  4.05287E+02,  4.05287E+02,  4.05287E+02,  4.05287E+02
 4.05287E+02,  4.05287E+02,  4.05287E+02,  4.05287E+02,  4.05287E+02
 4.05287E+02,  4.05287E+02,  4.05287E+02,  4.05287E+02,  4.05287E+02
 4.05287E+02,  4.05287E+02,  4.05287E+02,  4.05287E+02,  4.05287E+02
 4.05287E+02,  4.05287E+02,  4.05287E+02,  4.05287E+02,  4.05287E+02
 4.05287E+02,  4.05287E+02,  4.05287E+02,  4.05287E+02,  4.05287E+02
 4.05287E+02,  4.05287E+02,  4.05287E+02,  4.05287E+02,  4.05287E+02
 4.05287E+02,  4.05287E+02,  4.05287E+02,  4.05287E+02,  4.05287E+02
 4.05287E+02,  4.05287E+02,  4.05287E+02,  4.05287E+02,  4.05287E+02
 4.05287E+02,  4.05287E+02,  4.05287E+02,  4.05287E+02,  4.05287E+02
 4.05287E+02,  4.05287E+02,  4.05287E+02,  4.05287E+02,  4.05287E+02
 4.05287E+02,  4.05287E+02,  4.05287E+02,  4.05287E+02,  4.05287E+02
 4.05287E+02,  4.05287E+02,  4.05287E+02,  4.05287E+02,  4.05287E+02
 4.05287E+02,  4.05287E+02,  4.05287E+02,  4.05287E+02,  4.05287E+02
 4.05287E+02,  4.05287E+02,  4.05287E+02,  4.05287E+02,  4.05287E+02
 4.05287E+02,  4.05287E+02,  4.05287E+02,  4.05287E+02,  4.05287E+02
 4.05287E+02,  4.05287E+02,  4.05287E+02,  4.05287E+02,  4.05287E+02
 4.05287E+02,  4.05287E+02,  4.05287E+02,  4.05287E+02,  4.05287E+02
 4.05287E+02,  4.05287E+02,  4.05287E+02,  4.05287E+02,  4.05287E+02
 4.05287E+02,  4.05287E+02,  4.05287E+02,  4.05287E+02,  4.05287E+02
 4.05287E+02,  4.05287E+02,  4.05287E+02,  4.05287E+02,  4.05287E+02
 4.05287E+02,  4.05287E+02,  4.05287E+02,  4.05287E+02,  4.05287E+02
 4.05287E+02,  4.05287E+02,  4.05287E+02,  4.05287E+02,  4.05287E+02
 4.05287E+02,  4.05287E+02,  4.05287E+02,  4.05287E+02,  4.05287E+02
 4.05287E+02,  4.05287E+02,  4.05287E+02,  4.05287E+02,  4.05287E+02
 4.05287E+02,  4.05287E+02,  4.05287E+02,  4.05287E+02,  4.05287E+02
 4.05287E+02,  4.05287E+02,  4.05287E+02,  4.05287E+02,  4.05287E+02
 4.05287E+02,  4.05287E+02,  4.05287E+02,  4.05287E+02,  4.05287E+02
 4.05287E+02,  4.05287E+02,  4.05287E+02,  4.05287E+02,  4.05287E+02
 4.05287E+02,  4.05287E+02,  4.05287E+02,  4.05287E+02,  4.05287E+02
 4.05287E+02,  4.05287E+02,  4.05287E+02,  4.05287E+02,  4.05287E+02
 4.05287E+02,  4.05287E+02,  4.05287E+02,  4.05287E+02,  4.05287E+02
 4.05287E+02,  4.05287E+02,  4.05287E+02,  4.05287E+02,  4.05287E+02
 4.05287E+02,  4.05287E+02,  4.05287E+02,  4.05287E+02,  4.05287E+02
 4.05287E+02,  4.05287E+02,  4.05287E+02,  4.05287E+02,  4.05287E+02
 4.05287E+02,  4.05287E+02,  4.05287E+02,  4.05287E+02,  4.05287E+02
 4.05287E+02,  4.05287E+02,  4.05287E+02,  4.05287E+02,  4.05287E+02
 4.05287E+02,  4.05287E+02,  4.05287E+02,  4.05287E+02,  4.05287E+02
 4.05287E+02,  4.05287E+02,  4.05287E+02,  4.05287E+02,  4.05287E+02
 4.05287E+02,  4.05287E+02,  4.05287E+02,  4.05287E+02,  4.05287E+02
 4.05287E+02,  4.05287E+02,  4.05287E+02,  4.05287E+02,  4.05287E+02
 4.05287E+02,  4.05287E+02,  4.05287E+02,  4.05287E+02,  4.05287E+02
 4.05287E+02,  4.05287E+02,  4.05287E+02,  4.05287E+02,  4.05287E+02
 4.05287E+02,  4.05287E+02,  4.05287E+02,  4.05287E+02,  4.05287E+02
 4.05287E+02,  4.05287E+02,  4.05287E+02,  4.05287E+02,  4.05287E+02
 4.05287E+02,  4.05287E+02,  4.05287E+02,  4.05287E+02,  4.05287E+02
 4.05287E+02,  4.05287E+02,  4.05287E+02,  4.05287E+02,  4.05287E+02
 4.05287E+02,  4.05287E+02,  4.05287E+02,  4.05287E+02,  4.05287E+02
 4.05287E+02,  4.05287E+02,  4.05287E+02,  4.05287E+02,  4.05287E+02
 4.05287E+02,  4.05287E+02,  4.05287E+02,  4.05287E+02,  4.05287E+02
 4.05287E+02,  4.05287E+02,  4.05287E+02,  4.05287E+02,  4.05287E+02
 4.05287E+02,  4.05287E+02,  4.05287E+02,  4.05287E+02,  4.05287E+02
 4.05287E+02,  4.05287E+02,  4.05287E+02,  4.05287E+02,  4.05287E+02
 4.05287E+02,  4.05287E+02,  4.05287E+02,  4.05287E+02,  4.05287E+02
 4.05287E+02,  4.05287E+02,  4.05287E+02,  4.05287E+02,  4.05287E+02
 4.05287E+02,  4.05287E+02,  4.05287E+02,  4.05287E+02,  4.05287E+02
 4.05287E+02,  4.05287E+02,  4.05287E+02,  4.05287E+02,  4.05287E+02
 4.05287E+02,  4.05287E+02,  4.05287E+02,  4.05287E+02,  4.05287E+02
 4.05287E+02,  4.05287E+02,  4.05287E+02,  4.05287E+02,  4.05287E+02
 4.05287E+02,  4.05287E+02,  4.05287E+02,  4.05287E+02,  4.05287E+02
 4.05287E+02,  4.05287E+02,  4.05287E+02,  4.05287E+02,  4.05287E+02
 4.05287E+02,  4.05287E+02,  4.05287E+02,  4.05287E+02,  4.05287E+02
 4.05287E+02,  4.05287E+02,  4.05287E+02,  4.05287E+02,  4.05287E+02
 4.05287E+02,  4.05287E+02,  4.05287E+02,  4.05287E+02,  4.05287E+02
 4.05287E+02,  4.05287E+02,  4.05287E+02,  4.05287E+02,  4.05287E+02
 4.05287E+02,  4.05287E+02,  4.05287E+02,  4.05287E+02,  4.05287E+02
 4.05287E+02,  4.05287E+02,  4.05287E+02,  4.05287E+02,  4.05287E+02
 4.05287E+02,  4.05287E+02,  4.05287E+02,  4.05287E+02,  4.05287E+02
 4.05287E+02,  4.05287E+02,  4.05287E+02,  4.05287E+02,  4.05287E+02
 4.05287E+02,  4.05287E+02,  4.05287E+02,  4.05287E+02,  4.05287E+02
 4.05287E+02,  4.05287E+02,  4.05287E+02,  4.05287E+02,  4.05287E+02
 4.05287E+02,  4.05287E+02,  4.05287E+02,  4.05287E+02,  4.05287E+02
 4.05287E+02,  4.05287E+02,  4.05287E+02,  4.05287E+02,  4.05287E+02
 4.05287E+02,  4.05287E+02,  4.05287E+02,  4.05287E+02,  4.05287E+02
 4.05287E+02,  4.05287E+02,  4.05287E+02,  4.05287E+02,  4.05287E+02
 4.05287E+02,  4.05287E+02,  4.05287E+02,  4.05287E+02,  4.05287E+02
 4.05287E+02,  4.05287E+02,  4.05287E+02,  4.05287E+02,  4.05287E+02
 4.05287E+02,  4.05287E+02,  4.05287E+02,  4.05287E+02,  4.05287E+02
 4.05287E+02,  4.05287E+02,  4.05287E+02,  4.05287E+02,  4.05287E+02
 4.05287E+02,  4.05287E+02,  4.05287E+02,  4.05287E+02,  4.05287E+02
 4.05287E+02,  4.05287E+02,  4.05287E+02,  4.05287E+02,  4.05287E+02
 4.05287E+02,  4.05287E+02,  4.05287E+02,  4.05287E+02,  4.05287E+02
 4.05287E+02,  4.05287E+02,  4.05287E+02,  4.05287E+02,  4.05287E+02
 4.05287E+02,  4.05287E+02,  4.05287E+02,  4.05287E+02,  4.05287E+02
 4.05287E+02,  4.05287E+02,  4.05287E+02,  4.05287E+02,  4.05287E+02
 4.05287E+02,  4.05287E+02,  4.05287E+02,  4.05287E+02,  4.05287E+02
 4.05287E+02,  4.05287E+02,  4.05287E+02,  4.05287E+02,  4.05287E+02
 4.05287E+02,  4.05287E+02,  4.05287E+02,  4.05287E+02,  4.05287E+02
 4.05287E+02,  4.05287E+02,  4.05287E+02,  4.05287E+02,  4.05287E+02
 4.05287E+02,  4.05287E+02,  4.05287E+02,  4.05287E+02,  4.05287E+02
 4.05287E+02,  4.05287E+02,  4.05287E+02,  4.05287E+02,  4.05287E+02
 4.05287E+02,  4.05287E+02,  4.05287E+02,  4.05287E+02,  4.05287E+02
 4.05287E+02,  4.05287E+02,  4.05287E+02,  4.05287E+02,  4.05287E+02
 4.05287E+02,  4.05287E+02,  4.05287E+02,  4.05287E+02,  4.05287E+02
 4.05287E+02,  4.05287E+02,  4.05287E+02,  4.05287E+02,  4.05287E+02
 4.05287E+02,  4.05287E+02,  4.05287E+02,  4.05287E+02,  4.05287E+02
 4.05287E+02,  4.05287E+02,  4.05287E+02,  4.05287E+02,  4.05287E+02
 4.05287E+02,  4.05287E+02,  4.05287E+02,  4.05287E+02,  4.05287E+02
 4.05287E+02,  4.05287E+02,  4.05287E+02,  4.05287E+02,  4.05287E+02
 4.05287E+02,  4.05287E+02,  4.05287E+02,  4.05287E+02,  4.05287E+02
 4.05287E+02,  4.05287E+02,  4.05287E+02,  4.05287E+02,  4.05287E+02
 4.05287E+02,  4.05287E+02,  4.05287E+02,  4.05287E+02,  4.05287E+02
 4.05287E+02,  4.05287E+02,  4.05287E+02,  4.05287E+02,  4.05287E+02
 4.05287E+02,  4.05287E+02,  4.05287E+02,  4.05287E+02,  4.05287E+02
 4.05287E+02,  4.05287E+02,  4.05287E+02,  4.05287E+02,  4.05287E+02
 4.05287E+02,  4.05287E+02,  4.05287E+02,  4.05287E+02,  4.05287E+02
 4.05287E+02,  4.05287E+02,  4.05287E+02,  4.05287E+02,  4.05287E+02
 4.05287E+02,  4.05287E+02,  4.05287E+02,  4.05287E+02,  4.05287E+02
 4.05287E+02,  4.05287E+02,  4.05287E+02,  4.05287E+02,  4.05287E+02
 4.05287E+02,  4.05287E+02,  4.05287E+02,  4.05287E+02,  4.05287E+02
 4.05287E+02,  4.05287E+02,  4.05287E+02,  4.05287E+02,  4.05287E+02
 4.05287E+02,  4.05287E+02,  4.05287E+02,  4.05287E+02,  4.05287E+02
 4.05287E+02,  4.05287E+02,  4.05287E+02,  4.05287E+02,  4.05287E+02
 4.05287E+02,  4.05287E+02,  4.05287E+02,  4.05287E+02,  4.05287E+02
 4.05287E+02,  4.05287E+02,  4.05287E+02,  4.05287E+02,  4.05287E+02
 4.05287E+02,  4.05287E+02,  4.05287E+02,  4.05287E+02,  4.05287E+02
 4.05287E+02,  4.05287E+02,  4.05287E+02,  4.05287E+02,  4.05287E+02
 4.05287E+02,  4.05287E+02,  4.05287E+02,  4.05287E+02,  4.05287E+02
 4.05287E+02,  4.05287E+02,  4.05287E+02,  4.05287E+02,  4.05287E+02
 4.05287E+02,  4.05287E+02,  4.05287E+02,  4.05287E+02,  4.05287E+02
 4.05287E+02,  4.05287E+02,  4.05287E+02,  4.05287E+02,  4.05287E+02
 4.05287E+02,  4.05287E+02,  4.05287E+02,  4.05287E+02,  4.05287E+02
 4.05287E+02,  4.05287E+02,  4.05287E+02,  4.05287E+02,  4.05287E+02
 4.05287E+02,  4.05287E+02,  4.05287E+02,  4.05287E+02,  4.05287E+02
 4.05287E+02,  4.05287E+02,  4.05287E+02,  4.05287E+02,  4.05287E+02
 4.05287E+02,  4.05287E+02,  4.05287E+02,  4.05287E+02,  4.05287E+02
 4.05287E+02,  4.05287E+02,  4.05287E+02,  4.05287E+02,  4.05287E+02
 4.05287E+02,  4.05287E+02,  4.05287E+02,  4.05287E+02,  4.05287E+02
 4.05287E+02,  4.05287E+02,  4.05287E+02,  4.05287E+02,  4.05287E+02
 4.05287E+02,  4.05287E+02,  4.05287E+02,  4.05287E+02,  4.05287E+02
 4.05287E+02,  4.05287E+02,  4.05287E+02,  4.05287E+02,  4.05287E+02
 4.05287E+02,  4.05287E+02,  4.05287E+02,  4.05287E+02,  4.05287E+02
 4.05287E+02,  4.05287E+02,  4.05287E+02,  4.05287E+02,  4.05287E+02
 4.05287E+02,  4.05287E+02,  4.05287E+02,  4.05287E+02,  4.05287E+02
 4.05287E+02,  4.05287E+02,  4.05287E+02,  4.05287E+02,  4.05287E+02
 4.05287E+02,  4.05287E+02,  4.05287E+02,  4.05287E+02,  4.05287E+02
 4.05287E+02,  4.05287E+02,  4.05287E+02,  4.05287E+02,  4.05287E+02
 4.05287E+02,  4.05287E+02,  4.05287E+02,  4.05287E+02,  4.05287E+02
 4.05287E+02,  4.05287E+02,  4.05287E+02,  4.05287E+02,  4.05287E+02
 4.05287E+02,  4.05287E+02,  4.05287E+02,  4.05287E+02,  4.05287E+02
 4.05287E+02,  4.05287E+02,  4.05287E+02,  4.05287E+02,  4.05287E+02
 4.05287E+02,  4.05287E+02,  4.05287E+02,  4.05287E+02,  4.05287E+02
 4.05287E+02,  4.05287E+02,  4.05287E+02,  4.05287E+02,  4.05287E+02
 4.05287E+02,  4.05287E+02,  4.05287E+02,  4.05287E+02,  4.05287E+02
 4.05287E+02,  4.05287E+02,  4.05287E+02,  4.05287E+02,  4.05287E+02
 4.05287E+02,  4.05287E+02,  4.05287E+02,  4.05287E+02,  4.05287E+02
 4.05287E+02,  4.05287E+02,  4.05287E+02,  4.05287E+02,  4.05287E+02
 4.05287E+02,  4.05287E+02,  4.05287E+02,  4.05287E+02,  4.05287E+02
 4.05287E+02,  4.05287E+02,  4.05287E+02,  4.05287E+02,  4.05287E+02
 4.05287E+02,  4.05287E+02,  4.05287E+02,  4.05287E+02,  4.05287E+02
 4.05287E+02,  4.05287E+02,  4.05287E+02,  4.05287E+02,  4.05287E+02
 4.05287E+02,  4.05287E+02,  4.05287E+02,  4.05287E+02,  4.05287E+02
 4.05287E+02,  4.05287E+02,  4.05287E+02,  4.05287E+02,  4.05287E+02
 4.05287E+02,  4.05287E+02,  4.05287E+02,  4.05287E+02,  4.05287E+02
 4.05287E+02,  4.05287E+02,  4.05287E+02,  4.05287E+02,  4.05287E+02
 4.05287E+02,  4.05287E+02,  4.05287E+02,  4.05287E+02,  4.05287E+02
 4.05287E+02,  4.05287E+02,  4.05287E+02,  4.05287E+02,  4.05287E+02
 4.05287E+02,  4.05287E+02,  4.05287E+02,  4.05287E+02,  4.05287E+02
 4.05287E+02,  4.05287E+02,  4.05287E+02,  4.05287E+02,  4.05287E+02
 4.05287E+02,  4.05287E+02,  4.05287E+02,  4.05287E+02,  4.05287E+02
 4.05287E+02,  4.05287E+02,  4.05287E+02,  4.05287E+02,  4.05287E+02
 4.05287E+02,  4.05287E+02,  4.05287E+02,  4.05287E+02,  4.05287E+02
 4.05287E+02,  4.05287E+02,  4.05287E+02,  4.05287E+02,  4.05287E+02
 4.05287E+02,  4.05287E+02,  4.05287E+02,  4.05287E+02,  4.05287E+02
 4.05287E+02,  4.05287E+02,  4.05287E+02,  4.05287E+02,  4.05287E+02
 4.05287E+02,  4.05287E+02,  4.05287E+02,  4.05287E+02,  4.05287E+02
 4.05287E+02,  4.05287E+02,  4.05287E+02,  4.05287E+02,  4.05287E+02
 4.05287E+02,  4.05287E+02,  4.05287E+02,  4.05287E+02,  4.05287E+02
 4.05287E+02,  4.05287E+02,  4.05287E+02,  4.05287E+02,  4.05287E+02
 4.05287E+02,  4.05287E+02,  4.05287E+02,  4.05287E+02,  4.05287E+02
 4.05287E+02,  4.05287E+02,  4.05287E+02,  4.05287E+02,  4.05287E+02
 4.05287E+02,  4.05287E+02,  4.05287E+02,  4.05287E+02,  4.05287E+02
 4.05287E+02,  4.05287E+02,  4.05287E+02,  4.05287E+02,  4.05287E+02
 4.05287E+02,  4.05287E+02,  4.05287E+02,  4.05287E+02,  4.05287E+02
 4.05287E+02,  4.05287E+02,  4.05287E+02,  4.05287E+02,  4.05287E+02
 4.05287E+02,  4.05287E+02,  4.05287E+02,  4.05287E+02,  4.05287E+02
 4.05287E+02,  4.05287E+02,  4.05287E+02,  4.05287E+02,  4.05287E+02
 4.05287E+02,  4.05287E+02,  4.05287E+02,  4.05287E+02,  4.05287E+02
 4.05287E+02,  4.05287E+02,  4.05287E+02,  4.05287E+02,  4.05287E+02
 4.05287E+02,  4.05287E+02,  4.05287E+02,  4.05287E+02,  4.05287E+02
 4.05287E+02,  4.05287E+02,  4.05287E+02,  4.05287E+02,  4.05287E+02
 4.05287E+02,  4.05287E+02,  4.05287E+02,  4.05287E+02,  4.05287E+02
 4.05287E+02,  4.05287E+02,  4.05287E+02,  4.05287E+02,  4.05287E+02
 4.05287E+02,  4.05287E+02,  4.05287E+02,  4.05287E+02,  4.05287E+02
 4.05287E+02,  4.05287E+02,  4.05287E+02,  4.05287E+02,  4.05287E+02
 4.05287E+02,  4.05287E+02,  4.05287E+02,  4.05287E+02,  4.05287E+02
 4.05287E+02,  4.05287E+02,  4.05287E+02,  4.05287E+02,  4.05287E+02
 4.05287E+02,  4.05287E+02,  4.05287E+02,  4.05287E+02,  4.05287E+02
 4.05287E+02,  4.05287E+02,  4.05287E+02,  4.05287E+02,  4.05287E+02
 4.05287E+02,  4.05287E+02,  4.05287E+02,  4.05287E+02,  4.05287E+02
 4.05287E+02,  4.05287E+02,  4.05287E+02,  4.05287E+02,  4.05287E+02
 4.05287E+02,  4.05287E+02,  4.05287E+02,  4.05287E+02,  4.05287E+02
 4.05287E+02,  4.05287E+02,  4.05287E+02,  4.05287E+02,  4.05287E+02
 4.05287E+02,  4.05287E+02,  4.05287E+02,  4.05287E+02,  4.05287E+02
 4.05287E+02,  4.05287E+02,  4.05287E+02,  4.05287E+02,  4.05287E+02
 4.05287E+02,  4.05287E+02,  4.05287E+02,  4.05287E+02,  4.05287E+02
 4.05287E+02,  4.05287E+02,  4.05287E+02,  4.05287E+02,  4.05287E+02
 4.05287E+02,  4.05287E+02,  4.05287E+02,  4.05287E+02,  4.05287E+02
 4.05287E+02,  4.05287E+02,  4.05287E+02,  4.05287E+02,  4.05287E+02
 4.05287E+02,  4.05287E+02,  4.05287E+02,  4.05287E+02,  4.05287E+02
 4.05287E+02,  4.05287E+02,  4.05287E+02,  4.05287E+02,  4.05287E+02
 4.05287E+02,  4.05287E+02,  4.05287E+02,  4.05287E+02,  4.05287E+02
 4.05287E+02,  4.05287E+02,  4.05287E+02,  4.05287E+02,  4.05287E+02
 4.05287E+02,  4.05287E+02,  4.05287E+02,  4.05287E+02,  4.05287E+02
 4.05287E+02,  4.05287E+02,  4.05287E+02,  4.05287E+02,  4.05287E+02
 4.05287E+02,  4.05287E+02,  4.05287E+02,  4.05287E+02,  4.05287E+02
 4.05287E+02,  4.05287E+02,  4.05287E+02,  4.05287E+02,  4.05287E+02
 4.05287E+02,  4.05287E+02,  4.05287E+02,  4.05287E+02,  4.05287E+02
 4.05287E+02,  4.05287E+02,  4.05287E+02,  4.05287E+02,  4.05287E+02
 4.05287E+02,  4.05287E+02,  4.05287E+02,  4.05287E+02,  4.05287E+02
 4.05287E+02,  4.05287E+02,  4.05287E+02,  4.05287E+02,  4.05287E+02
 4.05287E+02,  4.05287E+02,  4.05287E+02,  4.05287E+02,  4.05287E+02
 4.05287E+02,  4.05287E+02,  4.05287E+02,  4.05287E+02,  4.05287E+02
 4.05287E+02,  4.05287E+02,  4.05287E+02,  4.05287E+02,  4.05287E+02
 4.05287E+02,  4.05287E+02,  4.05287E+02,  4.05287E+02,  4.05287E+02
 4.05287E+02,  4.05287E+02,  4.05287E+02,  4.05287E+02,  4.05287E+02
 4.05287E+02,  4.05287E+02,  4.05287E+02,  4.05287E+02,  4.05287E+02
 4.05287E+02,  4.05287E+02,  4.05287E+02,  4.05287E+02,  4.05287E+02
 4.05287E+02,  4.05287E+02,  4.05287E+02,  4.05287E+02,  4.05287E+02
 4.05287E+02,  4.05287E+02,  4.05287E+02,  4.05287E+02,  4.05287E+02
 4.05287E+02,  4.05287E+02,  4.05287E+02,  4.05287E+02,  4.05287E+02
 4.05287E+02,  4.05287E+02,  4.05287E+02,  4.05287E+02,  4.05287E+02
 4.05287E+02,  4.05287E+02,  4.05287E+02,  4.05287E+02,  4.05287E+02
 4.05287E+02,  4.05287E+02,  4.05287E+02,  4.05287E+02,  4.05287E+02
 4.05287E+02,  4.05287E+02,  4.05287E+02,  4.05287E+02,  4.05287E+02
 4.05287E+02,  4.05287E+02,  4.05287E+02,  4.05287E+02,  4.05287E+02
 4.05287E+02,  4.05287E+02,  4.05287E+02,  4.05287E+02,  4.05287E+02
 4.05287E+02,  4.05287E+02,  4.05287E+02,  4.05287E+02,  4.05287E+02
 4.05287E+02,  4.05287E+02,  4.05287E+02,  4.05287E+02,  4.05287E+02
 4.05287E+02,  4.05287E+02,  4.05287E+02,  4.05287E+02,  4.05287E+02
 4.05287E+02,  4.05287E+02,  4.05287E+02,  4.05287E+02,  4.05287E+02
 4.05287E+02,  4.05287E+02,  4.05287E+02,  4.05287E+02,  4.05287E+02
 4.05287E+02,  4.05287E+02,  4.05287E+02,  4.05287E+02,  4.05287E+02
 4.05287E+02,  4.05287E+02,  4.05287E+02,  4.05287E+02,  4.05287E+02
 4.05287E+02,  4.05287E+02,  4.05287E+02,  4.05287E+02,  4.05287E+02
 4.05287E+02,  4.05287E+02,  4.05287E+02,  4.05287E+02,  4.05287E+02
 4.05287E+02,  4.05287E+02,  4.05287E+02,  4.05287E+02,  4.05287E+02
 4.05287E+02,  4.05287E+02,  4.05287E+02,  4.05287E+02,  4.05287E+02
 4.05287E+02,  4.05287E+02,  4.05287E+02,  4.05287E+02,  4.05287E+02
 4.05287E+02,  4.05287E+02,  4.05287E+02,  4.05287E+02,  4.05287E+02
 4.05287E+02,  4.05287E+02,  4.05287E+02,  4.05287E+02,  4.05287E+02
 4.05287E+02,  4.05287E+02,  4.05287E+02,  4.05287E+02,  4.05287E+02
 4.05287E+02,  4.05287E+02,  4.05287E+02,  4.05287E+02,  4.05287E+02
 4.05287E+02,  4.05287E+02,  4.05287E+02,  4.05287E+02,  4.05287E+02
 4.05287E+02,  4.05287E+02,  4.05287E+02,  4.05287E+02,  4.05287E+02
 4.05287E+02,  4.05287E+02,  4.05287E+02,  4.05287E+02,  4.05287E+02
 4.05287E+02,  4.05287E+02,  4.05287E+02,  4.05287E+02,  4.05287E+02
 4.05287E+02,  4.05287E+02,  4.05287E+02,  4.05287E+02,  4.05287E+02
 4.05287E+02,  4.05287E+02,  4.05287E+02,  4.05287E+02,  4.05287E+02
 4.05287E+02,  4.05287E+02,  4.05287E+02,  4.05287E+02,  4.05287E+02
 4.05287E+02,  4.05287E+02,  4.05287E+02,  4.05287E+02,  4.05287E+02
 4.05287E+02,  4.05287E+02,  4.05287E+02,  4.05287E+02,  4.05287E+02
 4.05287E+02,  4.05287E+02,  4.05287E+02,  4.05287E+02,  4.05287E+02
 4.05287E+02,  4.05287E+02,  4.05287E+02,  4.05287E+02,  4.05287E+02
 4.05287E+02,  4.05287E+02,  4.05287E+02,  4.05287E+02,  4.05287E+02
 4.05287E+02,  4.05287E+02,  4.05287E+02,  4.05287E+02,  4.05287E+02
 4.05287E+02,  4.05287E+02,  4.05287E+02,  4.05287E+02,  4.05287E+02
 4.05287E+02,  4.05287E+02,  4.05287E+02,  4.05287E+02,  4.05287E+02
 4.05287E+02,  4.05287E+02,  4.05287E+02,  4.05287E+02,  4.05287E+02
 4.05287E+02,  4.05287E+02,  4.05287E+02,  4.05287E+02,  4.05287E+02
 4.05287E+02,  4.05287E+02,  4.05287E+02,  4.05287E+02,  4.05287E+02
 4.05287E+02,  4.05287E+02,  4.05287E+02,  4.05287E+02,  4.05287E+02
 4.05287E+02,  4.05287E+02,  4.05287E+02,  4.05287E+02,  4.05287E+02
 4.05287E+02,  4.05287E+02,  4.05287E+02,  4.05287E+02,  4.05287E+02
 4.05287E+02,  4.05287E+02,  4.05287E+02,  4.05287E+02,  4.05287E+02
 4.05287E+02,  4.05287E+02,  4.05287E+02,  4.05287E+02,  4.05287E+02
 4.05287E+02,  4.05287E+02,  4.05287E+02,  4.05287E+02,  4.05287E+02
 4.05287E+02,  4.05287E+02,  4.05287E+02,  4.05287E+02,  4.05287E+02
 4.05287E+02,  4.05287E+02,  4.05287E+02,  4.05287E+02,  4.05287E+02
 4.05287E+02,  4.05287E+02,  4.05287E+02,  4.05287E+02,  4.05287E+02
 4.05287E+02,  4.05287E+02,  4.05287E+02,  4.05287E+02,  4.05287E+02
 4.05287E+02,  4.05287E+02,  4.05287E+02,  4.05287E+02,  4.05287E+02
 4.05287E+02,  4.05287E+02,  4.05287E+02,  4.05287E+02,  4.05287E+02
 4.05287E+02,  4.05287E+02,  4.05287E+02,  4.05287E+02,  4.05287E+02
 4.05287E+02,  4.05287E+02,  4.05287E+02,  4.05287E+02,  4.05287E+02
 4.05287E+02,  4.05287E+02,  4.05287E+02,  4.05287E+02,  4.05287E+02
 4.05287E+02,  4.05287E+02,  4.05287E+02,  4.05287E+02,  4.05287E+02
 4.05287E+02,  4.05287E+02,  4.05287E+02,  4.05287E+02,  4.05287E+02
 4.05287E+02,  4.05287E+02,  4.05287E+02,  4.05287E+02,  4.05287E+02
 4.05287E+02,  4.05287E+02,  4.05287E+02,  4.05287E+02,  4.05287E+02
 4.05287E+02,  4.05287E+02,  4.05287E+02,  4.05287E+02,  4.05287E+02
 4.05287E+02,  4.05287E+02,  4.05287E+02,  4.05287E+02,  4.05287E+02
 4.05287E+02,  4.05287E+02,  4.05287E+02,  4.05287E+02,  4.05287E+02
 4.05287E+02,  4.05287E+02,  4.05287E+02,  4.05287E+02,  4.05287E+02
 4.05287E+02,  4.05287E+02,  4.05287E+02,  4.05287E+02,  4.05287E+02
 4.05287E+02,  4.05287E+02,  4.05287E+02,  4.05287E+02,  4.05287E+02
 4.05287E+02,  4.05287E+02,  4.05287E+02,  4.05287E+02,  4.05287E+02
 4.05287E+02,  4.05287E+02,  4.05287E+02,  4.05287E+02,  4.05287E+02
 4.05287E+02,  4.05287E+02,  4.05287E+02,  4.05287E+02,  4.05287E+02
 4.05287E+02,  4.05287E+02,  4.05287E+02,  4.05287E+02,  4.05287E+02
 4.05287E+02,  4.05287E+02,  4.05287E+02,  4.05287E+02,  4.05287E+02
 4.05287E+02,  4.05287E+02,  4.05287E+02,  4.05287E+02,  4.05287E+02
 4.05287E+02,  4.05287E+02,  4.05287E+02,  4.05287E+02,  4.05287E+02
 4.05287E+02,  4.05287E+02,  4.05287E+02,  4.05287E+02,  4.05287E+02
 4.05287E+02,  4.05287E+02,  4.05287E+02,  4.05287E+02,  4.05287E+02
 4.05287E+02,  4.05287E+02,  4.05287E+02,  4.05287E+02,  4.05287E+02
 4.05287E+02,  4.05287E+02,  4.05287E+02,  4.05287E+02,  4.05287E+02
 4.05287E+02,  4.05287E+02,  4.05287E+02,  4.05287E+02,  4.05287E+02
 4.05287E+02,  4.05287E+02,  4.05287E+02,  4.05287E+02,  4.05287E+02
 4.05287E+02,  4.05287E+02,  4.05287E+02,  4.05287E+02,  4.05287E+02
 4.05287E+02,  4.05287E+02,  4.05287E+02,  4.05287E+02,  4.05287E+02
 4.05287E+02,  4.05287E+02,  4.05287E+02,  4.05287E+02,  4.05287E+02
 4.05287E+02,  4.05287E+02,  4.05287E+02,  4.05287E+02,  4.05287E+02
 4.05287E+02,  4.05287E+02,  4.05287E+02,  4.05287E+02,  4.05287E+02
 4.05287E+02,  4.05287E+02,  4.05287E+02,  4.05287E+02,  4.05287E+02
 4.05287E+02,  4.05287E+02,  4.05287E+02,  4.05287E+02,  4.05287E+02
 4.05287E+02,  4.05287E+02,  4.05287E+02,  4.05287E+02,  4.05287E+02
 4.05287E+02,  4.05287E+02,  4.05287E+02,  4.05287E+02,  4.05287E+02
 4.05287E+02,  4.05287E+02,  4.05287E+02,  4.05287E+02,  4.05287E+02
 4.05287E+02,  4.05287E+02,  4.05287E+02,  4.05287E+02,  4.05287E+02
 4.05287E+02,  4.05287E+02,  4.05287E+02,  4.05287E+02,  4.05287E+02
 4.05287E+02

;-Sensitivity in the elemental sequential order

 4.13878E-02,  4.26648E-02,  4.00612E-02,  3.28320E-02,  2.47697E-02
 1.82090E-02,  1.35138E-02,  1.02521E-02,  7.95508E-03,  6.30022E-03
 5.08490E-03,  4.17937E-03,  3.49661E-03,  2.97497E-03,  2.56867E-03
 5.54894E-03,  5.54894E-03,  9.21185E-03,  9.21185E-03,  9.21185E-03
 9.21185E-03,  9.21185E-03,  9.21185E-03,  4.13878E-02,  4.26648E-02
 4.00612E-02,  3.28320E-02,  2.47697E-02,  1.82090E-02,  1.35138E-02
 1.02521E-02,  7.95508E-03,  6.30022E-03,  5.08490E-03,  4.17937E-03
 3.49661E-03,  2.97497E-03,  2.56867E-03,  5.54894E-03,  5.54894E-03
 9.21185E-03,  9.21185E-03,  9.21185E-03,  9.21185E-03,  9.21185E-03
 9.21185E-03,  4.13878E-02,  4.26648E-02,  4.00612E-02,  3.28320E-02
 2.47697E-02,  1.82090E-02,  1.35138E-02,  1.02521E-02,  7.95508E-03
 6.30022E-03,  5.08490E-03,  4.17937E-03,  3.49661E-03,  2.97497E-03
 2.56867E-03,  5.54894E-03,  5.54894E-03,  9.21185E-03,  9.21185E-03
 9.21185E-03,  9.21185E-03,  9.21185E-03,  9.21185E-03,  4.13878E-02
 4.26648E-02,  4.00612E-02,  3.28320E-02,  2.47697E-02,  1.82090E-02
 1.35138E-02,  1.02521E-02,  7.95508E-03,  6.30022E-03,  5.08490E-03
 4.17937E-03,  3.49661E-03,  2.97497E-03,  2.56867E-03,  5.54894E-03
 5.54894E-03,  9.21185E-03,  9.21185E-03,  9.21185E-03,  9.21185E-03
 9.21185E-03,  9.21185E-03,  4.13878E-02,  4.26648E-02,  4.00612E-02
 3.28320E-02,  2.47697E-02,  1.82090E-02,  1.35138E-02,  1.02521E-02
 7.95508E-03,  6.30022E-03,  5.08490E-03,  4.17937E-03,  3.49661E-03
 2.97497E-03,  2.56867E-03,  5.54894E-03,  5.54894E-03,  9.21185E-03
 9.21185E-03,  9.21185E-03,  9.21185E-03,  9.21185E-03,  9.21185E-03
 4.13878E-02,  4.26648E-02,  4.00612E-02,  3.28320E-02,  2.47697E-02
 1.82090E-02,  1.35138E-02,  1.02521E-02,  7.95508E-03,  6.30022E-03
 5.08490E-03,  4.17937E-03,  3.49661E-03,  2.97497E-03,  2.56867E-03
 5.54894E-03,  5.54894E-03,  9.21185E-03,  9.21185E-03,  9.21185E-03
 9.21185E-03,  9.21185E-03,  9.21185E-03,  8.58865E-01,  2.53668E-01
 9.97766E-02,  4.60312E-02,  2.33446E-02,  1.27295E-02,  7.30657E-03
 4.37113E-03,  2.71833E-03,  1.75265E-03,  1.16661E-03,  7.98471E-04
 5.60644E-04,  4.03438E-04,  2.97223E-04,  4.96215E-04,  4.96215E-04
 4.40735E-04,  4.40735E-04,  4.40735E-04,  4.40735E-04,  4.40735E-04
 4.40735E-04,  8.58865E-01,  2.53668E-01,  9.97766E-02,  4.60312E-02
 2.33446E-02,  1.27295E-02,  7.30657E-03,  4.37113E-03,  2.71833E-03
 1.75265E-03,  1.16661E-03,  7.98471E-04,  5.60644E-04,  4.03438E-04
 2.97223E-04,  4.96215E-04,  4.96215E-04,  4.40735E-04,  4.40735E-04
 4.40735E-04,  4.40735E-04,  4.40735E-04,  4.40735E-04,  1.14536E+00
 2.71753E-01,  7.20134E-02,  2.27250E-02,  9.85861E-03,  5.16082E-03
 2.90512E-03,  1.71088E-03,  1.04769E-03,  6.65002E-04,  4.36184E-04
 2.94902E-04,  2.05138E-04,  1.46551E-04,  1.07238E-04,  1.76631E-04
 1.76631E-04,  1.50625E-04,  1.50625E-04,  1.50625E-04,  1.50625E-04
 1.50625E-04,  1.50625E-04,  4.09178E+00,  9.49563E-01,  1.98411E-01
 4.37071E-02,  1.38013E-02,  6.20294E-03,  3.30836E-03,  1.90715E-03
 1.15365E-03,  7.24647E-04,  4.70550E-04,  3.15255E-04,  2.17660E-04
 1.54571E-04,  1.12522E-04,  1.83715E-04,  1.83715E-04,  1.52995E-04
 1.52995E-04,  1.52995E-04,  1.52995E-04,  1.52995E-04,  1.52995E-04
 1.94223E+00,  1.27039E+00,  2.91788E-01,  6.40788E-02,  1.89569E-02
 7.73153E-03,  3.88417E-03,  2.17474E-03,  1.29375E-03,  8.01956E-04
 5.14286E-04,  3.40601E-04,  2.32858E-04,  1.64054E-04,  1.18629E-04
 1.91691E-04,  1.91691E-04,  1.55563E-04,  1.55563E-04,  1.55563E-04
 1.55563E-04,  1.55563E-04,  1.55563E-04,  4.35980E+00,  1.54629E+00
 3.44627E-01,  7.85857E-02,  2.36763E-02,  9.40832E-03,  4.57198E-03
 2.50407E-03,  1.46802E-03,  8.98513E-04,  5.68883E-04,  3.72059E-04
 2.51520E-04,  1.75545E-04,  1.25946E-04,  2.01165E-04,  2.01165E-04
 1.58812E-04,  1.58812E-04,  1.58812E-04,  1.58812E-04,  1.58812E-04
 1.58812E-04,  4.37749E+00,  1.55322E+00,  3.58566E-01,  8.67292E-02
 2.72985E-02,  1.09592E-02,  5.28618E-03,  2.86909E-03,  1.66820E-03
 1.01164E-03,  6.33526E-04,  4.09437E-04,  2.73640E-04,  1.89084E-04
 1.34511E-04,  2.12201E-04,  2.12201E-04,  1.62777E-04,  1.62777E-04
 1.62777E-04,  1.62777E-04,  1.62777E-04,  1.62777E-04,  4.49776E+00
 1.57523E+00,  3.66899E-01,  9.14653E-02,  2.98399E-02,  1.22339E-02
 5.94639E-03,  3.23429E-03,  1.87844E-03,  1.13388E-03,  7.04498E-04
 4.50779E-04,  2.98121E-04,  2.04003E-04,  1.43888E-04,  2.24157E-04
 2.24157E-04,  1.66983E-04,  1.66983E-04,  1.66983E-04,  1.66983E-04
 1.66983E-04,  1.66983E-04,  4.50015E+00,  1.57818E+00,  3.70576E-01
 9.43204E-02,  3.15991E-02,  1.32334E-02,  6.52499E-03,  3.58272E-03
 2.09060E-03,  1.26162E-03,  7.80312E-04,  4.95567E-04,  3.24860E-04
 2.20354E-04,  1.54174E-04,  2.37264E-04,  2.37264E-04,  1.71666E-04
 1.71666E-04,  1.71666E-04,  1.71666E-04,  1.71666E-04,  1.71666E-04
 4.52799E+00,  1.58350E+00,  3.72809E-01,  9.60388E-02,  3.27899E-02
 1.39902E-02,  7.01217E-03,  3.90231E-03,  2.29682E-03,  1.39045E-03
 8.58668E-04,  5.42657E-04,  3.53314E-04,  2.37889E-04,  1.65254E-04
 2.51434E-04,  2.51434E-04,  1.76817E-04,  1.76817E-04,  1.76817E-04
 1.76817E-04,  1.76817E-04,  1.76817E-04,  4.51853E+00,  1.58354E+00
 3.73431E-01,  9.69172E-02,  3.35300E-02,  1.45280E-02,  7.40125E-03
 4.18161E-03,  2.48804E-03,  1.51447E-03,  9.36019E-04,  5.90005E-04
 3.82318E-04,  2.55932E-04,  1.76723E-04,  2.66149E-04,  2.66149E-04
 1.82141E-04,  1.82141E-04,  1.82141E-04,  1.82141E-04,  1.82141E-04
 1.82141E-04,  4.52238E+00,  1.58448E+00,  3.74031E-01,  9.75104E-02
 3.40439E-02,  1.49354E-02,  7.72571E-03,  4.43270E-03,  2.66859E-03
 1.63542E-03,  1.01330E-03,  6.38282E-04,  4.12422E-04,  2.74942E-04
 1.88951E-04,  2.82060E-04,  2.82060E-04,  1.88155E-04,  1.88155E-04
 1.88155E-04,  1.88155E-04,  1.88155E-04,  1.88155E-04,  4.53239E+00
 1.58524E+00,  3.74683E-01,  9.79873E-02,  3.44295E-02,  1.52561E-02
 8.00212E-03,  4.66001E-03,  2.83844E-03,  1.75224E-03,  1.08956E-03
 6.86884E-04,  4.43300E-04,  2.94763E-04,  2.01871E-04,  2.99135E-04
 2.99135E-04,  1.94868E-04,  1.94868E-04,  1.94868E-04,  1.94868E-04
 1.94868E-04,  1.94868E-04,  4.52318E+00,  1.58411E+00,  3.74789E-01
 9.82014E-02,  3.46552E-02,  1.54795E-02,  8.22150E-03,  4.85423E-03
 2.98935E-03,  1.85873E-03,  1.16060E-03,  7.33088E-04,  4.73223E-04
 3.14290E-04,  2.14763E-04,  3.16372E-04,  3.16372E-04,  2.01675E-04
 2.01675E-04,  2.01675E-04,  2.01675E-04,  2.01675E-04,  2.01675E-04
 4.52317E+00,  1.58416E+00,  3.74900E-01,  9.83467E-02,  3.48126E-02
 1.56528E-02,  8.40784E-03,  5.02632E-03,  3.12586E-03,  1.95666E-03
 1.22711E-03,  7.77232E-04,  5.02409E-04,  3.33698E-04,  2.27772E-04
 3.34054E-04,  3.34054E-04,  2.08822E-04,  2.08822E-04,  2.08822E-04
 2.08822E-04,  2.08822E-04,  2.08822E-04,  4.53402E+00,  1.58571E+00
 3.75083E-01,  9.84564E-02,  3.49283E-02,  1.57950E-02,  8.57143E-03
 5.18031E-03,  3.24885E-03,  2.04578E-03,  1.28862E-03,  8.18887E-04
 5.30554E-04,  3.52792E-04,  2.40783E-04,  3.52054E-04,  3.52054E-04
 2.16274E-04,  2.16274E-04,  2.16274E-04,  2.16274E-04,  2.16274E-04
 2.16274E-04,  4.52404E+00,  1.58513E+00,  3.74778E-01,  9.84030E-02
 3.49673E-02,  1.58961E-02,  8.70694E-03,  5.31118E-03,  3.35404E-03
 2.12286E-03,  1.34279E-03,  8.56451E-04,  5.56572E-04,  3.70842E-04
 2.53303E-04,  3.69686E-04,  3.69686E-04,  2.23651E-04,  2.23651E-04
 2.23651E-04,  2.23651E-04,  2.23651E-04,  2.23651E-04,  4.52428E+00
 1.58519E+00,  3.74816E-01,  9.84483E-02,  3.50406E-02,  1.60130E-02
 8.84496E-03,  5.43639E-03,  3.45197E-03,  2.19429E-03,  1.39352E-03
 8.92277E-04,  5.81934E-04,  3.88809E-04,  2.65987E-04,  3.87920E-04
 3.87920E-04,  2.31576E-04,  2.31576E-04,  2.31576E-04,  2.31576E-04
 2.31576E-04,  2.31576E-04,  4.53414E+00,  1.58578E+00,  3.75189E-01
 9.86019E-02,  3.51614E-02,  1.61540E-02,  8.98847E-03,  5.55734E-03
 3.54366E-03,  2.26077E-03,  1.44115E-03,  9.26521E-04,  6.06693E-04
 4.06706E-04,  2.78835E-04,  4.06766E-04,  4.06766E-04,  2.40061E-04
 2.40061E-04,  2.40061E-04,  2.40061E-04,  2.40061E-04,  2.40061E-04
 4.52391E+00,  1.58439E+00,  3.75107E-01,  9.86263E-02,  3.52442E-02
 1.62752E-02,  9.11029E-03,  5.65737E-03,  3.61900E-03,  2.31598E-03
 1.48162E-03,  9.56486E-04,  6.29019E-04,  4.23273E-04,  2.90973E-04
 4.24940E-04,  4.24940E-04,  2.48363E-04,  2.48363E-04,  2.48363E-04
 2.48363E-04,  2.48363E-04,  2.48363E-04,  4.52384E+00,  1.58438E+00
 3.75121E-01,  9.86826E-02,  3.53469E-02,  1.63968E-02,  9.22045E-03
 5.74394E-03,  3.68352E-03,  2.36367E-03,  1.51728E-03,  9.83590E-04
 6.49769E-04,  4.39040E-04,  3.02742E-04,  4.42930E-04,  4.42930E-04
 2.56788E-04,  2.56788E-04,  2.56788E-04,  2.56788E-04,  2.56788E-04
 2.56788E-04,  4.53438E+00,  1.58585E+00,  3.75263E-01,  9.87795E-02
 3.54607E-02,  1.65094E-02,  9.31528E-03,  5.81680E-03,  3.73789E-03
 2.40446E-03,  1.54851E-03,  1.00800E-03,  6.68984E-04,  4.53990E-04
 3.14110E-04,  4.60665E-04,  4.60665E-04,  2.65303E-04,  2.65303E-04
 2.65303E-04,  2.65303E-04,  2.65303E-04,  2.65303E-04,  4.52447E+00
 1.58528E+00,  3.74975E-01,  9.87496E-02,  3.55108E-02,  1.65782E-02
 9.37868E-03,  5.86771E-03,  3.77739E-03,  2.43541E-03,  1.57336E-03
 1.02837E-03,  6.85693E-04,  4.67415E-04,  3.24557E-04,  4.77353E-04
 4.77353E-04,  2.73459E-04,  2.73459E-04,  2.73459E-04,  2.73459E-04
 2.73459E-04,  2.73459E-04,  4.52450E+00,  1.58532E+00,  3.75023E-01
 9.88103E-02,  3.55806E-02,  1.66482E-02,  9.43917E-03,  5.91561E-03
 3.81448E-03,  2.46457E-03,  1.59699E-03,  1.04799E-03,  7.02022E-04
 4.80714E-04,  3.35030E-04,  4.94350E-04,  4.94350E-04,  2.82034E-04
 2.82034E-04,  2.82034E-04,  2.82034E-04,  2.82034E-04,  2.82034E-04
 4.53441E+00,  1.58592E+00,  3.75389E-01,  9.89595E-02,  3.56751E-02
 1.67241E-02,  9.50024E-03,  5.96283E-03,  3.85072E-03,  2.49294E-03
 1.62000E-03,  1.06721E-03,  7.18170E-04,  4.93994E-04,  3.45584E-04
 5.11714E-04,  5.11714E-04,  2.91050E-04,  2.91050E-04,  2.91050E-04
 2.91050E-04,  2.91050E-04,  2.91050E-04,  4.52410E+00,  1.58450E+00
 3.75299E-01,  9.89708E-02,  3.57091E-02,  1.67644E-02,  9.53744E-03
 5.99379E-03,  3.87592E-03,  2.51388E-03,  1.63802E-03,  1.08311E-03
 7.32116E-04,  5.05829E-04,  3.55199E-04,  5.27899E-04,  5.27899E-04
 2.99622E-04,  2.99622E-04,  2.99622E-04,  2.99622E-04,  2.99622E-04
 2.99622E-04,  4.52410E+00,  1.58451E+00,  3.75320E-01,  9.90001E-02
 3.57425E-02,  1.67980E-02,  9.56763E-03,  6.01910E-03,  3.89690E-03
 2.53173E-03,  1.65384E-03,  1.09747E-03,  7.45010E-04,  5.16968E-04
 3.64372E-04,  5.43604E-04,  5.43604E-04,  3.08141E-04,  3.08141E-04
 3.08141E-04,  3.08141E-04,  3.08141E-04,  3.08141E-04,  4.53449E+00
 1.58596E+00,  3.75439E-01,  9.90370E-02,  3.57723E-02,  1.68261E-02
 9.59266E-03,  6.04018E-03,  3.91459E-03,  2.54711E-03,  1.66783E-03
 1.11050E-03,  7.56956E-04,  5.27453E-04,  3.73113E-04,  5.58807E-04
 5.58807E-04,  3.16585E-04,  3.16585E-04,  3.16585E-04,  3.16585E-04
 3.16585E-04,  3.16585E-04,  4.52457E+00,  1.58536E+00,  3.75092E-01
 9.89308E-02,  3.57441E-02,  1.68245E-02,  9.59946E-03,  6.04899E-03
 3.92383E-03,  2.55665E-03,  1.67777E-03,  1.12069E-03,  7.66896E-04
 5.36514E-04,  3.80854E-04,  5.72619E-04,  5.72619E-04,  3.24438E-04
 3.24438E-04,  3.24438E-04,  3.24438E-04,  3.24438E-04,  3.24438E-04
 4.52459E+00,  1.58536E+00,  3.75095E-01,  9.89410E-02,  3.57612E-02
 1.68440E-02,  9.61743E-03,  6.06422E-03,  3.93683E-03,  2.56836E-03
 1.68894E-03,  1.13156E-03,  7.77204E-04,  5.45789E-04,  3.88740E-04
 5.86726E-04,  5.86726E-04,  3.32644E-04,  3.32644E-04,  3.32644E-04
 3.32644E-04,  3.32644E-04,  3.32644E-04,  4.53451E+00,  1.58596E+00
 3.75455E-01,  9.90737E-02,  3.58258E-02,  1.68850E-02,  9.64691E-03
 6.08629E-03,  3.95400E-03,  2.58259E-03,  1.70161E-03,  1.14331E-03
 7.88019E-04,  5.55369E-04,  3.96832E-04,  6.01206E-04,  6.01206E-04
 3.41234E-04,  3.41234E-04,  3.41234E-04,  3.41234E-04,  3.41234E-04
 3.41234E-04,  4.52409E+00,  1.58454E+00,  3.75363E-01,  9.90680E-02
 3.58325E-02,  1.68962E-02,  9.65859E-03,  6.09697E-03,  3.96368E-03
 2.59182E-03,  1.71086E-03,  1.15263E-03,  7.97066E-04,  5.63640E-04
 4.03964E-04,  6.14268E-04,  6.14268E-04,  3.49180E-04,  3.49180E-04
 3.49180E-04,  3.49180E-04,  3.49180E-04,  3.49180E-04,  4.52396E+00
 1.58448E+00,  3.75328E-01,  9.90461E-02,  3.58240E-02,  1.68978E-02
 9.66517E-03,  6.10492E-03,  3.97177E-03,  2.60002E-03,  1.71935E-03
 1.16133E-03,  8.05561E-04,  5.71444E-04,  4.10728E-04,  6.26783E-04
 6.26783E-04,  3.56961E-04,  3.56961E-04,  3.56961E-04,  3.56961E-04
 3.56961E-04,  3.56961E-04,  4.53411E+00,  1.58584E+00,  3.75369E-01
 9.90077E-02,  3.57946E-02,  1.68857E-02,  9.66478E-03,  6.10960E-03
 3.97823E-03,  2.60729E-03,  1.72718E-03,  1.16947E-03,  8.13555E-04
 5.78811E-04,  4.17136E-04,  6.38750E-04,  6.38750E-04,  3.64563E-04
 3.64563E-04,  3.64563E-04,  3.64563E-04,  3.64563E-04,  3.64563E-04
 4.52436E+00,  1.58531E+00,  3.75007E-01,  9.88412E-02,  3.56988E-02
 1.68346E-02,  9.64219E-03,  6.10158E-03,  3.97713E-03,  2.60982E-03
 1.73186E-03,  1.17535E-03,  8.19855E-04,  5.84884E-04,  4.22565E-04
 6.49192E-04,  6.49192E-04,  3.71413E-04,  3.71413E-04,  3.71413E-04
 3.71413E-04,  3.71413E-04,  3.71413E-04,  4.52422E+00,  1.58525E+00
 3.75005E-01,  9.88186E-02,  3.56541E-02,  1.67997E-02,  9.62722E-03
 6.09934E-03,  3.98052E-03,  2.61554E-03,  1.73865E-03,  1.18255E-03
 8.26946E-04,  5.91430E-04,  4.28287E-04,  6.60045E-04,  6.60045E-04
 3.78603E-04,  3.78603E-04,  3.78603E-04,  3.78603E-04,  3.78603E-04
 3.78603E-04,  4.53445E+00,  1.58596E+00,  3.75403E-01,  9.89539E-02
 3.56786E-02,  1.67905E-02,  9.62297E-03,  6.10383E-03,  3.98877E-03
 2.62465E-03,  1.74766E-03,  1.19115E-03,  8.34899E-04,  5.98509E-04
 4.34348E-04,  6.71383E-04,  6.71383E-04,  3.86169E-04,  3.86169E-04
 3.86169E-04,  3.86169E-04,  3.86169E-04,  3.86169E-04,  4.52413E+00
 1.58454E+00,  3.75361E-01,  9.89914E-02,  3.56808E-02,  1.67666E-02
 9.60501E-03,  6.09836E-03,  3.99054E-03,  2.62951E-03,  1.75375E-03
 1.19763E-03,  8.41245E-04,  6.04354E-04,  4.39466E-04,  6.81215E-04
 6.81215E-04,  3.92954E-04,  3.92954E-04,  3.92954E-04,  3.92954E-04
 3.92954E-04,  3.92954E-04,  4.52414E+00,  1.58454E+00,  3.75381E-01
 9.90408E-02,  3.57048E-02,  1.67559E-02,  9.59106E-03,  6.09371E-03
 3.99238E-03,  2.63424E-03,  1.75959E-03,  1.20378E-03,  8.47237E-04
 6.09861E-04,  4.44290E-04,  6.90534E-04,  6.90534E-04,  3.99514E-04
 3.99514E-04,  3.99514E-04,  3.99514E-04,  3.99514E-04,  3.99514E-04
 4.53453E+00,  1.58598E+00,  3.75485E-01,  9.90830E-02,  3.57330E-02
 1.67549E-02,  9.58289E-03,  6.09136E-03,  3.99492E-03,  2.63902E-03
 1.76521E-03,  1.20961E-03,  8.52889E-04,  6.15045E-04,  4.48831E-04
 6.99349E-04,  6.99349E-04,  4.05843E-04,  4.05843E-04,  4.05843E-04
 4.05843E-04,  4.05843E-04,  4.05843E-04,  4.52461E+00,  1.58538E+00
 3.75133E-01,  9.89755E-02,  3.56999E-02,  1.67330E-02,  9.56663E-03
 6.08320E-03,  3.99261E-03,  2.64001E-03,  1.76800E-03,  1.21331E-03
 8.56921E-04,  6.18986E-04,  4.52417E-04,  7.06606E-04,  7.06606E-04
 4.11314E-04,  4.11314E-04,  4.11314E-04,  4.11314E-04,  4.11314E-04
 4.11314E-04,  4.52461E+00,  1.58538E+00,  3.75133E-01,  9.89758E-02
 3.57011E-02,  1.67358E-02,  9.57065E-03,  6.08786E-03,  3.99756E-03
 2.64513E-03,  1.77321E-03,  1.21851E-03,  8.61903E-04,  6.23544E-04
 4.56410E-04,  7.14426E-04,  7.14426E-04,  4.17150E-04,  4.17150E-04
 4.17150E-04,  4.17150E-04,  4.17150E-04,  4.17150E-04,  4.53453E+00
 1.58598E+00,  3.75485E-01,  9.90850E-02,  3.57379E-02,  1.67638E-02
 9.59512E-03,  6.10533E-03,  4.00973E-03,  2.65433E-03,  1.78086E-03
 1.22523E-03,  8.67873E-04,  6.28758E-04,  4.60844E-04,  7.22868E-04
 7.22868E-04,  4.23382E-04,  4.23382E-04,  4.23382E-04,  4.23382E-04
 4.23382E-04,  4.23382E-04,  4.52415E+00,  1.58455E+00,  3.75384E-01
 9.90470E-02,  3.57156E-02,  1.67724E-02,  9.61185E-03,  6.11684E-03
 4.01678E-03,  2.65956E-03,  1.78556E-03,  1.22979E-03,  8.72245E-04
 6.32760E-04,  4.64351E-04,  7.29789E-04,  7.29789E-04,  4.28745E-04
 4.28745E-04,  4.28745E-04,  4.28745E-04,  4.28745E-04,  4.28745E-04
 4.52414E+00,  1.58455E+00,  3.75368E-01,  9.90031E-02,  3.56993E-02
 1.67917E-02,  9.63458E-03,  6.13038E-03,  4.02416E-03,  2.66456E-03
 1.78993E-03,  1.23403E-03,  8.76315E-04,  6.36493E-04,  4.67622E-04
 7.36267E-04,  7.36267E-04,  4.33860E-04,  4.33860E-04,  4.33860E-04
 4.33860E-04,  4.33860E-04,  4.33860E-04,  4.53446E+00,  1.58596E+00
 3.75412E-01,  9.89712E-02,  3.57052E-02,  1.68245E-02,  9.66131E-03
 6.14442E-03,  4.03124E-03,  2.66914E-03,  1.79391E-03,  1.23793E-03
 8.80091E-04,  6.39965E-04,  4.70667E-04,  7.42315E-04,  7.42315E-04
 4.38724E-04,  4.38724E-04,  4.38724E-04,  4.38724E-04,  4.38724E-04
 4.38724E-04,  4.52423E+00,  1.58526E+00,  3.75016E-01,  9.88414E-02
 3.56887E-02,  1.68426E-02,  9.67407E-03,  6.14814E-03,  4.03142E-03
 2.66915E-03,  1.79478E-03,  1.23964E-03,  8.82261E-04,  6.42222E-04
 4.72782E-04,  7.46822E-04,  7.46822E-04,  4.42670E-04,  4.42670E-04
 4.42670E-04,  4.42670E-04,  4.42670E-04,  4.42670E-04,  4.52437E+00
 1.58532E+00,  3.75023E-01,  9.88704E-02,  3.57414E-02,  1.68863E-02
 9.69756E-03,  6.15853E-03,  4.03636E-03,  2.67247E-03,  1.79791E-03
 1.24288E-03,  8.85477E-04,  6.45197E-04,  4.75390E-04,  7.52035E-04
 7.52035E-04,  4.47019E-04,  4.47019E-04,  4.47019E-04,  4.47019E-04
 4.47019E-04,  4.47019E-04,  4.53412E+00,  1.58586E+00,  3.75389E-01
 9.90431E-02,  3.58453E-02,  1.69464E-02,  9.72903E-03,  6.17495E-03
 4.04593E-03,  2.67911E-03,  1.80334E-03,  1.24769E-03,  8.89773E-04
 6.48916E-04,  4.78516E-04,  7.57999E-04,  7.57999E-04,  4.51797E-04
 4.51797E-04,  4.51797E-04,  4.51797E-04,  4.51797E-04,  4.51797E-04
 4.52398E+00,  1.58449E+00,  3.75350E-01,  9.90865E-02,  3.58831E-02
 1.69682E-02,  9.73882E-03,  6.17899E-03,  4.04810E-03,  2.68112E-03
 1.80571E-03,  1.25038E-03,  8.92502E-04,  6.51451E-04,  4.80736E-04
 7.62462E-04,  7.62462E-04,  4.55657E-04,  4.55657E-04,  4.55657E-04
 4.55657E-04,  4.55657E-04,  4.55657E-04,  4.52411E+00,  1.58455E+00
 3.75388E-01,  9.91151E-02,  3.59013E-02,  1.69774E-02,  9.74246E-03
 6.18035E-03,  4.04910E-03,  2.68256E-03,  1.80774E-03,  1.25280E-03
 8.95004E-04,  6.53776E-04,  4.82769E-04,  7.66561E-04,  7.66561E-04
 4.59265E-04,  4.59265E-04,  4.59265E-04,  4.59265E-04,  4.59265E-04
 4.59265E-04,  4.53453E+00,  1.58598E+00,  3.75489E-01,  9.91313E-02
 3.59065E-02,  1.69784E-02,  9.74186E-03,  6.17970E-03,  4.04915E-03
 2.68353E-03,  1.80949E-03,  1.25500E-03,  8.97290E-04,  6.55898E-04
 4.84623E-04,  7.70310E-04,  7.70310E-04,  4.62623E-04,  4.62623E-04
 4.62623E-04,  4.62623E-04,  4.62623E-04,  4.62623E-04,  4.52462E+00
 1.58539E+00,  3.75135E-01,  9.90095E-02,  3.58546E-02,  1.69501E-02
 9.72400E-03,  6.16826E-03,  4.04235E-03,  2.68008E-03,  1.80828E-03
 1.25510E-03,  8.98022E-04,  6.56841E-04,  4.85576E-04,  7.72560E-04
 7.72560E-04,  4.65032E-04,  4.65032E-04,  4.65032E-04,  4.65032E-04
 4.65032E-04,  4.65032E-04,  4.52462E+00,  1.58539E+00,  3.75135E-01
 9.90070E-02,  3.58494E-02,  1.69433E-02,  9.71799E-03,  6.16449E-03
 4.04082E-03,  2.68025E-03,  1.80953E-03,  1.25688E-03,  8.99898E-04
 6.58579E-04,  4.87088E-04,  7.75638E-04,  7.75638E-04,  4.67885E-04
 4.67885E-04,  4.67885E-04,  4.67885E-04,  4.67885E-04,  4.67885E-04
 4.53453E+00,  1.58598E+00,  3.75486E-01,  9.91220E-02,  3.58878E-02
 1.69553E-02,  9.72249E-03,  6.16787E-03,  4.04442E-03,  2.68403E-03
 1.81326E-03,  1.26034E-03,  9.02936E-04,  6.61129E-04,  4.89177E-04
 7.79575E-04,  7.79575E-04,  4.71200E-04,  4.71200E-04,  4.71200E-04
 4.71200E-04,  4.71200E-04,  4.71200E-04,  4.52411E+00,  1.58455E+00
 3.75380E-01,  9.90914E-02,  3.58591E-02,  1.69302E-02,  9.70571E-03
 6.15907E-03,  4.04083E-03,  2.68335E-03,  1.81404E-03,  1.26173E-03
 9.04439E-04,  6.62519E-04,  4.90384E-04,  7.82051E-04,  7.82051E-04
 4.73570E-04,  4.73570E-04,  4.73570E-04,  4.73570E-04,  4.73570E-04
 4.73570E-04,  4.52398E+00,  1.58449E+00,  3.75327E-01,  9.90282E-02
 3.57945E-02,  1.68813E-02,  9.67790E-03,  6.14613E-03,  4.03584E-03
 2.68217E-03,  1.81458E-03,  1.26291E-03,  9.05757E-04,  6.63742E-04
 4.91446E-04,  7.84237E-04,  7.84237E-04,  4.75697E-04,  4.75697E-04
 4.75697E-04,  4.75697E-04,  4.75697E-04,  4.75697E-04,  4.53411E+00
 1.58583E+00,  3.75321E-01,  9.88995E-02,  3.56648E-02,  1.67954E-02
 9.63503E-03,  6.12814E-03,  4.02928E-03,  2.68046E-03,  1.81485E-03
 1.26390E-03,  9.06894E-04,  6.64801E-04,  4.92367E-04,  7.86145E-04
 7.86145E-04,  4.77580E-04,  4.77580E-04,  4.77580E-04,  4.77580E-04
 4.77580E-04,  4.77580E-04,  4.52434E+00,  1.58523E+00,  3.74811E-01
 9.85206E-02,  3.53927E-02,  1.66408E-02,  9.56180E-03,  6.09596E-03
 4.01519E-03,  2.67425E-03,  1.81216E-03,  1.26280E-03,  9.06493E-04
 6.64706E-04,  4.92415E-04,  7.86603E-04,  7.86603E-04,  4.78504E-04
 4.78504E-04,  4.78504E-04,  4.78504E-04,  4.78504E-04,  4.78504E-04
 4.52399E+00,  1.58486E+00,  3.74311E-01,  9.80554E-02,  3.50845E-02
 1.64780E-02,  9.49098E-03,  6.06904E-03,  4.00592E-03,  2.67161E-03
 1.81193E-03,  1.26339E-03,  9.07274E-04,  6.65453E-04,  4.93071E-04
 7.87980E-04,  7.87980E-04,  4.79903E-04,  4.79903E-04,  4.79903E-04
 4.79903E-04,  4.79903E-04,  4.79903E-04,  4.53254E+00,  1.58346E+00
 3.73558E-01,  9.76201E-02,  3.48325E-02,  1.63400E-02,  9.43120E-03
 6.04938E-03,  4.00192E-03,  2.67265E-03,  1.81421E-03,  1.26568E-03
 9.09245E-04,  6.67052E-04,  4.94342E-04,  7.90292E-04,  7.90292E-04
 4.81787E-04,  4.81787E-04,  4.81787E-04,  4.81787E-04,  4.81787E-04
 4.81787E-04,  4.47978E+00,  1.58025E+00,  3.73504E-01,  9.75310E-02
 3.46755E-02,  1.62130E-02,  9.36330E-03,  6.02117E-03,  3.99178E-03
 2.66949E-03,  1.81358E-03,  1.26589E-03,  9.09686E-04,  6.67508E-04
 4.94754E-04,  7.91178E-04,  7.91178E-04,  4.82715E-04,  4.82715E-04
 4.82715E-04,  4.82715E-04,  4.82715E-04,  4.82715E-04,  4.39695E+00
 1.56553E+00,  3.70354E-01,  9.70934E-02,  3.45657E-02,  1.61170E-02
 9.30410E-03,  5.99484E-03,  3.98193E-03,  2.66627E-03,  1.81278E-03
 1.26592E-03,  9.09960E-04,  6.67821E-04,  4.95046E-04,  7.91825E-04
 7.91825E-04,  4.83405E-04,  4.83405E-04,  4.83405E-04,  4.83405E-04
 4.83405E-04,  4.83405E-04,  2.17127E+00,  1.30191E+00,  3.31448E-01
 9.32210E-02,  3.41708E-02,  1.60036E-02,  9.24774E-03,  5.97019E-03
 3.97254E-03,  2.66304E-03,  1.81183E-03,  1.26577E-03,  9.10066E-04
 6.67993E-04,  4.95223E-04,  7.92238E-04,  7.92238E-04,  4.83860E-04
 4.83860E-04,  4.83860E-04,  4.83860E-04,  4.83860E-04,  4.83860E-04
 4.10969E+00,  9.75841E-01,  2.65904E-01,  8.64781E-02,  3.32530E-02
 1.57841E-02,  9.16882E-03,  5.93693E-03,  3.95763E-03,  2.65585E-03
 1.80802E-03,  1.26354E-03,  9.08642E-04,  6.67024E-04,  4.94542E-04
 7.91232E-04,  7.91232E-04,  4.83354E-04,  4.83354E-04,  4.83354E-04
 4.83354E-04,  4.83354E-04,  4.83354E-04,  1.26491E+00,  3.73882E-01
 1.96326E-01,  7.83684E-02,  3.17443E-02,  1.54443E-02,  9.08316E-03
 5.91118E-03,  3.94885E-03,  2.65263E-03,  1.80676E-03,  1.26302E-03
 9.08408E-04,  6.66914E-04,  4.94488E-04,  7.91182E-04,  7.91182E-04
 4.83338E-04,  4.83338E-04,  4.83338E-04,  4.83338E-04,  4.83338E-04
 4.83338E-04,  1.24715E+00,  3.43581E-01,  1.69695E-01,  6.98552E-02
 2.95112E-02,  1.49594E-02,  8.98686E-03,  5.89220E-03,  3.94604E-03
 2.65332E-03,  1.80803E-03,  1.26419E-03,  9.09360E-04,  6.67660E-04
 4.95060E-04,  7.92089E-04,  7.92089E-04,  4.83813E-04,  4.83813E-04
 4.83813E-04,  4.83813E-04,  4.83813E-04,  4.83813E-04,  6.92796E-01
 2.87347E-01,  1.43882E-01,  5.82987E-02,  2.65424E-02,  1.43489E-02
 8.86499E-03,  5.86384E-03,  3.93745E-03,  2.64993E-03,  1.80636E-03
 1.26324E-03,  9.08763E-04,  6.67259E-04,  4.94772E-04,  7.91575E-04
 7.91575E-04,  4.83327E-04,  4.83327E-04,  4.83327E-04,  4.83327E-04
 4.83327E-04,  4.83327E-04,  1.13113E+00,  3.33820E-01,  1.12363E-01
 4.65358E-02,  2.39174E-02,  1.38281E-02,  8.75814E-03,  5.83803E-03
 3.92919E-03,  2.64636E-03,  1.80444E-03,  1.26205E-03,  9.07974E-04
 6.66705E-04,  4.94363E-04,  7.90825E-04,  7.90825E-04,  4.82606E-04
 4.82606E-04,  4.82606E-04,  4.82606E-04,  4.82606E-04,  4.82606E-04
 1.10735E+00,  3.33937E-01,  1.12764E-01,  4.58426E-02,  2.33895E-02
 1.36183E-02,  8.69293E-03,  5.81764E-03,  3.92140E-03,  2.64255E-03
 1.80221E-03,  1.26061E-03,  9.06984E-04,  6.65996E-04,  4.93831E-04
 7.89833E-04,  7.89833E-04,  4.81648E-04,  4.81648E-04,  4.81648E-04
 4.81648E-04,  4.81648E-04,  4.81648E-04,  5.53863E-01,  2.52869E-01
 1.36033E-01,  5.49676E-02,  2.48926E-02,  1.37136E-02,  8.66045E-03
 5.79452E-03,  3.90816E-03,  2.63449E-03,  1.79696E-03,  1.25702E-03
 9.04432E-04,  6.64130E-04,  4.92432E-04,  7.87414E-04,  7.87414E-04
 4.79734E-04,  4.79734E-04,  4.79734E-04,  4.79734E-04,  4.79734E-04
 4.79734E-04,  4.09821E-01,  1.35447E-01,  1.38640E-01,  6.14420E-02
 2.65212E-02,  1.39296E-02,  8.66457E-03,  5.78389E-03,  3.90094E-03
 2.63003E-03,  1.79407E-03,  1.25504E-03,  9.03027E-04,  6.63097E-04
 4.91643E-04,  7.85926E-04,  7.85926E-04,  4.78305E-04,  4.78305E-04
 4.78305E-04,  4.78305E-04,  4.78305E-04,  4.78305E-04,  4.34372E-01
 1.45493E-01,  1.37961E-01,  6.20371E-02,  2.70050E-02,  1.40524E-02
 8.67967E-03,  5.78306E-03,  3.89947E-03,  2.62915E-03,  1.79354E-03
 1.25468E-03,  9.02762E-04,  6.62888E-04,  4.91453E-04,  7.85351E-04
 7.85351E-04,  4.77353E-04,  4.77353E-04,  4.77353E-04,  4.77353E-04
 4.77353E-04,  4.77353E-04,  6.40998E-01,  2.68295E-01,  1.37103E-01
 5.80645E-02,  2.63821E-02,  1.40177E-02,  8.67352E-03,  5.77397E-03
 3.89215E-03,  2.62409E-03,  1.79004E-03,  1.25218E-03,  9.00933E-04
 6.61511E-04,  4.90385E-04,  7.83325E-04,  7.83325E-04,  4.75440E-04
 4.75440E-04,  4.75440E-04,  4.75440E-04,  4.75440E-04,  4.75440E-04
 1.06250E+00,  3.20091E-01,  1.20947E-01,  5.33040E-02,  2.57557E-02
 1.39976E-02,  8.67403E-03,  5.76673E-03,  3.88512E-03,  2.61890E-03
 1.78633E-03,  1.24947E-03,  8.98901E-04,  6.59961E-04,  4.89171E-04
 7.81018E-04,  7.81018E-04,  4.73287E-04,  4.73287E-04,  4.73287E-04
 4.73287E-04,  4.73287E-04,  4.73287E-04,  1.12757E+00,  3.33924E-01
 1.24521E-01,  5.48146E-02,  2.63564E-02,  1.41641E-02,  8.69991E-03
 5.76326E-03,  3.87874E-03,  2.61375E-03,  1.78248E-03,  1.24656E-03
 8.96678E-04,  6.58236E-04,  4.87808E-04,  7.78420E-04,  7.78420E-04
 4.70889E-04,  4.70889E-04,  4.70889E-04,  4.70889E-04,  4.70889E-04
 4.70889E-04,  7.59036E-01,  2.93835E-01,  1.47617E-01,  6.29561E-02
 2.82657E-02,  1.45176E-02,  8.74017E-03,  5.75506E-03,  3.86735E-03
 2.60486E-03,  1.77591E-03,  1.24165E-03,  8.92936E-04,  6.55355E-04
 4.85564E-04,  7.74360E-04,  7.74360E-04,  4.67548E-04,  4.67548E-04
 4.67548E-04,  4.67548E-04,  4.67548E-04,  4.67548E-04,  1.07235E+00
 3.25117E-01,  1.69155E-01,  7.25194E-02,  3.06029E-02,  1.49567E-02
 8.80175E-03,  5.75693E-03,  3.86230E-03,  2.60009E-03,  1.77201E-03
 1.23848E-03,  8.90370E-04,  6.53287E-04,  4.83895E-04,  7.71157E-04
 7.71157E-04,  4.64669E-04,  4.64669E-04,  4.64669E-04,  4.64669E-04
 4.64669E-04,  4.64669E-04,  6.08505E-01,  2.70033E-01,  1.89480E-01
 7.97586E-02,  3.23348E-02,  1.52976E-02,  8.85849E-03,  5.76550E-03
 3.86322E-03,  2.59943E-03,  1.77080E-03,  1.23707E-03,  8.88972E-04
 6.52019E-04,  4.82786E-04,  7.68780E-04,  7.68780E-04,  4.62234E-04
 4.62234E-04,  4.62234E-04,  4.62234E-04,  4.62234E-04,  4.62234E-04
 6.80568E-01,  2.88294E-01,  1.92945E-01,  8.08960E-02,  3.27030E-02
 1.53852E-02,  8.86837E-03,  5.76162E-03,  3.85837E-03,  2.59514E-03
 1.76701E-03,  1.23372E-03,  8.86083E-04,  6.49594E-04,  4.80783E-04
 7.64908E-04,  7.64908E-04,  4.58852E-04,  4.58852E-04,  4.58852E-04
 4.58852E-04,  4.58852E-04,  4.58852E-04,  1.08598E+00,  3.35074E-01
 1.76517E-01,  7.59599E-02,  3.18283E-02,  1.52654E-02,  8.84962E-03
 5.75491E-03,  3.85374E-03,  2.59115E-03,  1.76333E-03,  1.23031E-03
 8.83042E-04,  6.46989E-04,  4.78607E-04,  7.60688E-04,  7.60688E-04
 4.55219E-04,  4.55219E-04,  4.55219E-04,  4.55219E-04,  4.55219E-04
 4.55219E-04,  7.90933E-01,  2.99844E-01,  1.54693E-01,  6.83846E-02
 3.04322E-02,  1.50705E-02,  8.82399E-03,  5.74879E-03,  3.84985E-03
 2.58754E-03,  1.75974E-03,  1.22684E-03,  8.79847E-04,  6.44201E-04
 4.76254E-04,  7.56108E-04,  7.56108E-04,  4.51336E-04,  4.51336E-04
 4.51336E-04,  4.51336E-04,  4.51336E-04,  4.51336E-04,  1.14533E+00
 3.39189E-01,  1.31975E-01,  6.20108E-02,  2.93877E-02,  1.49349E-02
 8.80225E-03,  5.73827E-03,  3.84148E-03,  2.58049E-03,  1.75362E-03
 1.22145E-03,  8.75179E-04,  6.40264E-04,  4.73010E-04,  7.50035E-04
 7.50035E-04,  4.46535E-04,  4.46535E-04,  4.46535E-04,  4.46535E-04
 4.46535E-04,  4.46535E-04,  1.12523E+00,  3.39574E-01,  1.32535E-01
 6.22385E-02,  2.95080E-02,  1.49924E-02,  8.82137E-03,  5.74199E-03
 3.84033E-03,  2.57771E-03,  1.75019E-03,  1.21781E-03,  8.71656E-04
 6.37097E-04,  4.70291E-04,  7.44715E-04,  7.44715E-04,  4.42163E-04
 4.42163E-04,  4.42163E-04,  4.42163E-04,  4.42163E-04,  4.42163E-04
 6.90255E-01,  2.82487E-01,  1.52046E-01,  6.80852E-02,  3.05758E-02
 1.51972E-02,  8.87318E-03,  5.75877E-03,  3.84620E-03,  2.57912E-03
 1.74936E-03,  1.21584E-03,  8.69240E-04,  6.34670E-04,  4.68073E-04
 7.40104E-04,  7.40104E-04,  4.38195E-04,  4.38195E-04,  4.38195E-04
 4.38195E-04,  4.38195E-04,  4.38195E-04,  5.95609E-01,  1.97516E-01
 1.56530E-01,  7.24444E-02,  3.14705E-02,  1.53627E-02,  8.91232E-03
 5.76883E-03,  3.84717E-03,  2.57685E-03,  1.74584E-03,  1.21187E-03
 8.65301E-04,  6.31064E-04,  4.64941E-04,  7.33961E-04,  7.33961E-04
 4.33308E-04,  4.33308E-04,  4.33308E-04,  4.33308E-04,  4.33308E-04
 4.33308E-04,  5.92214E-01,  1.94337E-01,  1.56192E-01,  7.24352E-02
 3.15091E-02,  1.54046E-02,  8.93849E-03,  5.77888E-03,  3.84859E-03
 2.57464E-03,  1.74217E-03,  1.20769E-03,  8.61127E-04,  6.27225E-04
 4.61594E-04,  7.27395E-04,  7.27395E-04,  4.28172E-04,  4.28172E-04
 4.28172E-04,  4.28172E-04,  4.28172E-04,  4.28172E-04,  6.55465E-01
 2.80768E-01,  1.51945E-01,  6.81591E-02,  3.07091E-02,  1.53308E-02
 8.95361E-03,  5.78893E-03,  3.85030E-03,  2.57237E-03,  1.73829E-03
 1.20325E-03,  8.56698E-04,  6.23139E-04,  4.58021E-04,  7.20393E-04
 7.20393E-04,  4.22788E-04,  4.22788E-04,  4.22788E-04,  4.22788E-04
 4.22788E-04,  4.22788E-04,  1.05619E+00,  3.22085E-01,  1.28560E-01
 6.16423E-02,  2.96389E-02,  1.52173E-02,  8.95740E-03,  5.79163E-03
 3.84652E-03,  2.56612E-03,  1.73156E-03,  1.19675E-03,  8.50721E-04
 6.17870E-04,  4.53537E-04,  7.11880E-04,  7.11880E-04,  4.16536E-04
 4.16536E-04,  4.16536E-04,  4.16536E-04,  4.16536E-04,  4.16536E-04
 6.56714E-01,  2.02382E-01,  1.03514E-01,  5.75692E-02,  2.90917E-02
 1.52061E-02,  8.98788E-03,  5.80512E-03,  3.84864E-03,  2.56349E-03
 1.72714E-03,  1.19175E-03,  8.45737E-04,  6.13264E-04,  4.49498E-04
 7.03993E-04,  7.03993E-04,  4.10680E-04,  4.10680E-04,  4.10680E-04
 4.10680E-04,  4.10680E-04,  4.10680E-04,  5.73590E-01,  1.76983E-01
 9.92694E-02,  5.70784E-02,  2.91585E-02,  1.53077E-02,  9.04459E-03
 5.82863E-03,  3.85637E-03,  2.56437E-03,  1.72497E-03,  1.18820E-03
 8.41702E-04,  6.09281E-04,  4.45869E-04,  6.96672E-04,  6.96672E-04
 4.05188E-04,  4.05188E-04,  4.05188E-04,  4.05188E-04,  4.05188E-04
 4.05188E-04,  5.33907E-01,  1.78902E-01,  1.00554E-01,  5.75420E-02
 2.93794E-02,  1.54170E-02,  9.08947E-03,  5.84238E-03,  3.85765E-03
 2.56099E-03,  1.71986E-03,  1.18252E-03,  8.36073E-04,  6.04074E-04
 4.41298E-04,  6.87802E-04,  6.87802E-04,  3.98838E-04,  3.98838E-04
 3.98838E-04,  3.98838E-04,  3.98838E-04,  3.98838E-04,  5.32497E-01
 1.78543E-01,  1.00772E-01,  5.77602E-02,  2.95287E-02,  1.54992E-02
 9.12393E-03,  5.85242E-03,  3.85764E-03,  2.55707E-03,  1.71438E-03
 1.17651E-03,  8.30110E-04,  5.98554E-04,  4.36451E-04,  6.78436E-04
 6.78436E-04,  3.92259E-04,  3.92259E-04,  3.92259E-04,  3.92259E-04
 3.92259E-04,  3.92259E-04,  5.75548E-01,  1.78544E-01,  1.00316E-01
 5.77499E-02,  2.95893E-02,  1.55435E-02,  9.14337E-03,  5.85725E-03
 3.85593E-03,  2.55252E-03,  1.70853E-03,  1.17015E-03,  8.23800E-04
 5.92706E-04,  4.31316E-04,  6.68563E-04,  6.68563E-04,  3.85454E-04
 3.85454E-04,  3.85454E-04,  3.85454E-04,  3.85454E-04,  3.85454E-04
 6.59261E-01,  2.06359E-01,  1.05474E-01,  5.86205E-02,  2.97365E-02
 1.55592E-02,  9.13714E-03,  5.84806E-03,  3.84665E-03,  2.54350E-03
 1.69975E-03,  1.16170E-03,  8.15911E-04,  5.85642E-04,  4.25249E-04
 6.57194E-04,  6.57194E-04,  3.77870E-04,  3.77870E-04,  3.77870E-04
 3.77870E-04,  3.77870E-04,  3.77870E-04,  1.07995E+00,  3.25698E-01
 1.30778E-01,  6.29320E-02,  3.03916E-02,  1.56315E-02,  9.13697E-03
 5.84300E-03,  3.84142E-03,  2.53762E-03,  1.69313E-03,  1.15463E-03
 8.08882E-04,  5.79113E-04,  4.19524E-04,  6.46311E-04,  6.46311E-04
 3.70660E-04,  3.70660E-04,  3.70660E-04,  3.70660E-04,  3.70660E-04
 3.70660E-04,  7.72811E-01,  3.12798E-01,  1.59190E-01,  7.02542E-02
 3.15390E-02,  1.57546E-02,  9.14344E-03,  5.84279E-03,  3.84042E-03
 2.53488E-03,  1.68860E-03,  1.14888E-03,  8.02648E-04,  5.73060E-04
 4.14093E-04,  6.35842E-04,  6.35842E-04,  3.63791E-04,  3.63791E-04
 3.63791E-04,  3.63791E-04,  3.63791E-04,  3.63791E-04,  1.27393E+00
 3.52771E-01,  1.78661E-01,  7.69196E-02,  3.26034E-02,  1.58298E-02
 9.12667E-03,  5.83059E-03,  3.83238E-03,  2.52767E-03,  1.68107E-03
 1.14096E-03,  7.94763E-04,  5.65735E-04,  4.07693E-04,  6.23856E-04
 6.23856E-04,  3.56169E-04,  3.56169E-04,  3.56169E-04,  3.56169E-04
 3.56169E-04,  3.56169E-04,  1.31620E+00,  3.81892E-01,  2.01282E-01
 8.21809E-02,  3.33158E-02,  1.58434E-02,  9.09902E-03,  5.81561E-03
 3.82316E-03,  2.51977E-03,  1.67299E-03,  1.13254E-03,  7.86406E-04
 5.57987E-04,  4.00945E-04,  6.11328E-04,  6.11328E-04,  3.48369E-04
 3.48369E-04,  3.48369E-04,  3.48369E-04,  3.48369E-04,  3.48369E-04
 4.08179E+00,  9.76578E-01,  2.69205E-01,  8.82748E-02,  3.37480E-02
 1.58011E-02,  9.06280E-03,  5.79836E-03,  3.81277E-03,  2.51107E-03
 1.66429E-03,  1.12355E-03,  7.77528E-04,  5.49786E-04,  3.93834E-04
 5.98256E-04,  5.98256E-04,  3.40404E-04,  3.40404E-04,  3.40404E-04
 3.40404E-04,  3.40404E-04,  3.40404E-04,  1.93944E+00,  1.28738E+00
 3.29320E-01,  9.30308E-02,  3.38857E-02,  1.57069E-02,  9.00940E-03
 5.77067E-03,  3.79542E-03,  2.49769E-03,  1.65235E-03,  1.11224E-03
 7.66928E-04,  5.40297E-04,  3.85775E-04,  5.83777E-04,  5.83777E-04
 3.31796E-04,  3.31796E-04,  3.31796E-04,  3.31796E-04,  3.31796E-04
 3.31796E-04,  1.95076E+00,  1.28728E+00,  3.29170E-01,  9.29311E-02
 3.37937E-02,  1.56387E-02,  8.97102E-03,  5.75012E-03,  3.78225E-03
 2.48690E-03,  1.64198E-03,  1.10184E-03,  7.56852E-04,  5.31120E-04
 3.77922E-04,  5.69668E-04,  5.69668E-04,  3.23571E-04,  3.23571E-04
 3.23571E-04,  3.23571E-04,  3.23571E-04,  3.23571E-04,  4.10040E+00
 9.82535E-01,  2.71077E-01,  8.86189E-02,  3.36185E-02,  1.56225E-02
 8.95066E-03,  5.73656E-03,  3.77287E-03,  2.47834E-03,  1.63288E-03
 1.09216E-03,  7.47158E-04,  5.22160E-04,  3.70215E-04,  5.55853E-04
 5.55853E-04,  3.15697E-04,  3.15697E-04,  3.15697E-04,  3.15697E-04
 3.15697E-04,  3.15697E-04,  1.61729E+00,  4.69531E-01,  2.17416E-01
 8.53508E-02,  3.35931E-02,  1.56236E-02,  8.92070E-03,  5.71218E-03
 3.75551E-03,  2.46422E-03,  1.61991E-03,  1.07972E-03,  7.35498E-04
 5.11795E-04,  3.61517E-04,  5.40655E-04,  5.40655E-04,  3.07234E-04
 3.07234E-04,  3.07234E-04,  3.07234E-04,  3.07234E-04,  3.07234E-04
 1.38565E+00,  4.29427E-01,  2.14965E-01,  8.57818E-02,  3.38219E-02
 1.56424E-02,  8.88866E-03,  5.68415E-03,  3.73514E-03,  2.44779E-03
 1.60520E-03,  1.06600E-03,  7.22911E-04,  5.00784E-04,  3.52389E-04
 5.24955E-04,  5.24955E-04,  2.98695E-04,  2.98695E-04,  2.98695E-04
 2.98695E-04,  2.98695E-04,  2.98695E-04,  1.24446E+00,  4.23724E-01
 2.15978E-01,  8.62627E-02,  3.39556E-02,  1.56292E-02,  8.84615E-03
 5.65050E-03,  3.71080E-03,  2.42844E-03,  1.58836E-03,  1.05077E-03
 7.09285E-04,  4.89083E-04,  3.42823E-04,  5.08777E-04,  5.08777E-04
 2.90104E-04,  2.90104E-04,  2.90104E-04,  2.90104E-04,  2.90104E-04
 2.90104E-04,  1.23766E+00,  4.16109E-01,  2.14172E-01,  8.58297E-02
 3.38176E-02,  1.55362E-02,  8.77412E-03,  5.60070E-03,  3.67582E-03
 2.40183E-03,  1.56661E-03,  1.03225E-03,  6.93474E-04,  4.75944E-04
 3.32320E-04,  4.91424E-04,  4.91424E-04,  2.81069E-04,  2.81069E-04
 2.81069E-04,  2.81069E-04,  2.81069E-04,  2.81069E-04,  1.23596E+00
 4.14765E-01,  2.13426E-01,  8.54732E-02,  3.36443E-02,  1.54249E-02
 8.69732E-03,  5.54941E-03,  3.63979E-03,  2.37434E-03,  1.54418E-03
 1.01330E-03,  6.77465E-04,  4.62777E-04,  3.21894E-04,  4.74432E-04
 4.74432E-04,  2.72474E-04,  2.72474E-04,  2.72474E-04,  2.72474E-04
 2.72474E-04,  2.72474E-04,  1.23765E+00,  4.14991E-01,  2.13426E-01
 8.54224E-02,  3.35450E-02,  1.53178E-02,  8.61559E-03,  5.49413E-03
 3.60092E-03,  2.34483E-03,  1.52041E-03,  9.93540E-04,  6.61048E-04
 4.49472E-04,  3.11486E-04,  4.57743E-04,  4.57743E-04,  2.64297E-04
 2.64297E-04,  2.64297E-04,  2.64297E-04,  2.64297E-04,  2.64297E-04
 1.23453E+00,  4.15217E-01,  2.13779E-01,  8.54966E-02,  3.34435E-02
 1.51744E-02,  8.50152E-03,  5.41612E-03,  3.54680E-03,  2.30530E-03
 1.49017E-03,  9.69706E-04,  6.42113E-04,  4.34639E-04,  3.00159E-04
 4.40009E-04,  4.40009E-04,  2.55761E-04,  2.55761E-04,  2.55761E-04
 2.55761E-04,  2.55761E-04,  2.55761E-04,  1.24265E+00,  4.23418E-01
 2.15440E-01,  8.57232E-02,  3.33296E-02,  1.50042E-02,  8.36497E-03
 5.32180E-03,  3.48154E-03,  2.25846E-03,  1.45532E-03,  9.43100E-04
 6.21611E-04,  4.18975E-04,  2.88423E-04,  4.22015E-04,  4.22015E-04
 2.47316E-04,  2.47316E-04,  2.47316E-04,  2.47316E-04,  2.47316E-04
 2.47316E-04,  1.38052E+00,  4.28311E-01,  2.15045E-01,  8.54855E-02
 3.31072E-02,  1.47971E-02,  8.20529E-03,  5.21043E-03,  3.40423E-03
 2.20360E-03,  1.41545E-03,  9.13543E-04,  5.99492E-04,  4.02493E-04
 2.76312E-04,  4.03832E-04,  4.03832E-04,  2.38995E-04,  2.38995E-04
 2.38995E-04,  2.38995E-04,  2.38995E-04,  2.38995E-04,  1.61763E+00
 4.75314E-01,  2.19133E-01,  8.54338E-02,  3.28141E-02,  1.45480E-02
 8.01565E-03,  5.07545E-03,  3.30968E-03,  2.13713E-03,  1.36826E-03
 8.79631E-04,  5.74908E-04,  3.84668E-04,  2.63484E-04,  3.84975E-04
 3.84975E-04,  2.30492E-04,  2.30492E-04,  2.30492E-04,  2.30492E-04
 2.30492E-04,  2.30492E-04,  4.13374E+00,  9.85190E-01,  2.72209E-01
 8.87523E-02,  3.27591E-02,  1.43309E-02,  7.82919E-03,  4.93463E-03
 3.20815E-03,  2.06533E-03,  1.31779E-03,  8.44030E-04,  5.49663E-04
 3.66744E-04,  2.50808E-04,  3.66720E-04,  3.66720E-04,  2.22548E-04
 2.22548E-04,  2.22548E-04,  2.22548E-04,  2.22548E-04,  2.22548E-04
 2.21140E+00,  1.30705E+00,  3.33664E-01,  9.34939E-02,  3.28720E-02
 1.41595E-02,  7.65429E-03,  4.79023E-03,  3.09962E-03,  1.98780E-03
 1.26373E-03,  8.06597E-04,  5.23709E-04,  3.48708E-04,  2.38280E-04
 3.49055E-04,  3.49055E-04,  2.15151E-04,  2.15151E-04,  2.15151E-04
 2.15151E-04,  2.15151E-04,  2.15151E-04,  4.40008E+00,  1.56656E+00
 3.70695E-01,  9.64966E-02,  3.28636E-02,  1.39914E-02,  7.47526E-03
 4.63048E-03,  2.97531E-03,  1.89863E-03,  1.20237E-03,  7.65035E-04
 4.95595E-04,  3.29611E-04,  2.25253E-04,  3.31018E-04,  3.31018E-04
 2.07682E-04,  2.07682E-04,  2.07682E-04,  2.07682E-04,  2.07682E-04
 2.07682E-04,  4.47995E+00,  1.57992E+00,  3.73052E-01,  9.64772E-02
 3.26887E-02,  1.38474E-02,  7.30748E-03,  4.46424E-03,  2.84058E-03
 1.80133E-03,  1.13608E-03,  7.20947E-04,  4.66401E-04,  3.10176E-04
 2.12216E-04,  3.13292E-04,  3.13292E-04,  2.00519E-04,  2.00519E-04
 2.00519E-04,  2.00519E-04,  2.00519E-04,  2.00519E-04,  4.53040E+00
 1.58273E+00,  3.72718E-01,  9.61449E-02,  3.25334E-02,  1.37366E-02
 7.14862E-03,  4.29039E-03,  2.69545E-03,  1.69640E-03,  1.06541E-03
 6.74780E-04,  4.36433E-04,  2.90598E-04,  1.99285E-04,  2.96003E-04
 2.96003E-04,  1.93697E-04,  1.93697E-04,  1.93697E-04,  1.93697E-04
 1.93697E-04,  1.93697E-04,  4.52139E+00,  1.58355E+00,  3.72920E-01
 9.60522E-02,  3.24236E-02,  1.36255E-02,  6.97530E-03,  4.09844E-03
 2.53578E-03,  1.58225E-03,  9.89730E-04,  6.26221E-04,  4.05486E-04
 2.70709E-04,  1.86317E-04,  2.78874E-04,  2.78874E-04,  1.86974E-04
 1.86974E-04,  1.86974E-04,  1.86974E-04,  1.86974E-04,  1.86974E-04
 4.51263E+00,  1.58299E+00,  3.72855E-01,  9.59166E-02,  3.22895E-02
 1.34854E-02,  6.78059E-03,  3.89318E-03,  2.36873E-03,  1.46482E-03
 9.13172E-04,  5.77960E-04,  3.75271E-04,  2.51602E-04,  1.74027E-04
 2.62899E-04,  2.62899E-04,  1.80950E-04,  1.80950E-04,  1.80950E-04
 1.80950E-04,  1.80950E-04,  1.80950E-04,  4.50993E+00,  1.57966E+00
 3.71055E-01,  9.48393E-02,  3.17763E-02,  1.31936E-02,  6.52477E-03
 3.66432E-03,  2.19305E-03,  1.34490E-03,  8.36626E-04,  5.30592E-04
 3.46115E-04,  2.33437E-04,  1.62483E-04,  2.48112E-04,  2.48112E-04
 1.75616E-04,  1.75616E-04,  1.75616E-04,  1.75616E-04,  1.75616E-04
 1.75616E-04,  4.40463E+00,  1.55419E+00,  3.60829E-01,  9.06363E-02
 3.02818E-02,  1.25770E-02,  6.15245E-03,  3.39398E-03,  2.00308E-03
 1.22049E-03,  7.59136E-04,  4.83467E-04,  3.17490E-04,  2.15771E-04
 1.51325E-04,  2.33873E-04,  2.33873E-04,  1.70461E-04,  1.70461E-04
 1.70461E-04,  1.70461E-04,  1.70461E-04,  1.70461E-04,  4.47958E+00
 1.55916E+00,  3.47771E-01,  8.29671E-02,  2.75990E-02,  1.15862E-02
 5.65851E-03,  3.08855E-03,  1.80611E-03,  1.09700E-03,  6.84109E-04
 4.38597E-04,  2.90555E-04,  1.99278E-04,  1.40958E-04,  2.20700E-04
 2.20700E-04,  1.65777E-04,  1.65777E-04,  1.65777E-04,  1.65777E-04
 1.65777E-04,  1.65777E-04,  4.36867E+00,  1.55065E+00,  3.37278E-01
 7.39637E-02,  2.40227E-02,  1.02630E-02,  5.05903E-03,  2.75836E-03
 1.60883E-03,  9.78390E-04,  6.13744E-04,  3.97117E-04,  2.65863E-04
 1.84216E-04,  1.31502E-04,  2.08684E-04,  2.08684E-04,  1.61573E-04
 1.61573E-04,  1.61573E-04,  1.61573E-04,  1.61573E-04,  1.61573E-04
 4.35110E+00,  1.54379E+00,  3.22607E-01,  6.43733E-02,  1.99698E-02
 8.72824E-03,  4.39700E-03,  2.42071E-03,  1.41872E-03,  8.68022E-04
 5.49489E-04,  3.59569E-04,  2.43544E-04,  1.70551E-04,  1.22871E-04
 1.97604E-04,  1.97604E-04,  1.57616E-04,  1.57616E-04,  1.57616E-04
 1.57616E-04,  1.57616E-04,  1.57616E-04,  1.90289E+00,  1.25108E+00
 2.67815E-01,  5.17060E-02,  1.58289E-02,  7.20909E-03,  3.76172E-03
 2.11098E-03,  1.25100E-03,  7.73088E-04,  4.94989E-04,  3.27897E-04
 2.24696E-04,  1.58949E-04,  1.15498E-04,  1.88096E-04,  1.88096E-04
 1.54377E-04,  1.54377E-04,  1.54377E-04,  1.54377E-04,  1.54377E-04
 1.54377E-04,  3.98747E+00,  9.09560E-01,  1.80118E-01,  3.62648E-02
 1.20975E-02,  5.93716E-03,  3.23090E-03,  1.85406E-03,  1.11378E-03
 6.96291E-04,  4.51118E-04,  3.02342E-04,  2.09351E-04,  1.49384E-04
 1.09351E-04,  1.80100E-04,  1.80100E-04,  1.51821E-04,  1.51821E-04
 1.51821E-04,  1.51821E-04,  1.51821E-04,  1.51821E-04,  1.07708E+00
 2.50887E-01,  6.45661E-02,  2.05973E-02,  9.48538E-03,  5.07509E-03
 2.84382E-03,  1.65827E-03,  1.00748E-03,  6.36366E-04,  4.16560E-04
 2.81874E-04,  1.96769E-04,  1.41336E-04,  1.04056E-04,  1.73022E-04
 1.73022E-04,  1.49468E-04,  1.49468E-04,  1.49468E-04,  1.49468E-04
 1.49468E-04,  1.49468E-04,  8.06323E-01,  2.39156E-01,  9.51050E-02
 4.42590E-02,  2.25085E-02,  1.22427E-02,  6.99471E-03,  4.16729E-03
 2.58424E-03,  1.66383E-03,  1.10782E-03,  7.60063E-04,  5.36120E-04
 3.88172E-04,  2.87904E-04,  4.85666E-04,  4.85666E-04,  4.37400E-04
 4.37400E-04,  4.37400E-04,  4.37400E-04,  4.37400E-04,  4.37400E-04
 8.06323E-01,  2.39156E-01,  9.51050E-02,  4.42590E-02,  2.25085E-02
 1.22427E-02,  6.99471E-03,  4.16729E-03,  2.58424E-03,  1.66383E-03
 1.10782E-03,  7.60063E-04,  5.36120E-04,  3.88172E-04,  2.87904E-04
 4.85666E-04,  4.85666E-04,  4.37400E-04,  4.37400E-04,  4.37400E-04
 4.37400E-04,  4.37400E-04,  4.37400E-04,  3.72427E-02,  3.84263E-02
 3.61537E-02,  2.97433E-02,  2.25908E-02,  1.67663E-02,  1.25738E-02
 9.63245E-03,  7.53973E-03,  6.01893E-03,  4.89387E-03,  4.05011E-03
 3.40973E-03,  2.91688E-03,  2.52976E-03,  5.49533E-03,  5.49533E-03
 9.18230E-03,  9.18230E-03,  9.18230E-03,  9.18230E-03,  9.18230E-03
 9.18230E-03,  3.72427E-02,  3.84263E-02,  3.61537E-02,  2.97433E-02
 2.25908E-02,  1.67663E-02,  1.25738E-02,  9.63245E-03,  7.53973E-03
 6.01893E-03,  4.89387E-03,  4.05011E-03,  3.40973E-03,  2.91688E-03
 2.52976E-03,  5.49533E-03,  5.49533E-03,  9.18230E-03,  9.18230E-03
 9.18230E-03,  9.18230E-03,  9.18230E-03,  9.18230E-03,  3.72427E-02
 3.84263E-02,  3.61537E-02,  2.97433E-02,  2.25908E-02,  1.67663E-02
 1.25738E-02,  9.63245E-03,  7.53973E-03,  6.01893E-03,  4.89387E-03
 4.05011E-03,  3.40973E-03,  2.91688E-03,  2.52976E-03,  5.49533E-03
 5.49533E-03,  9.18230E-03,  9.18230E-03,  9.18230E-03,  9.18230E-03
 9.18230E-03,  9.18230E-03,  3.72427E-02,  3.84263E-02,  3.61537E-02
 2.97433E-02,  2.25908E-02,  1.67663E-02,  1.25738E-02,  9.63245E-03
 7.53973E-03,  6.01893E-03,  4.89387E-03,  4.05011E-03,  3.40973E-03
 2.91688E-03,  2.52976E-03,  5.49533E-03,  5.49533E-03,  9.18230E-03
 9.18230E-03,  9.18230E-03,  9.18230E-03,  9.18230E-03,  9.18230E-03
 3.72427E-02,  3.84263E-02,  3.61537E-02,  2.97433E-02,  2.25908E-02
 1.67663E-02,  1.25738E-02,  9.63245E-03,  7.53973E-03,  6.01893E-03
 4.89387E-03,  4.05011E-03,  3.40973E-03,  2.91688E-03,  2.52976E-03
 5.49533E-03,  5.49533E-03,  9.18230E-03,  9.18230E-03,  9.18230E-03
 9.18230E-03,  9.18230E-03,  9.18230E-03,  3.72427E-02,  3.84263E-02
 3.61537E-02,  2.97433E-02,  2.25908E-02,  1.67663E-02,  1.25738E-02
 9.63245E-03,  7.53973E-03,  6.01893E-03,  4.89387E-03,  4.05011E-03
 3.40973E-03,  2.91688E-03,  2.52976E-03,  5.49533E-03,  5.49533E-03
 9.18230E-03,  9.18230E-03,  9.18230E-03,  9.18230E-03,  9.18230E-03
 9.18230E-03

;------ Iteration  1
;-Index  V/I_Meas      V/I_Calc    VI_%ERR
  1,    2.07243E+01,   9.43583E+00,  -54.47
  2,    2.56875E+00,   5.02064E-01,  -80.45
  3,    1.24840E+00,   2.96255E-01,  -76.27
  4,    9.38865E-02,   1.40425E-01,  49.57
  5,    1.51760E-01,   8.66637E-02,  -42.89
  6,    9.01102E-02,   7.13054E-02,  -20.87
  7,    2.51083E+01,   1.01695E+01,  -59.50
  8,    6.05705E+00,   1.48635E+00,  -75.46
  9,    2.62075E+00,   6.37398E-01,  -75.68
  10,    1.10857E+00,   2.35468E-01,  -78.76
  11,    1.39745E-01,   7.80074E-02,  -44.18
  12,    8.66431E-02,   2.86188E-02,  -66.97
  13,    3.66935E-02,   9.24990E-02,  152.09
  14,    2.42305E-01,   1.25121E-01,  -48.36
  15,    1.08723E-01,   9.91313E-02,  -8.82
  16,    6.45944E-02,   6.67361E-02,  3.32
  17,    3.79840E-02,   4.11979E-02,  8.46
  18,    2.77012E-02,   2.99375E-02,  8.07
  19,    2.10235E+01,   1.06829E+01,  -49.19
  20,    5.51175E+00,   2.97505E+00,  -46.02
  21,    2.10442E+00,   8.43573E-01,  -59.91
  22,    8.42778E-01,   2.61604E-01,  -68.96
  23,    1.23720E-01,   5.58481E-02,  -54.86
  24,    8.03241E-02,   6.07417E-02,  -24.38
  25,    2.18757E-01,   1.66225E-01,  -24.01
  26,    1.03491E-01,   1.03090E-01,  -0.39
  27,    5.92737E-02,   6.75373E-02,  13.94
  28,    3.80062E-02,   3.79223E-02,  -0.22
  29,    2.69831E-02,   3.03295E-02,  12.40
  30,    4.16334E-02,   4.84493E-02,  16.37
  31,    3.13011E-02,   3.45005E-02,  10.22
  32,    2.56430E-02,   2.77513E-02,  8.22
  33,    2.12077E+01,   1.42007E+01,  -33.04
  34,    5.34089E+00,   2.70142E+00,  -49.42
  35,    1.90316E+00,   6.56729E-01,  -65.49
  36,    7.61439E-01,   5.08617E-01,  -33.20
  37,    1.40548E-01,   9.78897E-02,  -30.35
  38,    7.82689E-02,   7.24466E-02,  -7.44
  39,    2.08930E-01,   2.12615E-01,  1.76
  40,    1.10353E-01,   1.30211E-01,  17.99
  41,    5.87669E-02,   7.40607E-02,  26.02
  42,    4.03443E-02,   5.01992E-02,  24.43
  43,    2.84742E-02,   3.31822E-02,  16.53
  44,    4.56410E-02,   5.18492E-02,  13.60
  45,    3.47810E-02,   3.96450E-02,  13.98
  46,    2.67499E-02,   2.74382E-02,  2.57
  47,    4.41874E-02,   4.50778E-02,  2.02
  48,    2.76329E-02,   2.39823E-02,  -13.21
  49,    2.43151E-02,   1.72004E-02,  -29.26
  50,    2.33259E+01,   9.29972E+00,  -60.13
  51,    4.91551E+00,   1.35783E+00,  -72.38
  52,    1.71542E+00,   7.47731E-01,  -56.41
  53,    7.63683E-01,   4.11929E-01,  -46.06
  54,    1.34355E-01,   6.29831E-02,  -53.12
  55,    8.57191E-02,   4.74150E-02,  -44.69
  56,    2.89493E-02,   9.92572E-02,  242.87
  57,    2.31722E-01,   1.79961E-01,  -22.34
  58,    1.18091E-01,   1.08960E-01,  -7.73
  59,    6.76859E-02,   5.71161E-02,  -15.62
  60,    4.56516E-02,   4.33616E-02,  -5.02
  61,    3.30751E-02,   3.11891E-02,  -5.70
  62,    5.05039E-02,   4.78718E-02,  -5.21
  63,    3.83803E-02,   3.83020E-02,  -0.20
  64,    2.78508E-02,   2.57251E-02,  -7.63
  65,    4.45802E-02,   3.91123E-02,  -12.27
  66,    2.72002E-02,   1.94221E-02,  -28.60
  67,    2.78031E-02,   1.70229E-02,  -38.77
  68,    3.00666E-02,   1.68111E-02,  -44.09
  69,    2.17111E-02,   1.30020E-02,  -40.11
  70,    2.51867E+01,   1.21868E+01,  -51.61
  71,    4.91285E+00,   4.16943E+00,  -15.13
  72,    1.79343E+00,   1.88245E+00,  4.96
  73,    8.39700E-01,   3.57182E-01,  -57.46
  74,    1.49670E-01,   2.69313E-01,  79.94
  75,    1.47258E-01,   1.24109E-01,  -15.72
  76,    9.33280E-02,   8.52873E-02,  -8.62
  77,    2.58679E-01,   2.16332E-01,  -16.37
  78,    1.22031E-01,   1.10121E-01,  -9.76
  79,    7.54422E-02,   6.81730E-02,  -9.64
  80,    5.03819E-02,   4.23529E-02,  -15.94
  81,    3.87900E-02,   3.63038E-02,  -6.41
  82,    5.76154E-02,   5.42486E-02,  -5.84
  83,    4.36995E-02,   4.19215E-02,  -4.07
  84,    3.19190E-02,   2.68890E-02,  -15.76
  85,    4.86561E-02,   4.19280E-02,  -13.83
  86,    3.01298E-02,   2.20268E-02,  -26.89
  87,    2.91209E-02,   1.75533E-02,  -39.72
  88,    3.00144E-02,   1.73866E-02,  -42.07
  89,    2.13417E-02,   1.27818E-02,  -40.11
  90,    2.58147E-02,   1.59610E-02,  -38.17
  91,    1.98618E-02,   1.18349E-02,  -40.41
  92,    5.35987E+00,   5.34587E+00,  -0.26
  93,    2.08741E+00,   7.93698E-01,  -61.98
  94,    1.02678E+00,   4.86034E-01,  -52.66
  95,    1.87425E-01,   2.85628E-01,  52.40
  96,    1.72181E-01,   1.24947E-01,  -27.43
  97,    1.17447E-01,   9.68771E-02,  -17.51
  98,    2.90909E-01,   2.72817E-01,  -6.22
  99,    1.47621E-01,   1.26544E-01,  -14.28
  100,    8.99679E-02,   8.79290E-02,  -2.27
  101,    6.19399E-02,   5.92294E-02,  -4.38
  102,    4.74925E-02,   4.15312E-02,  -12.55
  103,    6.89750E-02,   6.27041E-02,  -9.09
  104,    4.92579E-02,   4.17073E-02,  -15.33
  105,    3.40743E-02,   2.66084E-02,  -21.91
  106,    5.22244E-02,   4.19267E-02,  -19.72
  107,    3.38687E-02,   2.25663E-02,  -33.37
  108,    3.23105E-02,   1.88904E-02,  -41.53
  109,    3.19228E-02,   2.01814E-02,  -36.78
  110,    2.16338E-02,   1.38354E-02,  -36.05
  111,    2.66745E-02,   1.67891E-02,  -37.06
  112,    2.14036E-02,   1.22202E-02,  -42.91
  113,    5.72150E+00,   1.96458E+00,  -65.66
  114,    2.31320E+00,   8.93605E-01,  -61.37
  115,    9.68294E-01,   4.54082E-01,  -53.10
  116,    1.86464E-01,   2.75518E-01,  47.76
  117,    1.88712E-01,   1.25434E-01,  -33.53
  118,    1.03236E-01,   7.67265E-02,  -25.68
  119,    2.96212E-01,   2.29916E-01,  -22.38
  120,    1.63627E-01,   1.28030E-01,  -21.76
  121,    1.00222E-01,   7.41437E-02,  -26.02
  122,    7.38560E-02,   6.04507E-02,  -18.15
  123,    5.39285E-02,   3.98538E-02,  -26.10
  124,    8.00984E-02,   7.05241E-02,  -11.95
  125,    5.42293E-02,   4.54225E-02,  -16.24
  126,    3.46281E-02,   2.66680E-02,  -22.99
  127,    5.20586E-02,   3.75262E-02,  -27.92
  128,    4.13181E-02,   2.57104E-02,  -37.77
  129,    3.06594E-02,   1.67440E-02,  -45.39
  130,    3.37121E-02,   2.12818E-02,  -36.87
  131,    2.32575E-02,   1.47551E-02,  -36.56
  132,    2.79093E-02,   1.79214E-02,  -35.79
  133,    2.16048E-02,   1.29521E-02,  -40.05
  134,    6.07769E+00,   3.25341E+00,  -46.47
  135,    2.01531E+00,   1.37365E+00,  -31.84
  136,    9.22482E-01,   7.49439E-01,  -18.76
  137,    2.93652E-01,   4.33311E-01,  47.56
  138,    4.42888E-01,   3.04252E-01,  -31.30
  139,    1.43564E-01,   1.78840E-01,  24.57
  140,    9.80310E-02,   1.12095E-01,  14.35
  141,    2.89595E-01,   2.73479E-01,  -5.56
  142,    1.62090E-01,   1.71211E-01,  5.63
  143,    1.02372E-01,   1.07081E-01,  4.60
  144,    7.43722E-02,   7.16192E-02,  -3.70
  145,    5.26667E-02,   5.83267E-02,  10.75
  146,    8.48895E-02,   8.62859E-02,  1.65
  147,    5.70213E-02,   5.29835E-02,  -7.08
  148,    3.24661E-02,   2.92304E-02,  -9.97
  149,    5.09961E-02,   4.38591E-02,  -14.00
  150,    4.73332E-02,   3.68155E-02,  -22.22
  151,    2.71496E-02,   1.98160E-02,  -27.01
  152,    3.33201E-02,   2.42973E-02,  -27.08
  153,    2.30520E-02,   1.73796E-02,  -24.61
  154,    2.80427E-02,   2.07571E-02,  -25.98
  155,    2.28094E-02,   1.60495E-02,  -29.64
  156,    5.95258E+00,   3.31118E+00,  -44.37
  157,    2.26191E+00,   1.44895E+00,  -35.94
  158,    9.77684E-01,   7.41415E-01,  -24.17
  159,    3.24570E-01,   4.77962E-01,  47.26
  160,    4.23618E-01,   2.63147E-01,  -37.88
  161,    1.53060E-01,   1.56265E-01,  2.09
  162,    9.56131E-02,   1.02614E-01,  7.32
  163,    2.82887E-01,   3.42934E-01,  21.23
  164,    1.58797E-01,   1.81578E-01,  14.35
  165,    1.07999E-01,   1.39336E-01,  29.02
  166,    7.42793E-02,   8.80437E-02,  18.53
  167,    5.51055E-02,   7.66952E-02,  39.18
  168,    8.47283E-02,   9.45036E-02,  11.54
  169,    5.42794E-02,   5.78398E-02,  6.56
  170,    3.04051E-02,   3.01935E-02,  -0.70
  171,    5.27314E-02,   4.97522E-02,  -5.65
  172,    4.60293E-02,   3.82124E-02,  -16.98
  173,    2.79294E-02,   2.55821E-02,  -8.40
  174,    3.38499E-02,   2.96792E-02,  -12.32
  175,    2.26353E-02,   2.09262E-02,  -7.55
  176,    2.78493E-02,   2.33361E-02,  -16.21
  177,    6.10244E+00,   2.56779E+00,  -57.92
  178,    2.13197E+00,   1.03791E+00,  -51.32
  179,    9.54436E-01,   5.74183E-01,  -39.84
  180,    2.45200E-01,   2.82363E-01,  15.16
  181,    3.76698E-01,   1.52641E-01,  -59.48
  182,    1.33233E-01,   9.30730E-02,  -30.14
  183,    9.42898E-02,   7.79520E-02,  -17.33
  184,    2.82526E-01,   2.71813E-01,  -3.79
  185,    1.63757E-01,   1.53643E-01,  -6.18
  186,    1.10012E-01,   9.67278E-02,  -12.08
  187,    7.46303E-02,   7.55709E-02,  1.26
  188,    5.90355E-02,   5.87242E-02,  -0.53
  189,    8.03295E-02,   8.85640E-02,  10.25
  190,    4.74987E-02,   4.98610E-02,  4.97
  191,    3.07734E-02,   3.08725E-02,  0.32
  192,    5.14108E-02,   4.53959E-02,  -11.70
  193,    4.45487E-02,   3.67750E-02,  -17.45
  194,    2.74163E-02,   2.63514E-02,  -3.88
  195,    3.06639E-02,   2.71586E-02,  -11.43
  196,    2.23371E-02,   2.05005E-02,  -8.22
  197,    2.72825E-02,   2.39753E-02,  -12.12
  198,    6.03535E+00,   3.21400E+00,  -46.75
  199,    2.22474E+00,   1.49342E+00,  -32.87
  200,    7.89918E-01,   6.62414E-01,  -16.14
  201,    2.48124E-01,   3.31798E-01,  33.72
  202,    3.35292E-01,   1.91173E-01,  -42.98
  203,    1.32921E-01,   1.52227E-01,  14.52
  204,    8.68220E-02,   8.53804E-02,  -1.66
  205,    2.64123E-01,   2.26583E-01,  -14.21
  206,    1.65569E-01,   1.53774E-01,  -7.12
  207,    1.07036E-01,   8.94482E-02,  -16.43
  208,    7.59017E-02,   7.40342E-02,  -2.46
  209,    5.40453E-02,   5.11379E-02,  -5.38
  210,    8.10408E-02,   7.85668E-02,  -3.05
  211,    4.27062E-02,   4.13730E-02,  -3.12
  212,    3.14016E-02,   2.84958E-02,  -9.25
  213,    5.61689E-02,   5.47996E-02,  -2.44
  214,    3.83145E-02,   3.45037E-02,  -9.95
  215,    2.56840E-02,   2.65835E-02,  3.50
  216,    2.82814E-02,   2.77424E-02,  -1.91
  217,    2.13449E-02,   2.14021E-02,  0.27
  218,    2.72835E-02,   2.55015E-02,  -6.53
  219,    2.60792E+01,   1.14809E+01,  -55.98
  220,    5.43997E+00,   3.41358E+00,  -37.25
  221,    1.55118E+00,   1.23180E+00,  -20.59
  222,    6.28012E-01,   5.38933E-01,  -14.18
  223,    2.03822E-01,   2.82576E-01,  38.64
  224,    2.36711E-01,   2.07594E-01,  -12.30
  225,    1.01014E-01,   1.09927E-01,  8.82
  226,    7.10739E-02,   7.59719E-02,  6.89
  227,    2.37972E-01,   2.62834E-01,  10.45
  228,    1.50735E-01,   1.48971E-01,  -1.17
  229,    9.68624E-02,   1.08481E-01,  11.99
  230,    7.46612E-02,   8.05916E-02,  7.94
  231,    4.77969E-02,   5.46609E-02,  14.36
  232,    7.03605E-02,   6.66328E-02,  -5.30
  233,    3.70233E-02,   3.29537E-02,  -10.99
  234,    3.44764E-02,   3.09649E-02,  -10.19
  235,    5.95121E-02,   5.55223E-02,  -6.70
  236,    3.17637E-02,   2.86839E-02,  -9.70
  237,    2.44197E-02,   2.45795E-02,  0.65
  238,    2.69293E-02,   2.95478E-02,  9.72
  239,    1.95159E-02,   2.16671E-02,  11.02
  240,    2.63180E-02,   2.57325E-02,  -2.22
  241,    6.07736E+00,   3.37645E+00,  -44.44
  242,    1.93509E+00,   1.19894E+00,  -38.04
  243,    6.86918E-01,   5.49316E-01,  -20.03
  244,    2.31855E-01,   3.60593E-01,  55.53
  245,    2.85318E-01,   1.76052E-01,  -38.30
  246,    1.19573E-01,   1.13583E-01,  -5.01
  247,    8.72093E-02,   9.57981E-02,  9.85
  248,    2.50916E-01,   2.73930E-01,  9.17
  249,    1.50949E-01,   1.43330E-01,  -5.05
  250,    9.97042E-02,   1.11479E-01,  11.81
  251,    6.79016E-02,   7.39001E-02,  8.83
  252,    4.91152E-02,   5.01661E-02,  2.14
  253,    6.06553E-02,   6.30313E-02,  3.92
  254,    3.72737E-02,   3.68572E-02,  -1.12
  255,    3.47560E-02,   3.22657E-02,  -7.17
  256,    5.53386E-02,   4.62688E-02,  -16.39
  257,    3.16469E-02,   2.94493E-02,  -6.94
  258,    2.13461E-02,   2.04656E-02,  -4.12
  259,    2.57171E-02,   2.74759E-02,  6.84
  260,    1.88288E-02,   2.03739E-02,  8.21
  261,    2.46788E-02,   2.62327E-02,  6.30
  262,    1.83269E+00,   1.09952E+00,  -40.01
  263,    6.79957E-01,   6.29517E-01,  -7.42
  264,    1.85478E-01,   2.80157E-01,  51.05
  265,    3.07694E-01,   1.67441E-01,  -45.58
  266,    1.19004E-01,   1.32908E-01,  11.68
  267,    8.97034E-02,   8.39398E-02,  -6.43
  268,    2.70660E-01,   2.43199E-01,  -10.15
  269,    1.57234E-01,   1.58318E-01,  0.69
  270,    1.12358E-01,   1.09837E-01,  -2.24
  271,    6.80839E-02,   7.07517E-02,  3.92
  272,    4.72548E-02,   4.62100E-02,  -2.21
  273,    5.29234E-02,   5.25709E-02,  -0.67
  274,    3.74505E-02,   3.43246E-02,  -8.35
  275,    3.42883E-02,   3.04291E-02,  -11.26
  276,    5.42960E-02,   4.72875E-02,  -12.91
  277,    3.08836E-02,   3.20173E-02,  3.67
  278,    1.97530E-02,   2.05898E-02,  4.24
  279,    2.42351E-02,   2.48121E-02,  2.38
  280,    1.85181E-02,   1.85613E-02,  0.23
  281,    2.43974E-02,   2.54976E-02,  4.51
  282,    2.09371E+00,   1.46906E+00,  -29.83
  283,    7.79404E-01,   5.77826E-01,  -25.86
  284,    1.91602E-01,   3.14179E-01,  63.97
  285,    3.78759E-01,   2.31891E-01,  -38.78
  286,    1.48487E-01,   1.38292E-01,  -6.87
  287,    9.99060E-02,   8.41430E-02,  -15.78
  288,    2.88083E-01,   2.57376E-01,  -10.66
  289,    1.73485E-01,   1.80651E-01,  4.13
  290,    1.09826E-01,   1.12075E-01,  2.05
  291,    7.46354E-02,   7.14150E-02,  -4.31
  292,    4.36110E-02,   4.32494E-02,  -0.83
  293,    5.13951E-02,   4.73166E-02,  -7.94
  294,    4.50839E-02,   4.19733E-02,  -6.90
  295,    2.97197E-02,   2.38736E-02,  -19.67
  296,    4.69384E-02,   4.03511E-02,  -14.03
  297,    2.95880E-02,   2.92560E-02,  -1.12
  298,    1.92295E-02,   2.03192E-02,  5.67
  299,    2.35129E-02,   2.54898E-02,  8.41
  300,    1.79449E-02,   1.85575E-02,  3.41
  301,    1.95633E+00,   1.11244E+00,  -43.14
  302,    7.22030E-01,   5.29051E-01,  -26.73
  303,    2.45501E-01,   3.54815E-01,  44.53
  304,    3.14589E-01,   1.97012E-01,  -37.37
  305,    1.32839E-01,   1.13259E-01,  -14.74
  306,    9.12254E-02,   9.34168E-02,  2.40
  307,    2.81530E-01,   2.96921E-01,  5.47
  308,    1.84205E-01,   1.87938E-01,  2.03
  309,    1.01430E-01,   1.13235E-01,  11.64
  310,    6.69656E-02,   6.90889E-02,  3.17
  311,    3.76459E-02,   3.86593E-02,  2.69
  312,    5.08173E-02,   4.92154E-02,  -3.15
  313,    4.43708E-02,   4.03052E-02,  -9.16
  314,    2.39373E-02,   2.09395E-02,  -12.52
  315,    3.91844E-02,   3.49738E-02,  -10.75
  316,    2.76876E-02,   2.81563E-02,  1.69
  317,    1.84457E-02,   1.97244E-02,  6.93
  318,    2.23618E-02,   2.39287E-02,  7.01
  319,    1.70212E-02,   1.78752E-02,  5.02
  320,    2.45714E+00,   9.85673E-01,  -59.89
  321,    9.03480E-01,   5.78681E-01,  -35.95
  322,    1.82202E-01,   2.93391E-01,  61.03
  323,    1.66081E-01,   1.24009E-01,  -25.33
  324,    1.09426E-01,   9.34055E-02,  -14.64
  325,    3.16558E-01,   3.00706E-01,  -5.01
  326,    1.79875E-01,   1.72396E-01,  -4.16
  327,    1.09995E-01,   1.02299E-01,  -7.00
  328,    5.94460E-02,   5.79515E-02,  -2.51
  329,    3.31911E-02,   3.10609E-02,  -6.42
  330,    5.25062E-02,   4.80226E-02,  -8.54
  331,    4.42747E-02,   3.96249E-02,  -10.50
  332,    2.24154E-02,   2.11618E-02,  -5.59
  333,    3.92747E-02,   3.72955E-02,  -5.04
  334,    2.48500E-02,   2.41525E-02,  -2.81
  335,    1.74309E-02,   1.81335E-02,  4.03
  336,    2.08296E-02,   2.20448E-02,  5.83
  337,    1.74077E-02,   1.78412E-02,  2.49
  338,    2.15001E+00,   1.09637E+00,  -49.01
  339,    9.91793E-01,   4.84489E-01,  -51.15
  340,    1.39811E-01,   2.35912E-01,  68.74
  341,    1.61607E-01,   1.25325E-01,  -22.45
  342,    1.27958E-01,   9.65964E-02,  -24.51
  343,    3.73491E-01,   2.90373E-01,  -22.25
  344,    1.82501E-01,   1.61885E-01,  -11.30
  345,    1.07117E-01,   9.17251E-02,  -14.37
  346,    5.49832E-02,   4.79026E-02,  -12.88
  347,    3.14264E-02,   2.64073E-02,  -15.97
  348,    5.80390E-02,   5.41506E-02,  -6.70
  349,    3.50537E-02,   2.85415E-02,  -18.58
  350,    2.26806E-02,   2.28134E-02,  0.59
  351,    3.84461E-02,   3.80744E-02,  -0.97
  352,    2.28213E-02,   2.25034E-02,  -1.39
  353,    1.63110E-02,   1.67993E-02,  2.99
  354,    2.02806E-02,   2.07468E-02,  2.30
  355,    6.32291E+00,   3.60748E+00,  -42.95
  356,    2.42941E+00,   1.27936E+00,  -47.34
  357,    9.34296E-01,   5.38679E-01,  -42.34
  358,    2.53052E-01,   3.63368E-01,  43.59
  359,    4.70146E-01,   2.44557E-01,  -47.98
  360,    2.05146E-01,   1.80025E-01,  -12.25
  361,    1.38997E-01,   1.20418E-01,  -13.37
  362,    3.64430E-01,   3.30306E-01,  -9.36
  363,    1.98949E-01,   1.79256E-01,  -9.90
  364,    9.42916E-02,   9.38695E-02,  -0.45
  365,    4.87184E-02,   4.68342E-02,  -3.87
  366,    3.58201E-02,   3.55512E-02,  -0.75
  367,    6.18732E-02,   5.64355E-02,  -8.79
  368,    3.14527E-02,   2.68853E-02,  -14.52
  369,    2.36043E-02,   2.32086E-02,  -1.68
  370,    3.66439E-02,   3.61073E-02,  -1.46
  371,    2.19586E-02,   2.29148E-02,  4.35
  372,    1.62634E-02,   1.69236E-02,  4.06
  373,    2.03385E-02,   2.07904E-02,  2.22
  374,    2.14589E+00,   8.71771E-01,  -59.37
  375,    8.45372E-01,   5.13735E-01,  -39.23
  376,    2.44612E-01,   3.16164E-01,  29.25
  377,    1.99963E-01,   1.40983E-01,  -29.50
  378,    1.13386E-01,   1.03797E-01,  -8.46
  379,    3.50445E-01,   3.30324E-01,  -5.74
  380,    1.83315E-01,   1.70685E-01,  -6.89
  381,    8.18915E-02,   8.20810E-02,  0.23
  382,    4.43376E-02,   4.26173E-02,  -3.88
  383,    3.74022E-02,   3.71611E-02,  -0.64
  384,    6.16918E-02,   5.66005E-02,  -8.25
  385,    2.91736E-02,   2.76898E-02,  -5.09
  386,    2.26963E-02,   2.22283E-02,  -2.06
  387,    3.60432E-02,   3.46940E-02,  -3.74
  388,    2.23686E-02,   2.22232E-02,  -0.65
  389,    1.57647E-02,   1.57583E-02,  -0.04
  390,    1.92219E-02,   1.88767E-02,  -1.80
  391,    1.99952E+00,   1.04196E+00,  -47.89
  392,    8.46089E-01,   5.62639E-01,  -33.50
  393,    3.85740E-01,   3.58895E-01,  -6.96
  394,    1.78218E-01,   1.55309E-01,  -12.85
  395,    1.34689E-01,   1.02407E-01,  -23.97
  396,    3.74887E-01,   2.98756E-01,  -20.31
  397,    1.54621E-01,   1.42279E-01,  -7.98
  398,    7.03302E-02,   6.51325E-02,  -7.39
  399,    4.76763E-02,   4.69178E-02,  -1.59
  400,    3.89113E-02,   3.64677E-02,  -6.28
  401,    5.12519E-02,   4.42521E-02,  -13.66
  402,    3.10974E-02,   3.27045E-02,  5.17
  403,    1.97023E-02,   1.91684E-02,  -2.71
  404,    3.20080E-02,   3.07301E-02,  -3.99
  405,    2.10656E-02,   2.12832E-02,  1.03
  406,    1.54380E-02,   1.53459E-02,  -0.60
  407,    1.94699E-02,   1.85069E-02,  -4.95
  408,    6.11714E+00,   2.97575E+00,  -51.35
  409,    1.96900E+00,   1.30705E+00,  -33.62
  410,    1.11223E+00,   7.41628E-01,  -33.32
  411,    4.54019E-01,   4.23233E-01,  -6.78
  412,    4.47306E-01,   2.86295E-01,  -36.00
  413,    2.22446E-01,   1.81375E-01,  -18.46
  414,    1.42246E-01,   1.25410E-01,  -11.84
  415,    3.65735E-01,   3.28882E-01,  -10.08
  416,    1.39970E-01,   1.41741E-01,  1.27
  417,    6.62039E-02,   6.78871E-02,  2.54
  418,    5.30261E-02,   5.63765E-02,  6.32
  419,    4.62791E-02,   4.94467E-02,  6.84
  420,    4.34874E-02,   4.01204E-02,  -7.74
  421,    3.12419E-02,   3.23661E-02,  3.60
  422,    1.85895E-02,   1.85840E-02,  -0.03
  423,    3.09585E-02,   3.17456E-02,  2.54
  424,    2.11322E-02,   2.19164E-02,  3.71
  425,    1.56539E-02,   1.59254E-02,  1.73
  426,    2.06630E-02,   2.00186E-02,  -3.12
  427,    5.59096E+00,   2.85261E+00,  -48.98
  428,    2.54020E+00,   1.30663E+00,  -48.56
  429,    1.17197E+00,   6.68136E-01,  -42.99
  430,    3.70809E-01,   4.22118E-01,  13.84
  431,    2.29461E-01,   1.68010E-01,  -26.78
  432,    1.23286E-01,   1.05564E-01,  -14.37
  433,    3.23268E-01,   3.07183E-01,  -4.98
  434,    1.25831E-01,   1.26403E-01,  0.45
  435,    7.66221E-02,   8.53722E-02,  11.42
  436,    5.95566E-02,   6.31217E-02,  5.99
  437,    3.93403E-02,   3.80876E-02,  -3.18
  438,    4.23110E-02,   4.38575E-02,  3.66
  439,    3.11593E-02,   3.28611E-02,  5.46
  440,    1.91772E-02,   2.02209E-02,  5.44
  441,    3.08001E-02,   3.16688E-02,  2.82
  442,    2.13899E-02,   2.16394E-02,  1.17
  443,    1.53893E-02,   1.51061E-02,  -1.84
  444,    1.10216E+00,   6.34380E-01,  -42.44
  445,    3.55291E-01,   3.54016E-01,  -0.36
  446,    2.01173E-01,   1.34423E-01,  -33.18
  447,    1.09193E-01,   8.20776E-02,  -24.83
  448,    2.85219E-01,   2.39251E-01,  -16.12
  449,    1.14398E-01,   1.04426E-01,  -8.72
  450,    8.33429E-02,   8.21918E-02,  -1.38
  451,    6.73928E-02,   6.83571E-02,  1.43
  452,    3.10131E-02,   2.50716E-02,  -19.16
  453,    4.63897E-02,   5.08902E-02,  9.70
  454,    2.79575E-02,   2.76369E-02,  -1.15
  455,    1.93758E-02,   1.98335E-02,  2.36
  456,    3.14156E-02,   3.15432E-02,  0.41
  457,    2.10809E-02,   2.07343E-02,  -1.64
  458,    1.58374E-02,   1.47758E-02,  -6.70
  459,    2.59148E+00,   1.29628E+00,  -49.98
  460,    2.69711E-01,   3.81035E-01,  41.28
  461,    1.79430E-01,   1.28655E-01,  -28.30
  462,    9.71550E-02,   7.38961E-02,  -23.94
  463,    2.52782E-01,   2.02089E-01,  -20.05
  464,    1.31542E-01,   1.25732E-01,  -4.42
  465,    9.25395E-02,   8.77524E-02,  -5.17
  466,    5.65087E-02,   5.03760E-02,  -10.85
  467,    3.04459E-02,   2.90873E-02,  -4.46
  468,    4.72243E-02,   4.83578E-02,  2.40
  469,    2.64648E-02,   2.56967E-02,  -2.90
  470,    1.95223E-02,   1.90869E-02,  -2.23
  471,    3.12206E-02,   3.12693E-02,  0.16
  472,    2.13894E-02,   2.09532E-02,  -2.04
  473,    1.68177E-02,   1.54178E-02,  -8.32
  474,    6.58037E+00,   3.20695E+00,  -51.26
  475,    1.32024E+00,   6.81863E-01,  -48.35
  476,    2.97713E-01,   3.65091E-01,  22.63
  477,    1.39096E-01,   1.09472E-01,  -21.30
  478,    7.57013E-02,   6.73021E-02,  -11.10
  479,    2.18441E-01,   1.96471E-01,  -10.06
  480,    1.42850E-01,   1.44436E-01,  1.11
  481,    1.04678E-01,   1.13070E-01,  8.02
  482,    4.50503E-02,   3.91138E-02,  -13.18
  483,    3.05649E-02,   3.49036E-02,  14.19
  484,    4.68946E-02,   4.83383E-02,  3.08
  485,    2.70807E-02,   2.74831E-02,  1.49
  486,    1.89779E-02,   1.84551E-02,  -2.75
  487,    3.05025E-02,   3.01733E-02,  -1.08
  488,    2.15553E-02,   2.04085E-02,  -5.32
  489,    1.75997E-02,   1.59221E-02,  -9.53
  490,    1.13693E+00,   6.38406E-01,  -43.85
  491,    2.05482E-01,   3.24405E-01,  57.88
  492,    1.19034E-01,   9.65277E-02,  -18.91
  493,    7.44040E-02,   6.65586E-02,  -10.54
  494,    2.40615E-01,   2.42330E-01,  0.71
  495,    1.56809E-01,   1.57827E-01,  0.65
  496,    8.71872E-02,   8.57943E-02,  -1.60
  497,    4.46907E-02,   4.67208E-02,  4.54
  498,    3.42368E-02,   3.86405E-02,  12.86
  499,    4.33740E-02,   4.34678E-02,  0.22
  500,    2.79442E-02,   2.90600E-02,  3.99
  501,    1.95538E-02,   1.95832E-02,  0.15
  502,    3.21501E-02,   3.11915E-02,  -2.98
  503,    2.18782E-02,   2.02964E-02,  -7.23
  504,    1.00591E+00,   4.99338E-01,  -50.36
  505,    1.33652E-01,   2.26717E-01,  69.63
  506,    1.16760E-01,   8.16442E-02,  -30.08
  507,    1.05913E-01,   8.74236E-02,  -17.46
  508,    2.82124E-01,   2.44857E-01,  -13.21
  509,    1.88030E-01,   1.77883E-01,  -5.40
  510,    7.33085E-02,   5.75458E-02,  -21.50
  511,    4.74624E-02,   4.92055E-02,  3.67
  512,    3.83079E-02,   3.80508E-02,  -0.67
  513,    4.16925E-02,   4.01183E-02,  -3.78
  514,    2.93357E-02,   2.80136E-02,  -4.51
  515,    2.03250E-02,   1.90569E-02,  -6.24
  516,    3.25848E-02,   3.03467E-02,  -6.87
  517,    2.32618E-02,   2.02242E-02,  -13.06
  518,    5.57527E+00,   3.30183E+00,  -40.78
  519,    1.77954E+00,   1.16655E+00,  -34.45
  520,    6.51715E-01,   4.40017E-01,  -32.48
  521,    1.22119E-01,   2.11006E-01,  72.79
  522,    2.99050E-01,   1.29497E-01,  -56.70
  523,    1.29912E-01,   1.31217E-01,  1.00
  524,    7.71218E-02,   6.53205E-02,  -15.30
  525,    2.81795E-01,   2.49391E-01,  -11.50
  526,    1.40823E-01,   1.25394E-01,  -10.96
  527,    6.60604E-02,   6.30655E-02,  -4.53
  528,    4.80322E-02,   4.99546E-02,  4.00
  529,    3.00191E-02,   2.82948E-02,  -5.74
  530,    4.15528E-02,   4.08855E-02,  -1.61
  531,    2.76315E-02,   2.58215E-02,  -6.55
  532,    2.04332E-02,   1.84733E-02,  -9.59
  533,    3.21279E-02,   2.96958E-02,  -7.57
  534,    2.37388E-02,   2.03898E-02,  -14.11
  535,    5.21130E+00,   3.75386E+00,  -27.97
  536,    1.56605E+00,   1.09832E+00,  -29.87
  537,    5.72462E-01,   4.37988E-01,  -23.49
  538,    1.76971E-01,   2.40868E-01,  36.11
  539,    3.34841E-01,   2.25248E-01,  -32.73
  540,    1.32818E-01,   1.07087E-01,  -19.37
  541,    1.26665E-01,   1.26620E-01,  -0.04
  542,    3.23660E-01,   3.31599E-01,  2.45
  543,    1.12088E-01,   9.51646E-02,  -15.10
  544,    6.67424E-02,   7.57501E-02,  13.50
  545,    5.08003E-02,   5.52528E-02,  8.76
  546,    2.72923E-02,   2.69127E-02,  -1.39
  547,    4.16490E-02,   4.02360E-02,  -3.39
  548,    2.77499E-02,   2.52519E-02,  -9.00
  549,    2.03417E-02,   1.73909E-02,  -14.51
  550,    3.29427E-02,   2.88422E-02,  -12.45
  551,    2.57314E-02,   2.08855E-02,  -18.83
  552,    2.38875E+01,   1.60091E+01,  -32.98
  553,    4.41358E+00,   3.16172E+00,  -28.36
  554,    1.29953E+00,   1.00175E+00,  -22.91
  555,    5.60187E-01,   4.81954E-01,  -13.97
  556,    3.87876E-01,   4.10710E-01,  5.89
  557,    2.58467E-01,   1.85708E-01,  -28.15
  558,    2.11006E-01,   2.08754E-01,  -1.07
  559,    1.19297E-01,   1.18419E-01,  -0.74
  560,    2.93383E-01,   2.75738E-01,  -6.01
  561,    1.22231E-01,   1.21293E-01,  -0.77
  562,    8.06615E-02,   8.98763E-02,  11.42
  563,    4.70720E-02,   4.76419E-02,  1.21
  564,    3.13164E-02,   3.12522E-02,  -0.21
  565,    4.31678E-02,   4.24702E-02,  -1.62
  566,    2.89400E-02,   2.66010E-02,  -8.08
  567,    1.97790E-02,   1.73959E-02,  -12.05
  568,    3.36847E-02,   2.82607E-02,  -16.10
  569,    1.67942E+01,   1.16049E+01,  -30.90
  570,    3.07161E+00,   2.36054E+00,  -23.15
  571,    1.08454E+00,   9.16364E-01,  -15.51
  572,    7.31747E-01,   6.83833E-01,  -6.55
  573,    3.66913E-01,   2.89646E-01,  -21.06
  574,    3.27837E-01,   3.06593E-01,  -6.48
  575,    1.69613E-01,   1.67229E-01,  -1.41
  576,    8.09325E-02,   6.81667E-02,  -15.77
  577,    2.31591E-01,   1.98038E-01,  -14.49
  578,    1.24665E-01,   1.44468E-01,  15.88
  579,    8.57160E-02,   9.86693E-02,  15.11
  580,    4.33129E-02,   4.49450E-02,  3.77
  581,    3.19547E-02,   3.36472E-02,  5.30
  582,    4.37952E-02,   4.19710E-02,  -4.17
  583,    3.06382E-02,   2.76184E-02,  -9.86
  584,    2.15092E-02,   1.82845E-02,  -14.99
  585,    3.42349E-02,   2.87131E-02,  -16.13
  586,    9.89550E+00,   9.15509E+00,  -7.48
  587,    2.38184E+00,   2.19588E+00,  -7.81
  588,    1.39654E+00,   1.29398E+00,  -7.34
  589,    6.61919E-01,   4.94503E-01,  -25.29
  590,    5.03590E-01,   4.81040E-01,  -4.48
  591,    2.93625E-01,   2.49261E-01,  -15.11
  592,    1.16914E-01,   9.68360E-02,  -17.17
  593,    7.23241E-02,   6.17668E-02,  -14.60
  594,    2.19162E-01,   2.20744E-01,  0.72
  595,    1.30039E-01,   1.53202E-01,  17.81
  596,    6.85258E-02,   7.65224E-02,  11.67
  597,    4.31907E-02,   4.74431E-02,  9.85
  598,    2.99446E-02,   3.25553E-02,  8.72
  599,    4.31238E-02,   4.29536E-02,  -0.39
  600,    2.98551E-02,   2.73950E-02,  -8.24
  601,    2.25431E-02,   1.87221E-02,  -16.95
  602,    3.65465E-02,   2.99931E-02,  -17.93
  603,    7.08428E+00,   8.12743E+00,  14.72
  604,    2.89216E+00,   2.73785E+00,  -5.34
  605,    1.21571E+00,   8.60646E-01,  -29.21
  606,    8.93043E-01,   7.32511E-01,  -17.98
  607,    2.57100E-01,   3.52627E-01,  37.16
  608,    3.13606E-01,   1.28595E-01,  -58.99
  609,    1.00731E-01,   7.79944E-02,  -22.57
  610,    7.36282E-02,   7.99558E-02,  8.59
  611,    2.12331E-01,   2.39234E-01,  12.67
  612,    1.30740E-01,   1.53093E-01,  17.10
  613,    6.02286E-02,   6.56400E-02,  8.98
  614,    4.17568E-02,   4.68701E-02,  12.25
  615,    2.89149E-02,   3.02396E-02,  4.58
  616,    4.07218E-02,   4.13556E-02,  1.56
  617,    2.70620E-02,   2.52597E-02,  -6.66
  618,    2.15469E-02,   1.82945E-02,  -15.09
  619,    3.70290E-02,   3.09660E-02,  -16.37
  620,    8.79268E+00,   9.50621E+00,  8.12
  621,    2.54118E+00,   1.82323E+00,  -28.25
  622,    1.74784E+00,   1.20259E+00,  -31.20
  623,    6.85082E-01,   5.09768E-01,  -25.59
  624,    9.80398E-02,   1.68049E-01,  71.41
  625,    3.19806E-01,   9.43068E-02,  -70.51
  626,    1.07180E-01,   9.30128E-02,  -13.22
  627,    6.78824E-02,   5.85579E-02,  -13.74
  628,    2.20046E-01,   2.20299E-01,  0.12
  629,    1.04101E-01,   1.03618E-01,  -0.46
  630,    5.97977E-02,   6.09269E-02,  1.89
  631,    3.92570E-02,   4.01847E-02,  2.36
  632,    2.71704E-02,   2.60859E-02,  -3.99
  633,    4.00146E-02,   3.84657E-02,  -3.87
  634,    2.61179E-02,   2.39619E-02,  -8.25
  635,    2.11287E-02,   1.76562E-02,  -16.43
  636,    8.51856E+00,   7.93515E+00,  -6.85
  637,    3.76990E+00,   3.05164E+00,  -19.05
  638,    1.38552E+00,   1.01843E+00,  -26.49
  639,    4.72214E-01,   2.78716E-01,  -40.98
  640,    3.79685E-01,   1.23340E-01,  -67.52
  641,    1.03746E-01,   7.45978E-02,  -28.10
  642,    8.84052E-02,   7.14804E-02,  -19.14
  643,    6.38813E-02,   1.34530E-01,  110.59
  644,    2.34054E-01,   2.03375E-01,  -13.11
  645,    9.64497E-02,   8.13064E-02,  -15.70
  646,    6.11518E-02,   5.52583E-02,  -9.64
  647,    3.98833E-02,   3.43264E-02,  -13.93
  648,    2.58941E-02,   2.23798E-02,  -13.57
  649,    3.89861E-02,   3.36470E-02,  -13.69
  650,    2.69907E-02,   2.18167E-02,  -19.17
  651,    1.67956E+01,   2.25012E+01,  33.97
  652,    3.93603E+00,   5.08203E+00,  29.12
  653,    1.17817E+00,   1.07495E+00,  -8.76
  654,    5.67485E-01,   4.09146E-01,  -27.90
  655,    2.37236E-01,   3.29859E-01,  39.04
  656,    3.31717E-01,   1.86322E-01,  -43.83
  657,    1.69616E-01,   1.68969E-01,  -0.38
  658,    9.37500E-02,   9.14226E-02,  -2.48
  659,    2.30507E-01,   2.08275E-01,  -9.64
  660,    1.20047E-01,   1.11739E-01,  -6.92
  661,    7.20498E-02,   6.93752E-02,  -3.71
  662,    4.71842E-02,   4.28627E-02,  -9.16
  663,    3.35480E-02,   3.05177E-02,  -9.03
  664,    4.16027E-02,   3.66231E-02,  -11.97
  665,    3.09103E-02,   2.51349E-02,  -18.68
  666,    1.11676E+01,   1.49901E+01,  34.23
  667,    2.19845E+00,   2.17722E+00,  -0.97
  668,    9.13035E-01,   6.24983E-01,  -31.55
  669,    5.31806E-01,   4.25919E-01,  -19.91
  670,    2.15799E-01,   2.20442E-01,  2.15
  671,    2.88455E-01,   1.86961E-01,  -35.19
  672,    1.14386E-01,   9.63704E-02,  -15.75
  673,    6.52320E-02,   5.33245E-02,  -18.25
  674,    2.13195E-01,   1.89530E-01,  -11.10
  675,    1.23952E-01,   1.18192E-01,  -4.65
  676,    7.43755E-02,   6.90603E-02,  -7.15
  677,    4.60745E-02,   4.27280E-02,  -7.26
  678,    3.48140E-02,   3.07110E-02,  -11.79
  679,    4.40071E-02,   3.77279E-02,  -14.27
  680,    3.26938E-02,   2.62553E-02,  -19.69
  681,    1.45624E+01,   1.74581E+01,  19.88
  682,    3.87921E+00,   3.30078E+00,  -14.91
  683,    2.00283E+00,   1.77873E+00,  -11.19
  684,    9.35157E-01,   8.18130E-01,  -12.51
  685,    4.28887E-01,   6.36628E-01,  48.44
  686,    1.69178E-01,   1.63266E-01,  -3.49
  687,    1.22778E-01,   1.22423E-01,  -0.29
  688,    2.95345E-01,   2.88744E-01,  -2.24
  689,    1.60030E-01,   1.63940E-01,  2.44
  690,    9.53733E-02,   9.43241E-02,  -1.10
  691,    6.40765E-02,   6.34533E-02,  -0.97
  692,    3.95353E-02,   3.87206E-02,  -2.06
  693,    5.81647E-02,   5.42449E-02,  -6.74
  694,    1.31056E+01,   1.10341E+01,  -15.81
  695,    4.77626E+00,   3.63677E+00,  -23.86
  696,    2.07477E+00,   1.37541E+00,  -33.71
  697,    1.30047E+00,   9.48528E-01,  -27.06
  698,    2.83145E-01,   4.27969E-01,  51.15
  699,    2.04505E-01,   1.54846E-01,  -24.28
  700,    1.40413E-01,   1.13748E-01,  -18.99
  701,    3.94026E-01,   3.62317E-01,  -8.05
  702,    2.13369E-01,   1.95460E-01,  -8.39
  703,    1.18608E-01,   1.13074E-01,  -4.67
  704,    8.40657E-02,   7.74358E-02,  -7.89
  705,    5.06893E-02,   4.92165E-02,  -2.91
  706,    6.94621E-02,   6.18029E-02,  -11.03
  707,    1.21473E+01,   1.08104E+01,  -11.01
  708,    3.39929E+00,   2.49320E+00,  -26.66
  709,    1.98238E+00,   1.34854E+00,  -31.97
  710,    7.77106E-01,   5.34192E-01,  -31.26
  711,    1.71175E-01,   2.46007E-01,  43.72
  712,    4.39087E-01,   1.67322E-01,  -61.89
  713,    1.62261E-01,   1.17726E-01,  -27.45
  714,    1.13441E-01,   8.53817E-02,  -24.73
  715,    3.60388E-01,   2.86804E-01,  -20.42
  716,    1.96316E-01,   1.54612E-01,  -21.24
  717,    1.20394E-01,   9.88820E-02,  -17.87
  718,    6.97173E-02,   5.80101E-02,  -16.79
  719,    5.05887E-02,   4.30021E-02,  -15.00
  720,    7.48064E-02,   6.61913E-02,  -11.52
  721,    9.51800E+00,   9.17026E+00,  -3.65
  722,    3.52661E+00,   3.06372E+00,  -13.13
  723,    1.25238E+00,   9.92463E-01,  -20.75
  724,    5.38351E-01,   4.07495E-01,  -24.31
  725,    1.75711E-01,   2.57466E-01,  46.53
  726,    3.80979E-01,   1.72327E-01,  -54.77
  727,    1.47120E-01,   1.20827E-01,  -17.87
  728,    9.73818E-02,   7.95408E-02,  -18.32
  729,    3.10154E-01,   2.42553E-01,  -21.80
  730,    1.59645E-01,   1.30372E-01,  -18.34
  731,    1.04328E-01,   8.49308E-02,  -18.59
  732,    5.94718E-02,   5.16792E-02,  -13.10
  733,    4.46862E-02,   3.72299E-02,  -16.69
  734,    1.07297E+01,   1.27955E+01,  19.25
  735,    2.60551E+00,   2.69943E+00,  3.60
  736,    9.77850E-01,   9.19402E-01,  -5.98
  737,    5.65629E-01,   5.23367E-01,  -7.47
  738,    2.41966E-01,   3.28833E-01,  35.90
  739,    3.24049E-01,   2.21681E-01,  -31.59
  740,    1.42596E-01,   1.42198E-01,  -0.28
  741,    1.08078E-01,   1.06078E-01,  -1.85
  742,    3.00082E-01,   2.77060E-01,  -7.67
  743,    1.71920E-01,   1.66005E-01,  -3.44
  744,    9.15940E-02,   9.29159E-02,  1.44
  745,    6.33555E-02,   6.63707E-02,  4.76
  746,    4.34306E-02,   4.44797E-02,  2.42
  747,    7.77629E+00,   8.85583E+00,  13.88
  748,    1.92329E+00,   1.83065E+00,  -4.82
  749,    9.67088E-01,   8.23484E-01,  -14.85
  750,    5.37815E-01,   4.54916E-01,  -15.41
  751,    2.54371E-01,   2.84904E-01,  12.00
  752,    2.74375E-01,   1.74608E-01,  -36.36
  753,    1.47296E-01,   1.25671E-01,  -14.68
  754,    9.00716E-02,   8.03331E-02,  -10.81
  755,    2.80558E-01,   2.71304E-01,  -3.30
  756,    1.71164E-01,   1.68081E-01,  -1.80
  757,    9.03551E-02,   9.81660E-02,  8.64
  758,    6.50338E-02,   6.86926E-02,  5.63
  759,    4.61509E-02,   5.28726E-02,  14.56
  760,    8.37240E+00,   9.90090E+00,  18.26
  761,    2.79498E+00,   2.69202E+00,  -3.68
  762,    1.36425E+00,   1.18651E+00,  -13.03
  763,    7.50799E-01,   6.62284E-01,  -11.79
  764,    2.91485E-01,   3.80217E-01,  30.44
  765,    4.50793E-01,   2.60774E-01,  -42.15
  766,    1.78233E-01,   1.60600E-01,  -9.89
  767,    1.34518E-01,   1.25093E-01,  -7.01
  768,    3.70616E-01,   3.42003E-01,  -7.72
  769,    1.83500E-01,   1.80283E-01,  -1.75
  770,    1.16698E-01,   1.23208E-01,  5.58
  771,    7.58889E-02,   7.97292E-02,  5.06
  772,    7.66502E+00,   8.80454E+00,  14.87
  773,    2.48971E+00,   2.21492E+00,  -11.04
  774,    1.20641E+00,   9.86540E-01,  -18.23
  775,    6.49498E-01,   5.08037E-01,  -21.78
  776,    3.01735E-01,   3.24538E-01,  7.56
  777,    3.60084E-01,   1.89971E-01,  -47.24
  778,    1.74358E-01,   1.43064E-01,  -17.95
  779,    1.37061E-01,   1.11787E-01,  -18.44
  780,    4.00333E-01,   3.51911E-01,  -12.10
  781,    1.95263E-01,   1.92943E-01,  -1.19
  782,    1.29372E-01,   1.29483E-01,  0.09
  783,    8.68967E-02,   9.58264E-02,  10.28
  784,    5.70547E+00,   7.02413E+00,  23.11
  785,    1.90659E+00,   1.77890E+00,  -6.70
  786,    9.01092E-01,   7.46346E-01,  -17.17
  787,    5.43620E-01,   4.26587E-01,  -21.53
  788,    2.11083E-01,   2.32502E-01,  10.15
  789,    2.80896E-01,   1.67450E-01,  -40.39
  790,    1.56031E-01,   1.26771E-01,  -18.75
  791,    9.48318E-02,   8.07285E-02,  -14.87
  792,    3.02120E-01,   2.66550E-01,  -11.77
  793,    1.80510E-01,   1.72306E-01,  -4.55
  794,    1.08508E-01,   1.06970E-01,  -1.42
  795,    5.52423E+00,   6.96891E+00,  26.15
  796,    1.79776E+00,   1.70779E+00,  -5.00
  797,    9.50088E-01,   7.91724E-01,  -16.67
  798,    4.61608E-01,   3.85990E-01,  -16.38
  799,    2.34349E-01,   2.61092E-01,  11.41
  800,    3.02701E-01,   1.89683E-01,  -37.34
  801,    1.34365E-01,   1.17080E-01,  -12.86
  802,    8.82631E-02,   8.29885E-02,  -5.98
  803,    2.71833E-01,   2.57313E-01,  -5.34
  804,    1.69750E-01,   1.63480E-01,  -3.69
  805,    1.05725E-01,   1.15315E-01,  9.07
  806,    5.70785E+00,   6.94479E+00,  21.67
  807,    1.97931E+00,   1.80763E+00,  -8.67
  808,    8.23320E-01,   6.98621E-01,  -15.15
  809,    5.05127E-01,   4.23135E-01,  -16.23
  810,    2.71757E-01,   2.88156E-01,  6.03
  811,    2.84022E-01,   1.70020E-01,  -40.14
  812,    1.27322E-01,   1.16544E-01,  -8.46
  813,    9.79994E-02,   9.22690E-02,  -5.85
  814,    3.00939E-01,   2.88928E-01,  -3.99
  815,    1.70370E-01,   1.69509E-01,  -0.51
  816,    6.07137E+00,   7.18267E+00,  18.30
  817,    1.60104E+00,   1.50980E+00,  -5.70
  818,    8.54563E-01,   7.30460E-01,  -14.52
  819,    5.53855E-01,   4.46146E-01,  -19.45
  820,    2.32038E-01,   2.46213E-01,  6.11
  821,    2.47654E-01,   1.61197E-01,  -34.91
  822,    1.35813E-01,   1.23720E-01,  -8.90
  823,    1.05678E-01,   9.72231E-02,  -8.00
  824,    3.11681E-01,   2.90174E-01,  -6.90
  825,    1.82920E-01,   1.92506E-01,  5.24
  826,    4.54372E+00,   5.49416E+00,  20.92
  827,    1.48054E+00,   1.41424E+00,  -4.48
  828,    8.25334E-01,   6.88007E-01,  -16.64
  829,    4.06646E-01,   3.38714E-01,  -16.71
  830,    1.89750E-01,   2.06874E-01,  9.02
  831,    2.15815E-01,   1.51973E-01,  -29.58
  832,    1.28207E-01,   1.15733E-01,  -9.73
  833,    8.74299E-02,   7.76536E-02,  -11.18
  834,    2.81295E-01,   2.64131E-01,  -6.10
  835,    5.34105E+00,   6.42791E+00,  20.35
  836,    1.86299E+00,   1.64477E+00,  -11.71
  837,    7.69549E-01,   6.33611E-01,  -17.66
  838,    4.03310E-01,   3.41935E-01,  -15.22
  839,    2.22646E-01,   2.34235E-01,  5.21
  840,    2.56071E-01,   1.70234E-01,  -33.52
  841,    1.32216E-01,   1.10465E-01,  -16.45
  842,    9.60375E-02,   8.76749E-02,  -8.71
  843,    2.95837E-01,   2.85132E-01,  -3.62
  844,    5.24726E+00,   6.39217E+00,  21.82
  845,    1.33018E+00,   1.29080E+00,  -2.96
  846,    5.80960E-01,   5.43495E-01,  -6.45
  847,    3.63987E-01,   3.31578E-01,  -8.90
  848,    2.21368E-01,   2.25010E-01,  1.65
  849,    1.86606E-01,   1.39539E-01,  -25.22
  850,    1.11113E-01,   1.06332E-01,  -4.30
  851,    9.01945E-02,   9.04739E-02,  0.31
  852,    4.30290E+00,   5.41404E+00,  25.82
  853,    1.10858E+00,   1.18265E+00,  6.68
  854,    6.05632E-01,   5.76050E-01,  -4.88
  855,    3.79821E-01,   3.51524E-01,  -7.45
  856,    1.98370E-01,   2.05079E-01,  3.38
  857,    1.83362E-01,   1.48673E-01,  -18.92
  858,    1.21171E-01,   1.22280E-01,  0.92
  859,    4.15210E+00,   5.37946E+00,  29.56
  860,    1.39602E+00,   1.31638E+00,  -5.70
  861,    7.37753E-01,   6.31921E-01,  -14.35
  862,    4.00083E-01,   3.29948E-01,  -17.53
  863,    2.10898E-01,   2.21221E-01,  4.89
  864,    2.38774E-01,   1.73045E-01,  -27.53
  865,    4.45874E+00,   5.54724E+00,  24.41
  866,    1.41375E+00,   1.31095E+00,  -7.27
  867,    6.50217E-01,   5.33560E-01,  -17.94
  868,    3.79948E-01,   3.11298E-01,  -18.07
  869,    2.15155E-01,   2.24526E-01,  4.36
  870,    4.53980E+00,   5.63844E+00,  24.20
  871,    1.23305E+00,   1.19089E+00,  -3.42
  872,    6.01100E-01,   5.37723E-01,  -10.54
  873,    3.91204E-01,   3.42802E-01,  -12.37
  874,    4.14627E+00,   5.22982E+00,  26.13
  875,    1.23464E+00,   1.20008E+00,  -2.80
  876,    6.81599E-01,   6.05998E-01,  -11.09
  877,    4.35325E+00,   5.37548E+00,  23.48
  878,    1.51930E+00,   1.36579E+00,  -10.10
  879,    4.05453E+00,   5.28227E+00,  30.28

;-Resistivity in Ohm-m in the elemental sequential order

 3.02496E+02,  3.19425E+02,  3.28271E+02,  3.43122E+02,  3.66344E+02
 4.00463E+02,  4.46895E+02,  5.05477E+02,  5.74481E+02,  6.50418E+02
 7.27816E+02,  7.99563E+02,  8.58115E+02,  8.97285E+02,  9.14056E+02
 9.95642E+02,  9.95642E+02,  6.32554E+02,  6.32554E+02,  6.32554E+02
 6.32554E+02,  6.32554E+02,  6.32554E+02,  3.02496E+02,  3.19425E+02
 3.28271E+02,  3.43122E+02,  3.66344E+02,  4.00463E+02,  4.46895E+02
 5.05477E+02,  5.74481E+02,  6.50418E+02,  7.27816E+02,  7.99563E+02
 8.58115E+02,  8.97285E+02,  9.14056E+02,  9.95642E+02,  9.95642E+02
 6.32554E+02,  6.32554E+02,  6.32554E+02,  6.32554E+02,  6.32554E+02
 6.32554E+02,  3.02496E+02,  3.19425E+02,  3.28271E+02,  3.43122E+02
 3.66344E+02,  4.00463E+02,  4.46895E+02,  5.05477E+02,  5.74481E+02
 6.50418E+02,  7.27816E+02,  7.99563E+02,  8.58115E+02,  8.97285E+02
 9.14056E+02,  9.95642E+02,  9.95642E+02,  6.32554E+02,  6.32554E+02
 6.32554E+02,  6.32554E+02,  6.32554E+02,  6.32554E+02,  3.02496E+02
 3.19425E+02,  3.28271E+02,  3.43122E+02,  3.66344E+02,  4.00463E+02
 4.46895E+02,  5.05477E+02,  5.74481E+02,  6.50418E+02,  7.27816E+02
 7.99563E+02,  8.58115E+02,  8.97285E+02,  9.14056E+02,  9.95642E+02
 9.95642E+02,  6.32554E+02,  6.32554E+02,  6.32554E+02,  6.32554E+02
 6.32554E+02,  6.32554E+02,  3.02496E+02,  3.19425E+02,  3.28271E+02
 3.43122E+02,  3.66344E+02,  4.00463E+02,  4.46895E+02,  5.05477E+02
 5.74481E+02,  6.50418E+02,  7.27816E+02,  7.99563E+02,  8.58115E+02
 8.97285E+02,  9.14056E+02,  9.95642E+02,  9.95642E+02,  6.32554E+02
 6.32554E+02,  6.32554E+02,  6.32554E+02,  6.32554E+02,  6.32554E+02
 3.02496E+02,  3.19425E+02,  3.28271E+02,  3.43122E+02,  3.66344E+02
 4.00463E+02,  4.46895E+02,  5.05477E+02,  5.74481E+02,  6.50418E+02
 7.27816E+02,  7.99563E+02,  8.58115E+02,  8.97285E+02,  9.14056E+02
 9.95642E+02,  9.95642E+02,  6.32554E+02,  6.32554E+02,  6.32554E+02
 6.32554E+02,  6.32554E+02,  6.32554E+02,  5.37292E+02,  5.41569E+02
 5.34994E+02,  5.15767E+02,  5.04161E+02,  5.04465E+02,  5.09740E+02
 5.13423E+02,  5.11548E+02,  5.02998E+02,  4.88960E+02,  4.71746E+02
 4.53759E+02,  4.36988E+02,  4.23279E+02,  4.12956E+02,  4.12956E+02
 3.84653E+02,  3.84653E+02,  3.84653E+02,  3.84653E+02,  3.84653E+02
 3.84653E+02,  5.37292E+02,  5.41569E+02,  5.34994E+02,  5.15767E+02
 5.04161E+02,  5.04465E+02,  5.09740E+02,  5.13423E+02,  5.11548E+02
 5.02998E+02,  4.88960E+02,  4.71746E+02,  4.53759E+02,  4.36988E+02
 4.23279E+02,  4.12956E+02,  4.12956E+02,  3.84653E+02,  3.84653E+02
 3.84653E+02,  3.84653E+02,  3.84653E+02,  3.84653E+02,  3.34547E+02
 4.01062E+02,  5.18895E+02,  6.13944E+02,  6.32594E+02,  6.08331E+02
 5.73663E+02,  5.40458E+02,  5.11447E+02,  4.86640E+02,  4.65540E+02
 4.47754E+02,  4.33057E+02,  4.21333E+02,  4.12594E+02,  4.08455E+02
 4.08455E+02,  3.99430E+02,  3.99430E+02,  3.99430E+02,  3.99430E+02
 3.99430E+02,  3.99430E+02,  2.96666E+02,  2.66744E+02,  3.87580E+02
 5.63462E+02,  6.45800E+02,  6.41358E+02,  6.03406E+02,  5.60793E+02
 5.23009E+02,  4.91757E+02,  4.66469E+02,  4.46233E+02,  4.30300E+02
 4.18131E+02,  4.09398E+02,  4.04030E+02,  4.04030E+02,  3.98123E+02
 3.98123E+02,  3.98123E+02,  3.98123E+02,  3.98123E+02,  3.98123E+02
 3.92681E+02,  1.65939E+02,  2.85151E+02,  5.10023E+02,  6.54930E+02
 6.78680E+02,  6.40644E+02,  5.87892E+02,  5.39426E+02,  4.99787E+02
 4.68632E+02,  4.44581E+02,  4.26361E+02,  4.13006E+02,  4.03854E+02
 3.95378E+02,  3.95378E+02,  3.91960E+02,  3.91960E+02,  3.91960E+02
 3.91960E+02,  3.91960E+02,  3.91960E+02,  3.04292E+02,  1.32510E+02
 2.24238E+02,  4.68890E+02,  6.62923E+02,  7.15206E+02,  6.79597E+02
 6.17666E+02,  5.58426E+02,  5.09979E+02,  4.72509E+02,  4.44253E+02
 4.23431E+02,  4.08642E+02,  3.98890E+02,  3.87889E+02,  3.87889E+02
 3.86788E+02,  3.86788E+02,  3.86788E+02,  3.86788E+02,  3.86788E+02
 3.86788E+02,  2.95995E+02,  1.15785E+02,  2.05115E+02,  4.51150E+02
 6.74535E+02,  7.49141E+02,  7.15948E+02,  6.45746E+02,  5.76334E+02
 5.19420E+02,  4.75850E+02,  4.43542E+02,  4.20228E+02,  4.04090E+02
 3.93797E+02,  3.80450E+02,  3.80450E+02,  3.81760E+02,  3.81760E+02
 3.81760E+02,  3.81760E+02,  3.81760E+02,  3.81760E+02,  3.27262E+02
 1.41813E+02,  2.12321E+02,  4.52987E+02,  6.91262E+02,  7.80642E+02
 7.48781E+02,  6.71069E+02,  5.92281E+02,  5.27482E+02,  4.78232E+02
 4.42180E+02,  4.16602E+02,  3.99277E+02,  3.88559E+02,  3.73052E+02
 3.73052E+02,  3.76908E+02,  3.76908E+02,  3.76908E+02,  3.76908E+02
 3.76908E+02,  3.76908E+02,  3.14409E+02,  1.36083E+02,  2.16624E+02
 4.60503E+02,  7.09065E+02,  8.08673E+02,  7.77602E+02,  6.93229E+02
 6.05927E+02,  5.33903E+02,  4.79468E+02,  4.40040E+02,  4.12467E+02
 3.94149E+02,  3.83140E+02,  3.65672E+02,  3.65672E+02,  3.72235E+02
 3.72235E+02,  3.72235E+02,  3.72235E+02,  3.72235E+02,  3.72235E+02
 3.51781E+02,  1.42943E+02,  2.17440E+02,  4.64263E+02,  7.21790E+02
 8.31045E+02,  8.01749E+02,  7.11887E+02,  6.17000E+02,  5.38462E+02
 4.79392E+02,  4.37008E+02,  4.07750E+02,  3.88657E+02,  3.77509E+02
 3.58283E+02,  3.58283E+02,  3.67740E+02,  3.67740E+02,  3.67740E+02
 3.67740E+02,  3.67740E+02,  3.67740E+02,  2.84266E+02,  1.35713E+02
 2.14820E+02,  4.59793E+02,  7.24063E+02,  8.45282E+02,  8.20283E+02
 7.26539E+02,  6.25149E+02,  5.40929E+02,  4.77879E+02,  4.33036E+02
 4.02451E+02,  3.82834E+02,  3.71714E+02,  3.50979E+02,  3.50979E+02
 3.63523E+02,  3.63523E+02,  3.63523E+02,  3.63523E+02,  3.63523E+02
 3.63523E+02,  3.23932E+02,  1.45401E+02,  2.11638E+02,  4.45562E+02
 7.15406E+02,  8.52362E+02,  8.34343E+02,  7.37879E+02,  6.30679E+02
 5.41397E+02,  4.74918E+02,  4.28060E+02,  3.96481E+02,  3.76575E+02
 3.65645E+02,  3.43600E+02,  3.43600E+02,  3.59453E+02,  3.59453E+02
 3.59453E+02,  3.59453E+02,  3.59453E+02,  3.59453E+02,  2.97048E+02
 1.36994E+02,  1.99784E+02,  4.23165E+02,  6.99755E+02,  8.55002E+02
 8.45238E+02,  7.46371E+02,  6.33678E+02,  5.39824E+02,  4.70437E+02
 4.22004E+02,  3.89765E+02,  3.69810E+02,  3.59238E+02,  3.36064E+02
 3.36064E+02,  3.55469E+02,  3.55469E+02,  3.55469E+02,  3.55469E+02
 3.55469E+02,  3.55469E+02,  2.92621E+02,  1.32569E+02,  1.86139E+02
 4.00541E+02,  6.84019E+02,  8.55777E+02,  8.52964E+02,  7.51351E+02
 6.33585E+02,  5.35895E+02,  4.64311E+02,  4.14869E+02,  3.82377E+02
 3.62650E+02,  3.52620E+02,  3.28564E+02,  3.28564E+02,  3.51741E+02
 3.51741E+02,  3.51741E+02,  3.51741E+02,  3.51741E+02,  3.51741E+02
 3.30134E+02,  1.28319E+02,  1.79039E+02,  3.88853E+02,  6.76971E+02
 8.58843E+02,  8.58661E+02,  7.52930E+02,  6.30341E+02,  5.29571E+02
 4.56532E+02,  4.06655E+02,  3.74314E+02,  3.55090E+02,  3.45779E+02
 3.21077E+02,  3.21077E+02,  3.48237E+02,  3.48237E+02,  3.48237E+02
 3.48237E+02,  3.48237E+02,  3.48237E+02,  3.20838E+02,  1.33236E+02
 1.83319E+02,  3.93814E+02,  6.83506E+02,  8.66511E+02,  8.62792E+02
 7.51065E+02,  6.23912E+02,  5.20873E+02,  4.47137E+02,  3.97392E+02
 3.65596E+02,  3.47136E+02,  3.38715E+02,  3.13591E+02,  3.13591E+02
 3.44935E+02,  3.44935E+02,  3.44935E+02,  3.44935E+02,  3.44935E+02
 3.44935E+02,  3.36478E+02,  1.45008E+02,  1.98390E+02,  4.13964E+02
 7.01947E+02,  8.77009E+02,  8.63957E+02,  7.45038E+02,  6.14079E+02
 5.09823E+02,  4.36232E+02,  3.87209E+02,  3.56349E+02,  3.38906E+02
 3.31536E+02,  3.06237E+02,  3.06237E+02,  3.41937E+02,  3.41937E+02
 3.41937E+02,  3.41937E+02,  3.41937E+02,  3.41937E+02,  3.86933E+02
 1.58705E+02,  2.19132E+02,  4.42444E+02,  7.26053E+02,  8.87228E+02
 8.61509E+02,  7.35161E+02,  6.01296E+02,  4.96743E+02,  4.23978E+02
 3.76138E+02,  3.46522E+02,  3.30299E+02,  3.24114E+02,  2.98819E+02
 2.98819E+02,  3.39072E+02,  3.39072E+02,  3.39072E+02,  3.39072E+02
 3.39072E+02,  3.39072E+02,  2.90421E+02,  1.65521E+02,  2.36222E+02
 4.67392E+02,  7.45133E+02,  8.91582E+02,  8.53709E+02,  7.21245E+02
 5.85753E+02,  4.81827E+02,  4.10494E+02,  3.64231E+02,  3.36117E+02
 3.21288E+02,  3.16408E+02,  2.91269E+02,  2.91269E+02,  3.36274E+02
 3.36274E+02,  3.36274E+02,  3.36274E+02,  3.36274E+02,  3.36274E+02
 3.26157E+02,  1.67938E+02,  2.43730E+02,  4.76397E+02,  7.47821E+02
 8.83528E+02,  8.37759E+02,  7.02342E+02,  5.67261E+02,  4.65175E+02
 3.95983E+02,  3.51722E+02,  3.25376E+02,  3.12109E+02,  3.08639E+02
 2.83854E+02,  2.83854E+02,  3.33751E+02,  3.33751E+02,  3.33751E+02
 3.33751E+02,  3.33751E+02,  3.33751E+02,  3.05698E+02,  1.67031E+02
 2.38489E+02,  4.66394E+02,  7.32111E+02,  8.62669E+02,  8.14197E+02
 6.79165E+02,  5.46398E+02,  4.47184E+02,  3.80701E+02,  3.38770E+02
 3.14390E+02,  3.02808E+02,  3.00827E+02,  2.76571E+02,  2.76571E+02
 3.31468E+02,  3.31468E+02,  3.31468E+02,  3.31468E+02,  3.31468E+02
 3.31468E+02,  2.89764E+02,  1.55928E+02,  2.26566E+02,  4.47814E+02
 7.06567E+02,  8.33931E+02,  7.85546E+02,  6.53066E+02,  5.23930E+02
 4.28308E+02,  3.64921E+02,  3.25539E+02,  3.03253E+02,  2.93439E+02
 2.92997E+02,  2.69419E+02,  2.69419E+02,  3.29404E+02,  3.29404E+02
 3.29404E+02,  3.29404E+02,  3.29404E+02,  3.29404E+02,  3.57520E+02
 1.60382E+02,  2.23590E+02,  4.36031E+02,  6.83644E+02,  8.04032E+02
 7.54741E+02,  6.25376E+02,  5.00575E+02,  4.09004E+02,  3.48970E+02
 3.12277E+02,  2.92167E+02,  2.84167E+02,  2.85294E+02,  2.62543E+02
 2.62543E+02,  3.27669E+02,  3.27669E+02,  3.27669E+02,  3.27669E+02
 3.27669E+02,  3.27669E+02,  3.60032E+02,  1.67332E+02,  2.33601E+02
 4.40696E+02,  6.73488E+02,  7.80099E+02,  7.25841E+02,  5.98160E+02
 4.77328E+02,  3.89727E+02,  3.33018E+02,  2.98995E+02,  2.81049E+02
 2.74858E+02,  2.77555E+02,  2.55721E+02,  2.55721E+02,  3.26076E+02
 3.26076E+02,  3.26076E+02,  3.26076E+02,  3.26076E+02,  3.26076E+02
 3.01792E+02,  1.81433E+02,  2.56221E+02,  4.63419E+02,  6.78972E+02
 7.65171E+02,  7.00982E+02,  5.72575E+02,  4.54771E+02,  3.70774E+02
 3.17212E+02,  2.85756E+02,  2.69913E+02,  2.65495E+02,  2.69746E+02
 2.48883E+02,  2.48883E+02,  3.24562E+02,  3.24562E+02,  3.24562E+02
 3.24562E+02,  3.24562E+02,  3.24562E+02,  3.17322E+02,  1.98118E+02
 2.87050E+02,  4.98559E+02,  6.95896E+02,  7.57696E+02,  6.79802E+02
 5.48647E+02,  4.33108E+02,  3.52432E+02,  3.01871E+02,  2.72882E+02
 2.59069E+02,  2.56375E+02,  2.62144E+02,  2.42338E+02,  2.42338E+02
 3.23356E+02,  3.23356E+02,  3.23356E+02,  3.23356E+02,  3.23356E+02
 3.23356E+02,  3.44614E+02,  2.11500E+02,  3.13635E+02,  5.34247E+02
 7.17422E+02,  7.55263E+02,  6.61885E+02,  5.26577E+02,  4.12636E+02
 3.34944E+02,  2.87167E+02,  2.60489E+02,  2.48591E+02,  2.47538E+02
 2.54768E+02,  2.36082E+02,  2.36082E+02,  3.22426E+02,  3.22426E+02
 3.22426E+02,  3.22426E+02,  3.22426E+02,  3.22426E+02,  3.25544E+02
 2.09371E+02,  3.26724E+02,  5.60839E+02,  7.37020E+02,  7.54452E+02
 6.45951E+02,  5.06145E+02,  3.93461E+02,  3.18458E+02,  2.73219E+02
 2.48660E+02,  2.38536E+02,  2.39022E+02,  2.47640E+02,  2.30111E+02
 2.30111E+02,  3.21746E+02,  3.21746E+02,  3.21746E+02,  3.21746E+02
 3.21746E+02,  3.21746E+02,  3.42758E+02,  2.07098E+02,  3.30562E+02
 5.76294E+02,  7.49329E+02,  7.50636E+02,  6.29721E+02,  4.86654E+02
 3.75508E+02,  3.03076E+02,  2.60173E+02,  2.37551E+02,  2.29057E+02
 2.30971E+02,  2.40895E+02,  2.24563E+02,  2.24563E+02,  3.21430E+02
 3.21430E+02,  3.21430E+02,  3.21430E+02,  3.21430E+02,  3.21430E+02
 3.39645E+02,  2.02140E+02,  3.31601E+02,  5.82257E+02,  7.50572E+02
 7.40228E+02,  6.11752E+02,  4.67784E+02,  3.58704E+02,  2.88713E+02
 2.47899E+02,  2.26997E+02,  2.19964E+02,  2.23184E+02,  2.34328E+02
 2.19185E+02,  2.19185E+02,  3.21285E+02,  3.21285E+02,  3.21285E+02
 3.21285E+02,  3.21285E+02,  3.21285E+02,  3.16287E+02,  2.07784E+02
 3.37277E+02,  5.78281E+02,  7.35551E+02,  7.19332E+02,  5.90537E+02
 4.49117E+02,  3.42921E+02,  2.75299E+02,  2.36342E+02,  2.16948E+02
 2.11212E+02,  2.15613E+02,  2.27887E+02,  2.13904E+02,  2.13904E+02
 3.21251E+02,  3.21251E+02,  3.21251E+02,  3.21251E+02,  3.21251E+02
 3.21251E+02,  3.35368E+02,  2.26984E+02,  3.46887E+02,  5.59228E+02
 6.98786E+02,  6.84676E+02,  5.64773E+02,  4.30251E+02,  3.28116E+02
 2.62959E+02,  2.25715E+02,  2.07668E+02,  2.03086E+02,  2.08551E+02
 2.21863E+02,  2.09035E+02,  2.09035E+02,  3.21563E+02,  3.21563E+02
 3.21563E+02,  3.21563E+02,  3.21563E+02,  3.21563E+02,  3.21670E+02
 2.43126E+02,  3.49584E+02,  5.23727E+02,  6.42896E+02,  6.38627E+02
 5.35633E+02,  4.11595E+02,  3.14394E+02,  2.51714E+02,  2.16030E+02
 1.99166E+02,  1.95596E+02,  2.02004E+02,  2.16255E+02,  2.04569E+02
 2.04569E+02,  3.22187E+02,  3.22187E+02,  3.22187E+02,  3.22187E+02
 3.22187E+02,  3.22187E+02,  2.91632E+02,  2.65649E+02,  3.53033E+02
 4.81865E+02,  5.79502E+02,  5.88151E+02,  5.05804E+02,  3.93911E+02
 3.01902E+02,  2.41566E+02,  2.07267E+02,  1.91432E+02,  1.88737E+02
 1.95970E+02,  2.11063E+02,  2.00490E+02,  2.00490E+02,  3.23099E+02
 3.23099E+02,  3.23099E+02,  3.23099E+02,  3.23099E+02,  3.23099E+02
 4.66602E+02,  3.27407E+02,  3.66658E+02,  4.47220E+02,  5.22940E+02
 5.41790E+02,  4.78508E+02,  3.78055E+02,  2.90811E+02,  2.32564E+02
 1.99481E+02,  1.84540E+02,  1.82601E+02,  1.90555E+02,  2.06399E+02
 1.96921E+02,  1.96921E+02,  3.24406E+02,  3.24406E+02,  3.24406E+02
 3.24406E+02,  3.24406E+02,  3.24406E+02,  3.71279E+02,  3.72864E+02
 3.90174E+02,  4.28447E+02,  4.83834E+02,  5.07355E+02,  4.57235E+02
 3.65003E+02,  2.81194E+02,  2.24534E+02,  1.92442E+02,  1.78246E+02
 1.76942E+02,  1.85513E+02,  2.02024E+02,  1.93593E+02,  1.93593E+02
 3.25921E+02,  3.25921E+02,  3.25921E+02,  3.25921E+02,  3.25921E+02
 3.25921E+02,  5.43383E+02,  4.42136E+02,  4.19634E+02,  4.26921E+02
 4.66823E+02,  4.89471E+02,  4.44314E+02,  3.55397E+02,  2.73111E+02
 2.17408E+02,  1.86063E+02,  1.72468E+02,  1.71685E+02,  1.80775E+02
 1.97872E+02,  1.90428E+02,  1.90428E+02,  3.27591E+02,  3.27591E+02
 3.27591E+02,  3.27591E+02,  3.27591E+02,  3.27591E+02,  5.69953E+02
 4.48286E+02,  4.34304E+02,  4.40931E+02,  4.74123E+02,  4.90355E+02
 4.40744E+02,  3.49501E+02,  2.66709E+02,  2.11377E+02,  1.80572E+02
 1.67455E+02,  1.67093E+02,  1.76618E+02,  1.94228E+02,  1.87737E+02
 1.87737E+02,  3.29643E+02,  3.29643E+02,  3.29643E+02,  3.29643E+02
 3.29643E+02,  3.29643E+02,  3.30442E+02,  3.65924E+02,  4.31058E+02
 4.73380E+02,  5.07747E+02,  5.10368E+02,  4.46272E+02,  3.47121E+02
 2.61938E+02,  2.06437E+02,  1.75965E+02,  1.63197E+02,  1.63155E+02
 1.73028E+02,  1.91076E+02,  1.85507E+02,  1.85507E+02,  3.32043E+02
 3.32043E+02,  3.32043E+02,  3.32043E+02,  3.32043E+02,  3.32043E+02
 3.85724E+02,  3.59903E+02,  4.56841E+02,  5.33679E+02,  5.66355E+02
 5.45878E+02,  4.58521E+02,  3.47398E+02,  2.58593E+02,  2.02543E+02
 1.72217E+02,  1.59668E+02,  1.59846E+02,  1.69985E+02,  1.88400E+02
 1.83716E+02,  1.83716E+02,  3.34768E+02,  3.34768E+02,  3.34768E+02
 3.34768E+02,  3.34768E+02,  3.34768E+02,  3.68520E+02,  4.06045E+02
 5.31296E+02,  6.15110E+02,  6.35222E+02,  5.85898E+02,  4.72427E+02
 3.48816E+02,  2.56381E+02,  1.99694E+02,  1.69379E+02,  1.56930E+02
 1.57236E+02,  1.67571E+02,  1.86297E+02,  1.82474E+02,  1.82474E+02
 3.37913E+02,  3.37913E+02,  3.37913E+02,  3.37913E+02,  3.37913E+02
 3.37913E+02,  4.14103E+02,  4.67589E+02,  5.82276E+02,  6.61160E+02
 6.77913E+02,  6.11756E+02,  4.81169E+02,  3.49520E+02,  2.54792E+02
 1.97623E+02,  1.67204E+02,  1.54727E+02,  1.55066E+02,  1.65527E+02
 1.84509E+02,  1.81513E+02,  1.81513E+02,  3.41313E+02,  3.41313E+02
 3.41313E+02,  3.41313E+02,  3.41313E+02,  3.41313E+02,  3.45468E+02
 3.66670E+02,  4.83198E+02,  5.99932E+02,  6.52739E+02,  6.03744E+02
 4.78163E+02,  3.47873E+02,  2.53464E+02,  1.96210E+02,  1.65603E+02
 1.52975E+02,  1.53255E+02,  1.63778E+02,  1.82969E+02,  1.80757E+02
 1.80757E+02,  3.44932E+02,  3.44932E+02,  3.44932E+02,  3.44932E+02
 3.44932E+02,  3.44932E+02,  2.91935E+02,  2.91255E+02,  3.60903E+02
 4.72029E+02,  5.59383E+02,  5.54974E+02,  4.60051E+02,  3.43001E+02
 2.52354E+02,  1.95618E+02,  1.64787E+02,  1.51905E+02,  1.52050E+02
 1.62586E+02,  1.81951E+02,  1.80509E+02,  1.80509E+02,  3.48969E+02
 3.48969E+02,  3.48969E+02,  3.48969E+02,  3.48969E+02,  3.48969E+02
 5.09250E+02,  3.53639E+02,  3.24035E+02,  3.70938E+02,  4.46565E+02
 4.80377E+02,  4.29602E+02,  3.35260E+02,  2.51486E+02,  1.95820E+02
 1.64723E+02,  1.51484E+02,  1.51425E+02,  1.61929E+02,  1.81433E+02
 1.80759E+02,  1.80759E+02,  3.53394E+02,  3.53394E+02,  3.53394E+02
 3.53394E+02,  3.53394E+02,  3.53394E+02,  3.65387E+02,  4.59316E+02
 3.56350E+02,  3.15976E+02,  3.53679E+02,  4.03483E+02,  3.93938E+02
 3.26118E+02,  2.51073E+02,  1.96791E+02,  1.65352E+02,  1.51664E+02
 1.51341E+02,  1.61776E+02,  1.81392E+02,  1.81487E+02,  1.81487E+02
 3.58186E+02,  3.58186E+02,  3.58186E+02,  3.58186E+02,  3.58186E+02
 3.58186E+02,  8.31741E+02,  7.87561E+02,  4.55115E+02,  2.92414E+02
 2.89440E+02,  3.40333E+02,  3.60756E+02,  3.17641E+02,  2.51498E+02
 1.98569E+02,  1.66681E+02,  1.52471E+02,  1.51848E+02,  1.62198E+02
 1.81912E+02,  1.82799E+02,  1.82799E+02,  3.63426E+02,  3.63426E+02
 3.63426E+02,  3.63426E+02,  3.63426E+02,  3.63426E+02,  6.95503E+02
 1.22647E+03,  6.00273E+02,  2.83449E+02,  2.48794E+02,  2.96568E+02
 3.35841E+02,  3.11910E+02,  2.53038E+02,  2.00946E+02,  1.68423E+02
 1.53624E+02,  1.52677E+02,  1.62930E+02,  1.82738E+02,  1.84434E+02
 1.84434E+02,  3.68991E+02,  3.68991E+02,  3.68991E+02,  3.68991E+02
 3.68991E+02,  3.68991E+02,  8.81165E+02,  1.36537E+03,  6.71452E+02
 2.76255E+02,  2.26020E+02,  2.72196E+02,  3.22435E+02,  3.10640E+02
 2.56027E+02,  2.03843E+02,  1.70449E+02,  1.55013E+02,  1.53737E+02
 1.63897E+02,  1.83801E+02,  1.86326E+02,  1.86326E+02,  3.74866E+02
 3.74866E+02,  3.74866E+02,  3.74866E+02,  3.74866E+02,  3.74866E+02
 9.60382E+02,  1.01707E+03,  6.03094E+02,  2.68248E+02,  2.18815E+02
 2.66657E+02,  3.22388E+02,  3.15026E+02,  2.60782E+02,  2.07378E+02
 1.72909E+02,  1.56836E+02,  1.55259E+02,  1.65351E+02,  1.85370E+02
 1.88777E+02,  1.88777E+02,  3.81209E+02,  3.81209E+02,  3.81209E+02
 3.81209E+02,  3.81209E+02,  3.81209E+02,  3.59574E+02,  6.20592E+02
 5.18531E+02,  2.65188E+02,  2.27324E+02,  2.80390E+02,  3.36739E+02
 3.25466E+02,  2.67214E+02,  2.11406E+02,  1.75706E+02,  1.59036E+02
 1.57209E+02,  1.67269E+02,  1.87422E+02,  1.91781E+02,  1.91781E+02
 3.87993E+02,  3.87993E+02,  3.87993E+02,  3.87993E+02,  3.87993E+02
 3.87993E+02,  4.68671E+02,  6.48027E+02,  4.75358E+02,  2.70065E+02
 2.53546E+02,  3.15263E+02,  3.65675E+02,  3.41348E+02,  2.74865E+02
 2.15691E+02,  1.78723E+02,  1.61551E+02,  1.59547E+02,  1.69621E+02
 1.89937E+02,  1.95329E+02,  1.95329E+02,  3.95203E+02,  3.95203E+02
 3.95203E+02,  3.95203E+02,  3.95203E+02,  3.95203E+02,  5.65132E+02
 6.70939E+02,  4.00834E+02,  2.82268E+02,  3.01555E+02,  3.73624E+02
 4.07438E+02,  3.60706E+02,  2.82881E+02,  2.19968E+02,  1.81902E+02
 1.64394E+02,  1.62320E+02,  1.72475E+02,  1.92992E+02,  1.99523E+02
 1.99523E+02,  4.02898E+02,  4.02898E+02,  4.02898E+02,  4.02898E+02
 4.02898E+02,  4.02898E+02,  6.30664E+02,  4.00899E+02,  3.08019E+02
 3.09173E+02,  3.77510E+02,  4.54824E+02,  4.56686E+02,  3.80238E+02
 2.90033E+02,  2.23735E+02,  1.84929E+02,  1.67298E+02,  1.65273E+02
 1.75580E+02,  1.96345E+02,  2.04123E+02,  2.04123E+02,  4.11021E+02
 4.11021E+02,  4.11021E+02,  4.11021E+02,  4.11021E+02,  4.11021E+02
 2.86173E+02,  2.55379E+02,  2.79560E+02,  3.67007E+02,  4.84196E+02
 5.48322E+02,  5.03179E+02,  3.95747E+02,  2.95123E+02,  2.26661E+02
 1.87671E+02,  1.70175E+02,  1.68333E+02,  1.78871E+02,  1.99940E+02
 2.09083E+02,  2.09083E+02,  4.19596E+02,  4.19596E+02,  4.19596E+02
 4.19596E+02,  4.19596E+02,  4.19596E+02,  3.58302E+02,  2.53303E+02
 3.06609E+02,  4.55210E+02,  5.98366E+02,  6.25145E+02,  5.32351E+02
 4.02874E+02,  2.97223E+02,  2.28700E+02,  1.90295E+02,  1.73247E+02
 1.71742E+02,  1.82607E+02,  2.04039E+02,  2.14700E+02,  2.14700E+02
 4.28710E+02,  4.28710E+02,  4.28710E+02,  4.28710E+02,  4.28710E+02
 4.28710E+02,  3.10723E+02,  2.50338E+02,  3.42467E+02,  5.22680E+02
 6.57627E+02,  6.48265E+02,  5.32671E+02,  3.99156E+02,  2.95901E+02
 2.29792E+02,  1.92791E+02,  1.76504E+02,  1.75491E+02,  1.86774E+02
 2.08629E+02,  2.20979E+02,  2.20979E+02,  4.38339E+02,  4.38339E+02
 4.38339E+02,  4.38339E+02,  4.38339E+02,  4.38339E+02,  3.06436E+02
 2.60305E+02,  3.51909E+02,  5.08550E+02,  6.16484E+02,  6.04023E+02
 5.03172E+02,  3.85122E+02,  2.91432E+02,  2.30029E+02,  1.95179E+02
 1.79941E+02,  1.79565E+02,  1.91358E+02,  2.13696E+02,  2.27920E+02
 2.27920E+02,  4.48474E+02,  4.48474E+02,  4.48474E+02,  4.48474E+02
 4.48474E+02,  4.48474E+02,  4.03154E+02,  3.16519E+02,  3.44006E+02
 4.30369E+02,  5.06929E+02,  5.16091E+02,  4.53921E+02,  3.63937E+02
 2.84710E+02,  2.29685E+02,  1.97571E+02,  1.83633E+02,  1.84036E+02
 1.96434E+02,  2.19318E+02,  2.35628E+02,  2.35628E+02,  4.59143E+02
 4.59143E+02,  4.59143E+02,  4.59143E+02,  4.59143E+02,  4.59143E+02
 3.59720E+02,  3.63172E+02,  3.35819E+02,  3.49022E+02,  3.94154E+02
 4.22464E+02,  3.99806E+02,  3.40213E+02,  2.76934E+02,  2.28946E+02
 1.99861E+02,  1.87387E+02,  1.88685E+02,  2.01780E+02,  2.25279E+02
 2.43898E+02,  2.43898E+02,  4.70392E+02,  4.70392E+02,  4.70392E+02
 4.70392E+02,  4.70392E+02,  4.70392E+02,  4.74530E+02,  4.55379E+02
 3.49741E+02,  2.96958E+02,  3.12236E+02,  3.46913E+02,  3.52114E+02
 3.18052E+02,  2.69371E+02,  2.28150E+02,  2.02109E+02,  1.91186E+02
 1.93478E+02,  2.07358E+02,  2.31546E+02,  2.52714E+02,  2.52714E+02
 4.82293E+02,  4.82293E+02,  4.82293E+02,  4.82293E+02,  4.82293E+02
 4.82293E+02,  4.63346E+02,  5.75622E+02,  3.99198E+02,  2.77839E+02
 2.64655E+02,  2.96280E+02,  3.16580E+02,  3.00366E+02,  2.63220E+02
 2.27829E+02,  2.04643E+02,  1.95303E+02,  1.98675E+02,  2.13427E+02
 2.38372E+02,  2.62358E+02,  2.62358E+02,  4.94824E+02,  4.94824E+02
 4.94824E+02,  4.94824E+02,  4.94824E+02,  4.94824E+02,  4.97186E+02
 6.71508E+02,  4.77745E+02,  2.84424E+02,  2.43980E+02,  2.68648E+02
 2.94820E+02,  2.88753E+02,  2.59265E+02,  2.28285E+02,  2.07570E+02
 1.99780E+02,  2.04293E+02,  2.19992E+02,  2.45749E+02,  2.72843E+02
 2.72843E+02,  5.07961E+02,  5.07961E+02,  5.07961E+02,  5.07961E+02
 5.07961E+02,  5.07961E+02,  4.88408E+02,  7.78792E+02,  5.63119E+02
 3.04565E+02,  2.41901E+02,  2.59692E+02,  2.86125E+02,  2.83656E+02
 2.57882E+02,  2.29700E+02,  2.10967E+02,  2.04649E+02,  2.10348E+02
 2.27059E+02,  2.53678E+02,  2.84183E+02,  2.84183E+02,  5.21703E+02
 5.21703E+02,  5.21703E+02,  5.21703E+02,  5.21703E+02,  5.21703E+02
 5.49020E+02,  7.98258E+02,  5.99309E+02,  3.22960E+02,  2.52067E+02
 2.65864E+02,  2.89114E+02,  2.84810E+02,  2.59139E+02,  2.32192E+02
 2.14944E+02,  2.10006E+02,  2.16925E+02,  2.34705E+02,  2.62230E+02
 2.96467E+02,  2.96467E+02,  5.36022E+02,  5.36022E+02,  5.36022E+02
 5.36022E+02,  5.36022E+02,  5.36022E+02,  5.10463E+02,  7.15931E+02
 5.53529E+02,  3.29099E+02,  2.70674E+02,  2.84857E+02,  3.02202E+02
 2.91376E+02,  2.62683E+02,  2.35582E+02,  2.19349E+02,  2.15686E+02
 2.23847E+02,  2.42750E+02,  2.71230E+02,  3.09557E+02,  3.09557E+02
 5.51117E+02,  5.51117E+02,  5.51117E+02,  5.51117E+02,  5.51117E+02
 5.51117E+02,  4.91415E+02,  6.06829E+02,  4.69151E+02,  3.28492E+02
 2.98347E+02,  3.16055E+02,  3.23988E+02,  3.02327E+02,  2.68099E+02
 2.39768E+02,  2.24169E+02,  2.21692E+02,  2.31112E+02,  2.51189E+02
 2.80679E+02,  3.23489E+02,  3.23489E+02,  5.67130E+02,  5.67130E+02
 5.67130E+02,  5.67130E+02,  5.67130E+02,  5.67130E+02,  5.37275E+02
 5.08437E+02,  4.01638E+02,  3.38947E+02,  3.40293E+02,  3.59852E+02
 3.52895E+02,  3.16503E+02,  2.75035E+02,  2.44825E+02,  2.29631E+02
 2.28285E+02,  2.38979E+02,  2.60264E+02,  2.90787E+02,  3.38481E+02
 3.38481E+02,  5.83863E+02,  5.83863E+02,  5.83863E+02,  5.83863E+02
 5.83863E+02,  5.83863E+02,  3.88493E+02,  4.23576E+02,  3.86928E+02
 3.78820E+02,  4.02914E+02,  4.15430E+02,  3.86370E+02,  3.32396E+02
 2.82958E+02,  2.50643E+02,  2.35754E+02,  2.35503E+02,  2.47475E+02
 2.69984E+02,  3.01550E+02,  3.54544E+02,  3.54544E+02,  6.01287E+02
 6.01287E+02,  6.01287E+02,  6.01287E+02,  6.01287E+02,  6.01287E+02
 5.35122E+02,  4.52897E+02,  4.34878E+02,  4.58681E+02,  4.87556E+02
 4.78406E+02,  4.20787E+02,  3.48408E+02,  2.91353E+02,  2.57112E+02
 2.42548E+02,  2.43378E+02,  2.56623E+02,  2.80359E+02,  3.12966E+02
 3.71691E+02,  3.71691E+02,  6.19404E+02,  6.19404E+02,  6.19404E+02
 6.19404E+02,  6.19404E+02,  6.19404E+02,  3.17747E+02,  4.27713E+02
 5.15678E+02,  5.66986E+02,  5.81626E+02,  5.39222E+02,  4.51760E+02
 3.63061E+02,  2.99820E+02,  2.64182E+02,  2.50067E+02,  2.51986E+02
 2.66491E+02,  2.91443E+02,  3.25070E+02,  3.89960E+02,  3.89960E+02
 6.38097E+02,  6.38097E+02,  6.38097E+02,  6.38097E+02,  6.38097E+02
 6.38097E+02,  4.18443E+02,  4.37677E+02,  5.83459E+02,  6.60875E+02
 6.58857E+02,  5.86589E+02,  4.75756E+02,  3.75357E+02,  3.08011E+02
 2.71667E+02,  2.58163E+02,  2.61179E+02,  2.76932E+02,  3.03094E+02
 3.37745E+02,  4.09330E+02,  4.09330E+02,  6.57784E+02,  6.57784E+02
 6.57784E+02,  6.57784E+02,  6.57784E+02,  6.57784E+02,  3.43150E+02
 4.33876E+02,  5.95855E+02,  6.95263E+02,  6.97097E+02,  6.13616E+02
 4.91246E+02,  3.85006E+02,  3.15864E+02,  2.79557E+02,  2.66841E+02
 2.70965E+02,  2.87950E+02,  3.15323E+02,  3.51010E+02,  4.29901E+02
 4.29901E+02,  6.78702E+02,  6.78702E+02,  6.78702E+02,  6.78702E+02
 6.78702E+02,  6.78702E+02,  4.28416E+02,  4.41532E+02,  5.57284E+02
 6.69631E+02,  6.96214E+02,  6.20762E+02,  4.98580E+02,  3.92214E+02
 3.23557E+02,  2.88040E+02,  2.76294E+02,  2.81531E+02,  2.99717E+02
 3.28274E+02,  3.64970E+02,  4.51722E+02,  4.51722E+02,  7.00374E+02
 7.00374E+02,  7.00374E+02,  7.00374E+02,  7.00374E+02,  7.00374E+02
 3.48355E+02,  3.93000E+02,  4.94186E+02,  6.23342E+02,  6.75828E+02
 6.14782E+02,  4.99796E+02,  3.97577E+02,  3.31259E+02,  2.97161E+02
 2.86525E+02,  2.92858E+02,  3.12204E+02,  3.41911E+02,  3.79584E+02
 4.74766E+02,  4.74766E+02,  7.22757E+02,  7.22757E+02,  7.22757E+02
 7.22757E+02,  7.22757E+02,  7.22757E+02,  3.99294E+02,  3.62472E+02
 4.58499E+02,  5.95274E+02,  6.54609E+02,  6.02326E+02,  4.97036E+02
 4.01752E+02,  3.39153E+02,  3.06942E+02,  2.97502E+02,  3.04900E+02
 3.25364E+02,  3.56192E+02,  3.94814E+02,  4.99016E+02,  4.99016E+02
 7.45845E+02,  7.45845E+02,  7.45845E+02,  7.45845E+02,  7.45845E+02
 7.45845E+02,  3.19768E+02,  3.55105E+02,  4.71103E+02,  5.93507E+02
 6.36119E+02,  5.85611E+02,  4.91421E+02,  4.05161E+02,  3.47344E+02
 3.17369E+02,  3.09170E+02,  3.17597E+02,  3.39141E+02,  3.71066E+02
 4.10605E+02,  5.24384E+02,  5.24384E+02,  7.69382E+02,  7.69382E+02
 7.69382E+02,  7.69382E+02,  7.69382E+02,  7.69382E+02,  3.72515E+02
 3.87317E+02,  5.04764E+02,  5.93233E+02,  6.11284E+02,  5.63779E+02
 4.83553E+02,  4.08124E+02,  3.55827E+02,  3.28271E+02,  3.21305E+02
 3.30731E+02,  3.53362E+02,  3.86419E+02,  4.26913E+02,  5.51035E+02
 5.51035E+02,  7.94094E+02,  7.94094E+02,  7.94094E+02,  7.94094E+02
 7.94094E+02,  7.94094E+02,  3.22194E+02,  3.72639E+02,  4.94981E+02
 5.61369E+02,  5.70280E+02,  5.35443E+02,  4.73658E+02,  4.10823E+02
 3.64587E+02,  3.39526E+02,  3.33763E+02,  3.44186E+02,  3.67955E+02
 4.02230E+02,  4.43759E+02,  5.79141E+02,  5.79141E+02,  8.20327E+02
 8.20327E+02,  8.20327E+02,  8.20327E+02,  8.20327E+02,  8.20327E+02
 2.95755E+02,  3.38854E+02,  4.42836E+02,  4.99431E+02,  5.15148E+02
 5.01721E+02,  4.62094E+02,  4.13251E+02,  3.73476E+02,  3.50963E+02
 3.46403E+02,  3.57866E+02,  3.82859E+02,  4.18440E+02,  4.61053E+02
 6.08415E+02,  6.08415E+02,  8.47192E+02,  8.47192E+02,  8.47192E+02
 8.47192E+02,  8.47192E+02,  8.47192E+02,  4.26247E+02,  3.71890E+02
 4.12246E+02,  4.40145E+02,  4.59532E+02,  4.67343E+02,  4.50128E+02
 4.15493E+02,  3.82214E+02,  3.62233E+02,  3.58917E+02,  3.71534E+02
 3.97901E+02,  4.34924E+02,  4.78698E+02,  6.38741E+02,  6.38741E+02
 8.74613E+02,  8.74613E+02,  8.74613E+02,  8.74613E+02,  8.74613E+02
 8.74613E+02,  3.70455E+02,  4.20221E+02,  4.14450E+02,  4.02473E+02
 4.15341E+02,  4.37396E+02,  4.39197E+02,  4.17569E+02,  3.90406E+02
 3.72902E+02,  3.70951E+02,  3.84932E+02,  4.12903E+02,  4.51561E+02
 4.96608E+02,  6.70035E+02,  6.70035E+02,  9.02562E+02,  9.02562E+02
 9.02562E+02,  9.02562E+02,  9.02562E+02,  9.02562E+02,  4.71860E+02
 4.67641E+02,  4.30650E+02,  3.84713E+02,  3.86075E+02,  4.14666E+02
 4.30135E+02,  4.19177E+02,  3.97433E+02,  3.82402E+02,  3.82077E+02
 3.97762E+02,  4.27658E+02,  4.68190E+02,  5.14629E+02,  7.02000E+02
 7.02000E+02,  9.30571E+02,  9.30571E+02,  9.30571E+02,  9.30571E+02
 9.30571E+02,  9.30571E+02,  4.40920E+02,  4.84238E+02,  4.43587E+02
 3.78049E+02,  3.69214E+02,  3.99362E+02,  4.23173E+02,  4.19969E+02
 4.02719E+02,  3.90205E+02,  3.91905E+02,  4.09771E+02,  4.42040E+02
 4.84801E+02,  5.32860E+02,  7.35111E+02,  7.35111E+02,  9.59782E+02
 9.59782E+02,  9.59782E+02,  9.59782E+02,  9.59782E+02,  9.59782E+02
 3.86865E+02,  4.45223E+02,  4.39820E+02,  3.74735E+02,  3.60261E+02
 3.89805E+02,  4.17676E+02,  4.19335E+02,  4.05669E+02,  3.95853E+02
 4.00130E+02,  4.20787E+02,  4.55974E+02,  5.01394E+02,  5.51357E+02
 7.69629E+02,  7.69629E+02,  9.90665E+02,  9.90665E+02,  9.90665E+02
 9.90665E+02,  9.90665E+02,  9.90665E+02,  3.53054E+02,  4.01495E+02
 4.26770E+02,  3.71441E+02,  3.55397E+02,  3.83699E+02,  4.12326E+02
 4.16299E+02,  4.05560E+02,  3.98868E+02,  4.06451E+02,  4.30604E+02
 4.69282E+02,  5.17756E+02,  5.69825E+02,  8.04739E+02,  8.04739E+02
 1.02174E+03,  1.02174E+03,  1.02174E+03,  1.02174E+03,  1.02174E+03
 1.02174E+03,  4.01410E+02,  4.12683E+02,  4.26687E+02,  3.68519E+02
 3.52489E+02,  3.79280E+02,  4.05992E+02,  4.10209E+02,  4.02025E+02
 3.99033E+02,  4.10728E+02,  4.39117E+02,  4.81872E+02,  5.33798E+02
 5.88171E+02,  8.40227E+02,  8.40227E+02,  1.05290E+03,  1.05290E+03
 1.05290E+03,  1.05290E+03,  1.05290E+03,  1.05290E+03,  3.57073E+02
 4.56825E+02,  4.37202E+02,  3.65869E+02,  3.51315E+02,  3.75580E+02
 3.97800E+02,  4.00709E+02,  3.95017E+02,  3.96380E+02,  4.12984E+02
 4.46322E+02,  4.93715E+02,  5.49469E+02,  6.06330E+02,  8.75936E+02
 8.75936E+02,  1.08407E+03,  1.08407E+03,  1.08407E+03,  1.08407E+03
 1.08407E+03,  1.08407E+03,  5.45328E+02,  5.30375E+02,  4.34083E+02
 3.64496E+02,  3.53277E+02,  3.72039E+02,  3.87068E+02,  3.87729E+02
 3.84777E+02,  3.91170E+02,  4.13398E+02,  4.52307E+02,  5.04811E+02
 5.64679E+02,  6.24122E+02,  9.11327E+02,  9.11327E+02,  1.11450E+03
 1.11450E+03,  1.11450E+03,  1.11450E+03,  1.11450E+03,  1.11450E+03
 4.64982E+02,  4.55197E+02,  4.13280E+02,  3.71567E+02,  3.59982E+02
 3.67999E+02,  3.73613E+02,  3.71834E+02,  3.72034E+02,  3.83981E+02
 4.12367E+02,  4.57354E+02,  5.15402E+02,  5.79699E+02,  6.41895E+02
 9.47343E+02,  9.47343E+02,  1.14587E+03,  1.14587E+03,  1.14587E+03
 1.14587E+03,  1.14587E+03,  1.14587E+03,  3.68311E+02,  3.95126E+02
 4.20072E+02,  3.94372E+02,  3.70095E+02,  3.61852E+02,  3.57390E+02
 3.53832E+02,  3.57685E+02,  3.75507E+02,  4.10361E+02,  4.61766E+02
 5.25694E+02,  5.94687E+02,  6.59791E+02,  9.84357E+02,  9.84357E+02
 1.17876E+03,  1.17876E+03,  1.17876E+03,  1.17876E+03,  1.17876E+03
 1.17876E+03,  3.90746E+02,  4.34299E+02,  4.69204E+02,  4.26496E+02
 3.77245E+02,  3.51353E+02,  3.38692E+02,  3.34806E+02,  3.42827E+02
 3.66621E+02,  4.07977E+02,  4.65863E+02,  5.35733E+02,  6.09423E+02
 6.77347E+02,  1.02089E+03,  1.02089E+03,  1.21095E+03,  1.21095E+03
 1.21095E+03,  1.21095E+03,  1.21095E+03,  1.21095E+03,  4.07079E+02
 4.68626E+02,  5.14649E+02,  4.45528E+02,  3.73693E+02,  3.35605E+02
 3.18703E+02,  3.16210E+02,  3.28704E+02,  3.58268E+02,  4.05868E+02
 4.70042E+02,  5.45705E+02,  6.23943E+02,  6.94514E+02,  1.05663E+03
 1.05663E+03,  1.24230E+03,  1.24230E+03,  1.24230E+03,  1.24230E+03
 1.24230E+03,  1.24230E+03,  3.80682E+02,  4.75545E+02,  5.19153E+02
 4.37357E+02,  3.58106E+02,  3.16354E+02,  2.99273E+02,  2.99516E+02
 3.16466E+02,  3.51331E+02,  4.04668E+02,  4.74705E+02,  5.55814E+02
 6.38301E+02,  7.11255E+02,  1.09140E+03,  1.09140E+03,  1.27270E+03
 1.27270E+03,  1.27270E+03,  1.27270E+03,  1.27270E+03,  1.27270E+03
 4.62198E+02,  5.03175E+02,  5.04479E+02,  4.15676E+02,  3.37909E+02
 2.97545E+02,  2.82623E+02,  2.86165E+02,  3.07215E+02,  3.46706E+02
 4.05069E+02,  4.80309E+02,  5.66271E+02,  6.52479E+02,  7.27365E+02
 1.12439E+03,  1.12439E+03,  1.30112E+03,  1.30112E+03,  1.30112E+03
 1.30112E+03,  1.30112E+03,  1.30112E+03,  4.34243E+02,  5.17234E+02
 5.07781E+02,  4.03407E+02,  3.22604E+02,  2.83260E+02,  2.70697E+02
 2.77241E+02,  3.01687E+02,  3.44964E+02,  4.07535E+02,  4.87251E+02
 5.77457E+02,  6.66913E+02,  7.43396E+02,  1.15713E+03,  1.15713E+03
 1.32980E+03,  1.32980E+03,  1.32980E+03,  1.32980E+03,  1.32980E+03
 1.32980E+03,  4.64248E+02,  5.76044E+02,  5.46250E+02,  4.09339E+02
 3.17021E+02,  2.76169E+02,  2.65001E+02,  2.73656E+02,  3.00517E+02
 3.46593E+02,  4.12446E+02,  4.95808E+02,  5.89571E+02,  6.81761E+02
 7.59499E+02,  1.19008E+03,  1.19008E+03,  1.35946E+03,  1.35946E+03
 1.35946E+03,  1.35946E+03,  1.35946E+03,  1.35946E+03,  5.06446E+02
 6.10862E+02,  5.86909E+02,  4.25260E+02,  3.20889E+02,  2.77746E+02
 2.66972E+02,  2.76535E+02,  3.04590E+02,  3.52300E+02,  4.20309E+02
 5.06226E+02,  6.02536E+02,  6.96604E+02,  7.74952E+02,  1.22101E+03
 1.22101E+03,  1.38707E+03,  1.38707E+03,  1.38707E+03,  1.38707E+03
 1.38707E+03,  1.38707E+03,  3.79760E+02,  5.40256E+02,  5.88495E+02
 4.36476E+02,  3.31654E+02,  2.88792E+02,  2.77759E+02,  2.86717E+02
 3.14442E+02,  3.62413E+02,  4.31301E+02,  5.18558E+02,  6.16304E+02
 7.11336E+02,  7.89644E+02,  1.24960E+03,  1.24960E+03,  1.41251E+03
 1.41251E+03,  1.41251E+03,  1.41251E+03,  1.41251E+03,  1.41251E+03
 4.32481E+02,  5.53519E+02,  5.69095E+02,  4.36514E+02,  3.48529E+02
 3.10565E+02,  2.98570E+02,  3.04941E+02,  3.30448E+02,  3.77084E+02
 4.45436E+02,  5.32731E+02,  6.30756E+02,  7.25825E+02,  8.03455E+02
 1.27564E+03,  1.27564E+03,  1.43572E+03,  1.43572E+03,  1.43572E+03
 1.43572E+03,  1.43572E+03,  1.43572E+03,  4.14760E+02,  5.51308E+02
 5.25066E+02,  4.32749E+02,  3.75285E+02,  3.45407E+02,  3.30780E+02
 3.31936E+02,  3.52974E+02,  3.96467E+02,  4.62739E+02,  5.48672E+02
 6.45726E+02,  7.39808E+02,  8.16036E+02,  1.29814E+03,  1.29814E+03
 1.45539E+03,  1.45539E+03,  1.45539E+03,  1.45539E+03,  1.45539E+03
 1.45539E+03,  4.10895E+02,  4.75404E+02,  4.74722E+02,  4.44065E+02
 4.19021E+02,  3.95444E+02,  3.74813E+02,  3.67575E+02,  3.81669E+02
 4.20124E+02,  4.82803E+02,  5.66141E+02,  6.61245E+02,  7.53635E+02
 8.28039E+02,  1.31921E+03,  1.31921E+03,  1.47439E+03,  1.47439E+03
 1.47439E+03,  1.47439E+03,  1.47439E+03,  1.47439E+03,  3.77688E+02
 4.13995E+02,  4.70665E+02,  4.90075E+02,  4.84095E+02,  4.59579E+02
 4.29228E+02,  4.10953E+02,  4.15871E+02,  4.47452E+02,  5.05095E+02
 5.84734E+02,  6.77079E+02,  7.67247E+02,  8.39545E+02,  1.33939E+03
 1.33939E+03,  1.49348E+03,  1.49348E+03,  1.49348E+03,  1.49348E+03
 1.49348E+03,  1.49348E+03,  3.86623E+02,  4.39310E+02,  5.36765E+02
 5.70154E+02,  5.58310E+02,  5.27425E+02,  4.88854E+02,  4.59963E+02
 4.54576E+02,  4.77759E+02,  5.29005E+02,  6.03835E+02,  6.92529E+02
 7.79787E+02,  8.49524E+02,  1.35588E+03,  1.35588E+03,  1.50903E+03
 1.50903E+03,  1.50903E+03,  1.50903E+03,  1.50903E+03,  1.50903E+03
 3.93079E+02,  4.74549E+02,  6.15339E+02,  6.23830E+02,  5.97450E+02
 5.75362E+02,  5.43502E+02,  5.10377E+02,  4.95573E+02,  5.09532E+02
 5.53397E+02,  6.22612E+02,  7.07029E+02,  7.90921E+02,  8.57819E+02
 1.36849E+03,  1.36849E+03,  1.52107E+03,  1.52107E+03,  1.52107E+03
 1.52107E+03,  1.52107E+03,  1.52107E+03,  4.00376E+02,  4.78862E+02
 5.64174E+02,  5.43935E+02,  5.48717E+02,  5.77363E+02,  5.81217E+02
 5.56869E+02,  5.35996E+02,  5.40898E+02,  5.76974E+02,  6.40193E+02
 7.20038E+02,  8.00348E+02,  8.64298E+02,  1.37720E+03,  1.37720E+03
 1.52962E+03,  1.52962E+03,  1.52962E+03,  1.52962E+03,  1.52962E+03
 1.52962E+03,  3.63192E+02,  3.29159E+02,  3.44940E+02,  3.68618E+02
 4.32449E+02,  5.30857E+02,  5.94536E+02,  5.94369E+02,  5.72753E+02
 5.69892E+02,  5.98478E+02,  6.55773E+02,  7.31006E+02,  8.07637E+02
 8.68561E+02,  1.38107E+03,  1.38107E+03,  1.53333E+03,  1.53333E+03
 1.53333E+03,  1.53333E+03,  1.53333E+03,  1.53333E+03,  3.35026E+02
 2.98099E+02,  2.71129E+02,  2.72674E+02,  3.36209E+02,  4.66338E+02
 5.85750E+02,  6.19397E+02,  6.02728E+02,  5.94425E+02,  6.16701E+02
 6.68833E+02,  7.39983E+02,  8.13303E+02,  8.71476E+02,  1.38272E+03
 1.38272E+03,  1.53552E+03,  1.53552E+03,  1.53552E+03,  1.53552E+03
 1.53552E+03,  1.53552E+03,  6.48820E+02,  4.40995E+02,  2.86369E+02
 2.49666E+02,  2.90176E+02,  4.14730E+02,  5.64222E+02,  6.30626E+02
 6.23321E+02,  6.12642E+02,  6.30553E+02,  6.78820E+02,  7.46768E+02
 8.17375E+02,  8.73210E+02,  1.38286E+03,  1.38286E+03,  1.53697E+03
 1.53697E+03,  1.53697E+03,  1.53697E+03,  1.53697E+03,  1.53697E+03
 9.08359E+02,  1.14049E+03,  4.11465E+02,  2.66058E+02,  2.78213E+02
 3.83396E+02,  5.37984E+02,  6.27796E+02,  6.32312E+02,  6.22861E+02
 6.38955E+02,  6.84933E+02,  7.50580E+02,  8.18946E+02,  8.72695E+02
 1.37860E+03,  1.37860E+03,  1.53382E+03,  1.53382E+03,  1.53382E+03
 1.53382E+03,  1.53382E+03,  1.53382E+03,  6.01081E+02,  1.34331E+03
 7.02403E+02,  3.06744E+02,  2.80847E+02,  3.64111E+02,  5.09375E+02
 6.11447E+02,  6.28502E+02,  6.24026E+02,  6.41257E+02,  6.86812E+02
 7.51249E+02,  8.17981E+02,  8.70002E+02,  1.37013E+03,  1.37013E+03
 1.52636E+03,  1.52636E+03,  1.52636E+03,  1.52636E+03,  1.52636E+03
 1.52636E+03,  6.36534E+02,  1.29220E+03,  9.41608E+02,  3.37203E+02
 2.78768E+02,  3.44541E+02,  4.76104E+02,  5.82499E+02,  6.12063E+02
 6.16045E+02,  6.37392E+02,  6.84448E+02,  7.48809E+02,  8.14555E+02
 8.65235E+02,  1.35777E+03,  1.35777E+03,  1.51482E+03,  1.51482E+03
 1.51482E+03,  1.51482E+03,  1.51482E+03,  1.51482E+03,  3.91703E+02
 5.66819E+02,  5.98937E+02,  3.07641E+02,  2.57765E+02,  3.15992E+02
 4.35572E+02,  5.42508E+02,  5.84478E+02,  5.99762E+02,  6.27831E+02
 6.78081E+02,  7.43327E+02,  8.08583E+02,  8.58190E+02,  1.34085E+03
 1.34085E+03,  1.49802E+03,  1.49802E+03,  1.49802E+03,  1.49802E+03
 1.49802E+03,  1.49802E+03,  3.72501E+02,  4.11821E+02,  3.77108E+02
 2.42630E+02,  2.21853E+02,  2.78908E+02,  3.88969E+02,  4.94898E+02
 5.48796E+02,  5.77090E+02,  6.13795E+02,  6.68654E+02,  7.35715E+02
 8.01069E+02,  8.49987E+02,  1.32222E+03,  1.32222E+03,  1.47936E+03
 1.47936E+03,  1.47936E+03,  1.47936E+03,  1.47936E+03,  1.47936E+03
 5.50561E+02,  5.42781E+02,  3.00651E+02,  1.91161E+02,  1.86897E+02
 2.40747E+02,  3.40761E+02,  4.43952E+02,  5.08457E+02,  5.50152E+02
 5.96514E+02,  6.56915E+02,  7.26477E+02,  7.92396E+02,  8.40949E+02
 1.30260E+03,  1.30260E+03,  1.45953E+03,  1.45953E+03,  1.45953E+03
 1.45953E+03,  1.45953E+03,  1.45953E+03,  5.55070E+02,  6.48962E+02
 2.49190E+02,  1.59346E+02,  1.61844E+02,  2.08398E+02,  2.96056E+02
 3.94042E+02,  4.66830E+02,  5.21005E+02,  5.77030E+02,  6.43199E+02
 7.15420E+02,  7.81967E+02,  8.30188E+02,  1.27944E+03,  1.27944E+03
 1.43504E+03,  1.43504E+03,  1.43504E+03,  1.43504E+03,  1.43504E+03
 1.43504E+03,  6.23312E+02,  6.63615E+02,  2.13072E+02,  1.46266E+02
 1.47008E+02,  1.84149E+02,  2.58359E+02,  3.49115E+02,  4.27254E+02
 4.91893E+02,  5.56700E+02,  6.28307E+02,  7.03034E+02,  7.70121E+02
 8.17988E+02,  1.25321E+03,  1.25321E+03,  1.40645E+03,  1.40645E+03
 1.40645E+03,  1.40645E+03,  1.40645E+03,  1.40645E+03,  6.93901E+02
 4.27300E+02,  2.09868E+02,  1.47613E+02,  1.39310E+02,  1.66994E+02
 2.28752E+02,  3.11542E+02,  3.92193E+02,  4.64697E+02,  5.36770E+02
 6.13020E+02,  6.89812E+02,  7.57184E+02,  8.04586E+02,  1.22435E+03
 1.22435E+03,  1.37420E+03,  1.37420E+03,  1.37420E+03,  1.37420E+03
 1.37420E+03,  1.37420E+03,  3.32999E+02,  3.04243E+02,  2.31838E+02
 1.54193E+02,  1.35370E+02,  1.55339E+02,  2.07022E+02,  2.82290E+02
 3.63162E+02,  4.40813E+02,  5.18242E+02,  5.97941E+02,  6.76031E+02
 7.43196E+02,  7.89857E+02,  1.19239E+03,  1.19239E+03,  1.33750E+03
 1.33750E+03,  1.33750E+03,  1.33750E+03,  1.33750E+03,  1.33750E+03
 3.50315E+02,  3.58028E+02,  2.73691E+02,  1.59417E+02,  1.33416E+02
 1.48185E+02,  1.92427E+02,  2.61239E+02,  3.40752E+02,  4.21123E+02
 5.01997E+02,  5.83907E+02,  6.62543E+02,  7.29072E+02,  7.74791E+02
 1.15969E+03,  1.15969E+03,  1.29939E+03,  1.29939E+03,  1.29939E+03
 1.29939E+03,  1.29939E+03,  1.29939E+03,  5.09043E+02,  6.13177E+02
 3.41974E+02,  1.62320E+02,  1.34074E+02,  1.45296E+02,  1.84250E+02
 2.47772E+02,  3.24906E+02,  4.05955E+02,  4.88451E+02,  5.71286E+02
 6.49643E+02,  7.15054E+02,  7.59588E+02,  1.12671E+03,  1.12671E+03
 1.26048E+03,  1.26048E+03,  1.26048E+03,  1.26048E+03,  1.26048E+03
 1.26048E+03,  5.36542E+02,  6.71955E+02,  3.18413E+02,  1.63408E+02
 1.37666E+02,  1.46637E+02,  1.82163E+02,  2.41451E+02,  3.15480E+02
 3.95408E+02,  4.77683E+02,  5.59958E+02,  6.36947E+02,  7.00504E+02
 7.43428E+02,  1.09132E+03,  1.09132E+03,  1.21821E+03,  1.21821E+03
 1.21821E+03,  1.21821E+03,  1.21821E+03,  1.21821E+03,  5.04128E+02
 4.76600E+02,  2.39285E+02,  1.62145E+02,  1.43075E+02,  1.52060E+02
 1.85898E+02,  2.41740E+02,  3.12058E+02,  3.89333E+02,  4.69708E+02
 5.49999E+02,  6.24554E+02,  6.85557E+02,  7.26485E+02,  1.05394E+03
 1.05394E+03,  1.17346E+03,  1.17346E+03,  1.17346E+03,  1.17346E+03
 1.17346E+03,  1.17346E+03,  4.75694E+02,  3.20064E+02,  2.09160E+02
 1.64799E+02,  1.51238E+02,  1.62252E+02,  1.95580E+02,  2.48226E+02
 3.14130E+02,  3.87387E+02,  4.64351E+02,  5.41332E+02,  6.12448E+02
 6.70238E+02,  7.08819E+02,  1.01485E+03,  1.01485E+03,  1.12690E+03
 1.12690E+03,  1.12690E+03,  1.12690E+03,  1.12690E+03,  1.12690E+03
 3.54728E+02,  2.92553E+02,  2.13067E+02,  1.73490E+02,  1.65185E+02
 1.79083E+02,  2.11885E+02,  2.60747E+02,  3.21229E+02,  3.89135E+02
 4.61265E+02,  5.33656E+02,  6.00339E+02,  6.54264E+02,  6.90160E+02
 9.73634E+02,  9.73634E+02,  1.07835E+03,  1.07835E+03,  1.07835E+03
 1.07835E+03,  1.07835E+03,  1.07835E+03,  3.38818E+02,  2.86484E+02
 2.21789E+02,  1.92891E+02,  1.90031E+02,  2.05254E+02,  2.35625E+02
 2.79021E+02,  3.32698E+02,  3.93974E+02,  4.60069E+02,  5.26855E+02
 5.88382E+02,  6.38040E+02,  6.71105E+02,  9.32067E+02,  9.32067E+02
 1.03047E+03,  1.03047E+03,  1.03047E+03,  1.03047E+03,  1.03047E+03
 1.03047E+03,  4.18788E+02,  3.37195E+02,  2.71102E+02,  2.41911E+02
 2.36201E+02,  2.46185E+02,  2.69192E+02,  3.03850E+02,  3.48700E+02
 4.01985E+02,  4.61044E+02,  5.21539E+02,  5.77542E+02,  6.22825E+02
 6.53088E+02,  8.95074E+02,  8.95074E+02,  9.90378E+02,  9.90378E+02
 9.90378E+02,  9.90378E+02,  9.90378E+02,  9.90378E+02,  3.95895E+02
 4.37801E+02,  4.14347E+02,  3.69313E+02,  3.34869E+02,  3.17791E+02
 3.18526E+02,  3.35920E+02,  3.68312E+02,  4.13556E+02,  4.68220E+02
 5.26943E+02,  5.82766E+02,  6.28588E+02,  6.59514E+02,  9.30482E+02
 9.30482E+02,  1.05451E+03,  1.05451E+03,  1.05451E+03,  1.05451E+03
 1.05451E+03,  1.05451E+03,  6.46797E+02,  7.70672E+02,  8.12621E+02
 7.11350E+02,  5.60587E+02,  4.41479E+02,  3.75511E+02,  3.55119E+02
 3.70894E+02,  4.17313E+02,  4.90048E+02,  5.82138E+02,  6.81839E+02
 7.73757E+02,  8.44859E+02,  1.48130E+03,  1.48130E+03,  1.92484E+03
 1.92484E+03,  1.92484E+03,  1.92484E+03,  1.92484E+03,  1.92484E+03
 6.46797E+02,  7.70672E+02,  8.12621E+02,  7.11350E+02,  5.60587E+02
 4.41479E+02,  3.75511E+02,  3.55119E+02,  3.70894E+02,  4.17313E+02
 4.90048E+02,  5.82138E+02,  6.81839E+02,  7.73757E+02,  8.44859E+02
 1.48130E+03,  1.48130E+03,  1.92484E+03,  1.92484E+03,  1.92484E+03
 1.92484E+03,  1.92484E+03,  1.92484E+03,  6.35184E+02,  6.27375E+02
 5.91084E+02,  5.17481E+02,  4.20178E+02,  3.21143E+02,  2.37835E+02
 1.76971E+02,  1.36844E+02,  1.12677E+02,  1.00012E+02,  9.57326E+01
 9.79261E+01,  1.05439E+02,  1.17371E+02,  1.04697E+02,  1.04697E+02
 1.79434E+02,  1.79434E+02,  1.79434E+02,  1.79434E+02,  1.79434E+02
 1.79434E+02,  6.35184E+02,  6.27375E+02,  5.91084E+02,  5.17481E+02
 4.20178E+02,  3.21143E+02,  2.37835E+02,  1.76971E+02,  1.36844E+02
 1.12677E+02,  1.00012E+02,  9.57326E+01,  9.79261E+01,  1.05439E+02
 1.17371E+02,  1.04697E+02,  1.04697E+02,  1.79434E+02,  1.79434E+02
 1.79434E+02,  1.79434E+02,  1.79434E+02,  1.79434E+02,  6.35184E+02
 6.27375E+02,  5.91084E+02,  5.17481E+02,  4.20178E+02,  3.21143E+02
 2.37835E+02,  1.76971E+02,  1.36844E+02,  1.12677E+02,  1.00012E+02
 9.57326E+01,  9.79261E+01,  1.05439E+02,  1.17371E+02,  1.04697E+02
 1.04697E+02,  1.79434E+02,  1.79434E+02,  1.79434E+02,  1.79434E+02
 1.79434E+02,  1.79434E+02,  6.35184E+02,  6.27375E+02,  5.91084E+02
 5.17481E+02,  4.20178E+02,  3.21143E+02,  2.37835E+02,  1.76971E+02
 1.36844E+02,  1.12677E+02,  1.00012E+02,  9.57326E+01,  9.79261E+01
 1.05439E+02,  1.17371E+02,  1.04697E+02,  1.04697E+02,  1.79434E+02
 1.79434E+02,  1.79434E+02,  1.79434E+02,  1.79434E+02,  1.79434E+02
 6.35184E+02,  6.27375E+02,  5.91084E+02,  5.17481E+02,  4.20178E+02
 3.21143E+02,  2.37835E+02,  1.76971E+02,  1.36844E+02,  1.12677E+02
 1.00012E+02,  9.57326E+01,  9.79261E+01,  1.05439E+02,  1.17371E+02
 1.04697E+02,  1.04697E+02,  1.79434E+02,  1.79434E+02,  1.79434E+02
 1.79434E+02,  1.79434E+02,  1.79434E+02,  6.35184E+02,  6.27375E+02
 5.91084E+02,  5.17481E+02,  4.20178E+02,  3.21143E+02,  2.37835E+02
 1.76971E+02,  1.36844E+02,  1.12677E+02,  1.00012E+02,  9.57326E+01
 9.79261E+01,  1.05439E+02,  1.17371E+02,  1.04697E+02,  1.04697E+02
 1.79434E+02,  1.79434E+02,  1.79434E+02,  1.79434E+02,  1.79434E+02
 1.79434E+02

;-Sensitivity in the elemental sequential order

 3.31072E-02,  3.25291E-02,  3.03413E-02,  2.52598E-02,  1.96220E-02
 1.48091E-02,  1.11519E-02,  8.48512E-03,  6.54652E-03,  5.12580E-03
 4.07630E-03,  3.29561E-03,  2.71043E-03,  2.26730E-03,  1.92574E-03
 4.28036E-03,  4.28036E-03,  7.89430E-03,  7.89430E-03,  7.89430E-03
 7.89430E-03,  7.89430E-03,  7.89430E-03,  3.31072E-02,  3.25291E-02
 3.03413E-02,  2.52598E-02,  1.96220E-02,  1.48091E-02,  1.11519E-02
 8.48512E-03,  6.54652E-03,  5.12580E-03,  4.07630E-03,  3.29561E-03
 2.71043E-03,  2.26730E-03,  1.92574E-03,  4.28036E-03,  4.28036E-03
 7.89430E-03,  7.89430E-03,  7.89430E-03,  7.89430E-03,  7.89430E-03
 7.89430E-03,  3.31072E-02,  3.25291E-02,  3.03413E-02,  2.52598E-02
 1.96220E-02,  1.48091E-02,  1.11519E-02,  8.48512E-03,  6.54652E-03
 5.12580E-03,  4.07630E-03,  3.29561E-03,  2.71043E-03,  2.26730E-03
 1.92574E-03,  4.28036E-03,  4.28036E-03,  7.89430E-03,  7.89430E-03
 7.89430E-03,  7.89430E-03,  7.89430E-03,  7.89430E-03,  3.31072E-02
 3.25291E-02,  3.03413E-02,  2.52598E-02,  1.96220E-02,  1.48091E-02
 1.11519E-02,  8.48512E-03,  6.54652E-03,  5.12580E-03,  4.07630E-03
 3.29561E-03,  2.71043E-03,  2.26730E-03,  1.92574E-03,  4.28036E-03
 4.28036E-03,  7.89430E-03,  7.89430E-03,  7.89430E-03,  7.89430E-03
 7.89430E-03,  7.89430E-03,  3.31072E-02,  3.25291E-02,  3.03413E-02
 2.52598E-02,  1.96220E-02,  1.48091E-02,  1.11519E-02,  8.48512E-03
 6.54652E-03,  5.12580E-03,  4.07630E-03,  3.29561E-03,  2.71043E-03
 2.26730E-03,  1.92574E-03,  4.28036E-03,  4.28036E-03,  7.89430E-03
 7.89430E-03,  7.89430E-03,  7.89430E-03,  7.89430E-03,  7.89430E-03
 3.31072E-02,  3.25291E-02,  3.03413E-02,  2.52598E-02,  1.96220E-02
 1.48091E-02,  1.11519E-02,  8.48512E-03,  6.54652E-03,  5.12580E-03
 4.07630E-03,  3.29561E-03,  2.71043E-03,  2.26730E-03,  1.92574E-03
 4.28036E-03,  4.28036E-03,  7.89430E-03,  7.89430E-03,  7.89430E-03
 7.89430E-03,  7.89430E-03,  7.89430E-03,  5.66177E-01,  1.74440E-01
 7.10758E-02,  3.22537E-02,  1.56794E-02,  8.45365E-03,  5.06948E-03
 3.32861E-03,  2.34028E-03,  1.71861E-03,  1.28532E-03,  9.58574E-04
 7.04457E-04,  5.10068E-04,  3.68696E-04,  6.10886E-04,  6.10886E-04
 5.45792E-04,  5.45792E-04,  5.45792E-04,  5.45792E-04,  5.45792E-04
 5.45792E-04,  5.66177E-01,  1.74440E-01,  7.10758E-02,  3.22537E-02
 1.56794E-02,  8.45365E-03,  5.06948E-03,  3.32861E-03,  2.34028E-03
 1.71861E-03,  1.28532E-03,  9.58574E-04,  7.04457E-04,  5.10068E-04
 3.68696E-04,  6.10886E-04,  6.10886E-04,  5.45792E-04,  5.45792E-04
 5.45792E-04,  5.45792E-04,  5.45792E-04,  5.45792E-04,  6.67198E-01
 1.46505E-01,  4.45060E-02,  1.70362E-02,  7.10622E-03,  3.44724E-03
 1.95526E-03,  1.23812E-03,  8.42716E-04,  6.01100E-04,  4.39456E-04
 3.22910E-04,  2.35411E-04,  1.69769E-04,  1.22033E-04,  1.90224E-04
 1.90224E-04,  1.74981E-04,  1.74981E-04,  1.74981E-04,  1.74981E-04
 1.74981E-04,  1.74981E-04,  2.12012E+00,  4.18317E-01,  9.54686E-02
 2.66331E-02,  9.99513E-03,  4.38733E-03,  2.24371E-03,  1.31779E-03
 8.57383E-04,  5.97529E-04,  4.33014E-04,  3.18059E-04,  2.32747E-04
 1.68647E-04,  1.21665E-04,  1.87258E-04,  1.87258E-04,  1.76925E-04
 1.76925E-04,  1.76925E-04,  1.76925E-04,  1.76925E-04,  1.76925E-04
 1.12302E+00,  5.92459E-01,  1.33303E-01,  3.43241E-02,  1.25845E-02
 5.38981E-03,  2.61417E-03,  1.43955E-03,  8.87446E-04,  5.98117E-04
 4.27434E-04,  3.13596E-04,  2.30612E-04,  1.68191E-04,  1.22008E-04
 1.87479E-04,  1.87479E-04,  1.81064E-04,  1.81064E-04,  1.81064E-04
 1.81064E-04,  1.81064E-04,  1.81064E-04,  1.93714E+00,  8.72196E-01
 1.74772E-01,  3.89142E-02,  1.41581E-02,  6.19010E-03,  2.99659E-03
 1.59969E-03,  9.41685E-04,  6.09278E-04,  4.25680E-04,  3.10582E-04
 2.29289E-04,  1.68408E-04,  1.22966E-04,  1.89506E-04,  1.89506E-04
 1.85845E-04,  1.85845E-04,  1.85845E-04,  1.85845E-04,  1.85845E-04
 1.85845E-04,  1.98010E+00,  9.22023E-01,  1.79039E-01,  3.94937E-02
 1.46136E-02,  6.69217E-03,  3.33914E-03,  1.78224E-03,  1.02064E-03
 6.35128E-04,  4.30793E-04,  3.10676E-04,  2.29631E-04,  1.69748E-04
 1.24780E-04,  1.93964E-04,  1.93964E-04,  1.91678E-04,  1.91678E-04
 1.91678E-04,  1.91678E-04,  1.91678E-04,  1.91678E-04,  2.13436E+00
 8.33710E-01,  1.82079E-01,  3.84300E-02,  1.43949E-02,  6.94533E-03
 3.62235E-03,  1.96857E-03,  1.11588E-03,  6.73622E-04,  4.42575E-04
 3.13751E-04,  2.31389E-04,  1.71932E-04,  1.27188E-04,  2.00398E-04
 2.00398E-04,  1.98063E-04,  1.98063E-04,  1.98063E-04,  1.98063E-04
 1.98063E-04,  1.98063E-04,  2.08278E+00,  8.73043E-01,  1.78030E-01
 3.78949E-02,  1.41638E-02,  7.11296E-03,  3.87460E-03,  2.15692E-03
 1.22329E-03,  7.23609E-04,  4.61683E-04,  3.20681E-04,  2.35201E-04
 1.75373E-04,  1.30453E-04,  2.09104E-04,  2.09104E-04,  2.05332E-04
 2.05332E-04,  2.05332E-04,  2.05332E-04,  2.05332E-04,  2.05332E-04
 2.17654E+00,  8.64382E-01,  1.81197E-01,  3.79476E-02,  1.41958E-02
 7.32483E-03,  4.12909E-03,  2.34885E-03,  1.33866E-03,  7.82299E-04
 4.87324E-04,  3.31484E-04,  2.41196E-04,  1.80154E-04,  1.34609E-04
 2.19998E-04,  2.19998E-04,  2.13521E-04,  2.13521E-04,  2.13521E-04
 2.13521E-04,  2.13521E-04,  2.13521E-04,  2.13228E+00,  9.10842E-01
 1.79716E-01,  3.82795E-02,  1.44383E-02,  7.62145E-03,  4.39958E-03
 2.54172E-03,  1.45627E-03,  8.45461E-04,  5.17387E-04,  3.45305E-04
 2.48965E-04,  1.86005E-04,  1.39456E-04,  2.32602E-04,  2.32602E-04
 2.22296E-04,  2.22296E-04,  2.22296E-04,  2.22296E-04,  2.22296E-04
 2.22296E-04,  2.27157E+00,  8.92411E-01,  1.84388E-01,  3.89264E-02
 1.48589E-02,  8.00251E-03,  4.69136E-03,  2.73776E-03,  1.57616E-03
 9.12635E-04,  5.51862E-04,  3.62601E-04,  2.59065E-04,  1.93394E-04
 1.45343E-04,  2.47341E-04,  2.47341E-04,  2.32321E-04,  2.32321E-04
 2.32321E-04,  2.32321E-04,  2.32321E-04,  2.32321E-04,  2.30701E+00
 9.17273E-01,  1.85711E-01,  4.00269E-02,  1.54287E-02,  8.41385E-03
 4.98206E-03,  2.92954E-03,  1.69514E-03,  9.81869E-04,  5.89579E-04
 3.82836E-04,  2.71288E-04,  2.02233E-04,  1.52218E-04,  2.64021E-04
 2.64021E-04,  2.43633E-04,  2.43633E-04,  2.43633E-04,  2.43633E-04
 2.43633E-04,  2.43633E-04,  2.19482E+00,  9.13224E-01,  1.91523E-01
 4.13777E-02,  1.59827E-02,  8.76292E-03,  5.23287E-03,  3.10180E-03
 1.80594E-03,  1.04882E-03,  6.27741E-04,  4.04279E-04,  2.84565E-04
 2.11812E-04,  1.59600E-04,  2.81740E-04,  2.81740E-04,  2.55474E-04
 2.55474E-04,  2.55474E-04,  2.55474E-04,  2.55474E-04,  2.55474E-04
 2.17422E+00,  8.99482E-01,  1.95144E-01,  4.25454E-02,  1.63320E-02
 8.98579E-03,  5.42671E-03,  3.25200E-03,  1.90889E-03,  1.11374E-03
 6.66324E-04,  4.26924E-04,  2.98981E-04,  2.22253E-04,  1.67611E-04
 3.00618E-04,  3.00618E-04,  2.68141E-04,  2.68141E-04,  2.68141E-04
 2.68141E-04,  2.68141E-04,  2.68141E-04,  2.15975E+00,  8.83964E-01
 1.98337E-01,  4.32729E-02,  1.63833E-02,  9.05935E-03,  5.55988E-03
 3.38016E-03,  2.00404E-03,  1.17626E-03,  7.04827E-04,  4.50347E-04
 3.14266E-04,  2.33399E-04,  1.76160E-04,  3.20428E-04,  3.20428E-04
 2.81578E-04,  2.81578E-04,  2.81578E-04,  2.81578E-04,  2.81578E-04
 2.81578E-04,  2.05865E+00,  8.78304E-01,  1.99932E-01,  4.34981E-02
 1.62462E-02,  9.04056E-03,  5.65297E-03,  3.49098E-03,  2.09098E-03
 1.23492E-03,  7.41854E-04,  4.73499E-04,  3.29700E-04,  2.44757E-04
 1.84916E-04,  3.40532E-04,  3.40532E-04,  2.95265E-04,  2.95265E-04
 2.95265E-04,  2.95265E-04,  2.95265E-04,  2.95265E-04,  2.40532E+00
 9.31881E-01,  2.03433E-01,  4.39636E-02,  1.62560E-02,  9.07793E-03
 5.76457E-03,  3.60639E-03,  2.17860E-03,  1.29381E-03,  7.79509E-04
 4.97571E-04,  3.46047E-04,  2.56875E-04,  1.94279E-04,  3.61582E-04
 3.61582E-04,  3.09986E-04,  3.09986E-04,  3.09986E-04,  3.09986E-04
 3.09986E-04,  3.09986E-04,  2.27598E+00,  9.79100E-01,  2.04616E-01
 4.47376E-02,  1.66435E-02,  9.30492E-03,  5.94571E-03,  3.74217E-03
 2.27139E-03,  1.35423E-03,  8.18152E-04,  5.22623E-04,  3.63276E-04
 2.69709E-04,  2.04218E-04,  3.83470E-04,  3.83470E-04,  3.25741E-04
 3.25741E-04,  3.25741E-04,  3.25741E-04,  3.25741E-04,  3.25741E-04
 2.61980E+00,  1.02968E+00,  2.06987E-01,  4.58125E-02,  1.74211E-02
 9.77356E-03,  6.21810E-03,  3.90172E-03,  2.36712E-03,  1.41330E-03
 8.55491E-04,  5.47022E-04,  3.80246E-04,  2.82446E-04,  2.14164E-04
 4.05131E-04,  4.05131E-04,  3.41497E-04,  3.41497E-04,  3.41497E-04
 3.41497E-04,  3.41497E-04,  3.41497E-04,  2.64616E+00,  1.02392E+00
 2.11776E-01,  4.75865E-02,  1.85573E-02,  1.04557E-02,  6.57974E-03
 4.08867E-03,  2.46882E-03,  1.47289E-03,  8.92642E-04,  5.71439E-04
 3.97389E-04,  2.95389E-04,  2.24343E-04,  4.26930E-04,  4.26930E-04
 3.57626E-04,  3.57626E-04,  3.57626E-04,  3.57626E-04,  3.57626E-04
 3.57626E-04,  2.33595E+00,  1.02490E+00,  2.14969E-01,  4.97973E-02
 1.98498E-02,  1.12264E-02,  6.98342E-03,  4.28914E-03,  2.57292E-03
 1.53220E-03,  9.29447E-04,  5.95827E-04,  4.14655E-04,  3.08485E-04
 2.34709E-04,  4.48727E-04,  4.48727E-04,  3.74040E-04,  3.74040E-04
 3.74040E-04,  3.74040E-04,  3.74040E-04,  3.74040E-04,  2.41343E+00
 9.69214E-01,  2.19815E-01,  5.17575E-02,  2.10022E-02,  1.19269E-02
 7.35945E-03,  4.47728E-03,  2.67002E-03,  1.58745E-03,  9.64090E-04
 6.19129E-04,  4.31336E-04,  3.21218E-04,  2.44877E-04,  4.69780E-04
 4.69780E-04,  3.90046E-04,  3.90046E-04,  3.90046E-04,  3.90046E-04
 3.90046E-04,  3.90046E-04,  2.65916E+00,  1.02337E+00,  2.27159E-01
 5.37861E-02,  2.19170E-02,  1.24622E-02,  7.66502E-03,  4.64173E-03
 2.76053E-03,  1.64166E-03,  9.99287E-04,  6.43262E-04,  4.48717E-04
 3.34476E-04,  2.55474E-04,  4.91189E-04,  4.91189E-04,  4.06708E-04
 4.06708E-04,  4.06708E-04,  4.06708E-04,  4.06708E-04,  4.06708E-04
 2.37604E+00,  1.08655E+00,  2.33213E-01,  5.54826E-02,  2.25206E-02
 1.27800E-02,  7.86789E-03,  4.76818E-03,  2.84006E-03,  1.69412E-03
 1.03525E-03,  6.68490E-04,  4.66955E-04,  3.48334E-04,  2.66537E-04
 5.12954E-04,  5.12954E-04,  4.24041E-04,  4.24041E-04,  4.24041E-04
 4.24041E-04,  4.24041E-04,  4.24041E-04,  2.91137E+00,  1.11762E+00
 2.33976E-01,  5.62754E-02,  2.28003E-02,  1.28988E-02,  7.95952E-03
 4.84403E-03,  2.89998E-03,  1.73963E-03,  1.06874E-03,  6.92700E-04
 4.84610E-04,  3.61756E-04,  2.77311E-04,  5.33666E-04,  5.33666E-04
 4.40681E-04,  4.40681E-04,  4.40681E-04,  4.40681E-04,  4.40681E-04
 4.40681E-04,  2.88154E+00,  1.09908E+00,  2.34427E-01,  5.70503E-02
 2.31009E-02,  1.29634E-02,  7.98956E-03,  4.88621E-03,  2.94716E-03
 1.78146E-03,  1.10148E-03,  7.16880E-04,  5.02323E-04,  3.75200E-04
 2.88126E-04,  5.53935E-04,  5.53935E-04,  4.57147E-04,  4.57147E-04
 4.57147E-04,  4.57147E-04,  4.57147E-04,  4.57147E-04,  2.80764E+00
 1.10687E+00,  2.36212E-01,  5.86694E-02,  2.37683E-02,  1.31185E-02
 8.01431E-03,  4.91519E-03,  2.98840E-03,  1.82159E-03,  1.13392E-03
 7.41088E-04,  5.20073E-04,  3.88633E-04,  2.98941E-04,  5.73668E-04
 5.73668E-04,  4.73361E-04,  4.73361E-04,  4.73361E-04,  4.73361E-04
 4.73361E-04,  4.73361E-04,  2.81087E+00,  1.09887E+00,  2.39526E-01
 6.06155E-02,  2.47737E-02,  1.34232E-02,  8.08088E-03,  4.95176E-03
 3.02914E-03,  1.85982E-03,  1.16465E-03,  7.64035E-04,  5.36912E-04
 4.01363E-04,  3.09228E-04,  5.91918E-04,  5.91918E-04,  4.88458E-04
 4.88458E-04,  4.88458E-04,  4.88458E-04,  4.88458E-04,  4.88458E-04
 2.85329E+00,  1.13521E+00,  2.43722E-01,  6.27778E-02,  2.59649E-02
 1.38969E-02,  8.24788E-03,  5.03463E-03,  3.08817E-03,  1.90481E-03
 1.19806E-03,  7.88317E-04,  5.54560E-04,  4.14614E-04,  3.19877E-04
 6.10306E-04,  6.10306E-04,  5.03861E-04,  5.03861E-04,  5.03861E-04
 5.03861E-04,  5.03861E-04,  5.03861E-04,  2.86354E+00,  1.15950E+00
 2.48567E-01,  6.53054E-02,  2.73033E-02,  1.45386E-02,  8.54407E-03
 5.18376E-03,  3.17342E-03,  1.95889E-03,  1.23478E-03,  8.14181E-04
 5.73167E-04,  4.28480E-04,  3.30946E-04,  6.28912E-04,  6.28912E-04
 5.19612E-04,  5.19612E-04,  5.19612E-04,  5.19612E-04,  5.19612E-04
 5.19612E-04,  3.57668E+00,  1.25369E+00,  2.62287E-01,  6.92673E-02
 2.89899E-02,  1.53647E-02,  8.96855E-03,  5.39465E-03,  3.27806E-03
 2.01576E-03,  1.27020E-03,  8.38530E-04,  5.90655E-04,  4.41491E-04
 3.41351E-04,  6.45824E-04,  6.45824E-04,  5.33993E-04,  5.33993E-04
 5.33993E-04,  5.33993E-04,  5.33993E-04,  5.33993E-04,  3.22972E+00
 1.34319E+00,  2.84329E-01,  7.59395E-02,  3.12337E-02,  1.63833E-02
 9.51242E-03,  5.66334E-03,  3.40133E-03,  2.07593E-03,  1.30516E-03
 8.62170E-04,  6.07696E-04,  4.54185E-04,  3.51499E-04,  6.61864E-04
 6.61864E-04,  5.47704E-04,  5.47704E-04,  5.47704E-04,  5.47704E-04
 5.47704E-04,  5.47704E-04,  4.29360E+00,  1.45245E+00,  3.15293E-01
 8.43160E-02,  3.36570E-02,  1.74470E-02,  1.01075E-02,  5.95804E-03
 3.53039E-03,  2.13496E-03,  1.33829E-03,  8.84705E-04,  6.24158E-04
 4.66495E-04,  3.61332E-04,  6.76974E-04,  6.76974E-04,  5.60701E-04
 5.60701E-04,  5.60701E-04,  5.60701E-04,  5.60701E-04,  5.60701E-04
 3.74595E+00,  1.43403E+00,  3.39387E-01,  9.11094E-02,  3.54502E-02
 1.83120E-02,  1.06451E-02,  6.22448E-03,  3.64164E-03,  2.18346E-03
 1.36565E-03,  9.04121E-04,  6.38776E-04,  4.77523E-04,  3.70162E-04
 6.89989E-04,  6.89989E-04,  5.71986E-04,  5.71986E-04,  5.71986E-04
 5.71986E-04,  5.71986E-04,  5.71986E-04,  3.79269E+00,  1.40793E+00
 3.49766E-01,  9.47622E-02,  3.62518E-02,  1.88947E-02,  1.10585E-02
 6.42920E-03,  3.72727E-03,  2.22339E-03,  1.39095E-03,  9.23519E-04
 6.53798E-04,  4.88901E-04,  3.79200E-04,  7.03091E-04,  7.03091E-04
 5.83339E-04,  5.83339E-04,  5.83339E-04,  5.83339E-04,  5.83339E-04
 5.83339E-04,  3.72787E+00,  1.30595E+00,  3.47846E-01,  9.61214E-02
 3.68180E-02,  1.92783E-02,  1.12777E-02,  6.52810E-03,  3.77210E-03
 2.25134E-03,  1.41399E-03,  9.43197E-04,  6.69452E-04,  5.00762E-04
 3.88534E-04,  7.16436E-04,  7.16436E-04,  5.94824E-04,  5.94824E-04
 5.94824E-04,  5.94824E-04,  5.94824E-04,  5.94824E-04,  4.32123E+00
 1.48150E+00,  3.84472E-01,  1.03743E-01,  3.84058E-02,  1.94676E-02
 1.12109E-02,  6.47303E-03,  3.75589E-03,  2.25805E-03,  1.42956E-03
 9.59640E-04,  6.83200E-04,  5.11227E-04,  3.96746E-04,  7.27588E-04
 7.27588E-04,  6.04444E-04,  6.04444E-04,  6.04444E-04,  6.04444E-04
 6.04444E-04,  6.04444E-04,  3.99974E+00,  1.72760E+00,  4.26387E-01
 1.11854E-01,  3.96727E-02,  1.91927E-02,  1.08283E-02,  6.27468E-03
 3.68963E-03,  2.25002E-03,  1.44093E-03,  9.74525E-04,  6.96030E-04
 5.20996E-04,  4.04364E-04,  7.37572E-04,  7.37572E-04,  6.13074E-04
 6.13074E-04,  6.13074E-04,  6.13074E-04,  6.13074E-04,  6.13074E-04
 4.32653E+00,  1.68586E+00,  4.04152E-01,  1.05894E-01,  3.80356E-02
 1.81736E-02,  1.01829E-02,  5.98244E-03,  3.59557E-03,  2.23516E-03
 1.45042E-03,  9.88358E-04,  7.08010E-04,  5.30063E-04,  4.11370E-04
 7.46398E-04,  7.46398E-04,  6.20724E-04,  6.20724E-04,  6.20724E-04
 6.20724E-04,  6.20724E-04,  6.20724E-04,  4.89619E+00,  1.52811E+00
 3.40009E-01,  9.16188E-02,  3.45935E-02,  1.68352E-02,  9.49893E-03
 5.69143E-03,  3.50539E-03,  2.22101E-03,  1.45825E-03,  9.99848E-04
 7.17883E-04,  5.37448E-04,  4.17009E-04,  7.52775E-04,  7.52775E-04
 6.26336E-04,  6.26336E-04,  6.26336E-04,  6.26336E-04,  6.26336E-04
 6.26336E-04,  4.68663E+00,  1.36768E+00,  3.12158E-01,  8.57909E-02
 3.33259E-02,  1.62847E-02,  9.16229E-03,  5.54827E-03,  3.47297E-03
 2.22714E-03,  1.47242E-03,  1.01321E-03,  7.28408E-04,  5.45170E-04
 4.22816E-04,  7.59383E-04,  7.59383E-04,  6.31948E-04,  6.31948E-04
 6.31948E-04,  6.31948E-04,  6.31948E-04,  6.31948E-04,  4.61771E+00
 1.53596E+00,  3.36162E-01,  9.30660E-02,  3.60248E-02,  1.71221E-02
 9.40006E-03,  5.64372E-03,  3.52921E-03,  2.26193E-03,  1.49478E-03
 1.02885E-03,  7.39780E-04,  5.53380E-04,  4.28918E-04,  7.66433E-04
 7.66433E-04,  6.37629E-04,  6.37629E-04,  6.37629E-04,  6.37629E-04
 6.37629E-04,  6.37629E-04,  5.05435E+00,  1.90851E+00,  4.18595E-01
 1.13641E-01,  4.15915E-02,  1.88268E-02,  1.00787E-02,  5.95842E-03
 3.66773E-03,  2.31841E-03,  1.51937E-03,  1.04248E-03,  7.49008E-04
 5.59927E-04,  4.33702E-04,  7.71139E-04,  7.71139E-04,  6.41251E-04
 6.41251E-04,  6.41251E-04,  6.41251E-04,  6.41251E-04,  6.41251E-04
 4.87972E+00,  1.91621E+00,  4.64611E-01,  1.35646E-01,  4.78728E-02
 2.05029E-02,  1.08832E-02,  6.41177E-03,  3.87076E-03,  2.39322E-03
 1.54627E-03,  1.05502E-03,  7.57081E-04,  5.65661E-04,  4.37848E-04
 7.74705E-04,  7.74705E-04,  6.43819E-04,  6.43819E-04,  6.43819E-04
 6.43819E-04,  6.43819E-04,  6.43819E-04,  7.88850E+00,  2.23966E+00
 5.17050E-01,  1.46731E-01,  5.15332E-02,  2.13409E-02,  1.15268E-02
 6.89295E-03,  4.09880E-03,  2.47397E-03,  1.57211E-03,  1.06575E-03
 7.63956E-04,  5.70663E-04,  4.41427E-04,  7.77236E-04,  7.77236E-04
 6.45389E-04,  6.45389E-04,  6.45389E-04,  6.45389E-04,  6.45389E-04
 6.45389E-04,  5.81116E+00,  2.29826E+00,  5.28190E-01,  1.40225E-01
 5.02006E-02,  2.09569E-02,  1.18836E-02,  7.30622E-03,  4.30275E-03
 2.54166E-03,  1.59021E-03,  1.07205E-03,  7.68275E-04,  5.74011E-04
 4.43727E-04,  7.77441E-04,  7.77441E-04,  6.44923E-04,  6.44923E-04
 6.44923E-04,  6.44923E-04,  6.44923E-04,  6.44923E-04,  6.52224E+00
 2.08793E+00,  4.80128E-01,  1.22838E-01,  4.51445E-02,  1.98920E-02
 1.20636E-02,  7.62317E-03,  4.46102E-03,  2.59231E-03,  1.60333E-03
 1.07761E-03,  7.73085E-04,  5.78009E-04,  4.46498E-04,  7.78273E-04
 7.78273E-04,  6.44542E-04,  6.44542E-04,  6.44542E-04,  6.44542E-04
 6.44542E-04,  6.44542E-04,  6.70004E+00,  1.87834E+00,  4.63006E-01
 1.11121E-01,  4.09383E-02,  1.92479E-02,  1.22099E-02,  7.81469E-03
 4.54868E-03,  2.61731E-03,  1.60995E-03,  1.08272E-03,  7.78783E-04
 5.82914E-04,  4.49910E-04,  7.79942E-04,  7.79942E-04,  6.44294E-04
 6.44294E-04,  6.44294E-04,  6.44294E-04,  6.44294E-04,  6.44294E-04
 7.07945E+00,  2.23583E+00,  5.74223E-01,  1.21100E-01,  4.11251E-02
 1.94977E-02,  1.23006E-02,  7.82727E-03,  4.53478E-03,  2.60270E-03
 1.60373E-03,  1.08376E-03,  7.82772E-04,  5.86677E-04,  4.52332E-04
 7.79548E-04,  7.79548E-04,  6.42086E-04,  6.42086E-04,  6.42086E-04
 6.42086E-04,  6.42086E-04,  6.42086E-04,  7.26465E+00,  3.31703E+00
 7.29422E-01,  1.32401E-01,  4.26913E-02,  1.99317E-02,  1.22081E-02
 7.64864E-03,  4.42434E-03,  2.55458E-03,  1.58920E-03,  1.08361E-03
 7.86774E-04,  5.90405E-04,  4.54554E-04,  7.78375E-04,  7.78375E-04
 6.38977E-04,  6.38977E-04,  6.38977E-04,  6.38977E-04,  6.38977E-04
 6.38977E-04,  5.24356E+00,  2.77775E+00,  6.72993E-01,  1.21527E-01
 4.20032E-02,  1.97111E-02,  1.17953E-02,  7.28261E-03,  4.23255E-03
 2.48206E-03,  1.57071E-03,  1.08402E-03,  7.91433E-04,  5.94339E-04
 4.56684E-04,  7.76553E-04,  7.76553E-04,  6.35046E-04,  6.35046E-04
 6.35046E-04,  6.35046E-04,  6.35046E-04,  6.35046E-04,  7.78762E+00
 2.04862E+00,  4.83878E-01,  1.06859E-01,  4.03098E-02,  1.87877E-02
 1.10608E-02,  6.76718E-03,  3.98546E-03,  2.39623E-03,  1.55145E-03
 1.08507E-03,  7.95969E-04,  5.97631E-04,  4.58005E-04,  7.72814E-04
 7.72814E-04,  6.29334E-04,  6.29334E-04,  6.29334E-04,  6.29334E-04
 6.29334E-04,  6.29334E-04,  3.83032E+00,  1.49740E+00,  3.63987E-01
 1.06500E-01,  3.85454E-02,  1.75625E-02,  1.01763E-02,  6.20765E-03
 3.74081E-03,  2.32403E-03,  1.54309E-03,  1.09225E-03,  8.03583E-04
 6.02511E-04,  4.60210E-04,  7.70053E-04,  7.70053E-04,  6.23859E-04
 6.23859E-04,  6.23859E-04,  6.23859E-04,  6.23859E-04,  6.23859E-04
 3.97359E+00,  1.58804E+00,  3.71470E-01,  1.01006E-01,  3.54551E-02
 1.62683E-02,  9.30948E-03,  5.70445E-03,  3.54735E-03,  2.28349E-03
 1.55066E-03,  1.10664E-03,  8.14451E-04,  6.09004E-04,  4.63326E-04
 7.68369E-04,  7.68369E-04,  6.18619E-04,  6.18619E-04,  6.18619E-04
 6.18619E-04,  6.18619E-04,  6.18619E-04,  3.73324E+00,  1.47794E+00
 3.27542E-01,  8.61989E-02,  3.18580E-02,  1.51137E-02,  8.60654E-03
 5.34817E-03,  3.44030E-03,  2.28088E-03,  1.57141E-03,  1.12442E-03
 8.25470E-04,  6.14776E-04,  4.65603E-04,  7.64887E-04,  7.64887E-04
 6.11708E-04,  6.11708E-04,  6.11708E-04,  6.11708E-04,  6.11708E-04
 6.11708E-04,  4.02563E+00,  1.42518E+00,  2.95851E-01,  7.76140E-02
 2.98194E-02,  1.43847E-02,  8.23687E-03,  5.23195E-03,  3.45335E-03
 2.32471E-03,  1.60710E-03,  1.14632E-03,  8.37356E-04,  6.20537E-04
 4.67677E-04,  7.60824E-04,  7.60824E-04,  6.04161E-04,  6.04161E-04
 6.04161E-04,  6.04161E-04,  6.04161E-04,  6.04161E-04,  4.06314E+00
 1.39808E+00,  2.95444E-01,  7.85394E-02,  2.98423E-02,  1.42984E-02
 8.31132E-03,  5.38244E-03,  3.58377E-03,  2.40879E-03,  1.65392E-03
 1.17056E-03,  8.49393E-04,  6.26026E-04,  4.69465E-04,  7.56238E-04
 7.56238E-04,  5.96058E-04,  5.96058E-04,  5.96058E-04,  5.96058E-04
 5.96058E-04,  5.96058E-04,  3.64447E+00,  1.40667E+00,  3.21480E-01
 8.61840E-02,  3.17646E-02,  1.49815E-02,  8.81045E-03,  5.74211E-03
 3.79302E-03,  2.51387E-03,  1.70292E-03,  1.19286E-03,  8.59302E-04
 6.29889E-04,  4.70077E-04,  7.49876E-04,  7.49876E-04,  5.86553E-04
 5.86553E-04,  5.86553E-04,  5.86553E-04,  5.86553E-04,  5.86553E-04
 4.94662E+00,  1.56035E+00,  3.60449E-01,  9.68149E-02,  3.50201E-02
 1.62669E-02,  9.58615E-03,  6.22115E-03,  4.04358E-03,  2.62889E-03
 1.75290E-03,  1.21479E-03,  8.69129E-04,  6.33963E-04,  4.71019E-04
 7.44392E-04,  7.44392E-04,  5.77423E-04,  5.77423E-04,  5.77423E-04
 5.77423E-04,  5.77423E-04,  5.77423E-04,  4.17086E+00,  1.67795E+00
 3.96672E-01,  1.04715E-01,  3.79579E-02,  1.75888E-02,  1.03859E-02
 6.70388E-03,  4.28796E-03,  2.73673E-03,  1.79821E-03,  1.23453E-03
 8.78228E-04,  6.37996E-04,  4.72186E-04,  7.39775E-04,  7.39775E-04
 5.68609E-04,  5.68609E-04,  5.68609E-04,  5.68609E-04,  5.68609E-04
 5.68609E-04,  6.45890E+00,  1.88427E+00,  4.37268E-01,  1.07477E-01
 3.89819E-02,  1.83330E-02,  1.09568E-02,  7.07325E-03,  4.47276E-03
 2.81376E-03,  1.82784E-03,  1.24620E-03,  8.82978E-04,  6.39530E-04
 4.71824E-04,  7.33350E-04,  7.33350E-04,  5.58497E-04,  5.58497E-04
 5.58497E-04,  5.58497E-04,  5.58497E-04,  5.58497E-04,  5.04761E+00
 2.07727E+00,  4.75698E-01,  1.05705E-01,  3.79378E-02,  1.83352E-02
 1.12081E-02,  7.28096E-03,  4.57839E-03,  2.85471E-03,  1.84157E-03
 1.25078E-03,  8.84406E-04,  6.39417E-04,  4.70607E-04,  7.26288E-04
 7.26288E-04,  5.48043E-04,  5.48043E-04,  5.48043E-04,  5.48043E-04
 5.48043E-04,  5.48043E-04,  2.81035E+00,  1.72245E+00,  4.18521E-01
 9.74313E-02,  3.59161E-02,  1.79059E-02,  1.11846E-02,  7.31808E-03
 4.59668E-03,  2.85683E-03,  1.83897E-03,  1.24830E-03,  8.82558E-04
 6.37672E-04,  4.68535E-04,  7.18654E-04,  7.18654E-04,  5.37311E-04
 5.37311E-04,  5.37311E-04,  5.37311E-04,  5.37311E-04,  5.37311E-04
 5.97272E+00,  1.22772E+00,  3.09220E-01,  8.73925E-02,  3.45001E-02
 1.75144E-02,  1.09900E-02,  7.19891E-03,  4.52705E-03,  2.81850E-03
 1.81864E-03,  1.23752E-03,  8.76315E-04,  6.33379E-04,  4.64897E-04
 7.09345E-04,  7.09345E-04,  5.25597E-04,  5.25597E-04,  5.25597E-04
 5.25597E-04,  5.25597E-04,  5.25597E-04,  1.83854E+00,  4.51301E-01
 2.30454E-01,  8.17872E-02,  3.40967E-02,  1.73626E-02,  1.07412E-02
 6.98414E-03,  4.40139E-03,  2.75713E-03,  1.79044E-03,  1.22418E-03
 8.69224E-04,  6.28865E-04,  4.61306E-04,  7.00788E-04,  7.00788E-04
 5.14359E-04,  5.14359E-04,  5.14359E-04,  5.14359E-04,  5.14359E-04
 5.14359E-04,  1.74054E+00,  4.66156E-01,  2.10357E-01,  7.71839E-02
 3.31793E-02,  1.71215E-02,  1.04250E-02,  6.70361E-03,  4.23986E-03
 2.68255E-03,  1.75864E-03,  1.20999E-03,  8.61917E-04,  6.24338E-04
 4.57812E-04,  6.92966E-04,  6.92966E-04,  5.03491E-04,  5.03491E-04
 5.03491E-04,  5.03491E-04,  5.03491E-04,  5.03491E-04,  9.02291E-01
 3.71305E-01,  1.74612E-01,  6.54269E-02,  3.04065E-02,  1.64026E-02
 9.96504E-03,  6.36148E-03,  4.04998E-03,  2.59612E-03,  1.72148E-03
 1.19246E-03,  8.52087E-04,  6.17932E-04,  4.52976E-04,  6.83598E-04
 6.83598E-04,  4.91720E-04,  4.91720E-04,  4.91720E-04,  4.91720E-04
 4.91720E-04,  4.91720E-04,  1.31345E+00,  3.61272E-01,  1.22897E-01
 5.08357E-02,  2.67976E-02,  1.53062E-02,  9.39541E-03,  6.00184E-03
 3.86181E-03,  2.51322E-03,  1.68626E-03,  1.17524E-03,  8.41793E-04
 6.10921E-04,  4.47642E-04,  6.73849E-04,  6.73849E-04,  4.79892E-04
 4.79892E-04,  4.79892E-04,  4.79892E-04,  4.79892E-04,  4.79892E-04
 1.27954E+00,  4.71362E-01,  1.40805E-01,  5.08355E-02,  2.48854E-02
 1.42572E-02,  8.81559E-03,  5.66934E-03,  3.69816E-03,  2.44386E-03
 1.65689E-03,  1.15989E-03,  8.31716E-04,  6.03625E-04,  4.41963E-04
 6.63833E-04,  6.63833E-04,  4.68052E-04,  4.68052E-04,  4.68052E-04
 4.68052E-04,  4.68052E-04,  4.68052E-04,  4.55574E-01,  3.29719E-01
 1.64640E-01,  5.99708E-02,  2.53211E-02,  1.36263E-02,  8.34729E-03
 5.40430E-03,  3.57262E-03,  2.39152E-03,  1.63346E-03,  1.14569E-03
 8.21095E-04,  5.95390E-04,  4.35408E-04,  6.52643E-04,  6.52643E-04
 4.55639E-04,  4.55639E-04,  4.55639E-04,  4.55639E-04,  4.55639E-04
 4.55639E-04,  5.35104E-01,  1.52732E-01,  1.46599E-01,  6.24711E-02
 2.63273E-02,  1.35006E-02,  8.10677E-03,  5.25745E-03,  3.50747E-03
 2.36736E-03,  1.62247E-03,  1.13697E-03,  8.12971E-04,  5.88358E-04
 4.29484E-04,  6.42388E-04,  6.42388E-04,  4.43776E-04,  4.43776E-04
 4.43776E-04,  4.43776E-04,  4.43776E-04,  4.43776E-04,  4.57687E-01
 1.61870E-01,  1.37187E-01,  6.10121E-02,  2.68591E-02,  1.37094E-02
 8.10307E-03,  5.23478E-03,  3.50268E-03,  2.37042E-03,  1.62334E-03
 1.13360E-03,  8.07401E-04,  5.82601E-04,  4.24223E-04,  6.33014E-04
 6.33014E-04,  4.32330E-04,  4.32330E-04,  4.32330E-04,  4.32330E-04
 4.32330E-04,  4.32330E-04,  8.22661E-01,  2.99106E-01,  1.44189E-01
 5.86270E-02,  2.69759E-02,  1.40624E-02,  8.25644E-03,  5.30030E-03
 3.53826E-03,  2.38889E-03,  1.62912E-03,  1.13138E-03,  8.01722E-04
 5.76318E-04,  4.18344E-04,  6.22641E-04,  6.22641E-04,  4.20361E-04
 4.20361E-04,  4.20361E-04,  4.20361E-04,  4.20361E-04,  4.20361E-04
 1.26479E+00,  3.73288E-01,  1.34089E-01,  5.53618E-02,  2.71374E-02
 1.44766E-02,  8.49259E-03,  5.42591E-03,  3.60462E-03,  2.42012E-03
 1.63986E-03,  1.13132E-03,  7.97064E-04,  5.70461E-04,  4.12570E-04
 6.12329E-04,  6.12329E-04,  4.08588E-04,  4.08588E-04,  4.08588E-04
 4.08588E-04,  4.08588E-04,  4.08588E-04,  1.23539E+00,  4.09296E-01
 1.31740E-01,  5.58577E-02,  2.78175E-02,  1.48834E-02,  8.74102E-03
 5.57722E-03,  3.68619E-03,  2.45741E-03,  1.65300E-03,  1.13260E-03
 7.93261E-04,  5.65047E-04,  4.06947E-04,  6.02144E-04,  6.02144E-04
 3.97034E-04,  3.97034E-04,  3.97034E-04,  3.97034E-04,  3.97034E-04
 3.97034E-04,  7.72763E-01,  3.27044E-01,  1.46919E-01,  6.10211E-02
 2.89980E-02,  1.52379E-02,  8.95766E-03,  5.72254E-03,  3.76430E-03
 2.49099E-03,  1.66365E-03,  1.13271E-03,  7.88915E-04,  5.59214E-04
 4.00893E-04,  5.91291E-04,  5.91291E-04,  3.85266E-04,  3.85266E-04
 3.85266E-04,  3.85266E-04,  3.85266E-04,  3.85266E-04,  1.20440E+00
 3.71129E-01,  1.59903E-01,  6.81560E-02,  3.06066E-02,  1.56046E-02
 9.16449E-03,  5.86528E-03,  3.84083E-03,  2.52396E-03,  1.67516E-03
 1.13453E-03,  7.86264E-04,  5.54618E-04,  3.95608E-04,  5.81444E-04
 5.81444E-04,  3.74107E-04,  3.74107E-04,  3.74107E-04,  3.74107E-04
 3.74107E-04,  3.74107E-04,  6.13704E-01,  2.85484E-01,  1.82312E-01
 7.68304E-02,  3.24451E-02,  1.59881E-02,  9.36259E-03,  5.99743E-03
 3.90964E-03,  2.55344E-03,  1.68639E-03,  1.13759E-03,  7.85077E-04
 5.51122E-04,  3.90988E-04,  5.72454E-04,  5.72454E-04,  3.63411E-04
 3.63411E-04,  3.63411E-04,  3.63411E-04,  3.63411E-04,  3.63411E-04
 5.57763E-01,  3.34763E-01,  2.04670E-01,  8.31749E-02,  3.37344E-02
 1.62526E-02,  9.51095E-03,  6.09355E-03,  3.95468E-03,  2.56997E-03
 1.69161E-03,  1.13817E-03,  7.82813E-04,  5.46973E-04,  3.85809E-04
 5.62777E-04,  5.62777E-04,  3.52519E-04,  3.52519E-04,  3.52519E-04
 3.52519E-04,  3.52519E-04,  3.52519E-04,  1.13049E+00,  3.91423E-01
 1.98214E-01,  8.31923E-02,  3.38120E-02,  1.62980E-02,  9.59875E-03
 6.15465E-03,  3.97935E-03,  2.57702E-03,  1.69347E-03,  1.13800E-03
 7.80606E-04,  5.42940E-04,  3.80625E-04,  5.53307E-04,  5.53307E-04
 3.42019E-04,  3.42019E-04,  3.42019E-04,  3.42019E-04,  3.42019E-04
 3.42019E-04,  8.29798E-01,  3.12517E-01,  1.74902E-01,  7.64015E-02
 3.25423E-02,  1.61229E-02,  9.62193E-03,  6.17836E-03,  3.98402E-03
 2.57562E-03,  1.69262E-03,  1.13731E-03,  7.78441E-04,  5.38957E-04
 3.75383E-04,  5.44035E-04,  5.44035E-04,  3.31914E-04,  3.31914E-04
 3.31914E-04,  3.31914E-04,  3.31914E-04,  3.31914E-04,  1.25310E+00
 3.80434E-01,  1.46435E-01,  6.70166E-02,  3.08478E-02,  1.58901E-02
 9.59358E-03,  6.16146E-03,  3.96631E-03,  2.56417E-03,  1.68763E-03
 1.13473E-03,  7.75171E-04,  5.34170E-04,  3.69492E-04,  5.34247E-04
 5.34247E-04,  3.21865E-04,  3.21865E-04,  3.21865E-04,  3.21865E-04
 3.21865E-04,  3.21865E-04,  1.34635E+00,  3.94656E-01,  1.50560E-01
 6.61142E-02,  3.05860E-02,  1.58794E-02,  9.57253E-03,  6.13051E-03
 3.94280E-03,  2.55310E-03,  1.68476E-03,  1.13398E-03,  7.73084E-04
 5.30056E-04,  3.63955E-04,  5.25210E-04,  5.25210E-04,  3.12470E-04
 3.12470E-04,  3.12470E-04,  3.12470E-04,  3.12470E-04,  3.12470E-04
 7.79085E-01,  3.35284E-01,  1.83924E-01,  7.51680E-02,  3.20565E-02
 1.61132E-02,  9.56870E-03,  6.09408E-03,  3.91900E-03,  2.54530E-03
 1.68516E-03,  1.13531E-03,  7.72083E-04,  5.26466E-04,  3.58643E-04
 5.16706E-04,  5.16706E-04,  3.03600E-04,  3.03600E-04,  3.03600E-04
 3.03600E-04,  3.03600E-04,  3.03600E-04,  5.97892E-01,  2.24157E-01
 2.01764E-01,  8.29183E-02,  3.35518E-02,  1.63385E-02,  9.54467E-03
 6.04365E-03,  3.88978E-03,  2.53627E-03,  1.68488E-03,  1.13553E-03
 7.69835E-04,  5.21807E-04,  3.52504E-04,  5.07538E-04,  5.07538E-04
 2.94773E-04,  2.94773E-04,  2.94773E-04,  2.94773E-04,  2.94773E-04
 2.94773E-04,  6.42139E-01,  2.10884E-01,  2.03641E-01,  8.36017E-02
 3.38154E-02,  1.63866E-02,  9.50200E-03,  5.99466E-03,  3.86601E-03
 2.53222E-03,  1.68717E-03,  1.13640E-03,  7.67421E-04,  5.16824E-04
 3.46095E-04,  4.98494E-04,  4.98494E-04,  2.86459E-04,  2.86459E-04
 2.86459E-04,  2.86459E-04,  2.86459E-04,  2.86459E-04,  6.60731E-01
 3.52863E-01,  1.89491E-01,  7.67874E-02,  3.27178E-02,  1.62446E-02
 9.44593E-03,  5.95335E-03,  3.85185E-03,  2.53485E-03,  1.69237E-03
 1.13783E-03,  7.64733E-04,  5.11477E-04,  3.39444E-04,  4.89551E-04
 4.89551E-04,  2.78639E-04,  2.78639E-04,  2.78639E-04,  2.78639E-04
 2.78639E-04,  2.78639E-04,  1.25329E+00,  4.05660E-01,  1.51150E-01
 6.64822E-02,  3.11837E-02,  1.60436E-02,  9.38483E-03,  5.91832E-03
 3.84527E-03,  2.54143E-03,  1.69786E-03,  1.13789E-03,  7.60526E-04
 5.05029E-04,  3.32146E-04,  4.80133E-04,  4.80133E-04,  2.71018E-04
 2.71018E-04,  2.71018E-04,  2.71018E-04,  2.71018E-04,  2.71018E-04
 7.22492E-01,  2.27594E-01,  1.15427E-01,  6.18670E-02,  3.06063E-02
 1.59912E-02,  9.36241E-03,  5.91173E-03,  3.85975E-03,  2.55956E-03
 1.70810E-03,  1.13949E-03,  7.56796E-04,  4.98854E-04,  3.25161E-04
 4.71205E-04,  4.71205E-04,  2.64076E-04,  2.64076E-04,  2.64076E-04
 2.64076E-04,  2.64076E-04,  2.64076E-04,  5.94998E-01,  1.91572E-01
 1.14794E-01,  6.26968E-02,  3.09212E-02,  1.60850E-02,  9.38064E-03
 5.93761E-03,  3.89662E-03,  2.58859E-03,  1.72221E-03,  1.14209E-03
 7.53296E-04,  4.92873E-04,  3.18497E-04,  4.62569E-04,  4.62569E-04
 2.57722E-04,  2.57722E-04,  2.57722E-04,  2.57722E-04,  2.57722E-04
 2.57722E-04,  5.86983E-01,  1.84823E-01,  1.08637E-01,  6.24714E-02
 3.11920E-02,  1.61722E-02,  9.40946E-03,  5.98196E-03,  3.94356E-03
 2.61876E-03,  1.73366E-03,  1.14174E-03,  7.47759E-04,  4.85818E-04
 3.11468E-04,  4.53388E-04,  4.53388E-04,  2.51511E-04,  2.51511E-04
 2.51511E-04,  2.51511E-04,  2.51511E-04,  2.51511E-04,  5.65038E-01
 1.80582E-01,  1.04479E-01,  6.18863E-02,  3.13171E-02,  1.62445E-02
 9.46897E-03,  6.05395E-03,  4.00233E-03,  2.65042E-03,  1.74326E-03
 1.13957E-03,  7.41252E-04,  4.78539E-04,  3.04730E-04,  4.44395E-04
 4.44395E-04,  2.45801E-04,  2.45801E-04,  2.45801E-04,  2.45801E-04
 2.45801E-04,  2.45801E-04,  6.38683E-01,  1.78737E-01,  1.07159E-01
 6.30488E-02,  3.16583E-02,  1.63682E-02,  9.57051E-03,  6.14805E-03
 4.06540E-03,  2.67902E-03,  1.74913E-03,  1.13506E-03,  7.33747E-04
 4.71149E-04,  2.98437E-04,  4.35586E-04,  4.35586E-04,  2.40547E-04
 2.40547E-04,  2.40547E-04,  2.40547E-04,  2.40547E-04,  2.40547E-04
 7.82400E-01,  2.29425E-01,  1.18220E-01,  6.59217E-02,  3.22602E-02
 1.65403E-02,  9.68893E-03,  6.23818E-03,  4.11472E-03,  2.69464E-03
 1.74646E-03,  1.12595E-03,  7.24157E-04,  4.63112E-04,  2.92332E-04
 4.26495E-04,  4.26495E-04,  2.35428E-04,  2.35428E-04,  2.35428E-04
 2.35428E-04,  2.35428E-04,  2.35428E-04,  1.35920E+00,  3.78774E-01
 1.51197E-01,  7.09173E-02,  3.30352E-02,  1.67412E-02,  9.81511E-03
 6.31859E-03,  4.15012E-03,  2.70053E-03,  1.73904E-03,  1.11524E-03
 7.14495E-04,  4.55707E-04,  2.87230E-04,  4.17897E-04,  4.17897E-04
 2.30929E-04,  2.30929E-04,  2.30929E-04,  2.30929E-04,  2.30929E-04
 2.30929E-04,  9.57514E-01,  3.59554E-01,  1.86338E-01,  7.83766E-02
 3.40159E-02,  1.69279E-02,  9.90751E-03,  6.36271E-03,  4.15967E-03
 2.69271E-03,  1.72593E-03,  1.10279E-03,  7.04769E-04,  4.48951E-04
 2.83160E-04,  4.09659E-04,  4.09659E-04,  2.26993E-04,  2.26993E-04
 2.26993E-04,  2.26993E-04,  2.26993E-04,  2.26993E-04,  1.57252E+00
 4.11935E-01,  2.12143E-01,  8.62250E-02,  3.52468E-02,  1.70977E-02
 9.90515E-03,  6.32405E-03,  4.11861E-03,  2.65902E-03,  1.70099E-03
 1.08536E-03,  6.93171E-04,  4.41799E-04,  2.79489E-04,  4.01104E-04
 4.01104E-04,  2.23066E-04,  2.23066E-04,  2.23066E-04,  2.23066E-04
 2.23066E-04,  2.23066E-04,  1.42167E+00,  4.00307E-01,  2.36801E-01
 9.30645E-02,  3.69507E-02,  1.73490E-02,  9.80565E-03,  6.19829E-03
 4.02947E-03,  2.60353E-03,  1.66745E-03,  1.06504E-03,  6.80966E-04
 4.34978E-04,  2.76613E-04,  3.92832E-04,  3.92832E-04,  2.19421E-04
 2.19421E-04,  2.19421E-04,  2.19421E-04,  2.19421E-04,  2.19421E-04
 4.58580E+00,  9.80485E-01,  2.84612E-01,  1.01076E-01,  3.90865E-02
 1.75717E-02,  9.57944E-03,  5.98595E-03,  3.89672E-03,  2.52917E-03
 1.62676E-03,  1.04240E-03,  6.68301E-04,  4.28462E-04,  2.74429E-04
 3.84778E-04,  3.84778E-04,  2.15993E-04,  2.15993E-04,  2.15993E-04
 2.15993E-04,  2.15993E-04,  2.15993E-04,  2.17319E+00,  1.24633E+00
 3.47696E-01,  1.09229E-01,  4.03869E-02,  1.73640E-02,  9.17605E-03
 5.69384E-03,  3.72515E-03,  2.43657E-03,  1.57799E-03,  1.01631E-03
 6.54241E-04,  4.21554E-04,  2.72374E-04,  3.76429E-04,  3.76429E-04
 2.12406E-04,  2.12406E-04,  2.12406E-04,  2.12406E-04,  2.12406E-04
 2.12406E-04,  2.11424E+00,  1.36995E+00,  3.58955E-01,  1.08633E-01
 3.92076E-02,  1.65040E-02,  8.65389E-03,  5.37870E-03,  3.54438E-03
 2.34008E-03,  1.52820E-03,  9.90283E-04,  6.40595E-04,  4.15212E-04
 2.70977E-04,  3.68514E-04,  3.68514E-04,  2.09243E-04,  2.09243E-04
 2.09243E-04,  2.09243E-04,  2.09243E-04,  2.09243E-04,  4.59297E+00
 1.06799E+00,  2.87170E-01,  9.71849E-02,  3.56161E-02,  1.52479E-02
 8.14471E-03,  5.08855E-03,  3.37064E-03,  2.24513E-03,  1.47897E-03
 9.64624E-04,  6.27272E-04,  4.09247E-04,  2.70065E-04,  3.60936E-04
 3.60936E-04,  2.06486E-04,  2.06486E-04,  2.06486E-04,  2.06486E-04
 2.06486E-04,  2.06486E-04,  1.97335E+00,  5.48346E-01,  2.24630E-01
 8.44217E-02,  3.19422E-02,  1.43122E-02,  7.81252E-03,  4.85113E-03
 3.20587E-03,  2.14879E-03,  1.42693E-03,  9.36644E-04,  6.12384E-04
 4.02343E-04,  2.68641E-04,  3.52854E-04,  3.52854E-04,  2.03420E-04
 2.03420E-04,  2.03420E-04,  2.03420E-04,  2.03420E-04,  2.03420E-04
 1.64625E+00,  4.75156E-01,  2.06648E-01,  7.86816E-02,  3.08897E-02
 1.43358E-02,  7.76461E-03,  4.69168E-03,  3.06233E-03,  2.05745E-03
 1.37510E-03,  9.07767E-04,  5.96644E-04,  3.94850E-04,  2.66829E-04
 3.44709E-04,  3.44709E-04,  2.00295E-04,  2.00295E-04,  2.00295E-04
 2.00295E-04,  2.00295E-04,  2.00295E-04,  1.41232E+00,  4.51777E-01
 2.07996E-01,  8.20130E-02,  3.27061E-02,  1.50859E-02,  7.89103E-03
 4.58858E-03,  2.93908E-03,  1.97170E-03,  1.32341E-03,  8.77679E-04
 5.79746E-04,  3.86499E-04,  2.64369E-04,  3.36391E-04,  3.36391E-04
 1.97062E-04,  1.97062E-04,  1.97062E-04,  1.97062E-04,  1.97062E-04
 1.97062E-04,  1.33514E+00,  4.91032E-01,  2.65498E-01,  1.00497E-01
 3.74008E-02,  1.60407E-02,  7.99099E-03,  4.49531E-03,  2.82630E-03
 1.88780E-03,  1.26942E-03,  8.44710E-04,  5.60560E-04,  3.76498E-04
 2.60620E-04,  3.27336E-04,  3.27336E-04,  1.93331E-04,  1.93331E-04
 1.93331E-04,  1.93331E-04,  1.93331E-04,  1.93331E-04,  1.02294E+00
 5.19401E-01,  3.04801E-01,  1.20817E-01,  4.34396E-02,  1.70154E-02
 7.99432E-03,  4.39604E-03,  2.72618E-03,  1.80986E-03,  1.21637E-03
 8.11139E-04,  5.40639E-04,  3.65881E-04,  2.56318E-04,  3.18441E-04
 3.18441E-04,  1.89813E-04,  1.89813E-04,  1.89813E-04,  1.89813E-04
 1.89813E-04,  1.89813E-04,  1.11420E+00,  4.78705E-01,  2.72792E-01
 1.18956E-01,  4.56325E-02,  1.74860E-02,  7.87789E-03,  4.27879E-03
 2.63244E-03,  1.73547E-03,  1.16340E-03,  7.76696E-04,  5.19895E-04
 3.54592E-04,  2.51444E-04,  3.09693E-04,  3.09693E-04,  1.86525E-04
 1.86525E-04,  1.86525E-04,  1.86525E-04,  1.86525E-04,  1.86525E-04
 2.24102E+00,  5.74988E-01,  2.24090E-01,  1.02779E-01,  4.32102E-02
 1.71025E-02,  7.61455E-03,  4.13012E-03,  2.53276E-03,  1.65752E-03
 1.10655E-03,  7.38993E-04,  4.96749E-04,  3.41498E-04,  2.45073E-04
 3.00113E-04,  3.00113E-04,  1.82667E-04,  1.82667E-04,  1.82667E-04
 1.82667E-04,  1.82667E-04,  1.82667E-04,  1.65567E+00,  5.48800E-01
 2.28193E-01,  8.72014E-02,  3.87170E-02,  1.59967E-02,  7.22781E-03
 3.95803E-03,  2.42863E-03,  1.57785E-03,  1.04782E-03,  6.99589E-04
 4.72249E-04,  3.27269E-04,  2.37622E-04,  2.90172E-04,  2.90172E-04
 1.78517E-04,  1.78517E-04,  1.78517E-04,  1.78517E-04,  1.78517E-04
 1.78517E-04,  2.01375E+00,  3.78246E-01,  2.26453E-01,  8.22863E-02
 3.36312E-02,  1.43853E-02,  6.75093E-03,  3.76951E-03,  2.32035E-03
 1.49697E-03,  9.88093E-04,  6.59182E-04,  4.46810E-04,  3.12124E-04
 2.29202E-04,  2.79885E-04,  2.79885E-04,  1.74072E-04,  1.74072E-04
 1.74072E-04,  1.74072E-04,  1.74072E-04,  1.74072E-04,  1.74618E+00
 6.01475E-01,  3.46932E-01,  8.81689E-02,  2.98901E-02,  1.27651E-02
 6.26945E-03,  3.58000E-03,  2.20955E-03,  1.41501E-03,  9.27582E-04
 6.17864E-04,  4.20351E-04,  2.95893E-04,  2.19589E-04,  2.68835E-04
 2.68835E-04,  1.68987E-04,  1.68987E-04,  1.68987E-04,  1.68987E-04
 1.68987E-04,  1.68987E-04,  5.46561E+00,  1.29534E+00,  4.34515E-01
 1.04194E-01,  3.02757E-02,  1.19897E-02,  5.95461E-03,  3.43154E-03
 2.11128E-03,  1.33977E-03,  8.71233E-04,  5.78854E-04,  3.94971E-04
 2.79992E-04,  2.09861E-04,  2.58077E-04,  2.58077E-04,  1.64024E-04
 1.64024E-04,  1.64024E-04,  1.64024E-04,  1.64024E-04,  1.64024E-04
 3.15571E+00,  1.74806E+00,  4.24397E-01,  1.09754E-01,  3.22831E-02
 1.21635E-02,  5.89315E-03,  3.34793E-03,  2.03298E-03,  1.27418E-03
 8.20611E-04,  5.43057E-04,  3.71184E-04,  2.64724E-04,  2.00246E-04
 2.47686E-04,  2.47686E-04,  1.59220E-04,  1.59220E-04,  1.59220E-04
 1.59220E-04,  1.59220E-04,  1.59220E-04,  4.30094E+00,  1.77100E+00
 3.92171E-01,  1.01388E-01,  3.22344E-02,  1.25719E-02,  6.00585E-03
 3.31837E-03,  1.97170E-03,  1.21648E-03,  7.74571E-04,  5.09632E-04
 3.48282E-04,  2.49469E-04,  1.90154E-04,  2.36764E-04,  2.36764E-04
 1.53816E-04,  1.53816E-04,  1.53816E-04,  1.53816E-04,  1.53816E-04
 1.53816E-04,  4.84623E+00,  1.49576E+00,  3.42995E-01,  8.92038E-02
 3.02329E-02,  1.27196E-02,  6.15688E-03,  3.31956E-03,  1.92631E-03
 1.16870E-03,  7.35118E-04,  4.80120E-04,  3.27351E-04,  2.34988E-04
 1.80140E-04,  2.25794E-04,  2.25794E-04,  1.48105E-04,  1.48105E-04
 1.48105E-04,  1.48105E-04,  1.48105E-04,  1.48105E-04,  4.65632E+00
 1.83162E+00,  4.07721E-01,  8.83466E-02,  2.82647E-02,  1.25600E-02
 6.22583E-03,  3.31255E-03,  1.88692E-03,  1.12850E-03,  7.01936E-04
 4.54744E-04,  3.08697E-04,  2.21539E-04,  1.70413E-04,  2.14859E-04
 2.14859E-04,  1.42126E-04,  1.42126E-04,  1.42126E-04,  1.42126E-04
 1.42126E-04,  1.42126E-04,  4.60202E+00,  2.46077E+00,  5.14219E-01
 9.35787E-02,  2.70980E-02,  1.21480E-02,  6.13861E-03,  3.26019E-03
 1.83974E-03,  1.09070E-03,  6.72938E-04,  4.32661E-04,  2.91965E-04
 2.08948E-04,  1.60836E-04,  2.03639E-04,  2.03639E-04,  1.35614E-04
 1.35614E-04,  1.35614E-04,  1.35614E-04,  1.35614E-04,  1.35614E-04
 5.21740E+00,  2.18421E+00,  4.79750E-01,  8.91004E-02,  2.54877E-02
 1.14556E-02,  5.89286E-03,  3.15534E-03,  1.78229E-03,  1.05513E-03
 6.48668E-04,  4.14653E-04,  2.78001E-04,  1.98009E-04,  1.52160E-04
 1.93013E-04,  1.93013E-04,  1.29260E-04,  1.29260E-04,  1.29260E-04
 1.29260E-04,  1.29260E-04,  1.29260E-04,  5.07706E+00,  1.59309E+00
 3.42255E-01,  7.22809E-02,  2.23679E-02,  1.04406E-02,  5.50231E-03
 2.99635E-03,  1.71108E-03,  1.01935E-03,  6.27605E-04,  3.99898E-04
 2.66447E-04,  1.88618E-04,  1.44397E-04,  1.82974E-04,  1.82974E-04
 1.23093E-04,  1.23093E-04,  1.23093E-04,  1.23093E-04,  1.23093E-04
 1.23093E-04,  4.30146E+00,  1.41600E+00,  2.83116E-01,  5.80455E-02
 1.88398E-02,  9.23301E-03,  5.00044E-03,  2.78639E-03,  1.62243E-03
 9.79474E-04,  6.06817E-04,  3.86437E-04,  2.56066E-04,  1.79976E-04
 1.36932E-04,  1.72739E-04,  1.72739E-04,  1.16511E-04,  1.16511E-04
 1.16511E-04,  1.16511E-04,  1.16511E-04,  1.16511E-04,  4.67198E+00
 1.55274E+00,  3.13913E-01,  5.64194E-02,  1.63538E-02,  8.10457E-03
 4.46550E-03,  2.55141E-03,  1.52431E-03,  9.37576E-04,  5.86596E-04
 3.74185E-04,  2.46850E-04,  1.72213E-04,  1.29953E-04,  1.62621E-04
 1.62621E-04,  1.09796E-04,  1.09796E-04,  1.09796E-04,  1.09796E-04
 1.09796E-04,  1.09796E-04,  3.68671E+00,  1.75702E+00,  3.22032E-01
 5.32915E-02,  1.45912E-02,  7.16228E-03,  3.95293E-03,  2.31424E-03
 1.42385E-03,  8.94998E-04,  5.66565E-04,  3.62504E-04,  2.38344E-04
 1.65115E-04,  1.23364E-04,  1.52610E-04,  1.52610E-04,  1.03017E-04
 1.03017E-04,  1.03017E-04,  1.03017E-04,  1.03017E-04,  1.03017E-04
 4.42822E+00,  1.60499E+00,  2.87997E-01,  4.46637E-02,  1.27743E-02
 6.32192E-03,  3.48130E-03,  2.09028E-03,  1.32609E-03,  8.52060E-04
 5.45704E-04,  3.50297E-04,  2.29735E-04,  1.58202E-04,  1.16826E-04
 1.42399E-04,  1.42399E-04,  9.60298E-05,  9.60298E-05,  9.60298E-05
 9.60298E-05,  9.60298E-05,  9.60298E-05,  1.33373E+00,  1.33515E+00
 2.18886E-01,  3.19392E-02,  1.10695E-02,  5.53554E-03,  3.06578E-03
 1.89754E-03,  1.24029E-03,  8.12595E-04,  5.25492E-04,  3.38160E-04
 2.21341E-04,  1.51841E-04,  1.10680E-04,  1.32556E-04,  1.32556E-04
 8.93910E-05,  8.93910E-05,  8.93910E-05,  8.93910E-05,  8.93910E-05
 8.93910E-05,  3.37917E+00,  7.33354E-01,  9.70113E-02,  2.12158E-02
 9.68639E-03,  4.76241E-03,  2.70512E-03,  1.74143E-03,  1.16943E-03
 7.77481E-04,  5.05951E-04,  3.25903E-04,  2.12967E-04,  1.46088E-04
 1.05117E-04,  1.23489E-04,  1.23489E-04,  8.37076E-05,  8.37076E-05
 8.37076E-05,  8.37076E-05,  8.37076E-05,  8.37076E-05,  7.49325E-01
 7.39880E-02,  3.50512E-02,  1.78091E-02,  7.80662E-03,  3.90867E-03
 2.39102E-03,  1.61770E-03,  1.11098E-03,  7.46763E-04,  4.88963E-04
 3.16200E-04,  2.07411E-04,  1.43702E-04,  1.04431E-04,  1.22473E-04
 1.22473E-04,  8.71316E-05,  8.71316E-05,  8.71316E-05,  8.71316E-05
 8.71316E-05,  8.71316E-05,  6.80049E-01,  1.91965E-01,  7.34265E-02
 2.98162E-02,  1.32207E-02,  7.43197E-03,  5.17167E-03,  3.88957E-03
 2.90720E-03,  2.09418E-03,  1.45272E-03,  9.88689E-04,  6.82126E-04
 4.97963E-04,  4.15481E-04,  5.57117E-04,  5.57117E-04,  4.82525E-04
 4.82525E-04,  4.82525E-04,  4.82525E-04,  4.82525E-04,  4.82525E-04
 6.80049E-01,  1.91965E-01,  7.34265E-02,  2.98162E-02,  1.32207E-02
 7.43197E-03,  5.17167E-03,  3.88957E-03,  2.90720E-03,  2.09418E-03
 1.45272E-03,  9.88689E-04,  6.82126E-04,  4.97963E-04,  4.15481E-04
 5.57117E-04,  5.57117E-04,  4.82525E-04,  4.82525E-04,  4.82525E-04
 4.82525E-04,  4.82525E-04,  4.82525E-04,  2.44096E-02,  2.56588E-02
 2.45351E-02,  1.97021E-02,  1.43704E-02,  1.04326E-02,  8.03095E-03
 6.62061E-03,  5.68365E-03,  4.93725E-03,  4.27649E-03,  3.67214E-03
 3.12495E-03,  2.65070E-03,  2.27119E-03,  5.13981E-03,  5.13981E-03
 7.70422E-03,  7.70422E-03,  7.70422E-03,  7.70422E-03,  7.70422E-03
 7.70422E-03,  2.44096E-02,  2.56588E-02,  2.45351E-02,  1.97021E-02
 1.43704E-02,  1.04326E-02,  8.03095E-03,  6.62061E-03,  5.68365E-03
 4.93725E-03,  4.27649E-03,  3.67214E-03,  3.12495E-03,  2.65070E-03
 2.27119E-03,  5.13981E-03,  5.13981E-03,  7.70422E-03,  7.70422E-03
 7.70422E-03,  7.70422E-03,  7.70422E-03,  7.70422E-03,  2.44096E-02
 2.56588E-02,  2.45351E-02,  1.97021E-02,  1.43704E-02,  1.04326E-02
 8.03095E-03,  6.62061E-03,  5.68365E-03,  4.93725E-03,  4.27649E-03
 3.67214E-03,  3.12495E-03,  2.65070E-03,  2.27119E-03,  5.13981E-03
 5.13981E-03,  7.70422E-03,  7.70422E-03,  7.70422E-03,  7.70422E-03
 7.70422E-03,  7.70422E-03,  2.44096E-02,  2.56588E-02,  2.45351E-02
 1.97021E-02,  1.43704E-02,  1.04326E-02,  8.03095E-03,  6.62061E-03
 5.68365E-03,  4.93725E-03,  4.27649E-03,  3.67214E-03,  3.12495E-03
 2.65070E-03,  2.27119E-03,  5.13981E-03,  5.13981E-03,  7.70422E-03
 7.70422E-03,  7.70422E-03,  7.70422E-03,  7.70422E-03,  7.70422E-03
 2.44096E-02,  2.56588E-02,  2.45351E-02,  1.97021E-02,  1.43704E-02
 1.04326E-02,  8.03095E-03,  6.62061E-03,  5.68365E-03,  4.93725E-03
 4.27649E-03,  3.67214E-03,  3.12495E-03,  2.65070E-03,  2.27119E-03
 5.13981E-03,  5.13981E-03,  7.70422E-03,  7.70422E-03,  7.70422E-03
 7.70422E-03,  7.70422E-03,  7.70422E-03,  2.44096E-02,  2.56588E-02
 2.45351E-02,  1.97021E-02,  1.43704E-02,  1.04326E-02,  8.03095E-03
 6.62061E-03,  5.68365E-03,  4.93725E-03,  4.27649E-03,  3.67214E-03
 3.12495E-03,  2.65070E-03,  2.27119E-03,  5.13981E-03,  5.13981E-03
 7.70422E-03,  7.70422E-03,  7.70422E-03,  7.70422E-03,  7.70422E-03
 7.70422E-03

;------ Iteration  2
;-Index  V/I_Meas      V/I_Calc    VI_%ERR
  1,    2.07243E+01,   1.35116E+01,  -34.80
  2,    2.56875E+00,   7.36487E-01,  -71.33
  3,    1.24840E+00,   4.76842E-01,  -61.80
  4,    9.38865E-02,   1.87248E-01,  99.44
  5,    1.51760E-01,   1.18312E-01,  -22.04
  6,    9.01102E-02,   9.47861E-02,  5.19
  7,    2.51083E+01,   1.28260E+01,  -48.92
  8,    6.05705E+00,   2.43718E+00,  -59.76
  9,    2.62075E+00,   1.23856E+00,  -52.74
  10,    1.10857E+00,   3.37576E-01,  -69.55
  11,    1.39745E-01,   5.60576E-02,  -59.89
  12,    8.66431E-02,   1.66447E-02,  -80.79
  13,    3.66935E-02,   8.32243E-02,  126.81
  14,    2.42305E-01,   1.07563E-01,  -55.61
  15,    1.08723E-01,   8.77385E-02,  -19.30
  16,    6.45944E-02,   6.20673E-02,  -3.91
  17,    3.79840E-02,   3.76908E-02,  -0.77
  18,    2.77012E-02,   2.77987E-02,  0.35
  19,    2.10235E+01,   2.57958E+01,  22.70
  20,    5.51175E+00,   1.07283E+01,  94.64
  21,    2.10442E+00,   2.59245E+00,  23.19
  22,    8.42778E-01,   4.77311E-01,  -43.36
  23,    1.23720E-01,   5.30846E-02,  -57.09
  24,    8.03241E-02,   5.43655E-02,  -32.32
  25,    2.18757E-01,   1.25822E-01,  -42.48
  26,    1.03491E-01,   8.73516E-02,  -15.59
  27,    5.92737E-02,   5.34816E-02,  -9.77
  28,    3.80062E-02,   3.02081E-02,  -20.52
  29,    2.69831E-02,   2.34295E-02,  -13.17
  30,    4.16334E-02,   4.52995E-02,  8.81
  31,    3.13011E-02,   3.48004E-02,  11.18
  32,    2.56430E-02,   3.06407E-02,  19.49
  33,    2.12077E+01,   2.42594E+01,  14.39
  34,    5.34089E+00,   4.64738E+00,  -12.98
  35,    1.90316E+00,   7.46340E-01,  -60.78
  36,    7.61439E-01,   4.86254E-01,  -36.14
  37,    1.40548E-01,   6.36988E-02,  -54.68
  38,    7.82689E-02,   4.50086E-02,  -42.49
  39,    2.08930E-01,   1.62689E-01,  -22.13
  40,    1.10353E-01,   1.04310E-01,  -5.48
  41,    5.87669E-02,   5.72047E-02,  -2.66
  42,    4.03443E-02,   3.87717E-02,  -3.90
  43,    2.84742E-02,   2.62954E-02,  -7.65
  44,    4.56410E-02,   3.91388E-02,  -14.25
  45,    3.47810E-02,   3.13779E-02,  -9.78
  46,    2.67499E-02,   2.47111E-02,  -7.62
  47,    4.41874E-02,   4.75852E-02,  7.69
  48,    2.76329E-02,   3.15904E-02,  14.32
  49,    2.43151E-02,   2.71997E-02,  11.86
  50,    2.33259E+01,   1.09895E+01,  -52.89
  51,    4.91551E+00,   1.19293E+00,  -75.73
  52,    1.71542E+00,   5.66232E-01,  -66.99
  53,    7.63683E-01,   3.02586E-01,  -60.38
  54,    1.34355E-01,   3.00502E-02,  -77.63
  55,    8.57191E-02,   2.66571E-02,  -68.90
  56,    2.89493E-02,   4.99213E-02,  72.44
  57,    2.31722E-01,   1.16781E-01,  -49.60
  58,    1.18091E-01,   6.73892E-02,  -42.93
  59,    6.76859E-02,   3.58605E-02,  -47.02
  60,    4.56516E-02,   2.66235E-02,  -41.68
  61,    3.30751E-02,   1.97130E-02,  -40.40
  62,    5.05039E-02,   3.49455E-02,  -30.81
  63,    3.83803E-02,   3.08887E-02,  -19.52
  64,    2.78508E-02,   2.22907E-02,  -19.96
  65,    4.45802E-02,   3.39584E-02,  -23.83
  66,    2.72002E-02,   2.16720E-02,  -20.32
  67,    2.78031E-02,   2.15880E-02,  -22.35
  68,    3.00666E-02,   2.40581E-02,  -19.98
  69,    2.17111E-02,   1.55630E-02,  -28.32
  70,    2.51867E+01,   1.62044E+01,  -35.66
  71,    4.91285E+00,   5.31372E+00,  8.16
  72,    1.79343E+00,   2.40402E+00,  34.05
  73,    8.39700E-01,   2.86703E-01,  -65.86
  74,    1.49670E-01,   2.19942E-01,  46.95
  75,    1.47258E-01,   1.13119E-01,  -23.18
  76,    9.33280E-02,   7.66102E-02,  -17.91
  77,    2.58679E-01,   1.70702E-01,  -34.01
  78,    1.22031E-01,   8.37190E-02,  -31.40
  79,    7.54422E-02,   5.20394E-02,  -31.02
  80,    5.03819E-02,   3.33712E-02,  -33.76
  81,    3.87900E-02,   2.79974E-02,  -27.82
  82,    5.76154E-02,   4.30859E-02,  -25.22
  83,    4.36995E-02,   3.59708E-02,  -17.69
  84,    3.19190E-02,   2.50821E-02,  -21.42
  85,    4.86561E-02,   4.19430E-02,  -13.80
  86,    3.01298E-02,   2.86811E-02,  -4.81
  87,    2.91209E-02,   2.54620E-02,  -12.56
  88,    3.00144E-02,   2.20327E-02,  -26.59
  89,    2.13417E-02,   1.41303E-02,  -33.79
  90,    2.58147E-02,   1.89938E-02,  -26.42
  91,    1.98618E-02,   1.43940E-02,  -27.53
  92,    5.35987E+00,   7.78663E+00,  45.28
  93,    2.08741E+00,   6.81862E-01,  -67.33
  94,    1.02678E+00,   4.33627E-01,  -57.77
  95,    1.87425E-01,   2.41281E-01,  28.73
  96,    1.72181E-01,   1.20928E-01,  -29.77
  97,    1.17447E-01,   9.13661E-02,  -22.21
  98,    2.90909E-01,   2.47453E-01,  -14.94
  99,    1.47621E-01,   1.15548E-01,  -21.73
  100,    8.99679E-02,   7.90844E-02,  -12.10
  101,    6.19399E-02,   5.54857E-02,  -10.42
  102,    4.74925E-02,   3.97931E-02,  -16.21
  103,    6.89750E-02,   5.72933E-02,  -16.94
  104,    4.92579E-02,   4.30552E-02,  -12.59
  105,    3.40743E-02,   2.99133E-02,  -12.21
  106,    5.22244E-02,   4.68189E-02,  -10.35
  107,    3.38687E-02,   3.40419E-02,  0.51
  108,    3.23105E-02,   2.64505E-02,  -18.14
  109,    3.19228E-02,   2.64184E-02,  -17.24
  110,    2.16338E-02,   1.65932E-02,  -23.30
  111,    2.66745E-02,   1.91284E-02,  -28.29
  112,    2.14036E-02,   1.47555E-02,  -31.06
  113,    5.72150E+00,   1.83094E+00,  -68.00
  114,    2.31320E+00,   9.14509E-01,  -60.47
  115,    9.68294E-01,   4.43349E-01,  -54.21
  116,    1.86464E-01,   3.09548E-01,  66.01
  117,    1.88712E-01,   1.34631E-01,  -28.66
  118,    1.03236E-01,   7.98030E-02,  -22.70
  119,    2.96212E-01,   2.26360E-01,  -23.58
  120,    1.63627E-01,   1.26559E-01,  -22.65
  121,    1.00222E-01,   7.65464E-02,  -23.62
  122,    7.38560E-02,   6.17540E-02,  -16.39
  123,    5.39285E-02,   4.31175E-02,  -20.05
  124,    8.00984E-02,   7.87171E-02,  -1.72
  125,    5.42293E-02,   5.40494E-02,  -0.33
  126,    3.46281E-02,   3.77243E-02,  8.94
  127,    5.20586E-02,   5.15142E-02,  -1.05
  128,    4.13181E-02,   4.28842E-02,  3.79
  129,    3.06594E-02,   2.73528E-02,  -10.78
  130,    3.37121E-02,   2.94163E-02,  -12.74
  131,    2.32575E-02,   1.90784E-02,  -17.97
  132,    2.79093E-02,   2.27794E-02,  -18.38
  133,    2.16048E-02,   1.70307E-02,  -21.17
  134,    6.07769E+00,   2.58248E+00,  -57.51
  135,    2.01531E+00,   1.07262E+00,  -46.78
  136,    9.22482E-01,   6.75952E-01,  -26.72
  137,    2.93652E-01,   3.86388E-01,  31.58
  138,    4.42888E-01,   2.63757E-01,  -40.45
  139,    1.43564E-01,   1.49554E-01,  4.17
  140,    9.80310E-02,   9.18183E-02,  -6.34
  141,    2.89595E-01,   2.46075E-01,  -15.03
  142,    1.62090E-01,   1.52270E-01,  -6.06
  143,    1.02372E-01,   1.01026E-01,  -1.32
  144,    7.43722E-02,   6.96339E-02,  -6.37
  145,    5.26667E-02,   5.86314E-02,  11.33
  146,    8.48895E-02,   9.55328E-02,  12.54
  147,    5.70213E-02,   6.36722E-02,  11.66
  148,    3.24661E-02,   4.36210E-02,  34.36
  149,    5.09961E-02,   6.54729E-02,  28.39
  150,    4.73332E-02,   6.38258E-02,  34.84
  151,    2.71496E-02,   3.41044E-02,  25.62
  152,    3.33201E-02,   3.53207E-02,  6.00
  153,    2.30520E-02,   2.35547E-02,  2.18
  154,    2.80427E-02,   2.72234E-02,  -2.92
  155,    2.28094E-02,   2.13231E-02,  -6.52
  156,    5.95258E+00,   3.47685E+00,  -41.59
  157,    2.26191E+00,   1.73186E+00,  -23.43
  158,    9.77684E-01,   8.61240E-01,  -11.91
  159,    3.24570E-01,   5.23593E-01,  61.32
  160,    4.23618E-01,   2.64622E-01,  -37.53
  161,    1.53060E-01,   1.43372E-01,  -6.33
  162,    9.56131E-02,   9.42554E-02,  -1.42
  163,    2.82887E-01,   2.91470E-01,  3.03
  164,    1.58797E-01,   1.56621E-01,  -1.37
  165,    1.07999E-01,   1.17988E-01,  9.25
  166,    7.42793E-02,   7.84096E-02,  5.56
  167,    5.51055E-02,   7.09729E-02,  28.79
  168,    8.47283E-02,   1.01474E-01,  19.76
  169,    5.42794E-02,   6.70880E-02,  23.60
  170,    3.04051E-02,   4.42646E-02,  45.58
  171,    5.27314E-02,   7.51682E-02,  42.55
  172,    4.60293E-02,   6.58169E-02,  42.99
  173,    2.79294E-02,   3.82127E-02,  36.82
  174,    3.38499E-02,   4.11662E-02,  21.61
  175,    2.26353E-02,   2.79005E-02,  23.26
  176,    2.78493E-02,   3.10386E-02,  11.45
  177,    6.10244E+00,   4.28764E+00,  -29.74
  178,    2.13197E+00,   1.81536E+00,  -14.85
  179,    9.54436E-01,   9.82768E-01,  2.97
  180,    2.45200E-01,   4.45864E-01,  81.84
  181,    3.76698E-01,   2.12435E-01,  -43.61
  182,    1.33233E-01,   1.26355E-01,  -5.16
  183,    9.42898E-02,   8.86001E-02,  -6.03
  184,    2.82526E-01,   2.64904E-01,  -6.24
  185,    1.63757E-01,   1.47555E-01,  -9.89
  186,    1.10012E-01,   9.01170E-02,  -18.08
  187,    7.46303E-02,   7.02279E-02,  -5.90
  188,    5.90355E-02,   5.76960E-02,  -2.27
  189,    8.03295E-02,   9.00617E-02,  12.12
  190,    4.74987E-02,   5.83576E-02,  22.86
  191,    3.07734E-02,   4.30210E-02,  39.80
  192,    5.14108E-02,   7.23853E-02,  40.80
  193,    4.45487E-02,   5.54099E-02,  24.38
  194,    2.74163E-02,   3.67551E-02,  34.06
  195,    3.06639E-02,   3.69216E-02,  20.41
  196,    2.23371E-02,   2.71003E-02,  21.32
  197,    2.72825E-02,   3.17842E-02,  16.50
  198,    6.03535E+00,   4.00145E+00,  -33.70
  199,    2.22474E+00,   1.91390E+00,  -13.97
  200,    7.89918E-01,   8.12700E-01,  2.88
  201,    2.48124E-01,   3.67094E-01,  47.95
  202,    3.35292E-01,   2.10640E-01,  -37.18
  203,    1.32921E-01,   1.42442E-01,  7.16
  204,    8.68220E-02,   8.34009E-02,  -3.94
  205,    2.64123E-01,   2.34181E-01,  -11.34
  206,    1.65569E-01,   1.47858E-01,  -10.70
  207,    1.07036E-01,   8.54548E-02,  -20.16
  208,    7.59017E-02,   7.05397E-02,  -7.06
  209,    5.40453E-02,   5.15768E-02,  -4.57
  210,    8.10408E-02,   7.58755E-02,  -6.37
  211,    4.27062E-02,   4.66806E-02,  9.31
  212,    3.14016E-02,   3.93219E-02,  25.22
  213,    5.61689E-02,   7.61732E-02,  35.61
  214,    3.83145E-02,   4.74645E-02,  23.88
  215,    2.56840E-02,   3.32085E-02,  29.30
  216,    2.82814E-02,   3.43819E-02,  21.57
  217,    2.13449E-02,   2.66461E-02,  24.84
  218,    2.72835E-02,   3.28778E-02,  20.50
  219,    2.60792E+01,   1.27211E+01,  -51.22
  220,    5.43997E+00,   4.06500E+00,  -25.28
  221,    1.55118E+00,   1.44183E+00,  -7.05
  222,    6.28012E-01,   5.66451E-01,  -9.80
  223,    2.03822E-01,   2.96000E-01,  45.22
  224,    2.36711E-01,   1.82407E-01,  -22.94
  225,    1.01014E-01,   1.00888E-01,  -0.12
  226,    7.10739E-02,   6.87420E-02,  -3.28
  227,    2.37972E-01,   2.40951E-01,  1.25
  228,    1.50735E-01,   1.31285E-01,  -12.90
  229,    9.68624E-02,   9.45579E-02,  -2.38
  230,    7.46612E-02,   7.31894E-02,  -1.97
  231,    4.77969E-02,   4.90095E-02,  2.54
  232,    7.03605E-02,   6.16074E-02,  -12.44
  233,    3.70233E-02,   3.59848E-02,  -2.80
  234,    3.44764E-02,   3.75124E-02,  8.81
  235,    5.95121E-02,   7.00618E-02,  17.73
  236,    3.17637E-02,   3.59874E-02,  13.30
  237,    2.44197E-02,   2.62324E-02,  7.42
  238,    2.69293E-02,   3.31953E-02,  23.27
  239,    1.95159E-02,   2.41358E-02,  23.67
  240,    2.63180E-02,   3.16930E-02,  20.42
  241,    6.07736E+00,   4.29091E+00,  -29.40
  242,    1.93509E+00,   1.39015E+00,  -28.16
  243,    6.86918E-01,   6.39293E-01,  -6.93
  244,    2.31855E-01,   3.46060E-01,  49.26
  245,    2.85318E-01,   1.75851E-01,  -38.37
  246,    1.19573E-01,   1.12494E-01,  -5.92
  247,    8.72093E-02,   9.34991E-02,  7.21
  248,    2.50916E-01,   2.51501E-01,  0.23
  249,    1.50949E-01,   1.32656E-01,  -12.12
  250,    9.97042E-02,   1.03662E-01,  3.97
  251,    6.79016E-02,   7.28181E-02,  7.24
  252,    4.91152E-02,   4.53332E-02,  -7.70
  253,    6.06553E-02,   6.06727E-02,  0.03
  254,    3.72737E-02,   4.06294E-02,  9.00
  255,    3.47560E-02,   3.86279E-02,  11.14
  256,    5.53386E-02,   5.81111E-02,  5.01
  257,    3.16469E-02,   3.19173E-02,  0.85
  258,    2.13461E-02,   2.09992E-02,  -1.63
  259,    2.57171E-02,   2.84065E-02,  10.46
  260,    1.88288E-02,   2.12772E-02,  13.00
  261,    2.46788E-02,   2.96423E-02,  20.11
  262,    1.83269E+00,   1.27202E+00,  -30.59
  263,    6.79957E-01,   5.85136E-01,  -13.95
  264,    1.85478E-01,   2.65803E-01,  43.31
  265,    3.07694E-01,   1.56255E-01,  -49.22
  266,    1.19004E-01,   1.22336E-01,  2.80
  267,    8.97034E-02,   7.33580E-02,  -18.22
  268,    2.70660E-01,   2.25467E-01,  -16.70
  269,    1.57234E-01,   1.48253E-01,  -5.71
  270,    1.12358E-01,   1.08021E-01,  -3.86
  271,    6.80839E-02,   6.83910E-02,  0.45
  272,    4.72548E-02,   4.25344E-02,  -9.99
  273,    5.29234E-02,   5.24056E-02,  -0.98
  274,    3.74505E-02,   4.13968E-02,  10.54
  275,    3.42883E-02,   3.35057E-02,  -2.28
  276,    5.42960E-02,   5.23243E-02,  -3.63
  277,    3.08836E-02,   3.28920E-02,  6.50
  278,    1.97530E-02,   2.01869E-02,  2.20
  279,    2.42351E-02,   2.38169E-02,  -1.73
  280,    1.85181E-02,   1.88626E-02,  1.86
  281,    2.43974E-02,   2.63200E-02,  7.88
  282,    2.09371E+00,   1.43980E+00,  -31.23
  283,    7.79404E-01,   5.64668E-01,  -27.55
  284,    1.91602E-01,   2.96969E-01,  54.99
  285,    3.78759E-01,   2.14795E-01,  -43.29
  286,    1.48487E-01,   1.20427E-01,  -18.90
  287,    9.99060E-02,   7.91382E-02,  -20.79
  288,    2.88083E-01,   2.35960E-01,  -18.09
  289,    1.73485E-01,   1.68593E-01,  -2.82
  290,    1.09826E-01,   1.11400E-01,  1.43
  291,    7.46354E-02,   6.35188E-02,  -14.89
  292,    4.36110E-02,   3.88541E-02,  -10.91
  293,    5.13951E-02,   4.86719E-02,  -5.30
  294,    4.50839E-02,   4.82928E-02,  7.12
  295,    2.97197E-02,   2.74692E-02,  -7.57
  296,    4.69384E-02,   4.45706E-02,  -5.04
  297,    2.95880E-02,   2.95912E-02,  0.01
  298,    1.92295E-02,   1.91984E-02,  -0.16
  299,    2.35129E-02,   2.39321E-02,  1.78
  300,    1.79449E-02,   1.81500E-02,  1.14
  301,    1.95633E+00,   1.21824E+00,  -37.73
  302,    7.22030E-01,   5.52340E-01,  -23.50
  303,    2.45501E-01,   3.59847E-01,  46.58
  304,    3.14589E-01,   1.85014E-01,  -41.19
  305,    1.32839E-01,   1.14056E-01,  -14.14
  306,    9.12254E-02,   8.90739E-02,  -2.36
  307,    2.81530E-01,   2.82457E-01,  0.33
  308,    1.84205E-01,   1.88676E-01,  2.43
  309,    1.01430E-01,   1.10872E-01,  9.31
  310,    6.69656E-02,   6.19158E-02,  -7.54
  311,    3.76459E-02,   3.55252E-02,  -5.63
  312,    5.08173E-02,   5.02413E-02,  -1.13
  313,    4.43708E-02,   4.51004E-02,  1.64
  314,    2.39373E-02,   2.27533E-02,  -4.95
  315,    3.91844E-02,   3.92918E-02,  0.27
  316,    2.76876E-02,   2.71625E-02,  -1.90
  317,    1.84457E-02,   1.87136E-02,  1.45
  318,    2.23618E-02,   2.25118E-02,  0.67
  319,    1.70212E-02,   1.69062E-02,  -0.68
  320,    2.45714E+00,   1.07572E+00,  -56.22
  321,    9.03480E-01,   6.15246E-01,  -31.90
  322,    1.82202E-01,   2.85710E-01,  56.81
  323,    1.66081E-01,   1.22857E-01,  -26.03
  324,    1.09426E-01,   9.91600E-02,  -9.38
  325,    3.16558E-01,   3.10338E-01,  -1.97
  326,    1.79875E-01,   1.90992E-01,  6.18
  327,    1.09995E-01,   9.91557E-02,  -9.85
  328,    5.94460E-02,   5.49045E-02,  -7.64
  329,    3.31911E-02,   3.10501E-02,  -6.45
  330,    5.25062E-02,   5.45534E-02,  3.90
  331,    4.42747E-02,   4.10768E-02,  -7.22
  332,    2.24154E-02,   2.18181E-02,  -2.66
  333,    3.92747E-02,   3.74505E-02,  -4.64
  334,    2.48500E-02,   2.32437E-02,  -6.46
  335,    1.74309E-02,   1.66536E-02,  -4.46
  336,    2.08296E-02,   2.05608E-02,  -1.29
  337,    1.74077E-02,   1.68131E-02,  -3.42
  338,    2.15001E+00,   1.19932E+00,  -44.22
  339,    9.91793E-01,   4.72500E-01,  -52.36
  340,    1.39811E-01,   2.39381E-01,  71.22
  341,    1.61607E-01,   1.30265E-01,  -19.39
  342,    1.27958E-01,   9.88689E-02,  -22.73
  343,    3.73491E-01,   3.13942E-01,  -15.94
  344,    1.82501E-01,   1.72234E-01,  -5.63
  345,    1.07117E-01,   8.76797E-02,  -18.15
  346,    5.49832E-02,   4.56004E-02,  -17.06
  347,    3.14264E-02,   2.68986E-02,  -14.41
  348,    5.80390E-02,   6.04633E-02,  4.18
  349,    3.50537E-02,   3.16515E-02,  -9.71
  350,    2.26806E-02,   2.27131E-02,  0.14
  351,    3.84461E-02,   3.74361E-02,  -2.63
  352,    2.28213E-02,   2.14105E-02,  -6.18
  353,    1.63110E-02,   1.52001E-02,  -6.81
  354,    2.02806E-02,   1.91469E-02,  -5.59
  355,    6.32291E+00,   4.52698E+00,  -28.40
  356,    2.42941E+00,   1.40055E+00,  -42.35
  357,    9.34296E-01,   5.84519E-01,  -37.44
  358,    2.53052E-01,   3.72446E-01,  47.18
  359,    4.70146E-01,   2.64372E-01,  -43.77
  360,    2.05146E-01,   1.90810E-01,  -6.99
  361,    1.38997E-01,   1.42764E-01,  2.71
  362,    3.64430E-01,   3.79018E-01,  4.00
  363,    1.98949E-01,   1.78009E-01,  -10.53
  364,    9.42916E-02,   8.90480E-02,  -5.56
  365,    4.87184E-02,   4.50415E-02,  -7.55
  366,    3.58201E-02,   3.51988E-02,  -1.73
  367,    6.18732E-02,   6.25824E-02,  1.15
  368,    3.14527E-02,   2.90117E-02,  -7.76
  369,    2.36043E-02,   2.30583E-02,  -2.31
  370,    3.66439E-02,   3.56785E-02,  -2.63
  371,    2.19586E-02,   2.14261E-02,  -2.42
  372,    1.62634E-02,   1.56243E-02,  -3.93
  373,    2.03385E-02,   1.95440E-02,  -3.91
  374,    2.14589E+00,   9.68305E-01,  -54.88
  375,    8.45372E-01,   5.48204E-01,  -35.15
  376,    2.44612E-01,   3.56502E-01,  45.74
  377,    1.99963E-01,   1.76555E-01,  -11.71
  378,    1.13386E-01,   1.24704E-01,  9.98
  379,    3.50445E-01,   3.72994E-01,  6.43
  380,    1.83315E-01,   1.68299E-01,  -8.19
  381,    8.18915E-02,   7.70050E-02,  -5.97
  382,    4.43376E-02,   4.14644E-02,  -6.48
  383,    3.74022E-02,   4.31189E-02,  15.28
  384,    6.16918E-02,   5.71664E-02,  -7.34
  385,    2.91736E-02,   2.82089E-02,  -3.31
  386,    2.26963E-02,   2.08803E-02,  -8.00
  387,    3.60432E-02,   3.29456E-02,  -8.59
  388,    2.23686E-02,   2.10142E-02,  -6.05
  389,    1.57647E-02,   1.45199E-02,  -7.90
  390,    1.92219E-02,   1.77851E-02,  -7.48
  391,    1.99952E+00,   1.17140E+00,  -41.42
  392,    8.46089E-01,   6.69554E-01,  -20.86
  393,    3.85740E-01,   4.24201E-01,  9.97
  394,    1.78218E-01,   2.00656E-01,  12.59
  395,    1.34689E-01,   1.21274E-01,  -9.96
  396,    3.74887E-01,   3.30222E-01,  -11.91
  397,    1.54621E-01,   1.46412E-01,  -5.31
  398,    7.03302E-02,   6.39593E-02,  -9.06
  399,    4.76763E-02,   4.69672E-02,  -1.49
  400,    3.89113E-02,   4.19865E-02,  7.90
  401,    5.12519E-02,   4.73211E-02,  -7.67
  402,    3.10974E-02,   3.19128E-02,  2.62
  403,    1.97023E-02,   1.85965E-02,  -5.61
  404,    3.20080E-02,   2.98632E-02,  -6.70
  405,    2.10656E-02,   1.99167E-02,  -5.45
  406,    1.54380E-02,   1.42137E-02,  -7.93
  407,    1.94699E-02,   1.72052E-02,  -11.63
  408,    6.11714E+00,   3.25518E+00,  -46.79
  409,    1.96900E+00,   1.54707E+00,  -21.43
  410,    1.11223E+00,   8.88243E-01,  -20.14
  411,    4.54019E-01,   5.80632E-01,  27.89
  412,    4.47306E-01,   3.84576E-01,  -14.02
  413,    2.22446E-01,   2.24234E-01,  0.80
  414,    1.42246E-01,   1.40028E-01,  -1.56
  415,    3.65735E-01,   3.64271E-01,  -0.40
  416,    1.39970E-01,   1.42832E-01,  2.04
  417,    6.62039E-02,   6.77314E-02,  2.31
  418,    5.30261E-02,   6.69752E-02,  26.31
  419,    4.62791E-02,   4.79669E-02,  3.65
  420,    4.34874E-02,   4.32727E-02,  -0.49
  421,    3.12419E-02,   3.25243E-02,  4.10
  422,    1.85895E-02,   1.84594E-02,  -0.70
  423,    3.09585E-02,   3.08972E-02,  -0.20
  424,    2.11322E-02,   2.03477E-02,  -3.71
  425,    1.56539E-02,   1.50726E-02,  -3.71
  426,    2.06630E-02,   1.85108E-02,  -10.42
  427,    5.59096E+00,   3.22319E+00,  -42.35
  428,    2.54020E+00,   1.54152E+00,  -39.31
  429,    1.17197E+00,   9.21162E-01,  -21.40
  430,    3.70809E-01,   5.81454E-01,  56.81
  431,    2.29461E-01,   1.95431E-01,  -14.83
  432,    1.23286E-01,   1.25849E-01,  2.08
  433,    3.23268E-01,   3.45684E-01,  6.93
  434,    1.25831E-01,   1.28031E-01,  1.75
  435,    7.66221E-02,   8.69919E-02,  13.53
  436,    5.95566E-02,   7.43946E-02,  24.91
  437,    3.93403E-02,   4.17998E-02,  6.25
  438,    4.23110E-02,   4.54863E-02,  7.50
  439,    3.11593E-02,   3.17691E-02,  1.96
  440,    1.91772E-02,   2.02025E-02,  5.35
  441,    3.08001E-02,   3.11288E-02,  1.07
  442,    2.13899E-02,   2.09684E-02,  -1.97
  443,    1.53893E-02,   1.46489E-02,  -4.81
  444,    1.10216E+00,   8.83698E-01,  -19.82
  445,    3.55291E-01,   4.67401E-01,  31.55
  446,    2.01173E-01,   1.69081E-01,  -15.95
  447,    1.09193E-01,   9.37300E-02,  -14.16
  448,    2.85219E-01,   2.60757E-01,  -8.58
  449,    1.14398E-01,   1.09325E-01,  -4.43
  450,    8.33429E-02,   1.02728E-01,  23.26
  451,    6.73928E-02,   6.98694E-02,  3.67
  452,    3.10131E-02,   3.03576E-02,  -2.11
  453,    4.63897E-02,   5.25295E-02,  13.24
  454,    2.79575E-02,   2.87739E-02,  2.92
  455,    1.93758E-02,   2.03270E-02,  4.91
  456,    3.14156E-02,   3.22663E-02,  2.71
  457,    2.10809E-02,   2.05404E-02,  -2.56
  458,    1.58374E-02,   1.48270E-02,  -6.38
  459,    2.59148E+00,   1.50031E+00,  -42.11
  460,    2.69711E-01,   3.96326E-01,  46.94
  461,    1.79430E-01,   1.27904E-01,  -28.72
  462,    9.71550E-02,   6.90209E-02,  -28.96
  463,    2.52782E-01,   2.00467E-01,  -20.70
  464,    1.31542E-01,   1.25874E-01,  -4.31
  465,    9.25395E-02,   1.03312E-01,  11.64
  466,    5.65087E-02,   5.50252E-02,  -2.63
  467,    3.04459E-02,   2.93453E-02,  -3.61
  468,    4.72243E-02,   5.02235E-02,  6.35
  469,    2.64648E-02,   2.69719E-02,  1.92
  470,    1.95223E-02,   1.97570E-02,  1.20
  471,    3.12206E-02,   3.16641E-02,  1.42
  472,    2.13894E-02,   2.08836E-02,  -2.36
  473,    1.68177E-02,   1.54205E-02,  -8.31
  474,    6.58037E+00,   3.82354E+00,  -41.89
  475,    1.32024E+00,   7.51126E-01,  -43.11
  476,    2.97713E-01,   4.25602E-01,  42.96
  477,    1.39096E-01,   1.07894E-01,  -22.43
  478,    7.57013E-02,   6.54360E-02,  -13.56
  479,    2.18441E-01,   1.86666E-01,  -14.55
  480,    1.42850E-01,   1.65065E-01,  15.55
  481,    1.04678E-01,   1.06932E-01,  2.15
  482,    4.50503E-02,   4.42016E-02,  -1.88
  483,    3.05649E-02,   3.57293E-02,  16.90
  484,    4.68946E-02,   4.83037E-02,  3.00
  485,    2.70807E-02,   2.92812E-02,  8.13
  486,    1.89779E-02,   1.94401E-02,  2.44
  487,    3.05025E-02,   3.09480E-02,  1.46
  488,    2.15553E-02,   2.12873E-02,  -1.24
  489,    1.75997E-02,   1.62085E-02,  -7.90
  490,    1.13693E+00,   7.04555E-01,  -38.03
  491,    2.05482E-01,   3.29619E-01,  60.41
  492,    1.19034E-01,   8.62721E-02,  -27.52
  493,    7.44040E-02,   5.84841E-02,  -21.40
  494,    2.40615E-01,   2.26353E-01,  -5.93
  495,    1.56809E-01,   1.76067E-01,  12.28
  496,    8.71872E-02,   8.82608E-02,  1.23
  497,    4.46907E-02,   4.50294E-02,  0.76
  498,    3.42368E-02,   3.91319E-02,  14.30
  499,    4.33740E-02,   4.39800E-02,  1.40
  500,    2.79442E-02,   2.98376E-02,  6.78
  501,    1.95538E-02,   2.00876E-02,  2.73
  502,    3.21501E-02,   3.27593E-02,  1.89
  503,    2.18782E-02,   2.13807E-02,  -2.27
  504,    1.00591E+00,   5.80428E-01,  -42.30
  505,    1.33652E-01,   2.32369E-01,  73.86
  506,    1.16760E-01,   7.60495E-02,  -34.87
  507,    1.05913E-01,   8.50104E-02,  -19.74
  508,    2.82124E-01,   2.69604E-01,  -4.44
  509,    1.88030E-01,   1.63485E-01,  -13.05
  510,    7.33085E-02,   6.33424E-02,  -13.59
  511,    4.74624E-02,   4.94676E-02,  4.22
  512,    3.83079E-02,   3.62858E-02,  -5.28
  513,    4.16925E-02,   4.26678E-02,  2.34
  514,    2.93357E-02,   3.00760E-02,  2.52
  515,    2.03250E-02,   2.01604E-02,  -0.81
  516,    3.25848E-02,   3.18288E-02,  -2.32
  517,    2.32618E-02,   2.16574E-02,  -6.90
  518,    5.57527E+00,   4.54984E+00,  -18.39
  519,    1.77954E+00,   1.56584E+00,  -12.01
  520,    6.51715E-01,   4.98046E-01,  -23.58
  521,    1.22119E-01,   2.02110E-01,  65.50
  522,    2.99050E-01,   1.16079E-01,  -61.18
  523,    1.29912E-01,   1.20483E-01,  -7.26
  524,    7.71218E-02,   8.82725E-02,  14.46
  525,    2.81795E-01,   2.77028E-01,  -1.69
  526,    1.40823E-01,   1.24943E-01,  -11.28
  527,    6.60604E-02,   5.92682E-02,  -10.28
  528,    4.80322E-02,   4.97024E-02,  3.48
  529,    3.00191E-02,   2.82987E-02,  -5.73
  530,    4.15528E-02,   4.28734E-02,  3.18
  531,    2.76315E-02,   2.73201E-02,  -1.13
  532,    2.04332E-02,   1.97226E-02,  -3.48
  533,    3.21279E-02,   3.15218E-02,  -1.89
  534,    2.37388E-02,   2.20224E-02,  -7.23
  535,    5.21130E+00,   6.38119E+00,  22.45
  536,    1.56605E+00,   1.63731E+00,  4.55
  537,    5.72462E-01,   5.19164E-01,  -9.31
  538,    1.76971E-01,   2.54826E-01,  43.99
  539,    3.34841E-01,   2.36931E-01,  -29.24
  540,    1.32818E-01,   1.64815E-01,  24.09
  541,    1.26665E-01,   1.23912E-01,  -2.17
  542,    3.23660E-01,   3.10650E-01,  -4.02
  543,    1.12088E-01,   1.01309E-01,  -9.62
  544,    6.67424E-02,   7.28301E-02,  9.12
  545,    5.08003E-02,   5.03784E-02,  -0.83
  546,    2.72923E-02,   2.73438E-02,  0.19
  547,    4.16490E-02,   4.25531E-02,  2.17
  548,    2.77499E-02,   2.71718E-02,  -2.08
  549,    2.03417E-02,   1.92833E-02,  -5.20
  550,    3.29427E-02,   3.13600E-02,  -4.80
  551,    2.57314E-02,   2.25367E-02,  -12.42
  552,    2.38875E+01,   2.35506E+01,  -1.41
  553,    4.41358E+00,   4.58364E+00,  3.85
  554,    1.29953E+00,   1.18753E+00,  -8.62
  555,    5.60187E-01,   5.08619E-01,  -9.21
  556,    3.87876E-01,   4.27974E-01,  10.34
  557,    2.58467E-01,   2.84157E-01,  9.94
  558,    2.11006E-01,   2.03460E-01,  -3.58
  559,    1.19297E-01,   1.11708E-01,  -6.36
  560,    2.93383E-01,   2.77963E-01,  -5.26
  561,    1.22231E-01,   1.10968E-01,  -9.21
  562,    8.06615E-02,   8.60330E-02,  6.66
  563,    4.70720E-02,   4.54863E-02,  -3.37
  564,    3.13164E-02,   3.21992E-02,  2.82
  565,    4.31678E-02,   4.45457E-02,  3.19
  566,    2.89400E-02,   2.78748E-02,  -3.68
  567,    1.97790E-02,   1.84410E-02,  -6.76
  568,    3.36847E-02,   3.09279E-02,  -8.18
  569,    1.67942E+01,   1.49577E+01,  -10.94
  570,    3.07161E+00,   2.72954E+00,  -11.14
  571,    1.08454E+00,   9.67771E-01,  -10.77
  572,    7.31747E-01,   7.17277E-01,  -1.98
  573,    3.66913E-01,   4.50180E-01,  22.69
  574,    3.27837E-01,   3.06579E-01,  -6.48
  575,    1.69613E-01,   1.59697E-01,  -5.85
  576,    8.09325E-02,   7.66536E-02,  -5.29
  577,    2.31591E-01,   2.07797E-01,  -10.27
  578,    1.24665E-01,   1.33984E-01,  7.48
  579,    8.57160E-02,   8.59929E-02,  0.32
  580,    4.33129E-02,   4.39394E-02,  1.45
  581,    3.19547E-02,   3.44362E-02,  7.77
  582,    4.37952E-02,   4.42533E-02,  1.05
  583,    3.06382E-02,   2.95945E-02,  -3.41
  584,    2.15092E-02,   1.98049E-02,  -7.92
  585,    3.42349E-02,   3.12513E-02,  -8.72
  586,    9.89550E+00,   9.73913E+00,  -1.58
  587,    2.38184E+00,   2.25274E+00,  -5.42
  588,    1.39654E+00,   1.34269E+00,  -3.86
  589,    6.61919E-01,   7.72630E-01,  16.73
  590,    5.03590E-01,   4.92736E-01,  -2.16
  591,    2.93625E-01,   2.40885E-01,  -17.96
  592,    1.16914E-01,   1.09319E-01,  -6.50
  593,    7.23241E-02,   5.82210E-02,  -19.50
  594,    2.19162E-01,   1.98356E-01,  -9.49
  595,    1.30039E-01,   1.42336E-01,  9.46
  596,    6.85258E-02,   7.02087E-02,  2.46
  597,    4.31907E-02,   4.75902E-02,  10.19
  598,    2.99446E-02,   3.29005E-02,  9.87
  599,    4.31238E-02,   4.50412E-02,  4.45
  600,    2.98551E-02,   2.96607E-02,  -0.65
  601,    2.25431E-02,   2.07209E-02,  -8.08
  602,    3.65465E-02,   3.26804E-02,  -10.58
  603,    7.08428E+00,   7.79454E+00,  10.03
  604,    2.89216E+00,   2.70431E+00,  -6.50
  605,    1.21571E+00,   1.31867E+00,  8.47
  606,    8.93043E-01,   7.67078E-01,  -14.11
  607,    2.57100E-01,   3.48704E-01,  35.63
  608,    3.13606E-01,   1.49184E-01,  -52.43
  609,    1.00731E-01,   7.60379E-02,  -24.51
  610,    7.36282E-02,   7.07577E-02,  -3.90
  611,    2.12331E-01,   2.24025E-01,  5.51
  612,    1.30740E-01,   1.33032E-01,  1.75
  613,    6.02286E-02,   6.39736E-02,  6.22
  614,    4.17568E-02,   4.83334E-02,  15.75
  615,    2.89149E-02,   3.22228E-02,  11.44
  616,    4.07218E-02,   4.38072E-02,  7.58
  617,    2.70620E-02,   2.70799E-02,  0.07
  618,    2.15469E-02,   2.04528E-02,  -5.08
  619,    3.70290E-02,   3.38712E-02,  -8.53
  620,    8.79268E+00,   8.62659E+00,  -1.89
  621,    2.54118E+00,   2.52918E+00,  -0.47
  622,    1.74784E+00,   1.21290E+00,  -30.61
  623,    6.85082E-01,   4.87111E-01,  -28.90
  624,    9.80398E-02,   1.90616E-01,  94.43
  625,    3.19806E-01,   9.12426E-02,  -71.47
  626,    1.07180E-01,   8.17365E-02,  -23.74
  627,    6.78824E-02,   6.08537E-02,  -10.35
  628,    2.20046E-01,   2.09070E-01,  -4.99
  629,    1.04101E-01,   9.57500E-02,  -8.02
  630,    5.97977E-02,   6.21009E-02,  3.85
  631,    3.92570E-02,   4.15677E-02,  5.89
  632,    2.71704E-02,   2.87495E-02,  5.81
  633,    4.00146E-02,   4.17543E-02,  4.35
  634,    2.61179E-02,   2.62689E-02,  0.58
  635,    2.11287E-02,   1.90522E-02,  -9.83
  636,    8.51856E+00,   9.07128E+00,  6.49
  637,    3.76990E+00,   2.72205E+00,  -27.80
  638,    1.38552E+00,   8.60632E-01,  -37.88
  639,    4.72214E-01,   2.87045E-01,  -39.21
  640,    3.79685E-01,   1.02997E-01,  -72.87
  641,    1.03746E-01,   7.31519E-02,  -29.49
  642,    8.84052E-02,   5.67171E-02,  -35.84
  643,    6.38813E-02,   1.23007E-01,  92.56
  644,    2.34054E-01,   1.69313E-01,  -27.66
  645,    9.64497E-02,   7.53958E-02,  -21.83
  646,    6.11518E-02,   5.46945E-02,  -10.56
  647,    3.98833E-02,   3.52504E-02,  -11.62
  648,    2.58941E-02,   2.23058E-02,  -13.86
  649,    3.89861E-02,   3.65320E-02,  -6.29
  650,    2.69907E-02,   2.42253E-02,  -10.25
  651,    1.67956E+01,   1.90485E+01,  13.41
  652,    3.93603E+00,   3.94825E+00,  0.31
  653,    1.17817E+00,   1.04379E+00,  -11.41
  654,    5.67485E-01,   3.82245E-01,  -32.64
  655,    2.37236E-01,   2.89404E-01,  21.99
  656,    3.31717E-01,   1.91321E-01,  -42.32
  657,    1.69616E-01,   1.38914E-01,  -18.10
  658,    9.37500E-02,   7.65943E-02,  -18.30
  659,    2.30507E-01,   1.76957E-01,  -23.23
  660,    1.20047E-01,   1.04732E-01,  -12.76
  661,    7.20498E-02,   6.62313E-02,  -8.08
  662,    4.71842E-02,   4.35798E-02,  -7.64
  663,    3.35480E-02,   3.05032E-02,  -9.08
  664,    4.16027E-02,   3.72038E-02,  -10.57
  665,    3.09103E-02,   2.66294E-02,  -13.85
  666,    1.11676E+01,   1.37023E+01,  22.70
  667,    2.19845E+00,   2.35345E+00,  7.05
  668,    9.13035E-01,   7.06900E-01,  -22.58
  669,    5.31806E-01,   4.78208E-01,  -10.08
  670,    2.15799E-01,   2.93937E-01,  36.21
  671,    2.88455E-01,   2.00668E-01,  -30.43
  672,    1.14386E-01,   1.04383E-01,  -8.75
  673,    6.52320E-02,   6.05795E-02,  -7.13
  674,    2.13195E-01,   1.95541E-01,  -8.28
  675,    1.23952E-01,   1.30982E-01,  5.67
  676,    7.43755E-02,   7.92427E-02,  6.54
  677,    4.60745E-02,   4.74633E-02,  3.01
  678,    3.48140E-02,   3.69076E-02,  6.01
  679,    4.40071E-02,   4.21448E-02,  -4.23
  680,    3.26938E-02,   2.87991E-02,  -11.91
  681,    1.45624E+01,   1.46248E+01,  0.43
  682,    3.87921E+00,   2.77997E+00,  -28.34
  683,    2.00283E+00,   1.51096E+00,  -24.56
  684,    9.35157E-01,   8.17954E-01,  -12.53
  685,    4.28887E-01,   5.05367E-01,  17.83
  686,    1.69178E-01,   1.30731E-01,  -22.73
  687,    1.22778E-01,   1.03596E-01,  -15.62
  688,    2.95345E-01,   2.76083E-01,  -6.52
  689,    1.60030E-01,   1.61481E-01,  0.91
  690,    9.53733E-02,   9.91956E-02,  4.01
  691,    6.40765E-02,   6.52755E-02,  1.87
  692,    3.95353E-02,   3.92508E-02,  -0.72
  693,    5.81647E-02,   5.63417E-02,  -3.13
  694,    1.31056E+01,   1.12241E+01,  -14.36
  695,    4.77626E+00,   3.97994E+00,  -16.67
  696,    2.07477E+00,   1.79261E+00,  -13.60
  697,    1.30047E+00,   9.86093E-01,  -24.17
  698,    2.83145E-01,   4.24562E-01,  49.95
  699,    2.04505E-01,   1.66406E-01,  -18.63
  700,    1.40413E-01,   1.28188E-01,  -8.71
  701,    3.94026E-01,   3.69894E-01,  -6.12
  702,    2.13369E-01,   2.06113E-01,  -3.40
  703,    1.18608E-01,   1.14942E-01,  -3.09
  704,    8.40657E-02,   8.38845E-02,  -0.22
  705,    5.06893E-02,   4.81156E-02,  -5.08
  706,    6.94621E-02,   6.64561E-02,  -4.33
  707,    1.21473E+01,   1.17990E+01,  -2.87
  708,    3.39929E+00,   3.40440E+00,  0.15
  709,    1.98238E+00,   1.53138E+00,  -22.75
  710,    7.77106E-01,   5.74445E-01,  -26.08
  711,    1.71175E-01,   2.70887E-01,  58.25
  712,    4.39087E-01,   1.97071E-01,  -55.12
  713,    1.62261E-01,   1.46913E-01,  -9.46
  714,    1.13441E-01,   1.08315E-01,  -4.52
  715,    3.60388E-01,   3.43209E-01,  -4.77
  716,    1.96316E-01,   1.97501E-01,  0.60
  717,    1.20394E-01,   1.22728E-01,  1.94
  718,    6.97173E-02,   6.99641E-02,  0.35
  719,    5.05887E-02,   5.20714E-02,  2.93
  720,    7.48064E-02,   6.94891E-02,  -7.11
  721,    9.51800E+00,   9.93007E+00,  4.33
  722,    3.52661E+00,   2.81864E+00,  -20.07
  723,    1.25238E+00,   8.34192E-01,  -33.39
  724,    5.38351E-01,   3.42320E-01,  -36.41
  725,    1.75711E-01,   2.30782E-01,  31.34
  726,    3.80979E-01,   1.64056E-01,  -56.94
  727,    1.47120E-01,   1.17351E-01,  -20.23
  728,    9.73818E-02,   7.68090E-02,  -21.13
  729,    3.10154E-01,   2.76889E-01,  -10.73
  730,    1.59645E-01,   1.46058E-01,  -8.51
  731,    1.04328E-01,   1.01935E-01,  -2.29
  732,    5.94718E-02,   5.58896E-02,  -6.02
  733,    4.46862E-02,   4.36409E-02,  -2.34
  734,    1.07297E+01,   1.12415E+01,  4.77
  735,    2.60551E+00,   2.12352E+00,  -18.50
  736,    9.77850E-01,   6.98035E-01,  -28.62
  737,    5.65629E-01,   4.20139E-01,  -25.72
  738,    2.41966E-01,   2.80127E-01,  15.77
  739,    3.24049E-01,   1.93022E-01,  -40.43
  740,    1.42596E-01,   1.23215E-01,  -13.59
  741,    1.08078E-01,   1.02275E-01,  -5.37
  742,    3.00082E-01,   2.71577E-01,  -9.50
  743,    1.71920E-01,   1.59546E-01,  -7.20
  744,    9.15940E-02,   8.70382E-02,  -4.97
  745,    6.33555E-02,   6.23302E-02,  -1.62
  746,    4.34306E-02,   4.02314E-02,  -7.37
  747,    7.77629E+00,   8.61163E+00,  10.74
  748,    1.92329E+00,   1.66791E+00,  -13.28
  749,    9.67088E-01,   7.86334E-01,  -18.69
  750,    5.37815E-01,   4.61709E-01,  -14.15
  751,    2.54371E-01,   2.97118E-01,  16.80
  752,    2.74375E-01,   1.81683E-01,  -33.78
  753,    1.47296E-01,   1.45813E-01,  -1.01
  754,    9.00716E-02,   8.79978E-02,  -2.30
  755,    2.80558E-01,   2.69655E-01,  -3.89
  756,    1.71164E-01,   1.78462E-01,  4.26
  757,    9.03551E-02,   9.32318E-02,  3.18
  758,    6.50338E-02,   7.04099E-02,  8.27
  759,    4.61509E-02,   4.74917E-02,  2.91
  760,    8.37240E+00,   8.39835E+00,  0.31
  761,    2.79498E+00,   2.30953E+00,  -17.37
  762,    1.36425E+00,   1.07401E+00,  -21.28
  763,    7.50799E-01,   6.18651E-01,  -17.60
  764,    2.91485E-01,   3.55066E-01,  21.81
  765,    4.50793E-01,   2.71943E-01,  -39.67
  766,    1.78233E-01,   1.58622E-01,  -11.00
  767,    1.34518E-01,   1.19983E-01,  -10.81
  768,    3.70616E-01,   3.56422E-01,  -3.83
  769,    1.83500E-01,   1.82423E-01,  -0.59
  770,    1.16698E-01,   1.23780E-01,  6.07
  771,    7.58889E-02,   7.69054E-02,  1.34
  772,    7.66502E+00,   8.23673E+00,  7.46
  773,    2.48971E+00,   2.19165E+00,  -11.97
  774,    1.20641E+00,   1.03358E+00,  -14.33
  775,    6.49498E-01,   5.40230E-01,  -16.82
  776,    3.01735E-01,   3.89334E-01,  29.03
  777,    3.60084E-01,   2.18067E-01,  -39.44
  778,    1.74358E-01,   1.60363E-01,  -8.03
  779,    1.37061E-01,   1.38942E-01,  1.37
  780,    4.00333E-01,   3.99597E-01,  -0.18
  781,    1.95263E-01,   1.94247E-01,  -0.52
  782,    1.29372E-01,   1.39762E-01,  8.03
  783,    8.68967E-02,   9.00379E-02,  3.61
  784,    5.70547E+00,   6.26479E+00,  9.80
  785,    1.90659E+00,   1.68069E+00,  -11.85
  786,    9.01092E-01,   7.33584E-01,  -18.59
  787,    5.43620E-01,   4.81764E-01,  -11.38
  788,    2.11083E-01,   2.55697E-01,  21.14
  789,    2.80896E-01,   1.81712E-01,  -35.31
  790,    1.56031E-01,   1.53468E-01,  -1.64
  791,    9.48318E-02,   9.38561E-02,  -1.03
  792,    3.02120E-01,   3.01429E-01,  -0.23
  793,    1.80510E-01,   1.92832E-01,  6.83
  794,    1.08508E-01,   1.15035E-01,  6.02
  795,    5.52423E+00,   6.11657E+00,  10.72
  796,    1.79776E+00,   1.53837E+00,  -14.43
  797,    9.50088E-01,   8.29566E-01,  -12.69
  798,    4.61608E-01,   4.01404E-01,  -13.04
  799,    2.34349E-01,   2.70738E-01,  15.53
  800,    3.02701E-01,   2.20509E-01,  -27.15
  801,    1.34365E-01,   1.31358E-01,  -2.24
  802,    8.82631E-02,   8.53211E-02,  -3.33
  803,    2.71833E-01,   2.69201E-01,  -0.97
  804,    1.69750E-01,   1.84458E-01,  8.66
  805,    1.05725E-01,   1.13782E-01,  7.62
  806,    5.70785E+00,   6.19107E+00,  8.47
  807,    1.97931E+00,   1.82284E+00,  -7.91
  808,    8.23320E-01,   7.17352E-01,  -12.87
  809,    5.05127E-01,   4.39875E-01,  -12.92
  810,    2.71757E-01,   3.37697E-01,  24.26
  811,    2.84022E-01,   1.93317E-01,  -31.94
  812,    1.27322E-01,   1.21616E-01,  -4.48
  813,    9.79994E-02,   9.71380E-02,  -0.88
  814,    3.00939E-01,   3.13656E-01,  4.23
  815,    1.70370E-01,   1.77999E-01,  4.48
  816,    6.07137E+00,   6.83168E+00,  12.52
  817,    1.60104E+00,   1.47898E+00,  -7.62
  818,    8.54563E-01,   7.46054E-01,  -12.70
  819,    5.53855E-01,   5.20089E-01,  -6.10
  820,    2.32038E-01,   2.81309E-01,  21.23
  821,    2.47654E-01,   1.69702E-01,  -31.48
  822,    1.35813E-01,   1.31654E-01,  -3.06
  823,    1.05678E-01,   1.12217E-01,  6.19
  824,    3.11681E-01,   3.30568E-01,  6.06
  825,    1.82920E-01,   1.92080E-01,  5.01
  826,    4.54372E+00,   4.96838E+00,  9.35
  827,    1.48054E+00,   1.37289E+00,  -7.27
  828,    8.25334E-01,   7.82417E-01,  -5.20
  829,    4.06646E-01,   3.85476E-01,  -5.21
  830,    1.89750E-01,   2.18915E-01,  15.37
  831,    2.15815E-01,   1.63270E-01,  -24.35
  832,    1.28207E-01,   1.35049E-01,  5.34
  833,    8.74299E-02,   8.91918E-02,  2.02
  834,    2.81295E-01,   2.85728E-01,  1.58
  835,    5.34105E+00,   6.13690E+00,  14.90
  836,    1.86299E+00,   1.87276E+00,  0.52
  837,    7.69549E-01,   7.57244E-01,  -1.60
  838,    4.03310E-01,   3.89155E-01,  -3.51
  839,    2.22646E-01,   2.73767E-01,  22.96
  840,    2.56071E-01,   2.17177E-01,  -15.19
  841,    1.32216E-01,   1.39646E-01,  5.62
  842,    9.60375E-02,   9.85717E-02,  2.64
  843,    2.95837E-01,   3.08341E-01,  4.23
  844,    5.24726E+00,   6.10867E+00,  16.42
  845,    1.33018E+00,   1.32522E+00,  -0.37
  846,    5.80960E-01,   5.51387E-01,  -5.09
  847,    3.63987E-01,   3.51304E-01,  -3.48
  848,    2.21368E-01,   2.61619E-01,  18.18
  849,    1.86606E-01,   1.61955E-01,  -13.21
  850,    1.11113E-01,   1.10097E-01,  -0.91
  851,    9.01945E-02,   9.42327E-02,  4.48
  852,    4.30290E+00,   4.86787E+00,  13.13
  853,    1.10858E+00,   1.10339E+00,  -0.47
  854,    6.05632E-01,   5.82453E-01,  -3.83
  855,    3.79821E-01,   3.94597E-01,  3.89
  856,    1.98370E-01,   2.32116E-01,  17.01
  857,    1.83362E-01,   1.50658E-01,  -17.84
  858,    1.21171E-01,   1.24720E-01,  2.93
  859,    4.15210E+00,   4.93064E+00,  18.75
  860,    1.39602E+00,   1.39203E+00,  -0.29
  861,    7.37753E-01,   7.71002E-01,  4.51
  862,    4.00083E-01,   4.15790E-01,  3.93
  863,    2.10898E-01,   2.52157E-01,  19.56
  864,    2.38774E-01,   1.99159E-01,  -16.59
  865,    4.45874E+00,   5.19782E+00,  16.58
  866,    1.41375E+00,   1.43667E+00,  1.62
  867,    6.50217E-01,   6.32185E-01,  -2.77
  868,    3.79948E-01,   3.40159E-01,  -10.47
  869,    2.15155E-01,   2.48924E-01,  15.69
  870,    4.53980E+00,   5.27875E+00,  16.28
  871,    1.23305E+00,   1.24941E+00,  1.33
  872,    6.01100E-01,   5.40322E-01,  -10.11
  873,    3.91204E-01,   3.52704E-01,  -9.84
  874,    4.14627E+00,   4.79871E+00,  15.74
  875,    1.23464E+00,   1.11871E+00,  -9.39
  876,    6.81599E-01,   5.95328E-01,  -12.66
  877,    4.35325E+00,   4.79702E+00,  10.19
  878,    1.51930E+00,   1.32675E+00,  -12.67
  879,    4.05453E+00,   4.32205E+00,  6.60

;-Resistivity in Ohm-m in the elemental sequential order

 2.73055E+02,  2.86757E+02,  2.95311E+02,  3.10849E+02,  3.39342E+02
 3.81422E+02,  4.38716E+02,  5.10858E+02,  5.94955E+02,  6.83857E+02
 7.68246E+02,  8.37827E+02,  8.85341E+02,  9.07508E+02,  9.07482E+02
 9.36551E+02,  9.36551E+02,  5.21057E+02,  5.21057E+02,  5.21057E+02
 5.21057E+02,  5.21057E+02,  5.21057E+02,  2.73055E+02,  2.86757E+02
 2.95311E+02,  3.10849E+02,  3.39342E+02,  3.81422E+02,  4.38716E+02
 5.10858E+02,  5.94955E+02,  6.83857E+02,  7.68246E+02,  8.37827E+02
 8.85341E+02,  9.07508E+02,  9.07482E+02,  9.36551E+02,  9.36551E+02
 5.21057E+02,  5.21057E+02,  5.21057E+02,  5.21057E+02,  5.21057E+02
 5.21057E+02,  2.73055E+02,  2.86757E+02,  2.95311E+02,  3.10849E+02
 3.39342E+02,  3.81422E+02,  4.38716E+02,  5.10858E+02,  5.94955E+02
 6.83857E+02,  7.68246E+02,  8.37827E+02,  8.85341E+02,  9.07508E+02
 9.07482E+02,  9.36551E+02,  9.36551E+02,  5.21057E+02,  5.21057E+02
 5.21057E+02,  5.21057E+02,  5.21057E+02,  5.21057E+02,  2.73055E+02
 2.86757E+02,  2.95311E+02,  3.10849E+02,  3.39342E+02,  3.81422E+02
 4.38716E+02,  5.10858E+02,  5.94955E+02,  6.83857E+02,  7.68246E+02
 8.37827E+02,  8.85341E+02,  9.07508E+02,  9.07482E+02,  9.36551E+02
 9.36551E+02,  5.21057E+02,  5.21057E+02,  5.21057E+02,  5.21057E+02
 5.21057E+02,  5.21057E+02,  2.73055E+02,  2.86757E+02,  2.95311E+02
 3.10849E+02,  3.39342E+02,  3.81422E+02,  4.38716E+02,  5.10858E+02
 5.94955E+02,  6.83857E+02,  7.68246E+02,  8.37827E+02,  8.85341E+02
 9.07508E+02,  9.07482E+02,  9.36551E+02,  9.36551E+02,  5.21057E+02
 5.21057E+02,  5.21057E+02,  5.21057E+02,  5.21057E+02,  5.21057E+02
 2.73055E+02,  2.86757E+02,  2.95311E+02,  3.10849E+02,  3.39342E+02
 3.81422E+02,  4.38716E+02,  5.10858E+02,  5.94955E+02,  6.83857E+02
 7.68246E+02,  8.37827E+02,  8.85341E+02,  9.07508E+02,  9.07482E+02
 9.36551E+02,  9.36551E+02,  5.21057E+02,  5.21057E+02,  5.21057E+02
 5.21057E+02,  5.21057E+02,  5.21057E+02,  5.24563E+02,  4.97409E+02
 4.76976E+02,  4.60529E+02,  4.75212E+02,  5.01819E+02,  5.30658E+02
 5.46035E+02,  5.44359E+02,  5.33385E+02,  5.07143E+02,  4.75995E+02
 4.47605E+02,  4.25609E+02,  4.09753E+02,  3.98035E+02,  3.98035E+02
 3.33238E+02,  3.33238E+02,  3.33238E+02,  3.33238E+02,  3.33238E+02
 3.33238E+02,  5.24563E+02,  4.97409E+02,  4.76976E+02,  4.60529E+02
 4.75212E+02,  5.01819E+02,  5.30658E+02,  5.46035E+02,  5.44359E+02
 5.33385E+02,  5.07143E+02,  4.75995E+02,  4.47605E+02,  4.25609E+02
 4.09753E+02,  3.98035E+02,  3.98035E+02,  3.33238E+02,  3.33238E+02
 3.33238E+02,  3.33238E+02,  3.33238E+02,  3.33238E+02,  3.31509E+02
 3.97499E+02,  4.79157E+02,  5.34952E+02,  5.96769E+02,  6.53371E+02
 6.82118E+02,  6.47506E+02,  5.65649E+02,  5.40913E+02,  4.96875E+02
 4.63539E+02,  4.36971E+02,  4.17383E+02,  4.04370E+02,  3.94007E+02
 3.94007E+02,  3.27186E+02,  3.27186E+02,  3.27186E+02,  3.27186E+02
 3.27186E+02,  3.27186E+02,  2.63747E+02,  2.39744E+02,  3.54103E+02
 5.15677E+02,  6.23929E+02,  6.78232E+02,  7.26148E+02,  7.09527E+02
 6.45732E+02,  5.68354E+02,  5.03107E+02,  4.65949E+02,  4.38586E+02
 4.16635E+02,  4.00645E+02,  3.81093E+02,  3.81093E+02,  3.10875E+02
 3.10875E+02,  3.10875E+02,  3.10875E+02,  3.10875E+02,  3.10875E+02
 4.04801E+02,  1.26724E+02,  2.56531E+02,  5.21568E+02,  6.73083E+02
 7.51045E+02,  7.75167E+02,  7.48307E+02,  6.75841E+02,  5.88994E+02
 5.13654E+02,  4.65243E+02,  4.36447E+02,  4.12024E+02,  3.93694E+02
 3.64382E+02,  3.64382E+02,  2.94822E+02,  2.94822E+02,  2.94822E+02
 2.94822E+02,  2.94822E+02,  2.94822E+02,  2.60771E+02,  9.50598E+01
 2.19383E+02,  5.80607E+02,  7.56224E+02,  8.41466E+02,  8.31931E+02
 7.84574E+02,  6.99974E+02,  6.04447E+02,  5.21810E+02,  4.65175E+02
 4.33953E+02,  4.07262E+02,  3.87183E+02,  3.50877E+02,  3.50877E+02
 2.87747E+02,  2.87747E+02,  2.87747E+02,  2.87747E+02,  2.87747E+02
 2.87747E+02,  2.49660E+02,  9.12412E+01,  2.64774E+02,  6.64726E+02
 9.08099E+02,  9.47071E+02,  8.86989E+02,  8.10761E+02,  7.12701E+02
 6.09956E+02,  5.22347E+02,  4.65795E+02,  4.30848E+02,  4.01831E+02
 3.80325E+02,  3.38049E+02,  3.38049E+02,  2.81048E+02,  2.81048E+02
 2.81048E+02,  2.81048E+02,  2.81048E+02,  2.81048E+02,  3.08155E+02
 1.38606E+02,  3.24171E+02,  7.71314E+02,  1.11430E+03,  1.05105E+03
 9.31352E+02,  8.24081E+02,  7.14436E+02,  6.07606E+02,  5.18148E+02
 4.64550E+02,  4.26235E+02,  3.95451E+02,  3.73053E+02,  3.25867E+02
 3.25867E+02,  2.74728E+02,  2.74728E+02,  2.74728E+02,  2.74728E+02
 2.74728E+02,  2.74728E+02,  2.83568E+02,  1.27234E+02,  3.24141E+02
 9.15965E+02,  1.23698E+03,  1.11841E+03,  9.54304E+02,  8.22513E+02
 7.05601E+02,  5.98278E+02,  5.10146E+02,  4.60928E+02,  4.20009E+02
 3.88119E+02,  3.65357E+02,  3.14145E+02,  3.14145E+02,  2.68933E+02
 2.68933E+02,  2.68933E+02,  2.68933E+02,  2.68933E+02,  2.68933E+02
 3.36675E+02,  1.29832E+02,  3.06274E+02,  9.07015E+02,  1.14770E+03
 1.11609E+03,  9.48487E+02,  8.05596E+02,  6.87225E+02,  5.83192E+02
 5.04052E+02,  4.54463E+02,  4.12028E+02,  3.79809E+02,  3.57233E+02
 3.02811E+02,  3.02811E+02,  2.63742E+02,  2.63742E+02,  2.63742E+02
 2.63742E+02,  2.63742E+02,  2.63742E+02,  2.40160E+02,  1.14418E+02
 2.98176E+02,  9.35466E+02,  1.10617E+03,  1.05485E+03,  9.18055E+02
 7.76974E+02,  6.62764E+02,  5.64782E+02,  4.97164E+02,  4.44913E+02
 4.02331E+02,  3.70627E+02,  3.48767E+02,  2.91834E+02,  2.91834E+02
 2.59044E+02,  2.59044E+02,  2.59044E+02,  2.59044E+02,  2.59044E+02
 2.59044E+02,  2.96567E+02,  1.27849E+02,  2.88461E+02,  9.54718E+02
 1.10421E+03,  9.83597E+02,  8.77136E+02,  7.43382E+02,  6.36995E+02
 5.48836E+02,  4.84436E+02,  4.32308E+02,  3.90944E+02,  3.60548E+02
 3.39874E+02,  2.80901E+02,  2.80901E+02,  2.54390E+02,  2.54390E+02
 2.54390E+02,  2.54390E+02,  2.54390E+02,  2.54390E+02,  2.74696E+02
 1.19552E+02,  2.73711E+02,  8.49146E+02,  1.02384E+03,  9.28801E+02
 8.37538E+02,  7.11079E+02,  6.13034E+02,  5.29731E+02,  4.66315E+02
 4.16705E+02,  3.77883E+02,  3.49595E+02,  3.30585E+02,  2.70107E+02
 2.70107E+02,  2.50156E+02,  2.50156E+02,  2.50156E+02,  2.50156E+02
 2.50156E+02,  2.50156E+02,  2.51105E+02,  1.14184E+02,  2.46057E+02
 7.22492E+02,  9.02568E+02,  8.88433E+02,  8.06335E+02,  6.86252E+02
 5.87278E+02,  5.01868E+02,  4.43353E+02,  3.98497E+02,  3.63461E+02
 3.38033E+02,  3.21124E+02,  2.59715E+02,  2.59715E+02,  2.46636E+02
 2.46636E+02,  2.46636E+02,  2.46636E+02,  2.46636E+02,  2.46636E+02
 3.26420E+02,  1.12283E+02,  2.35716E+02,  6.39360E+02,  8.47777E+02
 8.53616E+02,  7.82601E+02,  6.61121E+02,  5.45100E+02,  4.67280E+02
 4.16731E+02,  3.78254E+02,  3.47964E+02,  3.25994E+02,  3.11517E+02
 2.49591E+02,  2.49591E+02,  2.43478E+02,  2.43478E+02,  2.43478E+02
 2.43478E+02,  2.43478E+02,  2.43478E+02,  3.08208E+02,  1.22918E+02
 2.53505E+02,  6.64764E+02,  8.54406E+02,  8.29689E+02,  7.67322E+02
 6.19003E+02,  4.96407E+02,  4.29315E+02,  3.87905E+02,  3.56641E+02
 3.31718E+02,  3.13654E+02,  3.01866E+02,  2.39843E+02,  2.39843E+02
 2.40877E+02,  2.40877E+02,  2.40877E+02,  2.40877E+02,  2.40877E+02
 2.40877E+02,  3.07066E+02,  1.38261E+02,  2.88635E+02,  7.90879E+02
 9.20262E+02,  8.28835E+02,  7.51364E+02,  5.62083E+02,  4.47883E+02
 3.90981E+02,  3.58401E+02,  3.34452E+02,  3.15160E+02,  3.01270E+02
 2.92315E+02,  2.30501E+02,  2.30501E+02,  2.38602E+02,  2.38602E+02
 2.38602E+02,  2.38602E+02,  2.38602E+02,  2.38602E+02,  4.17452E+02
 1.52928E+02,  3.03307E+02,  8.50963E+02,  9.94762E+02,  8.65918E+02
 7.19097E+02,  5.12192E+02,  4.04181E+02,  3.54545E+02,  3.29358E+02
 3.12211E+02,  2.98483E+02,  2.88855E+02,  2.82769E+02,  2.21264E+02
 2.21264E+02,  2.36115E+02,  2.36115E+02,  2.36115E+02,  2.36115E+02
 2.36115E+02,  2.36115E+02,  2.37960E+02,  1.41965E+02,  2.99150E+02
 8.32305E+02,  1.02201E+03,  9.06808E+02,  6.78494E+02,  4.70239E+02
 3.65903E+02,  3.21059E+02,  3.01682E+02,  2.90511E+02,  2.82036E+02
 2.76628E+02,  2.73383E+02,  2.12459E+02,  2.12459E+02,  2.34217E+02
 2.34217E+02,  2.34217E+02,  2.34217E+02,  2.34217E+02,  2.34217E+02
 3.14239E+02,  1.45339E+02,  2.94680E+02,  8.33721E+02,  1.08004E+03
 9.37444E+02,  6.51793E+02,  4.37406E+02,  3.33508E+02,  2.91316E+02
 2.76190E+02,  2.70003E+02,  2.66299E+02,  2.64956E+02,  2.64446E+02
 2.04420E+02,  2.04420E+02,  2.33274E+02,  2.33274E+02,  2.33274E+02
 2.33274E+02,  2.33274E+02,  2.33274E+02,  2.74374E+02,  1.45476E+02
 2.95286E+02,  8.89792E+02,  1.24684E+03,  9.84412E+02,  6.44465E+02
 4.14444E+02,  3.07064E+02,  2.65505E+02,  2.53165E+02,  2.50937E+02
 2.51434E+02,  2.53920E+02,  2.55947E+02,  1.96933E+02,  1.96933E+02
 2.32742E+02,  2.32742E+02,  2.32742E+02,  2.32742E+02,  2.32742E+02
 2.32742E+02,  2.66576E+02,  1.40488E+02,  2.99416E+02,  9.16697E+02
 1.30959E+03,  1.01738E+03,  6.43867E+02,  3.97768E+02,  2.85455E+02
 2.43415E+02,  2.32763E+02,  2.33559E+02,  2.37659E+02,  2.43646E+02
 2.47951E+02,  1.90128E+02,  1.90128E+02,  2.32921E+02,  2.32921E+02
 2.32921E+02,  2.32921E+02,  2.32921E+02,  2.32921E+02,  3.47596E+02
 1.51132E+02,  2.95435E+02,  8.03449E+02,  1.18682E+03,  1.01140E+03
 6.40903E+02,  3.84784E+02,  2.67797E+02,  2.24763E+02,  2.14990E+02
 2.17998E+02,  2.25090E+02,  2.33364E+02,  2.39790E+02,  1.83926E+02
 1.83926E+02,  2.33334E+02,  2.33334E+02,  2.33334E+02,  2.33334E+02
 2.33334E+02,  2.33334E+02,  3.59444E+02,  1.57314E+02,  3.02965E+02
 7.69805E+02,  1.05128E+03,  9.71180E+02,  6.33022E+02,  3.73681E+02
 2.53039E+02,  2.08928E+02,  1.99521E+02,  2.04100E+02,  2.13649E+02
 2.23385E+02,  2.31661E+02,  1.77968E+02,  1.77968E+02,  2.33335E+02
 2.33335E+02,  2.33335E+02,  2.33335E+02,  2.33335E+02,  2.33335E+02
 2.71457E+02,  1.58489E+02,  3.01291E+02,  7.78860E+02,  1.01032E+03
 9.19785E+02,  6.22360E+02,  3.63371E+02,  2.40535E+02,  1.95653E+02
 1.86347E+02,  1.91990E+02,  2.03531E+02,  2.14283E+02,  2.24052E+02
 1.72685E+02,  1.72685E+02,  2.34201E+02,  2.34201E+02,  2.34201E+02
 2.34201E+02,  2.34201E+02,  2.34201E+02,  2.97811E+02,  1.66817E+02
 3.03063E+02,  7.36139E+02,  1.02103E+03,  8.82644E+02,  6.14056E+02
 3.54640E+02,  2.30413E+02,  1.84936E+02,  1.75490E+02,  1.81771E+02
 1.94924E+02,  2.06328E+02,  2.17211E+02,  1.68382E+02,  1.68382E+02
 2.36307E+02,  2.36307E+02,  2.36307E+02,  2.36307E+02,  2.36307E+02
 2.36307E+02,  3.24158E+02,  1.79693E+02,  3.18306E+02,  7.40951E+02
 1.03094E+03,  8.72222E+02,  6.11174E+02,  3.48165E+02,  2.22596E+02
 1.76495E+02,  1.66676E+02,  1.73248E+02,  1.87700E+02,  1.99433E+02
 2.11027E+02,  1.64761E+02,  1.64761E+02,  2.38868E+02,  2.38868E+02
 2.38868E+02,  2.38868E+02,  2.38868E+02,  2.38868E+02,  3.07302E+02
 1.81924E+02,  3.40512E+02,  7.91938E+02,  1.04981E+03,  8.86192E+02
 6.12682E+02,  3.43886E+02,  2.17042E+02,  1.70228E+02,  1.59819E+02
 1.66370E+02,  1.81119E+02,  1.93136E+02,  2.05519E+02,  1.61930E+02
 1.61930E+02,  2.42255E+02,  2.42255E+02,  2.42255E+02,  2.42255E+02
 2.42255E+02,  2.42255E+02,  3.19880E+02,  1.75771E+02,  3.47867E+02
 8.29491E+02,  1.03508E+03,  9.24122E+02,  6.17308E+02,  3.41980E+02
 2.13869E+02,  1.66057E+02,  1.54784E+02,  1.61003E+02,  1.74481E+02
 1.86942E+02,  2.00667E+02,  1.59719E+02,  1.59719E+02,  2.45690E+02
 2.45690E+02,  2.45690E+02,  2.45690E+02,  2.45690E+02,  2.45690E+02
 3.21947E+02,  1.66276E+02,  3.51394E+02,  8.51536E+02,  1.09924E+03
 9.90213E+02,  6.22548E+02,  3.42083E+02,  2.12946E+02,  1.63791E+02
 1.51361E+02,  1.56973E+02,  1.69132E+02,  1.81635E+02,  1.96277E+02
 1.57720E+02,  1.57720E+02,  2.48080E+02,  2.48080E+02,  2.48080E+02
 2.48080E+02,  2.48080E+02,  2.48080E+02,  2.82872E+02,  1.65540E+02
 3.62706E+02,  9.03260E+02,  1.28673E+03,  1.04637E+03,  6.23744E+02
 3.43792E+02,  2.14398E+02,  1.63596E+02,  1.49695E+02,  1.54386E+02
 1.65157E+02,  1.77351E+02,  1.92489E+02,  1.56424E+02,  1.56424E+02
 2.48439E+02,  2.48439E+02,  2.48439E+02,  2.48439E+02,  2.48439E+02
 2.48439E+02,  3.09769E+02,  1.85080E+02,  3.77150E+02,  9.66706E+02
 1.28618E+03,  1.02073E+03,  6.16766E+02,  3.47618E+02,  2.18551E+02
 1.65597E+02,  1.49838E+02,  1.53280E+02,  1.62608E+02,  1.74240E+02
 1.89522E+02,  1.56148E+02,  1.56148E+02,  2.47376E+02,  2.47376E+02
 2.47376E+02,  2.47376E+02,  2.47376E+02,  2.47376E+02,  3.00836E+02
 2.04764E+02,  3.89925E+02,  8.52907E+02,  1.04162E+03,  9.00049E+02
 5.99448E+02,  3.54033E+02,  2.25545E+02,  1.69719E+02,  1.51648E+02
 1.53479E+02,  1.61294E+02,  1.72154E+02,  1.87235E+02,  1.56570E+02
 1.56570E+02,  2.46567E+02,  2.46567E+02,  2.46567E+02,  2.46567E+02
 2.46567E+02,  2.46567E+02,  2.56895E+02,  2.35040E+02,  3.94179E+02
 6.24503E+02,  7.68466E+02,  7.60275E+02,  5.75057E+02,  3.63543E+02
 2.35578E+02,  1.76043E+02,  1.55168E+02,  1.54961E+02,  1.61168E+02
 1.71082E+02,  1.85651E+02,  1.57785E+02,  1.57785E+02,  2.46151E+02
 2.46151E+02,  2.46151E+02,  2.46151E+02,  2.46151E+02,  2.46151E+02
 4.95030E+02,  3.01278E+02,  3.48058E+02,  4.08328E+02,  5.18360E+02
 6.23485E+02,  5.50948E+02,  3.76844E+02,  2.48685E+02,  1.84471E+02
 1.60290E+02,  1.57607E+02,  1.62128E+02,  1.70974E+02,  1.84737E+02
 1.59534E+02,  1.59534E+02,  2.46801E+02,  2.46801E+02,  2.46801E+02
 2.46801E+02,  2.46801E+02,  2.46801E+02,  3.45619E+02,  3.01535E+02
 2.94792E+02,  3.07321E+02,  3.61878E+02,  5.20985E+02,  5.33364E+02
 3.93668E+02,  2.64484E+02,  1.94766E+02,  1.66829E+02,  1.61175E+02
 1.63898E+02,  1.71561E+02,  1.84202E+02,  1.61395E+02,  1.61395E+02
 2.48696E+02,  2.48696E+02,  2.48696E+02,  2.48696E+02,  2.48696E+02
 2.48696E+02,  5.42423E+02,  3.68982E+02,  2.98748E+02,  2.71200E+02
 3.06003E+02,  4.79629E+02,  5.20775E+02,  4.10517E+02,  2.81824E+02
 2.06626E+02,  1.74738E+02,  1.65608E+02,  1.66421E+02,  1.72854E+02
 1.84138E+02,  1.63882E+02,  1.63882E+02,  2.50560E+02,  2.50560E+02
 2.50560E+02,  2.50560E+02,  2.50560E+02,  2.50560E+02,  5.59059E+02
 4.20643E+02,  3.49520E+02,  2.33718E+02,  2.90977E+02,  4.79763E+02
 5.33045E+02,  4.19204E+02,  2.98165E+02,  2.19109E+02,  1.83676E+02
 1.70834E+02,  1.69734E+02,  1.74984E+02,  1.84772E+02,  1.67234E+02
 1.67234E+02,  2.52607E+02,  2.52607E+02,  2.52607E+02,  2.52607E+02
 2.52607E+02,  2.52607E+02,  3.46089E+02,  3.94007E+02,  3.84989E+02
 2.58223E+02,  3.22795E+02,  5.11507E+02,  5.87041E+02,  4.19101E+02
 3.10238E+02,  2.30758E+02,  1.92970E+02,  1.76575E+02,  1.73644E+02
 1.77790E+02,  1.85965E+02,  1.71060E+02,  1.71060E+02,  2.55499E+02
 2.55499E+02,  2.55499E+02,  2.55499E+02,  2.55499E+02,  2.55499E+02
 4.54940E+02,  4.14642E+02,  4.87908E+02,  3.65864E+02,  4.05087E+02
 6.17814E+02,  6.64353E+02,  4.26256E+02,  3.15602E+02,  2.39786E+02
 2.01664E+02,  1.82666E+02,  1.78038E+02,  1.81056E+02,  1.87627E+02
 1.75289E+02,  1.75289E+02,  2.59038E+02,  2.59038E+02,  2.59038E+02
 2.59038E+02,  2.59038E+02,  2.59038E+02,  3.04952E+02,  3.94496E+02
 6.01614E+02,  5.27137E+02,  5.40937E+02,  7.15003E+02,  6.77830E+02
 4.31676E+02,  3.14893E+02,  2.45163E+02,  2.09070E+02,  1.88823E+02
 1.82834E+02,  1.84792E+02,  1.89751E+02,  1.79614E+02,  1.79614E+02
 2.63664E+02,  2.63664E+02,  2.63664E+02,  2.63664E+02,  2.63664E+02
 2.63664E+02,  3.79580E+02,  4.35267E+02,  6.17129E+02,  6.11843E+02
 6.26989E+02,  7.08253E+02,  6.10945E+02,  4.22819E+02,  3.09763E+02
 2.46511E+02,  2.14467E+02,  1.94501E+02,  1.87664E+02,  1.88766E+02
 1.92077E+02,  1.83766E+02,  1.83766E+02,  2.69344E+02,  2.69344E+02
 2.69344E+02,  2.69344E+02,  2.69344E+02,  2.69344E+02,  3.39093E+02
 3.81998E+02,  5.97405E+02,  6.06042E+02,  6.03017E+02,  6.43199E+02
 5.54805E+02,  4.06579E+02,  3.00097E+02,  2.42840E+02,  2.15494E+02
 1.97837E+02,  1.91129E+02,  1.91987E+02,  1.94221E+02,  1.87693E+02
 1.87693E+02,  2.75333E+02,  2.75333E+02,  2.75333E+02,  2.75333E+02
 2.75333E+02,  2.75333E+02,  2.37023E+02,  3.43858E+02,  5.73062E+02
 5.79414E+02,  5.20745E+02,  5.12470E+02,  4.50558E+02,  3.67933E+02
 2.86952E+02,  2.38631E+02,  2.12786E+02,  1.98235E+02,  1.92608E+02
 1.94070E+02,  1.96206E+02,  1.91826E+02,  1.91826E+02,  2.81962E+02
 2.81962E+02,  2.81962E+02,  2.81962E+02,  2.81962E+02,  2.81962E+02
 6.34590E+02,  4.84621E+02,  5.18081E+02,  5.13099E+02,  4.32899E+02
 3.70024E+02,  3.35965E+02,  3.13715E+02,  2.72688E+02,  2.41217E+02
 2.17600E+02,  1.99798E+02,  1.93127E+02,  1.95537E+02,  1.98277E+02
 1.97712E+02,  1.97712E+02,  2.89592E+02,  2.89592E+02,  2.89592E+02
 2.89592E+02,  2.89592E+02,  2.89592E+02,  3.34087E+02,  5.15196E+02
 4.98876E+02,  4.42702E+02,  3.62059E+02,  2.75802E+02,  2.59270E+02
 2.66561E+02,  2.61216E+02,  2.50643E+02,  2.34444E+02,  2.09292E+02
 1.98915E+02,  2.00118E+02,  2.02278E+02,  2.06327E+02,  2.06327E+02
 2.98108E+02,  2.98108E+02,  2.98108E+02,  2.98108E+02,  2.98108E+02
 2.98108E+02,  1.00767E+03,  7.60191E+02,  5.44366E+02,  3.98019E+02
 3.09501E+02,  2.08764E+02,  2.02847E+02,  2.37465E+02,  2.53578E+02
 2.60243E+02,  2.54109E+02,  2.27453E+02,  2.12440E+02,  2.10081E+02
 2.09763E+02,  2.17332E+02,  2.17332E+02,  3.07793E+02,  3.07793E+02
 3.07793E+02,  3.07793E+02,  3.07793E+02,  3.07793E+02,  6.70299E+02
 6.09441E+02,  5.40217E+02,  3.90990E+02,  2.69607E+02,  1.69315E+02
 1.75812E+02,  2.31922E+02,  2.47795E+02,  2.69262E+02,  2.71622E+02
 2.44644E+02,  2.26836E+02,  2.21814E+02,  2.18018E+02,  2.29137E+02
 2.29137E+02,  3.18489E+02,  3.18489E+02,  3.18489E+02,  3.18489E+02
 3.18489E+02,  3.18489E+02,  8.96714E+02,  6.21295E+02,  4.80131E+02
 3.74309E+02,  2.40835E+02,  1.59182E+02,  2.04151E+02,  2.25106E+02
 2.44687E+02,  2.79983E+02,  2.89828E+02,  2.63078E+02,  2.42916E+02
 2.35355E+02,  2.27637E+02,  2.42624E+02,  2.42624E+02,  3.29903E+02
 3.29903E+02,  3.29903E+02,  3.29903E+02,  3.29903E+02,  3.29903E+02
 9.96668E+02,  7.83326E+02,  4.51015E+02,  3.53778E+02,  2.29372E+02
 1.53434E+02,  2.00436E+02,  2.08355E+02,  2.47159E+02,  2.94230E+02
 3.10785E+02,  2.84796E+02,  2.62504E+02,  2.52253E+02,  2.39778E+02
 2.59276E+02,  2.59276E+02,  3.42400E+02,  3.42400E+02,  3.42400E+02
 3.42400E+02,  3.42400E+02,  3.42400E+02,  3.97525E+02,  4.79143E+02
 4.66141E+02,  3.74085E+02,  2.42242E+02,  1.48972E+02,  1.58085E+02
 1.99943E+02,  2.57796E+02,  3.11855E+02,  3.32473E+02,  3.07099E+02
 2.83032E+02,  2.70497E+02,  2.53531E+02,  2.78215E+02,  2.78215E+02
 3.56091E+02,  3.56091E+02,  3.56091E+02,  3.56091E+02,  3.56091E+02
 3.56091E+02,  6.69297E+02,  8.43414E+02,  7.97168E+02,  4.54872E+02
 2.81752E+02,  1.67368E+02,  1.67428E+02,  2.12166E+02,  2.78263E+02
 3.32448E+02,  3.54320E+02,  3.29517E+02,  3.04200E+02,  2.89992E+02
 2.68941E+02,  2.99484E+02,  2.99484E+02,  3.70925E+02,  3.70925E+02
 3.70925E+02,  3.70925E+02,  3.70925E+02,  3.70925E+02,  4.44091E+02
 6.88299E+02,  7.26955E+02,  4.91649E+02,  3.38761E+02,  2.14204E+02
 2.04465E+02,  2.44843E+02,  3.08575E+02,  3.53362E+02,  3.73649E+02
 3.49841E+02,  3.24395E+02,  3.09771E+02,  2.85659E+02,  3.22791E+02
 3.22791E+02,  3.87054E+02,  3.87054E+02,  3.87054E+02,  3.87054E+02
 3.87054E+02,  3.87054E+02,  6.16728E+02,  3.41032E+02,  4.08913E+02
 4.49658E+02,  4.27786E+02,  3.16602E+02,  2.94948E+02,  3.00403E+02
 3.43896E+02,  3.68909E+02,  3.86524E+02,  3.64723E+02,  3.40789E+02
 3.27673E+02,  3.02307E+02,  3.46520E+02,  3.46520E+02,  4.04340E+02
 4.04340E+02,  4.04340E+02,  4.04340E+02,  4.04340E+02,  4.04340E+02
 2.42505E+02,  2.05519E+02,  3.06071E+02,  5.29064E+02,  6.06730E+02
 4.67679E+02,  3.86317E+02,  3.77557E+02,  3.71716E+02,  3.75196E+02
 3.95666E+02,  3.77467E+02,  3.56155E+02,  3.46028E+02,  3.20107E+02
 3.72007E+02,  3.72007E+02,  4.22791E+02,  4.22791E+02,  4.22791E+02
 4.22791E+02,  4.22791E+02,  4.22791E+02,  3.39385E+02,  2.28234E+02
 3.45145E+02,  7.26843E+02,  8.89455E+02,  6.95345E+02,  5.38312E+02
 4.45236E+02,  3.91083E+02,  3.69928E+02,  4.02697E+02,  3.89553E+02
 3.71730E+02,  3.66223E+02,  3.40119E+02,  4.00609E+02,  4.00609E+02
 4.42643E+02,  4.42643E+02,  4.42643E+02,  4.42643E+02,  4.42643E+02
 4.42643E+02,  3.03411E+02,  2.41122E+02,  4.28343E+02,  8.55257E+02
 1.04536E+03,  8.35073E+02,  5.87975E+02,  4.91977E+02,  4.18901E+02
 3.56232E+02,  4.05923E+02,  3.98228E+02,  3.84878E+02,  3.86337E+02
 3.61235E+02,  4.31087E+02,  4.31087E+02,  4.63864E+02,  4.63864E+02
 4.63864E+02,  4.63864E+02,  4.63864E+02,  4.63864E+02,  2.98602E+02
 2.52465E+02,  4.29834E+02,  7.47457E+02,  9.09600E+02,  8.06379E+02
 6.54493E+02,  5.44603E+02,  4.62302E+02,  3.50096E+02,  4.06333E+02
 4.03528E+02,  3.95342E+02,  4.06151E+02,  3.83298E+02,  4.63250E+02
 4.63250E+02,  4.86426E+02,  4.86426E+02,  4.86426E+02,  4.86426E+02
 4.86426E+02,  4.86426E+02,  3.99761E+02,  3.38562E+02,  3.93939E+02
 4.88690E+02,  5.60082E+02,  5.88513E+02,  5.75476E+02,  5.31550E+02
 4.73261E+02,  3.52932E+02,  4.02757E+02,  4.08798E+02,  4.07089E+02
 4.24640E+02,  4.05586E+02,  4.96399E+02,  4.96399E+02,  5.10358E+02
 5.10358E+02,  5.10358E+02,  5.10358E+02,  5.10358E+02,  5.10358E+02
 3.82205E+02,  5.00994E+02,  3.82003E+02,  2.94972E+02,  2.91671E+02
 3.70105E+02,  4.46428E+02,  4.75355E+02,  4.53076E+02,  3.51196E+02
 3.95218E+02,  4.13351E+02,  4.19994E+02,  4.40173E+02,  4.26734E+02
 5.29000E+02,  5.29000E+02,  5.35735E+02,  5.35735E+02,  5.35735E+02
 5.35735E+02,  5.35735E+02,  5.35735E+02,  4.96906E+02,  7.22491E+02
 3.93848E+02,  2.00144E+02,  1.68627E+02,  2.40283E+02,  3.38165E+02
 4.08284E+02,  4.14739E+02,  3.36306E+02,  3.88799E+02,  4.15667E+02
 4.31108E+02,  4.54478E+02,  4.47700E+02,  5.62081E+02,  5.62081E+02
 5.62639E+02,  5.62639E+02,  5.62639E+02,  5.62639E+02,  5.62639E+02
 5.62639E+02,  4.92718E+02,  1.13369E+03,  4.60242E+02,  1.74768E+02
 1.22689E+02,  1.67596E+02,  2.71911E+02,  3.49900E+02,  3.69797E+02
 3.23376E+02,  3.84121E+02,  4.16590E+02,  4.41010E+02,  4.68252E+02
 4.68870E+02,  5.96155E+02,  5.96155E+02,  5.90901E+02,  5.90901E+02
 5.90901E+02,  5.90901E+02,  5.90901E+02,  5.90901E+02,  5.51466E+02
 1.52769E+03,  6.37266E+02,  1.83534E+02,  1.32761E+02,  1.50300E+02
 2.42705E+02,  3.08152E+02,  3.27912E+02,  3.20714E+02,  3.78226E+02
 4.14357E+02,  4.48061E+02,  4.80079E+02,  4.89089E+02,  6.30012E+02
 6.30012E+02,  6.20468E+02,  6.20468E+02,  6.20468E+02,  6.20468E+02
 6.20468E+02,  6.20468E+02,  5.38740E+02,  2.35810E+03,  9.67248E+02
 2.25331E+02,  1.46116E+02,  1.60509E+02,  2.41643E+02,  2.87875E+02
 3.05466E+02,  3.22287E+02,  3.70158E+02,  4.08967E+02,  4.52098E+02
 4.89709E+02,  5.07935E+02,  6.63172E+02,  6.63172E+02,  6.51254E+02
 6.51254E+02,  6.51254E+02,  6.51254E+02,  6.51254E+02,  6.51254E+02
 6.21815E+02,  1.98758E+03,  1.13645E+03,  2.92019E+02,  1.62060E+02
 1.77834E+02,  2.44109E+02,  2.81159E+02,  2.95434E+02,  3.18436E+02
 3.58772E+02,  3.99813E+02,  4.52335E+02,  4.96288E+02,  5.24495E+02
 6.94704E+02,  6.94704E+02,  6.83181E+02,  6.83181E+02,  6.83181E+02
 6.83181E+02,  6.83181E+02,  6.83181E+02,  5.26387E+02,  1.45838E+03
 9.21937E+02,  3.19828E+02,  2.00416E+02,  2.07393E+02,  2.48319E+02
 2.73375E+02,  2.87106E+02,  3.08228E+02,  3.44229E+02,  3.87031E+02
 4.48430E+02,  4.99322E+02,  5.38120E+02,  7.24129E+02,  7.24129E+02
 7.16784E+02,  7.16784E+02,  7.16784E+02,  7.16784E+02,  7.16784E+02
 7.16784E+02,  5.70753E+02,  1.07080E+03,  6.26577E+02,  3.10891E+02
 2.39472E+02,  2.54749E+02,  2.70724E+02,  2.70254E+02,  2.75495E+02
 2.94338E+02,  3.28510E+02,  3.72577E+02,  4.41948E+02,  4.99910E+02
 5.49344E+02,  7.51944E+02,  7.51944E+02,  7.51886E+02,  7.51886E+02
 7.51886E+02,  7.51886E+02,  7.51886E+02,  7.51886E+02,  6.53012E+02
 7.99317E+02,  4.22797E+02,  2.89397E+02,  2.87537E+02,  3.07399E+02
 2.97735E+02,  2.69032E+02,  2.62398E+02,  2.78398E+02,  3.12214E+02
 3.57025E+02,  4.33243E+02,  4.98104E+02,  5.57860E+02,  7.77555E+02
 7.77555E+02,  7.87602E+02,  7.87602E+02,  7.87602E+02,  7.87602E+02
 7.87602E+02,  7.87602E+02,  3.88899E+02,  4.58675E+02,  3.50645E+02
 3.10745E+02,  3.41969E+02,  3.65884E+02,  3.22026E+02,  2.68635E+02
 2.49363E+02,  2.61440E+02,  2.95662E+02,  3.40670E+02,  4.22106E+02
 4.93568E+02,  5.63188E+02,  8.00557E+02,  8.00557E+02,  8.24048E+02
 8.24048E+02,  8.24048E+02,  8.24048E+02,  8.24048E+02,  8.24048E+02
 6.30885E+02,  5.42155E+02,  4.83287E+02,  4.35606E+02,  4.50243E+02
 4.40883E+02,  3.50573E+02,  2.69268E+02,  2.37239E+02,  2.44532E+02
 2.79840E+02,  3.27674E+02,  4.09071E+02,  4.86466E+02,  5.65213E+02
 8.20676E+02,  8.20676E+02,  8.61022E+02,  8.61022E+02,  8.61022E+02
 8.61022E+02,  8.61022E+02,  8.61022E+02,  2.93244E+02,  6.22261E+02
 7.87974E+02,  6.95348E+02,  6.25325E+02,  5.37049E+02,  3.84651E+02
 2.71897E+02,  2.26673E+02,  2.28551E+02,  2.63669E+02,  3.14052E+02
 3.94286E+02,  4.76817E+02,  5.63678E+02,  8.37434E+02,  8.37434E+02
 8.98424E+02,  8.98424E+02,  8.98424E+02,  8.98424E+02,  8.98424E+02
 8.98424E+02,  4.65927E+02,  5.13499E+02,  9.61591E+02,  9.57632E+02
 8.35250E+02,  6.63603E+02,  4.25474E+02,  2.77250E+02,  2.17959E+02
 2.14242E+02,  2.47865E+02,  2.99392E+02,  3.78518E+02,  4.65276E+02
 5.59112E+02,  8.51781E+02,  8.51781E+02,  9.37430E+02,  9.37430E+02
 9.37430E+02,  9.37430E+02,  9.37430E+02,  9.37430E+02,  2.84690E+02
 4.51978E+02,  8.90503E+02,  1.09436E+03,  9.48654E+02,  7.73033E+02
 4.67492E+02,  2.85111E+02,  2.10994E+02,  2.01934E+02,  2.33273E+02
 2.84690E+02,  3.62539E+02,  4.52465E+02,  5.51920E+02,  8.63751E+02
 8.63751E+02,  9.77250E+02,  9.77250E+02,  9.77250E+02,  9.77250E+02
 9.77250E+02,  9.77250E+02,  4.27352E+02,  4.46759E+02,  7.46113E+02
 1.20660E+03,  1.05300E+03,  8.35377E+02,  4.97659E+02,  2.93794E+02
 2.05626E+02,  1.91904E+02,  2.20433E+02,  2.70556E+02,  3.46655E+02
 4.38545E+02,  5.42060E+02,  8.72451E+02,  8.72451E+02,  1.01623E+03
 1.01623E+03,  1.01623E+03,  1.01623E+03,  1.01623E+03,  1.01623E+03
 3.32473E+02,  4.13259E+02,  6.45050E+02,  1.27338E+03,  1.40719E+03
 8.97282E+02,  5.07211E+02,  3.01124E+02,  2.01834E+02,  1.84489E+02
 2.09837E+02,  2.57567E+02,  3.31336E+02,  4.24015E+02,  5.30103E+02
 8.78563E+02,  8.78563E+02,  1.05492E+03,  1.05492E+03,  1.05492E+03
 1.05492E+03,  1.05492E+03,  1.05492E+03,  4.02023E+02,  3.21090E+02
 5.72012E+02,  1.02267E+03,  1.41296E+03,  9.37090E+02,  5.03654E+02
 3.06650E+02,  2.00044E+02,  1.79960E+02,  2.01782E+02,  2.46136E+02
 3.16977E+02,  4.09334E+02,  5.16573E+02,  8.82358E+02,  8.82358E+02
 1.09307E+03,  1.09307E+03,  1.09307E+03,  1.09307E+03,  1.09307E+03
 1.09307E+03,  2.68259E+02,  3.27733E+02,  6.42426E+02,  9.00230E+02
 1.26308E+03,  8.83684E+02,  4.88732E+02,  3.11392E+02,  2.01091E+02
 1.78648E+02,  1.96496E+02,  2.36572E+02,  3.03907E+02,  3.94925E+02
 5.02008E+02,  8.84161E+02,  8.84161E+02,  1.13079E+03,  1.13079E+03
 1.13079E+03,  1.13079E+03,  1.13079E+03,  1.13079E+03,  3.40101E+02
 3.79615E+02,  7.59888E+02,  8.97800E+02,  1.04252E+03,  7.75434E+02
 4.67129E+02,  3.16894E+02,  2.05696E+02,  1.80657E+02,  1.93966E+02
 2.28970E+02,  2.92340E+02,  3.81222E+02,  4.87109E+02,  8.85225E+02
 8.85225E+02,  1.16983E+03,  1.16983E+03,  1.16983E+03,  1.16983E+03
 1.16983E+03,  1.16983E+03,  3.19170E+02,  4.66346E+02,  8.68856E+02
 9.38329E+02,  8.19045E+02,  6.55445E+02,  4.46388E+02,  3.25237E+02
 2.14705E+02,  1.86017E+02,  1.94019E+02,  2.23204E+02,  2.82257E+02
 3.68388E+02,  4.72174E+02,  8.85318E+02,  8.85318E+02,  1.20865E+03
 1.20865E+03,  1.20865E+03,  1.20865E+03,  1.20865E+03,  1.20865E+03
 2.59570E+02,  4.12763E+02,  8.08521E+02,  7.59521E+02,  6.24193E+02
 5.52144E+02,  4.32961E+02,  3.37532E+02,  2.29004E+02,  1.94931E+02
 1.96649E+02,  2.19250E+02,  2.73739E+02,  3.56664E+02,  4.57625E+02
 8.84312E+02,  8.84312E+02,  1.24530E+03,  1.24530E+03,  1.24530E+03
 1.24530E+03,  1.24530E+03,  1.24530E+03,  4.26958E+02,  3.59775E+02
 5.32181E+02,  5.32026E+02,  4.60557E+02,  4.69083E+02,  4.29018E+02
 3.53995E+02,  2.48943E+02,  2.07399E+02,  2.01773E+02,  2.16976E+02
 2.66765E+02,  3.46233E+02,  4.43950E+02,  8.83238E+02,  8.83238E+02
 1.28098E+03,  1.28098E+03,  1.28098E+03,  1.28098E+03,  1.28098E+03
 1.28098E+03,  3.41262E+02,  4.90496E+02,  4.86302E+02,  3.83134E+02
 3.41214E+02,  4.04964E+02,  4.31633E+02,  3.75008E+02,  2.74630E+02
 2.23462E+02,  2.09476E+02,  2.16300E+02,  2.61340E+02,  3.37257E+02
 4.31535E+02,  8.82602E+02,  8.82602E+02,  1.31556E+03,  1.31556E+03
 1.31556E+03,  1.31556E+03,  1.31556E+03,  1.31556E+03,  5.05213E+02
 5.39543E+02,  4.96556E+02,  3.18933E+02,  2.82152E+02,  3.60977E+02
 4.38168E+02,  3.98325E+02,  3.05151E+02,  2.42793E+02,  2.19784E+02
 2.17182E+02,  2.57481E+02,  3.29872E+02,  4.20704E+02,  8.83038E+02
 8.83038E+02,  1.34968E+03,  1.34968E+03,  1.34968E+03,  1.34968E+03
 1.34968E+03,  1.34968E+03,  4.35426E+02,  6.53148E+02,  5.28324E+02
 2.98368E+02,  2.44202E+02,  3.43064E+02,  4.50203E+02,  4.19630E+02
 3.37745E+02,  2.62220E+02,  2.27575E+02,  2.19128E+02,  2.54816E+02
 3.23784E+02,  4.11270E+02,  8.84804E+02,  8.84804E+02,  1.38532E+03
 1.38532E+03,  1.38532E+03,  1.38532E+03,  1.38532E+03,  1.38532E+03
 4.30991E+02,  7.25818E+02,  5.55353E+02,  2.94334E+02,  2.43049E+02
 3.46161E+02,  4.69068E+02,  4.44178E+02,  3.63967E+02,  2.85258E+02
 2.36542E+02,  2.22305E+02,  2.53357E+02,  3.19108E+02,  4.03462E+02
 8.87775E+02,  8.87775E+02,  1.42032E+03,  1.42032E+03,  1.42032E+03
 1.42032E+03,  1.42032E+03,  1.42032E+03,  3.35142E+02,  5.41558E+02
 5.31755E+02,  2.95842E+02,  2.56702E+02,  3.61107E+02,  5.00287E+02
 4.82573E+02,  3.79754E+02,  3.08372E+02,  2.48592E+02,  2.26995E+02
 2.53357E+02,  3.16223E+02,  3.97843E+02,  8.92766E+02,  8.92766E+02
 1.45309E+03,  1.45309E+03,  1.45309E+03,  1.45309E+03,  1.45309E+03
 1.45309E+03,  4.28730E+02,  5.45134E+02,  5.35964E+02,  3.00039E+02
 2.74077E+02,  3.80621E+02,  5.38980E+02,  5.23111E+02,  3.96040E+02
 3.15520E+02,  2.63515E+02,  2.32965E+02,  2.54566E+02,  3.14933E+02
 3.94309E+02,  9.00322E+02,  9.00322E+02,  1.48545E+03,  1.48545E+03
 1.48545E+03,  1.48545E+03,  1.48545E+03,  1.48545E+03,  3.65974E+02
 8.35732E+02,  5.59325E+02,  2.96201E+02,  2.82502E+02,  4.00274E+02
 5.75542E+02,  5.50464E+02,  4.04177E+02,  3.09681E+02,  2.79402E+02
 2.39933E+02,  2.56916E+02,  3.15315E+02,  3.93051E+02,  9.10901E+02
 9.10901E+02,  1.51737E+03,  1.51737E+03,  1.51737E+03,  1.51737E+03
 1.51737E+03,  1.51737E+03,  6.24096E+02,  7.74575E+02,  4.74091E+02
 2.71021E+02,  2.81175E+02,  4.16947E+02,  5.88761E+02,  5.46612E+02
 4.08117E+02,  2.98256E+02,  2.83866E+02,  2.46996E+02,  2.60088E+02
 3.17206E+02,  3.93968E+02,  9.24779E+02,  9.24779E+02,  1.55007E+03
 1.55007E+03,  1.55007E+03,  1.55007E+03,  1.55007E+03,  1.55007E+03
 4.54494E+02,  4.56179E+02,  3.32657E+02,  2.34528E+02,  2.85928E+02
 4.26451E+02,  5.79182E+02,  5.24591E+02,  3.97758E+02,  2.86489E+02
 2.76130E+02,  2.53020E+02,  2.63421E+02,  3.20021E+02,  3.96386E+02
 9.41165E+02,  9.41165E+02,  1.58556E+03,  1.58556E+03,  1.58556E+03
 1.58556E+03,  1.58556E+03,  1.58556E+03,  4.01019E+02,  4.21977E+02
 3.45661E+02,  2.54433E+02,  3.10687E+02,  4.30668E+02,  5.50700E+02
 5.06726E+02,  3.79599E+02,  2.73857E+02,  2.67018E+02,  2.57495E+02
 2.67270E+02,  3.24439E+02,  4.01172E+02,  9.60802E+02,  9.60802E+02
 1.62110E+03,  1.62110E+03,  1.62110E+03,  1.62110E+03,  1.62110E+03
 1.62110E+03,  4.50250E+02,  7.07709E+02,  5.95587E+02,  3.40707E+02
 3.32256E+02,  4.19141E+02,  5.06172E+02,  4.61130E+02,  3.50871E+02
 2.61201E+02,  2.63460E+02,  2.59937E+02,  2.71963E+02,  3.31080E+02
 4.09157E+02,  9.85043E+02,  9.85043E+02,  1.65523E+03,  1.65523E+03
 1.65523E+03,  1.65523E+03,  1.65523E+03,  1.65523E+03,  4.31370E+02
 7.69943E+02,  7.43096E+02,  3.90604E+02,  3.17022E+02,  3.68169E+02
 4.29011E+02,  4.00656E+02,  3.17805E+02,  2.50306E+02,  2.66529E+02
 2.59905E+02,  2.77133E+02,  3.39578E+02,  4.19936E+02,  1.01369E+03
 1.01369E+03,  1.69006E+03,  1.69006E+03,  1.69006E+03,  1.69006E+03
 1.69006E+03,  1.69006E+03,  4.12253E+02,  7.02888E+02,  6.39218E+02
 3.38644E+02,  2.54681E+02,  3.02051E+02,  3.52714E+02,  3.41437E+02
 2.86800E+02,  2.44653E+02,  2.71890E+02,  2.57736E+02,  2.82911E+02
 3.50202E+02,  4.33908E+02,  1.04732E+03,  1.04732E+03,  1.72532E+03
 1.72532E+03,  1.72532E+03,  1.72532E+03,  1.72532E+03,  1.72532E+03
 4.92407E+02,  6.68691E+02,  5.13856E+02,  2.59392E+02,  2.03861E+02
 2.48357E+02,  3.02457E+02,  3.02128E+02,  2.64091E+02,  2.47447E+02
 2.65790E+02,  2.54499E+02,  2.89316E+02,  3.62669E+02,  4.50598E+02
 1.08524E+03,  1.08524E+03,  1.76271E+03,  1.76271E+03,  1.76271E+03
 1.76271E+03,  1.76271E+03,  1.76271E+03,  5.05396E+02,  7.25135E+02
 4.94997E+02,  2.49127E+02,  1.91417E+02,  2.21864E+02,  2.67651E+02
 2.71370E+02,  2.52895E+02,  2.47664E+02,  2.46537E+02,  2.51678E+02
 2.96500E+02,  3.76648E+02,  4.69338E+02,  1.12640E+03,  1.12640E+03
 1.80494E+03,  1.80494E+03,  1.80494E+03,  1.80494E+03,  1.80494E+03
 1.80494E+03,  4.52009E+02,  8.50065E+02,  6.34236E+02,  2.70276E+02
 2.03756E+02,  2.24463E+02,  2.51985E+02,  2.55562E+02,  2.44669E+02
 2.36709E+02,  2.30387E+02,  2.50880E+02,  3.05908E+02,  3.93887E+02
 4.92272E+02,  1.17331E+03,  1.17331E+03,  1.84744E+03,  1.84744E+03
 1.84744E+03,  1.84744E+03,  1.84744E+03,  1.84744E+03,  5.60688E+02
 9.01337E+02,  7.87631E+02,  3.21075E+02,  2.17068E+02,  2.31923E+02
 2.54381E+02,  2.52965E+02,  2.32407E+02,  2.16635E+02,  2.20899E+02
 2.53441E+02,  3.18678E+02,  4.15403E+02,  5.20363E+02,  1.22662E+03
 1.22662E+03,  1.88692E+03,  1.88692E+03,  1.88692E+03,  1.88692E+03
 1.88692E+03,  1.88692E+03,  3.56197E+02,  8.21240E+02,  8.24449E+02
 3.97306E+02,  2.43301E+02,  2.54379E+02,  2.74447E+02,  2.56735E+02
 2.23080E+02,  2.07045E+02,  2.18410E+02,  2.60094E+02,  3.35050E+02
 4.40876E+02,  5.52793E+02,  1.28478E+03,  1.28478E+03,  1.92576E+03
 1.92576E+03,  1.92576E+03,  1.92576E+03,  1.92576E+03,  1.92576E+03
 4.68614E+02,  7.44365E+02,  8.19157E+02,  4.26585E+02,  3.04875E+02
 3.15234E+02,  3.10271E+02,  2.69303E+02,  2.23471E+02,  2.06425E+02
 2.22167E+02,  2.71358E+02,  3.55702E+02,  4.70930E+02,  5.90118E+02
 1.34813E+03,  1.34813E+03,  1.96228E+03,  1.96228E+03,  1.96228E+03
 1.96228E+03,  1.96228E+03,  1.96228E+03,  3.97992E+02,  8.23733E+02
 7.84535E+02,  4.71966E+02,  4.10750E+02,  4.08439E+02,  3.51966E+02
 2.89356E+02,  2.30723E+02,  2.12729E+02,  2.32152E+02,  2.87958E+02
 3.80995E+02,  5.05005E+02,  6.30769E+02,  1.41389E+03,  1.41389E+03
 2.00024E+03,  2.00024E+03,  2.00024E+03,  2.00024E+03,  2.00024E+03
 2.00024E+03,  4.33932E+02,  7.25484E+02,  7.11321E+02,  6.11545E+02
 5.63657E+02,  5.08897E+02,  3.98008E+02,  3.03157E+02,  2.43781E+02
 2.25657E+02,  2.48804E+02,  3.10661E+02,  4.11417E+02,  5.42980E+02
 6.74093E+02,  1.48183E+03,  1.48183E+03,  2.04537E+03,  2.04537E+03
 2.04537E+03,  2.04537E+03,  2.04537E+03,  2.04537E+03,  3.40698E+02
 4.71352E+02,  7.80444E+02,  8.21562E+02,  6.82368E+02,  5.49849E+02
 4.10751E+02,  3.14250E+02,  2.65862E+02,  2.46274E+02,  2.73251E+02
 3.40952E+02,  4.49030E+02,  5.87533E+02,  7.23292E+02,  1.55406E+03
 1.55406E+03,  2.08464E+03,  2.08464E+03,  2.08464E+03,  2.08464E+03
 2.08464E+03,  2.08464E+03,  3.47687E+02,  4.18435E+02,  9.93953E+02
 9.65603E+02,  6.51821E+02,  4.80294E+02,  3.76925E+02,  3.18685E+02
 2.87568E+02,  2.77148E+02,  3.07740E+02,  3.80690E+02,  4.95055E+02
 6.38824E+02,  7.77332E+02,  1.62423E+03,  1.62423E+03,  2.10838E+03
 2.10838E+03,  2.10838E+03,  2.10838E+03,  2.10838E+03,  2.10838E+03
 3.59856E+02,  5.49145E+02,  1.44129E+03,  9.25888E+02,  4.86018E+02
 3.91565E+02,  3.23437E+02,  3.14063E+02,  3.14687E+02,  3.22042E+02
 3.54709E+02,  4.31137E+02,  5.49275E+02,  6.95016E+02,  8.33104E+02
 1.68614E+03,  1.68614E+03,  2.12086E+03,  2.12086E+03,  2.12086E+03
 2.12086E+03,  2.12086E+03,  2.12086E+03,  3.39249E+02,  9.39324E+02
 1.81439E+03,  6.61244E+02,  3.10979E+02,  3.22727E+02,  3.09220E+02
 3.21497E+02,  3.65154E+02,  3.86088E+02,  4.16730E+02,  4.93277E+02
 6.11413E+02,  7.55044E+02,  8.89119E+02,  1.73559E+03,  1.73559E+03
 2.11620E+03,  2.11620E+03,  2.11620E+03,  2.11620E+03,  2.11620E+03
 2.11620E+03,  4.49444E+02,  6.91467E+02,  9.55901E+02,  3.19933E+02
 1.41540E+02,  1.49219E+02,  3.04229E+02,  3.65359E+02,  4.34246E+02
 4.65379E+02,  4.95631E+02,  5.66558E+02,  6.78663E+02,  8.14704E+02
 9.40957E+02,  1.77447E+03,  1.77447E+03,  2.11209E+03,  2.11209E+03
 2.11209E+03,  2.11209E+03,  2.11209E+03,  2.11209E+03,  2.43218E+02
 2.38209E+02,  2.39009E+02,  1.41247E+02,  8.88315E+01,  1.15451E+02
 2.71883E+02,  4.25354E+02,  5.23976E+02,  5.63649E+02,  5.90429E+02
 6.48296E+02,  7.47778E+02,  8.71632E+02,  9.88835E+02,  1.82043E+03
 1.82043E+03,  2.12736E+03,  2.12736E+03,  2.12736E+03,  2.12736E+03
 2.12736E+03,  2.12736E+03,  1.02193E+03,  2.81969E+02,  1.71053E+02
 1.03921E+02,  9.64687E+01,  1.34758E+02,  2.81681E+02,  5.47722E+02
 6.49614E+02,  6.81259E+02,  6.92440E+02,  7.32200E+02,  8.15087E+02
 9.25995E+02,  1.03586E+03,  1.89534E+03,  1.89534E+03,  2.16987E+03
 2.16987E+03,  2.16987E+03,  2.16987E+03,  2.16987E+03,  2.16987E+03
 1.13106E+03,  1.74315E+03,  3.40917E+02,  1.56159E+02,  1.62045E+02
 2.07123E+02,  3.83970E+02,  6.45517E+02,  7.76465E+02,  7.88429E+02
 7.85205E+02,  8.08611E+02,  8.76011E+02,  9.75380E+02,  1.08502E+03
 2.01356E+03,  2.01356E+03,  2.24495E+03,  2.24495E+03,  2.24495E+03
 2.24495E+03,  2.24495E+03,  2.24495E+03,  6.30204E+02,  1.36926E+03
 6.26683E+02,  3.24907E+02,  2.47461E+02,  3.34083E+02,  5.79039E+02
 8.61350E+02,  9.16972E+02,  8.79462E+02,  8.64799E+02,  8.73373E+02
 9.29782E+02,  1.02828E+03,  1.14879E+03,  2.14633E+03,  2.14633E+03
 2.33918E+03,  2.33918E+03,  2.33918E+03,  2.33918E+03,  2.33918E+03
 2.33918E+03,  6.88896E+02,  4.11996E+03,  1.39247E+03,  5.17122E+02
 3.40679E+02,  5.14314E+02,  8.64489E+02,  1.20095E+03,  1.21324E+03
 1.07610E+03,  9.77292E+02,  9.50883E+02,  9.98817E+02,  1.09743E+03
 1.21992E+03,  2.27960E+03,  2.27960E+03,  2.42972E+03,  2.42972E+03
 2.42972E+03,  2.42972E+03,  2.42972E+03,  2.42972E+03,  5.54785E+02
 1.80743E+03,  3.97457E+02,  4.44135E+02,  4.52616E+02,  6.86581E+02
 1.15421E+03,  1.55851E+03,  1.56434E+03,  1.33480E+03,  1.14145E+03
 1.06004E+03,  1.08442E+03,  1.17182E+03,  1.28932E+03,  2.39969E+03
 2.39969E+03,  2.49824E+03,  2.49824E+03,  2.49824E+03,  2.49824E+03
 2.49824E+03,  2.49824E+03,  3.97618E+02,  5.26094E+02,  2.02144E+02
 2.18980E+02,  3.56327E+02,  6.74752E+02,  1.25650E+03,  1.77510E+03
 1.83174E+03,  1.55363E+03,  1.29433E+03,  1.16956E+03,  1.16917E+03
 1.24240E+03,  1.35278E+03,  2.49904E+03,  2.49904E+03,  2.53813E+03
 2.53813E+03,  2.53813E+03,  2.53813E+03,  2.53813E+03,  2.53813E+03
 7.93675E+02,  1.07932E+03,  1.98773E+02,  1.29045E+02,  1.97449E+02
 4.71586E+02,  1.07301E+03,  1.72592E+03,  1.92074E+03,  1.68420E+03
 1.41049E+03,  1.26567E+03,  1.24951E+03,  1.31154E+03,  1.41579E+03
 2.60360E+03,  2.60360E+03,  2.58306E+03,  2.58306E+03,  2.58306E+03
 2.58306E+03,  2.58306E+03,  2.58306E+03,  9.01577E+02,  1.30394E+03
 1.73355E+02,  8.48087E+01,  1.11612E+02,  2.77569E+02,  7.54573E+02
 1.44035E+03,  1.80399E+03,  1.69960E+03,  1.47452E+03,  1.33965E+03
 1.32092E+03,  1.37678E+03,  1.47627E+03,  2.71083E+03,  2.71083E+03
 2.62928E+03,  2.62928E+03,  2.62928E+03,  2.62928E+03,  2.62928E+03
 2.62928E+03,  7.31426E+02,  1.51954E+03,  2.07039E+02,  7.45217E+01
 7.76113E+01,  1.66663E+02,  4.86196E+02,  1.08140E+03,  1.55113E+03
 1.61091E+03,  1.48110E+03,  1.38401E+03,  1.37634E+03,  1.43146E+03
 1.52721E+03,  2.80057E+03,  2.80057E+03,  2.65670E+03,  2.65670E+03
 2.65670E+03,  2.65670E+03,  2.65670E+03,  2.65670E+03,  1.26032E+03
 1.71843E+03,  2.55308E+02,  7.38153E+01,  6.15212E+01,  1.11291E+02
 3.14801E+02,  7.75730E+02,  1.26113E+03,  1.45461E+03,  1.43601E+03
 1.39649E+03,  1.41257E+03,  1.47318E+03,  1.56700E+03,  2.87100E+03
 2.87100E+03,  2.66738E+03,  2.66738E+03,  2.66738E+03,  2.66738E+03
 2.66738E+03,  2.66738E+03,  2.57115E+02,  4.51104E+02,  3.33028E+02
 7.30093E+01,  6.05479E+01,  8.41699E+01,  2.17119E+02,  5.60520E+02
 1.00201E+03,  1.27121E+03,  1.35105E+03,  1.37670E+03,  1.42533E+03
 1.49666E+03,  1.58988E+03,  2.90800E+03,  2.90800E+03,  2.65199E+03
 2.65199E+03,  2.65199E+03,  2.65199E+03,  2.65199E+03,  2.65199E+03
 3.49238E+02,  1.48168E+03,  6.78623E+02,  8.65025E+01,  6.48721E+01
 7.49139E+01,  1.65434E+02,  4.22648E+02,  7.98522E+02,  1.09258E+03
 1.24449E+03,  1.33241E+03,  1.41769E+03,  1.50347E+03,  1.59744E+03
 2.91575E+03,  2.91575E+03,  2.61585E+03,  2.61585E+03,  2.61585E+03
 2.61585E+03,  2.61585E+03,  2.61585E+03,  5.79409E+02,  7.89016E+03
 1.03586E+03,  9.92761E+01,  6.00849E+01,  7.61916E+01,  1.47643E+02
 3.35497E+02,  6.41992E+02,  9.29552E+02,  1.12950E+03,  1.27339E+03
 1.39735E+03,  1.50084E+03,  1.59752E+03,  2.91387E+03,  2.91387E+03
 2.57470E+03,  2.57470E+03,  2.57470E+03,  2.57470E+03,  2.57470E+03
 2.57470E+03,  5.28777E+02,  9.42317E+03,  7.53354E+02,  9.34748E+01
 4.65504E+01,  7.24254E+01,  1.42575E+02,  2.82695E+02,  5.15911E+02
 7.80776E+02,  1.01312E+03,  1.20420E+03,  1.36486E+03,  1.48673E+03
 1.58648E+03,  2.89025E+03,  2.89025E+03,  2.51949E+03,  2.51949E+03
 2.51949E+03,  2.51949E+03,  2.51949E+03,  2.51949E+03,  7.84877E+02
 3.68297E+03,  2.49444E+02,  7.31201E+01,  4.29403E+01,  6.35714E+01
 1.37429E+02,  2.74707E+02,  4.51684E+02,  6.50404E+02,  9.02409E+02
 1.13126E+03,  1.32254E+03,  1.46052E+03,  1.56235E+03,  2.83707E+03
 2.83707E+03,  2.44624E+03,  2.44624E+03,  2.44624E+03,  2.44624E+03
 2.44624E+03,  2.44624E+03,  6.63337E+02,  7.48200E+02,  1.19506E+02
 5.97997E+01,  4.70681E+01,  7.20648E+01,  1.45436E+02,  2.81371E+02
 4.37752E+02,  5.86632E+02,  8.03299E+02,  1.06090E+03,  1.27490E+03
 1.42516E+03,  1.52747E+03,  2.75772E+03,  2.75772E+03,  2.35883E+03
 2.35883E+03,  2.35883E+03,  2.35883E+03,  2.35883E+03,  2.35883E+03
 3.38615E+02,  3.22930E+02,  1.26387E+02,  6.71255E+01,  6.71422E+01
 9.96795E+01,  1.73352E+02,  2.94685E+02,  4.46396E+02,  5.72934E+02
 7.22073E+02,  9.94743E+02,  1.22195E+03,  1.37946E+03,  1.47997E+03
 2.64622E+03,  2.64622E+03,  2.25422E+03,  2.25422E+03,  2.25422E+03
 2.25422E+03,  2.25422E+03,  2.25422E+03,  2.71428E+02,  3.85279E+02
 1.69736E+02,  1.19459E+02,  1.25918E+02,  1.57469E+02,  2.16763E+02
 3.12378E+02,  4.45686E+02,  5.79691E+02,  6.77450E+02,  9.30596E+02
 1.15990E+03,  1.32068E+03,  1.41872E+03,  2.50537E+03,  2.50537E+03
 2.13536E+03,  2.13536E+03,  2.13536E+03,  2.13536E+03,  2.13536E+03
 2.13536E+03,  5.95238E+02,  5.15252E+02,  3.33499E+02,  2.77993E+02
 2.60109E+02,  2.50907E+02,  2.68880E+02,  3.32232E+02,  4.43096E+02
 5.77912E+02,  6.83949E+02,  8.87933E+02,  1.07392E+03,  1.21602E+03
 1.30791E+03,  2.37430E+03,  2.37430E+03,  2.05172E+03,  2.05172E+03
 2.05172E+03,  2.05172E+03,  2.05172E+03,  2.05172E+03,  4.73489E+02
 6.56373E+02,  6.80661E+02,  6.29889E+02,  4.79333E+02,  3.48510E+02
 3.16146E+02,  3.47150E+02,  4.07919E+02,  5.46352E+02,  7.43744E+02
 9.30971E+02,  1.11002E+03,  1.25867E+03,  1.36346E+03,  2.62527E+03
 2.62527E+03,  2.27593E+03,  2.27593E+03,  2.27593E+03,  2.27593E+03
 2.27593E+03,  2.27593E+03,  6.24980E+02,  8.57039E+02,  1.13767E+03
 1.06181E+03,  7.11599E+02,  4.43526E+02,  3.23281E+02,  3.12474E+02
 3.91358E+02,  5.94132E+02,  1.06800E+03,  1.85585E+03,  2.92443E+03
 4.04058E+03,  5.35889E+03,  2.05660E+04,  2.05660E+04,  1.28244E+04
 1.28244E+04,  1.28244E+04,  1.28244E+04,  1.28244E+04,  1.28244E+04
 6.24980E+02,  8.57039E+02,  1.13767E+03,  1.06181E+03,  7.11599E+02
 4.43526E+02,  3.23281E+02,  3.12474E+02,  3.91358E+02,  5.94132E+02
 1.06800E+03,  1.85585E+03,  2.92443E+03,  4.04058E+03,  5.35889E+03
 2.05660E+04,  2.05660E+04,  1.28244E+04,  1.28244E+04,  1.28244E+04
 1.28244E+04,  1.28244E+04,  1.28244E+04,  5.93816E+02,  5.25828E+02
 4.75217E+02,  3.98521E+02,  3.01885E+02,  2.08661E+02,  1.37237E+02
 9.15667E+01,  6.57698E+01,  5.25657E+01,  4.76348E+01,  4.78276E+01
 4.95472E+01,  5.27900E+01,  5.93412E+01,  5.31472E+01,  5.31472E+01
 1.01716E+02,  1.01716E+02,  1.01716E+02,  1.01716E+02,  1.01716E+02
 1.01716E+02,  5.93816E+02,  5.25828E+02,  4.75217E+02,  3.98521E+02
 3.01885E+02,  2.08661E+02,  1.37237E+02,  9.15667E+01,  6.57698E+01
 5.25657E+01,  4.76348E+01,  4.78276E+01,  4.95472E+01,  5.27900E+01
 5.93412E+01,  5.31472E+01,  5.31472E+01,  1.01716E+02,  1.01716E+02
 1.01716E+02,  1.01716E+02,  1.01716E+02,  1.01716E+02,  5.93816E+02
 5.25828E+02,  4.75217E+02,  3.98521E+02,  3.01885E+02,  2.08661E+02
 1.37237E+02,  9.15667E+01,  6.57698E+01,  5.25657E+01,  4.76348E+01
 4.78276E+01,  4.95472E+01,  5.27900E+01,  5.93412E+01,  5.31472E+01
 5.31472E+01,  1.01716E+02,  1.01716E+02,  1.01716E+02,  1.01716E+02
 1.01716E+02,  1.01716E+02,  5.93816E+02,  5.25828E+02,  4.75217E+02
 3.98521E+02,  3.01885E+02,  2.08661E+02,  1.37237E+02,  9.15667E+01
 6.57698E+01,  5.25657E+01,  4.76348E+01,  4.78276E+01,  4.95472E+01
 5.27900E+01,  5.93412E+01,  5.31472E+01,  5.31472E+01,  1.01716E+02
 1.01716E+02,  1.01716E+02,  1.01716E+02,  1.01716E+02,  1.01716E+02
 5.93816E+02,  5.25828E+02,  4.75217E+02,  3.98521E+02,  3.01885E+02
 2.08661E+02,  1.37237E+02,  9.15667E+01,  6.57698E+01,  5.25657E+01
 4.76348E+01,  4.78276E+01,  4.95472E+01,  5.27900E+01,  5.93412E+01
 5.31472E+01,  5.31472E+01,  1.01716E+02,  1.01716E+02,  1.01716E+02
 1.01716E+02,  1.01716E+02,  1.01716E+02,  5.93816E+02,  5.25828E+02
 4.75217E+02,  3.98521E+02,  3.01885E+02,  2.08661E+02,  1.37237E+02
 9.15667E+01,  6.57698E+01,  5.25657E+01,  4.76348E+01,  4.78276E+01
 4.95472E+01,  5.27900E+01,  5.93412E+01,  5.31472E+01,  5.31472E+01
 1.01716E+02,  1.01716E+02,  1.01716E+02,  1.01716E+02,  1.01716E+02
 1.01716E+02

;-Sensitivity in the elemental sequential order

 3.25328E-02,  3.22344E-02,  3.03132E-02,  2.55848E-02,  2.00364E-02
 1.51706E-02,  1.14320E-02,  8.68389E-03,  6.68154E-03,  5.22081E-03
 4.13394E-03,  3.31983E-03,  2.70767E-03,  2.24440E-03,  1.89011E-03
 4.16627E-03,  4.16627E-03,  8.26547E-03,  8.26547E-03,  8.26547E-03
 8.26547E-03,  8.26547E-03,  8.26547E-03,  3.25328E-02,  3.22344E-02
 3.03132E-02,  2.55848E-02,  2.00364E-02,  1.51706E-02,  1.14320E-02
 8.68389E-03,  6.68154E-03,  5.22081E-03,  4.13394E-03,  3.31983E-03
 2.70767E-03,  2.24440E-03,  1.89011E-03,  4.16627E-03,  4.16627E-03
 8.26547E-03,  8.26547E-03,  8.26547E-03,  8.26547E-03,  8.26547E-03
 8.26547E-03,  3.25328E-02,  3.22344E-02,  3.03132E-02,  2.55848E-02
 2.00364E-02,  1.51706E-02,  1.14320E-02,  8.68389E-03,  6.68154E-03
 5.22081E-03,  4.13394E-03,  3.31983E-03,  2.70767E-03,  2.24440E-03
 1.89011E-03,  4.16627E-03,  4.16627E-03,  8.26547E-03,  8.26547E-03
 8.26547E-03,  8.26547E-03,  8.26547E-03,  8.26547E-03,  3.25328E-02
 3.22344E-02,  3.03132E-02,  2.55848E-02,  2.00364E-02,  1.51706E-02
 1.14320E-02,  8.68389E-03,  6.68154E-03,  5.22081E-03,  4.13394E-03
 3.31983E-03,  2.70767E-03,  2.24440E-03,  1.89011E-03,  4.16627E-03
 4.16627E-03,  8.26547E-03,  8.26547E-03,  8.26547E-03,  8.26547E-03
 8.26547E-03,  8.26547E-03,  3.25328E-02,  3.22344E-02,  3.03132E-02
 2.55848E-02,  2.00364E-02,  1.51706E-02,  1.14320E-02,  8.68389E-03
 6.68154E-03,  5.22081E-03,  4.13394E-03,  3.31983E-03,  2.70767E-03
 2.24440E-03,  1.89011E-03,  4.16627E-03,  4.16627E-03,  8.26547E-03
 8.26547E-03,  8.26547E-03,  8.26547E-03,  8.26547E-03,  8.26547E-03
 3.25328E-02,  3.22344E-02,  3.03132E-02,  2.55848E-02,  2.00364E-02
 1.51706E-02,  1.14320E-02,  8.68389E-03,  6.68154E-03,  5.22081E-03
 4.13394E-03,  3.31983E-03,  2.70767E-03,  2.24440E-03,  1.89011E-03
 4.16627E-03,  4.16627E-03,  8.26547E-03,  8.26547E-03,  8.26547E-03
 8.26547E-03,  8.26547E-03,  8.26547E-03,  5.26845E-01,  1.65681E-01
 6.58001E-02,  2.96595E-02,  1.50398E-02,  8.46690E-03,  5.25906E-03
 3.55943E-03,  2.54262E-03,  1.89714E-03,  1.40146E-03,  1.01466E-03
 7.19262E-04,  5.01768E-04,  3.49069E-04,  5.35263E-04,  5.35263E-04
 6.27563E-04,  6.27563E-04,  6.27563E-04,  6.27563E-04,  6.27563E-04
 6.27563E-04,  5.26845E-01,  1.65681E-01,  6.58001E-02,  2.96595E-02
 1.50398E-02,  8.46690E-03,  5.25906E-03,  3.55943E-03,  2.54262E-03
 1.89714E-03,  1.40146E-03,  1.01466E-03,  7.19262E-04,  5.01768E-04
 3.49069E-04,  5.35263E-04,  5.35263E-04,  6.27563E-04,  6.27563E-04
 6.27563E-04,  6.27563E-04,  6.27563E-04,  6.27563E-04,  6.40937E-01
 1.52962E-01,  5.05713E-02,  1.97507E-02,  7.65841E-03,  3.45495E-03
 1.88863E-03,  1.22433E-03,  8.92609E-04,  6.41656E-04,  4.61146E-04
 3.29152E-04,  2.34089E-04,  1.64813E-04,  1.15617E-04,  1.68360E-04
 1.68360E-04,  2.26214E-04,  2.26214E-04,  2.26214E-04,  2.26214E-04
 2.26214E-04,  2.26214E-04,  1.75442E+00,  3.48756E-01,  9.81325E-02
 3.05129E-02,  1.03900E-02,  4.31757E-03,  2.13006E-03,  1.24093E-03
 8.19573E-04,  6.08809E-04,  4.44200E-04,  3.19607E-04,  2.29303E-04
 1.63417E-04,  1.16326E-04,  1.70641E-04,  1.70641E-04,  2.39067E-04
 2.39067E-04,  2.39067E-04,  2.39067E-04,  2.39067E-04,  2.39067E-04
 1.03184E+00,  4.97793E-01,  1.27634E-01,  3.65271E-02,  1.23180E-02
 4.92181E-03,  2.33033E-03,  1.30057E-03,  8.20620E-04,  5.78452E-04
 4.24136E-04,  3.11505E-04,  2.25828E-04,  1.62873E-04,  1.17250E-04
 1.75099E-04,  1.75099E-04,  2.52765E-04,  2.52765E-04,  2.52765E-04
 2.52765E-04,  2.52765E-04,  2.52765E-04,  1.63010E+00,  7.85840E-01
 1.53220E-01,  3.55665E-02,  1.28911E-02,  5.20772E-03,  2.46802E-03
 1.35943E-03,  8.32820E-04,  5.64905E-04,  4.09288E-04,  3.04502E-04
 2.23825E-04,  1.63155E-04,  1.18534E-04,  1.81392E-04,  1.81392E-04
 2.64964E-04,  2.64964E-04,  2.64964E-04,  2.64964E-04,  2.64964E-04
 2.64964E-04,  1.56214E+00,  8.47559E-01,  1.34265E-01,  3.15139E-02
 1.21048E-02,  5.17801E-03,  2.56502E-03,  1.42819E-03,  8.62236E-04
 5.67435E-04,  4.04050E-04,  3.00310E-04,  2.23782E-04,  1.64629E-04
 1.20425E-04,  1.90282E-04,  1.90282E-04,  2.78384E-04,  2.78384E-04
 2.78384E-04,  2.78384E-04,  2.78384E-04,  2.78384E-04,  1.98032E+00
 7.76266E-01,  1.39310E-01,  2.90415E-02,  1.08861E-02,  5.09035E-03
 2.67202E-03,  1.51736E-03,  9.09964E-04,  5.83699E-04,  4.07359E-04
 3.00174E-04,  2.25342E-04,  1.67048E-04,  1.22766E-04,  2.01393E-04
 2.01393E-04,  2.92226E-04,  2.92226E-04,  2.92226E-04,  2.92226E-04
 2.92226E-04,  2.92226E-04,  1.85557E+00,  8.05218E-01,  1.37371E-01
 2.75442E-02,  1.06690E-02,  5.30514E-03,  2.86502E-03,  1.64693E-03
 9.81246E-04,  6.14787E-04,  4.19687E-04,  3.04674E-04,  2.29303E-04
 1.70876E-04,  1.25917E-04,  2.15013E-04,  2.15013E-04,  3.06809E-04
 3.06809E-04,  3.06809E-04,  3.06809E-04,  3.06809E-04,  3.06809E-04
 1.97959E+00,  8.41936E-01,  1.45793E-01,  2.97573E-02,  1.19227E-02
 5.77698E-03,  3.18084E-03,  1.82741E-03,  1.07694E-03,  6.60305E-04
 4.38476E-04,  3.14427E-04,  2.35791E-04,  1.76274E-04,  1.30028E-04
 2.31026E-04,  2.31026E-04,  3.22063E-04,  3.22063E-04,  3.22063E-04
 3.22063E-04,  3.22063E-04,  3.22063E-04,  1.95405E+00,  8.83172E-01
 1.41650E-01,  3.04798E-02,  1.26909E-02,  6.36547E-03,  3.59494E-03
 2.05122E-03,  1.19003E-03,  7.14021E-04,  4.61502E-04,  3.28054E-04
 2.44493E-04,  1.83058E-04,  1.35007E-04,  2.48826E-04,  2.48826E-04
 3.37467E-04,  3.37467E-04,  3.37467E-04,  3.37467E-04,  3.37467E-04
 3.37467E-04,  2.16338E+00,  8.79421E-01,  1.51771E-01,  3.01302E-02
 1.31725E-02,  7.07950E-03,  4.07714E-03,  2.30464E-03,  1.31136E-03
 7.68302E-04,  4.90776E-04,  3.45123E-04,  2.56029E-04,  1.91730E-04
 1.41251E-04,  2.68674E-04,  2.68674E-04,  3.54144E-04,  3.54144E-04
 3.54144E-04,  3.54144E-04,  3.54144E-04,  3.54144E-04,  2.18176E+00
 9.04124E-01,  1.53059E-01,  3.26172E-02,  1.46366E-02,  7.98775E-03
 4.58680E-03,  2.56146E-03,  1.42296E-03,  8.23774E-04,  5.24640E-04
 3.65534E-04,  2.70117E-04,  2.02252E-04,  1.48825E-04,  2.90492E-04
 2.90492E-04,  3.71932E-04,  3.71932E-04,  3.71932E-04,  3.71932E-04
 3.71932E-04,  3.71932E-04,  2.00680E+00,  8.89631E-01,  1.61911E-01
 3.64545E-02,  1.68653E-02,  8.88600E-03,  5.05467E-03,  2.77585E-03
 1.51468E-03,  8.83094E-04,  5.59998E-04,  3.87778E-04,  2.85705E-04
 2.13964E-04,  1.57363E-04,  3.13365E-04,  3.13365E-04,  3.89490E-04
 3.89490E-04,  3.89490E-04,  3.89490E-04,  3.89490E-04,  3.89490E-04
 1.95779E+00,  8.71605E-01,  1.67668E-01,  4.02447E-02,  1.81642E-02
 9.53445E-03,  5.45575E-03,  2.94609E-03,  1.61918E-03,  9.45243E-04
 5.97340E-04,  4.11777E-04,  3.02866E-04,  2.26985E-04,  1.67006E-04
 3.37299E-04,  3.37299E-04,  4.07400E-04,  4.07400E-04,  4.07400E-04
 4.07400E-04,  4.07400E-04,  4.07400E-04,  1.90738E+00,  8.30278E-01
 1.68893E-01,  4.00649E-02,  1.80999E-02,  9.80043E-03,  5.74759E-03
 3.11122E-03,  1.72597E-03,  1.00948E-03,  6.36005E-04,  4.37114E-04
 3.21298E-04,  2.41141E-04,  1.77714E-04,  3.62139E-04,  3.62139E-04
 4.25402E-04,  4.25402E-04,  4.25402E-04,  4.25402E-04,  4.25402E-04
 4.25402E-04,  1.81640E+00,  8.21003E-01,  1.69320E-01,  3.69641E-02
 1.70234E-02,  9.79769E-03,  5.91163E-03,  3.27212E-03,  1.82760E-03
 1.07205E-03,  6.74296E-04,  4.62695E-04,  3.40218E-04,  2.55873E-04
 1.89120E-04,  3.87030E-04,  3.87030E-04,  4.42842E-04,  4.42842E-04
 4.42842E-04,  4.42842E-04,  4.42842E-04,  4.42842E-04,  2.19145E+00
 9.28710E-01,  1.79996E-01,  3.76510E-02,  1.70621E-02,  9.83401E-03
 6.04133E-03,  3.38039E-03,  1.92041E-03,  1.13356E-03,  7.13631E-04
 4.89576E-04,  3.60340E-04,  2.71700E-04,  2.01622E-04,  4.12665E-04
 4.12665E-04,  4.61297E-04,  4.61297E-04,  4.61297E-04,  4.61297E-04
 4.61297E-04,  4.61297E-04,  2.07163E+00,  9.57164E-01,  1.77640E-01
 4.08220E-02,  1.88989E-02,  1.03360E-02,  6.17269E-03,  3.46966E-03
 2.00151E-03,  1.19281E-03,  7.53639E-04,  5.17679E-04,  3.81597E-04
 2.88549E-04,  2.15285E-04,  4.39358E-04,  4.39358E-04,  4.80107E-04
 4.80107E-04,  4.80107E-04,  4.80107E-04,  4.80107E-04,  4.80107E-04
 2.53730E+00,  1.02944E+00,  1.82837E-01,  4.20145E-02,  2.03398E-02
 1.08874E-02,  6.23166E-03,  3.52597E-03,  2.06278E-03,  1.24444E-03
 7.91345E-04,  5.45174E-04,  4.02658E-04,  3.05374E-04,  2.29395E-04
 4.65808E-04,  4.65808E-04,  4.97343E-04,  4.97343E-04,  4.97343E-04
 4.97343E-04,  4.97343E-04,  4.97343E-04,  2.52370E+00,  1.02145E+00
 1.84343E-01,  4.01778E-02,  1.95015E-02,  1.09283E-02,  6.21963E-03
 3.54374E-03,  2.10549E-03,  1.28936E-03,  8.27545E-04,  5.72628E-04
 4.23828E-04,  3.22287E-04,  2.44039E-04,  4.92208E-04,  4.92208E-04
 5.13988E-04,  5.13988E-04,  5.13988E-04,  5.13988E-04,  5.13988E-04
 5.13988E-04,  2.16526E+00,  9.80504E-01,  1.80132E-01,  3.89086E-02
 1.94148E-02,  1.12017E-02,  6.29902E-03,  3.56108E-03,  2.13567E-03
 1.32809E-03,  8.62083E-04,  5.99871E-04,  4.44882E-04,  3.38955E-04
 2.59102E-04,  5.18427E-04,  5.18427E-04,  5.29558E-04,  5.29558E-04
 5.29558E-04,  5.29558E-04,  5.29558E-04,  5.29558E-04,  2.23900E+00
 9.38672E-01,  1.89733E-01,  4.24703E-02,  2.10711E-02,  1.21194E-02
 6.58486E-03,  3.60956E-03,  2.15788E-03,  1.35979E-03,  8.93700E-04
 6.25848E-04,  4.64885E-04,  3.55202E-04,  2.74141E-04,  5.43146E-04
 5.43146E-04,  5.43622E-04,  5.43622E-04,  5.43622E-04,  5.43622E-04
 5.43622E-04,  5.43622E-04,  2.43252E+00,  9.86195E-01,  1.95413E-01
 4.48261E-02,  2.29935E-02,  1.32722E-02,  7.05693E-03,  3.70909E-03
 2.18592E-03,  1.39125E-03,  9.25954E-04,  6.52622E-04,  4.85442E-04
 3.72039E-04,  2.89707E-04,  5.67786E-04,  5.67786E-04,  5.58461E-04
 5.58461E-04,  5.58461E-04,  5.58461E-04,  5.58461E-04,  5.58461E-04
 2.16562E+00,  1.02884E+00,  2.00838E-01,  4.66628E-02,  2.40961E-02
 1.41505E-02,  7.56613E-03,  3.83829E-03,  2.22146E-03,  1.42398E-03
 9.59150E-04,  6.80099E-04,  5.06419E-04,  3.89157E-04,  3.05651E-04
 5.92558E-04,  5.92558E-04,  5.72467E-04,  5.72467E-04,  5.72467E-04
 5.72467E-04,  5.72467E-04,  5.72467E-04,  2.62713E+00,  1.06845E+00
 2.08074E-01,  5.00743E-02,  2.47873E-02,  1.45459E-02,  7.92540E-03
 3.93959E-03,  2.25199E-03,  1.45388E-03,  9.90391E-04,  7.05923E-04
 5.25703E-04,  4.05063E-04,  3.20797E-04,  6.15288E-04,  6.15288E-04
 5.83294E-04,  5.83294E-04,  5.83294E-04,  5.83294E-04,  5.83294E-04
 5.83294E-04,  2.66599E+00,  1.04865E+00,  2.10024E-01,  5.03095E-02
 2.50733E-02,  1.46051E-02,  8.06261E-03,  3.98472E-03,  2.27755E-03
 1.48481E-03,  1.02195E-03,  7.31269E-04,  5.43570E-04,  4.20264E-04
 3.35464E-04,  6.36525E-04,  6.36525E-04,  5.92727E-04,  5.92727E-04
 5.92727E-04,  5.92727E-04,  5.92727E-04,  5.92727E-04,  2.47673E+00
 1.01300E+00,  2.05495E-01,  4.96020E-02,  2.46547E-02,  1.46074E-02
 7.98906E-03,  3.97227E-03,  2.30161E-03,  1.51892E-03,  1.05422E-03
 7.56003E-04,  5.61031E-04,  4.35086E-04,  3.49446E-04,  6.56008E-04
 6.56008E-04,  6.00182E-04,  6.00182E-04,  6.00182E-04,  6.00182E-04
 6.00182E-04,  6.00182E-04,  2.50242E+00,  1.00761E+00,  2.03782E-01
 5.01814E-02,  2.54363E-02,  1.45343E-02,  7.70423E-03,  3.92424E-03
 2.33303E-03,  1.55747E-03,  1.08620E-03,  7.79085E-04,  5.79041E-04
 4.49135E-04,  3.61781E-04,  6.72623E-04,  6.72623E-04,  6.05881E-04
 6.05881E-04,  6.05881E-04,  6.05881E-04,  6.05881E-04,  6.05881E-04
 2.50060E+00,  1.05403E+00,  2.03284E-01,  5.13707E-02,  2.54663E-02
 1.38234E-02,  7.30884E-03,  3.92413E-03,  2.40159E-03,  1.60995E-03
 1.12184E-03,  8.03250E-04,  5.96590E-04,  4.62607E-04,  3.73654E-04
 6.88810E-04,  6.88810E-04,  6.13270E-04,  6.13270E-04,  6.13270E-04
 6.13270E-04,  6.13270E-04,  6.13270E-04,  2.50911E+00,  1.07724E+00
 2.02528E-01,  5.10228E-02,  2.30734E-02,  1.26726E-02,  7.09633E-03
 4.08010E-03,  2.53016E-03,  1.67822E-03,  1.16016E-03,  8.27411E-04
 6.13481E-04,  4.75452E-04,  3.85032E-04,  7.04003E-04,  7.04003E-04
 6.24320E-04,  6.24320E-04,  6.24320E-04,  6.24320E-04,  6.24320E-04
 6.24320E-04,  3.31005E+00,  1.19070E+00,  2.15462E-01,  5.05429E-02
 2.23297E-02,  1.23022E-02,  7.49766E-03,  4.47371E-03,  2.72048E-03
 1.75535E-03,  1.19616E-03,  8.48232E-04,  6.27633E-04,  4.86116E-04
 3.94456E-04,  7.15881E-04,  7.15881E-04,  6.36656E-04,  6.36656E-04
 6.36656E-04,  6.36656E-04,  6.36656E-04,  6.36656E-04,  2.90486E+00
 1.27333E+00,  2.33512E-01,  5.75331E-02,  2.36250E-02,  1.35136E-02
 8.71769E-03,  5.12300E-03,  2.96271E-03,  1.83791E-03,  1.23024E-03
 8.66934E-04,  6.40342E-04,  4.95674E-04,  4.02628E-04,  7.26414E-04
 7.26414E-04,  6.48387E-04,  6.48387E-04,  6.48387E-04,  6.48387E-04
 6.48387E-04,  6.48387E-04,  3.76815E+00,  1.31006E+00,  2.66074E-01
 7.00234E-02,  2.56685E-02,  1.57666E-02,  1.05106E-02,  5.91743E-03
 3.21776E-03,  1.91508E-03,  1.26020E-03,  8.83441E-04,  6.51923E-04
 5.04367E-04,  4.09666E-04,  7.35427E-04,  7.35427E-04,  6.59244E-04
 6.59244E-04,  6.59244E-04,  6.59244E-04,  6.59244E-04,  6.59244E-04
 3.43988E+00,  1.27464E+00,  3.07234E-01,  8.39785E-02,  2.99705E-02
 1.87166E-02,  1.23526E-02,  6.64810E-03,  3.42765E-03,  1.97333E-03
 1.28338E-03,  8.97172E-04,  6.62045E-04,  5.11820E-04,  4.15167E-04
 7.42458E-04,  7.42458E-04,  6.66753E-04,  6.66753E-04,  6.66753E-04
 6.66753E-04,  6.66753E-04,  6.66753E-04,  3.51109E+00,  1.35333E+00
 3.46668E-01,  9.35906E-02,  3.50217E-02,  2.14619E-02,  1.37027E-02
 7.13799E-03,  3.55617E-03,  2.01211E-03,  1.30469E-03,  9.12608E-04
 6.73931E-04,  5.20353E-04,  4.21050E-04,  7.50631E-04,  7.50631E-04
 6.72283E-04,  6.72283E-04,  6.72283E-04,  6.72283E-04,  6.72283E-04
 6.72283E-04,  3.22949E+00,  1.26946E+00,  3.58579E-01,  9.45062E-02
 3.67964E-02,  2.25529E-02,  1.45071E-02,  7.26147E-03,  3.58441E-03
 2.03156E-03,  1.32697E-03,  9.31793E-04,  6.88505E-04,  5.30291E-04
 4.27533E-04,  7.58691E-04,  7.58691E-04,  6.78521E-04,  6.78521E-04
 6.78521E-04,  6.78521E-04,  6.78521E-04,  6.78521E-04,  3.97996E+00
 1.39964E+00,  3.69723E-01,  1.01552E-01,  3.79901E-02,  2.22959E-02
 1.44547E-02,  7.04246E-03,  3.51487E-03,  2.03649E-03,  1.35205E-03
 9.54373E-04,  7.04317E-04,  5.40051E-04,  4.33147E-04,  7.64006E-04
 7.64006E-04,  6.83104E-04,  6.83104E-04,  6.83104E-04,  6.83104E-04
 6.83104E-04,  6.83104E-04,  3.67272E+00,  1.59019E+00,  4.23970E-01
 1.03513E-01,  3.65836E-02,  2.11106E-02,  1.32384E-02,  6.57318E-03
 3.38924E-03,  2.04893E-03,  1.38919E-03,  9.84369E-04,  7.23105E-04
 5.50723E-04,  4.38790E-04,  7.68748E-04,  7.68748E-04,  6.85614E-04
 6.85614E-04,  6.85614E-04,  6.85614E-04,  6.85614E-04,  6.85614E-04
 4.48520E+00,  1.53878E+00,  3.89312E-01,  9.41930E-02,  3.33203E-02
 1.82069E-02,  1.12179E-02,  5.83921E-03,  3.26997E-03,  2.08921E-03
 1.44493E-03,  1.02269E-03,  7.44964E-04,  5.62556E-04,  4.44620E-04
 7.73043E-04,  7.73043E-04,  6.86486E-04,  6.86486E-04,  6.86486E-04
 6.86486E-04,  6.86486E-04,  6.86486E-04,  4.76167E+00,  1.53594E+00
 3.38757E-01,  8.72252E-02,  3.08534E-02,  1.63798E-02,  9.68241E-03
 5.22081E-03,  3.21419E-03,  2.16973E-03,  1.51896E-03,  1.06725E-03
 7.68130E-04,  5.74310E-04,  4.49922E-04,  7.76434E-04,  7.76434E-04
 6.83751E-04,  6.83751E-04,  6.83751E-04,  6.83751E-04,  6.83751E-04
 6.83751E-04,  5.25122E+00,  1.52186E+00,  3.41779E-01,  8.98708E-02
 3.09124E-02,  1.57624E-02,  8.85749E-03,  4.96371E-03,  3.28548E-03
 2.30815E-03,  1.61392E-03,  1.11929E-03,  7.93966E-04,  5.87441E-04
 4.56351E-04,  7.81679E-04,  7.81679E-04,  6.79561E-04,  6.79561E-04
 6.79561E-04,  6.79561E-04,  6.79561E-04,  6.79561E-04,  5.12932E+00
 1.64508E+00,  3.76070E-01,  1.01817E-01,  3.42970E-02,  1.56626E-02
 8.21477E-03,  5.03740E-03,  3.53363E-03,  2.51587E-03,  1.73143E-03
 1.17761E-03,  8.22530E-04,  6.02440E-04,  4.64001E-04,  7.88656E-04
 7.88656E-04,  6.75463E-04,  6.75463E-04,  6.75463E-04,  6.75463E-04
 6.75463E-04,  6.75463E-04,  5.33414E+00,  1.88229E+00,  4.13736E-01
 1.15128E-01,  4.00468E-02,  1.66466E-02,  8.28610E-03,  5.42181E-03
 3.93391E-03,  2.77353E-03,  1.87150E-03,  1.23502E-03,  8.50057E-04
 6.16579E-04,  4.70649E-04,  7.94006E-04,  7.94006E-04,  6.68828E-04
 6.68828E-04,  6.68828E-04,  6.68828E-04,  6.68828E-04,  6.68828E-04
 5.28411E+00,  1.81783E+00,  4.59551E-01,  1.30089E-01,  4.54805E-02
 1.83072E-02,  8.95499E-03,  6.05839E-03,  4.38608E-03,  3.01936E-03
 1.98962E-03,  1.28631E-03,  8.75859E-04,  6.28493E-04,  4.75896E-04
 7.95453E-04,  7.95453E-04,  6.60310E-04,  6.60310E-04,  6.60310E-04
 6.60310E-04,  6.60310E-04,  6.60310E-04,  6.23251E+00,  1.97153E+00
 5.22108E-01,  1.43537E-01,  4.88134E-02,  1.90374E-02,  9.68417E-03
 6.77213E-03,  4.71320E-03,  3.18022E-03,  2.04705E-03,  1.31149E-03
 8.85736E-04,  6.32731E-04,  4.77360E-04,  7.91665E-04,  7.91665E-04
 6.50559E-04,  6.50559E-04,  6.50559E-04,  6.50559E-04,  6.50559E-04
 6.50559E-04,  5.52201E+00,  1.63611E+00,  5.40331E-01,  1.49620E-01
 4.95065E-02,  1.94472E-02,  1.07141E-02,  7.23623E-03,  4.82047E-03
 3.26142E-03,  2.07071E-03,  1.30208E-03,  8.75976E-04,  6.27506E-04
 4.73847E-04,  7.84035E-04,  7.84035E-04,  6.38478E-04,  6.38478E-04
 6.38478E-04,  6.38478E-04,  6.38478E-04,  6.38478E-04,  5.13415E+00
 2.24037E+00,  5.78472E-01,  1.53905E-01,  4.93955E-02,  1.97527E-02
 1.15853E-02,  7.02294E-03,  4.84450E-03,  3.28166E-03,  2.07534E-03
 1.29503E-03,  8.68359E-04,  6.22702E-04,  4.71768E-04,  7.78656E-04
 7.78656E-04,  6.26484E-04,  6.26484E-04,  6.26484E-04,  6.26484E-04
 6.26484E-04,  6.26484E-04,  5.23635E+00,  2.11763E+00,  5.96108E-01
 1.65064E-01,  5.11910E-02,  1.94069E-02,  1.01605E-02,  6.82961E-03
 4.85142E-03,  3.23618E-03,  2.04418E-03,  1.27769E-03,  8.60193E-04
 6.19547E-04,  4.71445E-04,  7.74614E-04,  7.74614E-04,  6.15334E-04
 6.15334E-04,  6.15334E-04,  6.15334E-04,  6.15334E-04,  6.15334E-04
 6.11152E+00,  1.97726E+00,  6.53848E-01,  1.81232E-01,  5.30966E-02
 1.93358E-02,  1.00431E-02,  7.04517E-03,  4.78476E-03,  3.11154E-03
 1.96484E-03,  1.24196E-03,  8.47494E-04,  6.16087E-04,  4.72029E-04
 7.68802E-04,  7.68802E-04,  6.03044E-04,  6.03044E-04,  6.03044E-04
 6.03044E-04,  6.03044E-04,  6.03044E-04,  5.73835E+00,  3.30573E+00
 7.71301E-01,  1.72347E-01,  4.88443E-02,  1.93145E-02,  1.16723E-02
 7.18597E-03,  4.60682E-03,  2.93286E-03,  1.86213E-03,  1.20301E-03
 8.38449E-04,  6.16943E-04,  4.75584E-04,  7.64868E-04,  7.64868E-04
 5.90737E-04,  5.90737E-04,  5.90737E-04,  5.90737E-04,  5.90737E-04
 5.90737E-04,  6.20967E+00,  1.66696E+00,  4.74043E-01,  1.24007E-01
 4.12659E-02,  1.82613E-02,  1.08322E-02,  6.83153E-03,  4.32819E-03
 2.72923E-03,  1.75308E-03,  1.16765E-03,  8.35025E-04,  6.22557E-04
 4.82358E-04,  7.63463E-04,  7.63463E-04,  5.78849E-04,  5.78849E-04
 5.78849E-04,  5.78849E-04,  5.78849E-04,  5.78849E-04,  7.68352E+00
 1.74746E+00,  3.91165E-01,  1.11229E-01,  4.60379E-02,  1.79950E-02
 9.57036E-03,  6.18259E-03,  4.01611E-03,  2.54103E-03,  1.66007E-03
 1.14321E-03,  8.38138E-04,  6.32204E-04,  4.91336E-04,  7.63969E-04
 7.63969E-04,  5.66650E-04,  5.66650E-04,  5.66650E-04,  5.66650E-04
 5.66650E-04,  5.66650E-04,  3.90227E+00,  1.68746E+00,  3.77608E-01
 1.36733E-01,  5.23113E-02,  1.68553E-02,  7.95452E-03,  5.61246E-03
 3.77668E-03,  2.41898E-03,  1.60725E-03,  1.13825E-03,  8.50371E-04
 6.46771E-04,  5.02813E-04,  7.69190E-04,  7.69190E-04,  5.56135E-04
 5.56135E-04,  5.56135E-04,  5.56135E-04,  5.56135E-04,  5.56135E-04
 4.33404E+00,  1.61073E+00,  3.77638E-01,  1.22714E-01,  4.53493E-02
 1.46885E-02,  7.43951E-03,  5.15202E-03,  3.67583E-03,  2.36360E-03
 1.58964E-03,  1.14737E-03,  8.68779E-04,  6.64115E-04,  5.16145E-04
 7.77752E-04,  7.77752E-04,  5.47495E-04,  5.47495E-04,  5.47495E-04
 5.47495E-04,  5.47495E-04,  5.47495E-04,  3.72291E+00,  1.41544E+00
 3.05761E-01,  8.63558E-02,  3.26808E-02,  1.21572E-02,  7.15936E-03
 5.12828E-03,  3.56770E-03,  2.36620E-03,  1.59559E-03,  1.16510E-03
 8.89661E-04,  6.81321E-04,  5.29677E-04,  7.86756E-04,  7.86756E-04
 5.39151E-04,  5.39151E-04,  5.39151E-04,  5.39151E-04,  5.39151E-04
 5.39151E-04,  3.75182E+00,  1.38150E+00,  2.67007E-01,  7.16150E-02
 2.62916E-02,  1.11998E-02,  7.54417E-03,  5.08615E-03,  3.47332E-03
 2.42626E-03,  1.61670E-03,  1.19210E-03,  9.12432E-04,  6.97934E-04
 5.43367E-04,  7.97658E-04,  7.97658E-04,  5.32075E-04,  5.32075E-04
 5.32075E-04,  5.32075E-04,  5.32075E-04,  5.32075E-04,  4.36506E+00
 1.43073E+00,  2.83915E-01,  7.67166E-02,  2.51352E-02,  1.11468E-02
 7.91921E-03,  5.47258E-03,  3.52365E-03,  2.52682E-03,  1.65357E-03
 1.22427E-03,  9.33644E-04,  7.11591E-04,  5.56709E-04,  8.10024E-04
 8.10024E-04,  5.26369E-04,  5.26369E-04,  5.26369E-04,  5.26369E-04
 5.26369E-04,  5.26369E-04,  3.69081E+00,  1.54659E+00,  3.44225E-01
 9.70373E-02,  2.82175E-02,  1.14518E-02,  8.06887E-03,  5.68991E-03
 3.67943E-03,  2.59714E-03,  1.70966E-03,  1.25052E-03,  9.47757E-04
 7.22178E-04,  5.67874E-04,  8.22140E-04,  8.22140E-04,  5.21197E-04
 5.21197E-04,  5.21197E-04,  5.21197E-04,  5.21197E-04,  5.21197E-04
 6.71521E+00,  1.78034E+00,  3.97314E-01,  1.14906E-01,  3.45484E-02
 1.32831E-02,  8.56604E-03,  5.95052E-03,  3.88874E-03,  2.64927E-03
 1.76877E-03,  1.26711E-03,  9.56608E-04,  7.32851E-04,  5.77315E-04
 8.35882E-04,  8.35882E-04,  5.17899E-04,  5.17899E-04,  5.17899E-04
 5.17899E-04,  5.17899E-04,  5.17899E-04,  5.24629E+00,  2.14752E+00
 4.38754E-01,  1.15215E-01,  4.03607E-02,  1.60697E-02,  9.66027E-03
 6.38005E-03,  4.12879E-03,  2.72110E-03,  1.79513E-03,  1.27442E-03
 9.61841E-04,  7.41728E-04,  5.85323E-04,  8.50513E-04,  8.50513E-04
 5.16393E-04,  5.16393E-04,  5.16393E-04,  5.16393E-04,  5.16393E-04
 5.16393E-04,  1.01123E+01,  2.37890E+00,  4.75741E-01,  1.00416E-01
 4.17648E-02,  1.90171E-02,  1.07703E-02,  6.89903E-03,  4.38460E-03
 2.77438E-03,  1.78657E-03,  1.26825E-03,  9.59992E-04,  7.46128E-04
 5.90255E-04,  8.63045E-04,  8.63045E-04,  5.15157E-04,  5.15157E-04
 5.15157E-04,  5.15157E-04,  5.15157E-04,  5.15157E-04,  6.74956E+00
 2.71277E+00,  4.99504E-01,  8.32560E-02,  3.43182E-02,  1.87506E-02
 1.12243E-02,  7.32365E-03,  4.60647E-03,  2.75870E-03,  1.76568E-03
 1.25259E-03,  9.52579E-04,  7.46722E-04,  5.92608E-04,  8.74521E-04
 8.74521E-04,  5.14758E-04,  5.14758E-04,  5.14758E-04,  5.14758E-04
 5.14758E-04,  5.14758E-04,  3.88934E+00,  1.79666E+00,  3.81957E-01
 6.65665E-02,  3.03008E-02,  1.68282E-02,  1.07809E-02,  7.38950E-03
 4.62133E-03,  2.71144E-03,  1.74138E-03,  1.23060E-03,  9.40035E-04
 7.43349E-04,  5.92287E-04,  8.84642E-04,  8.84642E-04,  5.15009E-04
 5.15009E-04,  5.15009E-04,  5.15009E-04,  5.15009E-04,  5.15009E-04
 9.53023E+00,  1.38971E+00,  2.86423E-01,  6.21588E-02,  3.02616E-02
 1.58852E-02,  1.04629E-02,  7.21401E-03,  4.53037E-03,  2.68682E-03
 1.71687E-03,  1.20453E-03,  9.21964E-04,  7.34976E-04,  5.88307E-04
 8.91838E-04,  8.91838E-04,  5.14879E-04,  5.14879E-04,  5.14879E-04
 5.14879E-04,  5.14879E-04,  5.14879E-04,  3.01628E+00,  7.15857E-01
 2.73041E-01,  7.21375E-02,  3.28631E-02,  1.59940E-02,  1.04961E-02
 7.18841E-03,  4.47550E-03,  2.69069E-03,  1.70123E-03,  1.18111E-03
 9.02483E-04,  7.24085E-04,  5.82482E-04,  8.98545E-04,  8.98545E-04
 5.15461E-04,  5.15461E-04,  5.15461E-04,  5.15461E-04,  5.15461E-04
 5.15461E-04,  2.90800E+00,  7.87578E-01,  2.68504E-01,  7.91695E-02
 3.55450E-02,  1.63589E-02,  1.03295E-02,  7.13807E-03,  4.48267E-03
 2.70213E-03,  1.69153E-03,  1.16106E-03,  8.82328E-04,  7.11186E-04
 5.75126E-04,  9.04483E-04,  9.04483E-04,  5.16688E-04,  5.16688E-04
 5.16688E-04,  5.16688E-04,  5.16688E-04,  5.16688E-04,  1.43119E+00
 5.65062E-01,  2.24512E-01,  7.72685E-02,  3.44941E-02,  1.68224E-02
 1.02186E-02,  7.00598E-03,  4.47576E-03,  2.70679E-03,  1.68141E-03
 1.14260E-03,  8.59957E-04,  6.95007E-04,  5.64873E-04,  9.06921E-04
 9.06921E-04,  5.17075E-04,  5.17075E-04,  5.17075E-04,  5.17075E-04
 5.17075E-04,  5.17075E-04,  1.86765E+00,  5.19749E-01,  1.51515E-01
 6.27912E-02,  3.16423E-02,  1.67354E-02,  1.01157E-02,  6.79330E-03
 4.42735E-03,  2.70405E-03,  1.67197E-03,  1.12906E-03,  8.38002E-04
 6.77664E-04,  5.53005E-04,  9.07268E-04,  9.07268E-04,  5.17127E-04
 5.17127E-04,  5.17127E-04,  5.17127E-04,  5.17127E-04,  5.17127E-04
 1.60414E+00,  6.16897E-01,  1.55999E-01,  5.43395E-02,  2.71571E-02
 1.57139E-02,  9.65208E-03,  6.48400E-03,  4.32379E-03,  2.68991E-03
 1.66247E-03,  1.11356E-03,  8.19629E-04,  6.59803E-04,  5.39958E-04
 9.05611E-04,  9.05611E-04,  5.16717E-04,  5.16717E-04,  5.16717E-04
 5.16717E-04,  5.16717E-04,  5.16717E-04,  4.76232E-01,  3.69414E-01
 1.96645E-01,  6.52554E-02,  2.56653E-02,  1.43436E-02,  8.84795E-03
 6.03988E-03,  4.15796E-03,  2.65651E-03,  1.65380E-03,  1.10136E-03
 8.03620E-04,  6.41384E-04,  5.25388E-04,  9.00825E-04,  9.00825E-04
 5.14908E-04,  5.14908E-04,  5.14908E-04,  5.14908E-04,  5.14908E-04
 5.14908E-04,  7.12993E-01,  1.91891E-01,  1.61808E-01,  6.96204E-02
 2.66295E-02,  1.34258E-02,  7.95023E-03,  5.52218E-03,  3.95336E-03
 2.61061E-03,  1.64911E-03,  1.09644E-03,  7.92026E-04,  6.24905E-04
 5.11271E-04,  8.95423E-04,  8.95423E-04,  5.12844E-04,  5.12844E-04
 5.12844E-04,  5.12844E-04,  5.12844E-04,  5.12844E-04,  4.65591E-01
 1.89624E-01,  1.45269E-01,  6.83145E-02,  2.86497E-02,  1.34768E-02
 7.25405E-03,  5.02282E-03,  3.73490E-03,  2.55619E-03,  1.64714E-03
 1.09735E-03,  7.84573E-04,  6.10633E-04,  4.97838E-04,  8.89455E-04
 8.89455E-04,  5.10694E-04,  5.10694E-04,  5.10694E-04,  5.10694E-04
 5.10694E-04,  5.10694E-04,  1.00130E+00,  3.59118E-01,  1.49659E-01
 6.03344E-02,  3.01228E-02,  1.37162E-02,  6.89718E-03,  4.64432E-03
 3.52921E-03,  2.49439E-03,  1.64344E-03,  1.10020E-03,  7.78961E-04
 5.97184E-04,  4.84000E-04,  8.80817E-04,  8.80817E-04,  5.07285E-04
 5.07285E-04,  5.07285E-04,  5.07285E-04,  5.07285E-04,  5.07285E-04
 1.50475E+00,  4.50077E-01,  1.46773E-01,  5.13256E-02,  2.73170E-02
 1.35301E-02,  6.85570E-03,  4.49418E-03,  3.38673E-03,  2.44080E-03
 1.64155E-03,  1.10605E-03,  7.76171E-04,  5.85727E-04,  4.70865E-04
 8.70897E-04,  8.70897E-04,  5.03201E-04,  5.03201E-04,  5.03201E-04
 5.03201E-04,  5.03201E-04,  5.03201E-04,  1.36457E+00,  5.23083E-01
 1.32440E-01,  5.45176E-02,  2.99923E-02,  1.37218E-02,  7.11065E-03
 4.62184E-03,  3.34271E-03,  2.40638E-03,  1.64234E-03,  1.11414E-03
 7.75810E-04,  5.76335E-04,  4.58670E-04,  8.59914E-04,  8.59914E-04
 4.98510E-04,  4.98510E-04,  4.98510E-04,  4.98510E-04,  4.98510E-04
 4.98510E-04,  8.14264E-01,  3.83171E-01,  1.43500E-01,  6.14601E-02
 3.23530E-02,  1.46630E-02,  7.75063E-03,  5.00860E-03,  3.40192E-03
 2.39234E-03,  1.64308E-03,  1.12171E-03,  7.76152E-04,  5.68107E-04
 4.46934E-04,  8.46837E-04,  8.46837E-04,  4.92445E-04,  4.92445E-04
 4.92445E-04,  4.92445E-04,  4.92445E-04,  4.92445E-04,  1.43525E+00
 4.33947E-01,  1.51203E-01,  6.84228E-02,  3.35717E-02,  1.55421E-02
 8.73249E-03,  5.60351E-03,  3.55417E-03,  2.40274E-03,  1.64728E-03
 1.13086E-03,  7.78841E-04,  5.62499E-04,  4.37045E-04,  8.33916E-04
 8.33916E-04,  4.86046E-04,  4.86046E-04,  4.86046E-04,  4.86046E-04
 4.86046E-04,  4.86046E-04,  7.66153E-01,  2.92926E-01,  1.64631E-01
 7.10585E-02,  3.31889E-02,  1.62640E-02,  9.88047E-03,  6.29039E-03
 3.76022E-03,  2.42879E-03,  1.65293E-03,  1.14058E-03,  7.83314E-04
 5.59253E-04,  4.29001E-04,  8.21513E-04,  8.21513E-04,  4.79787E-04
 4.79787E-04,  4.79787E-04,  4.79787E-04,  4.79787E-04,  4.79787E-04
 5.63837E-01,  3.56190E-01,  1.86173E-01,  7.91630E-02,  3.22627E-02
 1.69471E-02,  1.09737E-02,  6.92116E-03,  3.96102E-03,  2.45100E-03
 1.65221E-03,  1.14623E-03,  7.86528E-04,  5.56341E-04,  4.21496E-04
 8.07626E-04,  8.07626E-04,  4.72826E-04,  4.72826E-04,  4.72826E-04
 4.72826E-04,  4.72826E-04,  4.72826E-04,  1.30945E+00,  4.93203E-01
 2.37610E-01,  8.79494E-02,  3.30868E-02,  1.76767E-02,  1.18202E-02
 7.40110E-03,  4.11990E-03,  2.46214E-03,  1.64501E-03,  1.14876E-03
 7.89126E-04,  5.54241E-04,  4.15090E-04,  7.93325E-04,  7.93325E-04
 4.65597E-04,  4.65597E-04,  4.65597E-04,  4.65597E-04,  4.65597E-04
 4.65597E-04,  9.15674E-01,  3.34387E-01,  2.15807E-01,  9.01430E-02
 3.42696E-02,  1.80882E-02,  1.22944E-02,  7.64844E-03,  4.20741E-03
 2.45408E-03,  1.62902E-03,  1.14801E-03,  7.90680E-04,  5.52581E-04
 4.09595E-04,  7.78672E-04,  7.78672E-04,  4.58205E-04,  4.58205E-04
 4.58205E-04,  4.58205E-04,  4.58205E-04,  4.58205E-04,  1.44910E+00
 4.24009E-01,  1.58334E-01,  7.61107E-02,  3.31208E-02,  1.80580E-02
 1.23408E-02,  7.64757E-03,  4.20371E-03,  2.42153E-03,  1.60083E-03
 1.14300E-03,  7.89702E-04,  5.50236E-04,  4.04189E-04,  7.62473E-04
 7.62473E-04,  4.49848E-04,  4.49848E-04,  4.49848E-04,  4.49848E-04
 4.49848E-04,  4.49848E-04,  1.74682E+00,  4.29097E-01,  1.55042E-01
 6.76726E-02,  3.29308E-02,  1.75537E-02,  1.20316E-02,  7.52371E-03
 4.11415E-03,  2.39034E-03,  1.58450E-03,  1.13532E-03,  7.89269E-04
 5.48949E-04,  4.00096E-04,  7.47179E-04,  7.47179E-04,  4.41358E-04
 4.41358E-04,  4.41358E-04,  4.41358E-04,  4.41358E-04,  4.41358E-04
 1.03838E+00,  3.66418E-01,  2.11914E-01,  7.47381E-02,  3.28350E-02
 1.68557E-02,  1.14990E-02,  7.29275E-03,  3.99172E-03,  2.33467E-03
 1.57132E-03,  1.12905E-03,  7.89527E-04,  5.48548E-04,  3.97023E-04
 7.33034E-04,  7.33034E-04,  4.33387E-04,  4.33387E-04,  4.33387E-04
 4.33387E-04,  4.33387E-04,  4.33387E-04,  6.53209E-01,  3.27130E-01
 2.66092E-01,  8.15722E-02,  3.27147E-02,  1.61345E-02,  1.07543E-02
 6.86847E-03,  3.87060E-03,  2.25723E-03,  1.55939E-03,  1.12274E-03
 7.88518E-04,  5.47057E-04,  3.93322E-04,  7.17520E-04,  7.17520E-04
 4.25125E-04,  4.25125E-04,  4.25125E-04,  4.25125E-04,  4.25125E-04
 4.25125E-04,  8.05268E-01,  3.03972E-01,  2.66521E-01,  7.96161E-02
 3.21436E-02,  1.55910E-02,  1.00637E-02,  6.43007E-03,  3.70218E-03
 2.23670E-03,  1.54706E-03,  1.12172E-03,  7.88240E-04,  5.45491E-04
 3.89529E-04,  7.01669E-04,  7.01669E-04,  4.16746E-04,  4.16746E-04
 4.16746E-04,  4.16746E-04,  4.16746E-04,  4.16746E-04,  7.57430E-01
 3.84350E-01,  2.13113E-01,  7.28033E-02,  3.17200E-02,  1.52588E-02
 9.57666E-03,  6.06526E-03,  3.58696E-03,  2.24977E-03,  1.53899E-03
 1.12948E-03,  7.88930E-04,  5.43831E-04,  3.85367E-04,  6.85395E-04
 6.85395E-04,  4.08293E-04,  4.08293E-04,  4.08293E-04,  4.08293E-04
 4.08293E-04,  4.08293E-04,  1.66200E+00,  4.75955E-01,  1.47588E-01
 6.58478E-02,  3.13583E-02,  1.51245E-02,  9.39246E-03,  5.87746E-03
 3.48337E-03,  2.27581E-03,  1.55772E-03,  1.13695E-03,  7.90019E-04
 5.41351E-04,  3.80197E-04,  6.67720E-04,  6.67720E-04,  3.98885E-04
 3.98885E-04,  3.98885E-04,  3.98885E-04,  3.98885E-04,  3.98885E-04
 7.11146E-01,  2.15785E-01,  1.33352E-01,  6.73035E-02,  3.11108E-02
 1.53960E-02,  9.30492E-03,  5.77590E-03,  3.46390E-03,  2.31258E-03
 1.61173E-03,  1.14301E-03,  7.94259E-04,  5.40012E-04,  3.75473E-04
 6.51371E-04,  6.51371E-04,  3.89265E-04,  3.89265E-04,  3.89265E-04
 3.89265E-04,  3.89265E-04,  3.89265E-04,  6.07161E-01,  2.21087E-01
 1.41350E-01,  6.66887E-02,  3.12156E-02,  1.57747E-02,  9.19717E-03
 5.60264E-03,  3.50933E-03,  2.39020E-03,  1.67416E-03,  1.15070E-03
 8.00777E-04,  5.39053E-04,  3.70551E-04,  6.35861E-04,  6.35861E-04
 3.80175E-04,  3.80175E-04,  3.80175E-04,  3.80175E-04,  3.80175E-04
 3.80175E-04,  7.24773E-01,  1.79172E-01,  1.03415E-01,  5.96313E-02
 3.20225E-02,  1.58526E-02,  8.99556E-03,  5.66008E-03,  3.64982E-03
 2.49903E-03,  1.71666E-03,  1.15984E-03,  8.06117E-04,  5.36031E-04
 3.63804E-04,  6.18562E-04,  6.18562E-04,  3.70843E-04,  3.70843E-04
 3.70843E-04,  3.70843E-04,  3.70843E-04,  3.70843E-04,  6.65992E-01
 1.66004E-01,  9.95258E-02,  5.54581E-02,  3.13036E-02,  1.57066E-02
 9.17693E-03,  5.96406E-03,  3.88781E-03,  2.61682E-03,  1.72697E-03
 1.17620E-03,  8.10738E-04,  5.31721E-04,  3.56138E-04,  6.00803E-04
 6.00803E-04,  3.61364E-04,  3.61364E-04,  3.61364E-04,  3.61364E-04
 3.61364E-04,  3.61364E-04,  7.49916E-01,  1.83094E-01,  1.17520E-01
 5.65704E-02,  3.05410E-02,  1.58923E-02,  9.89152E-03,  6.50580E-03
 4.16004E-03,  2.69695E-03,  1.71143E-03,  1.20308E-03,  8.12873E-04
 5.25594E-04,  3.47439E-04,  5.82441E-04,  5.82441E-04,  3.51845E-04
 3.51845E-04,  3.51845E-04,  3.51845E-04,  3.51845E-04,  3.51845E-04
 9.02128E-01,  2.21916E-01,  1.39927E-01,  6.62632E-02,  3.25602E-02
 1.73158E-02,  1.07300E-02,  6.93947E-03,  4.36771E-03,  2.68531E-03
 1.72909E-03,  1.22941E-03,  8.10436E-04,  5.16946E-04,  3.37706E-04
 5.63183E-04,  5.63183E-04,  3.41460E-04,  3.41460E-04,  3.41460E-04
 3.41460E-04,  3.41460E-04,  3.41460E-04,  1.74497E+00,  4.53218E-01
 1.81104E-01,  7.05489E-02,  3.40073E-02,  1.85326E-02,  1.15287E-02
 7.34041E-03,  4.42436E-03,  2.67165E-03,  1.80302E-03,  1.24684E-03
 8.05548E-04,  5.07667E-04,  3.28605E-04,  5.45367E-04,  5.45367E-04
 3.30816E-04,  3.30816E-04,  3.30816E-04,  3.30816E-04,  3.30816E-04
 3.30816E-04,  1.05556E+00,  4.44674E-01,  2.29360E-01,  7.60156E-02
 3.34149E-02,  1.82052E-02,  1.17985E-02,  7.48390E-03,  4.42445E-03
 2.71767E-03,  1.86632E-03,  1.25306E-03,  7.95458E-04,  4.96319E-04
 3.19274E-04,  5.27787E-04,  5.27787E-04,  3.20889E-04,  3.20889E-04
 3.20889E-04,  3.20889E-04,  3.20889E-04,  3.20889E-04,  2.00831E+00
 4.79377E-01,  2.60562E-01,  8.44561E-02,  3.40002E-02,  1.79857E-02
 1.15110E-02,  7.29812E-03,  4.42037E-03,  2.81282E-03,  1.88824E-03
 1.24071E-03,  7.76313E-04,  4.81067E-04,  3.08825E-04,  5.08788E-04
 5.08788E-04,  3.11275E-04,  3.11275E-04,  3.11275E-04,  3.11275E-04
 3.11275E-04,  3.11275E-04,  1.60512E+00,  4.46227E-01,  2.93314E-01
 9.23785E-02,  3.68148E-02,  1.77739E-02,  1.07959E-02,  6.88434E-03
 4.29993E-03,  2.79491E-03,  1.86948E-03,  1.21076E-03,  7.50529E-04
 4.63960E-04,  2.98734E-04,  4.89973E-04,  4.89973E-04,  3.01985E-04
 3.01985E-04,  3.01985E-04,  3.01985E-04,  3.01985E-04,  3.01985E-04
 5.29540E+00,  1.05790E+00,  3.26050E-01,  1.08843E-01,  4.00189E-02
 1.66823E-02,  9.72356E-03,  6.21549E-03,  4.01985E-03,  2.70209E-03
 1.81592E-03,  1.16564E-03,  7.19258E-04,  4.45630E-04,  2.89255E-04
 4.71286E-04,  4.71286E-04,  2.93253E-04,  2.93253E-04,  2.93253E-04
 2.93253E-04,  2.93253E-04,  2.93253E-04,  2.37551E+00,  1.24385E+00
 3.72799E-01,  1.24321E-01,  3.96509E-02,  1.51348E-02,  8.64213E-03
 5.49971E-03,  3.74031E-03,  2.57929E-03,  1.73430E-03,  1.10680E-03
 6.83732E-04,  4.27051E-04,  2.80890E-04,  4.52885E-04,  4.52885E-04
 2.84063E-04,  2.84063E-04,  2.84063E-04,  2.84063E-04,  2.84063E-04
 2.84063E-04,  2.83608E+00,  1.28860E+00,  3.87748E-01,  1.19731E-01
 3.55397E-02,  1.36355E-02,  7.80191E-03,  5.19932E-03,  3.59503E-03
 2.46834E-03,  1.63931E-03,  1.04167E-03,  6.48217E-04,  4.10490E-04
 2.74793E-04,  4.36084E-04,  4.36084E-04,  2.74646E-04,  2.74646E-04
 2.74646E-04,  2.74646E-04,  2.74646E-04,  2.74646E-04,  5.57847E+00
 1.19038E+00,  3.22826E-01,  1.07333E-01,  3.23012E-02,  1.28432E-02
 7.78368E-03,  5.43739E-03,  3.63125E-03,  2.38813E-03,  1.53576E-03
 9.72849E-04,  6.12932E-04,  3.95305E-04,  2.70250E-04,  4.20172E-04
 4.20172E-04,  2.66667E-04,  2.66667E-04,  2.66667E-04,  2.66667E-04
 2.66667E-04,  2.66667E-04,  2.24128E+00,  6.33818E-01,  2.78088E-01
 1.00507E-01,  3.08328E-02,  1.26322E-02,  8.46320E-03,  6.07861E-03
 3.83850E-03,  2.30598E-03,  1.42079E-03,  9.00695E-04,  5.78161E-04
 3.81378E-04,  2.66676E-04,  4.04748E-04,  4.04748E-04,  2.60035E-04
 2.60035E-04,  2.60035E-04,  2.60035E-04,  2.60035E-04,  2.60035E-04
 1.94569E+00,  4.99517E-01,  2.43317E-01,  9.21683E-02,  2.82746E-02
 1.30058E-02,  1.01484E-02,  6.81013E-03,  4.01343E-03,  2.18687E-03
 1.30098E-03,  8.32056E-04,  5.47827E-04,  3.70430E-04,  2.64394E-04
 3.90713E-04,  3.90713E-04,  2.54329E-04,  2.54329E-04,  2.54329E-04
 2.54329E-04,  2.54329E-04,  2.54329E-04,  1.62465E+00,  3.84306E-01
 1.94742E-01,  7.17513E-02,  2.49295E-02,  1.47081E-02,  1.29766E-02
 7.35372E-03,  3.90288E-03,  2.01742E-03,  1.18290E-03,  7.71607E-04
 5.23475E-04,  3.62386E-04,  2.62530E-04,  3.77633E-04,  3.77633E-04
 2.49839E-04,  2.49839E-04,  2.49839E-04,  2.49839E-04,  2.49839E-04
 2.49839E-04,  2.42228E+00,  6.01285E-01,  1.98346E-01,  6.31645E-02
 3.22246E-02,  2.16457E-02,  1.26570E-02,  7.23951E-03,  3.59067E-03
 1.82301E-03,  1.07179E-03,  7.22195E-04,  5.05086E-04,  3.56287E-04
 2.59907E-04,  3.63998E-04,  3.63998E-04,  2.44581E-04,  2.44581E-04
 2.44581E-04,  2.44581E-04,  2.44581E-04,  2.44581E-04,  8.24618E-01
 7.94252E-01,  3.87318E-01,  1.18988E-01,  5.25717E-02,  2.48466E-02
 1.22327E-02,  6.53465E-03,  3.15090E-03,  1.61940E-03,  9.80922E-04
 6.87069E-04,  4.92780E-04,  3.51892E-04,  2.56870E-04,  3.49316E-04
 3.49316E-04,  2.38211E-04,  2.38211E-04,  2.38211E-04,  2.38211E-04
 2.38211E-04,  2.38211E-04,  9.57961E-01,  6.05617E-01,  3.70959E-01
 1.36678E-01,  5.08068E-02,  2.11704E-02,  1.03542E-02,  5.10726E-03
 2.64819E-03,  1.43497E-03,  9.18022E-04,  6.63725E-04,  4.84228E-04
 3.47955E-04,  2.53970E-04,  3.32981E-04,  3.32981E-04,  2.30849E-04
 2.30849E-04,  2.30849E-04,  2.30849E-04,  2.30849E-04,  2.30849E-04
 2.85910E+00,  7.37835E-01,  2.21602E-01,  8.50741E-02,  3.26213E-02
 1.46101E-02,  7.30641E-03,  4.26260E-03,  2.27068E-03,  1.31017E-03
 8.74354E-04,  6.45347E-04,  4.75140E-04,  3.42952E-04,  2.51306E-04
 3.15356E-04,  3.15356E-04,  2.22287E-04,  2.22287E-04,  2.22287E-04
 2.22287E-04,  2.22287E-04,  2.22287E-04,  1.57323E+00,  1.25316E+00
 2.29460E-01,  6.28360E-02,  3.13255E-02,  1.22686E-02,  5.51705E-03
 3.23772E-03,  1.97363E-03,  1.22220E-03,  8.40182E-04,  6.29063E-04
 4.65699E-04,  3.38272E-04,  2.49727E-04,  3.00035E-04,  3.00035E-04
 2.13899E-04,  2.13899E-04,  2.13899E-04,  2.13899E-04,  2.13899E-04
 2.13899E-04,  2.98915E+00,  3.79237E-01,  1.16084E-01,  8.69700E-02
 3.72461E-02,  1.31047E-02,  5.32643E-03,  2.70445E-03,  1.67919E-03
 1.13949E-03,  8.28098E-04,  6.21975E-04,  4.60476E-04,  3.36083E-04
 2.49703E-04,  2.86519E-04,  2.86519E-04,  2.06596E-04,  2.06596E-04
 2.06596E-04,  2.06596E-04,  2.06596E-04,  2.06596E-04,  2.89825E+00
 7.59138E-01,  2.49066E-01,  7.40284E-02,  3.31091E-02,  1.42971E-02
 5.64279E-03,  2.66100E-03,  1.59892E-03,  1.11872E-03,  8.35177E-04
 6.27624E-04,  4.60172E-04,  3.34517E-04,  2.48686E-04,  2.73350E-04
 2.73350E-04,  2.00060E-04,  2.00060E-04,  2.00060E-04,  2.00060E-04
 2.00060E-04,  2.00060E-04,  7.59970E+00,  2.68033E+00,  4.44441E-01
 1.03267E-01,  2.19180E-02,  1.07405E-02,  5.05868E-03,  2.56092E-03
 1.57148E-03,  1.11675E-03,  8.40817E-04,  6.30134E-04,  4.58240E-04
 3.31288E-04,  2.45935E-04,  2.60362E-04,  2.60362E-04,  1.94401E-04
 1.94401E-04,  1.94401E-04,  1.94401E-04,  1.94401E-04,  1.94401E-04
 4.57601E+00,  2.38968E+00,  4.05259E-01,  1.29189E-01,  2.70589E-02
 7.01747E-03,  3.58055E-03,  2.15843E-03,  1.46291E-03,  1.08418E-03
 8.29197E-04,  6.22929E-04,  4.51836E-04,  3.26037E-04,  2.42178E-04
 2.48028E-04,  2.48028E-04,  1.89215E-04,  1.89215E-04,  1.89215E-04
 1.89215E-04,  1.89215E-04,  1.89215E-04,  5.79169E+00,  2.56632E+00
 3.39938E-01,  1.20199E-01,  3.53862E-02,  7.67614E-03,  2.55407E-03
 1.64523E-03,  1.26358E-03,  1.00112E-03,  7.89534E-04,  6.00842E-04
 4.38016E-04,  3.17011E-04,  2.36356E-04,  2.35497E-04,  2.35497E-04
 1.83971E-04,  1.83971E-04,  1.83971E-04,  1.83971E-04,  1.83971E-04
 1.83971E-04,  5.99187E+00,  2.24187E+00,  2.71849E-01,  9.20843E-02
 3.69461E-02,  1.04513E-02,  2.63474E-03,  1.30987E-03,  1.05103E-03
 8.83941E-04,  7.24480E-04,  5.63868E-04,  4.16154E-04,  3.03534E-04
 2.27732E-04,  2.22206E-04,  2.22206E-04,  1.78686E-04,  1.78686E-04
 1.78686E-04,  1.78686E-04,  1.78686E-04,  1.78686E-04,  7.75515E+00
 1.77413E+00,  7.58196E-01,  7.00974E-02,  3.23836E-02,  1.26103E-02
 3.30538E-03,  1.23890E-03,  8.93230E-04,  7.59919E-04,  6.42874E-04
 5.14567E-04,  3.86925E-04,  2.85745E-04,  2.16306E-04,  2.08043E-04
 2.08043E-04,  1.73197E-04,  1.73197E-04,  1.73197E-04,  1.73197E-04
 1.73197E-04,  1.73197E-04,  6.98759E+00,  6.53561E+00,  1.16206E+00
 7.38471E-02,  2.70037E-02,  1.39128E-02,  3.96304E-03,  1.34508E-03
 8.19148E-04,  6.53108E-04,  5.55405E-04,  4.56314E-04,  3.50865E-04
 2.63296E-04,  2.01433E-04,  1.92118E-04,  1.92118E-04,  1.66938E-04
 1.66938E-04,  1.66938E-04,  1.66938E-04,  1.66938E-04,  1.66938E-04
 1.51550E+01,  2.79845E+00,  6.21272E-01,  6.20454E-02,  2.45898E-02
 1.34511E-02,  4.34824E-03,  1.51389E-03,  8.27257E-04,  5.81945E-04
 4.75344E-04,  3.96668E-04,  3.12117E-04,  2.38578E-04,  1.84644E-04
 1.75437E-04,  1.75437E-04,  1.60462E-04,  1.60462E-04,  1.60462E-04
 1.60462E-04,  1.60462E-04,  1.60462E-04,  9.93719E+00,  1.03523E+00
 2.43694E-01,  3.74812E-02,  2.25796E-02,  1.13924E-02,  4.21355E-03
 1.69113E-03,  9.01756E-04,  5.53554E-04,  4.09722E-04,  3.40206E-04
 2.73726E-04,  2.13674E-04,  1.67494E-04,  1.59050E-04,  1.59050E-04
 1.54132E-04,  1.54132E-04,  1.54132E-04,  1.54132E-04,  1.54132E-04
 1.54132E-04,  6.61478E+00,  1.08447E+00,  8.04169E-02,  2.10984E-02
 1.84057E-02,  8.59381E-03,  3.57615E-03,  1.81448E-03,  1.04261E-03
 5.69865E-04,  3.61994E-04,  2.88719E-04,  2.36296E-04,  1.88583E-04
 1.49627E-04,  1.42137E-04,  1.42137E-04,  1.47263E-04,  1.47263E-04
 1.47263E-04,  1.47263E-04,  1.47263E-04,  1.47263E-04,  1.12463E+01
 1.76560E+00,  9.65090E-02,  3.29541E-02,  1.72908E-02,  7.36901E-03
 3.16193E-03,  1.84263E-03,  1.16992E-03,  6.32308E-04,  3.35737E-04
 2.45739E-04,  2.01855E-04,  1.64560E-04,  1.31769E-04,  1.24955E-04
 1.24955E-04,  1.40010E-04,  1.40010E-04,  1.40010E-04,  1.40010E-04
 1.40010E-04,  1.40010E-04,  5.34543E+00,  2.75742E+00,  2.54276E-01
 5.65458E-02,  1.87709E-02,  6.64060E-03,  3.21316E-03,  1.95324E-03
 1.23033E-03,  6.85793E-04,  3.34574E-04,  2.12341E-04,  1.71859E-04
 1.42613E-04,  1.14739E-04,  1.07971E-04,  1.07971E-04,  1.32544E-04
 1.32544E-04,  1.32544E-04,  1.32544E-04,  1.32544E-04,  1.32544E-04
 6.90686E+00,  2.95133E+00,  3.62588E-01,  6.34623E-02,  1.55384E-02
 5.65921E-03,  3.34899E-03,  2.16713E-03,  1.27507E-03,  7.05757E-04
 3.46790E-04,  1.88630E-04,  1.46619E-04,  1.22937E-04,  9.87922E-05
 9.12322E-05,  9.12322E-05,  1.24672E-04,  1.24672E-04,  1.24672E-04
 1.24672E-04,  1.24672E-04,  1.24672E-04,  9.93435E-01,  2.02849E+00
 2.51800E-01,  3.07140E-02,  8.71770E-03,  4.84561E-03,  3.60651E-03
 2.41661E-03,  1.36725E-03,  7.02782E-04,  3.53356E-04,  1.75017E-04
 1.26282E-04,  1.05987E-04,  8.46968E-05,  7.55876E-05,  7.55876E-05
 1.16981E-04,  1.16981E-04,  1.16981E-04,  1.16981E-04,  1.16981E-04
 1.16981E-04,  3.88176E+00,  9.47198E-01,  4.77735E-02,  1.55564E-02
 5.99349E-03,  4.64217E-03,  3.86211E-03,  2.63635E-03,  1.47397E-03
 7.14688E-04,  3.45352E-04,  1.67083E-04,  1.10960E-04,  9.04622E-05
 7.17932E-05,  6.18083E-05,  6.18083E-05,  1.10766E-04,  1.10766E-04
 1.10766E-04,  1.10766E-04,  1.10766E-04,  1.10766E-04,  9.43055E-01
 5.15702E-02,  3.81016E-02,  1.54037E-02,  5.27283E-03,  4.39904E-03
 3.85534E-03,  2.67207E-03,  1.53699E-03,  7.32590E-04,  3.37437E-04
 1.65574E-04,  1.02854E-04,  8.29035E-05,  6.71567E-05,  5.55366E-05
 5.55366E-05,  1.14121E-04,  1.14121E-04,  1.14121E-04,  1.14121E-04
 1.14121E-04,  1.14121E-04,  9.51081E-01,  2.73609E-01,  9.90048E-02
 3.48144E-02,  1.09462E-02,  7.61870E-03,  8.12636E-03,  6.98319E-03
 4.85308E-03,  2.89212E-03,  1.51939E-03,  8.62034E-04,  6.01867E-04
 5.80815E-04,  6.29898E-04,  7.32772E-04,  7.32772E-04,  1.66393E-03
 1.66393E-03,  1.66393E-03,  1.66393E-03,  1.66393E-03,  1.66393E-03
 9.51081E-01,  2.73609E-01,  9.90048E-02,  3.48144E-02,  1.09462E-02
 7.61870E-03,  8.12636E-03,  6.98319E-03,  4.85308E-03,  2.89212E-03
 1.51939E-03,  8.62034E-04,  6.01867E-04,  5.80815E-04,  6.29898E-04
 7.32772E-04,  7.32772E-04,  1.66393E-03,  1.66393E-03,  1.66393E-03
 1.66393E-03,  1.66393E-03,  1.66393E-03,  2.91905E-02,  3.44254E-02
 3.27455E-02,  2.40327E-02,  1.53530E-02,  9.67719E-03,  6.67637E-03
 5.27618E-03,  4.50010E-03,  3.84537E-03,  3.22447E-03,  2.66839E-03
 2.23041E-03,  1.88449E-03,  1.59908E-03,  3.63010E-03,  3.63010E-03
 5.44116E-03,  5.44116E-03,  5.44116E-03,  5.44116E-03,  5.44116E-03
 5.44116E-03,  2.91905E-02,  3.44254E-02,  3.27455E-02,  2.40327E-02
 1.53530E-02,  9.67719E-03,  6.67637E-03,  5.27618E-03,  4.50010E-03
 3.84537E-03,  3.22447E-03,  2.66839E-03,  2.23041E-03,  1.88449E-03
 1.59908E-03,  3.63010E-03,  3.63010E-03,  5.44116E-03,  5.44116E-03
 5.44116E-03,  5.44116E-03,  5.44116E-03,  5.44116E-03,  2.91905E-02
 3.44254E-02,  3.27455E-02,  2.40327E-02,  1.53530E-02,  9.67719E-03
 6.67637E-03,  5.27618E-03,  4.50010E-03,  3.84537E-03,  3.22447E-03
 2.66839E-03,  2.23041E-03,  1.88449E-03,  1.59908E-03,  3.63010E-03
 3.63010E-03,  5.44116E-03,  5.44116E-03,  5.44116E-03,  5.44116E-03
 5.44116E-03,  5.44116E-03,  2.91905E-02,  3.44254E-02,  3.27455E-02
 2.40327E-02,  1.53530E-02,  9.67719E-03,  6.67637E-03,  5.27618E-03
 4.50010E-03,  3.84537E-03,  3.22447E-03,  2.66839E-03,  2.23041E-03
 1.88449E-03,  1.59908E-03,  3.63010E-03,  3.63010E-03,  5.44116E-03
 5.44116E-03,  5.44116E-03,  5.44116E-03,  5.44116E-03,  5.44116E-03
 2.91905E-02,  3.44254E-02,  3.27455E-02,  2.40327E-02,  1.53530E-02
 9.67719E-03,  6.67637E-03,  5.27618E-03,  4.50010E-03,  3.84537E-03
 3.22447E-03,  2.66839E-03,  2.23041E-03,  1.88449E-03,  1.59908E-03
 3.63010E-03,  3.63010E-03,  5.44116E-03,  5.44116E-03,  5.44116E-03
 5.44116E-03,  5.44116E-03,  5.44116E-03,  2.91905E-02,  3.44254E-02
 3.27455E-02,  2.40327E-02,  1.53530E-02,  9.67719E-03,  6.67637E-03
 5.27618E-03,  4.50010E-03,  3.84537E-03,  3.22447E-03,  2.66839E-03
 2.23041E-03,  1.88449E-03,  1.59908E-03,  3.63010E-03,  3.63010E-03
 5.44116E-03,  5.44116E-03,  5.44116E-03,  5.44116E-03,  5.44116E-03
 5.44116E-03

;------ Iteration  3
;-Index  V/I_Meas      V/I_Calc    VI_%ERR
  1,    2.07243E+01,   1.26192E+01,  -39.11
  2,    2.56875E+00,   5.74496E-01,  -77.64
  3,    1.24840E+00,   3.17404E-01,  -74.58
  4,    9.38865E-02,   1.53946E-01,  63.97
  5,    1.51760E-01,   1.03342E-01,  -31.90
  6,    9.01102E-02,   7.20206E-02,  -20.07
  7,    2.51083E+01,   1.61285E+01,  -35.76
  8,    6.05705E+00,   1.98001E+00,  -67.31
  9,    2.62075E+00,   7.45715E-01,  -71.55
  10,    1.10857E+00,   2.21797E-01,  -79.99
  11,    1.39745E-01,   4.07656E-02,  -70.83
  12,    8.66431E-02,   1.45749E-02,  -83.18
  13,    3.66935E-02,   6.10246E-02,  66.31
  14,    2.42305E-01,   1.01658E-01,  -58.05
  15,    1.08723E-01,   8.33049E-02,  -23.38
  16,    6.45944E-02,   6.24932E-02,  -3.25
  17,    3.79840E-02,   3.99252E-02,  5.11
  18,    2.77012E-02,   2.99752E-02,  8.21
  19,    2.10235E+01,   1.90933E+01,  -9.18
  20,    5.51175E+00,   5.65665E+00,  2.63
  21,    2.10442E+00,   1.42450E+00,  -32.31
  22,    8.42778E-01,   2.98444E-01,  -64.59
  23,    1.23720E-01,   4.76137E-02,  -61.51
  24,    8.03241E-02,   5.65809E-02,  -29.56
  25,    2.18757E-01,   1.30848E-01,  -40.19
  26,    1.03491E-01,   8.44308E-02,  -18.42
  27,    5.92737E-02,   5.51206E-02,  -7.01
  28,    3.80062E-02,   3.50898E-02,  -7.67
  29,    2.69831E-02,   2.59033E-02,  -4.00
  30,    4.16334E-02,   4.70704E-02,  13.06
  31,    3.13011E-02,   3.35036E-02,  7.04
  32,    2.56430E-02,   2.70981E-02,  5.67
  33,    2.12077E+01,   2.48498E+01,  17.17
  34,    5.34089E+00,   4.80690E+00,  -10.00
  35,    1.90316E+00,   8.24065E-01,  -56.70
  36,    7.61439E-01,   6.41353E-01,  -15.77
  37,    1.40548E-01,   1.15767E-01,  -17.63
  38,    7.82689E-02,   8.48749E-02,  8.44
  39,    2.08930E-01,   2.28967E-01,  9.59
  40,    1.10353E-01,   1.55213E-01,  40.65
  41,    5.87669E-02,   8.97006E-02,  52.64
  42,    4.03443E-02,   6.27125E-02,  55.44
  43,    2.84742E-02,   4.15905E-02,  46.06
  44,    4.56410E-02,   5.43212E-02,  19.02
  45,    3.47810E-02,   4.01173E-02,  15.34
  46,    2.67499E-02,   2.88177E-02,  7.73
  47,    4.41874E-02,   5.16960E-02,  16.99
  48,    2.76329E-02,   3.26687E-02,  18.22
  49,    2.43151E-02,   2.69158E-02,  10.70
  50,    2.33259E+01,   1.17535E+01,  -49.61
  51,    4.91551E+00,   1.17943E+00,  -76.01
  52,    1.71542E+00,   5.92711E-01,  -65.45
  53,    7.63683E-01,   2.63569E-01,  -65.49
  54,    1.34355E-01,   4.18413E-02,  -68.86
  55,    8.57191E-02,   3.21949E-02,  -62.44
  56,    2.89493E-02,   5.65304E-02,  95.27
  57,    2.31722E-01,   1.82214E-01,  -21.37
  58,    1.18091E-01,   1.13528E-01,  -3.86
  59,    6.76859E-02,   6.92703E-02,  2.34
  60,    4.56516E-02,   4.95634E-02,  8.57
  61,    3.30751E-02,   3.56657E-02,  7.83
  62,    5.05039E-02,   5.06618E-02,  0.31
  63,    3.83803E-02,   4.00832E-02,  4.44
  64,    2.78508E-02,   2.86045E-02,  2.71
  65,    4.45802E-02,   4.11561E-02,  -7.68
  66,    2.72002E-02,   2.40381E-02,  -11.63
  67,    2.78031E-02,   2.35499E-02,  -15.30
  68,    3.00666E-02,   2.58315E-02,  -14.09
  69,    2.17111E-02,   1.77737E-02,  -18.14
  70,    2.51867E+01,   1.52739E+01,  -39.36
  71,    4.91285E+00,   5.08460E+00,  3.50
  72,    1.79343E+00,   1.83318E+00,  2.22
  73,    8.39700E-01,   2.76863E-01,  -67.03
  74,    1.49670E-01,   2.52858E-01,  68.94
  75,    1.47258E-01,   1.18065E-01,  -19.82
  76,    9.33280E-02,   9.14861E-02,  -1.97
  77,    2.58679E-01,   2.10491E-01,  -18.63
  78,    1.22031E-01,   1.10631E-01,  -9.34
  79,    7.54422E-02,   7.30834E-02,  -3.13
  80,    5.03819E-02,   4.65977E-02,  -7.51
  81,    3.87900E-02,   3.75378E-02,  -3.23
  82,    5.76154E-02,   6.17932E-02,  7.25
  83,    4.36995E-02,   4.71738E-02,  7.95
  84,    3.19190E-02,   3.36538E-02,  5.44
  85,    4.86561E-02,   5.12771E-02,  5.39
  86,    3.01298E-02,   3.20178E-02,  6.27
  87,    2.91209E-02,   2.78146E-02,  -4.49
  88,    3.00144E-02,   2.54871E-02,  -15.08
  89,    2.13417E-02,   1.67610E-02,  -21.46
  90,    2.58147E-02,   2.16502E-02,  -16.13
  91,    1.98618E-02,   1.68142E-02,  -15.34
  92,    5.35987E+00,   5.85872E+00,  9.31
  93,    2.08741E+00,   6.10228E-01,  -70.77
  94,    1.02678E+00,   4.56734E-01,  -55.52
  95,    1.87425E-01,   2.65838E-01,  41.84
  96,    1.72181E-01,   1.28269E-01,  -25.50
  97,    1.17447E-01,   9.64545E-02,  -17.87
  98,    2.90909E-01,   2.74387E-01,  -5.68
  99,    1.47621E-01,   1.50359E-01,  1.85
  100,    8.99679E-02,   1.01406E-01,  12.71
  101,    6.19399E-02,   7.00478E-02,  13.09
  102,    4.74925E-02,   4.81053E-02,  1.29
  103,    6.89750E-02,   6.70961E-02,  -2.72
  104,    4.92579E-02,   4.59993E-02,  -6.62
  105,    3.40743E-02,   3.30181E-02,  -3.10
  106,    5.22244E-02,   5.55851E-02,  6.44
  107,    3.38687E-02,   3.56842E-02,  5.36
  108,    3.23105E-02,   3.10000E-02,  -4.06
  109,    3.19228E-02,   3.08851E-02,  -3.25
  110,    2.16338E-02,   1.95379E-02,  -9.69
  111,    2.66745E-02,   2.20570E-02,  -17.31
  112,    2.14036E-02,   1.75392E-02,  -18.05
  113,    5.72150E+00,   1.67357E+00,  -70.75
  114,    2.31320E+00,   9.46419E-01,  -59.09
  115,    9.68294E-01,   4.66877E-01,  -51.78
  116,    1.86464E-01,   2.64386E-01,  41.79
  117,    1.88712E-01,   1.19557E-01,  -36.65
  118,    1.03236E-01,   6.81913E-02,  -33.95
  119,    2.96212E-01,   2.27257E-01,  -23.28
  120,    1.63627E-01,   1.37230E-01,  -16.13
  121,    1.00222E-01,   8.33682E-02,  -16.82
  122,    7.38560E-02,   6.49820E-02,  -12.02
  123,    5.39285E-02,   4.44435E-02,  -17.59
  124,    8.00984E-02,   7.77497E-02,  -2.93
  125,    5.42293E-02,   5.25157E-02,  -3.16
  126,    3.46281E-02,   3.48646E-02,  0.68
  127,    5.20586E-02,   4.81732E-02,  -7.46
  128,    4.13181E-02,   3.81770E-02,  -7.60
  129,    3.06594E-02,   2.61923E-02,  -14.57
  130,    3.37121E-02,   3.19919E-02,  -5.10
  131,    2.32575E-02,   2.09413E-02,  -9.96
  132,    2.79093E-02,   2.44543E-02,  -12.38
  133,    2.16048E-02,   1.95286E-02,  -9.61
  134,    6.07769E+00,   3.21543E+00,  -47.09
  135,    2.01531E+00,   1.36698E+00,  -32.17
  136,    9.22482E-01,   6.88228E-01,  -25.39
  137,    2.93652E-01,   4.14616E-01,  41.19
  138,    4.42888E-01,   2.65528E-01,  -40.05
  139,    1.43564E-01,   1.41164E-01,  -1.67
  140,    9.80310E-02,   1.00283E-01,  2.30
  141,    2.89595E-01,   2.58189E-01,  -10.84
  142,    1.62090E-01,   1.56794E-01,  -3.27
  143,    1.02372E-01,   1.02399E-01,  0.03
  144,    7.43722E-02,   6.75025E-02,  -9.24
  145,    5.26667E-02,   5.42674E-02,  3.04
  146,    8.48895E-02,   8.52101E-02,  0.38
  147,    5.70213E-02,   5.71326E-02,  0.20
  148,    3.24661E-02,   3.49253E-02,  7.57
  149,    5.09961E-02,   5.53027E-02,  8.45
  150,    4.73332E-02,   5.27120E-02,  11.36
  151,    2.71496E-02,   2.97576E-02,  9.61
  152,    3.33201E-02,   3.26037E-02,  -2.15
  153,    2.30520E-02,   2.20983E-02,  -4.14
  154,    2.80427E-02,   2.74832E-02,  -2.00
  155,    2.28094E-02,   2.33539E-02,  2.39
  156,    5.95258E+00,   4.13212E+00,  -30.58
  157,    2.26191E+00,   1.69745E+00,  -24.96
  158,    9.77684E-01,   8.81623E-01,  -9.83
  159,    3.24570E-01,   4.94029E-01,  52.21
  160,    4.23618E-01,   2.27643E-01,  -46.26
  161,    1.53060E-01,   1.41004E-01,  -7.88
  162,    9.56131E-02,   9.13790E-02,  -4.43
  163,    2.82887E-01,   2.93954E-01,  3.91
  164,    1.58797E-01,   1.60043E-01,  0.78
  165,    1.07999E-01,   1.17267E-01,  8.58
  166,    7.42793E-02,   7.64426E-02,  2.91
  167,    5.51055E-02,   6.33047E-02,  14.88
  168,    8.47283E-02,   8.26929E-02,  -2.40
  169,    5.42794E-02,   5.52224E-02,  1.74
  170,    3.04051E-02,   3.23513E-02,  6.40
  171,    5.27314E-02,   5.77530E-02,  9.52
  172,    4.60293E-02,   4.89068E-02,  6.25
  173,    2.79294E-02,   3.19901E-02,  14.54
  174,    3.38499E-02,   3.62727E-02,  7.16
  175,    2.26353E-02,   2.44965E-02,  8.22
  176,    2.78493E-02,   2.76997E-02,  -0.54
  177,    6.10244E+00,   3.87032E+00,  -36.58
  178,    2.13197E+00,   1.70592E+00,  -19.98
  179,    9.54436E-01,   8.45111E-01,  -11.45
  180,    2.45200E-01,   3.44354E-01,  40.44
  181,    3.76698E-01,   1.86675E-01,  -50.44
  182,    1.33233E-01,   1.11636E-01,  -16.21
  183,    9.42898E-02,   8.08263E-02,  -14.28
  184,    2.82526E-01,   2.52568E-01,  -10.60
  185,    1.63757E-01,   1.45804E-01,  -10.96
  186,    1.10012E-01,   8.84827E-02,  -19.57
  187,    7.46303E-02,   6.70653E-02,  -10.14
  188,    5.90355E-02,   5.11779E-02,  -13.31
  189,    8.03295E-02,   7.73179E-02,  -3.75
  190,    4.74987E-02,   4.67299E-02,  -1.62
  191,    3.07734E-02,   3.23837E-02,  5.23
  192,    5.14108E-02,   5.11650E-02,  -0.48
  193,    4.45487E-02,   4.29809E-02,  -3.52
  194,    2.74163E-02,   2.92625E-02,  6.73
  195,    3.06639E-02,   3.05904E-02,  -0.24
  196,    2.23371E-02,   2.24840E-02,  0.66
  197,    2.72825E-02,   2.82432E-02,  3.52
  198,    6.03535E+00,   4.39250E+00,  -27.22
  199,    2.22474E+00,   1.92472E+00,  -13.49
  200,    7.89918E-01,   7.25445E-01,  -8.16
  201,    2.48124E-01,   3.66640E-01,  47.76
  202,    3.35292E-01,   2.10516E-01,  -37.21
  203,    1.32921E-01,   1.46132E-01,  9.94
  204,    8.68220E-02,   8.99013E-02,  3.55
  205,    2.64123E-01,   2.44099E-01,  -7.58
  206,    1.65569E-01,   1.59686E-01,  -3.55
  207,    1.07036E-01,   9.54155E-02,  -10.86
  208,    7.59017E-02,   7.38972E-02,  -2.64
  209,    5.40453E-02,   5.01427E-02,  -7.22
  210,    8.10408E-02,   7.09922E-02,  -12.40
  211,    4.27062E-02,   3.82687E-02,  -10.39
  212,    3.14016E-02,   2.96151E-02,  -5.69
  213,    5.61689E-02,   5.88237E-02,  4.73
  214,    3.83145E-02,   3.85720E-02,  0.67
  215,    2.56840E-02,   2.71873E-02,  5.85
  216,    2.82814E-02,   2.84491E-02,  0.59
  217,    2.13449E-02,   2.16441E-02,  1.40
  218,    2.72835E-02,   2.86355E-02,  4.96
  219,    2.60792E+01,   1.46100E+01,  -43.98
  220,    5.43997E+00,   4.43399E+00,  -18.49
  221,    1.55118E+00,   1.37626E+00,  -11.28
  222,    6.28012E-01,   5.82212E-01,  -7.29
  223,    2.03822E-01,   3.00251E-01,  47.31
  224,    2.36711E-01,   1.86278E-01,  -21.31
  225,    1.01014E-01,   1.07995E-01,  6.91
  226,    7.10739E-02,   7.56724E-02,  6.47
  227,    2.37972E-01,   2.68621E-01,  12.88
  228,    1.50735E-01,   1.51207E-01,  0.31
  229,    9.68624E-02,   1.08962E-01,  12.49
  230,    7.46612E-02,   7.94754E-02,  6.45
  231,    4.77969E-02,   5.08721E-02,  6.43
  232,    7.03605E-02,   6.33660E-02,  -9.94
  233,    3.70233E-02,   3.26556E-02,  -11.80
  234,    3.44764E-02,   3.24930E-02,  -5.75
  235,    5.95121E-02,   5.71221E-02,  -4.02
  236,    3.17637E-02,   3.02774E-02,  -4.68
  237,    2.44197E-02,   2.31681E-02,  -5.13
  238,    2.69293E-02,   2.83339E-02,  5.22
  239,    1.95159E-02,   2.07257E-02,  6.20
  240,    2.63180E-02,   2.74344E-02,  4.24
  241,    6.07736E+00,   4.07921E+00,  -32.88
  242,    1.93509E+00,   1.37453E+00,  -28.97
  243,    6.86918E-01,   6.10905E-01,  -11.07
  244,    2.31855E-01,   3.19876E-01,  37.96
  245,    2.85318E-01,   1.67614E-01,  -41.25
  246,    1.19573E-01,   1.09502E-01,  -8.42
  247,    8.72093E-02,   9.31737E-02,  6.84
  248,    2.50916E-01,   2.65318E-01,  5.74
  249,    1.50949E-01,   1.47690E-01,  -2.16
  250,    9.97042E-02,   1.09755E-01,  10.08
  251,    6.79016E-02,   7.19159E-02,  5.91
  252,    4.91152E-02,   4.68460E-02,  -4.62
  253,    6.06553E-02,   5.92955E-02,  -2.24
  254,    3.72737E-02,   3.71877E-02,  -0.23
  255,    3.47560E-02,   3.35504E-02,  -3.47
  256,    5.53386E-02,   4.90362E-02,  -11.39
  257,    3.16469E-02,   2.98629E-02,  -5.64
  258,    2.13461E-02,   1.91470E-02,  -10.30
  259,    2.57171E-02,   2.45349E-02,  -4.60
  260,    1.88288E-02,   1.86509E-02,  -0.94
  261,    2.46788E-02,   2.66866E-02,  8.14
  262,    1.83269E+00,   1.36053E+00,  -25.76
  263,    6.79957E-01,   5.96534E-01,  -12.27
  264,    1.85478E-01,   2.77462E-01,  49.59
  265,    3.07694E-01,   1.66245E-01,  -45.97
  266,    1.19004E-01,   1.33633E-01,  12.29
  267,    8.97034E-02,   8.22218E-02,  -8.34
  268,    2.70660E-01,   2.45392E-01,  -9.34
  269,    1.57234E-01,   1.64789E-01,  4.80
  270,    1.12358E-01,   1.14394E-01,  1.81
  271,    6.80839E-02,   6.95104E-02,  2.10
  272,    4.72548E-02,   4.63629E-02,  -1.89
  273,    5.29234E-02,   5.03034E-02,  -4.95
  274,    3.74505E-02,   3.65397E-02,  -2.43
  275,    3.42883E-02,   3.18361E-02,  -7.15
  276,    5.42960E-02,   4.99773E-02,  -7.95
  277,    3.08836E-02,   3.18011E-02,  2.97
  278,    1.97530E-02,   1.92618E-02,  -2.49
  279,    2.42351E-02,   2.22648E-02,  -8.13
  280,    1.85181E-02,   1.78203E-02,  -3.77
  281,    2.43974E-02,   2.48592E-02,  1.89
  282,    2.09371E+00,   1.43292E+00,  -31.56
  283,    7.79404E-01,   5.64339E-01,  -27.59
  284,    1.91602E-01,   2.98035E-01,  55.55
  285,    3.78759E-01,   2.19679E-01,  -42.00
  286,    1.48487E-01,   1.26301E-01,  -14.94
  287,    9.99060E-02,   8.64116E-02,  -13.51
  288,    2.88083E-01,   2.69489E-01,  -6.45
  289,    1.73485E-01,   1.87221E-01,  7.92
  290,    1.09826E-01,   1.16731E-01,  6.29
  291,    7.46354E-02,   7.09409E-02,  -4.95
  292,    4.36110E-02,   4.27783E-02,  -1.91
  293,    5.13951E-02,   4.73987E-02,  -7.78
  294,    4.50839E-02,   4.46136E-02,  -1.04
  295,    2.97197E-02,   2.60533E-02,  -12.34
  296,    4.69384E-02,   4.31494E-02,  -8.07
  297,    2.95880E-02,   2.85660E-02,  -3.45
  298,    1.92295E-02,   1.87962E-02,  -2.25
  299,    2.35129E-02,   2.29008E-02,  -2.60
  300,    1.79449E-02,   1.81640E-02,  1.22
  301,    1.95633E+00,   1.18920E+00,  -39.21
  302,    7.22030E-01,   5.30545E-01,  -26.52
  303,    2.45501E-01,   3.45959E-01,  40.92
  304,    3.14589E-01,   1.80041E-01,  -42.77
  305,    1.32839E-01,   1.14866E-01,  -13.53
  306,    9.12254E-02,   9.40901E-02,  3.14
  307,    2.81530E-01,   3.00199E-01,  6.63
  308,    1.84205E-01,   1.94694E-01,  5.69
  309,    1.01430E-01,   1.11381E-01,  9.81
  310,    6.69656E-02,   6.91493E-02,  3.26
  311,    3.76459E-02,   3.63535E-02,  -3.43
  312,    5.08173E-02,   5.11753E-02,  0.70
  313,    4.43708E-02,   4.32126E-02,  -2.61
  314,    2.39373E-02,   2.31385E-02,  -3.34
  315,    3.91844E-02,   3.78395E-02,  -3.43
  316,    2.76876E-02,   2.72789E-02,  -1.48
  317,    1.84457E-02,   1.81743E-02,  -1.47
  318,    2.23618E-02,   2.15747E-02,  -3.52
  319,    1.70212E-02,   1.74906E-02,  2.76
  320,    2.45714E+00,   1.10228E+00,  -55.14
  321,    9.03480E-01,   6.25700E-01,  -30.75
  322,    1.82202E-01,   2.90730E-01,  59.56
  323,    1.66081E-01,   1.34723E-01,  -18.88
  324,    1.09426E-01,   1.02742E-01,  -6.11
  325,    3.16558E-01,   3.21385E-01,  1.52
  326,    1.79875E-01,   1.88465E-01,  4.78
  327,    1.09995E-01,   1.06393E-01,  -3.27
  328,    5.94460E-02,   6.01086E-02,  1.11
  329,    3.31911E-02,   3.22771E-02,  -2.75
  330,    5.25062E-02,   5.34640E-02,  1.82
  331,    4.42747E-02,   4.32452E-02,  -2.33
  332,    2.24154E-02,   2.34206E-02,  4.48
  333,    3.92747E-02,   4.04107E-02,  2.89
  334,    2.48500E-02,   2.42966E-02,  -2.23
  335,    1.74309E-02,   1.73236E-02,  -0.62
  336,    2.08296E-02,   2.07043E-02,  -0.60
  337,    1.74077E-02,   1.79255E-02,  2.97
  338,    2.15001E+00,   1.21207E+00,  -43.63
  339,    9.91793E-01,   4.60208E-01,  -53.60
  340,    1.39811E-01,   2.29647E-01,  64.26
  341,    1.61607E-01,   1.21318E-01,  -24.93
  342,    1.27958E-01,   9.52446E-02,  -25.57
  343,    3.73491E-01,   3.08839E-01,  -17.31
  344,    1.82501E-01,   1.65658E-01,  -9.23
  345,    1.07117E-01,   9.60634E-02,  -10.32
  346,    5.49832E-02,   4.72302E-02,  -14.10
  347,    3.14264E-02,   2.82834E-02,  -10.00
  348,    5.80390E-02,   5.97325E-02,  2.92
  349,    3.50537E-02,   3.23816E-02,  -7.62
  350,    2.26806E-02,   2.45502E-02,  8.24
  351,    3.84461E-02,   3.99312E-02,  3.86
  352,    2.28213E-02,   2.25020E-02,  -1.40
  353,    1.63110E-02,   1.59868E-02,  -1.99
  354,    2.02806E-02,   2.01715E-02,  -0.54
  355,    6.32291E+00,   5.26530E+00,  -16.73
  356,    2.42941E+00,   1.55729E+00,  -35.90
  357,    9.34296E-01,   6.11241E-01,  -34.58
  358,    2.53052E-01,   3.92849E-01,  55.24
  359,    4.70146E-01,   2.55536E-01,  -45.65
  360,    2.05146E-01,   1.87678E-01,  -8.51
  361,    1.38997E-01,   1.29731E-01,  -6.67
  362,    3.64430E-01,   3.41946E-01,  -6.17
  363,    1.98949E-01,   1.72942E-01,  -13.07
  364,    9.42916E-02,   8.97663E-02,  -4.80
  365,    4.87184E-02,   4.40477E-02,  -9.59
  366,    3.58201E-02,   3.57217E-02,  -0.27
  367,    6.18732E-02,   6.06774E-02,  -1.93
  368,    3.14527E-02,   3.01747E-02,  -4.06
  369,    2.36043E-02,   2.40469E-02,  1.88
  370,    3.66439E-02,   3.69237E-02,  0.76
  371,    2.19586E-02,   2.25805E-02,  2.83
  372,    1.62634E-02,   1.60851E-02,  -1.10
  373,    2.03385E-02,   2.06190E-02,  1.38
  374,    2.14589E+00,   1.00855E+00,  -53.00
  375,    8.45372E-01,   5.75823E-01,  -31.89
  376,    2.44612E-01,   3.41746E-01,  39.71
  377,    1.99963E-01,   1.57547E-01,  -21.21
  378,    1.13386E-01,   1.09499E-01,  -3.43
  379,    3.50445E-01,   3.34137E-01,  -4.65
  380,    1.83315E-01,   1.70290E-01,  -7.11
  381,    8.18915E-02,   7.43993E-02,  -9.15
  382,    4.43376E-02,   4.11336E-02,  -7.23
  383,    3.74022E-02,   3.85117E-02,  2.97
  384,    6.16918E-02,   5.72433E-02,  -7.21
  385,    2.91736E-02,   2.89568E-02,  -0.74
  386,    2.26963E-02,   2.16310E-02,  -4.69
  387,    3.60432E-02,   3.49404E-02,  -3.06
  388,    2.23686E-02,   2.16917E-02,  -3.03
  389,    1.57647E-02,   1.50455E-02,  -4.56
  390,    1.92219E-02,   1.92087E-02,  -0.07
  391,    1.99952E+00,   1.28880E+00,  -35.54
  392,    8.46089E-01,   6.71063E-01,  -20.69
  393,    3.85740E-01,   4.26040E-01,  10.45
  394,    1.78218E-01,   1.80072E-01,  1.04
  395,    1.34689E-01,   1.09918E-01,  -18.39
  396,    3.74887E-01,   3.11478E-01,  -16.91
  397,    1.54621E-01,   1.43857E-01,  -6.96
  398,    7.03302E-02,   6.17585E-02,  -12.19
  399,    4.76763E-02,   4.72893E-02,  -0.81
  400,    3.89113E-02,   3.78623E-02,  -2.70
  401,    5.12519E-02,   4.58883E-02,  -10.47
  402,    3.10974E-02,   3.26785E-02,  5.08
  403,    1.97023E-02,   1.85551E-02,  -5.82
  404,    3.20080E-02,   2.99873E-02,  -6.31
  405,    2.10656E-02,   1.99899E-02,  -5.11
  406,    1.54380E-02,   1.43787E-02,  -6.86
  407,    1.94699E-02,   1.89735E-02,  -2.55
  408,    6.11714E+00,   3.49501E+00,  -42.87
  409,    1.96900E+00,   1.53636E+00,  -21.97
  410,    1.11223E+00,   8.84015E-01,  -20.52
  411,    4.54019E-01,   5.28603E-01,  16.43
  412,    4.47306E-01,   3.40287E-01,  -23.93
  413,    2.22446E-01,   1.99051E-01,  -10.52
  414,    1.42246E-01,   1.37944E-01,  -3.02
  415,    3.65735E-01,   3.60922E-01,  -1.32
  416,    1.39970E-01,   1.36108E-01,  -2.76
  417,    6.62039E-02,   6.72710E-02,  1.61
  418,    5.30261E-02,   5.98662E-02,  12.90
  419,    4.62791E-02,   4.86578E-02,  5.14
  420,    4.34874E-02,   4.23826E-02,  -2.54
  421,    3.12419E-02,   3.18212E-02,  1.85
  422,    1.85895E-02,   1.81806E-02,  -2.20
  423,    3.09585E-02,   3.05987E-02,  -1.16
  424,    2.11322E-02,   2.01868E-02,  -4.47
  425,    1.56539E-02,   1.50617E-02,  -3.78
  426,    2.06630E-02,   1.98183E-02,  -4.09
  427,    5.59096E+00,   3.17706E+00,  -43.18
  428,    2.54020E+00,   1.52772E+00,  -39.86
  429,    1.17197E+00,   8.35359E-01,  -28.72
  430,    3.70809E-01,   5.10164E-01,  37.58
  431,    2.29461E-01,   1.88763E-01,  -17.74
  432,    1.23286E-01,   1.20993E-01,  -1.86
  433,    3.23268E-01,   3.30384E-01,  2.20
  434,    1.25831E-01,   1.22147E-01,  -2.93
  435,    7.66221E-02,   8.73023E-02,  13.94
  436,    5.95566E-02,   6.60988E-02,  10.98
  437,    3.93403E-02,   3.87688E-02,  -1.45
  438,    4.23110E-02,   4.51915E-02,  6.81
  439,    3.11593E-02,   3.15904E-02,  1.38
  440,    1.91772E-02,   1.95849E-02,  2.13
  441,    3.08001E-02,   3.04576E-02,  -1.11
  442,    2.13899E-02,   1.99925E-02,  -6.53
  443,    1.53893E-02,   1.46695E-02,  -4.68
  444,    1.10216E+00,   8.06207E-01,  -26.85
  445,    3.55291E-01,   4.21173E-01,  18.54
  446,    2.01173E-01,   1.67077E-01,  -16.95
  447,    1.09193E-01,   8.91296E-02,  -18.37
  448,    2.85219E-01,   2.46859E-01,  -13.45
  449,    1.14398E-01,   1.09585E-01,  -4.21
  450,    8.33429E-02,   9.28732E-02,  11.44
  451,    6.73928E-02,   7.09102E-02,  5.22
  452,    3.10131E-02,   2.83042E-02,  -8.73
  453,    4.63897E-02,   5.25030E-02,  13.18
  454,    2.79575E-02,   2.77073E-02,  -0.89
  455,    1.93758E-02,   1.95181E-02,  0.73
  456,    3.14156E-02,   3.08170E-02,  -1.91
  457,    2.10809E-02,   1.95640E-02,  -7.20
  458,    1.58374E-02,   1.49641E-02,  -5.51
  459,    2.59148E+00,   1.40355E+00,  -45.84
  460,    2.69711E-01,   3.98238E-01,  47.65
  461,    1.79430E-01,   1.23552E-01,  -31.14
  462,    9.71550E-02,   6.85630E-02,  -29.43
  463,    2.52782E-01,   1.99221E-01,  -21.19
  464,    1.31542E-01,   1.32953E-01,  1.07
  465,    9.25395E-02,   9.58354E-02,  3.56
  466,    5.65087E-02,   5.31173E-02,  -6.00
  467,    3.04459E-02,   3.13564E-02,  2.99
  468,    4.72243E-02,   4.91040E-02,  3.98
  469,    2.64648E-02,   2.62596E-02,  -0.78
  470,    1.95223E-02,   1.88247E-02,  -3.57
  471,    3.12206E-02,   3.03269E-02,  -2.86
  472,    2.13894E-02,   1.99716E-02,  -6.63
  473,    1.68177E-02,   1.56578E-02,  -6.90
  474,    6.58037E+00,   3.54884E+00,  -46.07
  475,    1.32024E+00,   7.21774E-01,  -45.33
  476,    2.97713E-01,   4.07084E-01,  36.74
  477,    1.39096E-01,   1.02875E-01,  -26.04
  478,    7.57013E-02,   6.46489E-02,  -14.60
  479,    2.18441E-01,   1.91922E-01,  -12.14
  480,    1.42850E-01,   1.54288E-01,  8.01
  481,    1.04678E-01,   1.11434E-01,  6.45
  482,    4.50503E-02,   4.21297E-02,  -6.48
  483,    3.05649E-02,   3.58615E-02,  17.33
  484,    4.68946E-02,   4.86181E-02,  3.68
  485,    2.70807E-02,   2.84303E-02,  4.98
  486,    1.89779E-02,   1.84874E-02,  -2.58
  487,    3.05025E-02,   2.94976E-02,  -3.29
  488,    2.15553E-02,   2.01670E-02,  -6.44
  489,    1.75997E-02,   1.62681E-02,  -7.57
  490,    1.13693E+00,   6.91771E-01,  -39.15
  491,    2.05482E-01,   3.11637E-01,  51.66
  492,    1.19034E-01,   8.99305E-02,  -24.45
  493,    7.44040E-02,   6.55157E-02,  -11.95
  494,    2.40615E-01,   2.44567E-01,  1.64
  495,    1.56809E-01,   1.66429E-01,  6.14
  496,    8.71872E-02,   8.68821E-02,  -0.35
  497,    4.46907E-02,   4.89286E-02,  9.48
  498,    3.42368E-02,   3.94162E-02,  15.13
  499,    4.33740E-02,   4.37097E-02,  0.77
  500,    2.79442E-02,   2.93226E-02,  4.93
  501,    1.95538E-02,   1.93153E-02,  -1.22
  502,    3.21501E-02,   3.10488E-02,  -3.43
  503,    2.18782E-02,   2.09504E-02,  -4.24
  504,    1.00591E+00,   4.99601E-01,  -50.33
  505,    1.33652E-01,   2.10633E-01,  57.60
  506,    1.16760E-01,   8.03252E-02,  -31.20
  507,    1.05913E-01,   8.91388E-02,  -15.84
  508,    2.82124E-01,   2.59536E-01,  -8.01
  509,    1.88030E-01,   1.75256E-01,  -6.79
  510,    7.33085E-02,   6.22295E-02,  -15.11
  511,    4.74624E-02,   5.13615E-02,  8.22
  512,    3.83079E-02,   3.82431E-02,  -0.17
  513,    4.16925E-02,   4.21376E-02,  1.07
  514,    2.93357E-02,   2.88590E-02,  -1.62
  515,    2.03250E-02,   1.92166E-02,  -5.45
  516,    3.25848E-02,   3.02885E-02,  -7.05
  517,    2.32618E-02,   2.15223E-02,  -7.48
  518,    5.57527E+00,   4.32327E+00,  -22.46
  519,    1.77954E+00,   1.35702E+00,  -23.74
  520,    6.51715E-01,   4.41604E-01,  -32.24
  521,    1.22119E-01,   1.94052E-01,  58.90
  522,    2.99050E-01,   1.23616E-01,  -58.66
  523,    1.29912E-01,   1.29443E-01,  -0.36
  524,    7.71218E-02,   7.26122E-02,  -5.85
  525,    2.81795E-01,   2.59704E-01,  -7.84
  526,    1.40823E-01,   1.24126E-01,  -11.86
  527,    6.60604E-02,   6.54891E-02,  -0.86
  528,    4.80322E-02,   5.10532E-02,  6.29
  529,    3.00191E-02,   2.84943E-02,  -5.08
  530,    4.15528E-02,   4.33223E-02,  4.26
  531,    2.76315E-02,   2.68666E-02,  -2.77
  532,    2.04332E-02,   1.89334E-02,  -7.34
  533,    3.21279E-02,   3.02758E-02,  -5.76
  534,    2.37388E-02,   2.21936E-02,  -6.51
  535,    5.21130E+00,   5.29361E+00,  1.58
  536,    1.56605E+00,   1.33277E+00,  -14.90
  537,    5.72462E-01,   4.49431E-01,  -21.49
  538,    1.76971E-01,   2.48108E-01,  40.20
  539,    3.34841E-01,   2.37866E-01,  -28.96
  540,    1.32818E-01,   1.27328E-01,  -4.13
  541,    1.26665E-01,   1.28672E-01,  1.58
  542,    3.23660E-01,   3.25508E-01,  0.57
  543,    1.12088E-01,   1.00283E-01,  -10.53
  544,    6.67424E-02,   7.78974E-02,  16.71
  545,    5.08003E-02,   5.51037E-02,  8.47
  546,    2.72923E-02,   2.86324E-02,  4.91
  547,    4.16490E-02,   4.31512E-02,  3.61
  548,    2.77499E-02,   2.68833E-02,  -3.12
  549,    2.03417E-02,   1.86985E-02,  -8.08
  550,    3.29427E-02,   3.08043E-02,  -6.49
  551,    2.57314E-02,   2.33417E-02,  -9.29
  552,    2.38875E+01,   2.26126E+01,  -5.34
  553,    4.41358E+00,   4.16802E+00,  -5.56
  554,    1.29953E+00,   1.09328E+00,  -15.87
  555,    5.60187E-01,   5.15994E-01,  -7.89
  556,    3.87876E-01,   4.47859E-01,  15.46
  557,    2.58467E-01,   2.27986E-01,  -11.79
  558,    2.11006E-01,   2.17203E-01,  2.94
  559,    1.19297E-01,   1.16015E-01,  -2.75
  560,    2.93383E-01,   2.76315E-01,  -5.82
  561,    1.22231E-01,   1.26345E-01,  3.37
  562,    8.06615E-02,   9.25989E-02,  14.80
  563,    4.70720E-02,   4.85805E-02,  3.20
  564,    3.13164E-02,   3.47951E-02,  11.11
  565,    4.31678E-02,   4.61703E-02,  6.96
  566,    2.89400E-02,   2.87751E-02,  -0.57
  567,    1.97790E-02,   1.93306E-02,  -2.27
  568,    3.36847E-02,   3.17829E-02,  -5.65
  569,    1.67942E+01,   1.44420E+01,  -14.01
  570,    3.07161E+00,   2.58187E+00,  -15.94
  571,    1.08454E+00,   9.86075E-01,  -9.08
  572,    7.31747E-01,   7.52077E-01,  2.78
  573,    3.66913E-01,   3.60165E-01,  -1.84
  574,    3.27837E-01,   3.21499E-01,  -1.93
  575,    1.69613E-01,   1.62082E-01,  -4.44
  576,    8.09325E-02,   7.00223E-02,  -13.48
  577,    2.31591E-01,   2.05738E-01,  -11.16
  578,    1.24665E-01,   1.46395E-01,  17.43
  579,    8.57160E-02,   9.68280E-02,  12.96
  580,    4.33129E-02,   4.75300E-02,  9.74
  581,    3.19547E-02,   3.65955E-02,  14.52
  582,    4.37952E-02,   4.61210E-02,  5.31
  583,    3.06382E-02,   3.02591E-02,  -1.24
  584,    2.15092E-02,   2.12113E-02,  -1.39
  585,    3.42349E-02,   3.32811E-02,  -2.79
  586,    9.89550E+00,   9.33518E+00,  -5.66
  587,    2.38184E+00,   2.29086E+00,  -3.82
  588,    1.39654E+00,   1.41806E+00,  1.54
  589,    6.61919E-01,   6.23239E-01,  -5.84
  590,    5.03590E-01,   5.13961E-01,  2.06
  591,    2.93625E-01,   2.42596E-01,  -17.38
  592,    1.16914E-01,   9.84664E-02,  -15.78
  593,    7.23241E-02,   6.23719E-02,  -13.76
  594,    2.19162E-01,   2.20074E-01,  0.42
  595,    1.30039E-01,   1.50074E-01,  15.41
  596,    6.85258E-02,   7.35566E-02,  7.34
  597,    4.31907E-02,   5.03491E-02,  16.57
  598,    2.99446E-02,   3.42308E-02,  14.31
  599,    4.31238E-02,   4.63530E-02,  7.49
  600,    2.98551E-02,   2.99189E-02,  0.21
  601,    2.25431E-02,   2.19492E-02,  -2.63
  602,    3.65465E-02,   3.50365E-02,  -4.13
  603,    7.08428E+00,   7.64868E+00,  7.97
  604,    2.89216E+00,   2.77534E+00,  -4.04
  605,    1.21571E+00,   1.04118E+00,  -14.36
  606,    8.93043E-01,   7.72482E-01,  -13.50
  607,    2.57100E-01,   3.39556E-01,  32.07
  608,    3.13606E-01,   1.29612E-01,  -58.67
  609,    1.00731E-01,   7.86115E-02,  -21.96
  610,    7.36282E-02,   7.79040E-02,  5.81
  611,    2.12331E-01,   2.35109E-01,  10.73
  612,    1.30740E-01,   1.44113E-01,  10.23
  613,    6.02286E-02,   6.64229E-02,  10.28
  614,    4.17568E-02,   4.91627E-02,  17.74
  615,    2.89149E-02,   3.20561E-02,  10.86
  616,    4.07218E-02,   4.39811E-02,  8.00
  617,    2.70620E-02,   2.73777E-02,  1.17
  618,    2.15469E-02,   2.12569E-02,  -1.35
  619,    3.70290E-02,   3.60494E-02,  -2.65
  620,    8.79268E+00,   8.93835E+00,  1.66
  621,    2.54118E+00,   2.07148E+00,  -18.48
  622,    1.74784E+00,   1.22855E+00,  -29.71
  623,    6.85082E-01,   4.75342E-01,  -30.62
  624,    9.80398E-02,   1.64056E-01,  67.34
  625,    3.19806E-01,   9.28688E-02,  -70.96
  626,    1.07180E-01,   8.89871E-02,  -16.97
  627,    6.78824E-02,   5.74394E-02,  -15.38
  628,    2.20046E-01,   2.12413E-01,  -3.47
  629,    1.04101E-01,   9.72954E-02,  -6.54
  630,    5.97977E-02,   6.37391E-02,  6.59
  631,    3.92570E-02,   4.18774E-02,  6.68
  632,    2.71704E-02,   2.78405E-02,  2.47
  633,    4.00146E-02,   4.05432E-02,  1.32
  634,    2.61179E-02,   2.64081E-02,  1.11
  635,    2.11287E-02,   1.99373E-02,  -5.64
  636,    8.51856E+00,   8.28151E+00,  -2.78
  637,    3.76990E+00,   2.97497E+00,  -21.09
  638,    1.38552E+00,   9.09962E-01,  -34.32
  639,    4.72214E-01,   2.61891E-01,  -44.54
  640,    3.79685E-01,   1.16958E-01,  -69.20
  641,    1.03746E-01,   7.23204E-02,  -30.29
  642,    8.84052E-02,   6.52217E-02,  -26.22
  643,    6.38813E-02,   1.30081E-01,  103.63
  644,    2.34054E-01,   1.85346E-01,  -20.81
  645,    9.64497E-02,   7.93608E-02,  -17.72
  646,    6.11518E-02,   5.64174E-02,  -7.74
  647,    3.98833E-02,   3.55154E-02,  -10.95
  648,    2.58941E-02,   2.29873E-02,  -11.23
  649,    3.89861E-02,   3.53855E-02,  -9.24
  650,    2.69907E-02,   2.44191E-02,  -9.53
  651,    1.67956E+01,   2.19426E+01,  30.65
  652,    3.93603E+00,   4.53374E+00,  15.19
  653,    1.17817E+00,   1.02255E+00,  -13.21
  654,    5.67485E-01,   4.20371E-01,  -25.92
  655,    2.37236E-01,   3.41658E-01,  44.02
  656,    3.31717E-01,   1.97274E-01,  -40.53
  657,    1.69616E-01,   1.66490E-01,  -1.84
  658,    9.37500E-02,   8.55758E-02,  -8.72
  659,    2.30507E-01,   1.94796E-01,  -15.49
  660,    1.20047E-01,   1.16513E-01,  -2.94
  661,    7.20498E-02,   7.20653E-02,  0.02
  662,    4.71842E-02,   4.53357E-02,  -3.92
  663,    3.35480E-02,   3.16744E-02,  -5.58
  664,    4.16027E-02,   3.80696E-02,  -8.49
  665,    3.09103E-02,   2.77615E-02,  -10.19
  666,    1.11676E+01,   1.29440E+01,  15.91
  667,    2.19845E+00,   1.94851E+00,  -11.37
  668,    9.13035E-01,   6.42482E-01,  -29.63
  669,    5.31806E-01,   4.66187E-01,  -12.34
  670,    2.15799E-01,   2.51256E-01,  16.43
  671,    2.88455E-01,   1.99472E-01,  -30.85
  672,    1.14386E-01,   9.71415E-02,  -15.08
  673,    6.52320E-02,   5.61901E-02,  -13.86
  674,    2.13195E-01,   1.99591E-01,  -6.38
  675,    1.23952E-01,   1.31184E-01,  5.83
  676,    7.43755E-02,   7.71978E-02,  3.79
  677,    4.60745E-02,   4.70410E-02,  2.10
  678,    3.48140E-02,   3.37010E-02,  -3.20
  679,    4.40071E-02,   4.08406E-02,  -7.20
  680,    3.26938E-02,   2.89235E-02,  -11.53
  681,    1.45624E+01,   1.48162E+01,  1.74
  682,    3.87921E+00,   3.09228E+00,  -20.29
  683,    2.00283E+00,   1.81849E+00,  -9.20
  684,    9.35157E-01,   8.75684E-01,  -6.36
  685,    4.28887E-01,   6.34344E-01,  47.90
  686,    1.69178E-01,   1.57098E-01,  -7.14
  687,    1.22778E-01,   1.28890E-01,  4.98
  688,    2.95345E-01,   3.13687E-01,  6.21
  689,    1.60030E-01,   1.79598E-01,  12.23
  690,    9.53733E-02,   1.05195E-01,  10.30
  691,    6.40765E-02,   6.90084E-02,  7.70
  692,    3.95353E-02,   4.05404E-02,  2.54
  693,    5.81647E-02,   5.83090E-02,  0.25
  694,    1.31056E+01,   1.13039E+01,  -13.75
  695,    4.77626E+00,   4.23861E+00,  -11.26
  696,    2.07477E+00,   1.69226E+00,  -18.44
  697,    1.30047E+00,   1.07694E+00,  -17.19
  698,    2.83145E-01,   4.39344E-01,  55.17
  699,    2.04505E-01,   1.78967E-01,  -12.49
  700,    1.40413E-01,   1.34862E-01,  -3.95
  701,    3.94026E-01,   4.10989E-01,  4.31
  702,    2.13369E-01,   2.24316E-01,  5.13
  703,    1.18608E-01,   1.27822E-01,  7.77
  704,    8.40657E-02,   8.59810E-02,  2.28
  705,    5.06893E-02,   5.15862E-02,  1.77
  706,    6.94621E-02,   6.76811E-02,  -2.56
  707,    1.21473E+01,   1.22794E+01,  1.09
  708,    3.39929E+00,   3.18008E+00,  -6.45
  709,    1.98238E+00,   1.62211E+00,  -18.17
  710,    7.77106E-01,   5.68549E-01,  -26.84
  711,    1.71175E-01,   2.65264E-01,  54.97
  712,    4.39087E-01,   1.98500E-01,  -54.79
  713,    1.62261E-01,   1.44319E-01,  -11.06
  714,    1.13441E-01,   1.05059E-01,  -7.39
  715,    3.60388E-01,   3.47151E-01,  -3.67
  716,    1.96316E-01,   1.91206E-01,  -2.60
  717,    1.20394E-01,   1.19091E-01,  -1.08
  718,    6.97173E-02,   6.60165E-02,  -5.31
  719,    5.05887E-02,   4.86430E-02,  -3.85
  720,    7.48064E-02,   7.17700E-02,  -4.06
  721,    9.51800E+00,   1.01591E+01,  6.74
  722,    3.52661E+00,   3.35869E+00,  -4.76
  723,    1.25238E+00,   9.52017E-01,  -23.98
  724,    5.38351E-01,   3.88716E-01,  -27.79
  725,    1.75711E-01,   2.70264E-01,  53.81
  726,    3.80979E-01,   1.87952E-01,  -50.67
  727,    1.47120E-01,   1.32936E-01,  -9.64
  728,    9.73818E-02,   8.86533E-02,  -8.96
  729,    3.10154E-01,   2.86634E-01,  -7.58
  730,    1.59645E-01,   1.53576E-01,  -3.80
  731,    1.04328E-01,   9.81953E-02,  -5.88
  732,    5.94718E-02,   5.55134E-02,  -6.66
  733,    4.46862E-02,   4.14944E-02,  -7.14
  734,    1.07297E+01,   1.26426E+01,  17.83
  735,    2.60551E+00,   2.37094E+00,  -9.00
  736,    9.77850E-01,   7.86613E-01,  -19.56
  737,    5.65629E-01,   4.91127E-01,  -13.17
  738,    2.41966E-01,   3.21971E-01,  33.06
  739,    3.24049E-01,   2.19891E-01,  -32.14
  740,    1.42596E-01,   1.43257E-01,  0.46
  741,    1.08078E-01,   1.10013E-01,  1.79
  742,    3.00082E-01,   2.97594E-01,  -0.83
  743,    1.71920E-01,   1.75253E-01,  1.94
  744,    9.15940E-02,   9.21964E-02,  0.66
  745,    6.33555E-02,   6.47702E-02,  2.23
  746,    4.34306E-02,   4.32011E-02,  -0.53
  747,    7.77629E+00,   8.33194E+00,  7.15
  748,    1.92329E+00,   1.64977E+00,  -14.22
  749,    9.67088E-01,   8.07780E-01,  -16.47
  750,    5.37815E-01,   4.67800E-01,  -13.02
  751,    2.54371E-01,   2.98413E-01,  17.31
  752,    2.74375E-01,   1.86196E-01,  -32.14
  753,    1.47296E-01,   1.38134E-01,  -6.22
  754,    9.00716E-02,   8.80499E-02,  -2.24
  755,    2.80558E-01,   2.86845E-01,  2.24
  756,    1.71164E-01,   1.74127E-01,  1.73
  757,    9.03551E-02,   9.31267E-02,  3.07
  758,    6.50338E-02,   6.69452E-02,  2.94
  759,    4.61509E-02,   4.83987E-02,  4.87
  760,    8.37240E+00,   8.89687E+00,  6.26
  761,    2.79498E+00,   2.61271E+00,  -6.52
  762,    1.36425E+00,   1.22507E+00,  -10.20
  763,    7.50799E-01,   7.06471E-01,  -5.90
  764,    2.91485E-01,   4.15987E-01,  42.71
  765,    4.50793E-01,   2.95499E-01,  -34.45
  766,    1.78233E-01,   1.82358E-01,  2.31
  767,    1.34518E-01,   1.39902E-01,  4.00
  768,    3.70616E-01,   3.79309E-01,  2.35
  769,    1.83500E-01,   1.85335E-01,  1.00
  770,    1.16698E-01,   1.21770E-01,  4.35
  771,    7.58889E-02,   7.75214E-02,  2.15
  772,    7.66502E+00,   8.39077E+00,  9.47
  773,    2.48971E+00,   2.26751E+00,  -8.92
  774,    1.20641E+00,   1.07640E+00,  -10.78
  775,    6.49498E-01,   5.78588E-01,  -10.92
  776,    3.01735E-01,   3.87144E-01,  28.31
  777,    3.60084E-01,   2.29329E-01,  -36.31
  778,    1.74358E-01,   1.71259E-01,  -1.78
  779,    1.37061E-01,   1.35581E-01,  -1.08
  780,    4.00333E-01,   4.03844E-01,  0.88
  781,    1.95263E-01,   1.98536E-01,  1.68
  782,    1.29372E-01,   1.34466E-01,  3.94
  783,    8.68967E-02,   9.24756E-02,  6.42
  784,    5.70547E+00,   6.35777E+00,  11.43
  785,    1.90659E+00,   1.75070E+00,  -8.18
  786,    9.01092E-01,   7.92188E-01,  -12.09
  787,    5.43620E-01,   4.84505E-01,  -10.87
  788,    2.11083E-01,   2.71804E-01,  28.77
  789,    2.80896E-01,   1.96366E-01,  -30.09
  790,    1.56031E-01,   1.51650E-01,  -2.81
  791,    9.48318E-02,   9.16400E-02,  -3.37
  792,    3.02120E-01,   2.95726E-01,  -2.12
  793,    1.80510E-01,   1.81679E-01,  0.65
  794,    1.08508E-01,   1.10285E-01,  1.64
  795,    5.52423E+00,   6.25712E+00,  13.27
  796,    1.79776E+00,   1.67099E+00,  -7.05
  797,    9.50088E-01,   8.50987E-01,  -10.43
  798,    4.61608E-01,   4.36499E-01,  -5.44
  799,    2.34349E-01,   3.00353E-01,  28.16
  800,    3.02701E-01,   2.24282E-01,  -25.91
  801,    1.34365E-01,   1.32044E-01,  -1.73
  802,    8.82631E-02,   8.78231E-02,  -0.50
  803,    2.71833E-01,   2.70394E-01,  -0.53
  804,    1.69750E-01,   1.72897E-01,  1.85
  805,    1.05725E-01,   1.13296E-01,  7.16
  806,    5.70785E+00,   6.36008E+00,  11.43
  807,    1.97931E+00,   1.80590E+00,  -8.76
  808,    8.23320E-01,   7.56429E-01,  -8.12
  809,    5.05127E-01,   4.75737E-01,  -5.82
  810,    2.71757E-01,   3.36190E-01,  23.71
  811,    2.84022E-01,   1.90269E-01,  -33.01
  812,    1.27322E-01,   1.22426E-01,  -3.85
  813,    9.79994E-02,   9.49669E-02,  -3.09
  814,    3.00939E-01,   3.00537E-01,  -0.13
  815,    1.70370E-01,   1.72389E-01,  1.19
  816,    6.07137E+00,   6.62159E+00,  9.06
  817,    1.60104E+00,   1.53282E+00,  -4.26
  818,    8.54563E-01,   8.01829E-01,  -6.17
  819,    5.53855E-01,   5.18578E-01,  -6.37
  820,    2.32038E-01,   2.77772E-01,  19.71
  821,    2.47654E-01,   1.71291E-01,  -30.83
  822,    1.35813E-01,   1.28986E-01,  -5.03
  823,    1.05678E-01,   1.02704E-01,  -2.81
  824,    3.11681E-01,   3.04999E-01,  -2.14
  825,    1.82920E-01,   1.87460E-01,  2.48
  826,    4.54372E+00,   5.08541E+00,  11.92
  827,    1.48054E+00,   1.47302E+00,  -0.51
  828,    8.25334E-01,   7.91351E-01,  -4.12
  829,    4.06646E-01,   3.87878E-01,  -4.62
  830,    1.89750E-01,   2.25400E-01,  18.79
  831,    2.15815E-01,   1.63271E-01,  -24.35
  832,    1.28207E-01,   1.25955E-01,  -1.76
  833,    8.74299E-02,   8.46219E-02,  -3.21
  834,    2.81295E-01,   2.75063E-01,  -2.22
  835,    5.34105E+00,   6.06180E+00,  13.49
  836,    1.86299E+00,   1.77192E+00,  -4.89
  837,    7.69549E-01,   7.16160E-01,  -6.94
  838,    4.03310E-01,   3.76612E-01,  -6.62
  839,    2.22646E-01,   2.57317E-01,  15.57
  840,    2.56071E-01,   1.89839E-01,  -25.86
  841,    1.32216E-01,   1.23795E-01,  -6.37
  842,    9.60375E-02,   9.18212E-02,  -4.39
  843,    2.95837E-01,   2.92863E-01,  -1.01
  844,    5.24726E+00,   5.93577E+00,  13.12
  845,    1.33018E+00,   1.31129E+00,  -1.42
  846,    5.80960E-01,   5.62976E-01,  -3.10
  847,    3.63987E-01,   3.50040E-01,  -3.83
  848,    2.21368E-01,   2.42250E-01,  9.43
  849,    1.86606E-01,   1.51735E-01,  -18.69
  850,    1.11113E-01,   1.08263E-01,  -2.56
  851,    9.01945E-02,   9.08109E-02,  0.68
  852,    4.30290E+00,   4.78895E+00,  11.30
  853,    1.10858E+00,   1.12345E+00,  1.34
  854,    6.05632E-01,   5.83541E-01,  -3.65
  855,    3.79821E-01,   3.67327E-01,  -3.29
  856,    1.98370E-01,   2.18039E-01,  9.92
  857,    1.83362E-01,   1.48373E-01,  -19.08
  858,    1.21171E-01,   1.20354E-01,  -0.67
  859,    4.15210E+00,   4.75897E+00,  14.62
  860,    1.39602E+00,   1.33439E+00,  -4.41
  861,    7.37753E-01,   6.85954E-01,  -7.02
  862,    4.00083E-01,   3.70859E-01,  -7.30
  863,    2.10898E-01,   2.34848E-01,  11.36
  864,    2.38774E-01,   1.81381E-01,  -24.04
  865,    4.45874E+00,   5.15495E+00,  15.61
  866,    1.41375E+00,   1.36653E+00,  -3.34
  867,    6.50217E-01,   6.02573E-01,  -7.33
  868,    3.79948E-01,   3.38125E-01,  -11.01
  869,    2.15155E-01,   2.41936E-01,  12.45
  870,    4.53980E+00,   5.21550E+00,  14.88
  871,    1.23305E+00,   1.26450E+00,  2.55
  872,    6.01100E-01,   5.76237E-01,  -4.14
  873,    3.91204E-01,   3.70466E-01,  -5.30
  874,    4.14627E+00,   4.70374E+00,  13.45
  875,    1.23464E+00,   1.15949E+00,  -6.09
  876,    6.81599E-01,   6.14455E-01,  -9.85
  877,    4.35325E+00,   4.73315E+00,  8.73
  878,    1.51930E+00,   1.31591E+00,  -13.39
  879,    4.05453E+00,   4.25506E+00,  4.95

;-Resistivity in Ohm-m in the elemental sequential order

 2.64848E+02,  2.75515E+02,  2.82538E+02,  2.97023E+02,  3.26640E+02
 3.70766E+02,  4.31660E+02,  5.07948E+02,  5.94024E+02,  6.82464E+02
 7.59202E+02,  8.15946E+02,  8.51570E+02,  8.69288E+02,  8.68019E+02
 8.95804E+02,  8.95804E+02,  5.47657E+02,  5.47657E+02,  5.47657E+02
 5.47657E+02,  5.47657E+02,  5.47657E+02,  2.64848E+02,  2.75515E+02
 2.82538E+02,  2.97023E+02,  3.26640E+02,  3.70766E+02,  4.31660E+02
 5.07948E+02,  5.94024E+02,  6.82464E+02,  7.59202E+02,  8.15946E+02
 8.51570E+02,  8.69288E+02,  8.68019E+02,  8.95804E+02,  8.95804E+02
 5.47657E+02,  5.47657E+02,  5.47657E+02,  5.47657E+02,  5.47657E+02
 5.47657E+02,  2.64848E+02,  2.75515E+02,  2.82538E+02,  2.97023E+02
 3.26640E+02,  3.70766E+02,  4.31660E+02,  5.07948E+02,  5.94024E+02
 6.82464E+02,  7.59202E+02,  8.15946E+02,  8.51570E+02,  8.69288E+02
 8.68019E+02,  8.95804E+02,  8.95804E+02,  5.47657E+02,  5.47657E+02
 5.47657E+02,  5.47657E+02,  5.47657E+02,  5.47657E+02,  2.64848E+02
 2.75515E+02,  2.82538E+02,  2.97023E+02,  3.26640E+02,  3.70766E+02
 4.31660E+02,  5.07948E+02,  5.94024E+02,  6.82464E+02,  7.59202E+02
 8.15946E+02,  8.51570E+02,  8.69288E+02,  8.68019E+02,  8.95804E+02
 8.95804E+02,  5.47657E+02,  5.47657E+02,  5.47657E+02,  5.47657E+02
 5.47657E+02,  5.47657E+02,  2.64848E+02,  2.75515E+02,  2.82538E+02
 2.97023E+02,  3.26640E+02,  3.70766E+02,  4.31660E+02,  5.07948E+02
 5.94024E+02,  6.82464E+02,  7.59202E+02,  8.15946E+02,  8.51570E+02
 8.69288E+02,  8.68019E+02,  8.95804E+02,  8.95804E+02,  5.47657E+02
 5.47657E+02,  5.47657E+02,  5.47657E+02,  5.47657E+02,  5.47657E+02
 2.64848E+02,  2.75515E+02,  2.82538E+02,  2.97023E+02,  3.26640E+02
 3.70766E+02,  4.31660E+02,  5.07948E+02,  5.94024E+02,  6.82464E+02
 7.59202E+02,  8.15946E+02,  8.51570E+02,  8.69288E+02,  8.68019E+02
 8.95804E+02,  8.95804E+02,  5.47657E+02,  5.47657E+02,  5.47657E+02
 5.47657E+02,  5.47657E+02,  5.47657E+02,  5.20481E+02,  4.80446E+02
 4.57203E+02,  4.33546E+02,  4.48422E+02,  4.79754E+02,  5.17133E+02
 5.46525E+02,  5.59759E+02,  5.54739E+02,  5.26530E+02,  4.88203E+02
 4.51233E+02,  4.22461E+02,  4.03289E+02,  3.86042E+02,  3.86042E+02
 3.32498E+02,  3.32498E+02,  3.32498E+02,  3.32498E+02,  3.32498E+02
 3.32498E+02,  5.20481E+02,  4.80446E+02,  4.57203E+02,  4.33546E+02
 4.48422E+02,  4.79754E+02,  5.17133E+02,  5.46525E+02,  5.59759E+02
 5.54739E+02,  5.26530E+02,  4.88203E+02,  4.51233E+02,  4.22461E+02
 4.03289E+02,  3.86042E+02,  3.86042E+02,  3.32498E+02,  3.32498E+02
 3.32498E+02,  3.32498E+02,  3.32498E+02,  3.32498E+02,  3.30095E+02
 3.86348E+02,  4.46088E+02,  4.74941E+02,  5.32165E+02,  6.30331E+02
 7.25711E+02,  7.45796E+02,  6.38706E+02,  5.85994E+02,  5.33958E+02
 4.86374E+02,  4.47935E+02,  4.19687E+02,  4.00730E+02,  3.92280E+02
 3.92280E+02,  3.40205E+02,  3.40205E+02,  3.40205E+02,  3.40205E+02
 3.40205E+02,  3.40205E+02,  2.63145E+02,  2.40712E+02,  3.48446E+02
 4.97831E+02,  5.72359E+02,  6.62256E+02,  7.82376E+02,  8.23597E+02
 7.85642E+02,  6.78103E+02,  5.68970E+02,  5.00566E+02,  4.60009E+02
 4.26463E+02,  4.02013E+02,  3.82365E+02,  3.82365E+02,  3.22089E+02
 3.22089E+02,  3.22089E+02,  3.22089E+02,  3.22089E+02,  3.22089E+02
 4.04301E+02,  1.27011E+02,  2.68321E+02,  5.17425E+02,  6.47663E+02
 7.50345E+02,  8.41333E+02,  8.72081E+02,  8.19005E+02,  7.08567E+02
 5.94087E+02,  5.05570E+02,  4.66230E+02,  4.29973E+02,  4.00651E+02
 3.71149E+02,  3.71149E+02,  3.09116E+02,  3.09116E+02,  3.09116E+02
 3.09116E+02,  3.09116E+02,  3.09116E+02,  2.58439E+02,  9.48926E+01
 2.40860E+02,  6.47592E+02,  7.70810E+02,  8.66087E+02,  9.07260E+02
 9.14564E+02,  8.36763E+02,  7.16975E+02,  5.96508E+02,  5.12129E+02
 4.71993E+02,  4.32572E+02,  3.99798E+02,  3.63124E+02,  3.63124E+02
 3.03329E+02,  3.03329E+02,  3.03329E+02,  3.03329E+02,  3.03329E+02
 3.03329E+02,  2.36231E+02,  8.95259E+01,  3.01978E+02,  7.97038E+02
 9.55658E+02,  9.85457E+02,  9.73080E+02,  9.25828E+02,  8.19522E+02
 7.11650E+02,  6.02144E+02,  5.21107E+02,  4.77963E+02,  4.34443E+02
 3.98544E+02,  3.55315E+02,  3.55315E+02,  2.97069E+02,  2.97069E+02
 2.97069E+02,  2.97069E+02,  2.97069E+02,  2.97069E+02,  2.96038E+02
 1.33404E+02,  3.32071E+02,  8.98165E+02,  1.15551E+03,  1.06933E+03
 9.90668E+02,  9.02604E+02,  8.21896E+02,  7.18712E+02,  6.17663E+02
 5.31648E+02,  4.83684E+02,  4.35525E+02,  3.96899E+02,  3.47654E+02
 3.47654E+02,  2.91369E+02,  2.91369E+02,  2.91369E+02,  2.91369E+02
 2.91369E+02,  2.91369E+02,  2.76813E+02,  1.18260E+02,  3.27730E+02
 9.64180E+02,  1.19169E+03,  1.06427E+03,  9.62941E+02,  8.95878E+02
 8.24513E+02,  7.30624E+02,  6.19467E+02,  5.43851E+02,  4.88068E+02
 4.35676E+02,  3.94842E+02,  3.39929E+02,  3.39929E+02,  2.86154E+02
 2.86154E+02,  2.86154E+02,  2.86154E+02,  2.86154E+02,  2.86154E+02
 3.15016E+02,  1.22402E+02,  3.06046E+02,  8.87488E+02,  9.73412E+02
 1.01992E+03,  9.18905E+02,  8.52252E+02,  8.00570E+02,  7.22594E+02
 6.16128E+02,  5.53016E+02,  4.90426E+02,  4.34755E+02,  3.92355E+02
 3.32079E+02,  3.32079E+02,  2.81465E+02,  2.81465E+02,  2.81465E+02
 2.81465E+02,  2.81465E+02,  2.81465E+02,  2.41583E+02,  1.10014E+02
 3.14613E+02,  8.41515E+02,  9.24777E+02,  8.03714E+02,  7.90994E+02
 7.76346E+02,  7.53376E+02,  6.96941E+02,  6.19144E+02,  5.57031E+02
 4.90326E+02,  4.32735E+02,  3.89504E+02,  3.24110E+02,  3.24110E+02
 2.77129E+02,  2.77129E+02,  2.77129E+02,  2.77129E+02,  2.77129E+02
 2.77129E+02,  2.92015E+02,  1.30634E+02,  3.35456E+02,  8.30733E+02
 8.77653E+02,  6.86277E+02,  6.84697E+02,  6.93466E+02,  6.99397E+02
 6.71401E+02,  6.19495E+02,  5.55037E+02,  4.87735E+02,  4.29614E+02
 3.86270E+02,  3.15768E+02,  3.15768E+02,  2.72841E+02,  2.72841E+02
 2.72841E+02,  2.72841E+02,  2.72841E+02,  2.72841E+02,  2.75856E+02
 1.23938E+02,  3.26983E+02,  7.17512E+02,  6.70779E+02,  6.21360E+02
 6.08272E+02,  6.20416E+02,  6.46870E+02,  6.43992E+02,  6.06291E+02
 5.46853E+02,  4.82301E+02,  4.25166E+02,  3.82572E+02,  3.06993E+02
 3.06993E+02,  2.68893E+02,  2.68893E+02,  2.68893E+02,  2.68893E+02
 2.68893E+02,  2.68893E+02,  2.51756E+02,  1.14739E+02,  2.75586E+02
 5.87609E+02,  5.88712E+02,  6.01503E+02,  5.60506E+02,  5.61510E+02
 5.92968E+02,  6.04062E+02,  5.81418E+02,  5.32659E+02,  4.73870E+02
 4.19349E+02,  3.78475E+02,  2.97971E+02,  2.97971E+02,  2.65391E+02
 2.65391E+02,  2.65391E+02,  2.65391E+02,  2.65391E+02,  2.65391E+02
 3.09136E+02,  1.07598E+02,  2.44724E+02,  5.34234E+02,  6.17678E+02
 5.92810E+02,  5.33224E+02,  4.98446E+02,  5.23274E+02,  5.52459E+02
 5.48129E+02,  5.13332E+02,  4.62676E+02,  4.12223E+02,  3.73995E+02
 2.88576E+02,  2.88576E+02,  2.62164E+02,  2.62164E+02,  2.62164E+02
 2.62164E+02,  2.62164E+02,  2.62164E+02,  3.06119E+02,  1.16402E+02
 2.52841E+02,  5.86493E+02,  6.37059E+02,  6.25023E+02,  5.10760E+02
 4.27529E+02,  4.55591E+02,  4.96218E+02,  5.09466E+02,  4.89720E+02
 4.48778E+02,  4.03664E+02,  3.69035E+02,  2.79402E+02,  2.79402E+02
 2.59412E+02,  2.59412E+02,  2.59412E+02,  2.59412E+02,  2.59412E+02
 2.59412E+02,  2.85893E+02,  1.27111E+02,  2.80763E+02,  7.48905E+02
 6.88246E+02,  6.26968E+02,  4.70196E+02,  3.69796E+02,  3.94710E+02
 4.40788E+02,  4.68177E+02,  4.62790E+02,  4.32343E+02,  3.93653E+02
 3.63622E+02,  2.73265E+02,  2.73265E+02,  2.56284E+02,  2.56284E+02
 2.56284E+02,  2.56284E+02,  2.56284E+02,  2.56284E+02,  4.00755E+02
 1.43904E+02,  2.97101E+02,  8.50544E+02,  8.47371E+02,  5.91729E+02
 4.26711E+02,  3.33650E+02,  3.43668E+02,  3.89727E+02,  4.26654E+02
 4.33417E+02,  4.13387E+02,  3.81953E+02,  3.57522E+02,  2.66749E+02
 2.66749E+02,  2.53112E+02,  2.53112E+02,  2.53112E+02,  2.53112E+02
 2.53112E+02,  2.53112E+02,  2.35511E+02,  1.37837E+02,  3.14490E+02
 8.85323E+02,  9.42984E+02,  6.67741E+02,  4.23351E+02,  3.08554E+02
 3.02154E+02,  3.44338E+02,  3.86533E+02,  4.02026E+02,  3.91412E+02
 3.67905E+02,  3.50229E+02,  2.59869E+02,  2.59869E+02,  2.50076E+02
 2.50076E+02,  2.50076E+02,  2.50076E+02,  2.50076E+02,  2.50076E+02
 3.20417E+02,  1.48267E+02,  3.31292E+02,  9.58823E+02,  1.06547E+03
 7.34039E+02,  4.74963E+02,  2.93362E+02,  2.69203E+02,  3.05136E+02
 3.49073E+02,  3.68919E+02,  3.65821E+02,  3.51107E+02,  3.41617E+02
 2.53173E+02,  2.53173E+02,  2.47728E+02,  2.47728E+02,  2.47728E+02
 2.47728E+02,  2.47728E+02,  2.47728E+02,  2.66714E+02,  1.47151E+02
 3.35065E+02,  1.18099E+03,  1.34070E+03,  8.40845E+02,  5.39727E+02
 2.87790E+02,  2.43678E+02,  2.71899E+02,  3.15130E+02,  3.35913E+02
 3.44582E+02,  3.43183E+02,  3.37233E+02,  2.46615E+02,  2.46615E+02
 2.46243E+02,  2.46243E+02,  2.46243E+02,  2.46243E+02,  2.46243E+02
 2.46243E+02,  2.69632E+02,  1.38416E+02,  3.27217E+02,  1.20149E+03
 1.48321E+03,  9.74511E+02,  5.62227E+02,  2.87688E+02,  2.24154E+02
 2.44069E+02,  2.86174E+02,  3.12649E+02,  3.37385E+02,  3.39182E+02
 3.34150E+02,  2.40287E+02,  2.40287E+02,  2.45530E+02,  2.45530E+02
 2.45530E+02,  2.45530E+02,  2.45530E+02,  2.45530E+02,  3.26380E+02
 1.42441E+02,  3.04441E+02,  1.01715E+03,  1.38056E+03,  9.96708E+02
 5.65376E+02,  2.88602E+02,  2.09095E+02,  2.20975E+02,  2.61735E+02
 2.97301E+02,  3.26978E+02,  3.32930E+02,  3.30456E+02,  2.34432E+02
 2.34432E+02,  2.45619E+02,  2.45619E+02,  2.45619E+02,  2.45619E+02
 2.45619E+02,  2.45619E+02,  3.41534E+02,  1.48542E+02,  3.06255E+02
 9.10355E+02,  1.17928E+03,  9.76442E+02,  5.63694E+02,  2.87287E+02
 1.97023E+02,  2.01830E+02,  2.40053E+02,  2.80693E+02,  3.14890E+02
 3.24640E+02,  3.25273E+02,  2.28518E+02,  2.28518E+02,  2.46111E+02
 2.46111E+02,  2.46111E+02,  2.46111E+02,  2.46111E+02,  2.46111E+02
 2.74587E+02,  1.58630E+02,  3.20890E+02,  9.23514E+02,  1.08368E+03
 9.04580E+02,  5.61049E+02,  2.84361E+02,  1.87363E+02,  1.86130E+02
 2.21178E+02,  2.64099E+02,  3.01987E+02,  3.14946E+02,  3.18612E+02
 2.22123E+02,  2.22123E+02,  2.47721E+02,  2.47721E+02,  2.47721E+02
 2.47721E+02,  2.47721E+02,  2.47721E+02,  3.02491E+02,  1.72556E+02
 3.45311E+02,  8.58356E+02,  1.06630E+03,  8.50352E+02,  5.63290E+02
 2.82266E+02,  1.80080E+02,  1.73455E+02,  2.04989E+02,  2.48222E+02
 2.88817E+02,  3.04547E+02,  3.11134E+02,  2.15907E+02,  2.15907E+02
 2.50624E+02,  2.50624E+02,  2.50624E+02,  2.50624E+02,  2.50624E+02
 2.50624E+02,  3.17440E+02,  1.82885E+02,  3.66712E+02,  8.76540E+02
 1.05854E+03,  8.30487E+02,  5.64303E+02,  2.82775E+02,  1.75701E+02
 1.63629E+02,  1.91296E+02,  2.33457E+02,  2.76785E+02,  2.94617E+02
 3.03217E+02,  2.09794E+02,  2.09794E+02,  2.53314E+02,  2.53314E+02
 2.53314E+02,  2.53314E+02,  2.53314E+02,  2.53314E+02,  3.04126E+02
 1.83359E+02,  3.85725E+02,  9.47457E+02,  1.05321E+03,  8.18540E+02
 5.57099E+02,  2.88864E+02,  1.75974E+02,  1.56821E+02,  1.79849E+02
 2.19951E+02,  2.66475E+02,  2.86091E+02,  2.95019E+02,  2.03940E+02
 2.03940E+02,  2.56104E+02,  2.56104E+02,  2.56104E+02,  2.56104E+02
 2.56104E+02,  2.56104E+02,  3.16360E+02,  1.77069E+02,  3.93252E+02
 9.95755E+02,  1.04644E+03,  8.38785E+02,  5.51410E+02,  2.99211E+02
 1.82506E+02,  1.53495E+02,  1.70491E+02,  2.07780E+02,  2.54785E+02
 2.77026E+02,  2.87159E+02,  1.99369E+02,  1.99369E+02,  2.58088E+02
 2.58088E+02,  2.58088E+02,  2.58088E+02,  2.58088E+02,  2.58088E+02
 3.19122E+02,  1.69135E+02,  4.11632E+02,  1.06107E+03,  1.11824E+03
 8.95427E+02,  5.67317E+02,  2.99714E+02,  1.84008E+02,  1.55064E+02
 1.63017E+02,  1.96203E+02,  2.41208E+02,  2.66040E+02,  2.78914E+02
 1.94091E+02,  1.94091E+02,  2.58657E+02,  2.58657E+02,  2.58657E+02
 2.58657E+02,  2.58657E+02,  2.58657E+02,  2.82781E+02,  1.73814E+02
 4.50217E+02,  1.17180E+03,  1.32961E+03,  9.59256E+02,  5.70682E+02
 2.97902E+02,  1.80599E+02,  1.51973E+02,  1.57716E+02,  1.84520E+02
 2.26682E+02,  2.53594E+02,  2.69078E+02,  1.86484E+02,  1.86484E+02
 2.58142E+02,  2.58142E+02,  2.58142E+02,  2.58142E+02,  2.58142E+02
 2.58142E+02,  3.15191E+02,  1.95348E+02,  4.60209E+02,  1.22373E+03
 1.30437E+03,  9.81907E+02,  5.74466E+02,  3.04562E+02,  1.79821E+02
 1.48675E+02,  1.54122E+02,  1.75217E+02,  2.11716E+02,  2.40327E+02
 2.58596E+02,  1.83048E+02,  1.83048E+02,  2.56750E+02,  2.56750E+02
 2.56750E+02,  2.56750E+02,  2.56750E+02,  2.56750E+02,  2.95917E+02
 2.10875E+02,  4.46347E+02,  1.02049E+03,  1.14614E+03,  9.61160E+02
 6.00153E+02,  3.21077E+02,  1.85901E+02,  1.48471E+02,  1.55237E+02
 1.71794E+02,  1.97517E+02,  2.26531E+02,  2.48052E+02,  1.85846E+02
 1.85846E+02,  2.55627E+02,  2.55627E+02,  2.55627E+02,  2.55627E+02
 2.55627E+02,  2.55627E+02,  2.55562E+02,  2.39240E+02,  4.30019E+02
 6.99404E+02,  8.71514E+02,  8.70821E+02,  6.20979E+02,  3.45252E+02
 1.96453E+02,  1.50767E+02,  1.57058E+02,  1.74316E+02,  1.92790E+02
 2.13163E+02,  2.37527E+02,  1.91725E+02,  1.91725E+02,  2.55158E+02
 2.55158E+02,  2.55158E+02,  2.55158E+02,  2.55158E+02,  2.55158E+02
 4.88081E+02,  2.99877E+02,  3.79079E+02,  4.59179E+02,  6.14893E+02
 7.59447E+02,  6.26407E+02,  3.73873E+02,  2.09566E+02,  1.54811E+02
 1.58030E+02,  1.78609E+02,  1.97252E+02,  2.08505E+02,  2.28964E+02
 1.95529E+02,  1.95529E+02,  2.55677E+02,  2.55677E+02,  2.55677E+02
 2.55677E+02,  2.55677E+02,  2.55677E+02,  3.38020E+02,  3.27935E+02
 3.39048E+02,  3.48977E+02,  4.24044E+02,  6.49012E+02,  6.19118E+02
 4.03560E+02,  2.23499E+02,  1.59976E+02,  1.59927E+02,  1.81429E+02
 2.00480E+02,  2.12464E+02,  2.21998E+02,  1.98754E+02,  1.98754E+02
 2.57131E+02,  2.57131E+02,  2.57131E+02,  2.57131E+02,  2.57131E+02
 2.57131E+02,  5.61837E+02,  4.11100E+02,  3.60821E+02,  3.00243E+02
 3.35451E+02,  5.57870E+02,  6.24629E+02,  4.28621E+02,  2.36820E+02
 1.66041E+02,  1.62929E+02,  1.83471E+02,  2.01856E+02,  2.17762E+02
 2.19926E+02,  2.03750E+02,  2.03750E+02,  2.58573E+02,  2.58573E+02
 2.58573E+02,  2.58573E+02,  2.58573E+02,  2.58573E+02,  5.95844E+02
 4.85020E+02,  4.57330E+02,  2.54751E+02,  3.08089E+02,  5.53680E+02
 6.62087E+02,  4.34881E+02,  2.49747E+02,  1.73177E+02,  1.67165E+02
 1.86028E+02,  2.04418E+02,  2.21989E+02,  2.23240E+02,  2.08688E+02
 2.08688E+02,  2.60035E+02,  2.60035E+02,  2.60035E+02,  2.60035E+02
 2.60035E+02,  2.60035E+02,  3.19936E+02,  4.13130E+02,  4.94095E+02
 2.67218E+02,  3.16029E+02,  6.14003E+02,  7.64364E+02,  4.32830E+02
 2.65369E+02,  1.82073E+02,  1.72690E+02,  1.89113E+02,  2.07559E+02
 2.24137E+02,  2.25928E+02,  2.12449E+02,  2.12449E+02,  2.62047E+02
 2.62047E+02,  2.62047E+02,  2.62047E+02,  2.62047E+02,  2.62047E+02
 4.16893E+02,  3.77322E+02,  5.50017E+02,  3.46781E+02,  3.57406E+02
 6.91377E+02,  8.00983E+02,  4.27061E+02,  2.81396E+02,  1.94171E+02
 1.79400E+02,  1.92489E+02,  2.09969E+02,  2.25076E+02,  2.27509E+02
 2.15511E+02,  2.15511E+02,  2.64513E+02,  2.64513E+02,  2.64513E+02
 2.64513E+02,  2.64513E+02,  2.64513E+02,  3.23952E+02,  4.35311E+02
 7.36090E+02,  5.03842E+02,  4.69837E+02,  7.39695E+02,  7.76207E+02
 4.17681E+02,  2.81293E+02,  2.10635E+02,  1.87462E+02,  1.96275E+02
 2.11864E+02,  2.25431E+02,  2.28049E+02,  2.17577E+02,  2.17577E+02
 2.67623E+02,  2.67623E+02,  2.67623E+02,  2.67623E+02,  2.67623E+02
 2.67623E+02,  3.93974E+02,  5.43874E+02,  8.60471E+02,  6.49883E+02
 5.83818E+02,  7.60532E+02,  7.08039E+02,  4.09650E+02,  2.70655E+02
 2.15306E+02,  1.98465E+02,  1.99945E+02,  2.12299E+02,  2.24042E+02
 2.26863E+02,  2.18831E+02,  2.18831E+02,  2.71463E+02,  2.71463E+02
 2.71463E+02,  2.71463E+02,  2.71463E+02,  2.71463E+02,  3.50731E+02
 4.64103E+02,  8.03773E+02,  6.43212E+02,  6.20286E+02,  7.58387E+02
 6.61674E+02,  4.02618E+02,  2.64668E+02,  2.14242E+02,  2.01519E+02
 2.00902E+02,  2.09700E+02,  2.20642E+02,  2.24740E+02,  2.20068E+02
 2.20068E+02,  2.75491E+02,  2.75491E+02,  2.75491E+02,  2.75491E+02
 2.75491E+02,  2.75491E+02,  2.42939E+02,  3.56601E+02,  5.86527E+02
 5.61291E+02,  5.73769E+02,  6.96570E+02,  5.96660E+02,  3.83563E+02
 2.60137E+02,  2.16855E+02,  2.01576E+02,  2.01124E+02,  2.06137E+02
 2.17443E+02,  2.23149E+02,  2.22987E+02,  2.22987E+02,  2.79873E+02
 2.79873E+02,  2.79873E+02,  2.79873E+02,  2.79873E+02,  2.79873E+02
 6.05939E+02,  4.47968E+02,  4.39059E+02,  4.34404E+02,  4.89423E+02
 6.03868E+02,  5.02837E+02,  3.51068E+02,  2.57178E+02,  2.19850E+02
 2.04500E+02,  2.05086E+02,  2.08112E+02,  2.19105E+02,  2.23746E+02
 2.27624E+02,  2.27624E+02,  2.85020E+02,  2.85020E+02,  2.85020E+02
 2.85020E+02,  2.85020E+02,  2.85020E+02,  3.06678E+02,  4.73681E+02
 4.04270E+02,  3.49276E+02,  4.07622E+02,  4.83803E+02,  4.16877E+02
 3.17199E+02,  2.57119E+02,  2.28261E+02,  2.17311E+02,  2.15114E+02
 2.18592E+02,  2.26038E+02,  2.30245E+02,  2.36060E+02,  2.36060E+02
 2.90933E+02,  2.90933E+02,  2.90933E+02,  2.90933E+02,  2.90933E+02
 2.90933E+02,  1.07398E+03,  8.20591E+02,  5.01432E+02,  3.33361E+02
 3.46715E+02,  3.56858E+02,  3.31980E+02,  2.97639E+02,  2.62974E+02
 2.41912E+02,  2.33186E+02,  2.29228E+02,  2.30810E+02,  2.33885E+02
 2.37388E+02,  2.44866E+02,  2.44866E+02,  2.97826E+02,  2.97826E+02
 2.97826E+02,  2.97826E+02,  2.97826E+02,  2.97826E+02,  6.72456E+02
 7.36719E+02,  6.00597E+02,  3.55397E+02,  2.97321E+02,  2.65016E+02
 2.86263E+02,  3.03422E+02,  2.62444E+02,  2.56567E+02,  2.46463E+02
 2.40560E+02,  2.40830E+02,  2.44423E+02,  2.43815E+02,  2.53054E+02
 2.53054E+02,  3.05528E+02,  3.05528E+02,  3.05528E+02,  3.05528E+02
 3.05528E+02,  3.05528E+02,  9.72942E+02,  7.56063E+02,  6.20288E+02
 3.69963E+02,  2.56046E+02,  2.37426E+02,  3.28776E+02,  3.17397E+02
 2.59185E+02,  2.65543E+02,  2.60937E+02,  2.51790E+02,  2.50668E+02
 2.54369E+02,  2.50603E+02,  2.62305E+02,  2.62305E+02,  3.13810E+02
 3.13810E+02,  3.13810E+02,  3.13810E+02,  3.13810E+02,  3.13810E+02
 1.12210E+03,  9.71103E+02,  6.40393E+02,  3.71965E+02,  2.28707E+02
 2.05494E+02,  2.95925E+02,  2.69017E+02,  2.60033E+02,  2.77177E+02
 2.75896E+02,  2.64801E+02,  2.62397E+02,  2.65775E+02,  2.58964E+02
 2.73801E+02,  2.73801E+02,  3.23107E+02,  3.23107E+02,  3.23107E+02
 3.23107E+02,  3.23107E+02,  3.23107E+02,  3.41205E+02,  5.03067E+02
 6.02557E+02,  3.80174E+02,  2.11592E+02,  1.64651E+02,  1.90831E+02
 2.29775E+02,  2.67641E+02,  2.90746E+02,  2.89397E+02,  2.76499E+02
 2.73025E+02,  2.76159E+02,  2.67691E+02,  2.86299E+02,  2.86299E+02
 3.33529E+02,  3.33529E+02,  3.33529E+02,  3.33529E+02,  3.33529E+02
 3.33529E+02,  5.98484E+02,  6.65100E+02,  7.27996E+02,  3.80720E+02
 1.98586E+02,  1.47175E+02,  1.76465E+02,  2.30531E+02,  2.83300E+02
 3.05905E+02,  3.00968E+02,  2.86570E+02,  2.82686E+02,  2.86163E+02
 2.77292E+02,  2.99875E+02,  2.99875E+02,  3.45121E+02,  3.45121E+02
 3.45121E+02,  3.45121E+02,  3.45121E+02,  3.45121E+02,  4.93005E+02
 7.42911E+02,  6.41426E+02,  3.64056E+02,  2.13386E+02,  1.55440E+02
 1.92744E+02,  2.57489E+02,  3.10664E+02,  3.20781E+02,  3.09651E+02
 2.93872E+02,  2.90314E+02,  2.95159E+02,  2.87409E+02,  3.14142E+02
 3.14142E+02,  3.58094E+02,  3.58094E+02,  3.58094E+02,  3.58094E+02
 3.58094E+02,  3.58094E+02,  6.83203E+02,  4.10386E+02,  3.59734E+02
 3.28142E+02,  2.72382E+02,  2.25059E+02,  2.81925E+02,  3.09305E+02
 3.43496E+02,  3.31066E+02,  3.12965E+02,  2.96075E+02,  2.93959E+02
 3.01618E+02,  2.96797E+02,  3.27546E+02,  3.27546E+02,  3.72085E+02
 3.72085E+02,  3.72085E+02,  3.72085E+02,  3.72085E+02,  3.72085E+02
 2.41818E+02,  2.25474E+02,  2.92852E+02,  4.09674E+02,  4.24913E+02
 3.76978E+02,  3.82806E+02,  3.91542E+02,  3.63266E+02,  3.28307E+02
 3.14566E+02,  2.97350E+02,  2.97548E+02,  3.08967E+02,  3.07363E+02
 3.41527E+02,  3.41527E+02,  3.87391E+02,  3.87391E+02,  3.87391E+02
 3.87391E+02,  3.87391E+02,  3.87391E+02,  3.52536E+02,  2.39925E+02
 3.76060E+02,  7.36750E+02,  8.65777E+02,  7.16131E+02,  5.76284E+02
 4.59836E+02,  3.66036E+02,  3.17835E+02,  3.21840E+02,  3.02690E+02
 3.03996E+02,  3.19461E+02,  3.20345E+02,  3.57322E+02,  3.57322E+02
 4.04804E+02,  4.04804E+02,  4.04804E+02,  4.04804E+02,  4.04804E+02
 4.04804E+02,  2.86721E+02,  2.27641E+02,  4.36669E+02,  1.03408E+03
 1.31406E+03,  9.65327E+02,  6.41022E+02,  4.93278E+02,  3.72995E+02
 2.99191E+02,  3.33070E+02,  3.11684E+02,  3.11486E+02,  3.31057E+02
 3.34480E+02,  3.73750E+02,  3.73750E+02,  4.24213E+02,  4.24213E+02
 4.24213E+02,  4.24213E+02,  4.24213E+02,  4.24213E+02,  2.90126E+02
 2.24901E+02,  4.08869E+02,  8.35273E+02,  1.16914E+03,  9.61034E+02
 7.30640E+02,  5.54356E+02,  4.14188E+02,  3.03241E+02,  3.33062E+02
 3.18048E+02,  3.16118E+02,  3.39333E+02,  3.49439E+02,  3.90748E+02
 3.90748E+02,  4.45716E+02,  4.45716E+02,  4.45716E+02,  4.45716E+02
 4.45716E+02,  4.45716E+02,  3.86790E+02,  3.07512E+02,  3.71150E+02
 5.04633E+02,  6.63222E+02,  6.95542E+02,  6.31564E+02,  5.31220E+02
 4.16656E+02,  3.08935E+02,  3.16482E+02,  3.22178E+02,  3.23624E+02
 3.49797E+02,  3.65103E+02,  4.08129E+02,  4.08129E+02,  4.69130E+02
 4.69130E+02,  4.69130E+02,  4.69130E+02,  4.69130E+02,  4.69130E+02
 3.65409E+02,  4.64556E+02,  3.68458E+02,  2.92127E+02,  3.07949E+02
 4.10106E+02,  4.82104E+02,  4.69889E+02,  3.93854E+02,  3.04523E+02
 3.02325E+02,  3.29448E+02,  3.30008E+02,  3.59958E+02,  3.80233E+02
 4.25094E+02,  4.25094E+02,  4.93319E+02,  4.93319E+02,  4.93319E+02
 4.93319E+02,  4.93319E+02,  4.93319E+02,  5.10225E+02,  6.96141E+02
 3.69625E+02,  1.86970E+02,  1.59912E+02,  2.47932E+02,  3.61506E+02
 4.10082E+02,  3.61419E+02,  2.79806E+02,  3.01940E+02,  3.39312E+02
 3.37606E+02,  3.70467E+02,  3.96300E+02,  4.42498E+02,  4.42498E+02
 5.18403E+02,  5.18403E+02,  5.18403E+02,  5.18403E+02,  5.18403E+02
 5.18403E+02,  4.84940E+02,  1.00615E+03,  3.72479E+02,  1.49312E+02
 1.11114E+02,  1.72341E+02,  3.02326E+02,  3.69379E+02,  3.36207E+02
 2.81985E+02,  3.03108E+02,  3.42897E+02,  3.48705E+02,  3.82381E+02
 4.13548E+02,  4.64128E+02,  4.64128E+02,  5.37726E+02,  5.37726E+02
 5.37726E+02,  5.37726E+02,  5.37726E+02,  5.37726E+02,  5.94675E+02
 1.28860E+03,  4.09272E+02,  1.54691E+02,  1.29512E+02,  1.75840E+02
 2.86927E+02,  3.56161E+02,  3.22667E+02,  2.91803E+02,  3.01350E+02
 3.36373E+02,  3.63117E+02,  3.93917E+02,  4.25457E+02,  4.85527E+02
 4.85527E+02,  5.58118E+02,  5.58118E+02,  5.58118E+02,  5.58118E+02
 5.58118E+02,  5.58118E+02,  5.72761E+02,  2.03375E+03,  6.09582E+02
 2.12149E+02,  1.65071E+02,  2.24541E+02,  3.03415E+02,  3.66973E+02
 3.29805E+02,  3.01715E+02,  2.99143E+02,  3.24737E+02,  3.78876E+02
 4.05977E+02,  4.37325E+02,  5.06323E+02,  5.06323E+02,  5.80368E+02
 5.80368E+02,  5.80368E+02,  5.80368E+02,  5.80368E+02,  5.80368E+02
 6.62834E+02,  1.97346E+03,  7.78110E+02,  3.12781E+02,  2.08863E+02
 2.94847E+02,  3.51991E+02,  3.86995E+02,  3.44752E+02,  3.08765E+02
 2.95101E+02,  3.13629E+02,  3.83500E+02,  4.19039E+02,  4.48594E+02
 5.26063E+02,  5.26063E+02,  6.04697E+02,  6.04697E+02,  6.04697E+02
 6.04697E+02,  6.04697E+02,  6.04697E+02,  5.72394E+02,  1.18773E+03
 6.83009E+02,  3.49799E+02,  2.81433E+02,  3.87912E+02,  4.12651E+02
 3.77394E+02,  3.52755E+02,  3.08391E+02,  2.87747E+02,  3.02649E+02
 3.69769E+02,  4.29714E+02,  4.58368E+02,  5.44166E+02,  5.44166E+02
 6.32048E+02,  6.32048E+02,  6.32048E+02,  6.32048E+02,  6.32048E+02
 6.32048E+02,  5.45837E+02,  8.99386E+02,  5.19653E+02,  3.32014E+02
 3.40476E+02,  5.12036E+02,  4.65800E+02,  3.45541E+02,  3.38511E+02
 2.97448E+02,  2.77240E+02,  2.91667E+02,  3.56564E+02,  4.33348E+02
 4.67315E+02,  5.61361E+02,  5.61361E+02,  6.62034E+02,  6.62034E+02
 6.62034E+02,  6.62034E+02,  6.62034E+02,  6.62034E+02,  6.56840E+02
 8.28381E+02,  3.71537E+02,  2.82832E+02,  3.72147E+02,  5.67151E+02
 5.13223E+02,  3.29214E+02,  3.13917E+02,  2.76718E+02,  2.62882E+02
 2.78963E+02,  3.44237E+02,  4.26136E+02,  4.76559E+02,  5.80936E+02
 5.80936E+02,  6.81986E+02,  6.81986E+02,  6.81986E+02,  6.81986E+02
 6.81986E+02,  6.81986E+02,  4.00123E+02,  4.26189E+02,  2.67617E+02
 2.57418E+02,  3.89530E+02,  5.64004E+02,  4.93542E+02,  3.13200E+02
 2.82005E+02,  2.49601E+02,  2.45439E+02,  2.65291E+02,  3.30601E+02
 4.11911E+02,  4.85758E+02,  5.99713E+02,  5.99713E+02,  7.01100E+02
 7.01100E+02,  7.01100E+02,  7.01100E+02,  7.01100E+02,  7.01100E+02
 6.42712E+02,  5.11119E+02,  3.55185E+02,  3.16017E+02,  4.39520E+02
 5.50458E+02,  4.57132E+02,  2.99172E+02,  2.45518E+02,  2.20774E+02
 2.26886E+02,  2.54117E+02,  3.16407E+02,  3.96977E+02,  4.90447E+02
 6.17821E+02,  6.17821E+02,  7.20141E+02,  7.20141E+02,  7.20141E+02
 7.20141E+02,  7.20141E+02,  7.20141E+02,  2.78618E+02,  5.49552E+02
 6.47784E+02,  5.18192E+02,  5.48044E+02,  5.79032E+02,  4.23601E+02
 2.78612E+02,  2.14738E+02,  1.95339E+02,  2.06892E+02,  2.39958E+02
 3.01435E+02,  3.81652E+02,  4.85800E+02,  6.34486E+02,  6.34486E+02
 7.39106E+02,  7.39106E+02,  7.39106E+02,  7.39106E+02,  7.39106E+02
 7.39106E+02,  4.64452E+02,  4.95428E+02,  8.40614E+02,  7.85214E+02
 6.87072E+02,  6.28041E+02,  4.00257E+02,  2.53472E+02,  1.88058E+02
 1.71947E+02,  1.88129E+02,  2.24906E+02,  2.86389E+02,  3.66355E+02
 4.69112E+02,  6.49896E+02,  6.49896E+02,  7.59384E+02,  7.59384E+02
 7.59384E+02,  7.59384E+02,  7.59384E+02,  7.59384E+02,  2.79831E+02
 4.54649E+02,  8.43486E+02,  8.94334E+02,  7.25033E+02,  6.41996E+02
 3.84751E+02,  2.33149E+02,  1.68050E+02,  1.52552E+02,  1.72498E+02
 2.11113E+02,  2.71890E+02,  3.51092E+02,  4.51171E+02,  6.66155E+02
 6.66155E+02,  7.81614E+02,  7.81614E+02,  7.81614E+02,  7.81614E+02
 7.81614E+02,  7.81614E+02,  4.45886E+02,  4.79188E+02,  7.40749E+02
 1.01789E+03,  7.81489E+02,  6.10026E+02,  3.84894E+02,  2.24357E+02
 1.57334E+02,  1.40419E+02,  1.61080E+02,  1.99427E+02,  2.58320E+02
 3.35781E+02,  4.33021E+02,  6.82861E+02,  6.82861E+02,  8.04350E+02
 8.04350E+02,  8.04350E+02,  8.04350E+02,  8.04350E+02,  8.04350E+02
 3.23448E+02,  4.16518E+02,  6.00356E+02,  9.92671E+02,  1.15793E+03
 6.21112E+02,  4.00944E+02,  2.28599E+02,  1.57048E+02,  1.36335E+02
 1.54620E+02,  1.90443E+02,  2.46188E+02,  3.20950E+02,  4.15138E+02
 6.98418E+02,  6.98418E+02,  8.27467E+02,  8.27467E+02,  8.27467E+02
 8.27467E+02,  8.27467E+02,  8.27467E+02,  3.94272E+02,  3.07872E+02
 5.28201E+02,  7.72379E+02,  1.20630E+03,  6.96589E+02,  3.96989E+02
 2.42296E+02,  1.63254E+02,  1.43315E+02,  1.53859E+02,  1.84539E+02
 2.35880E+02,  3.06988E+02,  3.97515E+02,  7.12295E+02,  7.12295E+02
 8.50902E+02,  8.50902E+02,  8.50902E+02,  8.50902E+02,  8.50902E+02
 8.50902E+02,  2.69102E+02,  3.43463E+02,  6.82400E+02,  7.65943E+02
 1.03923E+03,  7.15072E+02,  3.87473E+02,  2.61925E+02,  1.65477E+02
 1.50467E+02,  1.59768E+02,  1.81905E+02,  2.27659E+02,  2.94284E+02
 3.80487E+02,  7.22113E+02,  7.22113E+02,  8.73986E+02,  8.73986E+02
 8.73986E+02,  8.73986E+02,  8.73986E+02,  8.73986E+02,  3.48151E+02
 4.20002E+02,  9.46178E+02,  7.94598E+02,  8.23150E+02,  6.72401E+02
 4.08554E+02,  2.88848E+02,  1.68564E+02,  1.53745E+02,  1.72086E+02
 1.82299E+02,  2.21404E+02,  2.82915E+02,  3.64261E+02,  7.26814E+02
 7.26814E+02,  8.98511E+02,  8.98511E+02,  8.98511E+02,  8.98511E+02
 8.98511E+02,  8.98511E+02,  3.18350E+02,  5.14232E+02,  1.01465E+03
 7.83715E+02,  6.11536E+02,  5.95925E+02,  4.33565E+02,  3.28053E+02
 1.91420E+02,  1.64330E+02,  1.79462E+02,  1.85484E+02,  2.17013E+02
 2.72908E+02,  3.48867E+02,  7.26668E+02,  7.26668E+02,  9.25016E+02
 9.25016E+02,  9.25016E+02,  9.25016E+02,  9.25016E+02,  9.25016E+02
 2.55779E+02,  4.24579E+02,  8.68591E+02,  6.37977E+02,  4.63156E+02
 5.11480E+02,  4.52020E+02,  3.79635E+02,  2.31885E+02,  1.87817E+02
 1.84088E+02,  1.91179E+02,  2.14549E+02,  2.64552E+02,  3.34914E+02
 7.19854E+02,  7.19854E+02,  9.51192E+02,  9.51192E+02,  9.51192E+02
 9.51192E+02,  9.51192E+02,  9.51192E+02,  4.19059E+02,  3.55553E+02
 5.85664E+02,  4.94357E+02,  3.54328E+02,  4.37891E+02,  4.62681E+02
 4.40573E+02,  2.90248E+02,  2.19806E+02,  1.96902E+02,  1.98718E+02
 2.13864E+02,  2.57877E+02,  3.22730E+02,  7.16946E+02,  7.16946E+02
 9.76978E+02,  9.76978E+02,  9.76978E+02,  9.76978E+02,  9.76978E+02
 9.76978E+02,  3.41616E+02,  5.69419E+02,  5.47022E+02,  3.53330E+02
 2.61167E+02,  3.78204E+02,  4.80549E+02,  5.11200E+02,  3.68005E+02
 2.64839E+02,  2.15675E+02,  2.05280E+02,  2.15062E+02,  2.53103E+02
 3.12663E+02,  7.15949E+02,  7.15949E+02,  1.00228E+03,  1.00228E+03
 1.00228E+03,  1.00228E+03,  1.00228E+03,  1.00228E+03,  5.08088E+02
 6.06451E+02,  5.84118E+02,  2.78954E+02,  2.05353E+02,  3.29680E+02
 5.21256E+02,  5.88980E+02,  4.65832E+02,  3.20758E+02,  2.37575E+02
 2.10264E+02,  2.17658E+02,  2.50029E+02,  3.04698E+02,  7.10505E+02
 7.10505E+02,  1.02613E+03,  1.02613E+03,  1.02613E+03,  1.02613E+03
 1.02613E+03,  1.02613E+03,  4.32424E+02,  8.36704E+02,  6.21971E+02
 2.43000E+02,  1.85287E+02,  3.16596E+02,  5.72196E+02,  6.74942E+02
 5.77955E+02,  3.83388E+02,  2.60785E+02,  2.13657E+02,  2.21262E+02
 2.48485E+02,  2.98659E+02,  6.98431E+02,  6.98431E+02,  1.05142E+03
 1.05142E+03,  1.05142E+03,  1.05142E+03,  1.05142E+03,  1.05142E+03
 4.51634E+02,  9.93007E+02,  6.13527E+02,  2.32079E+02,  1.78005E+02
 3.10882E+02,  6.30417E+02,  7.88730E+02,  6.73097E+02,  4.54531E+02
 2.86675E+02,  2.19099E+02,  2.27093E+02,  2.50170E+02,  2.96282E+02
 6.85551E+02,  6.85551E+02,  1.07966E+03,  1.07966E+03,  1.07966E+03
 1.07966E+03,  1.07966E+03,  1.07966E+03,  3.36237E+02,  6.63131E+02
 5.52494E+02,  2.29398E+02,  1.75842E+02,  3.16589E+02,  7.03511E+02
 9.29623E+02,  7.47167E+02,  4.97345E+02,  3.17193E+02,  2.26212E+02
 2.29322E+02,  2.55517E+02,  2.98747E+02,  6.70522E+02,  6.70522E+02
 1.10703E+03,  1.10703E+03,  1.10703E+03,  1.10703E+03,  1.10703E+03
 1.10703E+03,  4.37735E+02,  6.54224E+02,  5.86964E+02,  2.42365E+02
 2.00734E+02,  3.42221E+02,  7.88398E+02,  1.04591E+03,  7.80256E+02
 5.03354E+02,  3.49263E+02,  2.34361E+02,  2.25136E+02,  2.61145E+02
 3.06431E+02,  6.56083E+02,  6.56083E+02,  1.13297E+03,  1.13297E+03
 1.13297E+03,  1.13297E+03,  1.13297E+03,  1.13297E+03,  3.79013E+02
 1.36682E+03,  6.80347E+02,  2.52224E+02,  2.27440E+02,  3.77007E+02
 8.48633E+02,  9.74796E+02,  7.40407E+02,  5.21270E+02,  3.67349E+02
 2.42781E+02,  2.23049E+02,  2.59814E+02,  3.12220E+02,  6.44758E+02
 6.44758E+02,  1.15793E+03,  1.15793E+03,  1.15793E+03,  1.15793E+03
 1.15793E+03,  1.15793E+03,  6.59774E+02,  1.00303E+03,  5.07868E+02
 2.17975E+02,  2.29563E+02,  4.14516E+02,  8.55727E+02,  9.80102E+02
 7.64913E+02,  5.33009E+02,  3.71257E+02,  2.50266E+02,  2.23595E+02
 2.51269E+02,  3.08449E+02,  6.39077E+02,  6.39077E+02,  1.18126E+03
 1.18126E+03,  1.18126E+03,  1.18126E+03,  1.18126E+03,  1.18126E+03
 4.66850E+02,  4.67966E+02,  2.65796E+02,  1.62556E+02,  2.20104E+02
 4.47363E+02,  8.90494E+02,  1.14230E+03,  8.76828E+02,  5.17988E+02
 3.67489E+02,  2.55704E+02,  2.24629E+02,  2.44923E+02,  2.96724E+02
 6.38172E+02,  6.38172E+02,  1.20745E+03,  1.20745E+03,  1.20745E+03
 1.20745E+03,  1.20745E+03,  1.20745E+03,  4.03340E+02,  4.14362E+02
 2.69814E+02,  1.87018E+02,  2.58535E+02,  4.75445E+02,  9.57420E+02
 1.17499E+03,  9.29398E+02,  4.91020E+02,  3.41721E+02,  2.59510E+02
 2.24000E+02,  2.38092E+02,  2.85066E+02,  6.38936E+02,  6.38936E+02
 1.23816E+03,  1.23816E+03,  1.23816E+03,  1.23816E+03,  1.23816E+03
 1.23816E+03,  4.63064E+02,  8.07328E+02,  6.02734E+02,  3.12864E+02
 3.16964E+02,  5.05615E+02,  9.49690E+02,  1.18291E+03,  8.98196E+02
 4.47691E+02,  3.25627E+02,  2.62625E+02,  2.22584E+02,  2.33774E+02
 2.78333E+02,  6.43479E+02,  6.43479E+02,  1.26822E+03,  1.26822E+03
 1.26822E+03,  1.26822E+03,  1.26822E+03,  1.26822E+03,  4.40240E+02
 9.48009E+02,  8.26266E+02,  3.84729E+02,  3.23436E+02,  4.76318E+02
 8.36871E+02,  1.03284E+03,  8.12205E+02,  4.26821E+02,  3.22228E+02
 2.59610E+02,  2.21327E+02,  2.32702E+02,  2.77130E+02,  6.53268E+02
 6.53268E+02,  1.29728E+03,  1.29728E+03,  1.29728E+03,  1.29728E+03
 1.29728E+03,  1.29728E+03,  4.35083E+02,  8.77042E+02,  6.66032E+02
 3.16668E+02,  2.59227E+02,  4.01708E+02,  6.78109E+02,  8.27426E+02
 7.04513E+02,  3.77275E+02,  3.24430E+02,  2.48395E+02,  2.20176E+02
 2.34014E+02,  2.79912E+02,  6.68502E+02,  6.68502E+02,  1.32582E+03
 1.32582E+03,  1.32582E+03,  1.32582E+03,  1.32582E+03,  1.32582E+03
 4.81535E+02,  7.20284E+02,  4.84481E+02,  2.20412E+02,  1.96390E+02
 3.21341E+02,  5.33010E+02,  6.26554E+02,  5.81894E+02,  3.33308E+02
 3.10162E+02,  2.41072E+02,  2.19456E+02,  2.37878E+02,  2.86540E+02
 6.89613E+02,  6.89613E+02,  1.35304E+03,  1.35304E+03,  1.35304E+03
 1.35304E+03,  1.35304E+03,  1.35304E+03,  4.89552E+02,  7.06309E+02
 4.34546E+02,  1.99828E+02,  1.75754E+02,  2.65261E+02,  4.61975E+02
 5.62292E+02,  4.79591E+02,  3.22805E+02,  2.80545E+02,  2.39952E+02
 2.18007E+02,  2.42610E+02,  2.94770E+02,  7.13471E+02,  7.13471E+02
 1.38581E+03,  1.38581E+03,  1.38581E+03,  1.38581E+03,  1.38581E+03
 1.38581E+03,  4.81682E+02,  9.27796E+02,  5.45842E+02,  2.02623E+02
 1.75878E+02,  2.59973E+02,  3.81891E+02,  4.35556E+02,  4.43083E+02
 3.40436E+02,  2.56639E+02,  2.33861E+02,  2.16453E+02,  2.48599E+02
 3.05075E+02,  7.40591E+02,  7.40591E+02,  1.42634E+03,  1.42634E+03
 1.42634E+03,  1.42634E+03,  1.42634E+03,  1.42634E+03,  5.87666E+02
 1.10474E+03,  7.20064E+02,  2.28444E+02,  1.75336E+02,  2.77044E+02
 3.82711E+02,  3.99212E+02,  4.15011E+02,  2.99707E+02,  2.38217E+02
 2.21676E+02,  2.17653E+02,  2.57918E+02,  3.19557E+02,  7.74007E+02
 7.74007E+02,  1.46661E+03,  1.46661E+03,  1.46661E+03,  1.46661E+03
 1.46661E+03,  1.46661E+03,  3.72204E+02,  1.06836E+03,  7.82534E+02
 2.71884E+02,  1.89365E+02,  3.08323E+02,  4.79909E+02,  4.51881E+02
 3.19934E+02,  2.56252E+02,  2.29155E+02,  2.11632E+02,  2.22241E+02
 2.70472E+02,  3.37744E+02,  8.12766E+02,  8.12766E+02,  1.50633E+03
 1.50633E+03,  1.50633E+03,  1.50633E+03,  1.50633E+03,  1.50633E+03
 5.19979E+02,  1.06824E+03,  7.39973E+02,  2.78495E+02,  2.29599E+02
 3.64798E+02,  5.05541E+02,  5.23855E+02,  3.19721E+02,  2.53998E+02
 2.22538E+02,  2.09003E+02,  2.30174E+02,  2.86356E+02,  3.59836E+02
 8.57326E+02,  8.57326E+02,  1.54289E+03,  1.54289E+03,  1.54289E+03
 1.54289E+03,  1.54289E+03,  1.54289E+03,  3.86076E+02,  1.10591E+03
 6.60165E+02,  2.92253E+02,  2.88463E+02,  4.24595E+02,  5.49927E+02
 5.29324E+02,  3.67838E+02,  2.64836E+02,  2.19869E+02,  2.12204E+02
 2.41721E+02,  3.05655E+02,  3.85494E+02,  9.06387E+02,  9.06387E+02
 1.57367E+03,  1.57367E+03,  1.57367E+03,  1.57367E+03,  1.57367E+03
 1.57367E+03,  4.17378E+02,  7.68948E+02,  5.90446E+02,  3.39382E+02
 3.25469E+02,  4.64778E+02,  5.19896E+02,  4.91905E+02,  3.85699E+02
 2.73212E+02,  2.24395E+02,  2.20662E+02,  2.56745E+02,  3.27676E+02
 4.13357E+02,  9.57571E+02,  9.57571E+02,  1.61709E+03,  1.61709E+03
 1.61709E+03,  1.61709E+03,  1.61709E+03,  1.61709E+03,  3.57990E+02
 5.41486E+02,  6.97154E+02,  4.35217E+02,  3.78974E+02,  4.52556E+02
 4.93611E+02,  4.37217E+02,  3.98075E+02,  2.85983E+02,  2.35842E+02
 2.34537E+02,  2.76142E+02,  3.53679E+02,  4.45211E+02,  1.01531E+03
 1.01531E+03,  1.68308E+03,  1.68308E+03,  1.68308E+03,  1.68308E+03
 1.68308E+03,  1.68308E+03,  3.79051E+02,  5.73442E+02,  1.11797E+03
 6.20988E+02,  3.83399E+02,  3.98490E+02,  4.53250E+02,  4.19618E+02
 4.09088E+02,  3.12024E+02,  2.54875E+02,  2.54705E+02,  3.01157E+02
 3.84931E+02,  4.82224E+02,  1.08111E+03,  1.08111E+03,  1.75133E+03
 1.75133E+03,  1.75133E+03,  1.75133E+03,  1.75133E+03,  1.75133E+03
 3.67709E+02,  7.70964E+02,  1.73431E+03,  6.44087E+02,  2.81522E+02
 3.28677E+02,  3.86726E+02,  4.17647E+02,  4.16744E+02,  3.50473E+02
 2.82582E+02,  2.82009E+02,  3.32117E+02,  4.20928E+02,  5.23046E+02
 1.15289E+03,  1.15289E+03,  1.80658E+03,  1.80658E+03,  1.80658E+03
 1.80658E+03,  1.80658E+03,  1.80658E+03,  3.60228E+02,  1.02520E+03
 1.95309E+03,  4.21191E+02,  1.73991E+02,  2.44585E+02,  3.37070E+02
 4.48302E+02,  5.11699E+02,  4.01011E+02,  3.20940E+02,  3.17613E+02
 3.69542E+02,  4.61827E+02,  5.67667E+02,  1.22496E+03,  1.22496E+03
 1.83136E+03,  1.83136E+03,  1.83136E+03,  1.83136E+03,  1.83136E+03
 1.83136E+03,  4.23331E+02,  6.16757E+02,  1.11713E+03,  2.60939E+02
 1.40560E+02,  1.93741E+02,  3.81572E+02,  5.15956E+02,  5.95594E+02
 4.63746E+02,  3.72292E+02,  3.62647E+02,  4.13360E+02,  5.06614E+02
 6.13821E+02,  1.27515E+03,  1.27515E+03,  1.82133E+03,  1.82133E+03
 1.82133E+03,  1.82133E+03,  1.82133E+03,  1.82133E+03,  2.11426E+02
 2.87335E+02,  3.61050E+02,  1.87679E+02,  1.13878E+02,  1.97893E+02
 4.42405E+02,  6.45992E+02,  7.07102E+02,  5.42692E+02,  4.39556E+02
 4.17838E+02,  4.62731E+02,  5.53488E+02,  6.59007E+02,  1.30422E+03
 1.30422E+03,  1.79335E+03,  1.79335E+03,  1.79335E+03,  1.79335E+03
 1.79335E+03,  1.79335E+03,  9.45392E+02,  3.43474E+02,  2.74070E+02
 1.20663E+02,  9.92169E+01,  1.87867E+02,  4.68198E+02,  8.67681E+02
 8.23875E+02,  6.41011E+02,  5.28327E+02,  4.84113E+02,  5.17141E+02
 6.02963E+02,  7.03509E+02,  1.34772E+03,  1.34772E+03,  1.78960E+03
 1.78960E+03,  1.78960E+03,  1.78960E+03,  1.78960E+03,  1.78960E+03
 9.85022E+02,  1.24519E+03,  3.60365E+02,  1.16664E+02,  9.62823E+01
 1.47008E+02,  4.78689E+02,  1.00073E+03,  9.54269E+02,  7.49314E+02
 6.24455E+02,  5.59546E+02,  5.75143E+02,  6.51108E+02,  7.47526E+02
 1.43947E+03,  1.43947E+03,  1.84243E+03,  1.84243E+03,  1.84243E+03
 1.84243E+03,  1.84243E+03,  1.84243E+03,  7.40427E+02,  1.01064E+03
 3.73205E+02,  2.07009E+02,  1.49366E+02,  1.84852E+02,  4.77552E+02
 1.04867E+03,  1.06914E+03,  8.41572E+02,  7.02494E+02,  6.37903E+02
 6.29534E+02,  6.99230E+02,  8.03335E+02,  1.55726E+03,  1.55726E+03
 1.93208E+03,  1.93208E+03,  1.93208E+03,  1.93208E+03,  1.93208E+03
 1.93208E+03,  7.49865E+02,  3.23185E+03,  1.14109E+03,  3.77376E+02
 2.38757E+02,  3.23111E+02,  6.33765E+02,  1.16621E+03,  1.22813E+03
 1.00251E+03,  7.87360E+02,  7.01656E+02,  6.94987E+02,  7.62720E+02
 8.72287E+02,  1.68630E+03,  1.68630E+03,  2.03517E+03,  2.03517E+03
 2.03517E+03,  2.03517E+03,  2.03517E+03,  2.03517E+03,  5.75109E+02
 1.40437E+03,  2.21772E+02,  2.94121E+02,  3.48150E+02,  5.40891E+02
 9.23591E+02,  1.42219E+03,  1.47982E+03,  1.20563E+03,  9.21529E+02
 7.92643E+02,  7.88072E+02,  8.39933E+02,  9.47478E+02,  1.81821E+03
 1.81821E+03,  2.13781E+03,  2.13781E+03,  2.13781E+03,  2.13781E+03
 2.13781E+03,  2.13781E+03,  3.91432E+02,  4.40882E+02,  1.77028E+02
 2.02567E+02,  3.28765E+02,  6.13749E+02,  1.16255E+03,  1.68378E+03
 1.72529E+03,  1.38995E+03,  1.05560E+03,  9.02290E+02,  8.99913E+02
 9.20712E+02,  1.02192E+03,  1.93356E+03,  1.93356E+03,  2.20515E+03
 2.20515E+03,  2.20515E+03,  2.20515E+03,  2.20515E+03,  2.20515E+03
 8.24173E+02,  9.39032E+02,  2.13404E+02,  1.72752E+02,  3.13950E+02
 6.78372E+02,  1.27720E+03,  1.73786E+03,  1.82422E+03,  1.55168E+03
 1.17983E+03,  9.94868E+02,  9.75333E+02,  1.00379E+03,  1.09874E+03
 2.04513E+03,  2.04513E+03,  2.26385E+03,  2.26385E+03,  2.26385E+03
 2.26385E+03,  2.26385E+03,  2.26385E+03,  9.32168E+02,  1.18183E+03
 1.73947E+02,  1.17630E+02,  2.21874E+02,  7.04463E+02,  1.25622E+03
 1.69965E+03,  1.79920E+03,  1.55298E+03,  1.31342E+03,  1.09416E+03
 1.06462E+03,  1.08994E+03,  1.18009E+03,  2.16540E+03,  2.16540E+03
 2.33219E+03,  2.33219E+03,  2.33219E+03,  2.33219E+03,  2.33219E+03
 2.33219E+03,  7.64770E+02,  1.51066E+03,  1.94634E+02,  1.03793E+02
 1.46636E+02,  4.65981E+02,  1.05799E+03,  1.47910E+03,  1.66357E+03
 1.54649E+03,  1.32532E+03,  1.19766E+03,  1.16018E+03,  1.17399E+03
 1.26075E+03,  2.28934E+03,  2.28934E+03,  2.39855E+03,  2.39855E+03
 2.39855E+03,  2.39855E+03,  2.39855E+03,  2.39855E+03,  1.22857E+03
 1.71661E+03,  1.56473E+02,  1.02406E+02,  1.01168E+02,  2.59966E+02
 7.36332E+02,  1.22863E+03,  1.51298E+03,  1.45582E+03,  1.33294E+03
 1.24311E+03,  1.23925E+03,  1.25743E+03,  1.34306E+03,  2.42589E+03
 2.42589E+03,  2.42218E+03,  2.42218E+03,  2.42218E+03,  2.42218E+03
 2.42218E+03,  2.42218E+03,  2.94439E+02,  3.40660E+02,  1.57986E+02
 1.00751E+02,  9.32372E+01,  1.65333E+02,  4.84209E+02,  9.86595E+02
 1.36198E+03,  1.40364E+03,  1.29733E+03,  1.25388E+03,  1.28127E+03
 1.33491E+03,  1.42000E+03,  2.56236E+03,  2.56236E+03,  2.40361E+03
 2.40361E+03,  2.40361E+03,  2.40361E+03,  2.40361E+03,  2.40361E+03
 4.24907E+02,  8.99981E+02,  2.99182E+02,  1.30724E+02,  1.02115E+02
 1.27278E+02,  3.41540E+02,  7.83613E+02,  1.23062E+03,  1.33832E+03
 1.27566E+03,  1.24168E+03,  1.29297E+03,  1.37895E+03,  1.47147E+03
 2.63342E+03,  2.63342E+03,  2.37121E+03,  2.37121E+03,  2.37121E+03
 2.37121E+03,  2.37121E+03,  2.37121E+03,  8.07277E+02,  3.94784E+03
 7.67026E+02,  1.70451E+02,  9.41115E+01,  1.23989E+02,  2.74662E+02
 6.32688E+02,  1.07654E+03,  1.26308E+03,  1.24246E+03,  1.23508E+03
 1.29469E+03,  1.39182E+03,  1.48566E+03,  2.63650E+03,  2.63650E+03
 2.33973E+03,  2.33973E+03,  2.33973E+03,  2.33973E+03,  2.33973E+03
 2.33973E+03,  9.48653E+02,  2.93455E+03,  1.16929E+03,  1.87614E+02
 6.72489E+01,  1.11405E+02,  2.31562E+02,  4.75094E+02,  8.81833E+02
 1.15240E+03,  1.19777E+03,  1.22400E+03,  1.29742E+03,  1.39336E+03
 1.48549E+03,  2.60491E+03,  2.60491E+03,  2.29717E+03,  2.29717E+03
 2.29717E+03,  2.29717E+03,  2.29717E+03,  2.29717E+03,  6.72963E+02
 1.66038E+03,  5.29781E+02,  1.10960E+02,  5.07821E+01,  7.34516E+01
 1.88184E+02,  4.18295E+02,  7.36707E+02,  1.00857E+03,  1.14256E+03
 1.20774E+03,  1.29755E+03,  1.39367E+03,  1.48210E+03,  2.56820E+03
 2.56820E+03,  2.24365E+03,  2.24365E+03,  2.24365E+03,  2.24365E+03
 2.24365E+03,  2.24365E+03,  6.37567E+02,  7.14343E+02,  9.43361E+01
 4.11280E+01,  3.91122E+01,  6.63585E+01,  1.78417E+02,  4.14912E+02
 6.69045E+02,  8.91999E+02,  1.08671E+03,  1.18820E+03,  1.29321E+03
 1.38989E+03,  1.47301E+03,  2.52109E+03,  2.52109E+03,  2.18007E+03
 2.18007E+03,  2.18007E+03,  2.18007E+03,  2.18007E+03,  2.18007E+03
 3.49813E+02,  3.84838E+02,  7.03843E+01,  3.73996E+01,  4.54682E+01
 8.39114E+01,  2.04788E+02,  4.35047E+02,  5.93576E+02,  8.24151E+02
 1.02041E+03,  1.16444E+03,  1.28097E+03,  1.37583E+03,  1.45113E+03
 2.44613E+03,  2.44613E+03,  2.10222E+03,  2.10222E+03,  2.10222E+03
 2.10222E+03,  2.10222E+03,  2.10222E+03,  2.43592E+02,  3.60160E+02
 9.30501E+01,  6.78847E+01,  8.26832E+01,  1.35962E+02,  2.52488E+02
 4.49768E+02,  5.79946E+02,  7.78279E+02,  9.27035E+02,  1.12865E+03
 1.25330E+03,  1.34563E+03,  1.41183E+03,  2.33965E+03,  2.33965E+03
 2.01331E+03,  2.01331E+03,  2.01331E+03,  2.01331E+03,  2.01331E+03
 2.01331E+03,  6.17925E+02,  4.55529E+02,  2.45098E+02,  1.94611E+02
 1.93630E+02,  2.27561E+02,  3.09343E+02,  4.58986E+02,  6.30864E+02
 8.11115E+02,  9.48144E+02,  1.11038E+03,  1.18408E+03,  1.25789E+03
 1.31722E+03,  2.23379E+03,  2.23379E+03,  1.95125E+03,  1.95125E+03
 1.95125E+03,  1.95125E+03,  1.95125E+03,  1.95125E+03,  4.63056E+02
 6.06676E+02,  5.81839E+02,  5.12445E+02,  3.91989E+02,  3.29106E+02
 3.50307E+02,  4.71789E+02,  6.29200E+02,  8.86937E+02,  1.12940E+03
 1.21701E+03,  1.26377E+03,  1.33726E+03,  1.40098E+03,  2.50765E+03
 2.50765E+03,  2.16534E+03,  2.16534E+03,  2.16534E+03,  2.16534E+03
 2.16534E+03,  2.16534E+03,  6.47388E+02,  9.65495E+02,  1.35637E+03
 1.10713E+03,  6.64105E+02,  4.43545E+02,  3.58548E+02,  3.89806E+02
 5.84361E+02,  1.11004E+03,  2.33927E+03,  4.09093E+03,  5.82622E+03
 6.98391E+03,  8.13012E+03,  2.33868E+04,  2.33868E+04,  1.04152E+04
 1.04152E+04,  1.04152E+04,  1.04152E+04,  1.04152E+04,  1.04152E+04
 6.47388E+02,  9.65495E+02,  1.35637E+03,  1.10713E+03,  6.64105E+02
 4.43545E+02,  3.58548E+02,  3.89806E+02,  5.84361E+02,  1.11004E+03
 2.33927E+03,  4.09093E+03,  5.82622E+03,  6.98391E+03,  8.13012E+03
 2.33868E+04,  2.33868E+04,  1.04152E+04,  1.04152E+04,  1.04152E+04
 1.04152E+04,  1.04152E+04,  1.04152E+04,  6.31346E+02,  5.76578E+02
 5.15940E+02,  4.27109E+02,  3.18046E+02,  2.18310E+02,  1.46700E+02
 1.02654E+02,  7.76079E+01,  6.43559E+01,  5.82938E+01,  5.78642E+01
 6.17595E+01,  6.67651E+01,  7.51489E+01,  6.60476E+01,  6.60476E+01
 1.20333E+02,  1.20333E+02,  1.20333E+02,  1.20333E+02,  1.20333E+02
 1.20333E+02,  6.31346E+02,  5.76578E+02,  5.15940E+02,  4.27109E+02
 3.18046E+02,  2.18310E+02,  1.46700E+02,  1.02654E+02,  7.76079E+01
 6.43559E+01,  5.82938E+01,  5.78642E+01,  6.17595E+01,  6.67651E+01
 7.51489E+01,  6.60476E+01,  6.60476E+01,  1.20333E+02,  1.20333E+02
 1.20333E+02,  1.20333E+02,  1.20333E+02,  1.20333E+02,  6.31346E+02
 5.76578E+02,  5.15940E+02,  4.27109E+02,  3.18046E+02,  2.18310E+02
 1.46700E+02,  1.02654E+02,  7.76079E+01,  6.43559E+01,  5.82938E+01
 5.78642E+01,  6.17595E+01,  6.67651E+01,  7.51489E+01,  6.60476E+01
 6.60476E+01,  1.20333E+02,  1.20333E+02,  1.20333E+02,  1.20333E+02
 1.20333E+02,  1.20333E+02,  6.31346E+02,  5.76578E+02,  5.15940E+02
 4.27109E+02,  3.18046E+02,  2.18310E+02,  1.46700E+02,  1.02654E+02
 7.76079E+01,  6.43559E+01,  5.82938E+01,  5.78642E+01,  6.17595E+01
 6.67651E+01,  7.51489E+01,  6.60476E+01,  6.60476E+01,  1.20333E+02
 1.20333E+02,  1.20333E+02,  1.20333E+02,  1.20333E+02,  1.20333E+02
 6.31346E+02,  5.76578E+02,  5.15940E+02,  4.27109E+02,  3.18046E+02
 2.18310E+02,  1.46700E+02,  1.02654E+02,  7.76079E+01,  6.43559E+01
 5.82938E+01,  5.78642E+01,  6.17595E+01,  6.67651E+01,  7.51489E+01
 6.60476E+01,  6.60476E+01,  1.20333E+02,  1.20333E+02,  1.20333E+02
 1.20333E+02,  1.20333E+02,  1.20333E+02,  6.31346E+02,  5.76578E+02
 5.15940E+02,  4.27109E+02,  3.18046E+02,  2.18310E+02,  1.46700E+02
 1.02654E+02,  7.76079E+01,  6.43559E+01,  5.82938E+01,  5.78642E+01
 6.17595E+01,  6.67651E+01,  7.51489E+01,  6.60476E+01,  6.60476E+01
 1.20333E+02,  1.20333E+02,  1.20333E+02,  1.20333E+02,  1.20333E+02
 1.20333E+02

;-Sensitivity in the elemental sequential order

 3.17703E-02,  3.18009E-02,  3.00891E-02,  2.55431E-02,  2.00683E-02
 1.52370E-02,  1.15043E-02,  8.77358E-03,  6.79708E-03,  5.34896E-03
 4.26240E-03,  3.43602E-03,  2.80733E-03,  2.33072E-03,  1.96409E-03
 4.27848E-03,  4.27848E-03,  7.87799E-03,  7.87799E-03,  7.87799E-03
 7.87799E-03,  7.87799E-03,  7.87799E-03,  3.17703E-02,  3.18009E-02
 3.00891E-02,  2.55431E-02,  2.00683E-02,  1.52370E-02,  1.15043E-02
 8.77358E-03,  6.79708E-03,  5.34896E-03,  4.26240E-03,  3.43602E-03
 2.80733E-03,  2.33072E-03,  1.96409E-03,  4.27848E-03,  4.27848E-03
 7.87799E-03,  7.87799E-03,  7.87799E-03,  7.87799E-03,  7.87799E-03
 7.87799E-03,  3.17703E-02,  3.18009E-02,  3.00891E-02,  2.55431E-02
 2.00683E-02,  1.52370E-02,  1.15043E-02,  8.77358E-03,  6.79708E-03
 5.34896E-03,  4.26240E-03,  3.43602E-03,  2.80733E-03,  2.33072E-03
 1.96409E-03,  4.27848E-03,  4.27848E-03,  7.87799E-03,  7.87799E-03
 7.87799E-03,  7.87799E-03,  7.87799E-03,  7.87799E-03,  3.17703E-02
 3.18009E-02,  3.00891E-02,  2.55431E-02,  2.00683E-02,  1.52370E-02
 1.15043E-02,  8.77358E-03,  6.79708E-03,  5.34896E-03,  4.26240E-03
 3.43602E-03,  2.80733E-03,  2.33072E-03,  1.96409E-03,  4.27848E-03
 4.27848E-03,  7.87799E-03,  7.87799E-03,  7.87799E-03,  7.87799E-03
 7.87799E-03,  7.87799E-03,  3.17703E-02,  3.18009E-02,  3.00891E-02
 2.55431E-02,  2.00683E-02,  1.52370E-02,  1.15043E-02,  8.77358E-03
 6.79708E-03,  5.34896E-03,  4.26240E-03,  3.43602E-03,  2.80733E-03
 2.33072E-03,  1.96409E-03,  4.27848E-03,  4.27848E-03,  7.87799E-03
 7.87799E-03,  7.87799E-03,  7.87799E-03,  7.87799E-03,  7.87799E-03
 3.17703E-02,  3.18009E-02,  3.00891E-02,  2.55431E-02,  2.00683E-02
 1.52370E-02,  1.15043E-02,  8.77358E-03,  6.79708E-03,  5.34896E-03
 4.26240E-03,  3.43602E-03,  2.80733E-03,  2.33072E-03,  1.96409E-03
 4.27848E-03,  4.27848E-03,  7.87799E-03,  7.87799E-03,  7.87799E-03
 7.87799E-03,  7.87799E-03,  7.87799E-03,  5.16765E-01,  1.64283E-01
 6.49865E-02,  2.93251E-02,  1.49895E-02,  8.52882E-03,  5.32700E-03
 3.61562E-03,  2.55867E-03,  1.88268E-03,  1.38178E-03,  9.99372E-04
 7.17802E-04,  5.12932E-04,  3.65001E-04,  5.76202E-04,  5.76202E-04
 5.72179E-04,  5.72179E-04,  5.72179E-04,  5.72179E-04,  5.72179E-04
 5.72179E-04,  5.16765E-01,  1.64283E-01,  6.49865E-02,  2.93251E-02
 1.49895E-02,  8.52882E-03,  5.32700E-03,  3.61562E-03,  2.55867E-03
 1.88268E-03,  1.38178E-03,  9.99372E-04,  7.17802E-04,  5.12932E-04
 3.65001E-04,  5.76202E-04,  5.76202E-04,  5.72179E-04,  5.72179E-04
 5.72179E-04,  5.72179E-04,  5.72179E-04,  5.72179E-04,  6.30591E-01
 1.51132E-01,  5.00419E-02,  1.94792E-02,  7.46883E-03,  3.37405E-03
 1.77406E-03,  1.10659E-03,  8.29569E-04,  6.13755E-04,  4.40406E-04
 3.13458E-04,  2.27152E-04,  1.64922E-04,  1.18651E-04,  1.77467E-04
 1.77467E-04,  1.98568E-04,  1.98568E-04,  1.98568E-04,  1.98568E-04
 1.98568E-04,  1.98568E-04,  1.72683E+00,  3.49627E-01,  1.02187E-01
 3.05694E-02,  9.97751E-03,  3.97024E-03,  1.94660E-03,  1.12994E-03
 7.27051E-04,  5.40323E-04,  4.05333E-04,  2.94953E-04,  2.16566E-04
 1.60291E-04,  1.17509E-04,  1.78302E-04,  1.78302E-04,  2.09873E-04
 2.09873E-04,  2.09873E-04,  2.09873E-04,  2.09873E-04,  2.09873E-04
 1.02371E+00,  4.91392E-01,  1.27918E-01,  3.73739E-02,  1.13200E-02
 4.30787E-03,  2.07916E-03,  1.18366E-03,  7.43180E-04,  5.14499E-04
 3.76324E-04,  2.81703E-04,  2.09250E-04,  1.56906E-04,  1.16889E-04
 1.80448E-04,  1.80448E-04,  2.20360E-04,  2.20360E-04,  2.20360E-04
 2.20360E-04,  2.20360E-04,  2.20360E-04,  1.58380E+00,  7.74970E-01
 1.46286E-01,  3.40254E-02,  1.13068E-02,  4.41484E-03,  2.18793E-03
 1.24621E-03,  7.74406E-04,  5.15817E-04,  3.67108E-04,  2.72558E-04
 2.05118E-04,  1.55158E-04,  1.16926E-04,  1.84060E-04,  1.84060E-04
 2.29734E-04,  2.29734E-04,  2.29734E-04,  2.29734E-04,  2.29734E-04
 2.29734E-04,  1.54786E+00,  8.38364E-01,  1.21464E-01,  2.91031E-02
 1.05492E-02,  4.41488E-03,  2.29915E-03,  1.34331E-03,  8.37954E-04
 5.39337E-04,  3.71915E-04,  2.72184E-04,  2.04402E-04,  1.55398E-04
 1.17987E-04,  1.90236E-04,  1.90236E-04,  2.40508E-04,  2.40508E-04
 2.40508E-04,  2.40508E-04,  2.40508E-04,  2.40508E-04,  1.95261E+00
 7.72919E-01,  1.33464E-01,  2.70740E-02,  9.81046E-03,  4.51803E-03
 2.48163E-03,  1.49498E-03,  9.19815E-04,  5.87357E-04,  3.91407E-04
 2.80599E-04,  2.07156E-04,  1.57488E-04,  1.19901E-04,  1.98637E-04
 1.98637E-04,  2.51657E-04,  2.51657E-04,  2.51657E-04,  2.51657E-04
 2.51657E-04,  2.51657E-04,  1.83818E+00,  8.06941E-01,  1.29914E-01
 2.69507E-02,  9.97669E-03,  4.91973E-03,  2.73547E-03,  1.66482E-03
 1.03635E-03,  6.50671E-04,  4.28038E-04,  2.94452E-04,  2.14517E-04
 1.61839E-04,  1.22976E-04,  2.09538E-04,  2.09538E-04,  2.63546E-04
 2.63546E-04,  2.63546E-04,  2.63546E-04,  2.63546E-04,  2.63546E-04
 1.95345E+00,  8.34838E-01,  1.40622E-01,  3.04589E-02,  1.20240E-02
 5.15341E-03,  3.05829E-03,  1.88159E-03,  1.16483E-03,  7.28018E-04
 4.72247E-04,  3.13749E-04,  2.25920E-04,  1.68618E-04,  1.27279E-04
 2.22795E-04,  2.22795E-04,  2.76144E-04,  2.76144E-04,  2.76144E-04
 2.76144E-04,  2.76144E-04,  2.76144E-04,  1.88751E+00,  8.78448E-01
 1.36318E-01,  3.27607E-02,  1.25860E-02,  6.03952E-03,  3.49496E-03
 2.10471E-03,  1.29637E-03,  8.10736E-04,  5.14355E-04,  3.38394E-04
 2.40446E-04,  1.77517E-04,  1.32648E-04,  2.37798E-04,  2.37798E-04
 2.89035E-04,  2.89035E-04,  2.89035E-04,  2.89035E-04,  2.89035E-04
 2.89035E-04,  2.14050E+00,  8.60155E-01,  1.41231E-01,  3.27118E-02
 1.27950E-02,  6.96191E-03,  4.00055E-03,  2.34044E-03,  1.42068E-03
 8.82555E-04,  5.55403E-04,  3.67327E-04,  2.58236E-04,  1.88882E-04
 1.39441E-04,  2.54834E-04,  2.54834E-04,  3.03093E-04,  3.03093E-04
 3.03093E-04,  3.03093E-04,  3.03093E-04,  3.03093E-04,  2.14590E+00
 8.84989E-01,  1.41524E-01,  3.57757E-02,  1.58632E-02,  8.27640E-03
 4.53258E-03,  2.56174E-03,  1.52119E-03,  9.40780E-04,  5.98644E-04
 3.97978E-04,  2.78683E-04,  2.02457E-04,  1.47654E-04,  2.73705E-04
 2.73705E-04,  3.18225E-04,  3.18225E-04,  3.18225E-04,  3.18225E-04
 3.18225E-04,  3.18225E-04,  1.91874E+00,  8.72330E-01,  1.53949E-01
 4.17008E-02,  1.86833E-02,  9.33948E-03,  5.01486E-03,  2.72877E-03
 1.60048E-03,  9.97275E-04,  6.40398E-04,  4.28243E-04,  3.00106E-04
 2.17334E-04,  1.56865E-04,  2.93414E-04,  2.93414E-04,  3.33385E-04
 3.33385E-04,  3.33385E-04,  3.33385E-04,  3.33385E-04,  3.33385E-04
 1.92968E+00,  8.58035E-01,  1.62381E-01,  4.58201E-02,  1.91583E-02
 1.01738E-02,  5.38248E-03,  2.90490E-03,  1.71091E-03,  1.05609E-03
 6.80336E-04,  4.57708E-04,  3.22194E-04,  2.33457E-04,  1.67247E-04
 3.13995E-04,  3.13995E-04,  3.48960E-04,  3.48960E-04,  3.48960E-04
 3.48960E-04,  3.48960E-04,  3.48960E-04,  1.86092E+00,  8.20282E-01
 1.64915E-01,  4.48495E-02,  1.94216E-02,  1.01970E-02,  5.59542E-03
 3.13505E-03,  1.83146E-03,  1.11670E-03,  7.17856E-04,  4.85736E-04
 3.44415E-04,  2.50462E-04,  1.78839E-04,  3.35438E-04,  3.35438E-04
 3.64825E-04,  3.64825E-04,  3.64825E-04,  3.64825E-04,  3.64825E-04
 3.64825E-04,  1.77035E+00,  8.17299E-01,  1.64158E-01,  4.02850E-02
 1.91092E-02,  1.02887E-02,  5.82448E-03,  3.34712E-03,  1.95497E-03
 1.17517E-03,  7.51935E-04,  5.11276E-04,  3.65924E-04,  2.67585E-04
 1.91453E-04,  3.57656E-04,  3.57656E-04,  3.81181E-04,  3.81181E-04
 3.81181E-04,  3.81181E-04,  3.81181E-04,  3.81181E-04,  2.15887E+00
 9.23160E-01,  1.75596E-01,  4.05159E-02,  1.82573E-02,  1.07447E-02
 6.14409E-03,  3.49501E-03,  2.06734E-03,  1.23191E-03,  7.85041E-04
 5.36040E-04,  3.87827E-04,  2.85433E-04,  2.04689E-04,  3.80370E-04
 3.80370E-04,  3.98594E-04,  3.98594E-04,  3.98594E-04,  3.98594E-04
 3.98594E-04,  3.98594E-04,  2.00601E+00,  9.44142E-01,  1.70489E-01
 4.28574E-02,  2.00000E-02,  9.99853E-03,  6.11714E-03,  3.58237E-03
 2.15120E-03,  1.28484E-03,  8.17851E-04,  5.61205E-04,  4.11006E-04
 3.03964E-04,  2.18326E-04,  4.03591E-04,  4.03591E-04,  4.16978E-04
 4.16978E-04,  4.16978E-04,  4.16978E-04,  4.16978E-04,  4.16978E-04
 2.49912E+00,  1.00759E+00,  1.72195E-01,  4.29990E-02,  2.07843E-02
 9.89767E-03,  5.62570E-03,  3.50970E-03,  2.19263E-03,  1.32726E-03
 8.48083E-04,  5.87163E-04,  4.36134E-04,  3.22248E-04,  2.31297E-04
 4.26210E-04,  4.26210E-04,  4.34712E-04,  4.34712E-04,  4.34712E-04
 4.34712E-04,  4.34712E-04,  4.34712E-04,  2.46541E+00,  9.98819E-01
 1.72504E-01,  3.76493E-02,  1.90256E-02,  9.53153E-03,  5.21021E-03
 3.28545E-03,  2.19395E-03,  1.35992E-03,  8.76062E-04,  6.16274E-04
 4.59184E-04,  3.35670E-04,  2.43638E-04,  4.49378E-04,  4.49378E-04
 4.52056E-04,  4.52056E-04,  4.52056E-04,  4.52056E-04,  4.52056E-04
 4.52056E-04,  2.18212E+00,  9.87297E-01,  1.70686E-01,  3.69176E-02
 1.92244E-02,  9.60771E-03,  5.22966E-03,  3.08906E-03,  2.16464E-03
 1.38457E-03,  8.99205E-04,  6.36463E-04,  4.68544E-04,  3.47726E-04
 2.56030E-04,  4.72999E-04,  4.72999E-04,  4.68859E-04,  4.68859E-04
 4.68859E-04,  4.68859E-04,  4.68859E-04,  4.68859E-04,  2.25141E+00
 9.56131E-01,  1.83581E-01,  4.10423E-02,  2.12420E-02,  1.10954E-02
 5.59162E-03,  3.03319E-03,  2.12500E-03,  1.40286E-03,  9.17571E-04
 6.44708E-04,  4.79427E-04,  3.59546E-04,  2.68423E-04,  4.96055E-04
 4.96055E-04,  4.84187E-04,  4.84187E-04,  4.84187E-04,  4.84187E-04
 4.84187E-04,  4.84187E-04,  2.43130E+00,  9.97198E-01,  1.90685E-01
 4.53193E-02,  2.39864E-02,  1.25873E-02,  6.22973E-03,  3.11167E-03
 2.10564E-03,  1.42304E-03,  9.38066E-04,  6.57695E-04,  4.91785E-04
 3.72268E-04,  2.81708E-04,  5.19724E-04,  5.19724E-04,  4.99514E-04
 4.99514E-04,  4.99514E-04,  4.99514E-04,  4.99514E-04,  4.99514E-04
 2.17357E+00,  1.02373E+00,  1.96098E-01,  4.64416E-02,  2.53018E-02
 1.39471E-02,  6.95315E-03,  3.26995E-03,  2.11450E-03,  1.44791E-03
 9.61745E-04,  6.73642E-04,  5.05632E-04,  3.85909E-04,  2.95945E-04
 5.44306E-04,  5.44306E-04,  5.13903E-04,  5.13903E-04,  5.13903E-04
 5.13903E-04,  5.13903E-04,  5.13903E-04,  2.66658E+00,  1.06124E+00
 1.99668E-01,  5.07944E-02,  2.58942E-02,  1.45272E-02,  7.47346E-03
 3.43665E-03,  2.14058E-03,  1.47406E-03,  9.85811E-04,  6.89903E-04
 5.19551E-04,  3.99173E-04,  3.10032E-04,  5.67969E-04,  5.67969E-04
 5.25470E-04,  5.25470E-04,  5.25470E-04,  5.25470E-04,  5.25470E-04
 5.25470E-04,  2.64396E+00,  1.05564E+00,  2.02266E-01,  5.15615E-02
 2.62253E-02,  1.45748E-02,  7.75200E-03,  3.58180E-03,  2.17497E-03
 1.50229E-03,  1.01144E-03,  7.07337E-04,  5.32728E-04,  4.12027E-04
 3.24262E-04,  5.91186E-04,  5.91186E-04,  5.36296E-04,  5.36296E-04
 5.36296E-04,  5.36296E-04,  5.36296E-04,  5.36296E-04,  2.53111E+00
 1.04580E+00,  2.01594E-01,  5.18324E-02,  2.63291E-02,  1.48284E-02
 7.88581E-03,  3.66433E-03,  2.19914E-03,  1.53010E-03,  1.03858E-03
 7.26185E-04,  5.43713E-04,  4.23865E-04,  3.38949E-04,  6.13977E-04
 6.13977E-04,  5.45995E-04,  5.45995E-04,  5.45995E-04,  5.45995E-04
 5.45995E-04,  5.45995E-04,  2.55871E+00,  1.04114E+00,  2.00608E-01
 5.37560E-02,  2.70472E-02,  1.47844E-02,  7.81757E-03,  3.66896E-03
 2.19534E-03,  1.55481E-03,  1.06556E-03,  7.45330E-04,  5.55975E-04
 4.35570E-04,  3.53083E-04,  6.34363E-04,  6.34363E-04,  5.55008E-04
 5.55008E-04,  5.55008E-04,  5.55008E-04,  5.55008E-04,  5.55008E-04
 2.55808E+00,  1.08693E+00,  1.97029E-01,  5.40888E-02,  2.66901E-02
 1.40290E-02,  7.43086E-03,  3.76812E-03,  2.25567E-03,  1.56309E-03
 1.09964E-03,  7.69126E-04,  5.72720E-04,  4.49557E-04,  3.67734E-04
 6.56402E-04,  6.56402E-04,  5.65348E-04,  5.65348E-04,  5.65348E-04
 5.65348E-04,  5.65348E-04,  5.65348E-04,  2.55516E+00,  1.10103E+00
 1.92069E-01,  5.18371E-02,  2.34709E-02,  1.30929E-02,  7.40356E-03
 3.99274E-03,  2.37776E-03,  1.61290E-03,  1.13209E-03,  8.02159E-04
 5.93392E-04,  4.65502E-04,  3.84106E-04,  6.83771E-04,  6.83771E-04
 5.76284E-04,  5.76284E-04,  5.76284E-04,  5.76284E-04,  5.76284E-04
 5.76284E-04,  3.38055E+00,  1.22211E+00,  2.06813E-01,  5.08906E-02
 2.34141E-02,  1.32918E-02,  7.95525E-03,  4.34492E-03,  2.52483E-03
 1.67564E-03,  1.16716E-03,  8.35440E-04,  6.17402E-04,  4.81467E-04
 4.00264E-04,  7.05015E-04,  7.05015E-04,  5.87568E-04,  5.87568E-04
 5.87568E-04,  5.87568E-04,  5.87568E-04,  5.87568E-04,  2.98242E+00
 1.29660E+00,  2.30678E-01,  5.80101E-02,  2.43772E-02,  1.47591E-02
 9.10437E-03,  4.87235E-03,  2.67157E-03,  1.73347E-03,  1.18932E-03
 8.58379E-04,  6.46826E-04,  4.97864E-04,  4.14344E-04,  7.14778E-04
 7.14778E-04,  5.99459E-04,  5.99459E-04,  5.99459E-04,  5.99459E-04
 5.99459E-04,  5.99459E-04,  3.96451E+00,  1.35359E+00,  2.72620E-01
 7.28392E-02,  2.73916E-02,  1.73371E-02,  1.08758E-02,  5.57511E-03
 2.82774E-03,  1.78215E-03,  1.21335E-03,  8.67688E-04,  6.60050E-04
 5.16561E-04,  4.23920E-04,  7.17567E-04,  7.17567E-04,  6.11050E-04
 6.11050E-04,  6.11050E-04,  6.11050E-04,  6.11050E-04,  6.11050E-04
 3.54305E+00,  1.35048E+00,  3.19907E-01,  8.93093E-02,  3.11890E-02
 1.99318E-02,  1.28688E-02,  6.33142E-03,  2.97457E-03,  1.82235E-03
 1.24130E-03,  8.73914E-04,  6.54919E-04,  5.23578E-04,  4.26816E-04
 7.21790E-04,  7.21790E-04,  6.19815E-04,  6.19815E-04,  6.19815E-04
 6.19815E-04,  6.19815E-04,  6.19815E-04,  3.51963E+00,  1.34475E+00
 3.60187E-01,  9.94286E-02,  3.55950E-02,  2.21211E-02,  1.48231E-02
 6.92228E-03,  3.10031E-03,  1.86355E-03,  1.26762E-03,  8.86706E-04
 6.58688E-04,  5.19940E-04,  4.29287E-04,  7.26397E-04,  7.26397E-04
 6.27655E-04,  6.27655E-04,  6.27655E-04,  6.27655E-04,  6.27655E-04
 6.27655E-04,  3.31168E+00,  1.25319E+00,  3.63505E-01,  9.82370E-02
 3.73117E-02,  2.40308E-02,  1.60915E-02,  7.14085E-03,  3.19652E-03
 1.90430E-03,  1.29438E-03,  9.03724E-04,  6.69119E-04,  5.18845E-04
 4.28704E-04,  7.27905E-04,  7.27905E-04,  6.36591E-04,  6.36591E-04
 6.36591E-04,  6.36591E-04,  6.36591E-04,  6.36591E-04,  4.22482E+00
 1.43879E+00,  3.80475E-01,  1.01397E-01,  3.77147E-02,  2.34128E-02
 1.62075E-02,  7.02310E-03,  3.23829E-03,  1.93866E-03,  1.31971E-03
 9.20259E-04,  6.76988E-04,  5.20818E-04,  4.23509E-04,  7.29337E-04
 7.29337E-04,  6.44502E-04,  6.44502E-04,  6.44502E-04,  6.44502E-04
 6.44502E-04,  6.44502E-04,  3.76200E+00,  1.64019E+00,  4.71568E-01
 1.07987E-01,  3.74905E-02,  2.14155E-02,  1.44328E-02,  6.51676E-03
 3.19771E-03,  1.97689E-03,  1.34770E-03,  9.38753E-04,  6.85503E-04
 5.26471E-04,  4.22472E-04,  7.33828E-04,  7.33828E-04,  6.51150E-04
 6.51150E-04,  6.51150E-04,  6.51150E-04,  6.51150E-04,  6.51150E-04
 4.69447E+00,  1.73041E+00,  4.68379E-01,  1.01340E-01,  3.58977E-02
 1.97011E-02,  1.31228E-02,  5.91684E-03,  3.11022E-03,  2.03123E-03
 1.38378E-03,  9.60733E-04,  6.97741E-04,  5.34334E-04,  4.24837E-04
 7.40211E-04,  7.40211E-04,  6.56649E-04,  6.56649E-04,  6.56649E-04
 6.56649E-04,  6.56649E-04,  6.56649E-04,  5.08081E+00,  1.56740E+00
 3.57173E-01,  8.55397E-02,  3.27317E-02,  1.85185E-02,  1.18022E-02
 5.50887E-03,  3.12898E-03,  2.08206E-03,  1.43875E-03,  9.84699E-04
 7.12143E-04,  5.42941E-04,  4.28978E-04,  7.47665E-04,  7.47665E-04
 6.59506E-04,  6.59506E-04,  6.59506E-04,  6.59506E-04,  6.59506E-04
 6.59506E-04,  5.55477E+00,  1.44052E+00,  3.21020E-01,  8.23458E-02
 3.22321E-02,  1.72272E-02,  1.07826E-02,  5.28692E-03,  3.23687E-03
 2.19701E-03,  1.48745E-03,  1.02087E-03,  7.31766E-04,  5.55680E-04
 4.36304E-04,  7.57628E-04,  7.57628E-04,  6.61439E-04,  6.61439E-04
 6.61439E-04,  6.61439E-04,  6.61439E-04,  6.61439E-04,  5.41810E+00
 1.56049E+00,  3.44719E-01,  9.31632E-02,  3.36229E-02,  1.67829E-02
 9.84700E-03,  5.25100E-03,  3.40691E-03,  2.34661E-03,  1.56286E-03
 1.06689E-03,  7.59519E-04,  5.72454E-04,  4.45063E-04,  7.68330E-04
 7.68330E-04,  6.63487E-04,  6.63487E-04,  6.63487E-04,  6.63487E-04
 6.63487E-04,  6.63487E-04,  5.28373E+00,  1.98067E+00,  4.35206E-01
 1.08785E-01,  3.80152E-02,  1.80887E-02,  9.63142E-03,  5.49622E-03
 3.69277E-03,  2.49586E-03,  1.65863E-03,  1.11510E-03,  7.89993E-04
 5.87407E-04,  4.51716E-04,  7.74026E-04,  7.74026E-04,  6.63625E-04
 6.63625E-04,  6.63625E-04,  6.63625E-04,  6.63625E-04,  6.63625E-04
 5.47928E+00,  1.93534E+00,  5.04287E-01,  1.34631E-01,  4.53443E-02
 1.99481E-02,  1.00961E-02,  6.03264E-03,  4.04117E-03,  2.67254E-03
 1.75070E-03,  1.15271E-03,  8.09534E-04,  5.93628E-04,  4.55554E-04
 7.76018E-04,  7.76018E-04,  6.62263E-04,  6.62263E-04,  6.62263E-04
 6.62263E-04,  6.62263E-04,  6.62263E-04,  6.53965E+00,  2.14050E+00
 5.74618E-01,  1.57379E-01,  5.34947E-02,  2.17150E-02,  1.06218E-02
 6.74701E-03,  4.34062E-03,  2.82272E-03,  1.79673E-03,  1.17233E-03
 8.09515E-04,  5.93346E-04,  4.52605E-04,  7.72037E-04,  7.72037E-04
 6.59935E-04,  6.59935E-04,  6.59935E-04,  6.59935E-04,  6.59935E-04
 6.59935E-04,  5.70092E+00,  1.65025E+00,  5.63247E-01,  1.57015E-01
 5.70585E-02,  2.28335E-02,  1.15479E-02,  7.24601E-03,  4.44600E-03
 2.92806E-03,  1.82203E-03,  1.17399E-03,  8.07152E-04,  5.93306E-04
 4.49259E-04,  7.68236E-04,  7.68236E-04,  6.55202E-04,  6.55202E-04
 6.55202E-04,  6.55202E-04,  6.55202E-04,  6.55202E-04,  5.01038E+00
 2.15625E+00,  5.71950E-01,  1.48111E-01,  5.40616E-02,  2.22972E-02
 1.20286E-02,  7.03951E-03,  4.57630E-03,  3.00592E-03,  1.85534E-03
 1.18005E-03,  8.10869E-04,  5.91303E-04,  4.49542E-04,  7.68185E-04
 7.68185E-04,  6.50354E-04,  6.50354E-04,  6.50354E-04,  6.50354E-04
 6.50354E-04,  6.50354E-04,  5.17302E+00,  1.97196E+00,  5.76291E-01
 1.45078E-01,  4.87324E-02,  1.99763E-02,  1.00218E-02,  6.65496E-03
 4.87135E-03,  3.09412E-03,  1.86482E-03,  1.18251E-03,  8.13679E-04
 5.93073E-04,  4.51870E-04,  7.69151E-04,  7.69151E-04,  6.46036E-04
 6.46036E-04,  6.46036E-04,  6.46036E-04,  6.46036E-04,  6.46036E-04
 6.31303E+00,  1.98933E+00,  6.58739E-01,  1.53342E-01,  4.47977E-02
 1.93994E-02,  9.92172E-03,  7.65884E-03,  5.14748E-03,  3.10355E-03
 1.84489E-03,  1.17163E-03,  8.11485E-04,  5.94192E-04,  4.54356E-04
 7.67703E-04,  7.67703E-04,  6.39962E-04,  6.39962E-04,  6.39962E-04
 6.39962E-04,  6.39962E-04,  6.39962E-04,  5.90637E+00,  3.40567E+00
 8.61430E-01,  1.61434E-01,  4.26124E-02,  1.98472E-02,  1.30924E-02
 8.72593E-03,  5.23496E-03,  3.04602E-03,  1.80587E-03,  1.15832E-03
 8.10797E-04,  5.97995E-04,  4.58181E-04,  7.67062E-04,  7.67062E-04
 6.33134E-04,  6.33134E-04,  6.33134E-04,  6.33134E-04,  6.33134E-04
 6.33134E-04,  6.08312E+00,  2.21255E+00,  6.82921E-01,  1.41347E-01
 4.22600E-02,  2.10213E-02,  1.34857E-02,  8.65375E-03,  5.10494E-03
 2.92640E-03,  1.75477E-03,  1.14466E-03,  8.11637E-04,  6.03401E-04
 4.62683E-04,  7.67215E-04,  7.67215E-04,  6.25767E-04,  6.25767E-04
 6.25767E-04,  6.25767E-04,  6.25767E-04,  6.25767E-04,  8.03291E+00
 1.88456E+00,  5.09240E-01,  1.14922E-01,  4.72839E-02,  2.18114E-02
 1.29018E-02,  7.91130E-03,  4.75754E-03,  2.76440E-03,  1.70084E-03
 1.13322E-03,  8.13886E-04,  6.09367E-04,  4.66862E-04,  7.67342E-04
 7.67342E-04,  6.16880E-04,  6.16880E-04,  6.16880E-04,  6.16880E-04
 6.16880E-04,  6.16880E-04,  4.00250E+00,  1.60980E+00,  3.90915E-01
 1.41220E-01,  5.32153E-02,  1.89216E-02,  9.94083E-03,  6.97903E-03
 4.35980E-03,  2.60444E-03,  1.66672E-03,  1.13212E-03,  8.20760E-04
 6.17426E-04,  4.71684E-04,  7.70631E-04,  7.70631E-04,  6.08842E-04
 6.08842E-04,  6.08842E-04,  6.08842E-04,  6.08842E-04,  6.08842E-04
 4.15673E+00,  1.60105E+00,  3.99949E-01,  1.33859E-01,  4.51406E-02
 1.45884E-02,  8.55534E-03,  5.97384E-03,  4.07240E-03,  2.49069E-03
 1.64481E-03,  1.13536E-03,  8.28359E-04,  6.25035E-04,  4.76460E-04
 7.75556E-04,  7.75556E-04,  6.01493E-04,  6.01493E-04,  6.01493E-04
 6.01493E-04,  6.01493E-04,  6.01493E-04,  3.67047E+00,  1.42161E+00
 2.95376E-01,  8.07916E-02,  2.72491E-02,  1.07486E-02,  7.42502E-03
 5.44590E-03,  3.77891E-03,  2.41300E-03,  1.61771E-03,  1.13659E-03
 8.33364E-04,  6.29747E-04,  4.80196E-04,  7.79144E-04,  7.79144E-04
 5.92515E-04,  5.92515E-04,  5.92515E-04,  5.92515E-04,  5.92515E-04
 5.92515E-04,  3.87298E+00,  1.37856E+00,  2.55503E-01,  5.88292E-02
 2.06059E-02,  1.04660E-02,  7.42860E-03,  4.98740E-03,  3.50908E-03
 2.41732E-03,  1.58319E-03,  1.14564E-03,  8.39919E-04,  6.34172E-04
 4.84337E-04,  7.83519E-04,  7.83519E-04,  5.83182E-04,  5.83182E-04
 5.83182E-04,  5.83182E-04,  5.83182E-04,  5.83182E-04,  4.19829E+00
 1.42508E+00,  2.74951E-01,  6.83601E-02,  2.05558E-02,  1.09026E-02
 7.94782E-03,  5.30714E-03,  3.46280E-03,  2.43260E-03,  1.59671E-03
 1.16222E-03,  8.48697E-04,  6.40036E-04,  4.87234E-04,  7.88765E-04
 7.88765E-04,  5.73646E-04,  5.73646E-04,  5.73646E-04,  5.73646E-04
 5.73646E-04,  5.73646E-04,  3.57623E+00,  1.52412E+00,  3.37774E-01
 9.50576E-02,  2.49581E-02,  1.11486E-02,  8.59201E-03,  5.82544E-03
 3.65874E-03,  2.43400E-03,  1.65376E-03,  1.17148E-03,  8.51846E-04
 6.43374E-04,  4.89304E-04,  7.93546E-04,  7.93546E-04,  5.63380E-04
 5.63380E-04,  5.63380E-04,  5.63380E-04,  5.63380E-04,  5.63380E-04
 6.54277E+00,  1.72366E+00,  3.78605E-01,  1.13637E-01,  3.20707E-02
 1.35265E-02,  9.94209E-03,  6.69687E-03,  4.00045E-03,  2.48262E-03
 1.70816E-03,  1.16463E-03,  8.58261E-04,  6.46148E-04,  4.92226E-04
 8.00195E-04,  8.00195E-04,  5.54891E-04,  5.54891E-04,  5.54891E-04
 5.54891E-04,  5.54891E-04,  5.54891E-04,  5.09864E+00,  2.05497E+00
 4.00935E-01,  1.08314E-01,  3.86128E-02,  1.76292E-02,  1.20662E-02
 7.73498E-03,  4.43056E-03,  2.65458E-03,  1.69002E-03,  1.15438E-03
 8.66918E-04,  6.48520E-04,  4.95422E-04,  8.08430E-04,  8.08430E-04
 5.47964E-04,  5.47964E-04,  5.47964E-04,  5.47964E-04,  5.47964E-04
 5.47964E-04,  9.61690E+00,  2.42241E+00,  4.37624E-01,  9.91710E-02
 4.28607E-02,  2.18591E-02,  1.34397E-02,  8.54615E-03,  4.75967E-03
 2.67490E-03,  1.66545E-03,  1.14420E-03,  8.70593E-04,  6.49112E-04
 4.98003E-04,  8.13490E-04,  8.13490E-04,  5.45319E-04,  5.45319E-04
 5.45319E-04,  5.45319E-04,  5.45319E-04,  5.45319E-04,  6.58192E+00
 2.98746E+00,  4.79552E-01,  9.13627E-02,  3.57799E-02,  2.03294E-02
 1.33517E-02,  8.67422E-03,  4.83389E-03,  2.62990E-03,  1.64444E-03
 1.14081E-03,  8.64797E-04,  6.50862E-04,  5.02317E-04,  8.18388E-04
 8.18388E-04,  5.42710E-04,  5.42710E-04,  5.42710E-04,  5.42710E-04
 5.42710E-04,  5.42710E-04,  3.81156E+00,  2.02021E+00,  3.40780E-01
 7.45321E-02,  3.19343E-02,  1.68713E-02,  1.22026E-02,  8.08564E-03
 4.58516E-03,  2.56891E-03,  1.61968E-03,  1.14004E-03,  8.49357E-04
 6.56903E-04,  5.05629E-04,  8.23504E-04,  8.23504E-04,  5.39627E-04
 5.39627E-04,  5.39627E-04,  5.39627E-04,  5.39627E-04,  5.39627E-04
 8.93606E+00,  1.34682E+00,  2.40610E-01,  7.02153E-02,  3.36296E-02
 1.51863E-02,  1.07841E-02,  7.21436E-03,  4.25202E-03,  2.49162E-03
 1.59529E-03,  1.13018E-03,  8.37086E-04,  6.59524E-04,  5.08603E-04
 8.27306E-04,  8.27306E-04,  5.35091E-04,  5.35091E-04,  5.35091E-04
 5.35091E-04,  5.35091E-04,  5.35091E-04,  2.69889E+00,  7.06588E-01
 2.36559E-01,  7.53123E-02,  3.51082E-02,  1.51125E-02,  9.92958E-03
 6.75061E-03,  3.98934E-03,  2.42174E-03,  1.57682E-03,  1.11696E-03
 8.37121E-04,  6.53595E-04,  5.13504E-04,  8.31970E-04,  8.31970E-04
 5.30154E-04,  5.30154E-04,  5.30154E-04,  5.30154E-04,  5.30154E-04
 5.30154E-04,  2.44784E+00,  7.16762E-01,  2.39220E-01,  7.37585E-02
 3.39154E-02,  1.50138E-02,  9.55569E-03,  6.50786E-03,  3.88653E-03
 2.36538E-03,  1.56234E-03,  1.11047E-03,  8.31859E-04,  6.47014E-04
 5.17972E-04,  8.36922E-04,  8.36922E-04,  5.25074E-04,  5.25074E-04
 5.25074E-04,  5.25074E-04,  5.25074E-04,  5.25074E-04,  1.31096E+00
 4.88236E-01,  1.99703E-01,  6.80173E-02,  3.08074E-02,  1.60679E-02
 9.33339E-03,  6.13520E-03,  3.82484E-03,  2.32801E-03,  1.54932E-03
 1.10658E-03,  8.19790E-04,  6.41797E-04,  5.17208E-04,  8.37364E-04
 8.37364E-04,  5.24319E-04,  5.24319E-04,  5.24319E-04,  5.24319E-04
 5.24319E-04,  5.24319E-04,  1.73080E+00,  5.00609E-01,  1.43439E-01
 5.84324E-02,  2.95179E-02,  1.76689E-02,  9.95181E-03,  5.87661E-03
 3.75524E-03,  2.31061E-03,  1.54368E-03,  1.10454E-03,  8.08506E-04
 6.36314E-04,  5.10278E-04,  8.37586E-04,  8.37586E-04,  5.23936E-04
 5.23936E-04,  5.23936E-04,  5.23936E-04,  5.23936E-04,  5.23936E-04
 1.42211E+00,  5.69394E-01,  1.55485E-01,  5.20518E-02,  2.78949E-02
 1.86417E-02,  1.03446E-02,  5.72524E-03,  3.70021E-03,  2.30974E-03
 1.54924E-03,  1.09921E-03,  8.02255E-04,  6.26157E-04,  5.00230E-04
 8.37020E-04,  8.37020E-04,  5.23539E-04,  5.23539E-04,  5.23539E-04
 5.23539E-04,  5.23539E-04,  5.23539E-04,  4.06756E-01,  3.85651E-01
 1.94916E-01,  6.04819E-02,  2.57216E-02,  1.74619E-02,  1.01345E-02
 5.61578E-03,  3.61424E-03,  2.32034E-03,  1.57034E-03,  1.10174E-03
 7.97362E-04,  6.12177E-04,  4.89025E-04,  8.33675E-04,  8.33675E-04
 5.22257E-04,  5.22257E-04,  5.22257E-04,  5.22257E-04,  5.22257E-04
 5.22257E-04,  6.83003E-01,  1.81173E-01,  1.63891E-01,  6.27629E-02
 2.51189E-02,  1.56733E-02,  9.41331E-03,  5.50162E-03,  3.56873E-03
 2.36308E-03,  1.60917E-03,  1.11608E-03,  7.96231E-04,  5.98641E-04
 4.80889E-04,  8.28282E-04,  8.28282E-04,  5.20997E-04,  5.20997E-04
 5.20997E-04,  5.20997E-04,  5.20997E-04,  5.20997E-04,  4.34312E-01
 1.81855E-01,  1.43262E-01,  6.48871E-02,  2.75224E-02,  1.50585E-02
 8.77183E-03,  5.34454E-03,  3.56325E-03,  2.43798E-03,  1.66203E-03
 1.13928E-03,  7.99149E-04,  5.88656E-04,  4.71138E-04,  8.19912E-04
 8.19912E-04,  5.19633E-04,  5.19633E-04,  5.19633E-04,  5.19633E-04
 5.19633E-04,  5.19633E-04,  1.00746E+00,  3.38061E-01,  1.44781E-01
 5.81876E-02,  3.11445E-02,  1.52591E-02,  8.34480E-03,  5.16005E-03
 3.54761E-03,  2.50060E-03,  1.71497E-03,  1.16504E-03,  8.04089E-04
 5.80386E-04,  4.58668E-04,  8.06350E-04,  8.06350E-04,  5.17297E-04
 5.17297E-04,  5.17297E-04,  5.17297E-04,  5.17297E-04,  5.17297E-04
 1.44910E+00,  4.13947E-01,  1.41336E-01,  5.41187E-02,  2.82950E-02
 1.45087E-02,  7.88944E-03,  5.07979E-03,  3.49298E-03,  2.52749E-03
 1.75409E-03,  1.19046E-03,  8.11419E-04,  5.74235E-04,  4.44963E-04
 7.90156E-04,  7.90156E-04,  5.14773E-04,  5.14773E-04,  5.14773E-04
 5.14773E-04,  5.14773E-04,  5.14773E-04,  1.35017E+00,  5.07765E-01
 1.34081E-01,  5.86500E-02,  3.04347E-02,  1.39178E-02,  7.99120E-03
 5.26584E-03,  3.46620E-03,  2.46834E-03,  1.76844E-03,  1.20939E-03
 8.19546E-04,  5.69851E-04,  4.31247E-04,  7.71959E-04,  7.71959E-04
 5.12069E-04,  5.12069E-04,  5.12069E-04,  5.12069E-04,  5.12069E-04
 5.12069E-04,  7.99941E-01,  3.86319E-01,  1.48257E-01,  6.03302E-02
 3.15921E-02,  1.47763E-02,  8.81645E-03,  5.70888E-03,  3.58837E-03
 2.44598E-03,  1.74105E-03,  1.21524E-03,  8.25133E-04,  5.65951E-04
 4.17797E-04,  7.52608E-04,  7.52608E-04,  5.08574E-04,  5.08574E-04
 5.08574E-04,  5.08574E-04,  5.08574E-04,  5.08574E-04,  1.54540E+00
 4.50471E-01,  1.47582E-01,  6.44606E-02,  3.09974E-02,  1.58040E-02
 9.90734E-03,  6.43285E-03,  3.84478E-03,  2.49793E-03,  1.67764E-03
 1.21051E-03,  8.29211E-04,  5.63923E-04,  4.06745E-04,  7.35588E-04
 7.35588E-04,  5.04916E-04,  5.04916E-04,  5.04916E-04,  5.04916E-04
 5.04916E-04,  5.04916E-04,  7.84829E-01,  2.87914E-01,  1.72255E-01
 6.93088E-02,  3.07627E-02,  1.65513E-02,  1.12277E-02,  7.35286E-03
 4.03771E-03,  2.50477E-03,  1.66249E-03,  1.19318E-03,  8.30875E-04
 5.63235E-04,  3.98663E-04,  7.21013E-04,  7.21013E-04,  5.00785E-04
 5.00785E-04,  5.00785E-04,  5.00785E-04,  5.00785E-04,  5.00785E-04
 5.65485E-01,  3.57382E-01,  2.04394E-01,  7.99669E-02,  3.03652E-02
 1.70006E-02,  1.23710E-02,  8.21525E-03,  4.22094E-03,  2.42576E-03
 1.66045E-03,  1.16593E-03,  8.26027E-04,  5.61328E-04,  3.92080E-04
 7.08552E-04,  7.08552E-04,  4.95494E-04,  4.95494E-04,  4.95494E-04
 4.95494E-04,  4.95494E-04,  4.95494E-04,  1.30064E+00,  4.86434E-01
 2.62481E-01,  8.72007E-02,  3.06009E-02,  1.71493E-02,  1.31149E-02
 8.77354E-03,  4.36720E-03,  2.34975E-03,  1.60033E-03,  1.13550E-03
 8.15515E-04,  5.58473E-04,  3.87479E-04,  6.91952E-04,  6.91952E-04
 4.90178E-04,  4.90178E-04,  4.90178E-04,  4.90178E-04,  4.90178E-04
 4.90178E-04,  9.97258E-01,  3.31658E-01,  2.34472E-01,  8.97483E-02
 3.14689E-02,  1.69133E-02,  1.31866E-02,  8.82758E-03,  4.42791E-03
 2.24650E-03,  1.51959E-03,  1.10557E-03,  7.99262E-04,  5.54108E-04
 3.84179E-04,  6.73026E-04,  6.73026E-04,  4.84918E-04,  4.84918E-04
 4.84918E-04,  4.84918E-04,  4.84918E-04,  4.84918E-04,  1.59801E+00
 4.30811E-01,  1.60960E-01,  7.33895E-02,  3.17899E-02,  1.64968E-02
 1.23105E-02,  8.48104E-03,  4.34087E-03,  2.13884E-03,  1.43413E-03
 1.07404E-03,  7.78727E-04,  5.47497E-04,  3.81200E-04,  6.55952E-04
 6.55952E-04,  4.79225E-04,  4.79225E-04,  4.79225E-04,  4.79225E-04
 4.79225E-04,  4.79225E-04,  2.07890E+00,  4.46504E-01,  1.54026E-01
 6.30489E-02,  3.16743E-02,  1.54379E-02,  1.11807E-02,  7.94727E-03
 4.11143E-03,  2.04879E-03,  1.35399E-03,  1.04578E-03,  7.58309E-04
 5.40684E-04,  3.79386E-04,  6.44827E-04,  6.44827E-04,  4.73201E-04
 4.73201E-04,  4.73201E-04,  4.73201E-04,  4.73201E-04,  4.73201E-04
 1.21361E+00,  3.94171E-01,  2.28666E-01,  6.95706E-02,  3.22837E-02
 1.48926E-02,  1.00672E-02,  7.25959E-03,  3.89286E-03,  1.94164E-03
 1.28549E-03,  1.01890E-03,  7.40651E-04,  5.33209E-04,  3.77473E-04
 6.35643E-04,  6.35643E-04,  4.66322E-04,  4.66322E-04,  4.66322E-04
 4.66322E-04,  4.66322E-04,  4.66322E-04,  6.97043E-01,  4.42364E-01
 3.23718E-01,  7.75582E-02,  3.29860E-02,  1.43834E-02,  8.97942E-03
 6.53710E-03,  3.67277E-03,  1.90668E-03,  1.22110E-03,  9.92098E-04
 7.32663E-04,  5.22499E-04,  3.73530E-04,  6.28183E-04,  6.28183E-04
 4.58708E-04,  4.58708E-04,  4.58708E-04,  4.58708E-04,  4.58708E-04
 4.58708E-04,  9.06191E-01,  4.27117E-01,  3.11317E-01,  7.34175E-02
 3.28341E-02,  1.42097E-02,  8.19221E-03,  5.98742E-03,  3.57941E-03
 1.94576E-03,  1.16659E-03,  9.62992E-04,  7.34128E-04,  5.12455E-04
 3.67510E-04,  6.22213E-04,  6.22213E-04,  4.51317E-04,  4.51317E-04
 4.51317E-04,  4.51317E-04,  4.51317E-04,  4.51317E-04,  8.29032E-01
 3.70393E-01,  2.11746E-01,  6.76858E-02,  3.38118E-02,  1.41925E-02
 7.90574E-03,  6.36939E-03,  3.77983E-03,  1.90140E-03,  1.15015E-03
 9.35748E-04,  7.30279E-04,  5.10504E-04,  3.61229E-04,  6.16516E-04
 6.16516E-04,  4.44013E-04,  4.44013E-04,  4.44013E-04,  4.44013E-04
 4.44013E-04,  4.44013E-04,  1.98964E+00,  5.24221E-01,  1.30859E-01
 6.46848E-02,  3.31962E-02,  1.35791E-02,  8.01369E-03,  6.28812E-03
 3.70276E-03,  1.82667E-03,  1.15406E-03,  9.19404E-04,  7.18669E-04
 5.12223E-04,  3.57529E-04,  6.08368E-04,  6.08368E-04,  4.36439E-04
 4.36439E-04,  4.36439E-04,  4.36439E-04,  4.36439E-04,  4.36439E-04
 7.33855E-01,  2.31874E-01,  1.43991E-01,  7.11176E-02,  3.14309E-02
 1.30669E-02,  7.81388E-03,  5.43742E-03,  3.31082E-03,  1.78421E-03
 1.16862E-03,  9.20214E-04,  7.09878E-04,  5.11408E-04,  3.59788E-04
 6.00037E-04,  6.00037E-04,  4.28295E-04,  4.28295E-04,  4.28295E-04
 4.28295E-04,  4.28295E-04,  4.28295E-04,  6.16030E-01,  2.51771E-01
 1.54780E-01,  6.76957E-02,  3.01783E-02,  1.37679E-02,  7.35097E-03
 5.19180E-03,  3.12647E-03,  1.75150E-03,  1.23534E-03,  9.18974E-04
 7.08076E-04,  5.12696E-04,  3.63027E-04,  5.93585E-04,  5.93585E-04
 4.19062E-04,  4.19062E-04,  4.19062E-04,  4.19062E-04,  4.19062E-04
 4.19062E-04,  7.73154E-01,  1.80452E-01,  9.60893E-02,  5.80685E-02
 3.38698E-02,  1.51471E-02,  7.28746E-03,  4.88195E-03,  3.14862E-03
 1.81906E-03,  1.29859E-03,  9.25992E-04,  7.14024E-04,  5.14371E-04
 3.63627E-04,  5.84982E-04,  5.84982E-04,  4.09425E-04,  4.09425E-04
 4.09425E-04,  4.09425E-04,  4.09425E-04,  4.09425E-04,  6.79314E-01
 1.56350E-01,  8.96851E-02,  5.63051E-02,  3.56014E-02,  1.55814E-02
 7.43293E-03,  5.08159E-03,  3.37646E-03,  1.90292E-03,  1.36597E-03
 9.49859E-04,  7.25367E-04,  5.16244E-04,  3.61174E-04,  5.73840E-04
 5.73840E-04,  4.00142E-04,  4.00142E-04,  4.00142E-04,  4.00142E-04
 4.00142E-04,  4.00142E-04,  7.57864E-01,  1.69392E-01,  1.08415E-01
 5.36193E-02,  3.21031E-02,  1.45162E-02,  7.98955E-03,  5.68770E-03
 3.78117E-03,  2.12588E-03,  1.40775E-03,  1.00323E-03,  7.35546E-04
 5.17848E-04,  3.56279E-04,  5.60218E-04,  5.60218E-04,  3.91052E-04
 3.91052E-04,  3.91052E-04,  3.91052E-04,  3.91052E-04,  3.91052E-04
 8.93063E-01,  2.14692E-01,  1.38008E-01,  6.18908E-02,  3.14071E-02
 1.48612E-02,  9.27630E-03,  6.85016E-03,  4.33971E-03,  2.39716E-03
 1.46459E-03,  1.05395E-03,  7.46064E-04,  5.16624E-04,  3.48393E-04
 5.43326E-04,  5.43326E-04,  3.81833E-04,  3.81833E-04,  3.81833E-04
 3.81833E-04,  3.81833E-04,  3.81833E-04,  1.72960E+00,  4.49246E-01
 1.75346E-01,  6.56523E-02,  3.27144E-02,  1.67761E-02,  1.03531E-02
 7.09837E-03,  4.90040E-03,  2.53657E-03,  1.55861E-03,  1.08160E-03
 7.62825E-04,  5.14293E-04,  3.40209E-04,  5.27504E-04,  5.27504E-04
 3.71673E-04,  3.71673E-04,  3.71673E-04,  3.71673E-04,  3.71673E-04
 3.71673E-04,  1.07997E+00,  4.71177E-01,  2.10805E-01,  6.72651E-02
 3.24110E-02,  1.69868E-02,  1.21606E-02,  8.44762E-03,  4.93500E-03
 2.44694E-03,  1.65021E-03,  1.11322E-03,  7.80408E-04,  5.10139E-04
 3.31479E-04,  5.12371E-04,  5.12371E-04,  3.60228E-04,  3.60228E-04
 3.60228E-04,  3.60228E-04,  3.60228E-04,  3.60228E-04,  2.18070E+00
 5.14450E-01,  2.35156E-01,  6.86959E-02,  3.28454E-02,  1.61656E-02
 1.20316E-02,  8.86166E-03,  4.75572E-03,  2.67040E-03,  1.73595E-03
 1.15530E-03,  7.86091E-04,  5.00112E-04,  3.20032E-04,  4.94605E-04
 4.94605E-04,  3.48775E-04,  3.48775E-04,  3.48775E-04,  3.48775E-04
 3.48775E-04,  3.48775E-04,  1.70120E+00,  5.21559E-01,  2.60870E-01
 7.36602E-02,  3.42650E-02,  1.55452E-02,  9.89212E-03,  7.68688E-03
 5.18462E-03,  2.92331E-03,  1.76951E-03,  1.18677E-03,  7.77673E-04
 4.85329E-04,  3.07322E-04,  4.76076E-04,  4.76076E-04,  3.37905E-04
 3.37905E-04,  3.37905E-04,  3.37905E-04,  3.37905E-04,  3.37905E-04
 5.98416E+00,  1.04298E+00,  3.00393E-01,  8.97883E-02,  3.49400E-02
 1.47903E-02,  9.52879E-03,  6.26243E-03,  4.45781E-03,  2.79671E-03
 1.77511E-03,  1.18370E-03,  7.57321E-04,  4.66427E-04,  2.93871E-04
 4.56905E-04,  4.56905E-04,  3.28134E-04,  3.28134E-04,  3.28134E-04
 3.28134E-04,  3.28134E-04,  3.28134E-04,  2.40032E+00,  1.34366E+00
 4.00210E-01,  1.07384E-01,  3.33259E-02,  1.45886E-02,  8.69952E-03
 5.62907E-03,  3.72215E-03,  2.58028E-03,  1.74643E-03,  1.15239E-03
 7.25659E-04,  4.43998E-04,  2.80127E-04,  4.37341E-04,  4.37341E-04
 3.19341E-04,  3.19341E-04,  3.19341E-04,  3.19341E-04,  3.19341E-04
 3.19341E-04,  2.83123E+00,  1.65820E+00,  4.67363E-01,  1.12341E-01
 3.33562E-02,  1.43592E-02,  8.45795E-03,  5.29654E-03,  3.67743E-03
 2.48932E-03,  1.68745E-03,  1.10278E-03,  6.88651E-04,  4.21635E-04
 2.68130E-04,  4.19845E-04,  4.19845E-04,  3.08887E-04,  3.08887E-04
 3.08887E-04,  3.08887E-04,  3.08887E-04,  3.08887E-04,  6.20069E+00
 1.28291E+00,  3.92950E-01,  1.04897E-01,  3.28058E-02,  1.47787E-02
 7.87426E-03,  5.43204E-03,  3.82765E-03,  2.48845E-03,  1.61166E-03
 1.03996E-03,  6.47712E-04,  3.99253E-04,  2.57320E-04,  4.02843E-04
 4.02843E-04,  2.95808E-04,  2.95808E-04,  2.95808E-04,  2.95808E-04
 2.95808E-04,  2.95808E-04,  2.69504E+00,  6.34885E-01,  2.96151E-01
 8.38697E-02,  3.38733E-02,  1.46406E-02,  7.76346E-03,  5.74638E-03
 4.04246E-03,  2.46600E-03,  1.51411E-03,  9.64644E-04,  6.02359E-04
 3.76119E-04,  2.47041E-04,  3.85094E-04,  3.85094E-04,  2.83270E-04
 2.83270E-04,  2.83270E-04,  2.83270E-04,  2.83270E-04,  2.83270E-04
 2.22220E+00,  4.77063E-01,  2.42087E-01,  6.91273E-02,  3.07480E-02
 1.34995E-02,  8.61318E-03,  6.27576E-03,  4.33045E-03,  2.36129E-03
 1.40063E-03,  8.83769E-04,  5.57249E-04,  3.54770E-04,  2.38626E-04
 3.68063E-04,  3.68063E-04,  2.73561E-04,  2.73561E-04,  2.73561E-04
 2.73561E-04,  2.73561E-04,  2.73561E-04,  1.80396E+00,  3.83022E-01
 2.04591E-01,  5.45461E-02,  2.65870E-02,  1.37177E-02,  9.84440E-03
 6.34283E-03,  3.93813E-03,  2.19026E-03,  1.27448E-03,  8.02422E-04
 5.15090E-04,  3.36005E-04,  2.32067E-04,  3.52638E-04,  3.52638E-04
 2.67853E-04,  2.67853E-04,  2.67853E-04,  2.67853E-04,  2.67853E-04
 2.67853E-04,  2.31696E+00,  5.68778E-01,  2.43654E-01,  6.91123E-02
 2.87303E-02,  1.56986E-02,  8.98655E-03,  5.94655E-03,  3.66985E-03
 1.98240E-03,  1.14144E-03,  7.24419E-04,  4.77572E-04,  3.20072E-04
 2.26429E-04,  3.40983E-04,  3.40983E-04,  2.64995E-04,  2.64995E-04
 2.64995E-04,  2.64995E-04,  2.64995E-04,  2.64995E-04,  7.97795E-01
 8.07282E-01,  4.65438E-01,  9.24704E-02,  3.42290E-02,  1.44410E-02
 7.72493E-03,  5.32173E-03,  3.23011E-03,  1.76137E-03,  1.01214E-03
 6.56466E-04,  4.47407E-04,  3.07903E-04,  2.21234E-04,  3.31918E-04
 3.31918E-04,  2.63690E-04,  2.63690E-04,  2.63690E-04,  2.63690E-04
 2.63690E-04,  2.63690E-04,  1.07732E+00,  6.68646E-01,  4.17452E-01
 1.16893E-01,  3.81923E-02,  1.37696E-02,  6.82090E-03,  4.42278E-03
 2.82962E-03,  1.54033E-03,  8.90078E-04,  6.00655E-04,  4.24177E-04
 2.98182E-04,  2.16254E-04,  3.20148E-04,  3.20148E-04,  2.60263E-04
 2.60263E-04,  2.60263E-04,  2.60263E-04,  2.60263E-04,  2.60263E-04
 2.33398E+00,  5.84382E-01,  2.44458E-01,  9.71227E-02,  3.92648E-02
 1.62763E-02,  6.12631E-03,  4.00781E-03,  2.46771E-03,  1.35033E-03
 7.94830E-04,  5.55336E-04,  4.05155E-04,  2.89509E-04,  2.11687E-04
 3.03146E-04,  3.03146E-04,  2.52092E-04,  2.52092E-04,  2.52092E-04
 2.52092E-04,  2.52092E-04,  2.52092E-04,  1.68440E+00,  1.06359E+00
 2.51977E-01,  6.88649E-02,  3.20297E-02,  1.39814E-02,  6.02061E-03
 3.74212E-03,  2.19457E-03,  1.21869E-03,  7.33870E-04,  5.18217E-04
 3.89951E-04,  2.81636E-04,  2.07734E-04,  2.87016E-04,  2.87016E-04
 2.42470E-04,  2.42470E-04,  2.42470E-04,  2.42470E-04,  2.42470E-04
 2.42470E-04,  2.65569E+00,  3.48681E-01,  1.20071E-01,  1.13929E-01
 4.22002E-02,  1.24723E-02,  5.12289E-03,  3.21027E-03,  1.87637E-03
 1.05266E-03,  6.86199E-04,  4.95820E-04,  3.74326E-04,  2.76184E-04
 2.05742E-04,  2.73234E-04,  2.73234E-04,  2.33754E-04,  2.33754E-04
 2.33754E-04,  2.33754E-04,  2.33754E-04,  2.33754E-04,  2.59999E+00
 6.90458E-01,  2.81873E-01,  9.97335E-02,  3.71618E-02,  1.27570E-02
 4.71584E-03,  2.60576E-03,  1.55039E-03,  9.28010E-04,  6.46668E-04
 4.88459E-04,  3.65468E-04,  2.73993E-04,  2.04588E-04,  2.61013E-04
 2.61013E-04,  2.26285E-04,  2.26285E-04,  2.26285E-04,  2.26285E-04
 2.26285E-04,  2.26285E-04,  7.20296E+00,  2.34685E+00,  3.85176E-01
 1.06196E-01,  2.75216E-02,  1.01046E-02,  4.11050E-03,  2.26295E-03
 1.35361E-03,  8.64037E-04,  6.32343E-04,  4.90278E-04,  3.62990E-04
 2.73425E-04,  2.02737E-04,  2.50018E-04,  2.50018E-04,  2.20987E-04
 2.20987E-04,  2.20987E-04,  2.20987E-04,  2.20987E-04,  2.20987E-04
 4.23615E+00,  2.26495E+00,  3.48761E-01,  1.08354E-01,  2.50801E-02
 8.47662E-03,  3.66078E-03,  2.07010E-03,  1.24654E-03,  8.28186E-04
 6.31691E-04,  4.86195E-04,  3.58688E-04,  2.67528E-04,  2.00516E-04
 2.39570E-04,  2.39570E-04,  2.16654E-04,  2.16654E-04,  2.16654E-04
 2.16654E-04,  2.16654E-04,  2.16654E-04,  5.75090E+00,  2.47496E+00
 3.41705E-01,  1.13138E-01,  2.80788E-02,  6.85445E-03,  3.41011E-03
 1.86511E-03,  1.15671E-03,  8.11553E-04,  6.14895E-04,  4.89128E-04
 3.53496E-04,  2.62477E-04,  1.96795E-04,  2.29128E-04,  2.29128E-04
 2.12524E-04,  2.12524E-04,  2.12524E-04,  2.12524E-04,  2.12524E-04
 2.12524E-04,  5.66432E+00,  2.18352E+00,  2.58204E-01,  1.04572E-01
 3.33221E-02,  7.85023E-03,  2.87291E-03,  1.66891E-03,  1.06502E-03
 7.59846E-04,  6.01027E-04,  4.70945E-04,  3.49357E-04,  2.56152E-04
 1.91506E-04,  2.18686E-04,  2.18686E-04,  2.08989E-04,  2.08989E-04
 2.08989E-04,  2.08989E-04,  2.08989E-04,  2.08989E-04,  7.56934E+00
 1.56169E+00,  5.98417E-01,  1.04992E-01,  3.60209E-02,  1.12765E-02
 3.01578E-03,  1.48827E-03,  9.75196E-04,  7.15280E-04,  5.59052E-04
 4.47617E-04,  3.34361E-04,  2.47282E-04,  1.85199E-04,  2.07871E-04
 2.07871E-04,  2.05649E-04,  2.05649E-04,  2.05649E-04,  2.05649E-04
 2.05649E-04,  2.05649E-04,  7.04823E+00,  7.10104E+00,  9.70131E-01
 1.40793E-01,  3.87053E-02,  1.55951E-02,  3.70940E-03,  1.40560E-03
 9.04822E-04,  6.60082E-04,  5.17266E-04,  4.09823E-04,  3.12342E-04
 2.32654E-04,  1.77168E-04,  1.95871E-04,  1.95871E-04,  2.01291E-04
 2.01291E-04,  2.01291E-04,  2.01291E-04,  2.01291E-04,  2.01291E-04
 1.11839E+01,  3.40521E+00,  6.20333E-01,  1.25303E-01,  4.10068E-02
 1.80683E-02,  4.37597E-03,  1.40794E-03,  8.40467E-04,  6.17242E-04
 4.73636E-04,  3.72490E-04,  2.83482E-04,  2.13074E-04,  1.64722E-04
 1.81687E-04,  1.81687E-04,  1.95910E-04,  1.95910E-04,  1.95910E-04
 1.95910E-04,  1.95910E-04,  1.95910E-04,  8.19708E+00,  1.30944E+00
 2.51443E-01,  8.81299E-02,  4.25288E-02,  1.65222E-02,  4.65503E-03
 1.41697E-03,  8.08703E-04,  5.75920E-04,  4.34802E-04,  3.35691E-04
 2.53951E-04,  1.90702E-04,  1.48516E-04,  1.65354E-04,  1.65354E-04
 1.90032E-04,  1.90032E-04,  1.90032E-04,  1.90032E-04,  1.90032E-04
 1.90032E-04,  7.37696E+00,  1.76339E+00,  1.56949E-01,  4.10931E-02
 3.35497E-02,  1.20022E-02,  3.82376E-03,  1.45790E-03,  8.30277E-04
 5.40467E-04,  3.95599E-04,  2.99511E-04,  2.24669E-04,  1.68572E-04
 1.31163E-04,  1.48054E-04,  1.48054E-04,  1.83465E-04,  1.83465E-04
 1.83465E-04,  1.83465E-04,  1.83465E-04,  1.83465E-04,  9.05990E+00
 2.28859E+00,  2.32880E-01,  2.21300E-02,  1.88939E-02,  7.96679E-03
 2.78207E-03,  1.49284E-03,  9.05146E-04,  5.26699E-04,  3.55652E-04
 2.64801E-04,  1.97035E-04,  1.47806E-04,  1.14682E-04,  1.31244E-04
 1.31244E-04,  1.76868E-04,  1.76868E-04,  1.76868E-04,  1.76868E-04
 1.76868E-04,  1.76868E-04,  5.69478E+00,  3.12779E+00,  2.80367E-01
 3.98097E-02,  1.55288E-02,  6.71197E-03,  2.86191E-03,  1.63376E-03
 9.59190E-04,  5.25118E-04,  3.18299E-04,  2.32946E-04,  1.71216E-04
 1.28465E-04,  9.91839E-05,  1.14948E-04,  1.14948E-04,  1.70216E-04
 1.70216E-04,  1.70216E-04,  1.70216E-04,  1.70216E-04,  1.70216E-04
 8.47985E+00,  2.79915E+00,  2.41114E-01,  4.35132E-02,  1.45678E-02
 6.05550E-03,  3.05878E-03,  1.79909E-03,  1.04511E-03,  5.16632E-04
 2.89264E-04,  2.03487E-04,  1.47273E-04,  1.10405E-04,  8.44499E-05
 9.88793E-05,  9.88793E-05,  1.63038E-04,  1.63038E-04,  1.63038E-04
 1.63038E-04,  1.63038E-04,  1.63038E-04,  1.04592E+00,  2.27597E+00
 1.64244E-01,  2.21874E-02,  8.86935E-03,  5.20465E-03,  3.45594E-03
 1.99338E-03,  1.06545E-03,  5.10311E-04,  2.71376E-04,  1.76303E-04
 1.26111E-04,  9.40365E-05,  7.10480E-05,  8.38685E-05,  8.38685E-05
 1.55998E-04,  1.55998E-04,  1.55998E-04,  1.55998E-04,  1.55998E-04
 1.55998E-04,  3.47675E+00,  9.32677E-01,  4.13421E-02,  1.62248E-02
 6.18763E-03,  5.28787E-03,  3.97803E-03,  2.26272E-03,  1.07841E-03
 4.90579E-04,  2.43682E-04,  1.55292E-04,  1.09489E-04,  7.85526E-05
 5.84362E-05,  7.08740E-05,  7.08740E-05,  1.50608E-04,  1.50608E-04
 1.50608E-04,  1.50608E-04,  1.50608E-04,  1.50608E-04,  7.40724E-01
 8.02906E-02,  5.22066E-02,  1.45800E-02,  5.45007E-03,  5.36590E-03
 4.36208E-03,  2.48081E-03,  1.18752E-03,  4.85805E-04,  2.18176E-04
 1.38122E-04,  9.53085E-05,  6.86531E-05,  5.33900E-05,  6.48636E-05
 6.48636E-05,  1.58603E-04,  1.58603E-04,  1.58603E-04,  1.58603E-04
 1.58603E-04,  1.58603E-04,  7.75727E-01,  2.10722E-01,  7.27082E-02
 2.30828E-02,  9.55351E-03,  1.02663E-02,  1.02128E-02,  7.64630E-03
 4.38860E-03,  2.14795E-03,  1.01930E-03,  6.60387E-04,  6.08097E-04
 6.89316E-04,  7.69462E-04,  9.02888E-04,  9.02888E-04,  2.12629E-03
 2.12629E-03,  2.12629E-03,  2.12629E-03,  2.12629E-03,  2.12629E-03
 7.75727E-01,  2.10722E-01,  7.27082E-02,  2.30828E-02,  9.55351E-03
 1.02663E-02,  1.02128E-02,  7.64630E-03,  4.38860E-03,  2.14795E-03
 1.01930E-03,  6.60387E-04,  6.08097E-04,  6.89316E-04,  7.69462E-04
 9.02888E-04,  9.02888E-04,  2.12629E-03,  2.12629E-03,  2.12629E-03
 2.12629E-03,  2.12629E-03,  2.12629E-03,  2.37055E-02,  2.73654E-02
 2.56274E-02,  1.80913E-02,  1.18095E-02,  8.31572E-03,  6.64358E-03
 5.84582E-03,  5.08880E-03,  4.22105E-03,  3.44884E-03,  2.82738E-03
 2.33231E-03,  1.95968E-03,  1.66531E-03,  3.77850E-03,  3.77850E-03
 5.79731E-03,  5.79731E-03,  5.79731E-03,  5.79731E-03,  5.79731E-03
 5.79731E-03,  2.37055E-02,  2.73654E-02,  2.56274E-02,  1.80913E-02
 1.18095E-02,  8.31572E-03,  6.64358E-03,  5.84582E-03,  5.08880E-03
 4.22105E-03,  3.44884E-03,  2.82738E-03,  2.33231E-03,  1.95968E-03
 1.66531E-03,  3.77850E-03,  3.77850E-03,  5.79731E-03,  5.79731E-03
 5.79731E-03,  5.79731E-03,  5.79731E-03,  5.79731E-03,  2.37055E-02
 2.73654E-02,  2.56274E-02,  1.80913E-02,  1.18095E-02,  8.31572E-03
 6.64358E-03,  5.84582E-03,  5.08880E-03,  4.22105E-03,  3.44884E-03
 2.82738E-03,  2.33231E-03,  1.95968E-03,  1.66531E-03,  3.77850E-03
 3.77850E-03,  5.79731E-03,  5.79731E-03,  5.79731E-03,  5.79731E-03
 5.79731E-03,  5.79731E-03,  2.37055E-02,  2.73654E-02,  2.56274E-02
 1.80913E-02,  1.18095E-02,  8.31572E-03,  6.64358E-03,  5.84582E-03
 5.08880E-03,  4.22105E-03,  3.44884E-03,  2.82738E-03,  2.33231E-03
 1.95968E-03,  1.66531E-03,  3.77850E-03,  3.77850E-03,  5.79731E-03
 5.79731E-03,  5.79731E-03,  5.79731E-03,  5.79731E-03,  5.79731E-03
 2.37055E-02,  2.73654E-02,  2.56274E-02,  1.80913E-02,  1.18095E-02
 8.31572E-03,  6.64358E-03,  5.84582E-03,  5.08880E-03,  4.22105E-03
 3.44884E-03,  2.82738E-03,  2.33231E-03,  1.95968E-03,  1.66531E-03
 3.77850E-03,  3.77850E-03,  5.79731E-03,  5.79731E-03,  5.79731E-03
 5.79731E-03,  5.79731E-03,  5.79731E-03,  2.37055E-02,  2.73654E-02
 2.56274E-02,  1.80913E-02,  1.18095E-02,  8.31572E-03,  6.64358E-03
 5.84582E-03,  5.08880E-03,  4.22105E-03,  3.44884E-03,  2.82738E-03
 2.33231E-03,  1.95968E-03,  1.66531E-03,  3.77850E-03,  3.77850E-03
 5.79731E-03,  5.79731E-03,  5.79731E-03,  5.79731E-03,  5.79731E-03
 5.79731E-03

;------ Iteration  4
;-Index  V/I_Meas      V/I_Calc    VI_%ERR
  1,    2.07243E+01,   1.82298E+01,  -12.04
  2,    2.56875E+00,   9.85555E-01,  -61.63
  3,    1.24840E+00,   3.85638E-01,  -69.11
  4,    9.38865E-02,   1.58876E-01,  69.22
  5,    1.51760E-01,   7.88871E-02,  -48.02
  6,    9.01102E-02,   5.69600E-02,  -36.79
  7,    2.51083E+01,   1.89115E+01,  -24.68
  8,    6.05705E+00,   3.35063E+00,  -44.68
  9,    2.62075E+00,   1.03772E+00,  -60.40
  10,    1.10857E+00,   3.18725E-01,  -71.25
  11,    1.39745E-01,   3.85532E-02,  -72.41
  12,    8.66431E-02,   1.19335E-02,  -86.23
  13,    3.66935E-02,   7.02773E-02,  91.53
  14,    2.42305E-01,   8.01904E-02,  -66.91
  15,    1.08723E-01,   7.13611E-02,  -34.36
  16,    6.45944E-02,   5.32950E-02,  -17.49
  17,    3.79840E-02,   3.36754E-02,  -11.34
  18,    2.77012E-02,   2.47697E-02,  -10.58
  19,    2.10235E+01,   3.19226E+01,  51.84
  20,    5.51175E+00,   8.20238E+00,  48.82
  21,    2.10442E+00,   2.27892E+00,  8.29
  22,    8.42778E-01,   4.27851E-01,  -49.23
  23,    1.23720E-01,   5.00614E-02,  -59.54
  24,    8.03241E-02,   6.16191E-02,  -23.29
  25,    2.18757E-01,   1.34646E-01,  -38.45
  26,    1.03491E-01,   9.50315E-02,  -8.17
  27,    5.92737E-02,   6.15029E-02,  3.76
  28,    3.80062E-02,   3.68349E-02,  -3.08
  29,    2.69831E-02,   2.64812E-02,  -1.86
  30,    4.16334E-02,   4.28685E-02,  2.97
  31,    3.13011E-02,   3.23067E-02,  3.21
  32,    2.56430E-02,   2.73778E-02,  6.77
  33,    2.12077E+01,   2.34574E+01,  10.61
  34,    5.34089E+00,   5.02553E+00,  -5.90
  35,    1.90316E+00,   8.04801E-01,  -57.71
  36,    7.61439E-01,   5.23588E-01,  -31.24
  37,    1.40548E-01,   8.60395E-02,  -38.78
  38,    7.82689E-02,   6.29865E-02,  -19.53
  39,    2.08930E-01,   2.08819E-01,  -0.05
  40,    1.10353E-01,   1.42769E-01,  29.37
  41,    5.87669E-02,   8.22560E-02,  39.97
  42,    4.03443E-02,   5.59534E-02,  38.69
  43,    2.84742E-02,   3.57465E-02,  25.54
  44,    4.56410E-02,   4.65522E-02,  2.00
  45,    3.47810E-02,   3.59942E-02,  3.49
  46,    2.67499E-02,   2.68694E-02,  0.45
  47,    4.41874E-02,   4.80163E-02,  8.67
  48,    2.76329E-02,   3.05474E-02,  10.55
  49,    2.43151E-02,   2.57763E-02,  6.01
  50,    2.33259E+01,   1.63019E+01,  -30.11
  51,    4.91551E+00,   1.69222E+00,  -65.57
  52,    1.71542E+00,   6.99398E-01,  -59.23
  53,    7.63683E-01,   3.23057E-01,  -57.70
  54,    1.34355E-01,   4.10433E-02,  -69.45
  55,    8.57191E-02,   3.57980E-02,  -58.24
  56,    2.89493E-02,   5.57560E-02,  92.60
  57,    2.31722E-01,   1.63816E-01,  -29.31
  58,    1.18091E-01,   1.01723E-01,  -13.86
  59,    6.76859E-02,   5.86691E-02,  -13.32
  60,    4.56516E-02,   4.08798E-02,  -10.45
  61,    3.30751E-02,   2.83607E-02,  -14.25
  62,    5.05039E-02,   4.51004E-02,  -10.70
  63,    3.83803E-02,   3.81346E-02,  -0.64
  64,    2.78508E-02,   2.69806E-02,  -3.12
  65,    4.45802E-02,   3.87131E-02,  -13.16
  66,    2.72002E-02,   2.27812E-02,  -16.25
  67,    2.78031E-02,   2.29753E-02,  -17.36
  68,    3.00666E-02,   2.60924E-02,  -13.22
  69,    2.17111E-02,   1.73280E-02,  -20.19
  70,    2.51867E+01,   1.84392E+01,  -26.79
  71,    4.91285E+00,   5.36900E+00,  9.28
  72,    1.79343E+00,   2.10930E+00,  17.61
  73,    8.39700E-01,   2.67234E-01,  -68.18
  74,    1.49670E-01,   2.45405E-01,  63.96
  75,    1.47258E-01,   1.27476E-01,  -13.43
  76,    9.33280E-02,   9.14601E-02,  -2.00
  77,    2.58679E-01,   2.15979E-01,  -16.51
  78,    1.22031E-01,   1.14956E-01,  -5.80
  79,    7.54422E-02,   7.43190E-02,  -1.49
  80,    5.03819E-02,   4.56538E-02,  -9.38
  81,    3.87900E-02,   3.62027E-02,  -6.67
  82,    5.76154E-02,   5.64152E-02,  -2.08
  83,    4.36995E-02,   4.46017E-02,  2.06
  84,    3.19190E-02,   3.13658E-02,  -1.73
  85,    4.86561E-02,   4.97279E-02,  2.20
  86,    3.01298E-02,   3.09883E-02,  2.85
  87,    2.91209E-02,   2.88806E-02,  -0.83
  88,    3.00144E-02,   2.57574E-02,  -14.18
  89,    2.13417E-02,   1.69340E-02,  -20.65
  90,    2.58147E-02,   2.17308E-02,  -15.82
  91,    1.98618E-02,   1.68981E-02,  -14.92
  92,    5.35987E+00,   6.42881E+00,  19.94
  93,    2.08741E+00,   5.79290E-01,  -72.25
  94,    1.02678E+00,   4.30730E-01,  -58.05
  95,    1.87425E-01,   2.42856E-01,  29.57
  96,    1.72181E-01,   1.18836E-01,  -30.98
  97,    1.17447E-01,   9.34570E-02,  -20.43
  98,    2.90909E-01,   2.77806E-01,  -4.50
  99,    1.47621E-01,   1.47245E-01,  -0.25
  100,    8.99679E-02,   9.76726E-02,  8.56
  101,    6.19399E-02,   6.52049E-02,  5.27
  102,    4.74925E-02,   4.61193E-02,  -2.89
  103,    6.89750E-02,   6.62045E-02,  -4.02
  104,    4.92579E-02,   4.68322E-02,  -4.92
  105,    3.40743E-02,   3.26714E-02,  -4.12
  106,    5.22244E-02,   5.19724E-02,  -0.48
  107,    3.38687E-02,   3.46511E-02,  2.31
  108,    3.23105E-02,   3.00555E-02,  -6.98
  109,    3.19228E-02,   3.07118E-02,  -3.79
  110,    2.16338E-02,   1.95748E-02,  -9.52
  111,    2.66745E-02,   2.21458E-02,  -16.98
  112,    2.14036E-02,   1.76946E-02,  -17.33
  113,    5.72150E+00,   1.94256E+00,  -66.05
  114,    2.31320E+00,   1.10094E+00,  -52.41
  115,    9.68294E-01,   5.13804E-01,  -46.94
  116,    1.86464E-01,   2.99487E-01,  60.61
  117,    1.88712E-01,   1.22849E-01,  -34.90
  118,    1.03236E-01,   7.14682E-02,  -30.77
  119,    2.96212E-01,   2.25975E-01,  -23.71
  120,    1.63627E-01,   1.34327E-01,  -17.91
  121,    1.00222E-01,   7.89693E-02,  -21.21
  122,    7.38560E-02,   6.06384E-02,  -17.90
  123,    5.39285E-02,   4.23213E-02,  -21.52
  124,    8.00984E-02,   7.94263E-02,  -0.84
  125,    5.42293E-02,   5.27704E-02,  -2.69
  126,    3.46281E-02,   3.45003E-02,  -0.37
  127,    5.20586E-02,   4.81936E-02,  -7.42
  128,    4.13181E-02,   3.86569E-02,  -6.44
  129,    3.06594E-02,   2.72236E-02,  -11.21
  130,    3.37121E-02,   3.14877E-02,  -6.60
  131,    2.32575E-02,   2.06443E-02,  -11.24
  132,    2.79093E-02,   2.47794E-02,  -11.21
  133,    2.16048E-02,   1.96623E-02,  -8.99
  134,    6.07769E+00,   3.65664E+00,  -39.84
  135,    2.01531E+00,   1.49579E+00,  -25.78
  136,    9.22482E-01,   7.68431E-01,  -16.70
  137,    2.93652E-01,   4.12777E-01,  40.57
  138,    4.42888E-01,   2.64596E-01,  -40.26
  139,    1.43564E-01,   1.43705E-01,  0.10
  140,    9.80310E-02,   9.54879E-02,  -2.59
  141,    2.89595E-01,   2.52523E-01,  -12.80
  142,    1.62090E-01,   1.52053E-01,  -6.19
  143,    1.02372E-01,   9.62360E-02,  -5.99
  144,    7.43722E-02,   6.53429E-02,  -12.14
  145,    5.26667E-02,   5.34285E-02,  1.45
  146,    8.48895E-02,   8.60078E-02,  1.32
  147,    5.70213E-02,   5.66324E-02,  -0.68
  148,    3.24661E-02,   3.44899E-02,  6.23
  149,    5.09961E-02,   5.49664E-02,  7.79
  150,    4.73332E-02,   5.35833E-02,  13.20
  151,    2.71496E-02,   3.10860E-02,  14.50
  152,    3.33201E-02,   3.35961E-02,  0.83
  153,    2.30520E-02,   2.27921E-02,  -1.13
  154,    2.80427E-02,   2.73047E-02,  -2.63
  155,    2.28094E-02,   2.29906E-02,  0.79
  156,    5.95258E+00,   4.42780E+00,  -25.62
  157,    2.26191E+00,   1.86559E+00,  -17.52
  158,    9.77684E-01,   8.66536E-01,  -11.37
  159,    3.24570E-01,   4.76981E-01,  46.96
  160,    4.23618E-01,   2.25309E-01,  -46.81
  161,    1.53060E-01,   1.30987E-01,  -14.42
  162,    9.56131E-02,   8.89761E-02,  -6.94
  163,    2.82887E-01,   2.85416E-01,  0.89
  164,    1.58797E-01,   1.52357E-01,  -4.06
  165,    1.07999E-01,   1.10571E-01,  2.38
  166,    7.42793E-02,   7.38317E-02,  -0.60
  167,    5.51055E-02,   6.47495E-02,  17.50
  168,    8.47283E-02,   8.52022E-02,  0.56
  169,    5.42794E-02,   5.52016E-02,  1.70
  170,    3.04051E-02,   3.26310E-02,  7.32
  171,    5.27314E-02,   5.69790E-02,  8.06
  172,    4.60293E-02,   5.15347E-02,  11.96
  173,    2.79294E-02,   3.22042E-02,  15.31
  174,    3.38499E-02,   3.67892E-02,  8.68
  175,    2.26353E-02,   2.52199E-02,  11.42
  176,    2.78493E-02,   2.86335E-02,  2.82
  177,    6.10244E+00,   4.30264E+00,  -29.49
  178,    2.13197E+00,   1.70047E+00,  -20.24
  179,    9.54436E-01,   8.10949E-01,  -15.03
  180,    2.45200E-01,   3.35024E-01,  36.63
  181,    3.76698E-01,   1.67909E-01,  -55.43
  182,    1.33233E-01,   1.04582E-01,  -21.50
  183,    9.42898E-02,   7.43044E-02,  -21.20
  184,    2.82526E-01,   2.37257E-01,  -16.02
  185,    1.63757E-01,   1.34494E-01,  -17.87
  186,    1.10012E-01,   8.47961E-02,  -22.92
  187,    7.46303E-02,   6.57792E-02,  -11.86
  188,    5.90355E-02,   5.26006E-02,  -10.90
  189,    8.03295E-02,   7.82246E-02,  -2.62
  190,    4.74987E-02,   4.66374E-02,  -1.81
  191,    3.07734E-02,   3.21510E-02,  4.48
  192,    5.14108E-02,   5.26199E-02,  2.35
  193,    4.45487E-02,   4.39626E-02,  -1.32
  194,    2.74163E-02,   2.99356E-02,  9.19
  195,    3.06639E-02,   3.14797E-02,  2.66
  196,    2.23371E-02,   2.30638E-02,  3.25
  197,    2.72825E-02,   2.89239E-02,  6.02
  198,    6.03535E+00,   4.41969E+00,  -26.77
  199,    2.22474E+00,   1.85898E+00,  -16.44
  200,    7.89918E-01,   7.08891E-01,  -10.26
  201,    2.48124E-01,   3.29423E-01,  32.77
  202,    3.35292E-01,   1.96387E-01,  -41.43
  203,    1.32921E-01,   1.33775E-01,  0.64
  204,    8.68220E-02,   8.30945E-02,  -4.29
  205,    2.64123E-01,   2.23845E-01,  -15.25
  206,    1.65569E-01,   1.45998E-01,  -11.82
  207,    1.07036E-01,   9.00369E-02,  -15.88
  208,    7.59017E-02,   7.44425E-02,  -1.92
  209,    5.40453E-02,   5.13663E-02,  -4.96
  210,    8.10408E-02,   7.22782E-02,  -10.81
  211,    4.27062E-02,   3.89748E-02,  -8.74
  212,    3.14016E-02,   3.06996E-02,  -2.24
  213,    5.61689E-02,   5.96601E-02,  6.22
  214,    3.83145E-02,   4.00203E-02,  4.45
  215,    2.56840E-02,   2.83635E-02,  10.43
  216,    2.82814E-02,   2.93832E-02,  3.90
  217,    2.13449E-02,   2.26149E-02,  5.95
  218,    2.72835E-02,   2.95867E-02,  8.44
  219,    2.60792E+01,   1.58164E+01,  -39.35
  220,    5.43997E+00,   4.66693E+00,  -14.21
  221,    1.55118E+00,   1.45120E+00,  -6.45
  222,    6.28012E-01,   5.45092E-01,  -13.20
  223,    2.03822E-01,   2.83191E-01,  38.94
  224,    2.36711E-01,   1.67372E-01,  -29.29
  225,    1.01014E-01,   9.64293E-02,  -4.54
  226,    7.10739E-02,   6.55873E-02,  -7.72
  227,    2.37972E-01,   2.37177E-01,  -0.33
  228,    1.50735E-01,   1.38689E-01,  -7.99
  229,    9.68624E-02,   1.02645E-01,  5.97
  230,    7.46612E-02,   7.89978E-02,  5.81
  231,    4.77969E-02,   5.06604E-02,  5.99
  232,    7.03605E-02,   6.30654E-02,  -10.37
  233,    3.70233E-02,   3.28755E-02,  -11.20
  234,    3.44764E-02,   3.28270E-02,  -4.78
  235,    5.95121E-02,   5.84238E-02,  -1.83
  236,    3.17637E-02,   3.18292E-02,  0.21
  237,    2.44197E-02,   2.35362E-02,  -3.62
  238,    2.69293E-02,   2.92938E-02,  8.78
  239,    1.95159E-02,   2.13857E-02,  9.58
  240,    2.63180E-02,   2.86833E-02,  8.99
  241,    6.07736E+00,   4.90524E+00,  -19.29
  242,    1.93509E+00,   1.48839E+00,  -23.08
  243,    6.86918E-01,   6.61764E-01,  -3.66
  244,    2.31855E-01,   3.25288E-01,  40.30
  245,    2.85318E-01,   1.66742E-01,  -41.56
  246,    1.19573E-01,   1.04618E-01,  -12.51
  247,    8.72093E-02,   8.77821E-02,  0.66
  248,    2.50916E-01,   2.42863E-01,  -3.21
  249,    1.50949E-01,   1.38508E-01,  -8.24
  250,    9.97042E-02,   1.10138E-01,  10.46
  251,    6.79016E-02,   7.36871E-02,  8.52
  252,    4.91152E-02,   4.77971E-02,  -2.68
  253,    6.06553E-02,   6.05185E-02,  -0.23
  254,    3.72737E-02,   3.77892E-02,  1.38
  255,    3.47560E-02,   3.58795E-02,  3.23
  256,    5.53386E-02,   5.26813E-02,  -4.80
  257,    3.16469E-02,   3.07169E-02,  -2.94
  258,    2.13461E-02,   2.02416E-02,  -5.17
  259,    2.57171E-02,   2.60916E-02,  1.46
  260,    1.88288E-02,   1.97660E-02,  4.98
  261,    2.46788E-02,   2.80881E-02,  13.81
  262,    1.83269E+00,   1.36979E+00,  -25.26
  263,    6.79957E-01,   5.63701E-01,  -17.10
  264,    1.85478E-01,   2.53768E-01,  36.82
  265,    3.07694E-01,   1.44503E-01,  -53.04
  266,    1.19004E-01,   1.13336E-01,  -4.76
  267,    8.97034E-02,   7.01991E-02,  -21.74
  268,    2.70660E-01,   2.22673E-01,  -17.73
  269,    1.57234E-01,   1.52806E-01,  -2.82
  270,    1.12358E-01,   1.12371E-01,  0.01
  271,    6.80839E-02,   6.86342E-02,  0.81
  272,    4.72548E-02,   4.60384E-02,  -2.57
  273,    5.29234E-02,   5.02936E-02,  -4.97
  274,    3.74505E-02,   3.71433E-02,  -0.82
  275,    3.42883E-02,   3.23892E-02,  -5.54
  276,    5.42960E-02,   5.08785E-02,  -6.29
  277,    3.08836E-02,   3.26014E-02,  5.56
  278,    1.97530E-02,   2.01345E-02,  1.93
  279,    2.42351E-02,   2.33097E-02,  -3.82
  280,    1.85181E-02,   1.89232E-02,  2.19
  281,    2.43974E-02,   2.60815E-02,  6.90
  282,    2.09371E+00,   1.51679E+00,  -27.55
  283,    7.79404E-01,   5.79454E-01,  -25.65
  284,    1.91602E-01,   2.89527E-01,  51.11
  285,    3.78759E-01,   2.05898E-01,  -45.64
  286,    1.48487E-01,   1.17298E-01,  -21.00
  287,    9.99060E-02,   8.09972E-02,  -18.93
  288,    2.88083E-01,   2.41194E-01,  -16.28
  289,    1.73485E-01,   1.78355E-01,  2.81
  290,    1.09826E-01,   1.13604E-01,  3.44
  291,    7.46354E-02,   6.87099E-02,  -7.94
  292,    4.36110E-02,   4.16919E-02,  -4.40
  293,    5.13951E-02,   4.77320E-02,  -7.13
  294,    4.50839E-02,   4.48782E-02,  -0.46
  295,    2.97197E-02,   2.69836E-02,  -9.21
  296,    4.69384E-02,   4.39988E-02,  -6.26
  297,    2.95880E-02,   2.95002E-02,  -0.30
  298,    1.92295E-02,   1.93040E-02,  0.39
  299,    2.35129E-02,   2.39890E-02,  2.02
  300,    1.79449E-02,   1.92400E-02,  7.22
  301,    1.95633E+00,   1.28662E+00,  -34.23
  302,    7.22030E-01,   5.50044E-01,  -23.82
  303,    2.45501E-01,   3.45852E-01,  40.88
  304,    3.14589E-01,   1.76158E-01,  -44.00
  305,    1.32839E-01,   1.12031E-01,  -15.66
  306,    9.12254E-02,   8.78673E-02,  -3.68
  307,    2.81530E-01,   2.86689E-01,  1.83
  308,    1.84205E-01,   1.96307E-01,  6.57
  309,    1.01430E-01,   1.12495E-01,  10.91
  310,    6.69656E-02,   7.01563E-02,  4.76
  311,    3.76459E-02,   3.67624E-02,  -2.35
  312,    5.08173E-02,   5.02798E-02,  -1.06
  313,    4.43708E-02,   4.41390E-02,  -0.52
  314,    2.39373E-02,   2.30071E-02,  -3.89
  315,    3.91844E-02,   3.91941E-02,  0.02
  316,    2.76876E-02,   2.74410E-02,  -0.89
  317,    1.84457E-02,   1.90178E-02,  3.10
  318,    2.23618E-02,   2.26829E-02,  1.44
  319,    1.70212E-02,   1.83598E-02,  7.86
  320,    2.45714E+00,   1.13681E+00,  -53.73
  321,    9.03480E-01,   6.24835E-01,  -30.84
  322,    1.82202E-01,   2.81166E-01,  54.32
  323,    1.66081E-01,   1.21669E-01,  -26.74
  324,    1.09426E-01,   1.00276E-01,  -8.36
  325,    3.16558E-01,   3.17935E-01,  0.44
  326,    1.79875E-01,   1.90573E-01,  5.95
  327,    1.09995E-01,   1.07037E-01,  -2.69
  328,    5.94460E-02,   6.10544E-02,  2.71
  329,    3.31911E-02,   3.29424E-02,  -0.75
  330,    5.25062E-02,   5.42741E-02,  3.37
  331,    4.42747E-02,   4.31210E-02,  -2.61
  332,    2.24154E-02,   2.31513E-02,  3.28
  333,    3.92747E-02,   3.91967E-02,  -0.20
  334,    2.48500E-02,   2.42709E-02,  -2.33
  335,    1.74309E-02,   1.74937E-02,  0.36
  336,    2.08296E-02,   2.13346E-02,  2.42
  337,    1.74077E-02,   1.86387E-02,  7.07
  338,    2.15001E+00,   1.37326E+00,  -36.13
  339,    9.91793E-01,   5.01038E-01,  -49.48
  340,    1.39811E-01,   2.37591E-01,  69.94
  341,    1.61607E-01,   1.24537E-01,  -22.94
  342,    1.27958E-01,   9.64328E-02,  -24.64
  343,    3.73491E-01,   3.10762E-01,  -16.80
  344,    1.82501E-01,   1.66625E-01,  -8.70
  345,    1.07117E-01,   9.73310E-02,  -9.14
  346,    5.49832E-02,   4.78493E-02,  -12.97
  347,    3.14264E-02,   2.90787E-02,  -7.47
  348,    5.80390E-02,   6.03266E-02,  3.94
  349,    3.50537E-02,   3.30286E-02,  -5.78
  350,    2.26806E-02,   2.41957E-02,  6.68
  351,    3.84461E-02,   3.96098E-02,  3.03
  352,    2.28213E-02,   2.27197E-02,  -0.45
  353,    1.63110E-02,   1.61511E-02,  -0.98
  354,    2.02806E-02,   2.04579E-02,  0.87
  355,    6.32291E+00,   6.32385E+00,  0.01
  356,    2.42941E+00,   1.84593E+00,  -24.02
  357,    9.34296E-01,   6.81769E-01,  -27.03
  358,    2.53052E-01,   4.01087E-01,  58.50
  359,    4.70146E-01,   2.68753E-01,  -42.84
  360,    2.05146E-01,   1.91149E-01,  -6.82
  361,    1.38997E-01,   1.35042E-01,  -2.85
  362,    3.64430E-01,   3.52445E-01,  -3.29
  363,    1.98949E-01,   1.75167E-01,  -11.95
  364,    9.42916E-02,   9.23807E-02,  -2.03
  365,    4.87184E-02,   4.57210E-02,  -6.15
  366,    3.58201E-02,   3.53152E-02,  -1.41
  367,    6.18732E-02,   6.25966E-02,  1.17
  368,    3.14527E-02,   2.99112E-02,  -4.90
  369,    2.36043E-02,   2.40498E-02,  1.89
  370,    3.66439E-02,   3.72060E-02,  1.53
  371,    2.19586E-02,   2.25363E-02,  2.63
  372,    1.62634E-02,   1.64284E-02,  1.01
  373,    2.03385E-02,   2.12136E-02,  4.30
  374,    2.14589E+00,   1.16144E+00,  -45.88
  375,    8.45372E-01,   6.10047E-01,  -27.84
  376,    2.44612E-01,   3.69582E-01,  51.09
  377,    1.99963E-01,   1.66414E-01,  -16.78
  378,    1.13386E-01,   1.11945E-01,  -1.27
  379,    3.50445E-01,   3.38792E-01,  -3.33
  380,    1.83315E-01,   1.72326E-01,  -5.99
  381,    8.18915E-02,   7.59587E-02,  -7.24
  382,    4.43376E-02,   4.26963E-02,  -3.70
  383,    3.74022E-02,   3.99501E-02,  6.81
  384,    6.16918E-02,   5.76176E-02,  -6.60
  385,    2.91736E-02,   2.87203E-02,  -1.55
  386,    2.26963E-02,   2.12733E-02,  -6.27
  387,    3.60432E-02,   3.40893E-02,  -5.42
  388,    2.23686E-02,   2.19557E-02,  -1.85
  389,    1.57647E-02,   1.52215E-02,  -3.45
  390,    1.92219E-02,   1.97151E-02,  2.57
  391,    1.99952E+00,   1.40840E+00,  -29.56
  392,    8.46089E-01,   7.47582E-01,  -11.64
  393,    3.85740E-01,   4.53334E-01,  17.52
  394,    1.78218E-01,   1.86455E-01,  4.62
  395,    1.34689E-01,   1.11074E-01,  -17.53
  396,    3.74887E-01,   3.13529E-01,  -16.37
  397,    1.54621E-01,   1.47356E-01,  -4.70
  398,    7.03302E-02,   6.39562E-02,  -9.06
  399,    4.76763E-02,   4.66706E-02,  -2.11
  400,    3.89113E-02,   3.96441E-02,  1.88
  401,    5.12519E-02,   4.64654E-02,  -9.34
  402,    3.10974E-02,   3.19248E-02,  2.66
  403,    1.97023E-02,   1.85210E-02,  -6.00
  404,    3.20080E-02,   3.01183E-02,  -5.90
  405,    2.10656E-02,   2.03143E-02,  -3.57
  406,    1.54380E-02,   1.46533E-02,  -5.08
  407,    1.94699E-02,   1.93209E-02,  -0.77
  408,    6.11714E+00,   3.73123E+00,  -39.00
  409,    1.96900E+00,   1.69767E+00,  -13.78
  410,    1.11223E+00,   9.38748E-01,  -15.60
  411,    4.54019E-01,   5.67268E-01,  24.94
  412,    4.47306E-01,   3.51547E-01,  -21.41
  413,    2.22446E-01,   1.99516E-01,  -10.31
  414,    1.42246E-01,   1.36636E-01,  -3.94
  415,    3.65735E-01,   3.62205E-01,  -0.97
  416,    1.39970E-01,   1.38738E-01,  -0.88
  417,    6.62039E-02,   6.97239E-02,  5.32
  418,    5.30261E-02,   6.18453E-02,  16.63
  419,    4.62791E-02,   4.75057E-02,  2.65
  420,    4.34874E-02,   4.17411E-02,  -4.02
  421,    3.12419E-02,   3.16684E-02,  1.37
  422,    1.85895E-02,   1.80816E-02,  -2.73
  423,    3.09585E-02,   3.06146E-02,  -1.11
  424,    2.11322E-02,   2.03034E-02,  -3.92
  425,    1.56539E-02,   1.54445E-02,  -1.34
  426,    2.06630E-02,   2.03791E-02,  -1.37
  427,    5.59096E+00,   3.48612E+00,  -37.65
  428,    2.54020E+00,   1.63992E+00,  -35.44
  429,    1.17197E+00,   9.09845E-01,  -22.37
  430,    3.70809E-01,   5.35978E-01,  44.54
  431,    2.29461E-01,   1.89074E-01,  -17.60
  432,    1.23286E-01,   1.24454E-01,  0.95
  433,    3.23268E-01,   3.38628E-01,  4.75
  434,    1.25831E-01,   1.27256E-01,  1.13
  435,    7.66221E-02,   8.68985E-02,  13.41
  436,    5.95566E-02,   6.97251E-02,  17.07
  437,    3.93403E-02,   3.98858E-02,  1.39
  438,    4.23110E-02,   4.41239E-02,  4.28
  439,    3.11593E-02,   3.07132E-02,  -1.43
  440,    1.91772E-02,   1.95855E-02,  2.13
  441,    3.08001E-02,   3.04051E-02,  -1.28
  442,    2.13899E-02,   2.06074E-02,  -3.66
  443,    1.53893E-02,   1.52735E-02,  -0.75
  444,    1.10216E+00,   8.55001E-01,  -22.42
  445,    3.55291E-01,   4.30287E-01,  21.11
  446,    2.01173E-01,   1.73197E-01,  -13.91
  447,    1.09193E-01,   9.33013E-02,  -14.55
  448,    2.85219E-01,   2.57254E-01,  -9.80
  449,    1.14398E-01,   1.16662E-01,  1.98
  450,    8.33429E-02,   9.85775E-02,  18.28
  451,    6.73928E-02,   7.10003E-02,  5.35
  452,    3.10131E-02,   2.90622E-02,  -6.29
  453,    4.63897E-02,   5.14872E-02,  10.99
  454,    2.79575E-02,   2.79232E-02,  -0.12
  455,    1.93758E-02,   1.99256E-02,  2.84
  456,    3.14156E-02,   3.16259E-02,  0.67
  457,    2.10809E-02,   2.03191E-02,  -3.61
  458,    1.58374E-02,   1.59037E-02,  0.42
  459,    2.59148E+00,   1.40802E+00,  -45.67
  460,    2.69711E-01,   3.77668E-01,  40.03
  461,    1.79430E-01,   1.22055E-01,  -31.98
  462,    9.71550E-02,   6.78956E-02,  -30.12
  463,    2.52782E-01,   2.05266E-01,  -18.80
  464,    1.31542E-01,   1.31600E-01,  0.04
  465,    9.25395E-02,   1.00724E-01,  8.84
  466,    5.65087E-02,   5.41790E-02,  -4.12
  467,    3.04459E-02,   2.92584E-02,  -3.90
  468,    4.72243E-02,   4.88815E-02,  3.51
  469,    2.64648E-02,   2.62761E-02,  -0.71
  470,    1.95223E-02,   1.93580E-02,  -0.84
  471,    3.12206E-02,   3.10314E-02,  -0.61
  472,    2.13894E-02,   2.08142E-02,  -2.69
  473,    1.68177E-02,   1.67685E-02,  -0.29
  474,    6.58037E+00,   3.74575E+00,  -43.08
  475,    1.32024E+00,   7.12871E-01,  -46.00
  476,    2.97713E-01,   4.13921E-01,  39.03
  477,    1.39096E-01,   1.06596E-01,  -23.37
  478,    7.57013E-02,   6.95390E-02,  -8.14
  479,    2.18441E-01,   1.99945E-01,  -8.47
  480,    1.42850E-01,   1.60594E-01,  12.42
  481,    1.04678E-01,   1.09550E-01,  4.65
  482,    4.50503E-02,   4.24029E-02,  -5.88
  483,    3.05649E-02,   3.53538E-02,  15.67
  484,    4.68946E-02,   4.75282E-02,  1.35
  485,    2.70807E-02,   2.87705E-02,  6.24
  486,    1.89779E-02,   1.91536E-02,  0.93
  487,    3.05025E-02,   3.04947E-02,  -0.03
  488,    2.15553E-02,   2.16593E-02,  0.48
  489,    1.75997E-02,   1.77849E-02,  1.05
  490,    1.13693E+00,   6.72911E-01,  -40.81
  491,    2.05482E-01,   3.07916E-01,  49.85
  492,    1.19034E-01,   9.21855E-02,  -22.56
  493,    7.44040E-02,   6.52044E-02,  -12.36
  494,    2.40615E-01,   2.41640E-01,  0.43
  495,    1.56809E-01,   1.75284E-01,  11.78
  496,    8.71872E-02,   8.84920E-02,  1.50
  497,    4.46907E-02,   4.55822E-02,  1.99
  498,    3.42368E-02,   3.89474E-02,  13.76
  499,    4.33740E-02,   4.32656E-02,  -0.25
  500,    2.79442E-02,   2.95679E-02,  5.81
  501,    1.95538E-02,   2.00060E-02,  2.31
  502,    3.21501E-02,   3.26016E-02,  1.40
  503,    2.18782E-02,   2.26748E-02,  3.64
  504,    1.00591E+00,   5.11919E-01,  -49.11
  505,    1.33652E-01,   2.14551E-01,  60.53
  506,    1.16760E-01,   8.10452E-02,  -30.59
  507,    1.05913E-01,   8.54719E-02,  -19.30
  508,    2.82124E-01,   2.65126E-01,  -6.03
  509,    1.88030E-01,   1.69544E-01,  -9.83
  510,    7.33085E-02,   6.15150E-02,  -16.09
  511,    4.74624E-02,   4.96520E-02,  4.61
  512,    3.83079E-02,   3.59963E-02,  -6.03
  513,    4.16925E-02,   4.19918E-02,  0.72
  514,    2.93357E-02,   2.96990E-02,  1.24
  515,    2.03250E-02,   2.01083E-02,  -1.07
  516,    3.25848E-02,   3.16950E-02,  -2.73
  517,    2.32618E-02,   2.34928E-02,  0.99
  518,    5.57527E+00,   4.64596E+00,  -16.67
  519,    1.77954E+00,   1.48366E+00,  -16.63
  520,    6.51715E-01,   4.72089E-01,  -27.56
  521,    1.22119E-01,   2.01740E-01,  65.20
  522,    2.99050E-01,   1.23061E-01,  -58.85
  523,    1.29912E-01,   1.22106E-01,  -6.01
  524,    7.71218E-02,   8.17642E-02,  6.02
  525,    2.81795E-01,   2.70033E-01,  -4.17
  526,    1.40823E-01,   1.23655E-01,  -12.19
  527,    6.60604E-02,   5.94115E-02,  -10.06
  528,    4.80322E-02,   4.91004E-02,  2.22
  529,    3.00191E-02,   2.78623E-02,  -7.18
  530,    4.15528E-02,   4.23988E-02,  2.04
  531,    2.76315E-02,   2.70304E-02,  -2.18
  532,    2.04332E-02,   1.97162E-02,  -3.51
  533,    3.21279E-02,   3.18250E-02,  -0.94
  534,    2.37388E-02,   2.43945E-02,  2.76
  535,    5.21130E+00,   5.94887E+00,  14.15
  536,    1.56605E+00,   1.49820E+00,  -4.33
  537,    5.72462E-01,   4.80774E-01,  -16.02
  538,    1.76971E-01,   2.51304E-01,  42.00
  539,    3.34841E-01,   2.28067E-01,  -31.89
  540,    1.32818E-01,   1.45622E-01,  9.64
  541,    1.26665E-01,   1.24100E-01,  -2.03
  542,    3.23660E-01,   3.13887E-01,  -3.02
  543,    1.12088E-01,   9.73624E-02,  -13.14
  544,    6.67424E-02,   7.32674E-02,  9.78
  545,    5.08003E-02,   5.03341E-02,  -0.92
  546,    2.72923E-02,   2.71353E-02,  -0.58
  547,    4.16490E-02,   4.22321E-02,  1.40
  548,    2.77499E-02,   2.70878E-02,  -2.39
  549,    2.03417E-02,   1.95358E-02,  -3.96
  550,    3.29427E-02,   3.23749E-02,  -1.72
  551,    2.57314E-02,   2.53395E-02,  -1.52
  552,    2.38875E+01,   2.47929E+01,  3.79
  553,    4.41358E+00,   4.69984E+00,  6.49
  554,    1.29953E+00,   1.17058E+00,  -9.92
  555,    5.60187E-01,   5.18668E-01,  -7.41
  556,    3.87876E-01,   4.25143E-01,  9.61
  557,    2.58467E-01,   2.57705E-01,  -0.29
  558,    2.11006E-01,   2.07843E-01,  -1.50
  559,    1.19297E-01,   1.12064E-01,  -6.06
  560,    2.93383E-01,   2.72009E-01,  -7.29
  561,    1.22231E-01,   1.11495E-01,  -8.78
  562,    8.06615E-02,   8.61842E-02,  6.85
  563,    4.70720E-02,   4.56274E-02,  -3.07
  564,    3.13164E-02,   3.21303E-02,  2.60
  565,    4.31678E-02,   4.45386E-02,  3.18
  566,    2.89400E-02,   2.82183E-02,  -2.49
  567,    1.97790E-02,   1.96331E-02,  -0.74
  568,    3.36847E-02,   3.31034E-02,  -1.73
  569,    1.67942E+01,   1.61042E+01,  -4.11
  570,    3.07161E+00,   2.81615E+00,  -8.32
  571,    1.08454E+00,   1.01787E+00,  -6.15
  572,    7.31747E-01,   7.36228E-01,  0.61
  573,    3.66913E-01,   4.19975E-01,  14.46
  574,    3.27837E-01,   3.19727E-01,  -2.47
  575,    1.69613E-01,   1.62178E-01,  -4.38
  576,    8.09325E-02,   7.26357E-02,  -10.25
  577,    2.31591E-01,   1.99814E-01,  -13.72
  578,    1.24665E-01,   1.35485E-01,  8.68
  579,    8.57160E-02,   8.64290E-02,  0.83
  580,    4.33129E-02,   4.37064E-02,  0.91
  581,    3.19547E-02,   3.44125E-02,  7.69
  582,    4.37952E-02,   4.39143E-02,  0.27
  583,    3.06382E-02,   2.97664E-02,  -2.85
  584,    2.15092E-02,   2.16265E-02,  0.55
  585,    3.42349E-02,   3.44015E-02,  0.49
  586,    9.89550E+00,   9.82480E+00,  -0.71
  587,    2.38184E+00,   2.34619E+00,  -1.50
  588,    1.39654E+00,   1.39567E+00,  -0.06
  589,    6.61919E-01,   7.33082E-01,  10.75
  590,    5.03590E-01,   5.22240E-01,  3.70
  591,    2.93625E-01,   2.48582E-01,  -15.34
  592,    1.16914E-01,   1.04894E-01,  -10.28
  593,    7.23241E-02,   5.79938E-02,  -19.81
  594,    2.19162E-01,   2.00309E-01,  -8.60
  595,    1.30039E-01,   1.43086E-01,  10.03
  596,    6.85258E-02,   7.00010E-02,  2.15
  597,    4.31907E-02,   4.67866E-02,  8.33
  598,    2.99446E-02,   3.23369E-02,  7.99
  599,    4.31238E-02,   4.44240E-02,  3.02
  600,    2.98551E-02,   2.96140E-02,  -0.81
  601,    2.25431E-02,   2.26013E-02,  0.26
  602,    3.65465E-02,   3.62225E-02,  -0.89
  603,    7.08428E+00,   7.58460E+00,  7.06
  604,    2.89216E+00,   2.68338E+00,  -7.22
  605,    1.21571E+00,   1.20619E+00,  -0.78
  606,    8.93043E-01,   7.86363E-01,  -11.95
  607,    2.57100E-01,   3.50563E-01,  36.35
  608,    3.13606E-01,   1.40016E-01,  -55.35
  609,    1.00731E-01,   7.43358E-02,  -26.20
  610,    7.36282E-02,   7.21462E-02,  -2.01
  611,    2.12331E-01,   2.27184E-01,  7.00
  612,    1.30740E-01,   1.33920E-01,  2.43
  613,    6.02286E-02,   6.32284E-02,  4.98
  614,    4.17568E-02,   4.75904E-02,  13.97
  615,    2.89149E-02,   3.09218E-02,  6.94
  616,    4.07218E-02,   4.25606E-02,  4.52
  617,    2.70620E-02,   2.73061E-02,  0.90
  618,    2.15469E-02,   2.20933E-02,  2.54
  619,    3.70290E-02,   3.72008E-02,  0.46
  620,    8.79268E+00,   8.67837E+00,  -1.30
  621,    2.54118E+00,   2.36817E+00,  -6.81
  622,    1.74784E+00,   1.26826E+00,  -27.44
  623,    6.85082E-01,   5.01535E-01,  -26.79
  624,    9.80398E-02,   1.82843E-01,  86.50
  625,    3.19806E-01,   9.10652E-02,  -71.52
  626,    1.07180E-01,   8.55359E-02,  -20.19
  627,    6.78824E-02,   6.23775E-02,  -8.11
  628,    2.20046E-01,   2.12933E-01,  -3.23
  629,    1.04101E-01,   9.71463E-02,  -6.68
  630,    5.97977E-02,   6.20219E-02,  3.72
  631,    3.92570E-02,   4.13190E-02,  5.25
  632,    2.71704E-02,   2.80461E-02,  3.22
  633,    4.00146E-02,   4.06310E-02,  1.54
  634,    2.61179E-02,   2.72666E-02,  4.40
  635,    2.11287E-02,   2.08147E-02,  -1.49
  636,    8.51856E+00,   8.62257E+00,  1.22
  637,    3.76990E+00,   2.87673E+00,  -23.69
  638,    1.38552E+00,   9.04072E-01,  -34.75
  639,    4.72214E-01,   2.77426E-01,  -41.25
  640,    3.79685E-01,   1.07366E-01,  -71.72
  641,    1.03746E-01,   7.50417E-02,  -27.67
  642,    8.84052E-02,   5.96209E-02,  -32.56
  643,    6.38813E-02,   1.21877E-01,  90.79
  644,    2.34054E-01,   1.76804E-01,  -24.46
  645,    9.64497E-02,   7.77927E-02,  -19.34
  646,    6.11518E-02,   5.62061E-02,  -8.09
  647,    3.98833E-02,   3.51977E-02,  -11.75
  648,    2.58941E-02,   2.25431E-02,  -12.94
  649,    3.89861E-02,   3.60513E-02,  -7.53
  650,    2.69907E-02,   2.57839E-02,  -4.47
  651,    1.67956E+01,   2.04351E+01,  21.67
  652,    3.93603E+00,   4.35733E+00,  10.70
  653,    1.17817E+00,   1.05753E+00,  -10.24
  654,    5.67485E-01,   3.87024E-01,  -31.80
  655,    2.37236E-01,   3.07669E-01,  29.69
  656,    3.31717E-01,   2.00740E-01,  -39.48
  657,    1.69616E-01,   1.50103E-01,  -11.50
  658,    9.37500E-02,   8.22560E-02,  -12.26
  659,    2.30507E-01,   1.88627E-01,  -18.17
  660,    1.20047E-01,   1.10138E-01,  -8.25
  661,    7.20498E-02,   6.89749E-02,  -4.27
  662,    4.71842E-02,   4.41084E-02,  -6.52
  663,    3.35480E-02,   3.06392E-02,  -8.67
  664,    4.16027E-02,   3.81044E-02,  -8.41
  665,    3.09103E-02,   2.89169E-02,  -6.45
  666,    1.11676E+01,   1.38723E+01,  24.22
  667,    2.19845E+00,   2.27159E+00,  3.33
  668,    9.13035E-01,   6.75752E-01,  -25.99
  669,    5.31806E-01,   4.80812E-01,  -9.59
  670,    2.15799E-01,   2.93364E-01,  35.94
  671,    2.88455E-01,   2.08071E-01,  -27.87
  672,    1.14386E-01,   1.08498E-01,  -5.15
  673,    6.52320E-02,   6.36341E-02,  -2.45
  674,    2.13195E-01,   2.06355E-01,  -3.21
  675,    1.23952E-01,   1.37615E-01,  11.02
  676,    7.43755E-02,   8.01826E-02,  7.81
  677,    4.60745E-02,   4.81200E-02,  4.44
  678,    3.48140E-02,   3.60915E-02,  3.67
  679,    4.40071E-02,   4.34008E-02,  -1.38
  680,    3.26938E-02,   3.10959E-02,  -4.89
  681,    1.45624E+01,   1.49424E+01,  2.61
  682,    3.87921E+00,   2.75585E+00,  -28.96
  683,    2.00283E+00,   1.54518E+00,  -22.85
  684,    9.35157E-01,   8.25043E-01,  -11.77
  685,    4.28887E-01,   5.30562E-01,  23.71
  686,    1.69178E-01,   1.40729E-01,  -16.82
  687,    1.22778E-01,   1.10683E-01,  -9.85
  688,    2.95345E-01,   2.93212E-01,  -0.72
  689,    1.60030E-01,   1.70862E-01,  6.77
  690,    9.53733E-02,   1.01896E-01,  6.84
  691,    6.40765E-02,   6.64925E-02,  3.77
  692,    3.95353E-02,   3.98378E-02,  0.77
  693,    5.81647E-02,   5.94192E-02,  2.16
  694,    1.31056E+01,   1.17277E+01,  -10.51
  695,    4.77626E+00,   4.25856E+00,  -10.84
  696,    2.07477E+00,   1.85231E+00,  -10.72
  697,    1.30047E+00,   1.03699E+00,  -20.26
  698,    2.83145E-01,   4.37729E-01,  54.60
  699,    2.04505E-01,   1.69824E-01,  -16.96
  700,    1.40413E-01,   1.31959E-01,  -6.02
  701,    3.94026E-01,   3.88482E-01,  -1.41
  702,    2.13369E-01,   2.09552E-01,  -1.79
  703,    1.18608E-01,   1.17394E-01,  -1.02
  704,    8.40657E-02,   8.25772E-02,  -1.77
  705,    5.06893E-02,   4.88507E-02,  -3.63
  706,    6.94621E-02,   6.94346E-02,  -0.04
  707,    1.21473E+01,   1.27150E+01,  4.67
  708,    3.39929E+00,   3.64943E+00,  7.36
  709,    1.98238E+00,   1.67064E+00,  -15.73
  710,    7.77106E-01,   6.01914E-01,  -22.54
  711,    1.71175E-01,   2.79347E-01,  63.19
  712,    4.39087E-01,   1.98942E-01,  -54.69
  713,    1.62261E-01,   1.48975E-01,  -8.19
  714,    1.13441E-01,   1.09735E-01,  -3.27
  715,    3.60388E-01,   3.46980E-01,  -3.72
  716,    1.96316E-01,   1.92890E-01,  -1.74
  717,    1.20394E-01,   1.18423E-01,  -1.64
  718,    6.97173E-02,   6.64396E-02,  -4.70
  719,    5.05887E-02,   5.01258E-02,  -0.91
  720,    7.48064E-02,   7.19058E-02,  -3.88
  721,    9.51800E+00,   1.06398E+01,  11.79
  722,    3.52661E+00,   3.22427E+00,  -8.57
  723,    1.25238E+00,   9.32668E-01,  -25.53
  724,    5.38351E-01,   3.75893E-01,  -30.18
  725,    1.75711E-01,   2.47470E-01,  40.84
  726,    3.80979E-01,   1.76598E-01,  -53.65
  727,    1.47120E-01,   1.26233E-01,  -14.20
  728,    9.73818E-02,   8.04004E-02,  -17.44
  729,    3.10154E-01,   2.78281E-01,  -10.28
  730,    1.59645E-01,   1.46115E-01,  -8.47
  731,    1.04328E-01,   9.72419E-02,  -6.79
  732,    5.94718E-02,   5.38272E-02,  -9.49
  733,    4.46862E-02,   4.21693E-02,  -5.63
  734,    1.07297E+01,   1.20221E+01,  12.04
  735,    2.60551E+00,   2.32893E+00,  -10.62
  736,    9.77850E-01,   7.65798E-01,  -21.69
  737,    5.65629E-01,   4.52406E-01,  -20.02
  738,    2.41966E-01,   3.03613E-01,  25.48
  739,    3.24049E-01,   2.09525E-01,  -35.34
  740,    1.42596E-01,   1.30357E-01,  -8.58
  741,    1.08078E-01,   1.05438E-01,  -2.44
  742,    3.00082E-01,   2.79850E-01,  -6.74
  743,    1.71920E-01,   1.61696E-01,  -5.95
  744,    9.15940E-02,   8.57679E-02,  -6.36
  745,    6.33555E-02,   6.12581E-02,  -3.31
  746,    4.34306E-02,   4.09409E-02,  -5.73
  747,    7.77629E+00,   8.80269E+00,  13.20
  748,    1.92329E+00,   1.76387E+00,  -8.29
  749,    9.67088E-01,   8.26684E-01,  -14.52
  750,    5.37815E-01,   4.90606E-01,  -8.78
  751,    2.54371E-01,   3.17009E-01,  24.62
  752,    2.74375E-01,   1.89228E-01,  -31.03
  753,    1.47296E-01,   1.47988E-01,  0.47
  754,    9.00716E-02,   9.02108E-02,  0.15
  755,    2.80558E-01,   2.78164E-01,  -0.85
  756,    1.71164E-01,   1.75045E-01,  2.27
  757,    9.03551E-02,   9.11617E-02,  0.89
  758,    6.50338E-02,   6.83660E-02,  5.12
  759,    4.61509E-02,   4.77850E-02,  3.54
  760,    8.37240E+00,   8.41630E+00,  0.52
  761,    2.79498E+00,   2.34878E+00,  -15.96
  762,    1.36425E+00,   1.11830E+00,  -18.03
  763,    7.50799E-01,   6.51927E-01,  -13.17
  764,    2.91485E-01,   3.67061E-01,  25.93
  765,    4.50793E-01,   2.74608E-01,  -39.08
  766,    1.78233E-01,   1.62067E-01,  -9.07
  767,    1.34518E-01,   1.22673E-01,  -8.81
  768,    3.70616E-01,   3.56852E-01,  -3.71
  769,    1.83500E-01,   1.76098E-01,  -4.03
  770,    1.16698E-01,   1.17194E-01,  0.43
  771,    7.58889E-02,   7.47925E-02,  -1.44
  772,    7.66502E+00,   8.22704E+00,  7.33
  773,    2.48971E+00,   2.26614E+00,  -8.98
  774,    1.20641E+00,   1.09101E+00,  -9.57
  775,    6.49498E-01,   5.61869E-01,  -13.49
  776,    3.01735E-01,   3.95936E-01,  31.22
  777,    3.60084E-01,   2.24485E-01,  -37.66
  778,    1.74358E-01,   1.65364E-01,  -5.16
  779,    1.37061E-01,   1.36817E-01,  -0.18
  780,    4.00333E-01,   3.90030E-01,  -2.57
  781,    1.95263E-01,   1.86160E-01,  -4.66
  782,    1.29372E-01,   1.30973E-01,  1.24
  783,    8.68967E-02,   8.69941E-02,  0.11
  784,    5.70547E+00,   6.29697E+00,  10.37
  785,    1.90659E+00,   1.76325E+00,  -7.52
  786,    9.01092E-01,   7.68299E-01,  -14.74
  787,    5.43620E-01,   4.95374E-01,  -8.87
  788,    2.11083E-01,   2.66536E-01,  26.27
  789,    2.80896E-01,   1.90059E-01,  -32.34
  790,    1.56031E-01,   1.53409E-01,  -1.68
  791,    9.48318E-02,   9.25231E-02,  -2.43
  792,    3.02120E-01,   2.94269E-01,  -2.60
  793,    1.80510E-01,   1.81988E-01,  0.82
  794,    1.08508E-01,   1.10545E-01,  1.88
  795,    5.52423E+00,   6.07709E+00,  10.01
  796,    1.79776E+00,   1.56850E+00,  -12.75
  797,    9.50088E-01,   8.40942E-01,  -11.49
  798,    4.61608E-01,   4.14238E-01,  -10.26
  799,    2.34349E-01,   2.81249E-01,  20.01
  800,    3.02701E-01,   2.19322E-01,  -27.54
  801,    1.34365E-01,   1.28968E-01,  -4.02
  802,    8.82631E-02,   8.31253E-02,  -5.82
  803,    2.71833E-01,   2.60621E-01,  -4.12
  804,    1.69750E-01,   1.72933E-01,  1.88
  805,    1.05725E-01,   1.09559E-01,  3.63
  806,    5.70785E+00,   6.15464E+00,  7.83
  807,    1.97931E+00,   1.84453E+00,  -6.81
  808,    8.23320E-01,   7.47392E-01,  -9.22
  809,    5.05127E-01,   4.64605E-01,  -8.02
  810,    2.71757E-01,   3.42863E-01,  26.17
  811,    2.84022E-01,   1.94204E-01,  -31.62
  812,    1.27322E-01,   1.21242E-01,  -4.78
  813,    9.79994E-02,   9.49242E-02,  -3.14
  814,    3.00939E-01,   2.99145E-01,  -0.60
  815,    1.70370E-01,   1.71814E-01,  0.85
  816,    6.07137E+00,   6.71208E+00,  10.55
  817,    1.60104E+00,   1.51936E+00,  -5.10
  818,    8.54563E-01,   7.88655E-01,  -7.71
  819,    5.53855E-01,   5.32802E-01,  -3.80
  820,    2.32038E-01,   2.86497E-01,  23.47
  821,    2.47654E-01,   1.71788E-01,  -30.63
  822,    1.35813E-01,   1.30640E-01,  -3.81
  823,    1.05678E-01,   1.07469E-01,  1.70
  824,    3.11681E-01,   3.17008E-01,  1.71
  825,    1.82920E-01,   1.88758E-01,  3.19
  826,    4.54372E+00,   4.85053E+00,  6.75
  827,    1.48054E+00,   1.40082E+00,  -5.38
  828,    8.25334E-01,   7.85482E-01,  -4.83
  829,    4.06646E-01,   3.87866E-01,  -4.62
  830,    1.89750E-01,   2.19694E-01,  15.78
  831,    2.15815E-01,   1.60790E-01,  -25.50
  832,    1.28207E-01,   1.28142E-01,  -0.05
  833,    8.74299E-02,   8.59949E-02,  -1.64
  834,    2.81295E-01,   2.79812E-01,  -0.53
  835,    5.34105E+00,   5.98840E+00,  12.12
  836,    1.86299E+00,   1.83082E+00,  -1.73
  837,    7.69549E-01,   7.53616E-01,  -2.07
  838,    4.03310E-01,   3.89023E-01,  -3.54
  839,    2.22646E-01,   2.69331E-01,  20.97
  840,    2.56071E-01,   2.05578E-01,  -19.72
  841,    1.32216E-01,   1.34190E-01,  1.49
  842,    9.60375E-02,   9.72227E-02,  1.23
  843,    2.95837E-01,   3.01196E-01,  1.81
  844,    5.24726E+00,   5.79348E+00,  10.41
  845,    1.33018E+00,   1.30439E+00,  -1.94
  846,    5.80960E-01,   5.54385E-01,  -4.57
  847,    3.63987E-01,   3.50381E-01,  -3.74
  848,    2.21368E-01,   2.51184E-01,  13.47
  849,    1.86606E-01,   1.57827E-01,  -15.42
  850,    1.11113E-01,   1.10301E-01,  -0.73
  851,    9.01945E-02,   9.23636E-02,  2.40
  852,    4.30290E+00,   4.62094E+00,  7.39
  853,    1.10858E+00,   1.08751E+00,  -1.90
  854,    6.05632E-01,   5.78234E-01,  -4.52
  855,    3.79821E-01,   3.78039E-01,  -0.47
  856,    1.98370E-01,   2.25801E-01,  13.83
  857,    1.83362E-01,   1.51018E-01,  -17.64
  858,    1.21171E-01,   1.22517E-01,  1.11
  859,    4.15210E+00,   4.62961E+00,  11.50
  860,    1.39602E+00,   1.34773E+00,  -3.46
  861,    7.37753E-01,   7.26004E-01,  -1.59
  862,    4.00083E-01,   3.97871E-01,  -0.55
  863,    2.10898E-01,   2.49324E-01,  18.22
  864,    2.38774E-01,   1.93362E-01,  -19.02
  865,    4.45874E+00,   4.96777E+00,  11.42
  866,    1.41375E+00,   1.37521E+00,  -2.73
  867,    6.50217E-01,   6.21269E-01,  -4.45
  868,    3.79948E-01,   3.48363E-01,  -8.31
  869,    2.15155E-01,   2.51767E-01,  17.02
  870,    4.53980E+00,   5.07288E+00,  11.74
  871,    1.23305E+00,   1.26853E+00,  2.88
  872,    6.01100E-01,   5.84204E-01,  -2.81
  873,    3.91204E-01,   3.81564E-01,  -2.46
  874,    4.14627E+00,   4.62692E+00,  11.59
  875,    1.23464E+00,   1.18398E+00,  -4.10
  876,    6.81599E-01,   6.47561E-01,  -4.99
  877,    4.35325E+00,   4.75301E+00,  9.18
  878,    1.51930E+00,   1.40596E+00,  -7.46
  879,    4.05453E+00,   4.31386E+00,  6.40

;-Resistivity in Ohm-m in the elemental sequential order

 2.74461E+02,  2.82059E+02,  2.87495E+02,  3.01218E+02,  3.32835E+02
 3.80198E+02,  4.45167E+02,  5.24624E+02,  6.10299E+02,  6.91246E+02
 7.51219E+02,  7.86713E+02,  8.02842E+02,  8.07008E+02,  7.95441E+02
 8.29864E+02,  8.29864E+02,  5.01698E+02,  5.01698E+02,  5.01698E+02
 5.01698E+02,  5.01698E+02,  5.01698E+02,  2.74461E+02,  2.82059E+02
 2.87495E+02,  3.01218E+02,  3.32835E+02,  3.80198E+02,  4.45167E+02
 5.24624E+02,  6.10299E+02,  6.91246E+02,  7.51219E+02,  7.86713E+02
 8.02842E+02,  8.07008E+02,  7.95441E+02,  8.29864E+02,  8.29864E+02
 5.01698E+02,  5.01698E+02,  5.01698E+02,  5.01698E+02,  5.01698E+02
 5.01698E+02,  2.74461E+02,  2.82059E+02,  2.87495E+02,  3.01218E+02
 3.32835E+02,  3.80198E+02,  4.45167E+02,  5.24624E+02,  6.10299E+02
 6.91246E+02,  7.51219E+02,  7.86713E+02,  8.02842E+02,  8.07008E+02
 7.95441E+02,  8.29864E+02,  8.29864E+02,  5.01698E+02,  5.01698E+02
 5.01698E+02,  5.01698E+02,  5.01698E+02,  5.01698E+02,  2.74461E+02
 2.82059E+02,  2.87495E+02,  3.01218E+02,  3.32835E+02,  3.80198E+02
 4.45167E+02,  5.24624E+02,  6.10299E+02,  6.91246E+02,  7.51219E+02
 7.86713E+02,  8.02842E+02,  8.07008E+02,  7.95441E+02,  8.29864E+02
 8.29864E+02,  5.01698E+02,  5.01698E+02,  5.01698E+02,  5.01698E+02
 5.01698E+02,  5.01698E+02,  2.74461E+02,  2.82059E+02,  2.87495E+02
 3.01218E+02,  3.32835E+02,  3.80198E+02,  4.45167E+02,  5.24624E+02
 6.10299E+02,  6.91246E+02,  7.51219E+02,  7.86713E+02,  8.02842E+02
 8.07008E+02,  7.95441E+02,  8.29864E+02,  8.29864E+02,  5.01698E+02
 5.01698E+02,  5.01698E+02,  5.01698E+02,  5.01698E+02,  5.01698E+02
 2.74461E+02,  2.82059E+02,  2.87495E+02,  3.01218E+02,  3.32835E+02
 3.80198E+02,  4.45167E+02,  5.24624E+02,  6.10299E+02,  6.91246E+02
 7.51219E+02,  7.86713E+02,  8.02842E+02,  8.07008E+02,  7.95441E+02
 8.29864E+02,  8.29864E+02,  5.01698E+02,  5.01698E+02,  5.01698E+02
 5.01698E+02,  5.01698E+02,  5.01698E+02,  5.09798E+02,  4.58416E+02
 4.30331E+02,  4.02839E+02,  4.12644E+02,  4.38458E+02,  4.69342E+02
 4.93869E+02,  5.03951E+02,  4.96404E+02,  4.73035E+02,  4.39943E+02
 4.06102E+02,  3.81720E+02,  3.64924E+02,  3.40217E+02,  3.40217E+02
 2.96346E+02,  2.96346E+02,  2.96346E+02,  2.96346E+02,  2.96346E+02
 2.96346E+02,  5.09798E+02,  4.58416E+02,  4.30331E+02,  4.02839E+02
 4.12644E+02,  4.38458E+02,  4.69342E+02,  4.93869E+02,  5.03951E+02
 4.96404E+02,  4.73035E+02,  4.39943E+02,  4.06102E+02,  3.81720E+02
 3.64924E+02,  3.40217E+02,  3.40217E+02,  2.96346E+02,  2.96346E+02
 2.96346E+02,  2.96346E+02,  2.96346E+02,  2.96346E+02,  3.35126E+02
 3.96771E+02,  4.30081E+02,  4.18171E+02,  4.08612E+02,  4.61234E+02
 5.44120E+02,  5.74823E+02,  5.08313E+02,  4.83898E+02,  4.58152E+02
 4.25035E+02,  3.89774E+02,  3.67826E+02,  3.57161E+02,  3.24964E+02
 3.24964E+02,  2.57708E+02,  2.57708E+02,  2.57708E+02,  2.57708E+02
 2.57708E+02,  2.57708E+02,  2.67616E+02,  2.47681E+02,  3.54200E+02
 4.66902E+02,  4.54476E+02,  4.83143E+02,  5.78692E+02,  6.38892E+02
 6.39762E+02,  5.60943E+02,  4.71982E+02,  4.28213E+02,  3.88371E+02
 3.62729E+02,  3.48989E+02,  2.79513E+02,  2.79513E+02,  1.97065E+02
 1.97065E+02,  1.97065E+02,  1.97065E+02,  1.97065E+02,  1.97065E+02
 3.92297E+02,  1.24903E+02,  2.81938E+02,  5.26283E+02,  5.63921E+02
 5.70644E+02,  6.42086E+02,  6.90837E+02,  6.85030E+02,  6.12877E+02
 5.24776E+02,  4.43126E+02,  4.03098E+02,  3.73372E+02,  3.50202E+02
 2.69788E+02,  2.69788E+02,  1.97466E+02,  1.97466E+02,  1.97466E+02
 1.97466E+02,  1.97466E+02,  1.97466E+02,  2.48952E+02,  9.28791E+01
 2.63734E+02,  7.61454E+02,  7.63037E+02,  7.24427E+02,  7.46416E+02
 7.65475E+02,  7.15286E+02,  6.39949E+02,  5.41881E+02,  4.54783E+02
 4.15468E+02,  3.83074E+02,  3.52164E+02,  2.66182E+02,  2.66182E+02
 1.98873E+02,  1.98873E+02,  1.98873E+02,  1.98873E+02,  1.98873E+02
 1.98873E+02,  2.28402E+02,  8.89938E+01,  3.69546E+02,  1.10225E+03
 1.06577E+03,  9.17770E+02,  8.44573E+02,  7.98506E+02,  7.34597E+02
 6.50512E+02,  5.48937E+02,  4.69326E+02,  4.28200E+02,  3.92201E+02
 3.53015E+02,  2.62029E+02,  2.62029E+02,  1.95184E+02,  1.95184E+02
 1.95184E+02,  1.95184E+02,  1.95184E+02,  1.95184E+02,  2.86102E+02
 1.33298E+02,  3.91431E+02,  1.37194E+03,  1.38595E+03,  1.03883E+03
 8.81363E+02,  7.99034E+02,  7.57985E+02,  6.61477E+02,  5.78316E+02
 4.87654E+02,  4.42549E+02,  4.00800E+02,  3.53903E+02,  2.58558E+02
 2.58558E+02,  1.93535E+02,  1.93535E+02,  1.93535E+02,  1.93535E+02
 1.93535E+02,  1.93535E+02,  2.76021E+02,  1.17817E+02,  3.95677E+02
 1.50022E+03,  1.45374E+03,  1.05732E+03,  8.64025E+02,  8.09281E+02
 7.60915E+02,  6.78943E+02,  5.91865E+02,  5.10783E+02,  4.57333E+02
 4.05193E+02,  3.54771E+02,  2.55223E+02,  2.55223E+02,  1.92641E+02
 1.92641E+02,  1.92641E+02,  1.92641E+02,  1.92641E+02,  1.92641E+02
 3.08766E+02,  1.20938E+02,  3.57974E+02,  1.25828E+03,  1.11287E+03
 9.81880E+02,  8.21024E+02,  7.49223E+02,  7.24639E+02,  6.82561E+02
 6.00355E+02,  5.32678E+02,  4.69876E+02,  4.07044E+02,  3.55740E+02
 2.51971E+02,  2.51971E+02,  1.92141E+02,  1.92141E+02,  1.92141E+02
 1.92141E+02,  1.92141E+02,  1.92141E+02,  2.31676E+02,  1.05890E+02
 3.53531E+02,  1.03052E+03,  9.81080E+02,  7.37105E+02,  6.92777E+02
 6.77779E+02,  6.78134E+02,  6.62715E+02,  6.09358E+02,  5.45221E+02
 4.74442E+02,  4.08577E+02,  3.56889E+02,  2.48544E+02,  2.48544E+02
 1.91201E+02,  1.91201E+02,  1.91201E+02,  1.91201E+02,  1.91201E+02
 1.91201E+02,  2.86142E+02,  1.25651E+02,  3.56569E+02,  9.47159E+02
 9.08891E+02,  6.30818E+02,  5.97917E+02,  6.05408E+02,  6.26933E+02
 6.43797E+02,  6.12662E+02,  5.50240E+02,  4.77532E+02,  4.10092E+02
 3.58042E+02,  2.44648E+02,  2.44648E+02,  1.90505E+02,  1.90505E+02
 1.90505E+02,  1.90505E+02,  1.90505E+02,  1.90505E+02,  2.64541E+02
 1.17126E+02,  3.38237E+02,  7.99438E+02,  6.84254E+02,  5.67193E+02
 5.12196E+02,  5.17493E+02,  5.94270E+02,  6.12638E+02,  6.10638E+02
 5.54226E+02,  4.80382E+02,  4.11582E+02,  3.59314E+02,  2.40663E+02
 2.40663E+02,  1.91091E+02,  1.91091E+02,  1.91091E+02,  1.91091E+02
 1.91091E+02,  1.91091E+02,  2.41287E+02,  1.07649E+02,  2.84098E+02
 6.33547E+02,  6.59835E+02,  5.70142E+02,  4.77422E+02,  4.62210E+02
 5.31513E+02,  5.80989E+02,  5.94266E+02,  5.53500E+02,  4.82597E+02
 4.13028E+02,  3.60845E+02,  2.36707E+02,  2.36707E+02,  1.92158E+02
 1.92158E+02,  1.92158E+02,  1.92158E+02,  1.92158E+02,  1.92158E+02
 2.98548E+02,  1.01495E+02,  2.61121E+02,  6.51543E+02,  6.82781E+02
 5.71297E+02,  4.34236E+02,  3.93001E+02,  4.52439E+02,  5.44055E+02
 5.60691E+02,  5.46723E+02,  4.83178E+02,  4.14147E+02,  3.62487E+02
 2.32944E+02,  2.32944E+02,  1.93783E+02,  1.93783E+02,  1.93783E+02
 1.93783E+02,  1.93783E+02,  1.93783E+02,  2.99701E+02,  1.13648E+02
 2.82778E+02,  7.65204E+02,  7.30458E+02,  6.21193E+02,  4.11652E+02
 3.28494E+02,  3.82580E+02,  4.84599E+02,  5.34238E+02,  5.32479E+02
 4.81317E+02,  4.14648E+02,  3.64156E+02,  2.31913E+02,  2.31913E+02
 1.94097E+02,  1.94097E+02,  1.94097E+02,  1.94097E+02,  1.94097E+02
 1.94097E+02,  2.78301E+02,  1.25902E+02,  3.17348E+02,  1.02041E+03
 8.31169E+02,  6.19416E+02,  3.78481E+02,  2.80985E+02,  3.19851E+02
 4.22974E+02,  5.03736E+02,  5.07537E+02,  4.76239E+02,  4.14268E+02
 3.65687E+02,  2.31401E+02,  2.31401E+02,  1.92975E+02,  1.92975E+02
 1.92975E+02,  1.92975E+02,  1.92975E+02,  1.92975E+02,  4.01486E+02
 1.41440E+02,  3.18934E+02,  1.03671E+03,  1.06615E+03,  5.82139E+02
 3.65997E+02,  2.52302E+02,  2.68182E+02,  3.66277E+02,  4.65905E+02
 4.85844E+02,  4.67209E+02,  4.12601E+02,  3.67127E+02,  2.28852E+02
 2.28852E+02,  1.93058E+02,  1.93058E+02,  1.93058E+02,  1.93058E+02
 1.93058E+02,  1.93058E+02,  2.23198E+02,  1.29642E+02,  3.20777E+02
 1.04712E+03,  1.08549E+03,  6.61470E+02,  3.58222E+02,  2.27375E+02
 2.28106E+02,  3.15384E+02,  4.24627E+02,  4.65560E+02,  4.52677E+02
 4.08671E+02,  3.68208E+02,  2.26372E+02,  2.26372E+02,  1.95318E+02
 1.95318E+02,  1.95318E+02,  1.95318E+02,  1.95318E+02,  1.95318E+02
 3.13086E+02,  1.40771E+02,  3.29312E+02,  1.07629E+03,  1.15685E+03
 7.14095E+02,  3.63095E+02,  2.13383E+02,  1.93759E+02,  2.71412E+02
 3.84571E+02,  4.37138E+02,  4.29130E+02,  3.96855E+02,  3.66346E+02
 2.24206E+02,  2.24206E+02,  2.00282E+02,  2.00282E+02,  2.00282E+02
 2.00282E+02,  2.00282E+02,  2.00282E+02,  2.60100E+02,  1.39851E+02
 3.36628E+02,  1.30016E+03,  1.42009E+03,  8.00129E+02,  4.16225E+02
 2.36683E+02,  1.69401E+02,  2.34507E+02,  3.47356E+02,  4.09415E+02
 4.07360E+02,  3.83520E+02,  3.64118E+02,  2.21945E+02,  2.21945E+02
 2.06520E+02,  2.06520E+02,  2.06520E+02,  2.06520E+02,  2.06520E+02
 2.06520E+02,  2.61920E+02,  1.34247E+02,  3.42152E+02,  1.29430E+03
 1.53097E+03,  9.41451E+02,  4.83044E+02,  2.42167E+02,  1.52703E+02
 2.04116E+02,  3.12908E+02,  3.85548E+02,  4.02634E+02,  3.80901E+02
 3.64804E+02,  2.20832E+02,  2.20832E+02,  2.10796E+02,  2.10796E+02
 2.10796E+02,  2.10796E+02,  2.10796E+02,  2.10796E+02,  3.27200E+02
 1.43044E+02,  3.25812E+02,  1.08226E+03,  1.38252E+03,  9.65323E+02
 5.12910E+02,  2.37246E+02,  1.41893E+02,  1.79640E+02,  2.81088E+02
 3.66549E+02,  4.03611E+02,  3.84563E+02,  3.67513E+02,  2.19864E+02
 2.19864E+02,  2.11853E+02,  2.11853E+02,  2.11853E+02,  2.11853E+02
 2.11853E+02,  2.11853E+02,  3.50696E+02,  1.49638E+02,  3.27235E+02
 9.31489E+02,  1.13566E+03,  9.38464E+02,  5.19161E+02,  2.29977E+02
 1.36455E+02,  1.60655E+02,  2.53186E+02,  3.48502E+02,  3.99402E+02
 3.84592E+02,  3.69744E+02,  2.18461E+02,  2.18461E+02,  2.08754E+02
 2.08754E+02,  2.08754E+02,  2.08754E+02,  2.08754E+02,  2.08754E+02
 2.59985E+02,  1.52565E+02,  3.28520E+02,  9.26370E+02,  1.02002E+03
 8.50534E+02,  5.24347E+02,  2.27239E+02,  1.34588E+02,  1.46748E+02
 2.29508E+02,  3.29564E+02,  3.92063E+02,  3.84637E+02,  3.71622E+02
 2.16929E+02,  2.16929E+02,  2.04672E+02,  2.04672E+02,  2.04672E+02
 2.04672E+02,  2.04672E+02,  2.04672E+02,  2.92770E+02,  1.63893E+02
 3.42764E+02,  8.37544E+02,  1.00347E+03,  7.87200E+02,  5.29754E+02
 2.35681E+02,  1.26677E+02,  1.35170E+02,  2.09845E+02,  3.10828E+02
 3.81988E+02,  3.81541E+02,  3.70910E+02,  2.15581E+02,  2.15581E+02
 2.05633E+02,  2.05633E+02,  2.05633E+02,  2.05633E+02,  2.05633E+02
 2.05633E+02,  3.16211E+02,  1.78721E+02,  3.71544E+02,  8.60495E+02
 9.93759E+02,  7.66457E+02,  5.24100E+02,  2.28737E+02,  1.39474E+02
 1.27439E+02,  1.93696E+02,  2.92898E+02,  3.70086E+02,  3.75041E+02
 3.67927E+02,  2.14044E+02,  2.14044E+02,  2.09811E+02,  2.09811E+02
 2.09811E+02,  2.09811E+02,  2.09811E+02,  2.09811E+02,  3.03585E+02
 1.82278E+02,  4.03637E+02,  9.44293E+02,  9.90600E+02,  7.62673E+02
 5.18666E+02,  2.15525E+02,  1.33389E+02,  1.24802E+02,  1.80481E+02
 2.76340E+02,  3.60703E+02,  3.68267E+02,  3.62307E+02,  2.12429E+02
 2.12429E+02,  2.15905E+02,  2.15905E+02,  2.15905E+02,  2.15905E+02
 2.15905E+02,  2.15905E+02,  3.09530E+02,  1.74126E+02,  4.13328E+02
 1.02370E+03,  9.94024E+02,  7.85797E+02,  5.14923E+02,  2.45210E+02
 1.30828E+02,  1.26835E+02,  1.69648E+02,  2.62146E+02,  3.53289E+02
 3.64172E+02,  3.56127E+02,  2.11352E+02,  2.11352E+02,  2.25210E+02
 2.25210E+02,  2.25210E+02,  2.25210E+02,  2.25210E+02,  2.25210E+02
 3.18109E+02,  1.63545E+02,  4.18827E+02,  1.09428E+03,  1.04813E+03
 8.43086E+02,  5.39329E+02,  2.52976E+02,  1.33260E+02,  1.25082E+02
 1.59862E+02,  2.50367E+02,  3.43396E+02,  3.59522E+02,  3.50689E+02
 2.10059E+02,  2.10059E+02,  2.30430E+02,  2.30430E+02,  2.30430E+02
 2.30430E+02,  2.30430E+02,  2.30430E+02,  2.69701E+02,  1.63700E+02
 4.35154E+02,  1.13922E+03,  1.19365E+03,  9.03952E+02,  5.54337E+02
 2.51004E+02,  1.41250E+02,  1.22668E+02,  1.54963E+02,  2.38051E+02
 3.31376E+02,  3.51474E+02,  3.42551E+02,  2.04876E+02,  2.04876E+02
 2.29715E+02,  2.29715E+02,  2.29715E+02,  2.29715E+02,  2.29715E+02
 2.29715E+02,  3.03974E+02,  1.84641E+02,  4.41870E+02,  1.12676E+03
 1.13970E+03,  9.45357E+02,  5.62698E+02,  2.55819E+02,  1.40321E+02
 1.30507E+02,  1.54086E+02,  2.21514E+02,  3.16967E+02,  3.41401E+02
 3.31052E+02,  2.03000E+02,  2.03000E+02,  2.28833E+02,  2.28833E+02
 2.28833E+02,  2.28833E+02,  2.28833E+02,  2.28833E+02,  2.95690E+02
 2.06717E+02,  4.46608E+02,  9.34548E+02,  9.80420E+02,  9.31797E+02
 5.96777E+02,  2.72836E+02,  1.34469E+02,  1.28110E+02,  1.51937E+02
 2.09139E+02,  2.87501E+02,  3.29796E+02,  3.19238E+02,  2.08427E+02
 2.08427E+02,  2.32163E+02,  2.32163E+02,  2.32163E+02,  2.32163E+02
 2.32163E+02,  2.32163E+02,  2.54971E+02,  2.41800E+02,  4.40761E+02
 6.42746E+02,  7.81313E+02,  8.68195E+02,  6.26475E+02,  2.97894E+02
 1.40814E+02,  1.22855E+02,  1.52192E+02,  2.05561E+02,  2.68481E+02
 3.03234E+02,  3.07301E+02,  2.20705E+02,  2.20705E+02,  2.35385E+02
 2.35385E+02,  2.35385E+02,  2.35385E+02,  2.35385E+02,  2.35385E+02
 4.87382E+02,  3.01684E+02,  3.78617E+02,  4.20889E+02,  5.56455E+02
 7.72922E+02,  6.28739E+02,  3.28729E+02,  1.50176E+02,  1.24439E+02
 1.50616E+02,  2.07443E+02,  2.61292E+02,  2.86177E+02,  2.96732E+02
 2.26636E+02,  2.26636E+02,  2.36522E+02,  2.36522E+02,  2.36522E+02
 2.36522E+02,  2.36522E+02,  2.36522E+02,  3.38421E+02,  3.10051E+02
 3.24424E+02,  3.17624E+02,  3.82599E+02,  6.72912E+02,  6.33618E+02
 3.64000E+02,  1.59797E+02,  1.30849E+02,  1.49577E+02,  2.06034E+02
 2.52058E+02,  2.86186E+02,  2.78532E+02,  2.34585E+02,  2.34585E+02
 2.38560E+02,  2.38560E+02,  2.38560E+02,  2.38560E+02,  2.38560E+02
 2.38560E+02,  5.25054E+02,  3.54734E+02,  3.46300E+02,  2.69526E+02
 2.88263E+02,  5.75821E+02,  6.55231E+02,  4.00954E+02,  1.67544E+02
 1.30517E+02,  1.52686E+02,  2.06551E+02,  2.49625E+02,  2.86782E+02
 2.72700E+02,  2.47074E+02,  2.47074E+02,  2.42729E+02,  2.42729E+02
 2.42729E+02,  2.42729E+02,  2.42729E+02,  2.42729E+02,  5.48474E+02
 4.43110E+02,  4.74707E+02,  2.30595E+02,  2.56288E+02,  5.66565E+02
 7.32786E+02,  4.13826E+02,  1.73187E+02,  1.33749E+02,  1.57471E+02
 2.10398E+02,  2.57992E+02,  2.82395E+02,  2.79067E+02,  2.55806E+02
 2.55806E+02,  2.46480E+02,  2.46480E+02,  2.46480E+02,  2.46480E+02
 2.46480E+02,  2.46480E+02,  3.41799E+02,  4.50928E+02,  5.73717E+02
 2.39622E+02,  2.61336E+02,  6.30829E+02,  8.65655E+02,  4.07320E+02
 1.81434E+02,  1.39205E+02,  1.64519E+02,  2.15344E+02,  2.61596E+02
 2.74986E+02,  2.78621E+02,  2.60629E+02,  2.60629E+02,  2.50271E+02
 2.50271E+02,  2.50271E+02,  2.50271E+02,  2.50271E+02,  2.50271E+02
 4.38305E+02,  4.16378E+02,  6.59210E+02,  3.06202E+02,  3.02885E+02
 7.54300E+02,  8.86429E+02,  3.87103E+02,  2.24843E+02,  1.47441E+02
 1.73650E+02,  2.20426E+02,  2.59889E+02,  2.69296E+02,  2.73951E+02
 2.62731E+02,  2.62731E+02,  2.54714E+02,  2.54714E+02,  2.54714E+02
 2.54714E+02,  2.54714E+02,  2.54714E+02,  3.06426E+02,  4.43536E+02
 8.57555E+02,  4.36981E+02,  4.11140E+02,  8.22598E+02,  8.31604E+02
 3.71949E+02,  2.31401E+02,  1.68531E+02,  1.83478E+02,  2.24773E+02
 2.53767E+02,  2.70083E+02,  2.73216E+02,  2.62023E+02,  2.62023E+02
 2.59755E+02,  2.59755E+02,  2.59755E+02,  2.59755E+02,  2.59755E+02
 2.59755E+02,  3.81994E+02,  5.27605E+02,  8.86335E+02,  5.61025E+02
 5.05088E+02,  7.83251E+02,  7.18663E+02,  3.69056E+02,  2.21845E+02
 1.87160E+02,  1.97180E+02,  2.20827E+02,  2.52845E+02,  2.77507E+02
 2.77297E+02,  2.62555E+02,  2.62555E+02,  2.65839E+02,  2.65839E+02
 2.65839E+02,  2.65839E+02,  2.65839E+02,  2.65839E+02,  3.50451E+02
 4.59302E+02,  7.82224E+02,  5.22176E+02,  5.10719E+02,  7.29204E+02
 6.59109E+02,  3.74674E+02,  2.32184E+02,  1.93275E+02,  1.99342E+02
 2.14807E+02,  2.56596E+02,  2.78465E+02,  2.75549E+02,  2.68702E+02
 2.68702E+02,  2.72576E+02,  2.72576E+02,  2.72576E+02,  2.72576E+02
 2.72576E+02,  2.72576E+02,  2.29675E+02,  3.92305E+02,  6.23729E+02
 4.30292E+02,  4.44185E+02,  6.29954E+02,  6.11383E+02,  3.70924E+02
 2.39230E+02,  1.96867E+02,  1.98966E+02,  2.12827E+02,  2.46588E+02
 2.68749E+02,  2.68587E+02,  2.80869E+02,  2.80869E+02,  2.80099E+02
 2.80099E+02,  2.80099E+02,  2.80099E+02,  2.80099E+02,  2.80099E+02
 6.62016E+02,  5.48431E+02,  4.86617E+02,  3.30364E+02,  3.59530E+02
 5.60185E+02,  5.40780E+02,  3.50386E+02,  2.45204E+02,  2.00534E+02
 2.00062E+02,  2.18212E+02,  2.48159E+02,  2.72175E+02,  2.76671E+02
 2.99286E+02,  2.99286E+02,  2.89069E+02,  2.89069E+02,  2.89069E+02
 2.89069E+02,  2.89069E+02,  2.89069E+02,  3.29129E+02,  5.78285E+02
 3.89674E+02,  2.66467E+02,  3.18706E+02,  4.99219E+02,  4.72655E+02
 3.25294E+02,  2.50555E+02,  2.13413E+02,  2.15195E+02,  2.36365E+02
 2.73637E+02,  2.96911E+02,  3.09783E+02,  3.22874E+02,  3.22874E+02
 3.00177E+02,  3.00177E+02,  3.00177E+02,  3.00177E+02,  3.00177E+02
 3.00177E+02,  1.11282E+03,  9.48438E+02,  5.01533E+02,  2.72784E+02
 3.03250E+02,  4.08682E+02,  3.76194E+02,  3.12551E+02,  2.67456E+02
 2.37139E+02,  2.37051E+02,  2.59483E+02,  2.88171E+02,  3.10398E+02
 3.24616E+02,  3.39881E+02,  3.39881E+02,  3.12849E+02,  3.12849E+02
 3.12849E+02,  3.12849E+02,  3.12849E+02,  3.12849E+02,  6.83395E+02
 7.16317E+02,  5.12257E+02,  3.00062E+02,  2.87040E+02,  3.32596E+02
 3.35277E+02,  3.35153E+02,  2.79687E+02,  2.52320E+02,  2.52710E+02
 2.74102E+02,  2.99972E+02,  3.24034E+02,  3.36132E+02,  3.55632E+02
 3.55632E+02,  3.26602E+02,  3.26602E+02,  3.26602E+02,  3.26602E+02
 3.26602E+02,  3.26602E+02,  9.12056E+02,  6.04425E+02,  5.15162E+02
 3.26097E+02,  2.74004E+02,  3.81313E+02,  5.22366E+02,  4.32244E+02
 2.79027E+02,  2.56078E+02,  2.61605E+02,  2.89719E+02,  3.15434E+02
 3.43418E+02,  3.55785E+02,  3.76308E+02,  3.76308E+02,  3.41769E+02
 3.41769E+02,  3.41769E+02,  3.41769E+02,  3.41769E+02,  3.41769E+02
 1.05632E+03,  9.12024E+02,  6.72675E+02,  3.63745E+02,  2.55805E+02
 3.16046E+02,  4.30188E+02,  3.20283E+02,  2.61285E+02,  2.62217E+02
 2.68682E+02,  3.06698E+02,  3.34316E+02,  3.63954E+02,  3.78806E+02
 4.01237E+02,  4.01237E+02,  3.59450E+02,  3.59450E+02,  3.59450E+02
 3.59450E+02,  3.59450E+02,  3.59450E+02,  3.64717E+02,  5.10598E+02
 7.18508E+02,  4.15898E+02,  2.29780E+02,  1.79402E+02,  1.76397E+02
 2.06254E+02,  2.34516E+02,  2.60414E+02,  2.74885E+02,  3.17379E+02
 3.46989E+02,  3.78076E+02,  3.98873E+02,  4.26092E+02,  4.26092E+02
 3.79379E+02,  3.79379E+02,  3.79379E+02,  3.79379E+02,  3.79379E+02
 3.79379E+02,  6.60651E+02,  7.66262E+02,  1.01303E+03,  4.45297E+02
 1.97498E+02,  1.31066E+02,  1.42653E+02,  1.91965E+02,  2.13178E+02
 2.52388E+02,  2.80512E+02,  3.21427E+02,  3.54280E+02,  3.89572E+02
 4.18458E+02,  4.51977E+02,  4.51977E+02,  4.01709E+02,  4.01709E+02
 4.01709E+02,  4.01709E+02,  4.01709E+02,  4.01709E+02,  4.40976E+02
 7.05870E+02,  7.27770E+02,  4.11486E+02,  2.07241E+02,  1.25344E+02
 1.36001E+02,  1.70833E+02,  2.11563E+02,  2.47549E+02,  2.83797E+02
 3.14767E+02,  3.50220E+02,  3.93755E+02,  4.32883E+02,  4.76509E+02
 4.76509E+02,  4.26347E+02,  4.26347E+02,  4.26347E+02,  4.26347E+02
 4.26347E+02,  4.26347E+02,  6.54705E+02,  3.67148E+02,  3.63413E+02
 3.46821E+02,  2.71851E+02,  1.83576E+02,  1.91893E+02,  1.97600E+02
 2.21086E+02,  2.56966E+02,  2.82355E+02,  3.05503E+02,  3.42631E+02
 3.94363E+02,  4.41787E+02,  4.98311E+02,  4.98311E+02,  4.52067E+02
 4.52067E+02,  4.52067E+02,  4.52067E+02,  4.52067E+02,  4.52067E+02
 2.33018E+02,  2.08277E+02,  2.92955E+02,  4.47238E+02,  4.70522E+02
 3.40731E+02,  2.92852E+02,  2.62857E+02,  2.54541E+02,  2.52677E+02
 2.73503E+02,  3.00594E+02,  3.41592E+02,  4.01670E+02,  4.53828E+02
 5.23530E+02,  5.23530E+02,  4.80499E+02,  4.80499E+02,  4.80499E+02
 4.80499E+02,  4.80499E+02,  4.80499E+02,  3.42718E+02,  2.36747E+02
 3.96841E+02,  9.43432E+02,  1.20520E+03,  8.33681E+02,  5.55513E+02
 3.49595E+02,  2.63323E+02,  2.31781E+02,  2.59109E+02,  2.98820E+02
 3.48311E+02,  4.16784E+02,  4.72574E+02,  5.52413E+02,  5.52413E+02
 5.13164E+02,  5.13164E+02,  5.13164E+02,  5.13164E+02,  5.13164E+02
 5.13164E+02,  2.94710E+02,  2.32985E+02,  4.92059E+02,  1.47510E+03
 1.96459E+03,  1.20057E+03,  7.06787E+02,  4.11065E+02,  2.51029E+02
 2.15343E+02,  2.81063E+02,  3.05757E+02,  3.50839E+02,  4.30693E+02
 4.95409E+02,  5.80920E+02,  5.80920E+02,  5.48956E+02,  5.48956E+02
 5.48956E+02,  5.48956E+02,  5.48956E+02,  5.48956E+02,  2.95504E+02
 2.29750E+02,  4.44808E+02,  1.02460E+03,  1.64563E+03,  1.18786E+03
 8.94481E+02,  5.53187E+02,  3.36503E+02,  2.33343E+02,  2.82089E+02
 3.09610E+02,  3.53791E+02,  4.41719E+02,  5.19371E+02,  6.09872E+02
 6.09872E+02,  5.87953E+02,  5.87953E+02,  5.87953E+02,  5.87953E+02
 5.87953E+02,  5.87953E+02,  3.82976E+02,  3.19935E+02,  3.79231E+02
 5.10597E+02,  7.50314E+02,  8.89169E+02,  7.83520E+02,  5.52404E+02
 3.50574E+02,  2.49154E+02,  2.50244E+02,  3.08827E+02,  3.58822E+02
 4.55843E+02,  5.38904E+02,  6.37358E+02,  6.37358E+02,  6.29046E+02
 6.29046E+02,  6.29046E+02,  6.29046E+02,  6.29046E+02,  6.29046E+02
 3.76549E+02,  5.46455E+02,  3.73149E+02,  2.71552E+02,  2.69124E+02
 4.41876E+02,  5.56173E+02,  4.74220E+02,  3.23810E+02,  2.51095E+02
 2.58460E+02,  3.11365E+02,  3.64040E+02,  4.65749E+02,  5.55495E+02
 6.62553E+02,  6.62553E+02,  6.70031E+02,  6.70031E+02,  6.70031E+02
 6.70031E+02,  6.70031E+02,  6.70031E+02,  5.15762E+02,  8.81672E+02
 3.79508E+02,  1.60411E+02,  1.21468E+02,  2.19051E+02,  3.71883E+02
 3.94504E+02,  2.97926E+02,  2.31205E+02,  2.66558E+02,  3.21531E+02
 3.75880E+02,  4.76758E+02,  5.74193E+02,  6.92129E+02,  6.92129E+02
 7.06655E+02,  7.06655E+02,  7.06655E+02,  7.06655E+02,  7.06655E+02
 7.06655E+02,  4.95303E+02,  1.36825E+03,  3.91654E+02,  1.17161E+02
 8.28757E+01,  1.46497E+02,  2.88626E+02,  3.48060E+02,  2.88585E+02
 2.37283E+02,  2.62744E+02,  3.28068E+02,  3.94919E+02,  4.88094E+02
 5.85882E+02,  7.22339E+02,  7.22339E+02,  7.35297E+02,  7.35297E+02
 7.35297E+02,  7.35297E+02,  7.35297E+02,  7.35297E+02,  6.15434E+02
 1.59068E+03,  4.03170E+02,  1.16128E+02,  9.57899E+01,  1.47886E+02
 2.72669E+02,  3.42430E+02,  2.91841E+02,  2.42636E+02,  2.59353E+02
 3.21872E+02,  4.19640E+02,  4.98115E+02,  5.88390E+02,  7.44535E+02
 7.44535E+02,  7.70273E+02,  7.70273E+02,  7.70273E+02,  7.70273E+02
 7.70273E+02,  7.70273E+02,  5.87237E+02,  2.56185E+03,  6.10264E+02
 1.71951E+02,  1.35400E+02,  2.07293E+02,  3.05997E+02,  3.68324E+02
 3.11920E+02,  2.61562E+02,  2.58306E+02,  3.09310E+02,  4.29257E+02
 5.12638E+02,  5.94187E+02,  7.63135E+02,  7.63135E+02,  8.07945E+02
 8.07945E+02,  8.07945E+02,  8.07945E+02,  8.07945E+02,  8.07945E+02
 6.76939E+02,  2.49437E+03,  7.92742E+02,  2.87027E+02,  1.96908E+02
 3.19980E+02,  3.99970E+02,  4.17522E+02,  3.51473E+02,  2.81654E+02
 2.56877E+02,  2.98258E+02,  4.33561E+02,  5.25988E+02,  5.96559E+02
 7.77663E+02,  7.77663E+02,  8.47817E+02,  8.47817E+02,  8.47817E+02
 8.47817E+02,  8.47817E+02,  8.47817E+02,  5.72067E+02,  1.29725E+03
 6.74218E+02,  3.33353E+02,  2.90365E+02,  4.98671E+02,  5.22829E+02
 4.44768E+02,  3.81854E+02,  2.93219E+02,  2.56857E+02,  2.88615E+02
 4.18935E+02,  5.17013E+02,  5.97632E+02,  7.90060E+02,  7.90060E+02
 8.90270E+02,  8.90270E+02,  8.90270E+02,  8.90270E+02,  8.90270E+02
 8.90270E+02,  5.54567E+02,  1.01097E+03,  5.22151E+02,  3.20241E+02
 3.67977E+02,  7.65865E+02,  6.70032E+02,  4.32548E+02,  3.78516E+02
 2.92901E+02,  2.57819E+02,  2.81688E+02,  3.95920E+02,  5.15274E+02
 6.01981E+02,  8.06009E+02,  8.06009E+02,  9.19644E+02,  9.19644E+02
 9.19644E+02,  9.19644E+02,  9.19644E+02,  9.19644E+02,  6.81246E+02
 1.04599E+03,  3.69205E+02,  2.59009E+02,  4.04676E+02,  7.56314E+02
 7.95796E+02,  4.31519E+02,  3.54294E+02,  2.82725E+02,  2.55697E+02
 2.73886E+02,  3.74335E+02,  5.13593E+02,  6.05387E+02,  8.18166E+02
 8.18166E+02,  9.32314E+02,  9.32314E+02,  9.32314E+02,  9.32314E+02
 9.32314E+02,  9.32314E+02,  4.17951E+02,  4.29403E+02,  2.12829E+02
 2.04807E+02,  3.82707E+02,  7.05935E+02,  7.55612E+02,  4.14548E+02
 3.11697E+02,  2.61426E+02,  2.47533E+02,  2.65249E+02,  3.52484E+02
 4.90501E+02,  5.91661E+02,  8.24934E+02,  8.24934E+02,  9.51802E+02
 9.51802E+02,  9.51802E+02,  9.51802E+02,  9.51802E+02,  9.51802E+02
 6.70825E+02,  5.25783E+02,  3.09112E+02,  2.33756E+02,  3.73998E+02
 6.22171E+02,  6.35730E+02,  3.80264E+02,  2.63383E+02,  2.34039E+02
 2.35266E+02,  2.58302E+02,  3.31794E+02,  4.56849E+02,  5.78436E+02
 8.29390E+02,  8.29390E+02,  9.71913E+02,  9.71913E+02,  9.71913E+02
 9.71913E+02,  9.71913E+02,  9.71913E+02,  2.80635E+02,  6.25576E+02
 6.86024E+02,  4.25644E+02,  4.26708E+02,  5.90472E+02,  5.17114E+02
 3.30010E+02,  2.24550E+02,  2.06901E+02,  2.21022E+02,  2.48245E+02
 3.12559E+02,  4.21449E+02,  5.73480E+02,  8.32115E+02,  8.32115E+02
 9.93432E+02,  9.93432E+02,  9.93432E+02,  9.93432E+02,  9.93432E+02
 9.93432E+02,  4.79353E+02,  5.32158E+02,  9.64214E+02,  6.94482E+02
 5.12667E+02,  6.09773E+02,  4.49285E+02,  2.82068E+02,  1.95335E+02
 1.84484E+02,  2.07833E+02,  2.37040E+02,  2.93924E+02,  3.88582E+02
 5.44962E+02,  8.37304E+02,  8.37304E+02,  1.01901E+03,  1.01901E+03
 1.01901E+03,  1.01901E+03,  1.01901E+03,  1.01901E+03,  2.64505E+02
 4.81768E+02,  9.75363E+02,  8.62540E+02,  5.78121E+02,  6.36212E+02
 4.16908E+02,  2.52185E+02,  1.77064E+02,  1.68295E+02,  1.96800E+02
 2.25870E+02,  2.75806E+02,  3.58404E+02,  5.02582E+02,  8.42380E+02
 8.42380E+02,  1.04511E+03,  1.04511E+03,  1.04511E+03,  1.04511E+03
 1.04511E+03,  1.04511E+03,  4.48932E+02,  4.99726E+02,  8.16153E+02
 1.11239E+03,  7.67275E+02,  6.09913E+02,  4.21701E+02,  2.41084E+02
 1.65156E+02,  1.57597E+02,  1.86646E+02,  2.15361E+02,  2.58746E+02
 3.30300E+02,  4.58355E+02,  8.42274E+02,  8.42274E+02,  1.06866E+03
 1.06866E+03,  1.06866E+03,  1.06866E+03,  1.06866E+03,  1.06866E+03
 3.26286E+02,  4.50930E+02,  6.53807E+02,  1.05808E+03,  1.30975E+03
 5.53774E+02,  4.16983E+02,  2.42321E+02,  1.66287E+02,  1.56707E+02
 1.74363E+02,  2.05640E+02,  2.43249E+02,  3.04478E+02,  4.15187E+02
 8.36790E+02,  8.36790E+02,  1.09160E+03,  1.09160E+03,  1.09160E+03
 1.09160E+03,  1.09160E+03,  1.09160E+03,  4.01751E+02,  3.15170E+02
 6.73176E+02,  8.15804E+02,  1.51285E+03,  6.38309E+02,  3.85947E+02
 2.67624E+02,  1.65425E+02,  1.61608E+02,  1.77386E+02,  1.96622E+02
 2.29650E+02,  2.81177E+02,  3.74200E+02,  8.22991E+02,  8.22991E+02
 1.11324E+03,  1.11324E+03,  1.11324E+03,  1.11324E+03,  1.11324E+03
 1.11324E+03,  2.56314E+02,  3.56148E+02,  9.00080E+02,  7.17496E+02
 1.10018E+03,  7.00935E+02,  3.77355E+02,  3.22013E+02,  1.74246E+02
 1.74137E+02,  1.90599E+02,  1.91431E+02,  2.18380E+02,  2.60606E+02
 3.36919E+02,  8.00525E+02,  8.00525E+02,  1.13569E+03,  1.13569E+03
 1.13569E+03,  1.13569E+03,  1.13569E+03,  1.13569E+03,  3.36396E+02
 4.22931E+02,  1.34091E+03,  7.02028E+02,  6.58859E+02,  6.32137E+02
 3.85191E+02,  3.83916E+02,  2.00735E+02,  1.94241E+02,  2.09224E+02
 1.92900E+02,  2.09659E+02,  2.42653E+02,  3.04062E+02,  7.79458E+02
 7.79458E+02,  1.16254E+03,  1.16254E+03,  1.16254E+03,  1.16254E+03
 1.16254E+03,  1.16254E+03,  3.26340E+02,  5.69980E+02,  1.42391E+03
 6.76952E+02,  4.11805E+02,  5.14858E+02,  4.03700E+02,  4.31113E+02
 2.51884E+02,  2.28566E+02,  2.20739E+02,  1.94772E+02,  2.03509E+02
 2.27590E+02,  2.76005E+02,  7.80375E+02,  7.80375E+02,  1.19043E+03
 1.19043E+03,  1.19043E+03,  1.19043E+03,  1.19043E+03,  1.19043E+03
 2.57926E+02,  5.00955E+02,  1.23244E+03,  5.67258E+02,  2.90185E+02
 4.06036E+02,  4.21644E+02,  4.78008E+02,  3.15357E+02,  2.68167E+02
 2.31833E+02,  2.00452E+02,  2.01602E+02,  2.15633E+02,  2.53360E+02
 7.54463E+02,  7.54463E+02,  1.21518E+03,  1.21518E+03,  1.21518E+03
 1.21518E+03,  1.21518E+03,  1.21518E+03,  4.21445E+02,  3.87792E+02
 7.78998E+02,  4.63814E+02,  2.19229E+02,  3.30101E+02,  4.34271E+02
 5.38823E+02,  4.10802E+02,  3.35229E+02,  2.46518E+02,  2.05413E+02
 2.00803E+02,  2.07155E+02,  2.35347E+02,  7.40537E+02,  7.40537E+02
 1.23868E+03,  1.23868E+03,  1.23868E+03,  1.23868E+03,  1.23868E+03
 1.23868E+03,  3.47598E+02,  7.40835E+02,  6.85870E+02,  3.34069E+02
 1.70755E+02,  2.77594E+02,  4.55653E+02,  6.28197E+02,  5.42602E+02
 4.12024E+02,  2.67244E+02,  2.04142E+02,  1.94630E+02,  2.02564E+02
 2.22077E+02,  7.32007E+02,  7.32007E+02,  1.26089E+03,  1.26089E+03
 1.26089E+03,  1.26089E+03,  1.26089E+03,  1.26089E+03,  5.13674E+02
 7.36011E+02,  7.50216E+02,  2.41822E+02,  1.39046E+02,  2.43602E+02
 5.07658E+02,  7.44509E+02,  7.21928E+02,  4.99617E+02,  2.86755E+02
 2.02047E+02,  1.87334E+02,  2.01871E+02,  2.13700E+02,  7.07453E+02
 7.07453E+02,  1.28599E+03,  1.28599E+03,  1.28599E+03,  1.28599E+03
 1.28599E+03,  1.28599E+03,  4.33006E+02,  1.24183E+03,  7.67760E+02
 1.86281E+02,  1.26690E+02,  2.34140E+02,  5.73327E+02,  9.06555E+02
 9.46581E+02,  5.85542E+02,  3.04199E+02,  1.98452E+02,  1.79866E+02
 1.99761E+02,  2.16345E+02,  6.73882E+02,  6.73882E+02,  1.31891E+03
 1.31891E+03,  1.31891E+03,  1.31891E+03,  1.31891E+03,  1.31891E+03
 4.71662E+02,  1.55301E+03,  6.90453E+02,  1.69295E+02,  1.28553E+02
 2.37266E+02,  6.58159E+02,  1.16175E+03,  1.16598E+03,  6.53794E+02
 3.14513E+02,  1.90825E+02,  1.78472E+02,  1.86048E+02,  2.18898E+02
 6.45173E+02,  6.45173E+02,  1.35148E+03,  1.35148E+03,  1.35148E+03
 1.35148E+03,  1.35148E+03,  1.35148E+03,  3.39483E+02,  9.43580E+02
 5.67239E+02,  1.66676E+02,  1.31275E+02,  2.47208E+02,  7.87409E+02
 1.49164E+03,  1.29234E+03,  6.33650E+02,  3.24056E+02,  1.85840E+02
 1.77954E+02,  1.67345E+02,  2.03330E+02,  6.14324E+02,  6.14324E+02
 1.37822E+03,  1.37822E+03,  1.37822E+03,  1.37822E+03,  1.37822E+03
 1.37822E+03,  4.59331E+02,  8.81062E+02,  6.55981E+02,  1.96286E+02
 1.56826E+02,  2.77968E+02,  9.59623E+02,  1.72163E+03,  1.27238E+03
 6.21981E+02,  3.37030E+02,  1.79070E+02,  1.65876E+02,  1.76109E+02
 1.86591E+02,  5.89394E+02,  5.89394E+02,  1.40366E+03,  1.40366E+03
 1.40366E+03,  1.40366E+03,  1.40366E+03,  1.40366E+03,  3.95600E+02
 2.42551E+03,  8.70259E+02,  2.30471E+02,  1.90857E+02,  3.15533E+02
 9.87099E+02,  1.32656E+03,  1.14562E+03,  6.44865E+02,  3.42414E+02
 1.73920E+02,  1.69466E+02,  1.69955E+02,  1.92557E+02,  5.76638E+02
 5.76638E+02,  1.42789E+03,  1.42789E+03,  1.42789E+03,  1.42789E+03
 1.42789E+03,  1.42789E+03,  6.79928E+02,  1.26991E+03,  5.70965E+02
 1.93523E+02,  1.88441E+02,  3.42113E+02,  9.27299E+02,  1.21772E+03
 1.14479E+03,  6.38421E+02,  3.33796E+02,  1.72344E+02,  1.69250E+02
 1.39798E+02,  1.82601E+02,  5.80135E+02,  5.80135E+02,  1.45726E+03
 1.45726E+03,  1.45726E+03,  1.45726E+03,  1.45726E+03,  1.45726E+03
 4.82820E+02,  5.56049E+02,  2.42067E+02,  1.21740E+02,  1.61799E+02
 3.75245E+02,  9.52933E+02,  1.45006E+03,  1.25721E+03,  5.98483E+02
 3.04665E+02,  1.73427E+02,  1.63936E+02,  1.35945E+02,  1.57091E+02
 5.85956E+02,  5.85956E+02,  1.49737E+03,  1.49737E+03,  1.49737E+03
 1.49737E+03,  1.49737E+03,  1.49737E+03,  4.15872E+02,  4.89649E+02
 2.53949E+02,  1.47295E+02,  2.11910E+02,  4.43093E+02,  1.01699E+03
 1.32577E+03,  1.12621E+03,  5.10855E+02,  2.45678E+02,  1.74838E+02
 1.57902E+02,  1.34757E+02,  1.57196E+02,  5.79743E+02,  5.79743E+02
 1.53615E+03,  1.53615E+03,  1.53615E+03,  1.53615E+03,  1.53615E+03
 1.53615E+03,  4.75568E+02,  9.47136E+02,  6.79672E+02,  3.07463E+02
 3.05001E+02,  5.03819E+02,  9.80815E+02,  1.23456E+03,  9.51961E+02
 4.00137E+02,  2.37694E+02,  1.71748E+02,  1.48276E+02,  1.48084E+02
 1.79151E+02,  5.61695E+02,  5.61695E+02,  1.56666E+03,  1.56666E+03
 1.56666E+03,  1.56666E+03,  1.56666E+03,  1.56666E+03,  4.33705E+02
 1.05862E+03,  8.87984E+02,  3.80567E+02,  3.15581E+02,  4.65476E+02
 8.15532E+02,  9.91292E+02,  7.42681E+02,  3.38754E+02,  2.39633E+02
 1.52936E+02,  1.44247E+02,  1.54210E+02,  1.86897E+02,  5.48001E+02
 5.48001E+02,  1.59616E+03,  1.59616E+03,  1.59616E+03,  1.59616E+03
 1.59616E+03,  1.59616E+03,  4.29200E+02,  1.01491E+03,  6.52700E+02
 2.84926E+02,  2.34652E+02,  3.48735E+02,  5.70896E+02,  7.07996E+02
 5.82262E+02,  2.70541E+02,  2.21909E+02,  1.26466E+02,  1.43010E+02
 1.42537E+02,  1.71123E+02,  5.43616E+02,  5.43616E+02,  1.62494E+03
 1.62494E+03,  1.62494E+03,  1.62494E+03,  1.62494E+03,  1.62494E+03
 5.08584E+02,  8.68485E+02,  4.39955E+02,  1.67218E+02,  1.50864E+02
 2.35871E+02,  4.01916E+02,  5.08241E+02,  4.64734E+02,  2.37464E+02
 1.80101E+02,  1.42623E+02,  1.38670E+02,  1.27189E+02,  1.59446E+02
 5.48807E+02,  5.48807E+02,  1.66186E+03,  1.66186E+03,  1.66186E+03
 1.66186E+03,  1.66186E+03,  1.66186E+03,  5.14217E+02,  8.96627E+02
 3.96306E+02,  1.53678E+02,  1.38781E+02,  1.93180E+02,  3.52155E+02
 4.71940E+02,  3.92309E+02,  2.35241E+02,  1.53139E+02,  1.41922E+02
 1.30057E+02,  1.22508E+02,  1.59282E+02,  5.62014E+02,  5.62014E+02
 1.71467E+03,  1.71467E+03,  1.71467E+03,  1.71467E+03,  1.71467E+03
 1.71467E+03,  5.04516E+02,  1.31851E+03,  5.42585E+02,  1.63400E+02
 1.44643E+02,  1.96529E+02,  3.32293E+02,  3.89030E+02,  3.93232E+02
 2.46486E+02,  1.39470E+02,  1.14374E+02,  1.28938E+02,  1.18098E+02
 1.60913E+02,  5.78715E+02,  5.78715E+02,  1.76654E+03,  1.76654E+03
 1.76654E+03,  1.76654E+03,  1.76654E+03,  1.76654E+03,  6.08129E+02
 1.38795E+03,  7.11767E+02,  1.83491E+02,  1.44335E+02,  2.23174E+02
 3.63086E+02,  3.97201E+02,  3.98357E+02,  2.26634E+02,  1.37542E+02
 1.08273E+02,  1.25258E+02,  1.15732E+02,  1.65789E+02,  6.00793E+02
 6.00793E+02,  1.80804E+03,  1.80804E+03,  1.80804E+03,  1.80804E+03
 1.80804E+03,  1.80804E+03,  3.69956E+02,  1.16123E+03,  6.50002E+02
 2.13009E+02,  1.54856E+02,  2.81729E+02,  5.54187E+02,  5.43258E+02
 3.27138E+02,  2.17485E+02,  1.44624E+02,  1.14918E+02,  1.06388E+02
 1.18710E+02,  1.75463E+02,  6.30004E+02,  6.30004E+02,  1.84536E+03
 1.84536E+03,  1.84536E+03,  1.84536E+03,  1.84536E+03,  1.84536E+03
 5.32749E+02,  1.32188E+03,  5.53613E+02,  2.04416E+02,  1.87691E+02
 3.75678E+02,  7.20430E+02,  7.47494E+02,  3.70186E+02,  2.33752E+02
 1.53467E+02,  1.23394E+02,  1.00464E+02,  1.25731E+02,  1.89152E+02
 6.66512E+02,  6.66512E+02,  1.87423E+03,  1.87423E+03,  1.87423E+03
 1.87423E+03,  1.87423E+03,  1.87423E+03,  4.30252E+02,  2.06968E+03
 5.37878E+02,  1.99910E+02,  2.28872E+02,  4.88253E+02,  9.68977E+02
 9.55125E+02,  5.81046E+02,  2.56791E+02,  1.58605E+02,  1.20817E+02
 1.02657E+02,  1.36607E+02,  2.07204E+02,  7.10738E+02,  7.10738E+02
 1.91932E+03,  1.91932E+03,  1.91932E+03,  1.91932E+03,  1.91932E+03
 1.91932E+03,  4.67382E+02,  1.19615E+03,  4.87125E+02,  1.98813E+02
 2.57887E+02,  5.72521E+02,  1.14569E+03,  1.41988E+03,  6.84736E+02
 2.84949E+02,  1.57169E+02,  1.19771E+02,  1.09499E+02,  1.50768E+02
 2.28766E+02,  7.60073E+02,  7.60073E+02,  2.00202E+03,  2.00202E+03
 2.00202E+03,  2.00202E+03,  2.00202E+03,  2.00202E+03,  3.53375E+02
 6.16434E+02,  5.47175E+02,  2.42857E+02,  3.08098E+02,  5.79545E+02
 1.40478E+03,  1.44788E+03,  7.57495E+02,  3.22372E+02,  1.61979E+02
 1.30165E+02,  1.19987E+02,  1.68311E+02,  2.54150E+02,  8.16084E+02
 8.16084E+02,  2.09198E+03,  2.09198E+03,  2.09198E+03,  2.09198E+03
 2.09198E+03,  2.09198E+03,  3.89130E+02,  6.36458E+02,  9.24838E+02
 3.86205E+02,  3.20262E+02,  5.08912E+02,  1.50263E+03,  9.69528E+02
 7.61830E+02,  3.73999E+02,  1.76333E+02,  1.45051E+02,  1.34889E+02
 1.90710E+02,  2.85149E+02,  8.82395E+02,  8.82395E+02,  2.15341E+03
 2.15341E+03,  2.15341E+03,  2.15341E+03,  2.15341E+03,  2.15341E+03
 3.61836E+02,  9.62780E+02,  2.05388E+03,  4.40080E+02,  2.29290E+02
 4.56284E+02,  1.27666E+03,  9.80116E+02,  8.06929E+02,  4.36352E+02
 1.94700E+02,  1.60994E+02,  1.55010E+02,  2.18659E+02,  3.22049E+02
 9.60137E+02,  9.60137E+02,  2.15757E+03,  2.15757E+03,  2.15757E+03
 2.15757E+03,  2.15757E+03,  2.15757E+03,  3.65154E+02,  1.45992E+03
 3.14164E+03,  2.70945E+02,  1.42416E+02,  3.87993E+02,  1.03353E+03
 1.56134E+03,  1.25005E+03,  4.91252E+02,  2.16688E+02,  1.78194E+02
 1.81445E+02,  2.52945E+02,  3.65705E+02,  1.05116E+03,  1.05116E+03
 2.11812E+03,  2.11812E+03,  2.11812E+03,  2.11812E+03,  2.11812E+03
 2.11812E+03,  4.32500E+02,  7.13656E+02,  1.51946E+03,  1.16280E+02
 9.17781E+01,  2.36446E+02,  9.88817E+02,  1.66132E+03,  1.37642E+03
 5.30293E+02,  2.44003E+02,  2.01572E+02,  2.15647E+02,  2.94312E+02
 4.15967E+02,  1.13973E+03,  1.13973E+03,  2.12978E+03,  2.12978E+03
 2.12978E+03,  2.12978E+03,  2.12978E+03,  2.12978E+03,  1.83284E+02
 3.13324E+02,  3.92488E+02,  7.65558E+01,  6.02023E+01,  1.77329E+02
 8.11018E+02,  1.65809E+03,  1.44924E+03,  5.58712E+02,  2.80077E+02
 2.35763E+02,  2.58693E+02,  3.42162E+02,  4.69881E+02,  1.20162E+03
 1.20162E+03,  2.09832E+03,  2.09832E+03,  2.09832E+03,  2.09832E+03
 2.09832E+03,  2.09832E+03,  9.74241E+02,  4.19853E+02,  3.33149E+02
 7.14623E+01,  5.64941E+01,  1.50897E+02,  6.24558E+02,  1.71141E+03
 1.37121E+03,  5.89824E+02,  3.32267E+02,  2.83972E+02,  3.12654E+02
 3.97673E+02,  5.25871E+02,  1.26820E+03,  1.26820E+03,  2.13225E+03
 2.13225E+03,  2.13225E+03,  2.13225E+03,  2.13225E+03,  2.13225E+03
 9.91980E+02,  2.20152E+03,  6.86668E+02,  7.43045E+01,  6.02842E+01
 1.28354E+02,  5.78370E+02,  1.54688E+03,  1.24165E+03,  6.37124E+02
 4.02415E+02,  3.51741E+02,  3.82444E+02,  4.58441E+02,  5.83244E+02
 1.38601E+03,  1.38601E+03,  2.36291E+03,  2.36291E+03,  2.36291E+03
 2.36291E+03,  2.36291E+03,  2.36291E+03,  7.88521E+02,  1.33745E+03
 5.78909E+02,  1.51144E+02,  9.93929E+01,  1.46109E+02,  5.81484E+02
 1.37712E+03,  1.13438E+03,  6.82223E+02,  4.83043E+02,  4.34222E+02
 4.54814E+02,  5.23142E+02,  6.55292E+02,  1.53747E+03,  1.53747E+03
 2.51280E+03,  2.51280E+03,  2.51280E+03,  2.51280E+03,  2.51280E+03
 2.51280E+03,  7.72451E+02,  6.09140E+03,  1.53026E+03,  3.70665E+02
 2.00813E+02,  2.68850E+02,  8.21495E+02,  1.45477E+03,  1.17496E+03
 8.14028E+02,  5.86092E+02,  5.14633E+02,  5.37034E+02,  6.08652E+02
 7.48444E+02,  1.70963E+03,  1.70963E+03,  2.64339E+03,  2.64339E+03
 2.64339E+03,  2.64339E+03,  2.64339E+03,  2.64339E+03,  6.48195E+02
 1.69953E+03,  1.87003E+02,  2.32464E+02,  3.13500E+02,  5.23767E+02
 1.11176E+03,  1.67868E+03,  1.43987E+03,  1.04641E+03,  7.56956E+02
 6.36691E+02,  6.60395E+02,  7.20388E+02,  8.57523E+02,  1.89449E+03
 1.89449E+03,  2.74482E+03,  2.74482E+03,  2.74482E+03,  2.74482E+03
 2.74482E+03,  2.74482E+03,  4.65660E+02,  4.01374E+02,  1.38819E+02
 1.63221E+02,  3.07557E+02,  6.34878E+02,  1.35923E+03,  1.93251E+03
 1.78472E+03,  1.31284E+03,  9.60543E+02,  8.00530E+02,  8.19043E+02
 8.49821E+02,  9.74127E+02,  2.06885E+03,  2.06885E+03,  2.80201E+03
 2.80201E+03,  2.80201E+03,  2.80201E+03,  2.80201E+03,  2.80201E+03
 8.56930E+02,  1.17184E+03,  2.04819E+02,  1.70516E+02,  3.40347E+02
 8.09621E+02,  1.51487E+03,  1.92045E+03,  1.92901E+03,  1.61081E+03
 1.18446E+03,  9.63779E+02,  9.40240E+02,  9.78278E+02,  1.09981E+03
 2.24600E+03,  2.24600E+03,  2.88754E+03,  2.88754E+03,  2.88754E+03
 2.88754E+03,  2.88754E+03,  2.88754E+03,  9.86495E+02,  1.61820E+03
 1.52887E+02,  1.10840E+02,  2.34131E+02,  8.63837E+02,  1.47441E+03
 1.89123E+03,  1.92032E+03,  1.60560E+03,  1.43104E+03,  1.16159E+03
 1.09849E+03,  1.12490E+03,  1.23670E+03,  2.43771E+03,  2.43771E+03
 2.99463E+03,  2.99463E+03,  2.99463E+03,  2.99463E+03,  2.99463E+03
 2.99463E+03,  7.81356E+02,  2.64012E+03,  2.01195E+02,  9.84241E+01
 1.37869E+02,  4.56799E+02,  1.09640E+03,  1.63173E+03,  1.90723E+03
 1.71303E+03,  1.46914E+03,  1.37294E+03,  1.27366E+03,  1.27680E+03
 1.37837E+03,  2.63162E+03,  2.63162E+03,  3.00344E+03,  3.00344E+03
 3.00344E+03,  3.00344E+03,  3.00344E+03,  3.00344E+03,  1.21148E+03
 4.89676E+03,  1.79678E+02,  8.69130E+01,  8.50488E+01,  1.94172E+02
 5.43510E+02,  1.22499E+03,  1.79815E+03,  1.89421E+03,  1.56921E+03
 1.43788E+03,  1.42431E+03,  1.43097E+03,  1.52735E+03,  2.81462E+03
 2.81462E+03,  2.95657E+03,  2.95657E+03,  2.95657E+03,  2.95657E+03
 2.95657E+03,  2.95657E+03,  3.41500E+02,  3.58304E+02,  1.20051E+02
 7.59245E+01,  7.59504E+01,  1.23696E+02,  3.00982E+02,  9.21708E+02
 1.75602E+03,  1.98287E+03,  1.72021E+03,  1.48454E+03,  1.50327E+03
 1.57338E+03,  1.66523E+03,  3.03993E+03,  3.03993E+03,  2.99426E+03
 2.99426E+03,  2.99426E+03,  2.99426E+03,  2.99426E+03,  2.99426E+03
 5.24179E+02,  1.18452E+03,  2.27767E+02,  1.08522E+02,  8.74866E+01
 1.01629E+02,  2.17526E+02,  7.67711E+02,  1.85279E+03,  2.16856E+03
 1.79512E+03,  1.53366E+03,  1.49538E+03,  1.62264E+03,  1.71933E+03
 3.02308E+03,  3.02308E+03,  3.04093E+03,  3.04093E+03,  3.04093E+03
 3.04093E+03,  3.04093E+03,  3.04093E+03,  7.36273E+02,  1.07167E+04
 7.49787E+02,  1.51059E+02,  8.45330E+01,  1.02718E+02,  2.00452E+02
 7.10507E+02,  1.92058E+03,  2.26384E+03,  1.87921E+03,  1.57038E+03
 1.50245E+03,  1.59693E+03,  1.68419E+03,  2.99082E+03,  2.99082E+03
 3.05382E+03,  3.05382E+03,  3.05382E+03,  3.05382E+03,  3.05382E+03
 3.05382E+03,  8.65867E+02,  8.02201E+03,  2.34117E+03,  1.76786E+02
 6.00320E+01,  8.77601E+01,  1.79796E+02,  5.60681E+02,  1.68735E+03
 2.43489E+03,  2.06728E+03,  1.66618E+03,  1.52885E+03,  1.58481E+03
 1.67255E+03,  3.10685E+03,  3.10685E+03,  3.08619E+03,  3.08619E+03
 3.08619E+03,  3.08619E+03,  3.08619E+03,  3.08619E+03,  8.15180E+02
 4.06652E+03,  9.90211E+02,  1.05830E+02,  4.07003E+01,  4.46358E+01
 1.32527E+02,  4.87576E+02,  1.46191E+03,  2.41854E+03,  2.21855E+03
 1.76080E+03,  1.55739E+03,  1.60802E+03,  1.71026E+03,  3.12927E+03
 3.12927E+03,  3.09504E+03,  3.09504E+03,  3.09504E+03,  3.09504E+03
 3.09504E+03,  3.09504E+03,  9.17933E+02,  1.36829E+03,  7.15567E+01
 1.61765E+01,  1.81176E+01,  3.10730E+01,  1.30070E+02,  5.00003E+02
 1.39208E+03,  2.27610E+03,  2.27399E+03,  1.83253E+03,  1.63505E+03
 1.66465E+03,  1.76056E+03,  3.15322E+03,  3.15322E+03,  3.08419E+03
 3.08419E+03,  3.08419E+03,  3.08419E+03,  3.08419E+03,  3.08419E+03
 3.65033E+02,  7.59112E+02,  3.78606E+01,  1.46292E+01,  1.82628E+01
 4.46880E+01,  1.76509E+02,  5.63233E+02,  1.12470E+03,  2.06127E+03
 2.30403E+03,  1.89957E+03,  1.73260E+03,  1.73925E+03,  1.80481E+03
 3.14138E+03,  3.14138E+03,  3.04416E+03,  3.04416E+03,  3.04416E+03
 3.04416E+03,  3.04416E+03,  3.04416E+03,  2.56732E+02,  6.93721E+02
 5.99067E+01,  3.49405E+01,  4.63320E+01,  1.01109E+02,  2.52735E+02
 5.80511E+02,  1.10869E+03,  1.85289E+03,  1.98749E+03,  1.82884E+03
 1.81665E+03,  1.78674E+03,  1.80866E+03,  3.03296E+03,  3.03296E+03
 2.93111E+03,  2.93111E+03,  2.93111E+03,  2.93111E+03,  2.93111E+03
 2.93111E+03,  6.44515E+02,  4.30720E+02,  1.91548E+02,  1.43327E+02
 1.52200E+02,  2.03994E+02,  3.30092E+02,  5.98587E+02,  9.49794E+02
 1.99499E+03,  2.07871E+03,  1.83879E+03,  1.75439E+03,  1.69299E+03
 1.70014E+03,  2.91058E+03,  2.91058E+03,  2.90731E+03,  2.90731E+03
 2.90731E+03,  2.90731E+03,  2.90731E+03,  2.90731E+03,  4.41045E+02
 5.15703E+02,  4.64572E+02,  3.99459E+02,  3.34782E+02,  3.15459E+02
 3.69268E+02,  6.23896E+02,  9.68366E+02,  2.30560E+03,  2.85605E+03
 2.25431E+03,  1.89857E+03,  1.84016E+03,  1.85898E+03,  3.37026E+03
 3.37026E+03,  3.42153E+03,  3.42153E+03,  3.42153E+03,  3.42153E+03
 3.42153E+03,  3.42153E+03,  6.73469E+02,  1.07413E+03,  1.47699E+03
 1.06317E+03,  6.43066E+02,  4.47263E+02,  3.78236E+02,  4.41544E+02
 8.10467E+02,  2.40297E+03,  8.66835E+03,  1.98666E+04,  2.88656E+04
 3.15650E+04,  3.37687E+04,  7.74091E+04,  7.74091E+04,  1.88773E+04
 1.88773E+04,  1.88773E+04,  1.88773E+04,  1.88773E+04,  1.88773E+04
 6.73469E+02,  1.07413E+03,  1.47699E+03,  1.06317E+03,  6.43066E+02
 4.47263E+02,  3.78236E+02,  4.41544E+02,  8.10467E+02,  2.40297E+03
 8.66835E+03,  1.98666E+04,  2.88656E+04,  3.15650E+04,  3.37687E+04
 7.74091E+04,  7.74091E+04,  1.88773E+04,  1.88773E+04,  1.88773E+04
 1.88773E+04,  1.88773E+04,  1.88773E+04,  6.76830E+02,  6.41734E+02
 5.63981E+02,  4.57315E+02,  3.29368E+02,  2.17588E+02,  1.42129E+02
 9.80192E+01,  7.30551E+01,  5.91451E+01,  5.25138E+01,  5.05209E+01
 5.18010E+01,  5.46794E+01,  6.02339E+01,  5.63807E+01,  5.63807E+01
 1.07775E+02,  1.07775E+02,  1.07775E+02,  1.07775E+02,  1.07775E+02
 1.07775E+02,  6.76830E+02,  6.41734E+02,  5.63981E+02,  4.57315E+02
 3.29368E+02,  2.17588E+02,  1.42129E+02,  9.80192E+01,  7.30551E+01
 5.91451E+01,  5.25138E+01,  5.05209E+01,  5.18010E+01,  5.46794E+01
 6.02339E+01,  5.63807E+01,  5.63807E+01,  1.07775E+02,  1.07775E+02
 1.07775E+02,  1.07775E+02,  1.07775E+02,  1.07775E+02,  6.76830E+02
 6.41734E+02,  5.63981E+02,  4.57315E+02,  3.29368E+02,  2.17588E+02
 1.42129E+02,  9.80192E+01,  7.30551E+01,  5.91451E+01,  5.25138E+01
 5.05209E+01,  5.18010E+01,  5.46794E+01,  6.02339E+01,  5.63807E+01
 5.63807E+01,  1.07775E+02,  1.07775E+02,  1.07775E+02,  1.07775E+02
 1.07775E+02,  1.07775E+02,  6.76830E+02,  6.41734E+02,  5.63981E+02
 4.57315E+02,  3.29368E+02,  2.17588E+02,  1.42129E+02,  9.80192E+01
 7.30551E+01,  5.91451E+01,  5.25138E+01,  5.05209E+01,  5.18010E+01
 5.46794E+01,  6.02339E+01,  5.63807E+01,  5.63807E+01,  1.07775E+02
 1.07775E+02,  1.07775E+02,  1.07775E+02,  1.07775E+02,  1.07775E+02
 6.76830E+02,  6.41734E+02,  5.63981E+02,  4.57315E+02,  3.29368E+02
 2.17588E+02,  1.42129E+02,  9.80192E+01,  7.30551E+01,  5.91451E+01
 5.25138E+01,  5.05209E+01,  5.18010E+01,  5.46794E+01,  6.02339E+01
 5.63807E+01,  5.63807E+01,  1.07775E+02,  1.07775E+02,  1.07775E+02
 1.07775E+02,  1.07775E+02,  1.07775E+02,  6.76830E+02,  6.41734E+02
 5.63981E+02,  4.57315E+02,  3.29368E+02,  2.17588E+02,  1.42129E+02
 9.80192E+01,  7.30551E+01,  5.91451E+01,  5.25138E+01,  5.05209E+01
 5.18010E+01,  5.46794E+01,  6.02339E+01,  5.63807E+01,  5.63807E+01
 1.07775E+02,  1.07775E+02,  1.07775E+02,  1.07775E+02,  1.07775E+02
 1.07775E+02

;-Sensitivity in the elemental sequential order

 3.11741E-02,  3.15433E-02,  2.99228E-02,  2.52879E-02,  1.96289E-02
 1.47297E-02,  1.10357E-02,  8.40271E-03,  6.52952E-03,  5.16411E-03
 4.13664E-03,  3.34480E-03,  2.73522E-03,  2.27057E-03,  1.90299E-03
 4.08415E-03,  4.08415E-03,  7.72478E-03,  7.72478E-03,  7.72478E-03
 7.72478E-03,  7.72478E-03,  7.72478E-03,  3.11741E-02,  3.15433E-02
 2.99228E-02,  2.52879E-02,  1.96289E-02,  1.47297E-02,  1.10357E-02
 8.40271E-03,  6.52952E-03,  5.16411E-03,  4.13664E-03,  3.34480E-03
 2.73522E-03,  2.27057E-03,  1.90299E-03,  4.08415E-03,  4.08415E-03
 7.72478E-03,  7.72478E-03,  7.72478E-03,  7.72478E-03,  7.72478E-03
 7.72478E-03,  3.11741E-02,  3.15433E-02,  2.99228E-02,  2.52879E-02
 1.96289E-02,  1.47297E-02,  1.10357E-02,  8.40271E-03,  6.52952E-03
 5.16411E-03,  4.13664E-03,  3.34480E-03,  2.73522E-03,  2.27057E-03
 1.90299E-03,  4.08415E-03,  4.08415E-03,  7.72478E-03,  7.72478E-03
 7.72478E-03,  7.72478E-03,  7.72478E-03,  7.72478E-03,  3.11741E-02
 3.15433E-02,  2.99228E-02,  2.52879E-02,  1.96289E-02,  1.47297E-02
 1.10357E-02,  8.40271E-03,  6.52952E-03,  5.16411E-03,  4.13664E-03
 3.34480E-03,  2.73522E-03,  2.27057E-03,  1.90299E-03,  4.08415E-03
 4.08415E-03,  7.72478E-03,  7.72478E-03,  7.72478E-03,  7.72478E-03
 7.72478E-03,  7.72478E-03,  3.11741E-02,  3.15433E-02,  2.99228E-02
 2.52879E-02,  1.96289E-02,  1.47297E-02,  1.10357E-02,  8.40271E-03
 6.52952E-03,  5.16411E-03,  4.13664E-03,  3.34480E-03,  2.73522E-03
 2.27057E-03,  1.90299E-03,  4.08415E-03,  4.08415E-03,  7.72478E-03
 7.72478E-03,  7.72478E-03,  7.72478E-03,  7.72478E-03,  7.72478E-03
 3.11741E-02,  3.15433E-02,  2.99228E-02,  2.52879E-02,  1.96289E-02
 1.47297E-02,  1.10357E-02,  8.40271E-03,  6.52952E-03,  5.16411E-03
 4.13664E-03,  3.34480E-03,  2.73522E-03,  2.27057E-03,  1.90299E-03
 4.08415E-03,  4.08415E-03,  7.72478E-03,  7.72478E-03,  7.72478E-03
 7.72478E-03,  7.72478E-03,  7.72478E-03,  5.23502E-01,  1.69976E-01
 6.66324E-02,  2.94550E-02,  1.47745E-02,  8.56577E-03,  5.55965E-03
 3.87398E-03,  2.75768E-03,  2.01093E-03,  1.45351E-03,  1.03943E-03
 7.42247E-04,  5.37476E-04,  3.93182E-04,  5.79488E-04,  5.79488E-04
 5.62332E-04,  5.62332E-04,  5.62332E-04,  5.62332E-04,  5.62332E-04
 5.62332E-04,  5.23502E-01,  1.69976E-01,  6.66324E-02,  2.94550E-02
 1.47745E-02,  8.56577E-03,  5.55965E-03,  3.87398E-03,  2.75768E-03
 2.01093E-03,  1.45351E-03,  1.03943E-03,  7.42247E-04,  5.37476E-04
 3.93182E-04,  5.79488E-04,  5.79488E-04,  5.62332E-04,  5.62332E-04
 5.62332E-04,  5.62332E-04,  5.62332E-04,  5.62332E-04,  6.47087E-01
 1.54056E-01,  5.21466E-02,  1.94684E-02,  7.53019E-03,  3.67622E-03
 2.07454E-03,  1.33183E-03,  9.83242E-04,  7.00988E-04,  4.81931E-04
 3.36187E-04,  2.41182E-04,  1.76788E-04,  1.32368E-04,  1.85000E-04
 1.85000E-04,  2.14708E-04,  2.14708E-04,  2.14708E-04,  2.14708E-04
 2.14708E-04,  2.14708E-04,  1.72470E+00,  3.58256E-01,  1.11780E-01
 3.44096E-02,  1.04760E-02,  4.11543E-03,  2.17090E-03,  1.28692E-03
 8.18272E-04,  6.03263E-04,  4.51472E-04,  3.18231E-04,  2.32183E-04
 1.74357E-04,  1.33085E-04,  2.05410E-04,  2.05410E-04,  2.75509E-04
 2.75509E-04,  2.75509E-04,  2.75509E-04,  2.75509E-04,  2.75509E-04
 1.02235E+00,  5.05587E-01,  1.36055E-01,  4.37767E-02,  1.20630E-02
 4.23641E-03,  2.15864E-03,  1.27594E-03,  7.99074E-04,  5.46759E-04
 3.95584E-04,  2.94015E-04,  2.16295E-04,  1.65346E-04,  1.28433E-04
 2.01167E-04,  2.01167E-04,  2.75766E-04,  2.75766E-04,  2.75766E-04
 2.75766E-04,  2.75766E-04,  2.75766E-04,  1.58742E+00,  7.95490E-01
 1.46182E-01,  3.69869E-02,  1.13283E-02,  4.04825E-03,  2.11211E-03
 1.26398E-03,  8.03095E-04,  5.29116E-04,  3.73777E-04,  2.75501E-04
 2.05462E-04,  1.57787E-04,  1.22993E-04,  1.94898E-04,  1.94898E-04
 2.76200E-04,  2.76200E-04,  2.76200E-04,  2.76200E-04,  2.76200E-04
 2.76200E-04,  1.56149E+00,  8.50069E-01,  1.08709E-01,  2.84860E-02
 9.74224E-03,  3.83625E-03,  2.17841E-03,  1.33339E-03,  8.33352E-04
 5.38981E-04,  3.71770E-04,  2.67750E-04,  1.99435E-04,  1.52169E-04
 1.18339E-04,  1.92273E-04,  1.92273E-04,  2.84597E-04,  2.84597E-04
 2.84597E-04,  2.84597E-04,  2.84597E-04,  2.84597E-04,  1.93749E+00
 7.83681E-01,  1.22141E-01,  2.46736E-02,  8.67525E-03,  3.96807E-03
 2.34879E-03,  1.46600E-03,  8.98919E-04,  5.87509E-04,  3.87068E-04
 2.74468E-04,  1.98451E-04,  1.48957E-04,  1.14742E-04,  1.92668E-04
 1.92668E-04,  2.91018E-04,  2.91018E-04,  2.91018E-04,  2.91018E-04
 2.91018E-04,  2.91018E-04,  1.83037E+00,  8.10147E-01,  1.15948E-01
 2.38303E-02,  8.82127E-03,  4.43515E-03,  2.61825E-03,  1.61766E-03
 1.02355E-03,  6.56052E-04,  4.27285E-04,  2.90238E-04,  2.04024E-04
 1.49807E-04,  1.13117E-04,  1.97181E-04,  1.97181E-04,  2.97607E-04
 2.97607E-04,  2.97607E-04,  2.97607E-04,  2.97607E-04,  2.97607E-04
 1.88754E+00,  8.30912E-01,  1.26602E-01,  2.83498E-02,  1.13928E-02
 4.82316E-03,  2.93386E-03,  1.81220E-03,  1.14171E-03,  7.31253E-04
 4.78687E-04,  3.14137E-04,  2.15983E-04,  1.55037E-04,  1.14074E-04
 2.05956E-04,  2.05956E-04,  3.04883E-04,  3.04883E-04,  3.04883E-04
 3.04883E-04,  3.04883E-04,  3.04883E-04,  1.84840E+00,  8.68404E-01
 1.24250E-01,  3.29606E-02,  1.29602E-02,  5.96256E-03,  3.33858E-03
 1.97579E-03,  1.24700E-03,  8.06987E-04,  5.25979E-04,  3.43575E-04
 2.33104E-04,  1.63894E-04,  1.17763E-04,  2.18347E-04,  2.18347E-04
 3.13335E-04,  3.13335E-04,  3.13335E-04,  3.13335E-04,  3.13335E-04
 3.13335E-04,  2.07310E+00,  8.52829E-01,  1.33336E-01,  3.32881E-02
 1.36585E-02,  7.08261E-03,  3.77879E-03,  2.12611E-03,  1.34568E-03
 8.63437E-04,  5.74045E-04,  3.77840E-04,  2.55011E-04,  1.77058E-04
 1.24415E-04,  2.34470E-04,  2.34470E-04,  3.23006E-04,  3.23006E-04
 3.23006E-04,  3.23006E-04,  3.23006E-04,  3.23006E-04,  2.09485E+00
 8.76022E-01,  1.34170E-01,  3.61814E-02,  1.79149E-02,  8.65134E-03
 4.35788E-03,  2.31430E-03,  1.37571E-03,  9.22880E-04,  6.15672E-04
 4.16103E-04,  2.81261E-04,  1.93950E-04,  1.33950E-04,  2.54011E-04
 2.54011E-04,  3.32778E-04,  3.32778E-04,  3.32778E-04,  3.32778E-04
 3.32778E-04,  3.32778E-04,  1.86162E+00,  8.60652E-01,  1.45342E-01
 4.39411E-02,  1.97347E-02,  9.52531E-03,  4.67248E-03,  2.40586E-03
 1.42736E-03,  9.60646E-04,  6.54345E-04,  4.53236E-04,  3.09403E-04
 2.13320E-04,  1.45755E-04,  2.75605E-04,  2.75605E-04,  3.42554E-04
 3.42554E-04,  3.42554E-04,  3.42554E-04,  3.42554E-04,  3.42554E-04
 1.85071E+00,  8.47780E-01,  1.51119E-01,  4.44795E-02,  2.01600E-02
 1.03129E-02,  5.07711E-03,  2.59393E-03,  1.50275E-03,  9.79777E-04
 6.97298E-04,  4.84362E-04,  3.38854E-04,  2.34553E-04,  1.59758E-04
 2.99078E-04,  2.99078E-04,  3.52684E-04,  3.52684E-04,  3.52684E-04
 3.52684E-04,  3.52684E-04,  3.52684E-04,  1.80458E+00,  8.08267E-01
 1.51057E-01,  4.19888E-02,  1.93825E-02,  9.89274E-03,  5.13903E-03
 2.81118E-03,  1.58000E-03,  1.01447E-03,  7.23553E-04,  5.14347E-04
 3.67708E-04,  2.56933E-04,  1.75819E-04,  3.24376E-04,  3.24376E-04
 3.65252E-04,  3.65252E-04,  3.65252E-04,  3.65252E-04,  3.65252E-04
 3.65252E-04,  1.71223E+00,  7.99465E-01,  1.51323E-01,  3.58853E-02
 1.85588E-02,  9.63188E-03,  5.22108E-03,  2.97455E-03,  1.68387E-03
 1.04444E-03,  7.41484E-04,  5.44623E-04,  3.92809E-04,  2.79641E-04
 1.92691E-04,  3.49841E-04,  3.49841E-04,  3.79538E-04,  3.79538E-04
 3.79538E-04,  3.79538E-04,  3.79538E-04,  3.79538E-04,  2.08550E+00
 9.17062E-01,  1.65740E-01,  3.88132E-02,  1.78029E-02,  9.84155E-03
 5.18309E-03,  3.06048E-03,  1.80090E-03,  1.07497E-03,  7.60870E-04
 5.68926E-04,  4.17021E-04,  3.02725E-04,  2.10288E-04,  3.76003E-04
 3.76003E-04,  3.93595E-04,  3.93595E-04,  3.93595E-04,  3.93595E-04
 3.93595E-04,  3.93595E-04,  1.94385E+00,  9.31544E-01,  1.61702E-01
 4.11401E-02,  2.10166E-02,  9.44783E-03,  5.14065E-03,  3.15796E-03
 1.90866E-03,  1.11411E-03,  7.79668E-04,  5.88102E-04,  4.42461E-04
 3.25373E-04,  2.28854E-04,  4.03493E-04,  4.03493E-04,  4.06560E-04
 4.06560E-04,  4.06560E-04,  4.06560E-04,  4.06560E-04,  4.06560E-04
 2.46565E+00,  1.00214E+00,  1.66614E-01,  4.25261E-02,  2.21916E-02
 9.84872E-03,  5.04172E-03,  3.21513E-03,  2.02578E-03,  1.15599E-03
 7.94098E-04,  6.10714E-04,  4.70187E-04,  3.47314E-04,  2.47081E-04
 4.30513E-04,  4.30513E-04,  4.16720E-04,  4.16720E-04,  4.16720E-04
 4.16720E-04,  4.16720E-04,  4.16720E-04,  2.40340E+00,  9.95313E-01
 1.66510E-01,  3.69325E-02,  1.97714E-02,  9.69397E-03,  4.74732E-03
 2.92147E-03,  2.11096E-03,  1.20274E-03,  8.07822E-04,  6.33430E-04
 4.98968E-04,  3.67719E-04,  2.63832E-04,  4.56951E-04,  4.56951E-04
 4.26028E-04,  4.26028E-04,  4.26028E-04,  4.26028E-04,  4.26028E-04
 4.26028E-04,  2.11133E+00,  9.67632E-01,  1.62348E-01,  3.63031E-02
 1.93994E-02,  9.59870E-03,  4.66883E-03,  2.76094E-03,  2.08471E-03
 1.25488E-03,  8.22155E-04,  6.52026E-04,  5.15462E-04,  3.82740E-04
 2.78978E-04,  4.82253E-04,  4.82253E-04,  4.37396E-04,  4.37396E-04
 4.37396E-04,  4.37396E-04,  4.37396E-04,  4.37396E-04,  2.18613E+00
 9.36865E-01,  1.76187E-01,  4.01336E-02,  2.11326E-02,  1.10946E-02
 5.16438E-03,  2.70266E-03,  2.04270E-03,  1.30417E-03,  8.38262E-04
 6.59477E-04,  5.23816E-04,  3.93809E-04,  2.92866E-04,  5.05725E-04
 5.05725E-04,  4.50836E-04,  4.50836E-04,  4.50836E-04,  4.50836E-04
 4.50836E-04,  4.50836E-04,  2.39062E+00,  9.94245E-01,  1.83803E-01
 4.53666E-02,  2.41900E-02,  1.26756E-02,  6.03903E-03,  2.79127E-03
 2.01317E-03,  1.35460E-03,  8.57537E-04,  6.63061E-04,  5.33666E-04
 4.06995E-04,  3.06899E-04,  5.29323E-04,  5.29323E-04,  4.68796E-04
 4.68796E-04,  4.68796E-04,  4.68796E-04,  4.68796E-04,  4.68796E-04
 2.10683E+00,  1.02201E+00,  1.90672E-01,  4.73956E-02,  2.59865E-02
 1.42147E-02,  6.90434E-03,  2.95269E-03,  1.99986E-03,  1.40249E-03
 8.80646E-04,  6.68319E-04,  5.43854E-04,  4.19058E-04,  3.21291E-04
 5.54467E-04,  5.54467E-04,  4.89144E-04,  4.89144E-04,  4.89144E-04
 4.89144E-04,  4.89144E-04,  4.89144E-04,  2.61748E+00,  1.06181E+00
 1.96228E-01,  5.28249E-02,  2.66205E-02,  1.48065E-02,  7.49009E-03
 2.99702E-03,  2.06358E-03,  1.43493E-03,  9.05372E-04,  6.73653E-04
 5.53067E-04,  4.30566E-04,  3.36039E-04,  5.80477E-04,  5.80477E-04
 5.03204E-04,  5.03204E-04,  5.03204E-04,  5.03204E-04,  5.03204E-04
 5.03204E-04,  2.62254E+00,  1.04734E+00,  1.97231E-01,  5.23494E-02
 2.66030E-02,  1.47040E-02,  7.89768E-03,  3.19001E-03,  1.98142E-03
 1.50397E-03,  9.30295E-04,  6.81008E-04,  5.62948E-04,  4.42652E-04
 3.50801E-04,  6.07369E-04,  6.07369E-04,  5.12773E-04,  5.12773E-04
 5.12773E-04,  5.12773E-04,  5.12773E-04,  5.12773E-04,  2.46194E+00
 1.01641E+00,  1.92863E-01,  5.15600E-02,  2.59328E-02,  1.46591E-02
 8.01183E-03,  3.47931E-03,  2.04364E-03,  1.51003E-03,  9.62176E-04
 6.90358E-04,  5.69254E-04,  4.54016E-04,  3.65977E-04,  6.34266E-04
 6.34266E-04,  5.19206E-04,  5.19206E-04,  5.19206E-04,  5.19206E-04
 5.19206E-04,  5.19206E-04,  2.48939E+00,  1.01343E+00,  1.90317E-01
 5.25510E-02,  2.57517E-02,  1.44653E-02,  7.92968E-03,  3.29235E-03
 2.12278E-03,  1.50796E-03,  9.97907E-04,  6.98800E-04,  5.71165E-04
 4.62271E-04,  3.80333E-04,  6.59625E-04,  6.59625E-04,  5.20358E-04
 5.20358E-04,  5.20358E-04,  5.20358E-04,  5.20358E-04,  5.20358E-04
 2.50088E+00,  1.07276E+00,  1.89104E-01,  5.30580E-02,  2.54081E-02
 1.38171E-02,  7.51752E-03,  3.38335E-03,  2.15137E-03,  1.54150E-03
 1.03495E-03,  7.06952E-04,  5.75963E-04,  4.71277E-04,  3.94162E-04
 6.85007E-04,  6.85007E-04,  5.26020E-04,  5.26020E-04,  5.26020E-04
 5.26020E-04,  5.26020E-04,  5.26020E-04,  2.49550E+00,  1.08959E+00
 1.87975E-01,  5.28549E-02,  2.30607E-02,  1.33352E-02,  7.54903E-03
 3.62457E-03,  2.16091E-03,  1.60358E-03,  1.06199E-03,  7.23190E-04
 5.83192E-04,  4.83535E-04,  4.10384E-04,  7.16104E-04,  7.16104E-04
 5.37426E-04,  5.37426E-04,  5.37426E-04,  5.37426E-04,  5.37426E-04
 5.37426E-04,  3.33748E+00,  1.20668E+00,  2.03211E-01,  5.30332E-02
 2.31214E-02,  1.37493E-02,  8.23820E-03,  3.95876E-03,  2.26965E-03
 1.59765E-03,  1.09459E-03,  7.56079E-04,  5.89621E-04,  4.96958E-04
 4.29600E-04,  7.43914E-04,  7.43914E-04,  5.48135E-04,  5.48135E-04
 5.48135E-04,  5.48135E-04,  5.48135E-04,  5.48135E-04,  2.91475E+00
 1.27762E+00,  2.26153E-01,  5.89615E-02,  2.40025E-02,  1.52907E-02
 9.39488E-03,  4.44219E-03,  2.42063E-03,  1.63389E-03,  1.12333E-03
 7.87563E-04,  6.21218E-04,  5.07090E-04,  4.49367E-04,  7.61067E-04
 7.61067E-04,  5.53998E-04,  5.53998E-04,  5.53998E-04,  5.53998E-04
 5.53998E-04,  5.53998E-04,  3.78082E+00,  1.29411E+00,  2.62959E-01
 7.11667E-02,  2.56535E-02,  1.75531E-02,  1.11320E-02,  5.15181E-03
 2.48763E-03,  1.71698E-03,  1.14196E-03,  8.09182E-04,  6.41383E-04
 5.34825E-04,  4.62804E-04,  7.65901E-04,  7.65901E-04,  5.61144E-04
 5.61144E-04,  5.61144E-04,  5.61144E-04,  5.61144E-04,  5.61144E-04
 3.45986E+00,  1.29262E+00,  3.07964E-01,  8.42809E-02,  2.89778E-02
 2.00758E-02,  1.33780E-02,  5.92525E-03,  2.55462E-03,  1.75421E-03
 1.17910E-03,  8.19185E-04,  6.46230E-04,  5.52226E-04,  4.65243E-04
 7.78216E-04,  7.78216E-04,  5.69374E-04,  5.69374E-04,  5.69374E-04
 5.69374E-04,  5.69374E-04,  5.69374E-04,  3.58090E+00,  1.33719E+00
 3.59306E-01,  9.51160E-02,  3.32286E-02,  2.21016E-02,  1.54482E-02
 6.51018E-03,  2.61263E-03,  1.76792E-03,  1.22422E-03,  8.39217E-04
 6.62236E-04,  5.45691E-04,  4.78717E-04,  7.83161E-04,  7.83161E-04
 5.77251E-04,  5.77251E-04,  5.77251E-04,  5.77251E-04,  5.77251E-04
 5.77251E-04,  3.25883E+00,  1.32285E+00,  3.84670E-01,  9.73709E-02
 3.59845E-02,  2.38273E-02,  1.68221E-02,  6.60831E-03,  2.66853E-03
 1.83840E-03,  1.24559E-03,  8.58634E-04,  6.68910E-04,  5.41017E-04
 4.80063E-04,  7.79237E-04,  7.79237E-04,  5.83564E-04,  5.83564E-04
 5.83564E-04,  5.83564E-04,  5.83564E-04,  5.83564E-04,  4.28459E+00
 1.47419E+00,  3.82839E-01,  9.66723E-02,  3.60167E-02,  2.26591E-02
 1.64339E-02,  6.38729E-03,  2.75841E-03,  1.88034E-03,  1.26900E-03
 8.69988E-04,  6.57410E-04,  5.44413E-04,  4.66832E-04,  7.81192E-04
 7.81192E-04,  5.89297E-04,  5.89297E-04,  5.89297E-04,  5.89297E-04
 5.89297E-04,  5.89297E-04,  3.83216E+00,  1.52166E+00,  4.48214E-01
 9.45536E-02,  3.48330E-02,  2.02704E-02,  1.43153E-02,  5.83372E-03
 2.88474E-03,  1.90978E-03,  1.29189E-03,  8.79924E-04,  6.59974E-04
 5.53590E-04,  4.64013E-04,  7.88643E-04,  7.88643E-04,  5.94218E-04
 5.94218E-04,  5.94218E-04,  5.94218E-04,  5.94218E-04,  5.94218E-04
 4.75180E+00,  1.64450E+00,  4.57909E-01,  8.90791E-02,  3.31510E-02
 1.78832E-02,  1.28940E-02,  5.33968E-03,  2.73104E-03,  2.02333E-03
 1.30767E-03,  8.94216E-04,  6.74985E-04,  5.65337E-04,  4.67136E-04
 7.99104E-04,  7.99104E-04,  5.97207E-04,  5.97207E-04,  5.97207E-04
 5.97207E-04,  5.97207E-04,  5.97207E-04,  5.02243E+00,  1.55652E+00
 3.67754E-01,  8.15899E-02,  3.18280E-02,  1.67510E-02,  1.13958E-02
 5.09537E-03,  2.88337E-03,  2.06379E-03,  1.35451E-03,  9.09709E-04
 7.02887E-04,  5.70180E-04,  4.66942E-04,  8.13239E-04,  8.13239E-04
 5.97151E-04,  5.97151E-04,  5.97151E-04,  5.97151E-04,  5.97151E-04
 5.97151E-04,  5.77281E+00,  1.50681E+00,  3.50763E-01,  8.00492E-02
 3.22659E-02,  1.63832E-02,  1.08001E-02,  5.10266E-03,  3.11573E-03
 2.09011E-03,  1.39299E-03,  9.58561E-04,  7.23121E-04,  5.68264E-04
 4.66088E-04,  8.27819E-04,  8.27819E-04,  5.95546E-04,  5.95546E-04
 5.95546E-04,  5.95546E-04,  5.95546E-04,  5.95546E-04,  5.65422E+00
 1.65349E+00,  3.94681E-01,  8.97995E-02,  3.27601E-02,  1.65515E-02
 1.04737E-02,  5.23862E-03,  3.22851E-03,  2.17947E-03,  1.44865E-03
 1.01257E-03,  7.32405E-04,  5.79205E-04,  4.75653E-04,  8.32469E-04
 8.32469E-04,  5.93749E-04,  5.93749E-04,  5.93749E-04,  5.93749E-04
 5.93749E-04,  5.93749E-04,  5.63028E+00,  1.99903E+00,  4.73742E-01
 1.04270E-01,  3.60533E-02,  1.87272E-02,  1.06414E-02,  5.49721E-03
 3.43563E-03,  2.27981E-03,  1.52009E-03,  1.05219E-03,  7.67765E-04
 6.02928E-04,  4.89533E-04,  8.21878E-04,  8.21878E-04,  5.90307E-04
 5.90307E-04,  5.90307E-04,  5.90307E-04,  5.90307E-04,  5.90307E-04
 5.71316E+00,  1.90087E+00,  5.07361E-01,  1.23703E-01,  4.24989E-02
 2.07035E-02,  1.11704E-02,  5.92484E-03,  3.67111E-03,  2.39792E-03
 1.59281E-03,  1.08095E-03,  7.86528E-04,  6.07692E-04,  4.84332E-04
 8.00967E-04,  8.00967E-04,  5.85806E-04,  5.85806E-04,  5.85806E-04
 5.85806E-04,  5.85806E-04,  5.85806E-04,  6.51445E+00,  2.15897E+00
 5.88382E-01,  1.41607E-01,  4.72493E-02,  2.18077E-02,  1.13230E-02
 6.45771E-03,  3.85774E-03,  2.47606E-03,  1.62752E-03,  1.09456E-03
 7.67684E-04,  5.90782E-04,  4.57914E-04,  7.80289E-04,  7.80289E-04
 5.79994E-04,  5.79994E-04,  5.79994E-04,  5.79994E-04,  5.79994E-04
 5.79994E-04,  5.96126E+00,  1.60100E+00,  5.28142E-01,  1.41254E-01
 4.90291E-02,  2.28428E-02,  1.22166E-02,  6.74221E-03,  3.78281E-03
 2.50867E-03,  1.66009E-03,  1.09960E-03,  7.75337E-04,  5.88778E-04
 4.54394E-04,  7.72564E-04,  7.72564E-04,  5.72095E-04,  5.72095E-04
 5.72095E-04,  5.72095E-04,  5.72095E-04,  5.72095E-04,  5.05588E+00
 2.28999E+00,  6.19997E-01,  1.45568E-01,  4.83786E-02,  2.26381E-02
 1.22472E-02,  6.17053E-03,  3.69192E-03,  2.59845E-03,  1.70075E-03
 1.12545E-03,  7.87467E-04,  5.90372E-04,  4.56183E-04,  7.69432E-04
 7.69432E-04,  5.64810E-04,  5.64810E-04,  5.64810E-04,  5.64810E-04
 5.64810E-04,  5.64810E-04,  5.26019E+00,  2.26729E+00,  6.76913E-01
 1.54462E-01,  4.80790E-02,  1.83696E-02,  8.09514E-03,  5.05013E-03
 4.03416E-03,  2.72754E-03,  1.73790E-03,  1.14260E-03,  7.97207E-04
 5.92048E-04,  4.56148E-04,  7.64771E-04,  7.64771E-04,  5.58532E-04
 5.58532E-04,  5.58532E-04,  5.58532E-04,  5.58532E-04,  5.58532E-04
 6.39087E+00,  2.00747E+00,  6.79810E-01,  1.54509E-01,  4.83379E-02
 1.92701E-02,  7.72385E-03,  6.11979E-03,  4.46503E-03,  2.79872E-03
 1.75928E-03,  1.14119E-03,  8.02087E-04,  5.96111E-04,  4.57221E-04
 7.58826E-04,  7.58826E-04,  5.51016E-04,  5.51016E-04,  5.51016E-04
 5.51016E-04,  5.51016E-04,  5.51016E-04,  5.91397E+00,  3.17771E+00
 8.25091E-01,  1.44515E-01,  4.37602E-02,  2.05331E-02,  1.25233E-02
 8.38610E-03,  4.79443E-03,  2.84838E-03,  1.75094E-03,  1.13464E-03
 8.08864E-04,  6.04689E-04,  4.60858E-04,  7.56496E-04,  7.56496E-04
 5.43601E-04,  5.43601E-04,  5.43601E-04,  5.43601E-04,  5.43601E-04
 5.43601E-04,  6.32817E+00,  1.83902E+00,  5.62784E-01,  1.20608E-01
 4.03226E-02,  2.13252E-02,  1.39102E-02,  8.58229E-03,  5.11783E-03
 2.87151E-03,  1.71856E-03,  1.12844E-03,  8.15549E-04,  6.12918E-04
 4.64133E-04,  7.55910E-04,  7.55910E-04,  5.36613E-04,  5.36613E-04
 5.36613E-04,  5.36613E-04,  5.36613E-04,  5.36613E-04,  7.99572E+00
 1.85427E+00,  4.81054E-01,  1.16677E-01,  5.05085E-02,  2.31212E-02
 1.48193E-02,  9.33719E-03,  5.07749E-03,  2.84427E-03,  1.67664E-03
 1.13359E-03,  8.22430E-04,  6.18198E-04,  4.65989E-04,  7.55967E-04
 7.55967E-04,  5.29383E-04,  5.29383E-04,  5.29383E-04,  5.29383E-04
 5.29383E-04,  5.29383E-04,  4.01271E+00,  1.70090E+00,  4.09838E-01
 1.63443E-01,  6.17771E-02,  2.01678E-02,  1.15123E-02,  8.13574E-03
 4.90961E-03,  2.68786E-03,  1.66310E-03,  1.14370E-03,  8.28976E-04
 6.20843E-04,  4.67077E-04,  7.57793E-04,  7.57793E-04,  5.24093E-04
 5.24093E-04,  5.24093E-04,  5.24093E-04,  5.24093E-04,  5.24093E-04
 4.23450E+00,  1.61968E+00,  4.01707E-01,  1.45460E-01,  5.01247E-02
 1.44212E-02,  8.69174E-03,  6.61147E-03,  4.44538E-03,  2.65296E-03
 1.66939E-03,  1.14681E-03,  8.29356E-04,  6.18458E-04,  4.65969E-04
 7.57694E-04,  7.57694E-04,  5.20247E-04,  5.20247E-04,  5.20247E-04
 5.20247E-04,  5.20247E-04,  5.20247E-04,  3.69304E+00,  1.40255E+00
 2.83038E-01,  7.35717E-02,  2.44725E-02,  8.67182E-03,  6.47994E-03
 5.64936E-03,  4.12621E-03,  2.61503E-03,  1.69200E-03,  1.13612E-03
 8.19961E-04,  6.11518E-04,  4.61413E-04,  7.54709E-04,  7.54709E-04
 5.15993E-04,  5.15993E-04,  5.15993E-04,  5.15993E-04,  5.15993E-04
 5.15993E-04,  3.77971E+00,  1.36239E+00,  2.40610E-01,  4.81405E-02
 1.70752E-02,  9.11002E-03,  6.63227E-03,  4.76756E-03,  3.76226E-03
 2.60147E-03,  1.60068E-03,  1.14019E-03,  8.16777E-04,  6.03445E-04
 4.54905E-04,  7.52880E-04,  7.52880E-04,  5.12606E-04,  5.12606E-04
 5.12606E-04,  5.12606E-04,  5.12606E-04,  5.12606E-04,  4.37419E+00
 1.45141E+00,  2.70014E-01,  6.38372E-02,  1.67945E-02,  1.04655E-02
 7.83889E-03,  5.51553E-03,  3.70285E-03,  2.69580E-03,  1.62499E-03
 1.14652E-03,  8.12553E-04,  5.95363E-04,  4.47121E-04,  7.51926E-04
 7.51926E-04,  5.10143E-04,  5.10143E-04,  5.10143E-04,  5.10143E-04
 5.10143E-04,  5.10143E-04,  3.63937E+00,  1.62109E+00,  3.57378E-01
 1.03460E-01,  2.25548E-02,  9.99595E-03,  9.04988E-03,  6.28125E-03
 3.92501E-03,  2.61310E-03,  1.73355E-03,  1.12437E-03,  8.06276E-04
 5.82383E-04,  4.40964E-04,  7.50420E-04,  7.50420E-04,  5.07877E-04
 5.07877E-04,  5.07877E-04,  5.07877E-04,  5.07877E-04,  5.07877E-04
 7.44849E+00,  1.84675E+00,  3.96369E-01,  1.24846E-01,  3.19007E-02
 1.23082E-02,  1.07928E-02,  7.54452E-03,  4.31668E-03,  2.61786E-03
 1.72062E-03,  1.12740E-03,  7.97984E-04,  5.71943E-04,  4.35488E-04
 7.50512E-04,  7.50512E-04,  5.07445E-04,  5.07445E-04,  5.07445E-04
 5.07445E-04,  5.07445E-04,  5.07445E-04,  5.63409E+00,  2.23457E+00
 3.91794E-01,  1.07464E-01,  3.79828E-02,  1.77870E-02,  1.38060E-02
 9.19057E-03,  4.83136E-03,  2.72516E-03,  1.66749E-03,  1.12140E-03
 7.91446E-04,  5.63092E-04,  4.30172E-04,  7.50214E-04,  7.50214E-04
 5.09959E-04,  5.09959E-04,  5.09959E-04,  5.09959E-04,  5.09959E-04
 5.09959E-04,  1.07139E+01,  2.45551E+00,  3.96772E-01,  8.68506E-02
 4.10952E-02,  2.22971E-02,  1.57718E-02,  1.03225E-02,  5.17489E-03
 2.68573E-03,  1.66854E-03,  1.10308E-03,  7.81179E-04,  5.55343E-04
 4.26340E-04,  7.47716E-04,  7.47716E-04,  5.13926E-04,  5.13926E-04
 5.13926E-04,  5.13926E-04,  5.13926E-04,  5.13926E-04,  7.33649E+00
 3.23945E+00,  4.52767E-01,  7.79014E-02,  3.43374E-02,  2.08293E-02
 1.53399E-02,  1.01802E-02,  5.17407E-03,  2.67644E-03,  1.65409E-03
 1.10308E-03,  7.59565E-04,  5.53093E-04,  4.23839E-04,  7.46867E-04
 7.46867E-04,  5.16295E-04,  5.16295E-04,  5.16295E-04,  5.16295E-04
 5.16295E-04,  5.16295E-04,  4.13113E+00,  2.13761E+00,  3.13131E-01
 6.39144E-02,  2.96231E-02,  1.60493E-02,  1.31649E-02,  9.01297E-03
 4.81755E-03,  2.56847E-03,  1.64831E-03,  1.10531E-03,  7.44030E-04
 5.47821E-04,  4.22140E-04,  7.46471E-04,  7.46471E-04,  5.17921E-04
 5.17921E-04,  5.17921E-04,  5.17921E-04,  5.17921E-04,  5.17921E-04
 1.00633E+01,  1.37605E+00,  2.25085E-01,  6.77802E-02,  3.39590E-02
 1.36325E-02,  1.04927E-02,  7.44234E-03,  4.22631E-03,  2.44902E-03
 1.64029E-03,  1.10578E-03,  7.27994E-04,  5.41837E-04,  4.21966E-04
 7.44697E-04,  7.44697E-04,  5.17875E-04,  5.17875E-04,  5.17875E-04
 5.17875E-04,  5.17875E-04,  5.17875E-04,  3.01219E+00,  8.58610E-01
 2.45508E-01,  7.39754E-02,  3.71788E-02,  1.34501E-02,  9.00378E-03
 6.43407E-03,  3.78787E-03,  2.35033E-03,  1.62006E-03,  1.10385E-03
 7.19232E-04,  5.39629E-04,  4.18424E-04,  7.43649E-04,  7.43649E-04
 5.17669E-04,  5.17669E-04,  5.17669E-04,  5.17669E-04,  5.17669E-04
 5.17669E-04,  2.71460E+00,  8.28350E-01,  2.43827E-01,  6.95811E-02
 3.45745E-02,  1.26306E-02,  8.25651E-03,  5.89643E-03,  3.55595E-03
 2.27222E-03,  1.59211E-03,  1.09767E-03,  7.21773E-04,  5.30231E-04
 4.15760E-04,  7.40897E-04,  7.40897E-04,  5.20430E-04,  5.20430E-04
 5.20430E-04,  5.20430E-04,  5.20430E-04,  5.20430E-04,  1.49035E+00
 5.11331E-01,  1.93203E-01,  6.35474E-02,  2.78326E-02,  1.42627E-02
 8.14184E-03,  5.32820E-03,  3.41531E-03,  2.21581E-03,  1.56004E-03
 1.08656E-03,  7.21696E-04,  5.16993E-04,  4.12732E-04,  7.36729E-04
 7.36729E-04,  5.25035E-04,  5.25035E-04,  5.25035E-04,  5.25035E-04
 5.25035E-04,  5.25035E-04,  1.90706E+00,  5.77448E-01,  1.46667E-01
 5.81593E-02,  2.66275E-02,  1.58539E-02,  9.24730E-03,  5.04695E-03
 3.32284E-03,  2.18605E-03,  1.53294E-03,  1.07068E-03,  7.18178E-04
 5.08309E-04,  4.09314E-04,  7.32561E-04,  7.32561E-04,  5.27858E-04
 5.27858E-04,  5.27858E-04,  5.27858E-04,  5.27858E-04,  5.27858E-04
 1.48196E+00,  5.94639E-01,  1.51914E-01,  5.26093E-02,  2.75975E-02
 1.83405E-02,  1.05216E-02,  5.12554E-03,  3.29903E-03,  2.18905E-03
 1.52186E-03,  1.05240E-03,  7.16617E-04,  5.04744E-04,  4.01475E-04
 7.27889E-04,  7.27889E-04,  5.30140E-04,  5.30140E-04,  5.30140E-04
 5.30140E-04,  5.30140E-04,  5.30140E-04,  4.09832E-01,  4.10463E-01
 2.08753E-01,  5.78962E-02,  2.63518E-02,  1.89784E-02,  1.13319E-02
 5.40887E-03,  3.32782E-03,  2.23424E-03,  1.52779E-03,  1.04471E-03
 7.15400E-04,  5.03843E-04,  3.86844E-04,  7.23302E-04,  7.23302E-04
 5.30948E-04,  5.30948E-04,  5.30948E-04,  5.30948E-04,  5.30948E-04
 5.30948E-04,  7.47202E-01,  1.90844E-01,  1.78220E-01,  6.36520E-02
 2.52475E-02,  1.75692E-02,  1.09283E-02,  5.64661E-03,  3.42467E-03
 2.31109E-03,  1.55757E-03,  1.05376E-03,  7.21145E-04,  5.01837E-04
 3.77799E-04,  7.16243E-04,  7.16243E-04,  5.31446E-04,  5.31446E-04
 5.31446E-04,  5.31446E-04,  5.31446E-04,  5.31446E-04,  4.31123E-01
 1.89311E-01,  1.53762E-01,  6.80993E-02,  2.68263E-02,  1.58045E-02
 9.87160E-03,  5.61443E-03,  3.51745E-03,  2.40530E-03,  1.60570E-03
 1.07960E-03,  7.34876E-04,  5.02710E-04,  3.72383E-04,  7.06237E-04
 7.06237E-04,  5.32396E-04,  5.32396E-04,  5.32396E-04,  5.32396E-04
 5.32396E-04,  5.32396E-04,  1.08856E+00,  3.56537E-01,  1.49978E-01
 5.82302E-02,  2.91611E-02,  1.45721E-02,  8.58823E-03,  5.42050E-03
 3.60576E-03,  2.50040E-03,  1.67001E-03,  1.11611E-03,  7.53693E-04
 5.07313E-04,  3.66878E-04,  6.93358E-04,  6.93358E-04,  5.32713E-04
 5.32713E-04,  5.32713E-04,  5.32713E-04,  5.32713E-04,  5.32713E-04
 1.54337E+00,  4.24883E-01,  1.45702E-01,  5.40637E-02,  2.63619E-02
 1.35056E-02,  7.91031E-03,  5.52212E-03,  3.56850E-03,  2.54287E-03
 1.78789E-03,  1.15977E-03,  7.76991E-04,  5.15710E-04,  3.62660E-04
 6.79395E-04,  6.79395E-04,  5.32638E-04,  5.32638E-04,  5.32638E-04
 5.32638E-04,  5.32638E-04,  5.32638E-04,  1.45533E+00,  5.66154E-01
 1.36606E-01,  5.57662E-02,  2.60536E-02,  1.21789E-02,  8.12410E-03
 5.90560E-03,  3.65622E-03,  2.56668E-03,  1.81215E-03,  1.21144E-03
 8.00757E-04,  5.26655E-04,  3.60663E-04,  6.66375E-04,  6.66375E-04
 5.32073E-04,  5.32073E-04,  5.32073E-04,  5.32073E-04,  5.32073E-04
 5.32073E-04,  8.35175E-01,  4.16532E-01,  1.63994E-01,  6.19791E-02
 2.88982E-02,  1.31148E-02,  9.09100E-03,  6.44293E-03,  3.77739E-03
 2.54585E-03,  1.77280E-03,  1.23867E-03,  8.20958E-04,  5.37413E-04
 3.60638E-04,  6.54773E-04,  6.54773E-04,  5.29415E-04,  5.29415E-04
 5.29415E-04,  5.29415E-04,  5.29415E-04,  5.29415E-04,  1.70235E+00
 4.83114E-01,  1.64331E-01,  6.65507E-02,  3.09188E-02,  1.46770E-02
 1.05703E-02,  7.20764E-03,  3.97886E-03,  2.51382E-03,  1.70582E-03
 1.22432E-03,  8.34934E-04,  5.47765E-04,  3.63686E-04,  6.42337E-04
 6.42337E-04,  5.25589E-04,  5.25589E-04,  5.25589E-04,  5.25589E-04
 5.25589E-04,  5.25589E-04,  8.58410E-01,  3.02580E-01,  1.96340E-01
 6.79307E-02,  2.99674E-02,  1.54951E-02,  1.16659E-02,  8.18360E-03
 4.20278E-03,  2.44209E-03,  1.68067E-03,  1.19802E-03,  8.36202E-04
 5.55615E-04,  3.69698E-04,  6.17131E-04,  6.17131E-04,  5.22945E-04
 5.22945E-04,  5.22945E-04,  5.22945E-04,  5.22945E-04,  5.22945E-04
 6.33253E-01,  3.60598E-01,  2.28400E-01,  7.61703E-02,  2.83239E-02
 1.55077E-02,  1.21267E-02,  8.89998E-03,  4.48146E-03,  2.42989E-03
 1.63458E-03,  1.15557E-03,  8.19226E-04,  5.58092E-04,  3.74758E-04
 6.05150E-04,  6.05150E-04,  5.18978E-04,  5.18978E-04,  5.18978E-04
 5.18978E-04,  5.18978E-04,  5.18978E-04,  1.44519E+00,  5.23378E-01
 3.06059E-01,  8.14839E-02,  2.81205E-02,  1.50412E-02,  1.20725E-02
 9.08245E-03,  4.56487E-03,  2.30367E-03,  1.56147E-03,  1.11613E-03
 7.92022E-04,  5.53179E-04,  3.80616E-04,  5.85963E-04,  5.85963E-04
 5.15439E-04,  5.15439E-04,  5.15439E-04,  5.15439E-04,  5.15439E-04
 5.15439E-04,  1.17782E+00,  3.32615E-01,  2.72098E-01,  8.18915E-02
 2.83101E-02,  1.45887E-02,  1.14030E-02,  8.55877E-03,  4.47459E-03
 2.18419E-03,  1.44142E-03,  1.08205E-03,  7.68659E-04,  5.39084E-04
 3.86168E-04,  5.63595E-04,  5.63595E-04,  5.12372E-04,  5.12372E-04
 5.12372E-04,  5.12372E-04,  5.12372E-04,  5.12372E-04,  1.86471E+00
 4.48142E-01,  1.76051E-01,  6.51312E-02,  2.87861E-02,  1.41218E-02
 9.94644E-03,  7.69799E-03,  4.20562E-03,  2.01804E-03,  1.31405E-03
 1.02619E-03,  7.49706E-04,  5.20025E-04,  3.88938E-04,  5.50519E-04
 5.50519E-04,  5.06799E-04,  5.06799E-04,  5.06799E-04,  5.06799E-04
 5.06799E-04,  5.06799E-04,  2.59373E+00,  4.61716E-01,  1.54934E-01
 5.28630E-02,  2.90862E-02,  1.34042E-02,  8.48378E-03,  6.73639E-03
 3.81546E-03,  1.83404E-03,  1.18481E-03,  9.61198E-04,  7.31739E-04
 5.09850E-04,  3.83279E-04,  5.45766E-04,  5.45766E-04,  4.98619E-04
 4.98619E-04,  4.98619E-04,  4.98619E-04,  4.98619E-04,  4.98619E-04
 1.44497E+00,  4.46978E-01,  2.31792E-01,  5.93695E-02,  2.93493E-02
 1.29947E-02,  7.17736E-03,  5.72673E-03,  3.45002E-03,  1.64815E-03
 1.06868E-03,  9.06517E-04,  6.94036E-04,  5.19343E-04,  3.73167E-04
 5.41309E-04,  5.41309E-04,  4.90870E-04,  4.90870E-04,  4.90870E-04
 4.90870E-04,  4.90870E-04,  4.90870E-04,  7.74598E-01,  6.32881E-01
 3.73925E-01,  6.79961E-02,  2.97200E-02,  1.27756E-02,  6.04960E-03
 4.87753E-03,  3.19810E-03,  1.61191E-03,  9.67367E-04,  8.60417E-04
 6.50273E-04,  5.25657E-04,  3.72271E-04,  5.40279E-04,  5.40279E-04
 4.83622E-04,  4.83622E-04,  4.83622E-04,  4.83622E-04,  4.83622E-04
 4.83622E-04,  1.10865E+00,  6.32023E-01,  3.36564E-01,  6.12214E-02
 3.07074E-02,  1.32693E-02,  5.45085E-03,  4.34021E-03,  3.16703E-03
 1.57747E-03,  8.93495E-04,  8.06571E-04,  6.46725E-04,  4.88329E-04
 3.87411E-04,  5.37755E-04,  5.37755E-04,  4.76399E-04,  4.76399E-04
 4.76399E-04,  4.76399E-04,  4.76399E-04,  4.76399E-04,  9.39419E-01
 3.54665E-01,  1.93429E-01,  5.84838E-02,  3.40462E-02,  1.38718E-02
 5.77496E-03,  5.28787E-03,  3.45471E-03,  1.49558E-03,  8.46174E-04
 7.79699E-04,  6.15524E-04,  4.93604E-04,  3.73913E-04,  5.28762E-04
 5.28762E-04,  4.69439E-04,  4.69439E-04,  4.69439E-04,  4.69439E-04
 4.69439E-04,  4.69439E-04,  2.48074E+00,  6.09582E-01,  1.13508E-01
 5.84785E-02,  3.33190E-02,  1.29075E-02,  6.43629E-03,  5.46536E-03
 3.42188E-03,  1.43601E-03,  8.26183E-04,  7.63240E-04,  5.73088E-04
 5.23709E-04,  3.65347E-04,  5.08616E-04,  5.08616E-04,  4.60346E-04
 4.60346E-04,  4.60346E-04,  4.60346E-04,  4.60346E-04,  4.60346E-04
 8.65383E-01,  2.83319E-01,  1.59458E-01,  7.19959E-02,  3.15285E-02
 1.19621E-02,  6.70198E-03,  4.59487E-03,  2.98323E-03,  1.38020E-03
 8.58397E-04,  7.47928E-04,  5.69140E-04,  5.11128E-04,  3.94450E-04
 4.89016E-04,  4.89016E-04,  4.48887E-04,  4.48887E-04,  4.48887E-04
 4.48887E-04,  4.48887E-04,  4.48887E-04,  7.09541E-01,  3.03115E-01
 1.68611E-01,  6.63633E-02,  2.87715E-02,  1.31593E-02,  6.78868E-03
 4.77319E-03,  2.98874E-03,  1.40117E-03,  9.98014E-04,  7.20819E-04
 5.77765E-04,  5.07141E-04,  3.88606E-04,  4.80272E-04,  4.80272E-04
 4.38621E-04,  4.38621E-04,  4.38621E-04,  4.38621E-04,  4.38621E-04
 4.38621E-04,  8.14765E-01,  1.83084E-01,  9.27458E-02,  5.42013E-02
 3.50591E-02,  1.60869E-02,  7.03792E-03,  4.57083E-03,  3.12966E-03
 1.61767E-03,  1.06537E-03,  7.20338E-04,  6.04988E-04,  4.76680E-04
 3.54918E-04,  4.81648E-04,  4.81648E-04,  4.30016E-04,  4.30016E-04
 4.30016E-04,  4.30016E-04,  4.30016E-04,  4.30016E-04,  7.17336E-01
 1.66289E-01,  8.91007E-02,  5.35885E-02,  3.69794E-02,  1.64508E-02
 6.99794E-03,  4.93664E-03,  3.70247E-03,  1.82369E-03,  1.11546E-03
 7.75298E-04,  6.08712E-04,  4.57666E-04,  3.42123E-04,  4.82601E-04
 4.82601E-04,  4.21637E-04,  4.21637E-04,  4.21637E-04,  4.21637E-04
 4.21637E-04,  4.21637E-04,  8.28647E-01,  1.93954E-01,  1.13029E-01
 4.93162E-02,  3.04232E-02,  1.40517E-02,  7.67799E-03,  6.28355E-03
 4.63051E-03,  2.24888E-03,  1.21091E-03,  9.02187E-04,  5.89343E-04
 4.69118E-04,  3.54109E-04,  4.79035E-04,  4.79035E-04,  4.13417E-04
 4.13417E-04,  4.13417E-04,  4.13417E-04,  4.13417E-04,  4.13417E-04
 1.01998E+00,  2.46287E-01,  1.42827E-01,  5.85727E-02,  2.96478E-02
 1.46080E-02,  9.86844E-03,  8.40709E-03,  5.68192E-03,  2.67906E-03
 1.40780E-03,  8.31222E-04,  5.99228E-04,  4.98242E-04,  3.65750E-04
 4.69267E-04,  4.69267E-04,  4.02517E-04,  4.02517E-04,  4.02517E-04
 4.02517E-04,  4.02517E-04,  4.02517E-04,  2.07580E+00,  5.26687E-01
 1.71729E-01,  5.93723E-02,  3.03955E-02,  1.64027E-02,  1.12597E-02
 8.78957E-03,  6.51363E-03,  2.88443E-03,  1.51113E-03,  8.27159E-04
 6.29974E-04,  5.04993E-04,  3.61741E-04,  4.55801E-04,  4.55801E-04
 3.88588E-04,  3.88588E-04,  3.88588E-04,  3.88588E-04,  3.88588E-04
 3.88588E-04,  1.21297E+00,  5.31424E-01,  1.99581E-01,  5.85864E-02
 2.95080E-02,  1.60364E-02,  1.22722E-02,  1.02741E-02,  6.33703E-03
 2.79254E-03,  1.56105E-03,  9.79240E-04,  6.23412E-04,  5.16295E-04
 3.55803E-04,  4.42525E-04,  4.42525E-04,  3.75985E-04,  3.75985E-04
 3.75985E-04,  3.75985E-04,  3.75985E-04,  3.75985E-04,  2.31880E+00
 5.56610E-01,  2.25623E-01,  6.16645E-02,  3.06686E-02,  1.49258E-02
 1.19506E-02,  1.02937E-02,  5.81931E-03,  2.89066E-03,  1.53158E-03
 9.98961E-04,  6.20969E-04,  5.21658E-04,  3.44585E-04,  4.27001E-04
 4.27001E-04,  3.65497E-04,  3.65497E-04,  3.65497E-04,  3.65497E-04
 3.65497E-04,  3.65497E-04,  1.75786E+00,  7.45003E-01,  2.70121E-01
 6.55257E-02,  3.33422E-02,  1.36040E-02,  8.75725E-03,  8.07644E-03
 6.00913E-03,  2.81190E-03,  1.41150E-03,  9.22361E-04,  6.91125E-04
 5.05865E-04,  3.27051E-04,  4.09311E-04,  4.09311E-04,  3.56113E-04
 3.56113E-04,  3.56113E-04,  3.56113E-04,  3.56113E-04,  3.56113E-04
 6.90201E+00,  1.20658E+00,  2.70564E-01,  7.28110E-02,  3.33444E-02
 1.21192E-02,  7.54606E-03,  6.13605E-03,  4.59180E-03,  2.41394E-03
 1.26613E-03,  8.35121E-04,  6.95791E-04,  4.78644E-04,  3.06103E-04
 3.90160E-04,  3.90160E-04,  3.48542E-04,  3.48542E-04,  3.48542E-04
 3.48542E-04,  3.48542E-04,  3.48542E-04,  2.82859E+00,  1.21896E+00
 2.84625E-01,  8.01201E-02,  3.06917E-02,  1.08967E-02,  6.14702E-03
 5.00449E-03,  2.81525E-03,  1.92814E-03,  1.13026E-03,  8.08671E-04
 6.57474E-04,  4.42552E-04,  2.82957E-04,  3.69608E-04,  3.69608E-04
 3.37527E-04,  3.37527E-04,  3.37527E-04,  3.37527E-04,  3.37527E-04
 3.37527E-04,  3.31262E+00,  1.76775E+00,  3.93149E-01,  8.85730E-02
 2.78787E-02,  1.01315E-02,  5.65979E-03,  3.50468E-03,  2.34355E-03
 1.50708E-03,  1.02517E-03,  7.73139E-04,  6.06655E-04,  4.04637E-04
 2.61160E-04,  3.50846E-04,  3.50846E-04,  3.21104E-04,  3.21104E-04
 3.21104E-04,  3.21104E-04,  3.21104E-04,  3.21104E-04,  7.13601E+00
 1.50461E+00,  4.44022E-01,  8.84353E-02,  2.83239E-02,  1.15814E-02
 5.02989E-03,  3.24744E-03,  2.36319E-03,  1.31247E-03,  9.03123E-04
 6.91317E-04,  5.53239E-04,  3.67823E-04,  2.41177E-04,  3.33502E-04
 3.33502E-04,  3.05432E-04,  3.05432E-04,  3.05432E-04,  3.05432E-04
 3.05432E-04,  3.05432E-04,  2.96857E+00,  6.83416E-01,  3.76539E-01
 7.43485E-02,  3.65812E-02,  1.34600E-02,  4.58791E-03,  4.35182E-03
 2.79190E-03,  1.23110E-03,  7.84976E-04,  6.13431E-04,  4.96549E-04
 3.31382E-04,  2.21863E-04,  3.15652E-04,  3.15652E-04,  2.94550E-04
 2.94550E-04,  2.94550E-04,  2.94550E-04,  2.94550E-04,  2.94550E-04
 2.29682E+00,  4.56486E-01,  2.48462E-01,  6.68533E-02,  3.88429E-02
 1.18349E-02,  5.15811E-03,  5.04814E-03,  3.02577E-03,  1.14046E-03
 7.04737E-04,  5.53680E-04,  4.41526E-04,  2.97838E-04,  2.04571E-04
 2.97798E-04,  2.97798E-04,  2.91522E-04,  2.91522E-04,  2.91522E-04
 2.91522E-04,  2.91522E-04,  2.91522E-04,  2.02679E+00,  3.35624E-01
 1.71723E-01,  4.11345E-02,  2.97934E-02,  9.14517E-03,  5.84347E-03
 4.11387E-03,  2.38285E-03,  1.06881E-03,  6.57446E-04,  5.08632E-04
 3.90817E-04,  2.68438E-04,  1.89686E-04,  2.79728E-04,  2.79728E-04
 2.93675E-04,  2.93675E-04,  2.93675E-04,  2.93675E-04,  2.93675E-04
 2.93675E-04,  2.64224E+00,  5.87930E-01,  2.63430E-01,  4.57106E-02
 2.42371E-02,  9.02824E-03,  4.82646E-03,  4.31709E-03,  2.57332E-03
 1.06483E-03,  6.35994E-04,  4.66988E-04,  3.46025E-04,  2.43460E-04
 1.77136E-04,  2.64470E-04,  2.64470E-04,  2.88209E-04,  2.88209E-04
 2.88209E-04,  2.88209E-04,  2.88209E-04,  2.88209E-04,  9.61901E-01
 9.31836E-01,  6.55763E-01,  7.57933E-02,  3.26018E-02,  1.01742E-02
 4.61395E-03,  4.57566E-03,  2.64794E-03,  1.12571E-03,  6.27229E-04
 4.27280E-04,  3.09637E-04,  2.24012E-04,  1.66994E-04,  2.54347E-04
 2.54347E-04,  2.87805E-04,  2.87805E-04,  2.87805E-04,  2.87805E-04
 2.87805E-04,  2.87805E-04,  1.23306E+00,  7.01497E-01,  5.55951E-01
 7.93318E-02,  3.54830E-02,  1.17122E-02,  5.00259E-03,  4.48878E-03
 2.76404E-03,  1.19242E-03,  6.12202E-04,  3.92039E-04,  2.81263E-04
 2.08951E-04,  1.58705E-04,  2.44139E-04,  2.44139E-04,  2.80020E-04
 2.80020E-04,  2.80020E-04,  2.80020E-04,  2.80020E-04,  2.80020E-04
 2.74484E+00,  4.95324E-01,  2.15282E-01,  6.66211E-02,  3.44063E-02
 1.37527E-02,  5.14752E-03,  4.73235E-03,  2.80162E-03,  1.19766E-03
 5.83070E-04,  3.61322E-04,  2.59348E-04,  1.97474E-04,  1.51841E-04
 2.30616E-04,  2.30616E-04,  2.54404E-04,  2.54404E-04,  2.54404E-04
 2.54404E-04,  2.54404E-04,  2.54404E-04,  1.96543E+00,  1.13859E+00
 2.70096E-01,  5.52313E-02,  3.00536E-02,  1.32942E-02,  5.42582E-03
 4.77920E-03,  2.68375E-03,  1.15708E-03,  5.39179E-04,  3.36160E-04
 2.45247E-04,  1.87918E-04,  1.45674E-04,  2.17270E-04,  2.17270E-04
 2.40504E-04,  2.40504E-04,  2.40504E-04,  2.40504E-04,  2.40504E-04
 2.40504E-04,  2.86911E+00,  2.65206E-01,  9.84683E-02,  1.19186E-01
 5.09683E-02,  1.29432E-02,  4.64484E-03,  3.86919E-03,  2.21301E-03
 9.83903E-04,  4.92803E-04,  3.20589E-04,  2.33722E-04,  1.80434E-04
 1.41479E-04,  2.05731E-04,  2.05731E-04,  2.30041E-04,  2.30041E-04
 2.30041E-04,  2.30041E-04,  2.30041E-04,  2.30041E-04,  2.89526E+00
 7.85893E-01,  2.80776E-01,  1.14165E-01,  3.99196E-02,  1.25859E-02
 4.37346E-03,  2.76493E-03,  1.56008E-03,  7.94199E-04,  4.60060E-04
 3.18845E-04,  2.29096E-04,  1.77551E-04,  1.38957E-04,  1.95364E-04
 1.95364E-04,  2.22046E-04,  2.22046E-04,  2.22046E-04,  2.22046E-04
 2.22046E-04,  2.22046E-04,  8.64711E+00,  3.10164E+00,  4.25936E-01
 1.13131E-01,  2.65631E-02,  8.93519E-03,  3.72073E-03,  2.11629E-03
 1.17507E-03,  7.12865E-04,  4.61870E-04,  3.27792E-04,  2.32330E-04
 1.78044E-04,  1.36955E-04,  1.86215E-04,  1.86215E-04,  2.16628E-04
 2.16628E-04,  2.16628E-04,  2.16628E-04,  2.16628E-04,  2.16628E-04
 4.80412E+00,  2.77019E+00,  3.24589E-01,  1.04832E-01,  2.34716E-02
 7.78051E-03,  3.48769E-03,  1.87010E-03,  1.06446E-03,  6.99365E-04
 4.90037E-04,  3.33521E-04,  2.34553E-04,  1.74811E-04,  1.34539E-04
 1.77883E-04,  1.77883E-04,  2.10737E-04,  2.10737E-04,  2.10737E-04
 2.10737E-04,  2.10737E-04,  2.10737E-04,  7.50930E+00,  3.05630E+00
 3.05111E-01,  1.09211E-01,  2.70364E-02,  6.11954E-03,  3.28827E-03
 1.67697E-03,  1.04029E-03,  7.28298E-04,  4.80458E-04,  3.48382E-04
 2.37915E-04,  1.73527E-04,  1.31722E-04,  1.69552E-04,  1.69552E-04
 2.04641E-04,  2.04641E-04,  2.04641E-04,  2.04641E-04,  2.04641E-04
 2.04641E-04,  6.59195E+00,  2.46783E+00,  1.98608E-01,  9.98630E-02
 3.25125E-02,  6.85387E-03,  2.37569E-03,  1.49960E-03,  1.03908E-03
 7.09504E-04,  4.70440E-04,  3.34065E-04,  2.43081E-04,  1.71395E-04
 1.27840E-04,  1.60264E-04,  1.60264E-04,  2.01059E-04,  2.01059E-04
 2.01059E-04,  2.01059E-04,  2.01059E-04,  2.01059E-04,  9.08287E+00
 9.86074E-01,  4.80817E-01,  9.64983E-02,  3.05056E-02,  1.04723E-02
 2.54592E-03,  1.23941E-03,  1.00418E-03,  6.68127E-04,  4.40963E-04
 3.14418E-04,  2.32380E-04,  1.67457E-04,  1.22671E-04,  1.50032E-04
 1.50032E-04,  1.97960E-04,  1.97960E-04,  1.97960E-04,  1.97960E-04
 1.97960E-04,  1.97960E-04,  9.64656E+00,  8.19631E+00,  9.32377E-01
 1.44677E-01,  3.48759E-02,  1.43296E-02,  3.62631E-03,  1.09889E-03
 8.88421E-04,  6.24519E-04,  4.02168E-04,  2.92302E-04,  2.15037E-04
 1.57110E-04,  1.16407E-04,  1.39884E-04,  1.39884E-04,  1.93235E-04
 1.93235E-04,  1.93235E-04,  1.93235E-04,  1.93235E-04,  1.93235E-04
 1.79162E+01,  4.27265E+00,  5.31373E-01,  1.19256E-01,  3.84904E-02
 1.68857E-02,  4.48005E-03,  1.00758E-03,  7.29904E-04,  5.61974E-04
 3.78715E-04,  2.63507E-04,  1.93640E-04,  1.38727E-04,  1.03536E-04
 1.26889E-04,  1.26889E-04,  1.87408E-04,  1.87408E-04,  1.87408E-04
 1.87408E-04,  1.87408E-04,  1.87408E-04,  9.29567E+00,  1.10927E+00
 1.63159E-01,  8.40064E-02,  4.19626E-02,  1.68526E-02,  5.01713E-03
 9.67704E-04,  5.98485E-04,  5.30995E-04,  3.55749E-04,  2.40629E-04
 1.70928E-04,  1.19681E-04,  8.77557E-05,  1.13183E-04,  1.13183E-04
 1.82826E-04,  1.82826E-04,  1.82826E-04,  1.82826E-04,  1.82826E-04
 1.82826E-04,  9.49969E+00,  1.65754E+00,  7.29408E-02,  3.78678E-02
 3.46878E-02,  1.36478E-02,  4.20649E-03,  8.81274E-04,  5.36398E-04
 4.74593E-04,  3.34177E-04,  2.23292E-04,  1.53543E-04,  1.03396E-04
 7.42405E-05,  1.01439E-04,  1.01439E-04,  1.79510E-04,  1.79510E-04
 1.79510E-04,  1.79510E-04,  1.79510E-04,  1.79510E-04,  1.31875E+01
 2.35319E+00,  1.62721E-01,  1.46399E-02,  1.84083E-02,  8.42487E-03
 2.20208E-03,  7.42779E-04,  4.97836E-04,  4.22653E-04,  3.14941E-04
 2.10877E-04,  1.40211E-04,  8.92659E-05,  6.19579E-05,  9.04398E-05
 9.04398E-05,  1.76131E-04,  1.76131E-04,  1.76131E-04,  1.76131E-04
 1.76131E-04,  1.76131E-04,  8.28623E+00,  3.59259E+00,  1.36153E-01
 2.23574E-02,  1.26534E-02,  6.19841E-03,  1.76847E-03,  8.02881E-04
 4.71156E-04,  3.80209E-04,  2.97085E-04,  2.01772E-04,  1.27907E-04
 7.68432E-05,  5.11041E-05,  8.04733E-05,  8.04733E-05,  1.73273E-04
 1.73273E-04,  1.73273E-04,  1.73273E-04,  1.73273E-04,  1.73273E-04
 1.08451E+01,  3.55683E+00,  1.35948E-01,  2.89465E-02,  1.30174E-02
 4.68271E-03,  1.74379E-03,  9.75947E-04,  5.56789E-04,  3.44374E-04
 2.73262E-04,  1.93795E-04,  1.15663E-04,  6.53263E-05,  4.14097E-05
 7.14377E-05,  7.14377E-05,  1.70342E-04,  1.70342E-04,  1.70342E-04
 1.70342E-04,  1.70342E-04,  1.70342E-04,  1.77001E+00,  2.92221E+00
 9.11310E-02,  1.26826E-02,  5.58707E-03,  3.19428E-03,  2.20846E-03
 1.33769E-03,  5.90946E-04,  3.20372E-04,  2.81776E-04,  1.86209E-04
 1.01588E-04,  5.53092E-05,  3.26881E-05,  6.39844E-05,  6.39844E-05
 1.67229E-04,  1.67229E-04,  1.67229E-04,  1.67229E-04,  1.67229E-04
 1.67229E-04,  5.32664E+00,  1.87767E+00,  1.02154E-01,  2.19328E-02
 4.62981E-03,  3.81396E-03,  3.05371E-03,  1.68886E-03,  7.26044E-04
 2.58722E-04,  2.67817E-04,  1.77126E-04,  9.29996E-05,  4.72260E-05
 2.51224E-05,  5.97272E-05,  5.97272E-05,  1.65752E-04,  1.65752E-04
 1.65752E-04,  1.65752E-04,  1.65752E-04,  1.65752E-04,  9.17674E-01
 1.88445E-01,  9.08348E-02,  1.84030E-02,  4.47473E-03,  4.34621E-03
 3.87145E-03,  2.04624E-03,  9.17606E-04,  2.36908E-04,  2.31604E-04
 1.58626E-04,  8.18336E-05,  3.87352E-05,  2.00543E-05,  5.70780E-05
 5.70780E-05,  1.75997E-04,  1.75997E-04,  1.75997E-04,  1.75997E-04
 1.75997E-04,  1.75997E-04,  9.18228E-01,  2.36531E-01,  7.87991E-02
 2.18918E-02,  8.86526E-03,  9.68748E-03,  9.86161E-03,  7.24786E-03
 3.57014E-03,  1.15131E-03,  4.06056E-04,  3.22269E-04,  3.58189E-04
 4.55622E-04,  5.28841E-04,  6.89883E-04,  6.89883E-04,  2.61270E-03
 2.61270E-03,  2.61270E-03,  2.61270E-03,  2.61270E-03,  2.61270E-03
 9.18228E-01,  2.36531E-01,  7.87991E-02,  2.18918E-02,  8.86526E-03
 9.68748E-03,  9.86161E-03,  7.24786E-03,  3.57014E-03,  1.15131E-03
 4.06056E-04,  3.22269E-04,  3.58189E-04,  4.55622E-04,  5.28841E-04
 6.89883E-04,  6.89883E-04,  2.61270E-03,  2.61270E-03,  2.61270E-03
 2.61270E-03,  2.61270E-03,  2.61270E-03,  2.39901E-02,  2.71500E-02
 2.51406E-02,  1.68745E-02,  1.06350E-02,  7.35153E-03,  5.92146E-03
 5.25285E-03,  4.47737E-03,  3.56178E-03,  2.83083E-03,  2.31798E-03
 1.93696E-03,  1.64399E-03,  1.40228E-03,  3.18331E-03,  3.18331E-03
 4.93897E-03,  4.93897E-03,  4.93897E-03,  4.93897E-03,  4.93897E-03
 4.93897E-03,  2.39901E-02,  2.71500E-02,  2.51406E-02,  1.68745E-02
 1.06350E-02,  7.35153E-03,  5.92146E-03,  5.25285E-03,  4.47737E-03
 3.56178E-03,  2.83083E-03,  2.31798E-03,  1.93696E-03,  1.64399E-03
 1.40228E-03,  3.18331E-03,  3.18331E-03,  4.93897E-03,  4.93897E-03
 4.93897E-03,  4.93897E-03,  4.93897E-03,  4.93897E-03,  2.39901E-02
 2.71500E-02,  2.51406E-02,  1.68745E-02,  1.06350E-02,  7.35153E-03
 5.92146E-03,  5.25285E-03,  4.47737E-03,  3.56178E-03,  2.83083E-03
 2.31798E-03,  1.93696E-03,  1.64399E-03,  1.40228E-03,  3.18331E-03
 3.18331E-03,  4.93897E-03,  4.93897E-03,  4.93897E-03,  4.93897E-03
 4.93897E-03,  4.93897E-03,  2.39901E-02,  2.71500E-02,  2.51406E-02
 1.68745E-02,  1.06350E-02,  7.35153E-03,  5.92146E-03,  5.25285E-03
 4.47737E-03,  3.56178E-03,  2.83083E-03,  2.31798E-03,  1.93696E-03
 1.64399E-03,  1.40228E-03,  3.18331E-03,  3.18331E-03,  4.93897E-03
 4.93897E-03,  4.93897E-03,  4.93897E-03,  4.93897E-03,  4.93897E-03
 2.39901E-02,  2.71500E-02,  2.51406E-02,  1.68745E-02,  1.06350E-02
 7.35153E-03,  5.92146E-03,  5.25285E-03,  4.47737E-03,  3.56178E-03
 2.83083E-03,  2.31798E-03,  1.93696E-03,  1.64399E-03,  1.40228E-03
 3.18331E-03,  3.18331E-03,  4.93897E-03,  4.93897E-03,  4.93897E-03
 4.93897E-03,  4.93897E-03,  4.93897E-03,  2.39901E-02,  2.71500E-02
 2.51406E-02,  1.68745E-02,  1.06350E-02,  7.35153E-03,  5.92146E-03
 5.25285E-03,  4.47737E-03,  3.56178E-03,  2.83083E-03,  2.31798E-03
 1.93696E-03,  1.64399E-03,  1.40228E-03,  3.18331E-03,  3.18331E-03
 4.93897E-03,  4.93897E-03,  4.93897E-03,  4.93897E-03,  4.93897E-03
 4.93897E-03

