Advanced Geosciences Inc. (AGI) Sting/SuperSting measured data (*.stg)   Type: XYZ
A trimmed data set by AGI EarthImager 2D. Version: 2.4.4 (Build 649). Records: 879
Raw data file: C:\Users\Tom\Desktop\CarvinsCove\20260528\20260528\trial7\20260528_trial7.stg

Number of Data = 879
Number of Electrodes = 64
Number of Surface Electrodes = 64
Number of IP Data = 0

Processing starts at 2026-05-28 14:03:14

;------ SETTINGS ------

Minimum Voltage (mv) = 0.2
Minimum V/I (ohm) = 0.0001
Minimum apparent resistivity (ohm-m)  = 1
Maximum apparent resistivity (ohm-m)  = 1000
Maximum repeat error (%)  = 3
Maximum reciprocal error (%)  = 5
Remove negative apparent resistivity in ERT data: Yes
Keep All Data (no data removal): No
Inversion Method:  Smooth model inversion
Vertical axis:  Positive Upward
Y Coordinate =  Depth
Min electrode spacing X (m)  = 0.1
Min electrode spacing Z (m)  = 0.003
Forward Modeling Method:  Finite element method
Forward system solver:  Cholesky decomposition method
Boundary condition type:  Dirichlet
Number cells or elements betwenn two electrodes = 1
Lower-layer-thickness / Upper-layer-thickness =  1.1
Depth of Inverted Model / Depth of Pseudosection =  1.1
Max number of iteration of nonlinear inversion = 8
Stop RMS error = 3%
Mininum error reduction between two iterations = 5%
Stop at Max number of iterations: Yes
Stop when RMS is small enough: Yes
Stop when RMS can not be reduced: Yes
Res Data reweighting: No
Use Reciprocal Error: No
Stop when L2 norm is small enough: No
Initial smoothness factor = 100
Roughness conditioner = 0.2
Starting model: Avg AppRes.
Start halfspace resistivity = 405.28 ohm-m
Minimum resistivity =        1.0 ohm-m
Maximum resistivity =     1000.0 ohm-m
Number of elements combined horizontally = 4
Number of elements combined verically = 1
Vertical / Horizontal roughness ratio = 0.1
Estimated noise of resistivity data  = 3%
Initial damping factor of resistivity = 100
Starting iteration of quasi Newton method = 20
IP inversion method: No IP Inversion

;------ ELECTRODE LOCATIONS ------

Electrode         X            Y
     0,         0.000,        0.000
     1,         2.000,        0.000
     2,         4.000,        0.000
     3,         6.000,        0.000
     4,         8.000,        0.000
     5,        10.000,        0.000
     6,        12.000,        0.000
     7,        14.000,        0.000
     8,        16.000,        0.000
     9,        18.000,        0.000
     10,        20.000,        0.000
     11,        22.000,        0.000
     12,        24.000,        0.000
     13,        26.000,        0.000
     14,        28.000,        0.000
     15,        30.000,        0.000
     16,        32.000,        0.000
     17,        34.000,        0.000
     18,        36.000,        0.000
     19,        38.000,        0.000
     20,        40.000,        0.000
     21,        42.000,        0.000
     22,        44.000,        0.000
     23,        46.000,        0.000
     24,        48.000,        0.000
     25,        50.000,        0.000
     26,        52.000,        0.000
     27,        54.000,        0.000
     28,        56.000,        0.000
     29,        58.000,        0.000
     30,        60.000,        0.000
     31,        62.000,        0.000
     32,        64.000,        0.000
     33,        66.000,        0.000
     34,        68.000,        0.000
     35,        70.000,        0.000
     36,        72.000,        0.000
     37,        74.000,        0.000
     38,        76.000,        0.000
     39,        78.000,        0.000
     40,        80.000,        0.000
     41,        82.000,        0.000
     42,        84.000,        0.000
     43,        86.000,        0.000
     44,        88.000,        0.000
     45,        90.000,        0.000
     46,        92.000,        0.000
     47,        94.000,        0.000
     48,        96.000,        0.000
     49,        98.000,        0.000
     50,       100.000,        0.000
     51,       102.000,        0.000
     52,       104.000,        0.000
     53,       106.000,        0.000
     54,       108.000,        0.000
     55,       110.000,        0.000
     56,       112.000,        0.000
     57,       114.000,        0.000
     58,       116.000,        0.000
     59,       118.000,        0.000
     60,       120.000,        0.000
     61,       122.000,        0.000
     62,       124.000,        0.000
     63,       126.000,        0.000


;------ Commands, Raw V/I, GeomFactor, AppRes ------

DataID   A   B   M   N       V/I           K           App-Res
  1,     62,  63,  61,  60,   2.07243E+01,   3.76991E+01,   7.81288E+02
  2,     62,  63,  59,  58,   2.56875E+00,   3.76991E+02,   9.68396E+02
  3,     62,  63,  58,  57,   1.24840E+00,   7.53982E+02,   9.41271E+02
  4,     62,  63,  57,  56,   9.38865E-02,   1.31947E+03,   1.23880E+02
  5,     62,  63,  55,  54,   1.51760E-01,   3.16673E+03,   4.80582E+02
  6,     62,  63,  54,  53,   9.01102E-02,   4.52389E+03,   4.07649E+02
  7,     61,  62,  60,  59,   2.51083E+01,   3.76991E+01,   9.46561E+02
  8,     61,  62,  59,  58,   6.05705E+00,   1.50796E+02,   9.13382E+02
  9,     61,  62,  58,  57,   2.62075E+00,   3.76991E+02,   9.87999E+02
  10,     61,  62,  57,  56,   1.10857E+00,   7.53982E+02,   8.35842E+02
  11,     61,  62,  54,  53,   1.39745E-01,   3.16673E+03,   4.42534E+02
  12,     61,  62,  53,  52,   8.66431E-02,   4.52389E+03,   3.91964E+02
  13,     61,  62,  56,  55,   3.66935E-02,   1.31947E+03,   4.84159E+01
  14,     61,  63,  53,  51,   2.42305E-01,   1.50796E+03,   3.65387E+02
  15,     61,  63,  51,  49,   1.08723E-01,   2.63894E+03,   2.86913E+02
  16,     61,  63,  49,  47,   6.45944E-02,   4.22230E+03,   2.72737E+02
  17,     61,  63,  47,  45,   3.79840E-02,   6.33345E+03,   2.40570E+02
  18,     61,  63,  45,  43,   2.77012E-02,   9.04779E+03,   2.50635E+02
  19,     60,  61,  59,  58,   2.10235E+01,   3.76991E+01,   7.92567E+02
  20,     60,  61,  58,  57,   5.51175E+00,   1.50796E+02,   8.31152E+02
  21,     60,  61,  57,  56,   2.10442E+00,   3.76991E+02,   7.93348E+02
  22,     60,  61,  56,  55,   8.42778E-01,   7.53982E+02,   6.35440E+02
  23,     60,  61,  53,  52,   1.23720E-01,   3.16673E+03,   3.91787E+02
  24,     60,  61,  52,  51,   8.03241E-02,   4.52389E+03,   3.63378E+02
  25,     60,  62,  52,  50,   2.18757E-01,   1.50796E+03,   3.29878E+02
  26,     60,  62,  50,  48,   1.03491E-01,   2.63894E+03,   2.73106E+02
  27,     60,  62,  48,  46,   5.92737E-02,   4.22230E+03,   2.50271E+02
  28,     60,  62,  46,  44,   3.80062E-02,   6.33345E+03,   2.40710E+02
  29,     60,  62,  44,  42,   2.69831E-02,   9.04779E+03,   2.44137E+02
  30,     60,  63,  42,  39,   4.16334E-02,   6.33345E+03,   2.63683E+02
  31,     60,  63,  39,  36,   3.13011E-02,   9.50018E+03,   2.97366E+02
  32,     60,  63,  36,  33,   2.56430E-02,   1.35717E+04,   3.48019E+02
  33,     59,  60,  58,  57,   2.12077E+01,   3.76991E+01,   7.99511E+02
  34,     59,  60,  57,  56,   5.34089E+00,   1.50796E+02,   8.05387E+02
  35,     59,  60,  56,  55,   1.90316E+00,   3.76991E+02,   7.17474E+02
  36,     59,  60,  55,  54,   7.61439E-01,   7.53982E+02,   5.74111E+02
  37,     59,  60,  52,  51,   1.40548E-01,   3.16673E+03,   4.45077E+02
  38,     59,  60,  51,  50,   7.82689E-02,   4.52389E+03,   3.54080E+02
  39,     59,  61,  51,  49,   2.08930E-01,   1.50796E+03,   3.15059E+02
  40,     59,  61,  49,  47,   1.10353E-01,   2.63894E+03,   2.91215E+02
  41,     59,  61,  47,  45,   5.87669E-02,   4.22230E+03,   2.48132E+02
  42,     59,  61,  45,  43,   4.03443E-02,   6.33345E+03,   2.55519E+02
  43,     59,  61,  43,  41,   2.84742E-02,   9.04779E+03,   2.57628E+02
  44,     59,  62,  41,  38,   4.56410E-02,   6.33345E+03,   2.89065E+02
  45,     59,  62,  38,  35,   3.47810E-02,   9.50018E+03,   3.30426E+02
  46,     59,  62,  35,  32,   2.67499E-02,   1.35717E+04,   3.63041E+02
  47,     59,  63,  35,  31,   4.41874E-02,   8.44460E+03,   3.73145E+02
  48,     59,  63,  31,  27,   2.76329E-02,   1.26669E+04,   3.50023E+02
  49,     59,  63,  27,  23,   2.43151E-02,   1.80956E+04,   4.39996E+02
  50,     58,  59,  57,  56,   2.33259E+01,   3.76991E+01,   8.79366E+02
  51,     58,  59,  56,  55,   4.91551E+00,   1.50796E+02,   7.41241E+02
  52,     58,  59,  55,  54,   1.71542E+00,   3.76991E+02,   6.46698E+02
  53,     58,  59,  54,  53,   7.63683E-01,   7.53982E+02,   5.75803E+02
  54,     58,  59,  51,  50,   1.34355E-01,   3.16673E+03,   4.25465E+02
  55,     58,  59,  50,  49,   8.57191E-02,   4.52389E+03,   3.87784E+02
  56,     58,  59,  53,  52,   2.89493E-02,   1.31947E+03,   3.81977E+01
  57,     58,  60,  50,  48,   2.31722E-01,   1.50796E+03,   3.49429E+02
  58,     58,  60,  48,  46,   1.18091E-01,   2.63894E+03,   3.11635E+02
  59,     58,  60,  46,  44,   6.76859E-02,   4.22230E+03,   2.85790E+02
  60,     58,  60,  44,  42,   4.56516E-02,   6.33345E+03,   2.89132E+02
  61,     58,  60,  42,  40,   3.30751E-02,   9.04779E+03,   2.99256E+02
  62,     58,  61,  40,  37,   5.05039E-02,   6.33345E+03,   3.19864E+02
  63,     58,  61,  37,  34,   3.83803E-02,   9.50018E+03,   3.64620E+02
  64,     58,  61,  34,  31,   2.78508E-02,   1.35717E+04,   3.77982E+02
  65,     58,  62,  34,  30,   4.45802E-02,   8.44460E+03,   3.76462E+02
  66,     58,  62,  30,  26,   2.72002E-02,   1.26669E+04,   3.44542E+02
  67,     58,  62,  26,  22,   2.78031E-02,   1.80956E+04,   5.03113E+02
  68,     58,  63,  23,  18,   3.00666E-02,   1.58336E+04,   4.76063E+02
  69,     58,  63,  18,  13,   2.17111E-02,   2.26195E+04,   4.91094E+02
  70,     57,  58,  56,  55,   2.51867E+01,   3.76991E+01,   9.49516E+02
  71,     57,  58,  55,  54,   4.91285E+00,   1.50796E+02,   7.40840E+02
  72,     57,  58,  54,  53,   1.79343E+00,   3.76991E+02,   6.76107E+02
  73,     57,  58,  53,  52,   8.39700E-01,   7.53982E+02,   6.33119E+02
  74,     57,  58,  52,  51,   1.49670E-01,   1.31947E+03,   1.97485E+02
  75,     57,  58,  50,  49,   1.47258E-01,   3.16673E+03,   4.66326E+02
  76,     57,  58,  49,  48,   9.33280E-02,   4.52389E+03,   4.22206E+02
  77,     57,  59,  49,  47,   2.58679E-01,   1.50796E+03,   3.90079E+02
  78,     57,  59,  47,  45,   1.22031E-01,   2.63894E+03,   3.22032E+02
  79,     57,  59,  45,  43,   7.54422E-02,   4.22230E+03,   3.18540E+02
  80,     57,  59,  43,  41,   5.03819E-02,   6.33345E+03,   3.19091E+02
  81,     57,  59,  41,  39,   3.87900E-02,   9.04779E+03,   3.50964E+02
  82,     57,  60,  39,  36,   5.76154E-02,   6.33345E+03,   3.64904E+02
  83,     57,  60,  36,  33,   4.36995E-02,   9.50018E+03,   4.15153E+02
  84,     57,  60,  33,  30,   3.19190E-02,   1.35717E+04,   4.33194E+02
  85,     57,  61,  33,  29,   4.86561E-02,   8.44460E+03,   4.10881E+02
  86,     57,  61,  29,  25,   3.01298E-02,   1.26669E+04,   3.81651E+02
  87,     57,  61,  25,  21,   2.91209E-02,   1.80956E+04,   5.26959E+02
  88,     57,  62,  22,  17,   3.00144E-02,   1.58336E+04,   4.75237E+02
  89,     57,  62,  17,  12,   2.13417E-02,   2.26195E+04,   4.82738E+02
  90,     57,  63,  15,  9,   2.58147E-02,   1.90004E+04,   4.90488E+02
  91,     57,  63,  9,  3,   1.98618E-02,   2.71434E+04,   5.39116E+02
  92,     56,  57,  54,  53,   5.35987E+00,   1.50796E+02,   8.08249E+02
  93,     56,  57,  53,  52,   2.08741E+00,   3.76991E+02,   7.86935E+02
  94,     56,  57,  52,  51,   1.02678E+00,   7.53982E+02,   7.74174E+02
  95,     56,  57,  51,  50,   1.87425E-01,   1.31947E+03,   2.47301E+02
  96,     56,  57,  49,  48,   1.72181E-01,   3.16673E+03,   5.45250E+02
  97,     56,  57,  48,  47,   1.17447E-01,   4.52389E+03,   5.31318E+02
  98,     56,  58,  48,  46,   2.90909E-01,   1.50796E+03,   4.38680E+02
  99,     56,  58,  46,  44,   1.47621E-01,   2.63894E+03,   3.89563E+02
  100,     56,  58,  44,  42,   8.99679E-02,   4.22230E+03,   3.79872E+02
  101,     56,  58,  42,  40,   6.19399E-02,   6.33345E+03,   3.92293E+02
  102,     56,  58,  40,  38,   4.74925E-02,   9.04779E+03,   4.29702E+02
  103,     56,  59,  38,  35,   6.89750E-02,   6.33345E+03,   4.36850E+02
  104,     56,  59,  35,  32,   4.92579E-02,   9.50018E+03,   4.67959E+02
  105,     56,  59,  32,  29,   3.40743E-02,   1.35717E+04,   4.62445E+02
  106,     56,  60,  32,  28,   5.22244E-02,   8.44460E+03,   4.41014E+02
  107,     56,  60,  28,  24,   3.38687E-02,   1.26669E+04,   4.29011E+02
  108,     56,  60,  24,  20,   3.23105E-02,   1.80956E+04,   5.84677E+02
  109,     56,  61,  21,  16,   3.19228E-02,   1.58336E+04,   5.05454E+02
  110,     56,  61,  16,  11,   2.16338E-02,   2.26195E+04,   4.89345E+02
  111,     56,  62,  14,  8,   2.66745E-02,   1.90004E+04,   5.06825E+02
  112,     56,  62,  8,  2,   2.14036E-02,   2.71434E+04,   5.80966E+02
  113,     55,  56,  53,  52,   5.72150E+00,   1.50796E+02,   8.62782E+02
  114,     55,  56,  52,  51,   2.31320E+00,   3.76991E+02,   8.72056E+02
  115,     55,  56,  51,  50,   9.68294E-01,   7.53982E+02,   7.30076E+02
  116,     55,  56,  50,  49,   1.86464E-01,   1.31947E+03,   2.46033E+02
  117,     55,  56,  48,  47,   1.88712E-01,   3.16673E+03,   5.97599E+02
  118,     55,  56,  47,  46,   1.03236E-01,   4.52389E+03,   4.67029E+02
  119,     55,  57,  47,  45,   2.96212E-01,   1.50796E+03,   4.46677E+02
  120,     55,  57,  45,  43,   1.63627E-01,   2.63894E+03,   4.31801E+02
  121,     55,  57,  43,  41,   1.00222E-01,   4.22230E+03,   4.23167E+02
  122,     55,  57,  41,  39,   7.38560E-02,   6.33345E+03,   4.67763E+02
  123,     55,  57,  39,  37,   5.39285E-02,   9.04779E+03,   4.87934E+02
  124,     55,  58,  37,  34,   8.00984E-02,   6.33345E+03,   5.07299E+02
  125,     55,  58,  34,  31,   5.42293E-02,   9.50018E+03,   5.15188E+02
  126,     55,  58,  31,  28,   3.46281E-02,   1.35717E+04,   4.69961E+02
  127,     55,  59,  31,  27,   5.20586E-02,   8.44460E+03,   4.39614E+02
  128,     55,  59,  27,  23,   4.13181E-02,   1.26669E+04,   5.23372E+02
  129,     55,  59,  23,  19,   3.06594E-02,   1.80956E+04,   5.54799E+02
  130,     55,  60,  20,  15,   3.37121E-02,   1.58336E+04,   5.33785E+02
  131,     55,  60,  15,  10,   2.32575E-02,   2.26195E+04,   5.26072E+02
  132,     55,  61,  13,  7,   2.79093E-02,   1.90004E+04,   5.30287E+02
  133,     55,  61,  7,  1,   2.16048E-02,   2.71434E+04,   5.86427E+02
  134,     54,  55,  52,  51,   6.07769E+00,   1.50796E+02,   9.16494E+02
  135,     54,  55,  51,  50,   2.01531E+00,   3.76991E+02,   7.59754E+02
  136,     54,  55,  50,  49,   9.22482E-01,   7.53982E+02,   6.95535E+02
  137,     54,  55,  49,  48,   2.93652E-01,   1.31947E+03,   3.87465E+02
  138,     54,  55,  48,  47,   4.42888E-01,   2.11115E+03,   9.35003E+02
  139,     54,  55,  47,  46,   1.43564E-01,   3.16673E+03,   4.54628E+02
  140,     54,  55,  46,  45,   9.80310E-02,   4.52389E+03,   4.43482E+02
  141,     54,  56,  46,  44,   2.89595E-01,   1.50796E+03,   4.36699E+02
  142,     54,  56,  44,  42,   1.62090E-01,   2.63894E+03,   4.27745E+02
  143,     54,  56,  42,  40,   1.02372E-01,   4.22230E+03,   4.32245E+02
  144,     54,  56,  40,  38,   7.43722E-02,   6.33345E+03,   4.71033E+02
  145,     54,  56,  38,  36,   5.26667E-02,   9.04779E+03,   4.76517E+02
  146,     54,  57,  36,  33,   8.48895E-02,   6.33345E+03,   5.37643E+02
  147,     54,  57,  33,  30,   5.70213E-02,   9.50018E+03,   5.41712E+02
  148,     54,  57,  30,  27,   3.24661E-02,   1.35717E+04,   4.40620E+02
  149,     54,  58,  30,  26,   5.09961E-02,   8.44460E+03,   4.30642E+02
  150,     54,  58,  26,  22,   4.73332E-02,   1.26669E+04,   5.99565E+02
  151,     54,  58,  22,  18,   2.71496E-02,   1.80956E+04,   4.91288E+02
  152,     54,  59,  19,  14,   3.33201E-02,   1.58336E+04,   5.27578E+02
  153,     54,  59,  14,  9,   2.30520E-02,   2.26195E+04,   5.21424E+02
  154,     54,  60,  12,  6,   2.80427E-02,   1.90004E+04,   5.32821E+02
  155,     54,  60,  6,  0,   2.28094E-02,   2.71434E+04,   6.19124E+02
  156,     53,  54,  51,  50,   5.95258E+00,   1.50796E+02,   8.97628E+02
  157,     53,  54,  50,  49,   2.26191E+00,   3.76991E+02,   8.52720E+02
  158,     53,  54,  49,  48,   9.77684E-01,   7.53982E+02,   7.37156E+02
  159,     53,  54,  48,  47,   3.24570E-01,   1.31947E+03,   4.28260E+02
  160,     53,  54,  47,  46,   4.23618E-01,   2.11115E+03,   8.94321E+02
  161,     53,  54,  46,  45,   1.53060E-01,   3.16673E+03,   4.84699E+02
  162,     53,  54,  45,  44,   9.56131E-02,   4.52389E+03,   4.32543E+02
  163,     53,  55,  45,  43,   2.82887E-01,   1.50796E+03,   4.26584E+02
  164,     53,  55,  43,  41,   1.58797E-01,   2.63894E+03,   4.19055E+02
  165,     53,  55,  41,  39,   1.07999E-01,   4.22230E+03,   4.56004E+02
  166,     53,  55,  39,  37,   7.42793E-02,   6.33345E+03,   4.70444E+02
  167,     53,  55,  37,  35,   5.51055E-02,   9.04779E+03,   4.98583E+02
  168,     53,  56,  35,  32,   8.47283E-02,   6.33345E+03,   5.36623E+02
  169,     53,  56,  32,  29,   5.42794E-02,   9.50018E+03,   5.15664E+02
  170,     53,  56,  29,  26,   3.04051E-02,   1.35717E+04,   4.12648E+02
  171,     53,  57,  29,  25,   5.27314E-02,   8.44460E+03,   4.45296E+02
  172,     53,  57,  25,  21,   4.60293E-02,   1.26669E+04,   5.83049E+02
  173,     53,  57,  21,  17,   2.79294E-02,   1.80956E+04,   5.05399E+02
  174,     53,  58,  18,  13,   3.38499E-02,   1.58336E+04,   5.35967E+02
  175,     53,  58,  13,  8,   2.26353E-02,   2.26195E+04,   5.11998E+02
  176,     53,  59,  11,  5,   2.78493E-02,   1.90004E+04,   5.29147E+02
  177,     52,  53,  50,  49,   6.10244E+00,   1.50796E+02,   9.20226E+02
  178,     52,  53,  49,  48,   2.13197E+00,   3.76991E+02,   8.03734E+02
  179,     52,  53,  48,  47,   9.54436E-01,   7.53982E+02,   7.19628E+02
  180,     52,  53,  47,  46,   2.45200E-01,   1.31947E+03,   3.23534E+02
  181,     52,  53,  46,  45,   3.76698E-01,   2.11115E+03,   7.95266E+02
  182,     52,  53,  45,  44,   1.33233E-01,   3.16673E+03,   4.21912E+02
  183,     52,  53,  44,  43,   9.42898E-02,   4.52389E+03,   4.26557E+02
  184,     52,  54,  44,  42,   2.82526E-01,   1.50796E+03,   4.26039E+02
  185,     52,  54,  42,  40,   1.63757E-01,   2.63894E+03,   4.32145E+02
  186,     52,  54,  40,  38,   1.10012E-01,   4.22230E+03,   4.64504E+02
  187,     52,  54,  38,  36,   7.46303E-02,   6.33345E+03,   4.72667E+02
  188,     52,  54,  36,  34,   5.90355E-02,   9.04779E+03,   5.34141E+02
  189,     52,  55,  34,  31,   8.03295E-02,   6.33345E+03,   5.08763E+02
  190,     52,  55,  31,  28,   4.74987E-02,   9.50018E+03,   4.51246E+02
  191,     52,  55,  28,  25,   3.07734E-02,   1.35717E+04,   4.17647E+02
  192,     52,  56,  28,  24,   5.14108E-02,   8.44460E+03,   4.34144E+02
  193,     52,  56,  24,  20,   4.45487E-02,   1.26669E+04,   5.64294E+02
  194,     52,  56,  20,  16,   2.74163E-02,   1.80956E+04,   4.96114E+02
  195,     52,  57,  17,  12,   3.06639E-02,   1.58336E+04,   4.85521E+02
  196,     52,  57,  12,  7,   2.23371E-02,   2.26195E+04,   5.05253E+02
  197,     52,  58,  10,  4,   2.72825E-02,   1.90004E+04,   5.18377E+02
  198,     51,  52,  49,  48,   6.03535E+00,   1.50796E+02,   9.10109E+02
  199,     51,  52,  48,  47,   2.22474E+00,   3.76991E+02,   8.38707E+02
  200,     51,  52,  47,  46,   7.89918E-01,   7.53982E+02,   5.95584E+02
  201,     51,  52,  46,  45,   2.48124E-01,   1.31947E+03,   3.27392E+02
  202,     51,  52,  45,  44,   3.35292E-01,   2.11115E+03,   7.07852E+02
  203,     51,  52,  44,  43,   1.32921E-01,   3.16673E+03,   4.20924E+02
  204,     51,  52,  43,  42,   8.68220E-02,   4.52389E+03,   3.92773E+02
  205,     51,  53,  43,  41,   2.64123E-01,   1.50796E+03,   3.98288E+02
  206,     51,  53,  41,  39,   1.65569E-01,   2.63894E+03,   4.36926E+02
  207,     51,  53,  39,  37,   1.07036E-01,   4.22230E+03,   4.51938E+02
  208,     51,  53,  37,  35,   7.59017E-02,   6.33345E+03,   4.80720E+02
  209,     51,  53,  35,  33,   5.40453E-02,   9.04779E+03,   4.88990E+02
  210,     51,  54,  33,  30,   8.10408E-02,   6.33345E+03,   5.13268E+02
  211,     51,  54,  30,  27,   4.27062E-02,   9.50018E+03,   4.05716E+02
  212,     51,  54,  27,  24,   3.14016E-02,   1.35717E+04,   4.26172E+02
  213,     51,  55,  27,  23,   5.61689E-02,   8.44460E+03,   4.74324E+02
  214,     51,  55,  23,  19,   3.83145E-02,   1.26669E+04,   4.85326E+02
  215,     51,  55,  19,  15,   2.56840E-02,   1.80956E+04,   4.64767E+02
  216,     51,  56,  16,  11,   2.82814E-02,   1.58336E+04,   4.47797E+02
  217,     51,  56,  11,  6,   2.13449E-02,   2.26195E+04,   4.82810E+02
  218,     51,  57,  9,  3,   2.72835E-02,   1.90004E+04,   5.18396E+02
  219,     50,  51,  49,  48,   2.60792E+01,   3.76991E+01,   9.83163E+02
  220,     50,  51,  48,  47,   5.43997E+00,   1.50796E+02,   8.20328E+02
  221,     50,  51,  47,  46,   1.55118E+00,   3.76991E+02,   5.84781E+02
  222,     50,  51,  46,  45,   6.28012E-01,   7.53982E+02,   4.73510E+02
  223,     50,  51,  45,  44,   2.03822E-01,   1.31947E+03,   2.68937E+02
  224,     50,  51,  44,  43,   2.36711E-01,   2.11115E+03,   4.99732E+02
  225,     50,  51,  43,  42,   1.01014E-01,   3.16673E+03,   3.19884E+02
  226,     50,  51,  42,  41,   7.10739E-02,   4.52389E+03,   3.21531E+02
  227,     50,  52,  42,  40,   2.37972E-01,   1.50796E+03,   3.58853E+02
  228,     50,  52,  40,  38,   1.50735E-01,   2.63894E+03,   3.97780E+02
  229,     50,  52,  38,  36,   9.68624E-02,   4.22230E+03,   4.08982E+02
  230,     50,  52,  36,  34,   7.46612E-02,   6.33345E+03,   4.72863E+02
  231,     50,  52,  34,  32,   4.77969E-02,   9.04779E+03,   4.32456E+02
  232,     50,  53,  32,  29,   7.03605E-02,   6.33345E+03,   4.45625E+02
  233,     50,  53,  29,  26,   3.70233E-02,   9.50018E+03,   3.51728E+02
  234,     50,  53,  26,  23,   3.44764E-02,   1.35717E+04,   4.67903E+02
  235,     50,  54,  26,  22,   5.95121E-02,   8.44460E+03,   5.02556E+02
  236,     50,  54,  22,  18,   3.17637E-02,   1.26669E+04,   4.02348E+02
  237,     50,  54,  18,  14,   2.44197E-02,   1.80956E+04,   4.41888E+02
  238,     50,  55,  15,  10,   2.69293E-02,   1.58336E+04,   4.26388E+02
  239,     50,  55,  10,  5,   1.95159E-02,   2.26195E+04,   4.41439E+02
  240,     50,  56,  8,  2,   2.63180E-02,   1.90004E+04,   5.00051E+02
  241,     49,  50,  47,  46,   6.07736E+00,   1.50796E+02,   9.16444E+02
  242,     49,  50,  46,  45,   1.93509E+00,   3.76991E+02,   7.29512E+02
  243,     49,  50,  45,  44,   6.86918E-01,   7.53982E+02,   5.17924E+02
  244,     49,  50,  44,  43,   2.31855E-01,   1.31947E+03,   3.05925E+02
  245,     49,  50,  43,  42,   2.85318E-01,   2.11115E+03,   6.02349E+02
  246,     49,  50,  42,  41,   1.19573E-01,   3.16673E+03,   3.78655E+02
  247,     49,  50,  41,  40,   8.72093E-02,   4.52389E+03,   3.94526E+02
  248,     49,  51,  41,  39,   2.50916E-01,   1.50796E+03,   3.78372E+02
  249,     49,  51,  39,  37,   1.50949E-01,   2.63894E+03,   3.98345E+02
  250,     49,  51,  37,  35,   9.97042E-02,   4.22230E+03,   4.20981E+02
  251,     49,  51,  35,  33,   6.79016E-02,   6.33345E+03,   4.30051E+02
  252,     49,  51,  33,  31,   4.91152E-02,   9.04779E+03,   4.44384E+02
  253,     49,  52,  31,  28,   6.06553E-02,   6.33345E+03,   3.84157E+02
  254,     49,  52,  28,  25,   3.72737E-02,   9.50018E+03,   3.54107E+02
  255,     49,  52,  25,  22,   3.47560E-02,   1.35717E+04,   4.71697E+02
  256,     49,  53,  25,  21,   5.53386E-02,   8.44460E+03,   4.67312E+02
  257,     49,  53,  21,  17,   3.16469E-02,   1.26669E+04,   4.00868E+02
  258,     49,  53,  17,  13,   2.13461E-02,   1.80956E+04,   3.86270E+02
  259,     49,  54,  14,  9,   2.57171E-02,   1.58336E+04,   4.07195E+02
  260,     49,  54,  9,  4,   1.88288E-02,   2.26195E+04,   4.25897E+02
  261,     49,  55,  7,  1,   2.46788E-02,   1.90004E+04,   4.68906E+02
  262,     48,  49,  45,  44,   1.83269E+00,   3.76991E+02,   6.90908E+02
  263,     48,  49,  44,  43,   6.79957E-01,   7.53982E+02,   5.12675E+02
  264,     48,  49,  43,  42,   1.85478E-01,   1.31947E+03,   2.44732E+02
  265,     48,  49,  42,  41,   3.07694E-01,   2.11115E+03,   6.49588E+02
  266,     48,  49,  41,  40,   1.19004E-01,   3.16673E+03,   3.76853E+02
  267,     48,  49,  40,  39,   8.97034E-02,   4.52389E+03,   4.05809E+02
  268,     48,  50,  40,  38,   2.70660E-01,   1.50796E+03,   4.08146E+02
  269,     48,  50,  38,  36,   1.57234E-01,   2.63894E+03,   4.14931E+02
  270,     48,  50,  36,  34,   1.12358E-01,   4.22230E+03,   4.74409E+02
  271,     48,  50,  34,  32,   6.80839E-02,   6.33345E+03,   4.31206E+02
  272,     48,  50,  32,  30,   4.72548E-02,   9.04779E+03,   4.27551E+02
  273,     48,  51,  30,  27,   5.29234E-02,   6.33345E+03,   3.35188E+02
  274,     48,  51,  27,  24,   3.74505E-02,   9.50018E+03,   3.55786E+02
  275,     48,  51,  24,  21,   3.42883E-02,   1.35717E+04,   4.65350E+02
  276,     48,  52,  24,  20,   5.42960E-02,   8.44460E+03,   4.58508E+02
  277,     48,  52,  20,  16,   3.08836E-02,   1.26669E+04,   3.91200E+02
  278,     48,  52,  16,  12,   1.97530E-02,   1.80956E+04,   3.57442E+02
  279,     48,  53,  13,  8,   2.42351E-02,   1.58336E+04,   3.83730E+02
  280,     48,  53,  8,  3,   1.85181E-02,   2.26195E+04,   4.18870E+02
  281,     48,  54,  6,  0,   2.43974E-02,   1.90004E+04,   4.63559E+02
  282,     47,  48,  44,  43,   2.09371E+00,   3.76991E+02,   7.89310E+02
  283,     47,  48,  43,  42,   7.79404E-01,   7.53982E+02,   5.87657E+02
  284,     47,  48,  42,  41,   1.91602E-01,   1.31947E+03,   2.52813E+02
  285,     47,  48,  41,  40,   3.78759E-01,   2.11115E+03,   7.99617E+02
  286,     47,  48,  40,  39,   1.48487E-01,   3.16673E+03,   4.70218E+02
  287,     47,  48,  39,  38,   9.99060E-02,   4.52389E+03,   4.51964E+02
  288,     47,  49,  39,  37,   2.88083E-01,   1.50796E+03,   4.34419E+02
  289,     47,  49,  37,  35,   1.73485E-01,   2.63894E+03,   4.57816E+02
  290,     47,  49,  35,  33,   1.09826E-01,   4.22230E+03,   4.63718E+02
  291,     47,  49,  33,  31,   7.46354E-02,   6.33345E+03,   4.72700E+02
  292,     47,  49,  31,  29,   4.36110E-02,   9.04779E+03,   3.94583E+02
  293,     47,  50,  29,  26,   5.13951E-02,   6.33345E+03,   3.25508E+02
  294,     47,  50,  26,  23,   4.50839E-02,   9.50018E+03,   4.28305E+02
  295,     47,  50,  23,  20,   2.97197E-02,   1.35717E+04,   4.03346E+02
  296,     47,  51,  23,  19,   4.69384E-02,   8.44460E+03,   3.96376E+02
  297,     47,  51,  19,  15,   2.95880E-02,   1.26669E+04,   3.74788E+02
  298,     47,  51,  15,  11,   1.92295E-02,   1.80956E+04,   3.47969E+02
  299,     47,  52,  12,  7,   2.35129E-02,   1.58336E+04,   3.72294E+02
  300,     47,  52,  7,  2,   1.79449E-02,   2.26195E+04,   4.05904E+02
  301,     46,  47,  43,  42,   1.95633E+00,   3.76991E+02,   7.37519E+02
  302,     46,  47,  42,  41,   7.22030E-01,   7.53982E+02,   5.44398E+02
  303,     46,  47,  41,  40,   2.45501E-01,   1.31947E+03,   3.23931E+02
  304,     46,  47,  40,  39,   3.14589E-01,   2.11115E+03,   6.64145E+02
  305,     46,  47,  39,  38,   1.32839E-01,   3.16673E+03,   4.20665E+02
  306,     46,  47,  38,  37,   9.12254E-02,   4.52389E+03,   4.12694E+02
  307,     46,  48,  38,  36,   2.81530E-01,   1.50796E+03,   4.24537E+02
  308,     46,  48,  36,  34,   1.84205E-01,   2.63894E+03,   4.86106E+02
  309,     46,  48,  34,  32,   1.01430E-01,   4.22230E+03,   4.28268E+02
  310,     46,  48,  32,  30,   6.69656E-02,   6.33345E+03,   4.24123E+02
  311,     46,  48,  30,  28,   3.76459E-02,   9.04779E+03,   3.40612E+02
  312,     46,  49,  28,  25,   5.08173E-02,   6.33345E+03,   3.21849E+02
  313,     46,  49,  25,  22,   4.43708E-02,   9.50018E+03,   4.21530E+02
  314,     46,  49,  22,  19,   2.39373E-02,   1.35717E+04,   3.24869E+02
  315,     46,  50,  22,  18,   3.91844E-02,   8.44460E+03,   3.30897E+02
  316,     46,  50,  18,  14,   2.76876E-02,   1.26669E+04,   3.50716E+02
  317,     46,  50,  14,  10,   1.84457E-02,   1.80956E+04,   3.33786E+02
  318,     46,  51,  11,  6,   2.23618E-02,   1.58336E+04,   3.54068E+02
  319,     46,  51,  6,  1,   1.70212E-02,   2.26195E+04,   3.85010E+02
  320,     45,  46,  42,  41,   2.45714E+00,   3.76991E+02,   9.26320E+02
  321,     45,  46,  41,  40,   9.03480E-01,   7.53982E+02,   6.81208E+02
  322,     45,  46,  40,  39,   1.82202E-01,   1.31947E+03,   2.40410E+02
  323,     45,  46,  38,  37,   1.66081E-01,   3.16673E+03,   5.25933E+02
  324,     45,  46,  37,  36,   1.09426E-01,   4.52389E+03,   4.95032E+02
  325,     45,  47,  37,  35,   3.16558E-01,   1.50796E+03,   4.77358E+02
  326,     45,  47,  35,  33,   1.79875E-01,   2.63894E+03,   4.74679E+02
  327,     45,  47,  33,  31,   1.09995E-01,   4.22230E+03,   4.64432E+02
  328,     45,  47,  31,  29,   5.94460E-02,   6.33345E+03,   3.76498E+02
  329,     45,  47,  29,  27,   3.31911E-02,   9.04779E+03,   3.00306E+02
  330,     45,  48,  27,  24,   5.25062E-02,   6.33345E+03,   3.32545E+02
  331,     45,  48,  24,  21,   4.42747E-02,   9.50018E+03,   4.20617E+02
  332,     45,  48,  21,  18,   2.24154E-02,   1.35717E+04,   3.04215E+02
  333,     45,  49,  21,  17,   3.92747E-02,   8.44460E+03,   3.31659E+02
  334,     45,  49,  17,  13,   2.48500E-02,   1.26669E+04,   3.14772E+02
  335,     45,  49,  13,  9,   1.74309E-02,   1.80956E+04,   3.15422E+02
  336,     45,  50,  10,  5,   2.08296E-02,   1.58336E+04,   3.29808E+02
  337,     45,  50,  5,  0,   1.74077E-02,   2.26195E+04,   3.93753E+02
  338,     44,  45,  41,  40,   2.15001E+00,   3.76991E+02,   8.10535E+02
  339,     44,  45,  40,  39,   9.91793E-01,   7.53982E+02,   7.47794E+02
  340,     44,  45,  39,  38,   1.39811E-01,   1.31947E+03,   1.84476E+02
  341,     44,  45,  37,  36,   1.61607E-01,   3.16673E+03,   5.11765E+02
  342,     44,  45,  36,  35,   1.27958E-01,   4.52389E+03,   5.78868E+02
  343,     44,  46,  36,  34,   3.73491E-01,   1.50796E+03,   5.63211E+02
  344,     44,  46,  34,  32,   1.82501E-01,   2.63894E+03,   4.81609E+02
  345,     44,  46,  32,  30,   1.07117E-01,   4.22230E+03,   4.52280E+02
  346,     44,  46,  30,  28,   5.49832E-02,   6.33345E+03,   3.48233E+02
  347,     44,  46,  28,  26,   3.14264E-02,   9.04779E+03,   2.84339E+02
  348,     44,  47,  26,  23,   5.80390E-02,   6.33345E+03,   3.67587E+02
  349,     44,  47,  23,  20,   3.50537E-02,   9.50018E+03,   3.33016E+02
  350,     44,  47,  20,  17,   2.26806E-02,   1.35717E+04,   3.07814E+02
  351,     44,  48,  20,  16,   3.84461E-02,   8.44460E+03,   3.24662E+02
  352,     44,  48,  16,  12,   2.28213E-02,   1.26669E+04,   2.89075E+02
  353,     44,  48,  12,  8,   1.63110E-02,   1.80956E+04,   2.95157E+02
  354,     44,  49,  9,  4,   2.02806E-02,   1.58336E+04,   3.21115E+02
  355,     43,  44,  41,  40,   6.32291E+00,   1.50796E+02,   9.53472E+02
  356,     43,  44,  40,  39,   2.42941E+00,   3.76991E+02,   9.15866E+02
  357,     43,  44,  39,  38,   9.34296E-01,   7.53982E+02,   7.04443E+02
  358,     43,  44,  38,  37,   2.53052E-01,   1.31947E+03,   3.33894E+02
  359,     43,  44,  37,  36,   4.70146E-01,   2.11115E+03,   9.92549E+02
  360,     43,  44,  36,  35,   2.05146E-01,   3.16673E+03,   6.49641E+02
  361,     43,  44,  35,  34,   1.38997E-01,   4.52389E+03,   6.28808E+02
  362,     43,  45,  35,  33,   3.64430E-01,   1.50796E+03,   5.49547E+02
  363,     43,  45,  33,  31,   1.98949E-01,   2.63894E+03,   5.25014E+02
  364,     43,  45,  31,  29,   9.42916E-02,   4.22230E+03,   3.98127E+02
  365,     43,  45,  29,  27,   4.87184E-02,   6.33345E+03,   3.08556E+02
  366,     43,  45,  27,  25,   3.58201E-02,   9.04779E+03,   3.24093E+02
  367,     43,  46,  25,  22,   6.18732E-02,   6.33345E+03,   3.91871E+02
  368,     43,  46,  22,  19,   3.14527E-02,   9.50018E+03,   2.98806E+02
  369,     43,  46,  19,  16,   2.36043E-02,   1.35717E+04,   3.20350E+02
  370,     43,  47,  19,  15,   3.66439E-02,   8.44460E+03,   3.09443E+02
  371,     43,  47,  15,  11,   2.19586E-02,   1.26669E+04,   2.78147E+02
  372,     43,  47,  11,  7,   1.62634E-02,   1.80956E+04,   2.94296E+02
  373,     43,  48,  8,  3,   2.03385E-02,   1.58336E+04,   3.22032E+02
  374,     42,  43,  39,  38,   2.14589E+00,   3.76991E+02,   8.08981E+02
  375,     42,  43,  38,  37,   8.45372E-01,   7.53982E+02,   6.37395E+02
  376,     42,  43,  37,  36,   2.44612E-01,   1.31947E+03,   3.22758E+02
  377,     42,  43,  35,  34,   1.99963E-01,   3.16673E+03,   6.33228E+02
  378,     42,  43,  34,  33,   1.13386E-01,   4.52389E+03,   5.12946E+02
  379,     42,  44,  34,  32,   3.50445E-01,   1.50796E+03,   5.28459E+02
  380,     42,  44,  32,  30,   1.83315E-01,   2.63894E+03,   4.83757E+02
  381,     42,  44,  30,  28,   8.18915E-02,   4.22230E+03,   3.45771E+02
  382,     42,  44,  28,  26,   4.43376E-02,   6.33345E+03,   2.80810E+02
  383,     42,  44,  26,  24,   3.74022E-02,   9.04779E+03,   3.38407E+02
  384,     42,  45,  24,  21,   6.16918E-02,   6.33345E+03,   3.90722E+02
  385,     42,  45,  21,  18,   2.91736E-02,   9.50018E+03,   2.77154E+02
  386,     42,  45,  18,  15,   2.26963E-02,   1.35717E+04,   3.08027E+02
  387,     42,  46,  18,  14,   3.60432E-02,   8.44460E+03,   3.04370E+02
  388,     42,  46,  14,  10,   2.23686E-02,   1.26669E+04,   2.83341E+02
  389,     42,  46,  10,  6,   1.57647E-02,   1.80956E+04,   2.85271E+02
  390,     42,  47,  7,  2,   1.92219E-02,   1.58336E+04,   3.04352E+02
  391,     41,  42,  38,  37,   1.99952E+00,   3.76991E+02,   7.53801E+02
  392,     41,  42,  37,  36,   8.46089E-01,   7.53982E+02,   6.37936E+02
  393,     41,  42,  36,  35,   3.85740E-01,   1.31947E+03,   5.08972E+02
  394,     41,  42,  34,  33,   1.78218E-01,   3.16673E+03,   5.64367E+02
  395,     41,  42,  33,  32,   1.34689E-01,   4.52389E+03,   6.09319E+02
  396,     41,  43,  33,  31,   3.74887E-01,   1.50796E+03,   5.65316E+02
  397,     41,  43,  31,  29,   1.54621E-01,   2.63894E+03,   4.08035E+02
  398,     41,  43,  29,  27,   7.03302E-02,   4.22230E+03,   2.96955E+02
  399,     41,  43,  27,  25,   4.76763E-02,   6.33345E+03,   3.01955E+02
  400,     41,  43,  25,  23,   3.89113E-02,   9.04779E+03,   3.52061E+02
  401,     41,  44,  23,  20,   5.12519E-02,   6.33345E+03,   3.24601E+02
  402,     41,  44,  20,  17,   3.10974E-02,   9.50018E+03,   2.95431E+02
  403,     41,  44,  17,  14,   1.97023E-02,   1.35717E+04,   2.67393E+02
  404,     41,  45,  17,  13,   3.20080E-02,   8.44460E+03,   2.70295E+02
  405,     41,  45,  13,  9,   2.10656E-02,   1.26669E+04,   2.66836E+02
  406,     41,  45,  9,  5,   1.54380E-02,   1.80956E+04,   2.79359E+02
  407,     41,  46,  6,  1,   1.94699E-02,   1.58336E+04,   3.08279E+02
  408,     40,  41,  38,  37,   6.11714E+00,   1.50796E+02,   9.22443E+02
  409,     40,  41,  37,  36,   1.96900E+00,   3.76991E+02,   7.42295E+02
  410,     40,  41,  36,  35,   1.11223E+00,   7.53982E+02,   8.38602E+02
  411,     40,  41,  35,  34,   4.54019E-01,   1.31947E+03,   5.99064E+02
  412,     40,  41,  34,  33,   4.47306E-01,   2.11115E+03,   9.44330E+02
  413,     40,  41,  33,  32,   2.22446E-01,   3.16673E+03,   7.04425E+02
  414,     40,  41,  32,  31,   1.42246E-01,   4.52389E+03,   6.43506E+02
  415,     40,  42,  32,  30,   3.65735E-01,   1.50796E+03,   5.51515E+02
  416,     40,  42,  30,  28,   1.39970E-01,   2.63894E+03,   3.69372E+02
  417,     40,  42,  28,  26,   6.62039E-02,   4.22230E+03,   2.79533E+02
  418,     40,  42,  26,  24,   5.30261E-02,   6.33345E+03,   3.35838E+02
  419,     40,  42,  24,  22,   4.62791E-02,   9.04779E+03,   4.18723E+02
  420,     40,  43,  22,  19,   4.34874E-02,   6.33345E+03,   2.75425E+02
  421,     40,  43,  19,  16,   3.12419E-02,   9.50018E+03,   2.96804E+02
  422,     40,  43,  16,  13,   1.85895E-02,   1.35717E+04,   2.52291E+02
  423,     40,  44,  16,  12,   3.09585E-02,   8.44460E+03,   2.61432E+02
  424,     40,  44,  12,  8,   2.11322E-02,   1.26669E+04,   2.67679E+02
  425,     40,  44,  8,  4,   1.56539E-02,   1.80956E+04,   2.83266E+02
  426,     40,  45,  5,  0,   2.06630E-02,   1.58336E+04,   3.27170E+02
  427,     39,  40,  37,  36,   5.59096E+00,   1.50796E+02,   8.43097E+02
  428,     39,  40,  36,  35,   2.54020E+00,   3.76991E+02,   9.57633E+02
  429,     39,  40,  35,  34,   1.17197E+00,   7.53982E+02,   8.83645E+02
  430,     39,  40,  34,  33,   3.70809E-01,   1.31947E+03,   4.89271E+02
  431,     39,  40,  32,  31,   2.29461E-01,   3.16673E+03,   7.26640E+02
  432,     39,  40,  31,  30,   1.23286E-01,   4.52389E+03,   5.57733E+02
  433,     39,  41,  31,  29,   3.23268E-01,   1.50796E+03,   4.87477E+02
  434,     39,  41,  29,  27,   1.25831E-01,   2.63894E+03,   3.32060E+02
  435,     39,  41,  27,  25,   7.66221E-02,   4.22230E+03,   3.23522E+02
  436,     39,  41,  25,  23,   5.95566E-02,   6.33345E+03,   3.77199E+02
  437,     39,  41,  23,  21,   3.93403E-02,   9.04779E+03,   3.55943E+02
  438,     39,  42,  21,  18,   4.23110E-02,   6.33345E+03,   2.67975E+02
  439,     39,  42,  18,  15,   3.11593E-02,   9.50018E+03,   2.96019E+02
  440,     39,  42,  15,  12,   1.91772E-02,   1.35717E+04,   2.60267E+02
  441,     39,  43,  15,  11,   3.08001E-02,   8.44460E+03,   2.60095E+02
  442,     39,  43,  11,  7,   2.13899E-02,   1.26669E+04,   2.70944E+02
  443,     39,  43,  7,  3,   1.53893E-02,   1.80956E+04,   2.78478E+02
  444,     38,  39,  34,  33,   1.10216E+00,   7.53982E+02,   8.31009E+02
  445,     38,  39,  33,  32,   3.55291E-01,   1.31947E+03,   4.68795E+02
  446,     38,  39,  31,  30,   2.01173E-01,   3.16673E+03,   6.37060E+02
  447,     38,  39,  30,  29,   1.09193E-01,   4.52389E+03,   4.93977E+02
  448,     38,  40,  30,  28,   2.85219E-01,   1.50796E+03,   4.30100E+02
  449,     38,  40,  28,  26,   1.14398E-01,   2.63894E+03,   3.01889E+02
  450,     38,  40,  26,  24,   8.33429E-02,   4.22230E+03,   3.51899E+02
  451,     38,  40,  24,  22,   6.73928E-02,   6.33345E+03,   4.26829E+02
  452,     38,  40,  22,  20,   3.10131E-02,   9.04779E+03,   2.80600E+02
  453,     38,  41,  20,  17,   4.63897E-02,   6.33345E+03,   2.93807E+02
  454,     38,  41,  17,  14,   2.79575E-02,   9.50018E+03,   2.65601E+02
  455,     38,  41,  14,  11,   1.93758E-02,   1.35717E+04,   2.62962E+02
  456,     38,  42,  14,  10,   3.14156E-02,   8.44460E+03,   2.65292E+02
  457,     38,  42,  10,  6,   2.10809E-02,   1.26669E+04,   2.67030E+02
  458,     38,  42,  6,  2,   1.58374E-02,   1.80956E+04,   2.86587E+02
  459,     37,  38,  34,  33,   2.59148E+00,   3.76991E+02,   9.76965E+02
  460,     37,  38,  32,  31,   2.69711E-01,   1.31947E+03,   3.55875E+02
  461,     37,  38,  30,  29,   1.79430E-01,   3.16673E+03,   5.68206E+02
  462,     37,  38,  29,  28,   9.71550E-02,   4.52389E+03,   4.39519E+02
  463,     37,  39,  29,  27,   2.52782E-01,   1.50796E+03,   3.81186E+02
  464,     37,  39,  27,  25,   1.31542E-01,   2.63894E+03,   3.47131E+02
  465,     37,  39,  25,  23,   9.25395E-02,   4.22230E+03,   3.90730E+02
  466,     37,  39,  23,  21,   5.65087E-02,   6.33345E+03,   3.57895E+02
  467,     37,  39,  21,  19,   3.04459E-02,   9.04779E+03,   2.75468E+02
  468,     37,  40,  19,  16,   4.72243E-02,   6.33345E+03,   2.99093E+02
  469,     37,  40,  16,  13,   2.64648E-02,   9.50018E+03,   2.51420E+02
  470,     37,  40,  13,  10,   1.95223E-02,   1.35717E+04,   2.64950E+02
  471,     37,  41,  13,  9,   3.12206E-02,   8.44460E+03,   2.63646E+02
  472,     37,  41,  9,  5,   2.13894E-02,   1.26669E+04,   2.70937E+02
  473,     37,  41,  5,  1,   1.68177E-02,   1.80956E+04,   3.04326E+02
  474,     36,  37,  34,  33,   6.58037E+00,   1.50796E+02,   9.92296E+02
  475,     36,  37,  32,  31,   1.32024E+00,   7.53982E+02,   9.95437E+02
  476,     36,  37,  31,  30,   2.97713E-01,   1.31947E+03,   3.92823E+02
  477,     36,  37,  29,  28,   1.39096E-01,   3.16673E+03,   4.40479E+02
  478,     36,  37,  28,  27,   7.57013E-02,   4.52389E+03,   3.42465E+02
  479,     36,  38,  28,  26,   2.18441E-01,   1.50796E+03,   3.29401E+02
  480,     36,  38,  26,  24,   1.42850E-01,   2.63894E+03,   3.76972E+02
  481,     36,  38,  24,  22,   1.04678E-01,   4.22230E+03,   4.41982E+02
  482,     36,  38,  22,  20,   4.50503E-02,   6.33345E+03,   2.85324E+02
  483,     36,  38,  20,  18,   3.05649E-02,   9.04779E+03,   2.76545E+02
  484,     36,  39,  18,  15,   4.68946E-02,   6.33345E+03,   2.97005E+02
  485,     36,  39,  15,  12,   2.70807E-02,   9.50018E+03,   2.57271E+02
  486,     36,  39,  12,  9,   1.89779E-02,   1.35717E+04,   2.57562E+02
  487,     36,  40,  12,  8,   3.05025E-02,   8.44460E+03,   2.57581E+02
  488,     36,  40,  8,  4,   2.15553E-02,   1.26669E+04,   2.73039E+02
  489,     36,  40,  4,  0,   1.75997E-02,   1.80956E+04,   3.18477E+02
  490,     35,  36,  31,  30,   1.13693E+00,   7.53982E+02,   8.57225E+02
  491,     35,  36,  30,  29,   2.05482E-01,   1.31947E+03,   2.71127E+02
  492,     35,  36,  28,  27,   1.19034E-01,   3.16673E+03,   3.76948E+02
  493,     35,  36,  27,  26,   7.44040E-02,   4.52389E+03,   3.36596E+02
  494,     35,  37,  27,  25,   2.40615E-01,   1.50796E+03,   3.62839E+02
  495,     35,  37,  25,  23,   1.56809E-01,   2.63894E+03,   4.13809E+02
  496,     35,  37,  23,  21,   8.71872E-02,   4.22230E+03,   3.68131E+02
  497,     35,  37,  21,  19,   4.46907E-02,   6.33345E+03,   2.83046E+02
  498,     35,  37,  19,  17,   3.42368E-02,   9.04779E+03,   3.09767E+02
  499,     35,  38,  17,  14,   4.33740E-02,   6.33345E+03,   2.74707E+02
  500,     35,  38,  14,  11,   2.79442E-02,   9.50018E+03,   2.65475E+02
  501,     35,  38,  11,  8,   1.95538E-02,   1.35717E+04,   2.65378E+02
  502,     35,  39,  11,  7,   3.21501E-02,   8.44460E+03,   2.71495E+02
  503,     35,  39,  7,  3,   2.18782E-02,   1.26669E+04,   2.77129E+02
  504,     34,  35,  30,  29,   1.00591E+00,   7.53982E+02,   7.58438E+02
  505,     34,  35,  29,  28,   1.33652E-01,   1.31947E+03,   1.76350E+02
  506,     34,  35,  27,  26,   1.16760E-01,   3.16673E+03,   3.69747E+02
  507,     34,  35,  26,  25,   1.05913E-01,   4.52389E+03,   4.79139E+02
  508,     34,  36,  26,  24,   2.82124E-01,   1.50796E+03,   4.25433E+02
  509,     34,  36,  24,  22,   1.88030E-01,   2.63894E+03,   4.96199E+02
  510,     34,  36,  22,  20,   7.33085E-02,   4.22230E+03,   3.09531E+02
  511,     34,  36,  20,  18,   4.74624E-02,   6.33345E+03,   3.00601E+02
  512,     34,  36,  18,  16,   3.83079E-02,   9.04779E+03,   3.46602E+02
  513,     34,  37,  16,  13,   4.16925E-02,   6.33345E+03,   2.64057E+02
  514,     34,  37,  13,  10,   2.93357E-02,   9.50018E+03,   2.78694E+02
  515,     34,  37,  10,  7,   2.03250E-02,   1.35717E+04,   2.75844E+02
  516,     34,  38,  10,  6,   3.25848E-02,   8.44460E+03,   2.75166E+02
  517,     34,  38,  6,  2,   2.32618E-02,   1.26669E+04,   2.94655E+02
  518,     33,  34,  31,  30,   5.57527E+00,   1.50796E+02,   8.40731E+02
  519,     33,  34,  30,  29,   1.77954E+00,   3.76991E+02,   6.70871E+02
  520,     33,  34,  29,  28,   6.51715E-01,   7.53982E+02,   4.91382E+02
  521,     33,  34,  28,  27,   1.22119E-01,   1.31947E+03,   1.61132E+02
  522,     33,  34,  27,  26,   2.99050E-01,   2.11115E+03,   6.31339E+02
  523,     33,  34,  26,  25,   1.29912E-01,   3.16673E+03,   4.11396E+02
  524,     33,  34,  25,  24,   7.71218E-02,   4.52389E+03,   3.48891E+02
  525,     33,  35,  25,  23,   2.81795E-01,   1.50796E+03,   4.24937E+02
  526,     33,  35,  23,  21,   1.40823E-01,   2.63894E+03,   3.71623E+02
  527,     33,  35,  21,  19,   6.60604E-02,   4.22230E+03,   2.78927E+02
  528,     33,  35,  19,  17,   4.80322E-02,   6.33345E+03,   3.04210E+02
  529,     33,  35,  17,  15,   3.00191E-02,   9.04779E+03,   2.71606E+02
  530,     33,  36,  15,  12,   4.15528E-02,   6.33345E+03,   2.63173E+02
  531,     33,  36,  12,  9,   2.76315E-02,   9.50018E+03,   2.62504E+02
  532,     33,  36,  9,  6,   2.04332E-02,   1.35717E+04,   2.77313E+02
  533,     33,  37,  9,  5,   3.21279E-02,   8.44460E+03,   2.71307E+02
  534,     33,  37,  5,  1,   2.37388E-02,   1.26669E+04,   3.00697E+02
  535,     32,  33,  30,  29,   5.21130E+00,   1.50796E+02,   7.85846E+02
  536,     32,  33,  29,  28,   1.56605E+00,   3.76991E+02,   5.90387E+02
  537,     32,  33,  28,  27,   5.72462E-01,   7.53982E+02,   4.31626E+02
  538,     32,  33,  27,  26,   1.76971E-01,   1.31947E+03,   2.33508E+02
  539,     32,  33,  26,  25,   3.34841E-01,   2.11115E+03,   7.06900E+02
  540,     32,  33,  25,  24,   1.32818E-01,   3.16673E+03,   4.20598E+02
  541,     32,  33,  24,  23,   1.26665E-01,   4.52389E+03,   5.73019E+02
  542,     32,  34,  24,  22,   3.23660E-01,   1.50796E+03,   4.88068E+02
  543,     32,  34,  22,  20,   1.12088E-01,   2.63894E+03,   2.95793E+02
  544,     32,  34,  20,  18,   6.67424E-02,   4.22230E+03,   2.81806E+02
  545,     32,  34,  18,  16,   5.08003E-02,   6.33345E+03,   3.21741E+02
  546,     32,  34,  16,  14,   2.72923E-02,   9.04779E+03,   2.46935E+02
  547,     32,  35,  14,  11,   4.16490E-02,   6.33345E+03,   2.63782E+02
  548,     32,  35,  11,  8,   2.77499E-02,   9.50018E+03,   2.63629E+02
  549,     32,  35,  8,  5,   2.03417E-02,   1.35717E+04,   2.76071E+02
  550,     32,  36,  8,  4,   3.29427E-02,   8.44460E+03,   2.78188E+02
  551,     32,  36,  4,  0,   2.57314E-02,   1.26669E+04,   3.25937E+02
  552,     31,  32,  30,  29,   2.38875E+01,   3.76991E+01,   9.00538E+02
  553,     31,  32,  29,  28,   4.41358E+00,   1.50796E+02,   6.65552E+02
  554,     31,  32,  28,  27,   1.29953E+00,   3.76991E+02,   4.89911E+02
  555,     31,  32,  27,  26,   5.60187E-01,   7.53982E+02,   4.22371E+02
  556,     31,  32,  26,  25,   3.87876E-01,   1.31947E+03,   5.11790E+02
  557,     31,  32,  25,  24,   2.58467E-01,   2.11115E+03,   5.45663E+02
  558,     31,  32,  24,  23,   2.11006E-01,   3.16673E+03,   6.68198E+02
  559,     31,  32,  23,  22,   1.19297E-01,   4.52389E+03,   5.39687E+02
  560,     31,  33,  23,  21,   2.93383E-01,   1.50796E+03,   4.42411E+02
  561,     31,  33,  21,  19,   1.22231E-01,   2.63894E+03,   3.22560E+02
  562,     31,  33,  19,  17,   8.06615E-02,   4.22230E+03,   3.40577E+02
  563,     31,  33,  17,  15,   4.70720E-02,   6.33345E+03,   2.98128E+02
  564,     31,  33,  15,  13,   3.13164E-02,   9.04779E+03,   2.83344E+02
  565,     31,  34,  13,  10,   4.31678E-02,   6.33345E+03,   2.73401E+02
  566,     31,  34,  10,  7,   2.89400E-02,   9.50018E+03,   2.74935E+02
  567,     31,  34,  7,  4,   1.97790E-02,   1.35717E+04,   2.68434E+02
  568,     31,  35,  7,  3,   3.36847E-02,   8.44460E+03,   2.84454E+02
  569,     30,  31,  29,  28,   1.67942E+01,   3.76991E+01,   6.33126E+02
  570,     30,  31,  28,  27,   3.07161E+00,   1.50796E+02,   4.63188E+02
  571,     30,  31,  27,  26,   1.08454E+00,   3.76991E+02,   4.08862E+02
  572,     30,  31,  26,  25,   7.31747E-01,   7.53982E+02,   5.51724E+02
  573,     30,  31,  25,  24,   3.66913E-01,   1.31947E+03,   4.84130E+02
  574,     30,  31,  24,  23,   3.27837E-01,   2.11115E+03,   6.92113E+02
  575,     30,  31,  23,  22,   1.69613E-01,   3.16673E+03,   5.37118E+02
  576,     30,  31,  22,  21,   8.09325E-02,   4.52389E+03,   3.66130E+02
  577,     30,  32,  22,  20,   2.31591E-01,   1.50796E+03,   3.49231E+02
  578,     30,  32,  20,  18,   1.24665E-01,   2.63894E+03,   3.28983E+02
  579,     30,  32,  18,  16,   8.57160E-02,   4.22230E+03,   3.61919E+02
  580,     30,  32,  16,  14,   4.33129E-02,   6.33345E+03,   2.74320E+02
  581,     30,  32,  14,  12,   3.19547E-02,   9.04779E+03,   2.89119E+02
  582,     30,  33,  12,  9,   4.37952E-02,   6.33345E+03,   2.77375E+02
  583,     30,  33,  9,  6,   3.06382E-02,   9.50018E+03,   2.91068E+02
  584,     30,  33,  6,  3,   2.15092E-02,   1.35717E+04,   2.91916E+02
  585,     30,  34,  6,  2,   3.42349E-02,   8.44460E+03,   2.89100E+02
  586,     29,  30,  28,  27,   9.89550E+00,   3.76991E+01,   3.73052E+02
  587,     29,  30,  27,  26,   2.38184E+00,   1.50796E+02,   3.59173E+02
  588,     29,  30,  26,  25,   1.39654E+00,   3.76991E+02,   5.26483E+02
  589,     29,  30,  25,  24,   6.61919E-01,   7.53982E+02,   4.99075E+02
  590,     29,  30,  24,  23,   5.03590E-01,   1.31947E+03,   6.64471E+02
  591,     29,  30,  23,  22,   2.93625E-01,   2.11115E+03,   6.19886E+02
  592,     29,  30,  22,  21,   1.16914E-01,   3.16673E+03,   3.70235E+02
  593,     29,  30,  21,  20,   7.23241E-02,   4.52389E+03,   3.27187E+02
  594,     29,  31,  21,  19,   2.19162E-01,   1.50796E+03,   3.30489E+02
  595,     29,  31,  19,  17,   1.30039E-01,   2.63894E+03,   3.43165E+02
  596,     29,  31,  17,  15,   6.85258E-02,   4.22230E+03,   2.89337E+02
  597,     29,  31,  15,  13,   4.31907E-02,   6.33345E+03,   2.73546E+02
  598,     29,  31,  13,  11,   2.99446E-02,   9.04779E+03,   2.70932E+02
  599,     29,  32,  11,  8,   4.31238E-02,   6.33345E+03,   2.73122E+02
  600,     29,  32,  8,  5,   2.98551E-02,   9.50018E+03,   2.83629E+02
  601,     29,  32,  5,  2,   2.25431E-02,   1.35717E+04,   3.05948E+02
  602,     29,  33,  5,  1,   3.65465E-02,   8.44460E+03,   3.08621E+02
  603,     28,  29,  27,  26,   7.08428E+00,   3.76991E+01,   2.67071E+02
  604,     28,  29,  26,  25,   2.89216E+00,   1.50796E+02,   4.36127E+02
  605,     28,  29,  25,  24,   1.21571E+00,   3.76991E+02,   4.58312E+02
  606,     28,  29,  24,  23,   8.93043E-01,   7.53982E+02,   6.73339E+02
  607,     28,  29,  23,  22,   2.57100E-01,   1.31947E+03,   3.39235E+02
  608,     28,  29,  22,  21,   3.13606E-01,   2.11115E+03,   6.62069E+02
  609,     28,  29,  21,  20,   1.00731E-01,   3.16673E+03,   3.18987E+02
  610,     28,  29,  20,  19,   7.36282E-02,   4.52389E+03,   3.33086E+02
  611,     28,  30,  20,  18,   2.12331E-01,   1.50796E+03,   3.20188E+02
  612,     28,  30,  18,  16,   1.30740E-01,   2.63894E+03,   3.45015E+02
  613,     28,  30,  16,  14,   6.02286E-02,   4.22230E+03,   2.54303E+02
  614,     28,  30,  14,  12,   4.17568E-02,   6.33345E+03,   2.64465E+02
  615,     28,  30,  12,  10,   2.89149E-02,   9.04779E+03,   2.61616E+02
  616,     28,  31,  10,  7,   4.07218E-02,   6.33345E+03,   2.57910E+02
  617,     28,  31,  7,  4,   2.70620E-02,   9.50018E+03,   2.57094E+02
  618,     28,  31,  4,  1,   2.15469E-02,   1.35717E+04,   2.92428E+02
  619,     28,  32,  4,  0,   3.70290E-02,   8.44460E+03,   3.12695E+02
  620,     27,  28,  26,  25,   8.79268E+00,   3.76991E+01,   3.31476E+02
  621,     27,  28,  25,  24,   2.54118E+00,   1.50796E+02,   3.83201E+02
  622,     27,  28,  24,  23,   1.74784E+00,   3.76991E+02,   6.58920E+02
  623,     27,  28,  23,  22,   6.85082E-01,   7.53982E+02,   5.16540E+02
  624,     27,  28,  22,  21,   9.80398E-02,   1.31947E+03,   1.29360E+02
  625,     27,  28,  21,  20,   3.19806E-01,   2.11115E+03,   6.75159E+02
  626,     27,  28,  20,  19,   1.07180E-01,   3.16673E+03,   3.39410E+02
  627,     27,  28,  19,  18,   6.78824E-02,   4.52389E+03,   3.07093E+02
  628,     27,  29,  19,  17,   2.20046E-01,   1.50796E+03,   3.31822E+02
  629,     27,  29,  17,  15,   1.04101E-01,   2.63894E+03,   2.74716E+02
  630,     27,  29,  15,  13,   5.97977E-02,   4.22230E+03,   2.52484E+02
  631,     27,  29,  13,  11,   3.92570E-02,   6.33345E+03,   2.48632E+02
  632,     27,  29,  11,  9,   2.71704E-02,   9.04779E+03,   2.45832E+02
  633,     27,  30,  9,  6,   4.00146E-02,   6.33345E+03,   2.53430E+02
  634,     27,  30,  6,  3,   2.61179E-02,   9.50018E+03,   2.48125E+02
  635,     27,  30,  3,  0,   2.11287E-02,   1.35717E+04,   2.86752E+02
  636,     26,  27,  25,  24,   8.51856E+00,   3.76991E+01,   3.21142E+02
  637,     26,  27,  24,  23,   3.76990E+00,   1.50796E+02,   5.68488E+02
  638,     26,  27,  23,  22,   1.38552E+00,   3.76991E+02,   5.22329E+02
  639,     26,  27,  22,  21,   4.72214E-01,   7.53982E+02,   3.56041E+02
  640,     26,  27,  20,  19,   3.79685E-01,   2.11115E+03,   8.01572E+02
  641,     26,  27,  19,  18,   1.03746E-01,   3.16673E+03,   3.28535E+02
  642,     26,  27,  18,  17,   8.84052E-02,   4.52389E+03,   3.99936E+02
  643,     26,  27,  21,  20,   6.38813E-02,   1.31947E+03,   8.42894E+01
  644,     26,  28,  18,  16,   2.34054E-01,   1.50796E+03,   3.52945E+02
  645,     26,  28,  16,  14,   9.64497E-02,   2.63894E+03,   2.54525E+02
  646,     26,  28,  14,  12,   6.11518E-02,   4.22230E+03,   2.58201E+02
  647,     26,  28,  12,  10,   3.98833E-02,   6.33345E+03,   2.52599E+02
  648,     26,  28,  10,  8,   2.58941E-02,   9.04779E+03,   2.34284E+02
  649,     26,  29,  8,  5,   3.89861E-02,   6.33345E+03,   2.46917E+02
  650,     26,  29,  5,  2,   2.69907E-02,   9.50018E+03,   2.56416E+02
  651,     25,  26,  24,  23,   1.67956E+01,   3.76991E+01,   6.33179E+02
  652,     25,  26,  23,  22,   3.93603E+00,   1.50796E+02,   5.93539E+02
  653,     25,  26,  22,  21,   1.17817E+00,   3.76991E+02,   4.44160E+02
  654,     25,  26,  21,  20,   5.67485E-01,   7.53982E+02,   4.27874E+02
  655,     25,  26,  20,  19,   2.37236E-01,   1.31947E+03,   3.13026E+02
  656,     25,  26,  19,  18,   3.31717E-01,   2.11115E+03,   7.00304E+02
  657,     25,  26,  18,  17,   1.69616E-01,   3.16673E+03,   5.37127E+02
  658,     25,  26,  17,  16,   9.37500E-02,   4.52389E+03,   4.24115E+02
  659,     25,  27,  17,  15,   2.30507E-01,   1.50796E+03,   3.47596E+02
  660,     25,  27,  15,  13,   1.20047E-01,   2.63894E+03,   3.16797E+02
  661,     25,  27,  13,  11,   7.20498E-02,   4.22230E+03,   3.04216E+02
  662,     25,  27,  11,  9,   4.71842E-02,   6.33345E+03,   2.98839E+02
  663,     25,  27,  9,  7,   3.35480E-02,   9.04779E+03,   3.03535E+02
  664,     25,  28,  7,  4,   4.16027E-02,   6.33345E+03,   2.63489E+02
  665,     25,  28,  4,  1,   3.09103E-02,   9.50018E+03,   2.93653E+02
  666,     24,  25,  23,  22,   1.11676E+01,   3.76991E+01,   4.21009E+02
  667,     24,  25,  22,  21,   2.19845E+00,   1.50796E+02,   3.31518E+02
  668,     24,  25,  21,  20,   9.13035E-01,   3.76991E+02,   3.44206E+02
  669,     24,  25,  20,  19,   5.31806E-01,   7.53982E+02,   4.00972E+02
  670,     24,  25,  19,  18,   2.15799E-01,   1.31947E+03,   2.84740E+02
  671,     24,  25,  18,  17,   2.88455E-01,   2.11115E+03,   6.08972E+02
  672,     24,  25,  17,  16,   1.14386E-01,   3.16673E+03,   3.62229E+02
  673,     24,  25,  16,  15,   6.52320E-02,   4.52389E+03,   2.95103E+02
  674,     24,  26,  16,  14,   2.13195E-01,   1.50796E+03,   3.21490E+02
  675,     24,  26,  14,  12,   1.23952E-01,   2.63894E+03,   3.27102E+02
  676,     24,  26,  12,  10,   7.43755E-02,   4.22230E+03,   3.14036E+02
  677,     24,  26,  10,  8,   4.60745E-02,   6.33345E+03,   2.91811E+02
  678,     24,  26,  8,  6,   3.48140E-02,   9.04779E+03,   3.14990E+02
  679,     24,  27,  6,  3,   4.40071E-02,   6.33345E+03,   2.78717E+02
  680,     24,  27,  3,  0,   3.26938E-02,   9.50018E+03,   3.10597E+02
  681,     23,  24,  22,  21,   1.45624E+01,   3.76991E+01,   5.48990E+02
  682,     23,  24,  21,  20,   3.87921E+00,   1.50796E+02,   5.84971E+02
  683,     23,  24,  20,  19,   2.00283E+00,   3.76991E+02,   7.55049E+02
  684,     23,  24,  19,  18,   9.35157E-01,   7.53982E+02,   7.05092E+02
  685,     23,  24,  18,  17,   4.28887E-01,   1.31947E+03,   5.65903E+02
  686,     23,  24,  16,  15,   1.69178E-01,   3.16673E+03,   5.35740E+02
  687,     23,  24,  15,  14,   1.22778E-01,   4.52389E+03,   5.55435E+02
  688,     23,  25,  15,  13,   2.95345E-01,   1.50796E+03,   4.45370E+02
  689,     23,  25,  13,  11,   1.60030E-01,   2.63894E+03,   4.22309E+02
  690,     23,  25,  11,  9,   9.53733E-02,   4.22230E+03,   4.02695E+02
  691,     23,  25,  9,  7,   6.40765E-02,   6.33345E+03,   4.05825E+02
  692,     23,  25,  7,  5,   3.95353E-02,   9.04779E+03,   3.57707E+02
  693,     23,  26,  5,  2,   5.81647E-02,   6.33345E+03,   3.68383E+02
  694,     22,  23,  21,  20,   1.31056E+01,   3.76991E+01,   4.94069E+02
  695,     22,  23,  20,  19,   4.77626E+00,   1.50796E+02,   7.20243E+02
  696,     22,  23,  19,  18,   2.07477E+00,   3.76991E+02,   7.82170E+02
  697,     22,  23,  18,  17,   1.30047E+00,   7.53982E+02,   9.80531E+02
  698,     22,  23,  17,  16,   2.83145E-01,   1.31947E+03,   3.73601E+02
  699,     22,  23,  15,  14,   2.04505E-01,   3.16673E+03,   6.47611E+02
  700,     22,  23,  14,  13,   1.40413E-01,   4.52389E+03,   6.35213E+02
  701,     22,  24,  14,  12,   3.94026E-01,   1.50796E+03,   5.94177E+02
  702,     22,  24,  12,  10,   2.13369E-01,   2.63894E+03,   5.63068E+02
  703,     22,  24,  10,  8,   1.18608E-01,   4.22230E+03,   5.00799E+02
  704,     22,  24,  8,  6,   8.40657E-02,   6.33345E+03,   5.32426E+02
  705,     22,  24,  6,  4,   5.06893E-02,   9.04779E+03,   4.58626E+02
  706,     22,  25,  4,  1,   6.94621E-02,   6.33345E+03,   4.39935E+02
  707,     21,  22,  20,  19,   1.21473E+01,   3.76991E+01,   4.57942E+02
  708,     21,  22,  19,  18,   3.39929E+00,   1.50796E+02,   5.12601E+02
  709,     21,  22,  18,  17,   1.98238E+00,   3.76991E+02,   7.47340E+02
  710,     21,  22,  17,  16,   7.77106E-01,   7.53982E+02,   5.85924E+02
  711,     21,  22,  16,  15,   1.71175E-01,   1.31947E+03,   2.25860E+02
  712,     21,  22,  15,  14,   4.39087E-01,   2.11115E+03,   9.26979E+02
  713,     21,  22,  14,  13,   1.62261E-01,   3.16673E+03,   5.13836E+02
  714,     21,  22,  13,  12,   1.13441E-01,   4.52389E+03,   5.13195E+02
  715,     21,  23,  13,  11,   3.60388E-01,   1.50796E+03,   5.43452E+02
  716,     21,  23,  11,  9,   1.96316E-01,   2.63894E+03,   5.18066E+02
  717,     21,  23,  9,  7,   1.20394E-01,   4.22230E+03,   5.08340E+02
  718,     21,  23,  7,  5,   6.97173E-02,   6.33345E+03,   4.41551E+02
  719,     21,  23,  5,  3,   5.05887E-02,   9.04779E+03,   4.57716E+02
  720,     21,  24,  3,  0,   7.48064E-02,   6.33345E+03,   4.73783E+02
  721,     20,  21,  19,  18,   9.51800E+00,   3.76991E+01,   3.58820E+02
  722,     20,  21,  18,  17,   3.52661E+00,   1.50796E+02,   5.31800E+02
  723,     20,  21,  17,  16,   1.25238E+00,   3.76991E+02,   4.72136E+02
  724,     20,  21,  16,  15,   5.38351E-01,   7.53982E+02,   4.05907E+02
  725,     20,  21,  15,  14,   1.75711E-01,   1.31947E+03,   2.31845E+02
  726,     20,  21,  14,  13,   3.80979E-01,   2.11115E+03,   8.04304E+02
  727,     20,  21,  13,  12,   1.47120E-01,   3.16673E+03,   4.65889E+02
  728,     20,  21,  12,  11,   9.73818E-02,   4.52389E+03,   4.40545E+02
  729,     20,  22,  12,  10,   3.10154E-01,   1.50796E+03,   4.67701E+02
  730,     20,  22,  10,  8,   1.59645E-01,   2.63894E+03,   4.21293E+02
  731,     20,  22,  8,  6,   1.04328E-01,   4.22230E+03,   4.40504E+02
  732,     20,  22,  6,  4,   5.94718E-02,   6.33345E+03,   3.76662E+02
  733,     20,  22,  4,  2,   4.46862E-02,   9.04779E+03,   4.04311E+02
  734,     19,  20,  18,  17,   1.07297E+01,   3.76991E+01,   4.04500E+02
  735,     19,  20,  17,  16,   2.60551E+00,   1.50796E+02,   3.92902E+02
  736,     19,  20,  16,  15,   9.77850E-01,   3.76991E+02,   3.68641E+02
  737,     19,  20,  15,  14,   5.65629E-01,   7.53982E+02,   4.26474E+02
  738,     19,  20,  14,  13,   2.41966E-01,   1.31947E+03,   3.19267E+02
  739,     19,  20,  13,  12,   3.24049E-01,   2.11115E+03,   6.84116E+02
  740,     19,  20,  12,  11,   1.42596E-01,   3.16673E+03,   4.51562E+02
  741,     19,  20,  11,  10,   1.08078E-01,   4.52389E+03,   4.88933E+02
  742,     19,  21,  11,  9,   3.00082E-01,   1.50796E+03,   4.52513E+02
  743,     19,  21,  9,  7,   1.71920E-01,   2.63894E+03,   4.53686E+02
  744,     19,  21,  7,  5,   9.15940E-02,   4.22230E+03,   3.86737E+02
  745,     19,  21,  5,  3,   6.33555E-02,   6.33345E+03,   4.01259E+02
  746,     19,  21,  3,  1,   4.34306E-02,   9.04779E+03,   3.92951E+02
  747,     18,  19,  17,  16,   7.77629E+00,   3.76991E+01,   2.93159E+02
  748,     18,  19,  16,  15,   1.92329E+00,   1.50796E+02,   2.90025E+02
  749,     18,  19,  15,  14,   9.67088E-01,   3.76991E+02,   3.64584E+02
  750,     18,  19,  14,  13,   5.37815E-01,   7.53982E+02,   4.05503E+02
  751,     18,  19,  13,  12,   2.54371E-01,   1.31947E+03,   3.35635E+02
  752,     18,  19,  12,  11,   2.74375E-01,   2.11115E+03,   5.79247E+02
  753,     18,  19,  11,  10,   1.47296E-01,   3.16673E+03,   4.66446E+02
  754,     18,  19,  10,  9,   9.00716E-02,   4.52389E+03,   4.07474E+02
  755,     18,  20,  10,  8,   2.80558E-01,   1.50796E+03,   4.23071E+02
  756,     18,  20,  8,  6,   1.71164E-01,   2.63894E+03,   4.51691E+02
  757,     18,  20,  6,  4,   9.03551E-02,   4.22230E+03,   3.81506E+02
  758,     18,  20,  4,  2,   6.50338E-02,   6.33345E+03,   4.11888E+02
  759,     18,  20,  2,  0,   4.61509E-02,   9.04779E+03,   4.17563E+02
  760,     17,  18,  16,  15,   8.37240E+00,   3.76991E+01,   3.15632E+02
  761,     17,  18,  15,  14,   2.79498E+00,   1.50796E+02,   4.21473E+02
  762,     17,  18,  14,  13,   1.36425E+00,   3.76991E+02,   5.14310E+02
  763,     17,  18,  13,  12,   7.50799E-01,   7.53982E+02,   5.66089E+02
  764,     17,  18,  12,  11,   2.91485E-01,   1.31947E+03,   3.84605E+02
  765,     17,  18,  11,  10,   4.50793E-01,   2.11115E+03,   9.51692E+02
  766,     17,  18,  10,  9,   1.78233E-01,   3.16673E+03,   5.64415E+02
  767,     17,  18,  9,  8,   1.34518E-01,   4.52389E+03,   6.08545E+02
  768,     17,  19,  9,  7,   3.70616E-01,   1.50796E+03,   5.58876E+02
  769,     17,  19,  7,  5,   1.83500E-01,   2.63894E+03,   4.84245E+02
  770,     17,  19,  5,  3,   1.16698E-01,   4.22230E+03,   4.92734E+02
  771,     17,  19,  3,  1,   7.58889E-02,   6.33345E+03,   4.80639E+02
  772,     16,  17,  15,  14,   7.66502E+00,   3.76991E+01,   2.88964E+02
  773,     16,  17,  14,  13,   2.48971E+00,   1.50796E+02,   3.75439E+02
  774,     16,  17,  13,  12,   1.20641E+00,   3.76991E+02,   4.54806E+02
  775,     16,  17,  12,  11,   6.49498E-01,   7.53982E+02,   4.89710E+02
  776,     16,  17,  11,  10,   3.01735E-01,   1.31947E+03,   3.98130E+02
  777,     16,  17,  10,  9,   3.60084E-01,   2.11115E+03,   7.60191E+02
  778,     16,  17,  9,  8,   1.74358E-01,   3.16673E+03,   5.52144E+02
  779,     16,  17,  8,  7,   1.37061E-01,   4.52389E+03,   6.20049E+02
  780,     16,  18,  8,  6,   4.00333E-01,   1.50796E+03,   6.03688E+02
  781,     16,  18,  6,  4,   1.95263E-01,   2.63894E+03,   5.15287E+02
  782,     16,  18,  4,  2,   1.29372E-01,   4.22230E+03,   5.46247E+02
  783,     16,  18,  2,  0,   8.68967E-02,   6.33345E+03,   5.50356E+02
  784,     15,  16,  14,  13,   5.70547E+00,   3.76991E+01,   2.15091E+02
  785,     15,  16,  13,  12,   1.90659E+00,   1.50796E+02,   2.87507E+02
  786,     15,  16,  12,  11,   9.01092E-01,   3.76991E+02,   3.39704E+02
  787,     15,  16,  11,  10,   5.43620E-01,   7.53982E+02,   4.09880E+02
  788,     15,  16,  10,  9,   2.11083E-01,   1.31947E+03,   2.78517E+02
  789,     15,  16,  9,  8,   2.80896E-01,   2.11115E+03,   5.93014E+02
  790,     15,  16,  8,  7,   1.56031E-01,   3.16673E+03,   4.94107E+02
  791,     15,  16,  7,  6,   9.48318E-02,   4.52389E+03,   4.29009E+02
  792,     15,  17,  7,  5,   3.02120E-01,   1.50796E+03,   4.55586E+02
  793,     15,  17,  5,  3,   1.80510E-01,   2.63894E+03,   4.76355E+02
  794,     15,  17,  3,  1,   1.08508E-01,   4.22230E+03,   4.58153E+02
  795,     14,  15,  13,  12,   5.52423E+00,   3.76991E+01,   2.08259E+02
  796,     14,  15,  12,  11,   1.79776E+00,   1.50796E+02,   2.71096E+02
  797,     14,  15,  11,  10,   9.50088E-01,   3.76991E+02,   3.58175E+02
  798,     14,  15,  10,  9,   4.61608E-01,   7.53982E+02,   3.48044E+02
  799,     14,  15,  9,  8,   2.34349E-01,   1.31947E+03,   3.09216E+02
  800,     14,  15,  8,  7,   3.02701E-01,   2.11115E+03,   6.39047E+02
  801,     14,  15,  7,  6,   1.34365E-01,   3.16673E+03,   4.25497E+02
  802,     14,  15,  6,  5,   8.82631E-02,   4.52389E+03,   3.99293E+02
  803,     14,  16,  6,  4,   2.71833E-01,   1.50796E+03,   4.09914E+02
  804,     14,  16,  4,  2,   1.69750E-01,   2.63894E+03,   4.47960E+02
  805,     14,  16,  2,  0,   1.05725E-01,   4.22230E+03,   4.46403E+02
  806,     13,  14,  12,  11,   5.70785E+00,   3.76991E+01,   2.15181E+02
  807,     13,  14,  11,  10,   1.97931E+00,   1.50796E+02,   2.98473E+02
  808,     13,  14,  10,  9,   8.23320E-01,   3.76991E+02,   3.10384E+02
  809,     13,  14,  9,  8,   5.05127E-01,   7.53982E+02,   3.80857E+02
  810,     13,  14,  8,  7,   2.71757E-01,   1.31947E+03,   3.58575E+02
  811,     13,  14,  7,  6,   2.84022E-01,   2.11115E+03,   5.99613E+02
  812,     13,  14,  6,  5,   1.27322E-01,   3.16673E+03,   4.03194E+02
  813,     13,  14,  5,  4,   9.79994E-02,   4.52389E+03,   4.43339E+02
  814,     13,  15,  5,  3,   3.00939E-01,   1.50796E+03,   4.53805E+02
  815,     13,  15,  3,  1,   1.70370E-01,   2.63894E+03,   4.49596E+02
  816,     12,  13,  11,  10,   6.07137E+00,   3.76991E+01,   2.28885E+02
  817,     12,  13,  10,  9,   1.60104E+00,   1.50796E+02,   2.41431E+02
  818,     12,  13,  9,  8,   8.54563E-01,   3.76991E+02,   3.22163E+02
  819,     12,  13,  8,  7,   5.53855E-01,   7.53982E+02,   4.17597E+02
  820,     12,  13,  7,  6,   2.32038E-01,   1.31947E+03,   3.06167E+02
  821,     12,  13,  6,  5,   2.47654E-01,   2.11115E+03,   5.22835E+02
  822,     12,  13,  5,  4,   1.35813E-01,   3.16673E+03,   4.30082E+02
  823,     12,  13,  4,  3,   1.05678E-01,   4.52389E+03,   4.78076E+02
  824,     12,  14,  4,  2,   3.11681E-01,   1.50796E+03,   4.70004E+02
  825,     12,  14,  2,  0,   1.82920E-01,   2.63894E+03,   4.82714E+02
  826,     11,  12,  10,  9,   4.54372E+00,   3.76991E+01,   1.71294E+02
  827,     11,  12,  9,  8,   1.48054E+00,   1.50796E+02,   2.23260E+02
  828,     11,  12,  8,  7,   8.25334E-01,   3.76991E+02,   3.11144E+02
  829,     11,  12,  7,  6,   4.06646E-01,   7.53982E+02,   3.06604E+02
  830,     11,  12,  6,  5,   1.89750E-01,   1.31947E+03,   2.50369E+02
  831,     11,  12,  5,  4,   2.15815E-01,   2.11115E+03,   4.55618E+02
  832,     11,  12,  4,  3,   1.28207E-01,   3.16673E+03,   4.05996E+02
  833,     11,  12,  3,  2,   8.74299E-02,   4.52389E+03,   3.95524E+02
  834,     11,  13,  3,  1,   2.81295E-01,   1.50796E+03,   4.24183E+02
  835,     10,  11,  9,  8,   5.34105E+00,   3.76991E+01,   2.01353E+02
  836,     10,  11,  8,  7,   1.86299E+00,   1.50796E+02,   2.80932E+02
  837,     10,  11,  7,  6,   7.69549E-01,   3.76991E+02,   2.90113E+02
  838,     10,  11,  6,  5,   4.03310E-01,   7.53982E+02,   3.04089E+02
  839,     10,  11,  5,  4,   2.22646E-01,   1.31947E+03,   2.93774E+02
  840,     10,  11,  4,  3,   2.56071E-01,   2.11115E+03,   5.40604E+02
  841,     10,  11,  3,  2,   1.32216E-01,   3.16673E+03,   4.18692E+02
  842,     10,  11,  2,  1,   9.60375E-02,   4.52389E+03,   4.34463E+02
  843,     10,  12,  2,  0,   2.95837E-01,   1.50796E+03,   4.46112E+02
  844,     9,  10,  8,  7,   5.24726E+00,   3.76991E+01,   1.97817E+02
  845,     9,  10,  7,  6,   1.33018E+00,   1.50796E+02,   2.00586E+02
  846,     9,  10,  6,  5,   5.80960E-01,   3.76991E+02,   2.19017E+02
  847,     9,  10,  5,  4,   3.63987E-01,   7.53982E+02,   2.74440E+02
  848,     9,  10,  4,  3,   2.21368E-01,   1.31947E+03,   2.92088E+02
  849,     9,  10,  3,  2,   1.86606E-01,   2.11115E+03,   3.93953E+02
  850,     9,  10,  2,  1,   1.11113E-01,   3.16673E+03,   3.51864E+02
  851,     9,  10,  1,  0,   9.01945E-02,   4.52389E+03,   4.08030E+02
  852,     8,  9,  7,  6,   4.30290E+00,   3.76991E+01,   1.62216E+02
  853,     8,  9,  6,  5,   1.10858E+00,   1.50796E+02,   1.67170E+02
  854,     8,  9,  5,  4,   6.05632E-01,   3.76991E+02,   2.28318E+02
  855,     8,  9,  4,  3,   3.79821E-01,   7.53982E+02,   2.86378E+02
  856,     8,  9,  3,  2,   1.98370E-01,   1.31947E+03,   2.61743E+02
  857,     8,  9,  2,  1,   1.83362E-01,   2.11115E+03,   3.87105E+02
  858,     8,  9,  1,  0,   1.21171E-01,   3.16673E+03,   3.83715E+02
  859,     7,  8,  6,  5,   4.15210E+00,   3.76991E+01,   1.56530E+02
  860,     7,  8,  5,  4,   1.39602E+00,   1.50796E+02,   2.10515E+02
  861,     7,  8,  4,  3,   7.37753E-01,   3.76991E+02,   2.78126E+02
  862,     7,  8,  3,  2,   4.00083E-01,   7.53982E+02,   3.01655E+02
  863,     7,  8,  2,  1,   2.10898E-01,   1.31947E+03,   2.78273E+02
  864,     7,  8,  1,  0,   2.38774E-01,   2.11115E+03,   5.04088E+02
  865,     6,  7,  5,  4,   4.45874E+00,   3.76991E+01,   1.68091E+02
  866,     6,  7,  4,  3,   1.41375E+00,   1.50796E+02,   2.13188E+02
  867,     6,  7,  3,  2,   6.50217E-01,   3.76991E+02,   2.45126E+02
  868,     6,  7,  2,  1,   3.79948E-01,   7.53982E+02,   2.86474E+02
  869,     6,  7,  1,  0,   2.15155E-01,   1.31947E+03,   2.83890E+02
  870,     5,  6,  4,  3,   4.53980E+00,   3.76991E+01,   1.71146E+02
  871,     5,  6,  3,  2,   1.23305E+00,   1.50796E+02,   1.85940E+02
  872,     5,  6,  2,  1,   6.01100E-01,   3.76991E+02,   2.26609E+02
  873,     5,  6,  1,  0,   3.91204E-01,   7.53982E+02,   2.94961E+02
  874,     4,  5,  3,  2,   4.14627E+00,   3.76991E+01,   1.56311E+02
  875,     4,  5,  2,  1,   1.23464E+00,   1.50796E+02,   1.86179E+02
  876,     4,  5,  1,  0,   6.81599E-01,   3.76991E+02,   2.56957E+02
  877,     3,  4,  2,  1,   4.35325E+00,   3.76991E+01,   1.64114E+02
  878,     3,  4,  1,  0,   1.51930E+00,   1.50796E+02,   2.29105E+02
  879,     2,  3,  1,  0,   4.05453E+00,   3.76991E+01,   1.52852E+02


;------ MESH SIZE ------

Number of nodes           = 1520
Number of nodes in X      = 80
Number of nodes in Y      = 19
Number of elements        = 1422
Number of elements in X   = 79
Number of elements in Y   = 18
Number of parameters      = 240
Number of parameters in X = 20
Number of parameters in Y = 12
Number of left elements   = 8
Number of right elements  = 8
Number of top elements    = 0
Number of bottom elements = 8

;------ NODE LOCATION IN X (m) ------

Node         X
  1,     -510.000
  2,     -254.000
  3,     -126.000
  4,      -62.000
  5,      -30.000
  6,      -14.000
  7,       -6.000
  8,       -2.000
  9,        0.000
  10,        2.000
  11,        4.000
  12,        6.000
  13,        8.000
  14,       10.000
  15,       12.000
  16,       14.000
  17,       16.000
  18,       18.000
  19,       20.000
  20,       22.000
  21,       24.000
  22,       26.000
  23,       28.000
  24,       30.000
  25,       32.000
  26,       34.000
  27,       36.000
  28,       38.000
  29,       40.000
  30,       42.000
  31,       44.000
  32,       46.000
  33,       48.000
  34,       50.000
  35,       52.000
  36,       54.000
  37,       56.000
  38,       58.000
  39,       60.000
  40,       62.000
  41,       64.000
  42,       66.000
  43,       68.000
  44,       70.000
  45,       72.000
  46,       74.000
  47,       76.000
  48,       78.000
  49,       80.000
  50,       82.000
  51,       84.000
  52,       86.000
  53,       88.000
  54,       90.000
  55,       92.000
  56,       94.000
  57,       96.000
  58,       98.000
  59,      100.000
  60,      102.000
  61,      104.000
  62,      106.000
  63,      108.000
  64,      110.000
  65,      112.000
  66,      114.000
  67,      116.000
  68,      118.000
  69,      120.000
  70,      122.000
  71,      124.000
  72,      126.000
  73,      128.000
  74,      132.000
  75,      140.000
  76,      156.000
  77,      188.000
  78,      252.000
  79,      380.000
  80,      636.000

;------ NODE LOCATION IN Y (m) ------

Node          Y
  1,        0.000
  2,       -1.855
  3,       -3.896
  4,       -6.141
  5,       -8.610
  6,      -11.327
  7,      -14.314
  8,      -17.601
  9,      -21.216
  10,      -25.193
  11,      -29.568
  12,      -34.380
  13,      -44.004
  14,      -63.252
  15,     -101.749
  16,     -178.742
  17,     -332.728
  18,     -640.699
  19,    -1256.642


;------ TIMING ------

Processing started at 14:03:14
Processing ended at 14:03:17
Processing took 0 hours  0 minutes  3 seconds  244 ms

;------ CONVERGENCE ------
4
Iteration  Res-RMS(%)    L2-Norm
    0,     58.39,     3.32910E+05
    1,     34.89,     1.18883E+05
    2,     30.25,     8.93489E+04
    3,     30.15,     8.87841E+04

;------ OUTPUT OF DATA AND MODEL OF ALL ITERATIONS ------

;------ Iteration  0
;-Index  V/I_Meas      V/I_Calc    VI_%ERR
  1,    2.07243E+01,   1.07505E+01,  -48.13
  2,    2.56875E+00,   1.07505E+00,  -58.15
  3,    1.24840E+00,   5.37525E-01,  -56.94
  4,    9.38865E-02,   3.07157E-01,  227.16
  5,    1.51760E-01,   1.27982E-01,  -15.67
  6,    9.01102E-02,   8.95875E-02,  -0.58
  7,    2.51083E+01,   1.07505E+01,  -57.18
  8,    6.05705E+00,   2.68763E+00,  -55.63
  9,    2.62075E+00,   1.07505E+00,  -58.98
  10,    1.10857E+00,   5.37525E-01,  -51.51
  11,    1.39745E-01,   1.27982E-01,  -8.42
  12,    8.66431E-02,   8.95875E-02,  3.40
  13,    3.66935E-02,   3.07157E-01,  737.09
  14,    2.42305E-01,   2.68763E-01,  10.92
  15,    1.08723E-01,   1.53579E-01,  41.26
  16,    6.45944E-02,   9.59867E-02,  48.60
  17,    3.79840E-02,   6.39911E-02,  68.47
  18,    2.77012E-02,   4.47938E-02,  61.70
  19,    2.10235E+01,   1.07505E+01,  -48.86
  20,    5.51175E+00,   2.68763E+00,  -51.24
  21,    2.10442E+00,   1.07505E+00,  -48.91
  22,    8.42778E-01,   5.37525E-01,  -36.22
  23,    1.23720E-01,   1.27982E-01,  3.45
  24,    8.03241E-02,   8.95875E-02,  11.53
  25,    2.18757E-01,   2.68763E-01,  22.86
  26,    1.03491E-01,   1.53579E-01,  48.40
  27,    5.92737E-02,   9.59867E-02,  61.94
  28,    3.80062E-02,   6.39911E-02,  68.37
  29,    2.69831E-02,   4.47938E-02,  66.01
  30,    4.16334E-02,   6.39911E-02,  53.70
  31,    3.13011E-02,   4.26607E-02,  36.29
  32,    2.56430E-02,   2.98625E-02,  16.45
  33,    2.12077E+01,   1.07505E+01,  -49.31
  34,    5.34089E+00,   2.68763E+00,  -49.68
  35,    1.90316E+00,   1.07505E+00,  -43.51
  36,    7.61439E-01,   5.37525E-01,  -29.41
  37,    1.40548E-01,   1.27982E-01,  -8.94
  38,    7.82689E-02,   8.95875E-02,  14.46
  39,    2.08930E-01,   2.68763E-01,  28.64
  40,    1.10353E-01,   1.53579E-01,  39.17
  41,    5.87669E-02,   9.59867E-02,  63.33
  42,    4.03443E-02,   6.39911E-02,  58.61
  43,    2.84742E-02,   4.47938E-02,  57.31
  44,    4.56410E-02,   6.39911E-02,  40.21
  45,    3.47810E-02,   4.26607E-02,  22.66
  46,    2.67499E-02,   2.98625E-02,  11.64
  47,    4.41874E-02,   4.79933E-02,  8.61
  48,    2.76329E-02,   3.19956E-02,  15.79
  49,    2.43151E-02,   2.23969E-02,  -7.89
  50,    2.33259E+01,   1.07505E+01,  -53.91
  51,    4.91551E+00,   2.68763E+00,  -45.32
  52,    1.71542E+00,   1.07505E+00,  -37.33
  53,    7.63683E-01,   5.37525E-01,  -29.61
  54,    1.34355E-01,   1.27982E-01,  -4.74
  55,    8.57191E-02,   8.95875E-02,  4.51
  56,    2.89493E-02,   3.07157E-01,  961.02
  57,    2.31722E-01,   2.68763E-01,  15.98
  58,    1.18091E-01,   1.53579E-01,  30.05
  59,    6.76859E-02,   9.59867E-02,  41.81
  60,    4.56516E-02,   6.39911E-02,  40.17
  61,    3.30751E-02,   4.47938E-02,  35.43
  62,    5.05039E-02,   6.39911E-02,  26.71
  63,    3.83803E-02,   4.26607E-02,  11.15
  64,    2.78508E-02,   2.98625E-02,  7.22
  65,    4.45802E-02,   4.79933E-02,  7.66
  66,    2.72002E-02,   3.19956E-02,  17.63
  67,    2.78031E-02,   2.23969E-02,  -19.44
  68,    3.00666E-02,   2.55964E-02,  -14.87
  69,    2.17111E-02,   1.79175E-02,  -17.47
  70,    2.51867E+01,   1.07505E+01,  -57.32
  71,    4.91285E+00,   2.68763E+00,  -45.29
  72,    1.79343E+00,   1.07505E+00,  -40.06
  73,    8.39700E-01,   5.37525E-01,  -35.99
  74,    1.49670E-01,   3.07157E-01,  105.22
  75,    1.47258E-01,   1.27982E-01,  -13.09
  76,    9.33280E-02,   8.95875E-02,  -4.01
  77,    2.58679E-01,   2.68763E-01,  3.90
  78,    1.22031E-01,   1.53579E-01,  25.85
  79,    7.54422E-02,   9.59867E-02,  27.23
  80,    5.03819E-02,   6.39911E-02,  27.01
  81,    3.87900E-02,   4.47938E-02,  15.48
  82,    5.76154E-02,   6.39911E-02,  11.07
  83,    4.36995E-02,   4.26607E-02,  -2.38
  84,    3.19190E-02,   2.98625E-02,  -6.44
  85,    4.86561E-02,   4.79933E-02,  -1.36
  86,    3.01298E-02,   3.19956E-02,  6.19
  87,    2.91209E-02,   2.23969E-02,  -23.09
  88,    3.00144E-02,   2.55964E-02,  -14.72
  89,    2.13417E-02,   1.79175E-02,  -16.04
  90,    2.58147E-02,   2.13304E-02,  -17.37
  91,    1.98618E-02,   1.49313E-02,  -24.82
  92,    5.35987E+00,   2.68763E+00,  -49.86
  93,    2.08741E+00,   1.07505E+00,  -48.50
  94,    1.02678E+00,   5.37525E-01,  -47.65
  95,    1.87425E-01,   3.07157E-01,  63.88
  96,    1.72181E-01,   1.27982E-01,  -25.67
  97,    1.17447E-01,   8.95875E-02,  -23.72
  98,    2.90909E-01,   2.68763E-01,  -7.61
  99,    1.47621E-01,   1.53579E-01,  4.04
  100,    8.99679E-02,   9.59867E-02,  6.69
  101,    6.19399E-02,   6.39911E-02,  3.31
  102,    4.74925E-02,   4.47938E-02,  -5.68
  103,    6.89750E-02,   6.39911E-02,  -7.23
  104,    4.92579E-02,   4.26607E-02,  -13.39
  105,    3.40743E-02,   2.98625E-02,  -12.36
  106,    5.22244E-02,   4.79933E-02,  -8.10
  107,    3.38687E-02,   3.19956E-02,  -5.53
  108,    3.23105E-02,   2.23969E-02,  -30.68
  109,    3.19228E-02,   2.55964E-02,  -19.82
  110,    2.16338E-02,   1.79175E-02,  -17.18
  111,    2.66745E-02,   2.13304E-02,  -20.03
  112,    2.14036E-02,   1.49313E-02,  -30.24
  113,    5.72150E+00,   2.68763E+00,  -53.03
  114,    2.31320E+00,   1.07505E+00,  -53.53
  115,    9.68294E-01,   5.37525E-01,  -44.49
  116,    1.86464E-01,   3.07157E-01,  64.73
  117,    1.88712E-01,   1.27982E-01,  -32.18
  118,    1.03236E-01,   8.95875E-02,  -13.22
  119,    2.96212E-01,   2.68763E-01,  -9.27
  120,    1.63627E-01,   1.53579E-01,  -6.14
  121,    1.00222E-01,   9.59867E-02,  -4.23
  122,    7.38560E-02,   6.39911E-02,  -13.36
  123,    5.39285E-02,   4.47938E-02,  -16.94
  124,    8.00984E-02,   6.39911E-02,  -20.11
  125,    5.42293E-02,   4.26607E-02,  -21.33
  126,    3.46281E-02,   2.98625E-02,  -13.76
  127,    5.20586E-02,   4.79933E-02,  -7.81
  128,    4.13181E-02,   3.19956E-02,  -22.56
  129,    3.06594E-02,   2.23969E-02,  -26.95
  130,    3.37121E-02,   2.55964E-02,  -24.07
  131,    2.32575E-02,   1.79175E-02,  -22.96
  132,    2.79093E-02,   2.13304E-02,  -23.57
  133,    2.16048E-02,   1.49313E-02,  -30.89
  134,    6.07769E+00,   2.68763E+00,  -55.78
  135,    2.01531E+00,   1.07505E+00,  -46.66
  136,    9.22482E-01,   5.37525E-01,  -41.73
  137,    2.93652E-01,   3.07157E-01,  4.60
  138,    4.42888E-01,   1.91973E-01,  -56.65
  139,    1.43564E-01,   1.27982E-01,  -10.85
  140,    9.80310E-02,   8.95875E-02,  -8.61
  141,    2.89595E-01,   2.68763E-01,  -7.19
  142,    1.62090E-01,   1.53579E-01,  -5.25
  143,    1.02372E-01,   9.59867E-02,  -6.24
  144,    7.43722E-02,   6.39911E-02,  -13.96
  145,    5.26667E-02,   4.47938E-02,  -14.95
  146,    8.48895E-02,   6.39911E-02,  -24.62
  147,    5.70213E-02,   4.26607E-02,  -25.18
  148,    3.24661E-02,   2.98625E-02,  -8.02
  149,    5.09961E-02,   4.79933E-02,  -5.89
  150,    4.73332E-02,   3.19956E-02,  -32.40
  151,    2.71496E-02,   2.23969E-02,  -17.51
  152,    3.33201E-02,   2.55964E-02,  -23.18
  153,    2.30520E-02,   1.79175E-02,  -22.27
  154,    2.80427E-02,   2.13304E-02,  -23.94
  155,    2.28094E-02,   1.49313E-02,  -34.54
  156,    5.95258E+00,   2.68763E+00,  -54.85
  157,    2.26191E+00,   1.07505E+00,  -52.47
  158,    9.77684E-01,   5.37525E-01,  -45.02
  159,    3.24570E-01,   3.07157E-01,  -5.36
  160,    4.23618E-01,   1.91973E-01,  -54.68
  161,    1.53060E-01,   1.27982E-01,  -16.38
  162,    9.56131E-02,   8.95875E-02,  -6.30
  163,    2.82887E-01,   2.68763E-01,  -4.99
  164,    1.58797E-01,   1.53579E-01,  -3.29
  165,    1.07999E-01,   9.59867E-02,  -11.12
  166,    7.42793E-02,   6.39911E-02,  -13.85
  167,    5.51055E-02,   4.47938E-02,  -18.71
  168,    8.47283E-02,   6.39911E-02,  -24.47
  169,    5.42794E-02,   4.26607E-02,  -21.41
  170,    3.04051E-02,   2.98625E-02,  -1.78
  171,    5.27314E-02,   4.79933E-02,  -8.99
  172,    4.60293E-02,   3.19956E-02,  -30.49
  173,    2.79294E-02,   2.23969E-02,  -19.81
  174,    3.38499E-02,   2.55964E-02,  -24.38
  175,    2.26353E-02,   1.79175E-02,  -20.84
  176,    2.78493E-02,   2.13304E-02,  -23.41
  177,    6.10244E+00,   2.68763E+00,  -55.96
  178,    2.13197E+00,   1.07505E+00,  -49.57
  179,    9.54436E-01,   5.37525E-01,  -43.68
  180,    2.45200E-01,   3.07157E-01,  25.27
  181,    3.76698E-01,   1.91973E-01,  -49.04
  182,    1.33233E-01,   1.27982E-01,  -3.94
  183,    9.42898E-02,   8.95875E-02,  -4.99
  184,    2.82526E-01,   2.68763E-01,  -4.87
  185,    1.63757E-01,   1.53579E-01,  -6.22
  186,    1.10012E-01,   9.59867E-02,  -12.75
  187,    7.46303E-02,   6.39911E-02,  -14.26
  188,    5.90355E-02,   4.47938E-02,  -24.12
  189,    8.03295E-02,   6.39911E-02,  -20.34
  190,    4.74987E-02,   4.26607E-02,  -10.19
  191,    3.07734E-02,   2.98625E-02,  -2.96
  192,    5.14108E-02,   4.79933E-02,  -6.65
  193,    4.45487E-02,   3.19956E-02,  -28.18
  194,    2.74163E-02,   2.23969E-02,  -18.31
  195,    3.06639E-02,   2.55964E-02,  -16.53
  196,    2.23371E-02,   1.79175E-02,  -19.79
  197,    2.72825E-02,   2.13304E-02,  -21.82
  198,    6.03535E+00,   2.68763E+00,  -55.47
  199,    2.22474E+00,   1.07505E+00,  -51.68
  200,    7.89918E-01,   5.37525E-01,  -31.95
  201,    2.48124E-01,   3.07157E-01,  23.79
  202,    3.35292E-01,   1.91973E-01,  -42.74
  203,    1.32921E-01,   1.27982E-01,  -3.72
  204,    8.68220E-02,   8.95875E-02,  3.19
  205,    2.64123E-01,   2.68763E-01,  1.76
  206,    1.65569E-01,   1.53579E-01,  -7.24
  207,    1.07036E-01,   9.59867E-02,  -10.32
  208,    7.59017E-02,   6.39911E-02,  -15.69
  209,    5.40453E-02,   4.47938E-02,  -17.12
  210,    8.10408E-02,   6.39911E-02,  -21.04
  211,    4.27062E-02,   4.26607E-02,  -0.11
  212,    3.14016E-02,   2.98625E-02,  -4.90
  213,    5.61689E-02,   4.79933E-02,  -14.56
  214,    3.83145E-02,   3.19956E-02,  -16.49
  215,    2.56840E-02,   2.23969E-02,  -12.80
  216,    2.82814E-02,   2.55964E-02,  -9.49
  217,    2.13449E-02,   1.79175E-02,  -16.06
  218,    2.72835E-02,   2.13304E-02,  -21.82
  219,    2.60792E+01,   1.07505E+01,  -58.78
  220,    5.43997E+00,   2.68763E+00,  -50.59
  221,    1.55118E+00,   1.07505E+00,  -30.69
  222,    6.28012E-01,   5.37525E-01,  -14.41
  223,    2.03822E-01,   3.07157E-01,  50.70
  224,    2.36711E-01,   1.91973E-01,  -18.90
  225,    1.01014E-01,   1.27982E-01,  26.70
  226,    7.10739E-02,   8.95875E-02,  26.05
  227,    2.37972E-01,   2.68763E-01,  12.94
  228,    1.50735E-01,   1.53579E-01,  1.89
  229,    9.68624E-02,   9.59867E-02,  -0.90
  230,    7.46612E-02,   6.39911E-02,  -14.29
  231,    4.77969E-02,   4.47938E-02,  -6.28
  232,    7.03605E-02,   6.39911E-02,  -9.05
  233,    3.70233E-02,   4.26607E-02,  15.23
  234,    3.44764E-02,   2.98625E-02,  -13.38
  235,    5.95121E-02,   4.79933E-02,  -19.36
  236,    3.17637E-02,   3.19956E-02,  0.73
  237,    2.44197E-02,   2.23969E-02,  -8.28
  238,    2.69293E-02,   2.55964E-02,  -4.95
  239,    1.95159E-02,   1.79175E-02,  -8.19
  240,    2.63180E-02,   2.13304E-02,  -18.95
  241,    6.07736E+00,   2.68763E+00,  -55.78
  242,    1.93509E+00,   1.07505E+00,  -44.44
  243,    6.86918E-01,   5.37525E-01,  -21.75
  244,    2.31855E-01,   3.07157E-01,  32.48
  245,    2.85318E-01,   1.91973E-01,  -32.72
  246,    1.19573E-01,   1.27982E-01,  7.03
  247,    8.72093E-02,   8.95875E-02,  2.73
  248,    2.50916E-01,   2.68763E-01,  7.11
  249,    1.50949E-01,   1.53579E-01,  1.74
  250,    9.97042E-02,   9.59867E-02,  -3.73
  251,    6.79016E-02,   6.39911E-02,  -5.76
  252,    4.91152E-02,   4.47938E-02,  -8.80
  253,    6.06553E-02,   6.39911E-02,  5.50
  254,    3.72737E-02,   4.26607E-02,  14.45
  255,    3.47560E-02,   2.98625E-02,  -14.08
  256,    5.53386E-02,   4.79933E-02,  -13.27
  257,    3.16469E-02,   3.19956E-02,  1.10
  258,    2.13461E-02,   2.23969E-02,  4.92
  259,    2.57171E-02,   2.55964E-02,  -0.47
  260,    1.88288E-02,   1.79175E-02,  -4.84
  261,    2.46788E-02,   2.13304E-02,  -13.57
  262,    1.83269E+00,   1.07505E+00,  -41.34
  263,    6.79957E-01,   5.37525E-01,  -20.95
  264,    1.85478E-01,   3.07157E-01,  65.60
  265,    3.07694E-01,   1.91973E-01,  -37.61
  266,    1.19004E-01,   1.27982E-01,  7.54
  267,    8.97034E-02,   8.95875E-02,  -0.13
  268,    2.70660E-01,   2.68763E-01,  -0.70
  269,    1.57234E-01,   1.53579E-01,  -2.32
  270,    1.12358E-01,   9.59867E-02,  -14.57
  271,    6.80839E-02,   6.39911E-02,  -6.01
  272,    4.72548E-02,   4.47938E-02,  -5.21
  273,    5.29234E-02,   6.39911E-02,  20.91
  274,    3.74505E-02,   4.26607E-02,  13.91
  275,    3.42883E-02,   2.98625E-02,  -12.91
  276,    5.42960E-02,   4.79933E-02,  -11.61
  277,    3.08836E-02,   3.19956E-02,  3.60
  278,    1.97530E-02,   2.23969E-02,  13.38
  279,    2.42351E-02,   2.55964E-02,  5.62
  280,    1.85181E-02,   1.79175E-02,  -3.24
  281,    2.43974E-02,   2.13304E-02,  -12.57
  282,    2.09371E+00,   1.07505E+00,  -48.65
  283,    7.79404E-01,   5.37525E-01,  -31.03
  284,    1.91602E-01,   3.07157E-01,  60.31
  285,    3.78759E-01,   1.91973E-01,  -49.32
  286,    1.48487E-01,   1.27982E-01,  -13.81
  287,    9.99060E-02,   8.95875E-02,  -10.33
  288,    2.88083E-01,   2.68763E-01,  -6.71
  289,    1.73485E-01,   1.53579E-01,  -11.47
  290,    1.09826E-01,   9.59867E-02,  -12.60
  291,    7.46354E-02,   6.39911E-02,  -14.26
  292,    4.36110E-02,   4.47938E-02,  2.71
  293,    5.13951E-02,   6.39911E-02,  24.51
  294,    4.50839E-02,   4.26607E-02,  -5.37
  295,    2.97197E-02,   2.98625E-02,  0.48
  296,    4.69384E-02,   4.79933E-02,  2.25
  297,    2.95880E-02,   3.19956E-02,  8.14
  298,    1.92295E-02,   2.23969E-02,  16.47
  299,    2.35129E-02,   2.55964E-02,  8.86
  300,    1.79449E-02,   1.79175E-02,  -0.15
  301,    1.95633E+00,   1.07505E+00,  -45.05
  302,    7.22030E-01,   5.37525E-01,  -25.55
  303,    2.45501E-01,   3.07157E-01,  25.11
  304,    3.14589E-01,   1.91973E-01,  -38.98
  305,    1.32839E-01,   1.27982E-01,  -3.66
  306,    9.12254E-02,   8.95875E-02,  -1.80
  307,    2.81530E-01,   2.68763E-01,  -4.53
  308,    1.84205E-01,   1.53579E-01,  -16.63
  309,    1.01430E-01,   9.59867E-02,  -5.37
  310,    6.69656E-02,   6.39911E-02,  -4.44
  311,    3.76459E-02,   4.47938E-02,  18.99
  312,    5.08173E-02,   6.39911E-02,  25.92
  313,    4.43708E-02,   4.26607E-02,  -3.85
  314,    2.39373E-02,   2.98625E-02,  24.75
  315,    3.91844E-02,   4.79933E-02,  22.48
  316,    2.76876E-02,   3.19956E-02,  15.56
  317,    1.84457E-02,   2.23969E-02,  21.42
  318,    2.23618E-02,   2.55964E-02,  14.47
  319,    1.70212E-02,   1.79175E-02,  5.27
  320,    2.45714E+00,   1.07505E+00,  -56.25
  321,    9.03480E-01,   5.37525E-01,  -40.51
  322,    1.82202E-01,   3.07157E-01,  68.58
  323,    1.66081E-01,   1.27982E-01,  -22.94
  324,    1.09426E-01,   8.95875E-02,  -18.13
  325,    3.16558E-01,   2.68763E-01,  -15.10
  326,    1.79875E-01,   1.53579E-01,  -14.62
  327,    1.09995E-01,   9.59867E-02,  -12.74
  328,    5.94460E-02,   6.39911E-02,  7.65
  329,    3.31911E-02,   4.47938E-02,  34.96
  330,    5.25062E-02,   6.39911E-02,  21.87
  331,    4.42747E-02,   4.26607E-02,  -3.65
  332,    2.24154E-02,   2.98625E-02,  33.22
  333,    3.92747E-02,   4.79933E-02,  22.20
  334,    2.48500E-02,   3.19956E-02,  28.75
  335,    1.74309E-02,   2.23969E-02,  28.49
  336,    2.08296E-02,   2.55964E-02,  22.88
  337,    1.74077E-02,   1.79175E-02,  2.93
  338,    2.15001E+00,   1.07505E+00,  -50.00
  339,    9.91793E-01,   5.37525E-01,  -45.80
  340,    1.39811E-01,   3.07157E-01,  119.69
  341,    1.61607E-01,   1.27982E-01,  -20.81
  342,    1.27958E-01,   8.95875E-02,  -29.99
  343,    3.73491E-01,   2.68763E-01,  -28.04
  344,    1.82501E-01,   1.53579E-01,  -15.85
  345,    1.07117E-01,   9.59867E-02,  -10.39
  346,    5.49832E-02,   6.39911E-02,  16.38
  347,    3.14264E-02,   4.47938E-02,  42.54
  348,    5.80390E-02,   6.39911E-02,  10.26
  349,    3.50537E-02,   4.26607E-02,  21.70
  350,    2.26806E-02,   2.98625E-02,  31.67
  351,    3.84461E-02,   4.79933E-02,  24.83
  352,    2.28213E-02,   3.19956E-02,  40.20
  353,    1.63110E-02,   2.23969E-02,  37.31
  354,    2.02806E-02,   2.55964E-02,  26.21
  355,    6.32291E+00,   2.68763E+00,  -57.49
  356,    2.42941E+00,   1.07505E+00,  -55.75
  357,    9.34296E-01,   5.37525E-01,  -42.47
  358,    2.53052E-01,   3.07157E-01,  21.38
  359,    4.70146E-01,   1.91973E-01,  -59.17
  360,    2.05146E-01,   1.27982E-01,  -37.61
  361,    1.38997E-01,   8.95875E-02,  -35.55
  362,    3.64430E-01,   2.68763E-01,  -26.25
  363,    1.98949E-01,   1.53579E-01,  -22.81
  364,    9.42916E-02,   9.59867E-02,  1.80
  365,    4.87184E-02,   6.39911E-02,  31.35
  366,    3.58201E-02,   4.47938E-02,  25.05
  367,    6.18732E-02,   6.39911E-02,  3.42
  368,    3.14527E-02,   4.26607E-02,  35.63
  369,    2.36043E-02,   2.98625E-02,  26.51
  370,    3.66439E-02,   4.79933E-02,  30.97
  371,    2.19586E-02,   3.19956E-02,  45.71
  372,    1.62634E-02,   2.23969E-02,  37.71
  373,    2.03385E-02,   2.55964E-02,  25.85
  374,    2.14589E+00,   1.07505E+00,  -49.90
  375,    8.45372E-01,   5.37525E-01,  -36.42
  376,    2.44612E-01,   3.07157E-01,  25.57
  377,    1.99963E-01,   1.27982E-01,  -36.00
  378,    1.13386E-01,   8.95875E-02,  -20.99
  379,    3.50445E-01,   2.68763E-01,  -23.31
  380,    1.83315E-01,   1.53579E-01,  -16.22
  381,    8.18915E-02,   9.59867E-02,  17.21
  382,    4.43376E-02,   6.39911E-02,  44.33
  383,    3.74022E-02,   4.47938E-02,  19.76
  384,    6.16918E-02,   6.39911E-02,  3.73
  385,    2.91736E-02,   4.26607E-02,  46.23
  386,    2.26963E-02,   2.98625E-02,  31.57
  387,    3.60432E-02,   4.79933E-02,  33.16
  388,    2.23686E-02,   3.19956E-02,  43.04
  389,    1.57647E-02,   2.23969E-02,  42.07
  390,    1.92219E-02,   2.55964E-02,  33.16
  391,    1.99952E+00,   1.07505E+00,  -46.23
  392,    8.46089E-01,   5.37525E-01,  -36.47
  393,    3.85740E-01,   3.07157E-01,  -20.37
  394,    1.78218E-01,   1.27982E-01,  -28.19
  395,    1.34689E-01,   8.95875E-02,  -33.49
  396,    3.74887E-01,   2.68763E-01,  -28.31
  397,    1.54621E-01,   1.53579E-01,  -0.67
  398,    7.03302E-02,   9.59867E-02,  36.48
  399,    4.76763E-02,   6.39911E-02,  34.22
  400,    3.89113E-02,   4.47938E-02,  15.12
  401,    5.12519E-02,   6.39911E-02,  24.86
  402,    3.10974E-02,   4.26607E-02,  37.18
  403,    1.97023E-02,   2.98625E-02,  51.57
  404,    3.20080E-02,   4.79933E-02,  49.94
  405,    2.10656E-02,   3.19956E-02,  51.89
  406,    1.54380E-02,   2.23969E-02,  45.08
  407,    1.94699E-02,   2.55964E-02,  31.47
  408,    6.11714E+00,   2.68763E+00,  -56.06
  409,    1.96900E+00,   1.07505E+00,  -45.40
  410,    1.11223E+00,   5.37525E-01,  -51.67
  411,    4.54019E-01,   3.07157E-01,  -32.35
  412,    4.47306E-01,   1.91973E-01,  -57.08
  413,    2.22446E-01,   1.27982E-01,  -42.47
  414,    1.42246E-01,   8.95875E-02,  -37.02
  415,    3.65735E-01,   2.68763E-01,  -26.51
  416,    1.39970E-01,   1.53579E-01,  9.72
  417,    6.62039E-02,   9.59867E-02,  44.99
  418,    5.30261E-02,   6.39911E-02,  20.68
  419,    4.62791E-02,   4.47938E-02,  -3.21
  420,    4.34874E-02,   6.39911E-02,  47.15
  421,    3.12419E-02,   4.26607E-02,  36.55
  422,    1.85895E-02,   2.98625E-02,  60.64
  423,    3.09585E-02,   4.79933E-02,  55.02
  424,    2.11322E-02,   3.19956E-02,  51.41
  425,    1.56539E-02,   2.23969E-02,  43.08
  426,    2.06630E-02,   2.55964E-02,  23.88
  427,    5.59096E+00,   2.68763E+00,  -51.93
  428,    2.54020E+00,   1.07505E+00,  -57.68
  429,    1.17197E+00,   5.37525E-01,  -54.13
  430,    3.70809E-01,   3.07157E-01,  -17.17
  431,    2.29461E-01,   1.27982E-01,  -44.22
  432,    1.23286E-01,   8.95875E-02,  -27.33
  433,    3.23268E-01,   2.68763E-01,  -16.86
  434,    1.25831E-01,   1.53579E-01,  22.05
  435,    7.66221E-02,   9.59867E-02,  25.27
  436,    5.95566E-02,   6.39911E-02,  7.45
  437,    3.93403E-02,   4.47938E-02,  13.86
  438,    4.23110E-02,   6.39911E-02,  51.24
  439,    3.11593E-02,   4.26607E-02,  36.91
  440,    1.91772E-02,   2.98625E-02,  55.72
  441,    3.08001E-02,   4.79933E-02,  55.82
  442,    2.13899E-02,   3.19956E-02,  49.58
  443,    1.53893E-02,   2.23969E-02,  45.54
  444,    1.10216E+00,   5.37525E-01,  -51.23
  445,    3.55291E-01,   3.07157E-01,  -13.55
  446,    2.01173E-01,   1.27982E-01,  -36.38
  447,    1.09193E-01,   8.95875E-02,  -17.95
  448,    2.85219E-01,   2.68763E-01,  -5.77
  449,    1.14398E-01,   1.53579E-01,  34.25
  450,    8.33429E-02,   9.59867E-02,  15.17
  451,    6.73928E-02,   6.39911E-02,  -5.05
  452,    3.10131E-02,   4.47938E-02,  44.44
  453,    4.63897E-02,   6.39911E-02,  37.94
  454,    2.79575E-02,   4.26607E-02,  52.59
  455,    1.93758E-02,   2.98625E-02,  54.12
  456,    3.14156E-02,   4.79933E-02,  52.77
  457,    2.10809E-02,   3.19956E-02,  51.78
  458,    1.58374E-02,   2.23969E-02,  41.42
  459,    2.59148E+00,   1.07505E+00,  -58.52
  460,    2.69711E-01,   3.07157E-01,  13.88
  461,    1.79430E-01,   1.27982E-01,  -28.67
  462,    9.71550E-02,   8.95875E-02,  -7.79
  463,    2.52782E-01,   2.68763E-01,  6.32
  464,    1.31542E-01,   1.53579E-01,  16.75
  465,    9.25395E-02,   9.59867E-02,  3.73
  466,    5.65087E-02,   6.39911E-02,  13.24
  467,    3.04459E-02,   4.47938E-02,  47.13
  468,    4.72243E-02,   6.39911E-02,  35.50
  469,    2.64648E-02,   4.26607E-02,  61.20
  470,    1.95223E-02,   2.98625E-02,  52.97
  471,    3.12206E-02,   4.79933E-02,  53.72
  472,    2.13894E-02,   3.19956E-02,  49.59
  473,    1.68177E-02,   2.23969E-02,  33.17
  474,    6.58037E+00,   2.68763E+00,  -59.16
  475,    1.32024E+00,   5.37525E-01,  -59.29
  476,    2.97713E-01,   3.07157E-01,  3.17
  477,    1.39096E-01,   1.27982E-01,  -7.99
  478,    7.57013E-02,   8.95875E-02,  18.34
  479,    2.18441E-01,   2.68763E-01,  23.04
  480,    1.42850E-01,   1.53579E-01,  7.51
  481,    1.04678E-01,   9.59867E-02,  -8.30
  482,    4.50503E-02,   6.39911E-02,  42.04
  483,    3.05649E-02,   4.47938E-02,  46.55
  484,    4.68946E-02,   6.39911E-02,  36.46
  485,    2.70807E-02,   4.26607E-02,  57.53
  486,    1.89779E-02,   2.98625E-02,  57.35
  487,    3.05025E-02,   4.79933E-02,  57.34
  488,    2.15553E-02,   3.19956E-02,  48.43
  489,    1.75997E-02,   2.23969E-02,  27.26
  490,    1.13693E+00,   5.37525E-01,  -52.72
  491,    2.05482E-01,   3.07157E-01,  49.48
  492,    1.19034E-01,   1.27982E-01,  7.52
  493,    7.44040E-02,   8.95875E-02,  20.41
  494,    2.40615E-01,   2.68763E-01,  11.70
  495,    1.56809E-01,   1.53579E-01,  -2.06
  496,    8.71872E-02,   9.59867E-02,  10.09
  497,    4.46907E-02,   6.39911E-02,  43.19
  498,    3.42368E-02,   4.47938E-02,  30.84
  499,    4.33740E-02,   6.39911E-02,  47.53
  500,    2.79442E-02,   4.26607E-02,  52.66
  501,    1.95538E-02,   2.98625E-02,  52.72
  502,    3.21501E-02,   4.79933E-02,  49.28
  503,    2.18782E-02,   3.19956E-02,  46.24
  504,    1.00591E+00,   5.37525E-01,  -46.56
  505,    1.33652E-01,   3.07157E-01,  129.82
  506,    1.16760E-01,   1.27982E-01,  9.61
  507,    1.05913E-01,   8.95875E-02,  -15.41
  508,    2.82124E-01,   2.68763E-01,  -4.74
  509,    1.88030E-01,   1.53579E-01,  -18.32
  510,    7.33085E-02,   9.59867E-02,  30.94
  511,    4.74624E-02,   6.39911E-02,  34.82
  512,    3.83079E-02,   4.47938E-02,  16.93
  513,    4.16925E-02,   6.39911E-02,  53.48
  514,    2.93357E-02,   4.26607E-02,  45.42
  515,    2.03250E-02,   2.98625E-02,  46.93
  516,    3.25848E-02,   4.79933E-02,  47.29
  517,    2.32618E-02,   3.19956E-02,  37.55
  518,    5.57527E+00,   2.68763E+00,  -51.79
  519,    1.77954E+00,   1.07505E+00,  -39.59
  520,    6.51715E-01,   5.37525E-01,  -17.52
  521,    1.22119E-01,   3.07157E-01,  151.52
  522,    2.99050E-01,   1.91973E-01,  -35.81
  523,    1.29912E-01,   1.27982E-01,  -1.49
  524,    7.71218E-02,   8.95875E-02,  16.16
  525,    2.81795E-01,   2.68763E-01,  -4.62
  526,    1.40823E-01,   1.53579E-01,  9.06
  527,    6.60604E-02,   9.59867E-02,  45.30
  528,    4.80322E-02,   6.39911E-02,  33.23
  529,    3.00191E-02,   4.47938E-02,  49.22
  530,    4.15528E-02,   6.39911E-02,  54.00
  531,    2.76315E-02,   4.26607E-02,  54.39
  532,    2.04332E-02,   2.98625E-02,  46.15
  533,    3.21279E-02,   4.79933E-02,  49.38
  534,    2.37388E-02,   3.19956E-02,  34.78
  535,    5.21130E+00,   2.68763E+00,  -48.43
  536,    1.56605E+00,   1.07505E+00,  -31.35
  537,    5.72462E-01,   5.37525E-01,  -6.10
  538,    1.76971E-01,   3.07157E-01,  73.56
  539,    3.34841E-01,   1.91973E-01,  -42.67
  540,    1.32818E-01,   1.27982E-01,  -3.64
  541,    1.26665E-01,   8.95875E-02,  -29.27
  542,    3.23660E-01,   2.68763E-01,  -16.96
  543,    1.12088E-01,   1.53579E-01,  37.02
  544,    6.67424E-02,   9.59867E-02,  43.82
  545,    5.08003E-02,   6.39911E-02,  25.97
  546,    2.72923E-02,   4.47938E-02,  64.13
  547,    4.16490E-02,   6.39911E-02,  53.64
  548,    2.77499E-02,   4.26607E-02,  53.73
  549,    2.03417E-02,   2.98625E-02,  46.80
  550,    3.29427E-02,   4.79933E-02,  45.69
  551,    2.57314E-02,   3.19956E-02,  24.34
  552,    2.38875E+01,   1.07505E+01,  -55.00
  553,    4.41358E+00,   2.68763E+00,  -39.11
  554,    1.29953E+00,   1.07505E+00,  -17.27
  555,    5.60187E-01,   5.37525E-01,  -4.05
  556,    3.87876E-01,   3.07157E-01,  -20.81
  557,    2.58467E-01,   1.91973E-01,  -25.73
  558,    2.11006E-01,   1.27982E-01,  -39.35
  559,    1.19297E-01,   8.95875E-02,  -24.90
  560,    2.93383E-01,   2.68763E-01,  -8.39
  561,    1.22231E-01,   1.53579E-01,  25.65
  562,    8.06615E-02,   9.59867E-02,  19.00
  563,    4.70720E-02,   6.39911E-02,  35.94
  564,    3.13164E-02,   4.47938E-02,  43.04
  565,    4.31678E-02,   6.39911E-02,  48.24
  566,    2.89400E-02,   4.26607E-02,  47.41
  567,    1.97790E-02,   2.98625E-02,  50.98
  568,    3.36847E-02,   4.79933E-02,  42.48
  569,    1.67942E+01,   1.07505E+01,  -35.99
  570,    3.07161E+00,   2.68763E+00,  -12.50
  571,    1.08454E+00,   1.07505E+00,  -0.87
  572,    7.31747E-01,   5.37525E-01,  -26.54
  573,    3.66913E-01,   3.07157E-01,  -16.29
  574,    3.27837E-01,   1.91973E-01,  -41.44
  575,    1.69613E-01,   1.27982E-01,  -24.54
  576,    8.09325E-02,   8.95875E-02,  10.69
  577,    2.31591E-01,   2.68763E-01,  16.05
  578,    1.24665E-01,   1.53579E-01,  23.19
  579,    8.57160E-02,   9.59867E-02,  11.98
  580,    4.33129E-02,   6.39911E-02,  47.74
  581,    3.19547E-02,   4.47938E-02,  40.18
  582,    4.37952E-02,   6.39911E-02,  46.11
  583,    3.06382E-02,   4.26607E-02,  39.24
  584,    2.15092E-02,   2.98625E-02,  38.84
  585,    3.42349E-02,   4.79933E-02,  40.19
  586,    9.89550E+00,   1.07505E+01,  8.64
  587,    2.38184E+00,   2.68763E+00,  12.84
  588,    1.39654E+00,   1.07505E+00,  -23.02
  589,    6.61919E-01,   5.37525E-01,  -18.79
  590,    5.03590E-01,   3.07157E-01,  -39.01
  591,    2.93625E-01,   1.91973E-01,  -34.62
  592,    1.16914E-01,   1.27982E-01,  9.47
  593,    7.23241E-02,   8.95875E-02,  23.87
  594,    2.19162E-01,   2.68763E-01,  22.63
  595,    1.30039E-01,   1.53579E-01,  18.10
  596,    6.85258E-02,   9.59867E-02,  40.07
  597,    4.31907E-02,   6.39911E-02,  48.16
  598,    2.99446E-02,   4.47938E-02,  49.59
  599,    4.31238E-02,   6.39911E-02,  48.39
  600,    2.98551E-02,   4.26607E-02,  42.89
  601,    2.25431E-02,   2.98625E-02,  32.47
  602,    3.65465E-02,   4.79933E-02,  31.32
  603,    7.08428E+00,   1.07505E+01,  51.75
  604,    2.89216E+00,   2.68763E+00,  -7.07
  605,    1.21571E+00,   1.07505E+00,  -11.57
  606,    8.93043E-01,   5.37525E-01,  -39.81
  607,    2.57100E-01,   3.07157E-01,  19.47
  608,    3.13606E-01,   1.91973E-01,  -38.79
  609,    1.00731E-01,   1.27982E-01,  27.05
  610,    7.36282E-02,   8.95875E-02,  21.68
  611,    2.12331E-01,   2.68763E-01,  26.58
  612,    1.30740E-01,   1.53579E-01,  17.47
  613,    6.02286E-02,   9.59867E-02,  59.37
  614,    4.17568E-02,   6.39911E-02,  53.25
  615,    2.89149E-02,   4.47938E-02,  54.92
  616,    4.07218E-02,   6.39911E-02,  57.14
  617,    2.70620E-02,   4.26607E-02,  57.64
  618,    2.15469E-02,   2.98625E-02,  38.59
  619,    3.70290E-02,   4.79933E-02,  29.61
  620,    8.79268E+00,   1.07505E+01,  22.27
  621,    2.54118E+00,   2.68763E+00,  5.76
  622,    1.74784E+00,   1.07505E+00,  -38.49
  623,    6.85082E-01,   5.37525E-01,  -21.54
  624,    9.80398E-02,   3.07157E-01,  213.30
  625,    3.19806E-01,   1.91973E-01,  -39.97
  626,    1.07180E-01,   1.27982E-01,  19.41
  627,    6.78824E-02,   8.95875E-02,  31.97
  628,    2.20046E-01,   2.68763E-01,  22.14
  629,    1.04101E-01,   1.53579E-01,  47.53
  630,    5.97977E-02,   9.59867E-02,  60.52
  631,    3.92570E-02,   6.39911E-02,  63.01
  632,    2.71704E-02,   4.47938E-02,  64.86
  633,    4.00146E-02,   6.39911E-02,  59.92
  634,    2.61179E-02,   4.26607E-02,  63.34
  635,    2.11287E-02,   2.98625E-02,  41.34
  636,    8.51856E+00,   1.07505E+01,  26.20
  637,    3.76990E+00,   2.68763E+00,  -28.71
  638,    1.38552E+00,   1.07505E+00,  -22.41
  639,    4.72214E-01,   5.37525E-01,  13.83
  640,    3.79685E-01,   1.91973E-01,  -49.44
  641,    1.03746E-01,   1.27982E-01,  23.36
  642,    8.84052E-02,   8.95875E-02,  1.34
  643,    6.38813E-02,   3.07157E-01,  380.83
  644,    2.34054E-01,   2.68763E-01,  14.83
  645,    9.64497E-02,   1.53579E-01,  59.23
  646,    6.11518E-02,   9.59867E-02,  56.96
  647,    3.98833E-02,   6.39911E-02,  60.45
  648,    2.58941E-02,   4.47938E-02,  72.99
  649,    3.89861E-02,   6.39911E-02,  64.14
  650,    2.69907E-02,   4.26607E-02,  58.06
  651,    1.67956E+01,   1.07505E+01,  -35.99
  652,    3.93603E+00,   2.68763E+00,  -31.72
  653,    1.17817E+00,   1.07505E+00,  -8.75
  654,    5.67485E-01,   5.37525E-01,  -5.28
  655,    2.37236E-01,   3.07157E-01,  29.47
  656,    3.31717E-01,   1.91973E-01,  -42.13
  657,    1.69616E-01,   1.27982E-01,  -24.55
  658,    9.37500E-02,   8.95875E-02,  -4.44
  659,    2.30507E-01,   2.68763E-01,  16.60
  660,    1.20047E-01,   1.53579E-01,  27.93
  661,    7.20498E-02,   9.59867E-02,  33.22
  662,    4.71842E-02,   6.39911E-02,  35.62
  663,    3.35480E-02,   4.47938E-02,  33.52
  664,    4.16027E-02,   6.39911E-02,  53.81
  665,    3.09103E-02,   4.26607E-02,  38.01
  666,    1.11676E+01,   1.07505E+01,  -3.73
  667,    2.19845E+00,   2.68763E+00,  22.25
  668,    9.13035E-01,   1.07505E+00,  17.74
  669,    5.31806E-01,   5.37525E-01,  1.08
  670,    2.15799E-01,   3.07157E-01,  42.33
  671,    2.88455E-01,   1.91973E-01,  -33.45
  672,    1.14386E-01,   1.27982E-01,  11.89
  673,    6.52320E-02,   8.95875E-02,  37.34
  674,    2.13195E-01,   2.68763E-01,  26.06
  675,    1.23952E-01,   1.53579E-01,  23.90
  676,    7.43755E-02,   9.59867E-02,  29.06
  677,    4.60745E-02,   6.39911E-02,  38.89
  678,    3.48140E-02,   4.47938E-02,  28.67
  679,    4.40071E-02,   6.39911E-02,  45.41
  680,    3.26938E-02,   4.26607E-02,  30.49
  681,    1.45624E+01,   1.07505E+01,  -26.18
  682,    3.87921E+00,   2.68763E+00,  -30.72
  683,    2.00283E+00,   1.07505E+00,  -46.32
  684,    9.35157E-01,   5.37525E-01,  -42.52
  685,    4.28887E-01,   3.07157E-01,  -28.38
  686,    1.69178E-01,   1.27982E-01,  -24.35
  687,    1.22778E-01,   8.95875E-02,  -27.03
  688,    2.95345E-01,   2.68763E-01,  -9.00
  689,    1.60030E-01,   1.53579E-01,  -4.03
  690,    9.53733E-02,   9.59867E-02,  0.64
  691,    6.40765E-02,   6.39911E-02,  -0.13
  692,    3.95353E-02,   4.47938E-02,  13.30
  693,    5.81647E-02,   6.39911E-02,  10.02
  694,    1.31056E+01,   1.07505E+01,  -17.97
  695,    4.77626E+00,   2.68763E+00,  -43.73
  696,    2.07477E+00,   1.07505E+00,  -48.18
  697,    1.30047E+00,   5.37525E-01,  -58.67
  698,    2.83145E-01,   3.07157E-01,  8.48
  699,    2.04505E-01,   1.27982E-01,  -37.42
  700,    1.40413E-01,   8.95875E-02,  -36.20
  701,    3.94026E-01,   2.68763E-01,  -31.79
  702,    2.13369E-01,   1.53579E-01,  -28.02
  703,    1.18608E-01,   9.59867E-02,  -19.07
  704,    8.40657E-02,   6.39911E-02,  -23.88
  705,    5.06893E-02,   4.47938E-02,  -11.63
  706,    6.94621E-02,   6.39911E-02,  -7.88
  707,    1.21473E+01,   1.07505E+01,  -11.50
  708,    3.39929E+00,   2.68763E+00,  -20.94
  709,    1.98238E+00,   1.07505E+00,  -45.77
  710,    7.77106E-01,   5.37525E-01,  -30.83
  711,    1.71175E-01,   3.07157E-01,  79.44
  712,    4.39087E-01,   1.91973E-01,  -56.28
  713,    1.62261E-01,   1.27982E-01,  -21.13
  714,    1.13441E-01,   8.95875E-02,  -21.03
  715,    3.60388E-01,   2.68763E-01,  -25.42
  716,    1.96316E-01,   1.53579E-01,  -21.77
  717,    1.20394E-01,   9.59867E-02,  -20.27
  718,    6.97173E-02,   6.39911E-02,  -8.21
  719,    5.05887E-02,   4.47938E-02,  -11.45
  720,    7.48064E-02,   6.39911E-02,  -14.46
  721,    9.51800E+00,   1.07505E+01,  12.95
  722,    3.52661E+00,   2.68763E+00,  -23.79
  723,    1.25238E+00,   1.07505E+00,  -14.16
  724,    5.38351E-01,   5.37525E-01,  -0.15
  725,    1.75711E-01,   3.07157E-01,  74.81
  726,    3.80979E-01,   1.91973E-01,  -49.61
  727,    1.47120E-01,   1.27982E-01,  -13.01
  728,    9.73818E-02,   8.95875E-02,  -8.00
  729,    3.10154E-01,   2.68763E-01,  -13.35
  730,    1.59645E-01,   1.53579E-01,  -3.80
  731,    1.04328E-01,   9.59867E-02,  -8.00
  732,    5.94718E-02,   6.39911E-02,  7.60
  733,    4.46862E-02,   4.47938E-02,  0.24
  734,    1.07297E+01,   1.07505E+01,  0.19
  735,    2.60551E+00,   2.68763E+00,  3.15
  736,    9.77850E-01,   1.07505E+00,  9.94
  737,    5.65629E-01,   5.37525E-01,  -4.97
  738,    2.41966E-01,   3.07157E-01,  26.94
  739,    3.24049E-01,   1.91973E-01,  -40.76
  740,    1.42596E-01,   1.27982E-01,  -10.25
  741,    1.08078E-01,   8.95875E-02,  -17.11
  742,    3.00082E-01,   2.68763E-01,  -10.44
  743,    1.71920E-01,   1.53579E-01,  -10.67
  744,    9.15940E-02,   9.59867E-02,  4.80
  745,    6.33555E-02,   6.39911E-02,  1.00
  746,    4.34306E-02,   4.47938E-02,  3.14
  747,    7.77629E+00,   1.07505E+01,  38.25
  748,    1.92329E+00,   2.68763E+00,  39.74
  749,    9.67088E-01,   1.07505E+00,  11.16
  750,    5.37815E-01,   5.37525E-01,  -0.05
  751,    2.54371E-01,   3.07157E-01,  20.75
  752,    2.74375E-01,   1.91973E-01,  -30.03
  753,    1.47296E-01,   1.27982E-01,  -13.11
  754,    9.00716E-02,   8.95875E-02,  -0.54
  755,    2.80558E-01,   2.68763E-01,  -4.20
  756,    1.71164E-01,   1.53579E-01,  -10.27
  757,    9.03551E-02,   9.59867E-02,  6.23
  758,    6.50338E-02,   6.39911E-02,  -1.60
  759,    4.61509E-02,   4.47938E-02,  -2.94
  760,    8.37240E+00,   1.07505E+01,  28.40
  761,    2.79498E+00,   2.68763E+00,  -3.84
  762,    1.36425E+00,   1.07505E+00,  -21.20
  763,    7.50799E-01,   5.37525E-01,  -28.41
  764,    2.91485E-01,   3.07157E-01,  5.38
  765,    4.50793E-01,   1.91973E-01,  -57.41
  766,    1.78233E-01,   1.27982E-01,  -28.19
  767,    1.34518E-01,   8.95875E-02,  -33.40
  768,    3.70616E-01,   2.68763E-01,  -27.48
  769,    1.83500E-01,   1.53579E-01,  -16.31
  770,    1.16698E-01,   9.59867E-02,  -17.75
  771,    7.58889E-02,   6.39911E-02,  -15.68
  772,    7.66502E+00,   1.07505E+01,  40.25
  773,    2.48971E+00,   2.68763E+00,  7.95
  774,    1.20641E+00,   1.07505E+00,  -10.89
  775,    6.49498E-01,   5.37525E-01,  -17.24
  776,    3.01735E-01,   3.07157E-01,  1.80
  777,    3.60084E-01,   1.91973E-01,  -46.69
  778,    1.74358E-01,   1.27982E-01,  -26.60
  779,    1.37061E-01,   8.95875E-02,  -34.64
  780,    4.00333E-01,   2.68763E-01,  -32.87
  781,    1.95263E-01,   1.53579E-01,  -21.35
  782,    1.29372E-01,   9.59867E-02,  -25.81
  783,    8.68967E-02,   6.39911E-02,  -26.36
  784,    5.70547E+00,   1.07505E+01,  88.42
  785,    1.90659E+00,   2.68763E+00,  40.97
  786,    9.01092E-01,   1.07505E+00,  19.31
  787,    5.43620E-01,   5.37525E-01,  -1.12
  788,    2.11083E-01,   3.07157E-01,  45.51
  789,    2.80896E-01,   1.91973E-01,  -31.66
  790,    1.56031E-01,   1.27982E-01,  -17.98
  791,    9.48318E-02,   8.95875E-02,  -5.53
  792,    3.02120E-01,   2.68763E-01,  -11.04
  793,    1.80510E-01,   1.53579E-01,  -14.92
  794,    1.08508E-01,   9.59867E-02,  -11.54
  795,    5.52423E+00,   1.07505E+01,  94.61
  796,    1.79776E+00,   2.68763E+00,  49.50
  797,    9.50088E-01,   1.07505E+00,  13.15
  798,    4.61608E-01,   5.37525E-01,  16.45
  799,    2.34349E-01,   3.07157E-01,  31.07
  800,    3.02701E-01,   1.91973E-01,  -36.58
  801,    1.34365E-01,   1.27982E-01,  -4.75
  802,    8.82631E-02,   8.95875E-02,  1.50
  803,    2.71833E-01,   2.68763E-01,  -1.13
  804,    1.69750E-01,   1.53579E-01,  -9.53
  805,    1.05725E-01,   9.59867E-02,  -9.21
  806,    5.70785E+00,   1.07505E+01,  88.35
  807,    1.97931E+00,   2.68763E+00,  35.79
  808,    8.23320E-01,   1.07505E+00,  30.58
  809,    5.05127E-01,   5.37525E-01,  6.41
  810,    2.71757E-01,   3.07157E-01,  13.03
  811,    2.84022E-01,   1.91973E-01,  -32.41
  812,    1.27322E-01,   1.27982E-01,  0.52
  813,    9.79994E-02,   8.95875E-02,  -8.58
  814,    3.00939E-01,   2.68763E-01,  -10.69
  815,    1.70370E-01,   1.53579E-01,  -9.86
  816,    6.07137E+00,   1.07505E+01,  77.07
  817,    1.60104E+00,   2.68763E+00,  67.87
  818,    8.54563E-01,   1.07505E+00,  25.80
  819,    5.53855E-01,   5.37525E-01,  -2.95
  820,    2.32038E-01,   3.07157E-01,  32.37
  821,    2.47654E-01,   1.91973E-01,  -22.48
  822,    1.35813E-01,   1.27982E-01,  -5.77
  823,    1.05678E-01,   8.95875E-02,  -15.23
  824,    3.11681E-01,   2.68763E-01,  -13.77
  825,    1.82920E-01,   1.53579E-01,  -16.04
  826,    4.54372E+00,   1.07505E+01,  136.60
  827,    1.48054E+00,   2.68763E+00,  81.53
  828,    8.25334E-01,   1.07505E+00,  30.26
  829,    4.06646E-01,   5.37525E-01,  32.19
  830,    1.89750E-01,   3.07157E-01,  61.87
  831,    2.15815E-01,   1.91973E-01,  -11.05
  832,    1.28207E-01,   1.27982E-01,  -0.18
  833,    8.74299E-02,   8.95875E-02,  2.47
  834,    2.81295E-01,   2.68763E-01,  -4.46
  835,    5.34105E+00,   1.07505E+01,  101.28
  836,    1.86299E+00,   2.68763E+00,  44.26
  837,    7.69549E-01,   1.07505E+00,  39.70
  838,    4.03310E-01,   5.37525E-01,  33.28
  839,    2.22646E-01,   3.07157E-01,  37.96
  840,    2.56071E-01,   1.91973E-01,  -25.03
  841,    1.32216E-01,   1.27982E-01,  -3.20
  842,    9.60375E-02,   8.95875E-02,  -6.72
  843,    2.95837E-01,   2.68763E-01,  -9.15
  844,    5.24726E+00,   1.07505E+01,  104.88
  845,    1.33018E+00,   2.68763E+00,  102.05
  846,    5.80960E-01,   1.07505E+00,  85.05
  847,    3.63987E-01,   5.37525E-01,  47.68
  848,    2.21368E-01,   3.07157E-01,  38.75
  849,    1.86606E-01,   1.91973E-01,  2.88
  850,    1.11113E-01,   1.27982E-01,  15.18
  851,    9.01945E-02,   8.95875E-02,  -0.67
  852,    4.30290E+00,   1.07505E+01,  149.84
  853,    1.10858E+00,   2.68763E+00,  142.44
  854,    6.05632E-01,   1.07505E+00,  77.51
  855,    3.79821E-01,   5.37525E-01,  41.52
  856,    1.98370E-01,   3.07157E-01,  54.84
  857,    1.83362E-01,   1.91973E-01,  4.70
  858,    1.21171E-01,   1.27982E-01,  5.62
  859,    4.15210E+00,   1.07505E+01,  158.92
  860,    1.39602E+00,   2.68763E+00,  92.52
  861,    7.37753E-01,   1.07505E+00,  45.72
  862,    4.00083E-01,   5.37525E-01,  34.35
  863,    2.10898E-01,   3.07157E-01,  45.64
  864,    2.38774E-01,   1.91973E-01,  -19.60
  865,    4.45874E+00,   1.07505E+01,  141.11
  866,    1.41375E+00,   2.68763E+00,  90.11
  867,    6.50217E-01,   1.07505E+00,  65.34
  868,    3.79948E-01,   5.37525E-01,  41.47
  869,    2.15155E-01,   3.07157E-01,  42.76
  870,    4.53980E+00,   1.07505E+01,  136.81
  871,    1.23305E+00,   2.68763E+00,  117.97
  872,    6.01100E-01,   1.07505E+00,  78.85
  873,    3.91204E-01,   5.37525E-01,  37.40
  874,    4.14627E+00,   1.07505E+01,  159.28
  875,    1.23464E+00,   2.68763E+00,  117.69
  876,    6.81599E-01,   1.07505E+00,  57.72
  877,    4.35325E+00,   1.07505E+01,  146.95
  878,    1.51930E+00,   2.68763E+00,  76.90
  879,    4.05453E+00,   1.07505E+01,  165.15

;-Resistivity in Ohm-m in the elemental sequential order

 4.05284E+02,  4.05284E+02,  4.05284E+02,  4.05284E+02,  4.05284E+02
 4.05284E+02,  4.05284E+02,  4.05284E+02,  4.05284E+02,  4.05284E+02
 4.05284E+02,  4.05284E+02,  4.05284E+02,  4.05284E+02,  4.05284E+02
 4.05284E+02,  4.05284E+02,  4.05284E+02,  4.05284E+02,  4.05284E+02
 4.05284E+02,  4.05284E+02,  4.05284E+02,  4.05284E+02,  4.05284E+02
 4.05284E+02,  4.05284E+02,  4.05284E+02,  4.05284E+02,  4.05284E+02
 4.05284E+02,  4.05284E+02,  4.05284E+02,  4.05284E+02,  4.05284E+02
 4.05284E+02,  4.05284E+02,  4.05284E+02,  4.05284E+02,  4.05284E+02
 4.05284E+02,  4.05284E+02,  4.05284E+02,  4.05284E+02,  4.05284E+02
 4.05284E+02,  4.05284E+02,  4.05284E+02,  4.05284E+02,  4.05284E+02
 4.05284E+02,  4.05284E+02,  4.05284E+02,  4.05284E+02,  4.05284E+02
 4.05284E+02,  4.05284E+02,  4.05284E+02,  4.05284E+02,  4.05284E+02
 4.05284E+02,  4.05284E+02,  4.05284E+02,  4.05284E+02,  4.05284E+02
 4.05284E+02,  4.05284E+02,  4.05284E+02,  4.05284E+02,  4.05284E+02
 4.05284E+02,  4.05284E+02,  4.05284E+02,  4.05284E+02,  4.05284E+02
 4.05284E+02,  4.05284E+02,  4.05284E+02,  4.05284E+02,  4.05284E+02
 4.05284E+02,  4.05284E+02,  4.05284E+02,  4.05284E+02,  4.05284E+02
 4.05284E+02,  4.05284E+02,  4.05284E+02,  4.05284E+02,  4.05284E+02
 4.05284E+02,  4.05284E+02,  4.05284E+02,  4.05284E+02,  4.05284E+02
 4.05284E+02,  4.05284E+02,  4.05284E+02,  4.05284E+02,  4.05284E+02
 4.05284E+02,  4.05284E+02,  4.05284E+02,  4.05284E+02,  4.05284E+02
 4.05284E+02,  4.05284E+02,  4.05284E+02,  4.05284E+02,  4.05284E+02
 4.05284E+02,  4.05284E+02,  4.05284E+02,  4.05284E+02,  4.05284E+02
 4.05284E+02,  4.05284E+02,  4.05284E+02,  4.05284E+02,  4.05284E+02
 4.05284E+02,  4.05284E+02,  4.05284E+02,  4.05284E+02,  4.05284E+02
 4.05284E+02,  4.05284E+02,  4.05284E+02,  4.05284E+02,  4.05284E+02
 4.05284E+02,  4.05284E+02,  4.05284E+02,  4.05284E+02,  4.05284E+02
 4.05284E+02,  4.05284E+02,  4.05284E+02,  4.05284E+02,  4.05284E+02
 4.05284E+02,  4.05284E+02,  4.05284E+02,  4.05284E+02,  4.05284E+02
 4.05284E+02,  4.05284E+02,  4.05284E+02,  4.05284E+02,  4.05284E+02
 4.05284E+02,  4.05284E+02,  4.05284E+02,  4.05284E+02,  4.05284E+02
 4.05284E+02,  4.05284E+02,  4.05284E+02,  4.05284E+02,  4.05284E+02
 4.05284E+02,  4.05284E+02,  4.05284E+02,  4.05284E+02,  4.05284E+02
 4.05284E+02,  4.05284E+02,  4.05284E+02,  4.05284E+02,  4.05284E+02
 4.05284E+02,  4.05284E+02,  4.05284E+02,  4.05284E+02,  4.05284E+02
 4.05284E+02,  4.05284E+02,  4.05284E+02,  4.05284E+02,  4.05284E+02
 4.05284E+02,  4.05284E+02,  4.05284E+02,  4.05284E+02,  4.05284E+02
 4.05284E+02,  4.05284E+02,  4.05284E+02,  4.05284E+02,  4.05284E+02
 4.05284E+02,  4.05284E+02,  4.05284E+02,  4.05284E+02,  4.05284E+02
 4.05284E+02,  4.05284E+02,  4.05284E+02,  4.05284E+02,  4.05284E+02
 4.05284E+02,  4.05284E+02,  4.05284E+02,  4.05284E+02,  4.05284E+02
 4.05284E+02,  4.05284E+02,  4.05284E+02,  4.05284E+02,  4.05284E+02
 4.05284E+02,  4.05284E+02,  4.05284E+02,  4.05284E+02,  4.05284E+02
 4.05284E+02,  4.05284E+02,  4.05284E+02,  4.05284E+02,  4.05284E+02
 4.05284E+02,  4.05284E+02,  4.05284E+02,  4.05284E+02,  4.05284E+02
 4.05284E+02,  4.05284E+02,  4.05284E+02,  4.05284E+02,  4.05284E+02
 4.05284E+02,  4.05284E+02,  4.05284E+02,  4.05284E+02,  4.05284E+02
 4.05284E+02,  4.05284E+02,  4.05284E+02,  4.05284E+02,  4.05284E+02
 4.05284E+02,  4.05284E+02,  4.05284E+02,  4.05284E+02,  4.05284E+02
 4.05284E+02,  4.05284E+02,  4.05284E+02,  4.05284E+02,  4.05284E+02
 4.05284E+02,  4.05284E+02,  4.05284E+02,  4.05284E+02,  4.05284E+02
 4.05284E+02,  4.05284E+02,  4.05284E+02,  4.05284E+02,  4.05284E+02
 4.05284E+02,  4.05284E+02,  4.05284E+02,  4.05284E+02,  4.05284E+02
 4.05284E+02,  4.05284E+02,  4.05284E+02,  4.05284E+02,  4.05284E+02
 4.05284E+02,  4.05284E+02,  4.05284E+02,  4.05284E+02,  4.05284E+02
 4.05284E+02,  4.05284E+02,  4.05284E+02,  4.05284E+02,  4.05284E+02
 4.05284E+02,  4.05284E+02,  4.05284E+02,  4.05284E+02,  4.05284E+02
 4.05284E+02,  4.05284E+02,  4.05284E+02,  4.05284E+02,  4.05284E+02
 4.05284E+02,  4.05284E+02,  4.05284E+02,  4.05284E+02,  4.05284E+02
 4.05284E+02,  4.05284E+02,  4.05284E+02,  4.05284E+02,  4.05284E+02
 4.05284E+02,  4.05284E+02,  4.05284E+02,  4.05284E+02,  4.05284E+02
 4.05284E+02,  4.05284E+02,  4.05284E+02,  4.05284E+02,  4.05284E+02
 4.05284E+02,  4.05284E+02,  4.05284E+02,  4.05284E+02,  4.05284E+02
 4.05284E+02,  4.05284E+02,  4.05284E+02,  4.05284E+02,  4.05284E+02
 4.05284E+02,  4.05284E+02,  4.05284E+02,  4.05284E+02,  4.05284E+02
 4.05284E+02,  4.05284E+02,  4.05284E+02,  4.05284E+02,  4.05284E+02
 4.05284E+02,  4.05284E+02,  4.05284E+02,  4.05284E+02,  4.05284E+02
 4.05284E+02,  4.05284E+02,  4.05284E+02,  4.05284E+02,  4.05284E+02
 4.05284E+02,  4.05284E+02,  4.05284E+02,  4.05284E+02,  4.05284E+02
 4.05284E+02,  4.05284E+02,  4.05284E+02,  4.05284E+02,  4.05284E+02
 4.05284E+02,  4.05284E+02,  4.05284E+02,  4.05284E+02,  4.05284E+02
 4.05284E+02,  4.05284E+02,  4.05284E+02,  4.05284E+02,  4.05284E+02
 4.05284E+02,  4.05284E+02,  4.05284E+02,  4.05284E+02,  4.05284E+02
 4.05284E+02,  4.05284E+02,  4.05284E+02,  4.05284E+02,  4.05284E+02
 4.05284E+02,  4.05284E+02,  4.05284E+02,  4.05284E+02,  4.05284E+02
 4.05284E+02,  4.05284E+02,  4.05284E+02,  4.05284E+02,  4.05284E+02
 4.05284E+02,  4.05284E+02,  4.05284E+02,  4.05284E+02,  4.05284E+02
 4.05284E+02,  4.05284E+02,  4.05284E+02,  4.05284E+02,  4.05284E+02
 4.05284E+02,  4.05284E+02,  4.05284E+02,  4.05284E+02,  4.05284E+02
 4.05284E+02,  4.05284E+02,  4.05284E+02,  4.05284E+02,  4.05284E+02
 4.05284E+02,  4.05284E+02,  4.05284E+02,  4.05284E+02,  4.05284E+02
 4.05284E+02,  4.05284E+02,  4.05284E+02,  4.05284E+02,  4.05284E+02
 4.05284E+02,  4.05284E+02,  4.05284E+02,  4.05284E+02,  4.05284E+02
 4.05284E+02,  4.05284E+02,  4.05284E+02,  4.05284E+02,  4.05284E+02
 4.05284E+02,  4.05284E+02,  4.05284E+02,  4.05284E+02,  4.05284E+02
 4.05284E+02,  4.05284E+02,  4.05284E+02,  4.05284E+02,  4.05284E+02
 4.05284E+02,  4.05284E+02,  4.05284E+02,  4.05284E+02,  4.05284E+02
 4.05284E+02,  4.05284E+02,  4.05284E+02,  4.05284E+02,  4.05284E+02
 4.05284E+02,  4.05284E+02,  4.05284E+02,  4.05284E+02,  4.05284E+02
 4.05284E+02,  4.05284E+02,  4.05284E+02,  4.05284E+02,  4.05284E+02
 4.05284E+02,  4.05284E+02,  4.05284E+02,  4.05284E+02,  4.05284E+02
 4.05284E+02,  4.05284E+02,  4.05284E+02,  4.05284E+02,  4.05284E+02
 4.05284E+02,  4.05284E+02,  4.05284E+02,  4.05284E+02,  4.05284E+02
 4.05284E+02,  4.05284E+02,  4.05284E+02,  4.05284E+02,  4.05284E+02
 4.05284E+02,  4.05284E+02,  4.05284E+02,  4.05284E+02,  4.05284E+02
 4.05284E+02,  4.05284E+02,  4.05284E+02,  4.05284E+02,  4.05284E+02
 4.05284E+02,  4.05284E+02,  4.05284E+02,  4.05284E+02,  4.05284E+02
 4.05284E+02,  4.05284E+02,  4.05284E+02,  4.05284E+02,  4.05284E+02
 4.05284E+02,  4.05284E+02,  4.05284E+02,  4.05284E+02,  4.05284E+02
 4.05284E+02,  4.05284E+02,  4.05284E+02,  4.05284E+02,  4.05284E+02
 4.05284E+02,  4.05284E+02,  4.05284E+02,  4.05284E+02,  4.05284E+02
 4.05284E+02,  4.05284E+02,  4.05284E+02,  4.05284E+02,  4.05284E+02
 4.05284E+02,  4.05284E+02,  4.05284E+02,  4.05284E+02,  4.05284E+02
 4.05284E+02,  4.05284E+02,  4.05284E+02,  4.05284E+02,  4.05284E+02
 4.05284E+02,  4.05284E+02,  4.05284E+02,  4.05284E+02,  4.05284E+02
 4.05284E+02,  4.05284E+02,  4.05284E+02,  4.05284E+02,  4.05284E+02
 4.05284E+02,  4.05284E+02,  4.05284E+02,  4.05284E+02,  4.05284E+02
 4.05284E+02,  4.05284E+02,  4.05284E+02,  4.05284E+02,  4.05284E+02
 4.05284E+02,  4.05284E+02,  4.05284E+02,  4.05284E+02,  4.05284E+02
 4.05284E+02,  4.05284E+02,  4.05284E+02,  4.05284E+02,  4.05284E+02
 4.05284E+02,  4.05284E+02,  4.05284E+02,  4.05284E+02,  4.05284E+02
 4.05284E+02,  4.05284E+02,  4.05284E+02,  4.05284E+02,  4.05284E+02
 4.05284E+02,  4.05284E+02,  4.05284E+02,  4.05284E+02,  4.05284E+02
 4.05284E+02,  4.05284E+02,  4.05284E+02,  4.05284E+02,  4.05284E+02
 4.05284E+02,  4.05284E+02,  4.05284E+02,  4.05284E+02,  4.05284E+02
 4.05284E+02,  4.05284E+02,  4.05284E+02,  4.05284E+02,  4.05284E+02
 4.05284E+02,  4.05284E+02,  4.05284E+02,  4.05284E+02,  4.05284E+02
 4.05284E+02,  4.05284E+02,  4.05284E+02,  4.05284E+02,  4.05284E+02
 4.05284E+02,  4.05284E+02,  4.05284E+02,  4.05284E+02,  4.05284E+02
 4.05284E+02,  4.05284E+02,  4.05284E+02,  4.05284E+02,  4.05284E+02
 4.05284E+02,  4.05284E+02,  4.05284E+02,  4.05284E+02,  4.05284E+02
 4.05284E+02,  4.05284E+02,  4.05284E+02,  4.05284E+02,  4.05284E+02
 4.05284E+02,  4.05284E+02,  4.05284E+02,  4.05284E+02,  4.05284E+02
 4.05284E+02,  4.05284E+02,  4.05284E+02,  4.05284E+02,  4.05284E+02
 4.05284E+02,  4.05284E+02,  4.05284E+02,  4.05284E+02,  4.05284E+02
 4.05284E+02,  4.05284E+02,  4.05284E+02,  4.05284E+02,  4.05284E+02
 4.05284E+02,  4.05284E+02,  4.05284E+02,  4.05284E+02,  4.05284E+02
 4.05284E+02,  4.05284E+02,  4.05284E+02,  4.05284E+02,  4.05284E+02
 4.05284E+02,  4.05284E+02,  4.05284E+02,  4.05284E+02,  4.05284E+02
 4.05284E+02,  4.05284E+02,  4.05284E+02,  4.05284E+02,  4.05284E+02
 4.05284E+02,  4.05284E+02,  4.05284E+02,  4.05284E+02,  4.05284E+02
 4.05284E+02,  4.05284E+02,  4.05284E+02,  4.05284E+02,  4.05284E+02
 4.05284E+02,  4.05284E+02,  4.05284E+02,  4.05284E+02,  4.05284E+02
 4.05284E+02,  4.05284E+02,  4.05284E+02,  4.05284E+02,  4.05284E+02
 4.05284E+02,  4.05284E+02,  4.05284E+02,  4.05284E+02,  4.05284E+02
 4.05284E+02,  4.05284E+02,  4.05284E+02,  4.05284E+02,  4.05284E+02
 4.05284E+02,  4.05284E+02,  4.05284E+02,  4.05284E+02,  4.05284E+02
 4.05284E+02,  4.05284E+02,  4.05284E+02,  4.05284E+02,  4.05284E+02
 4.05284E+02,  4.05284E+02,  4.05284E+02,  4.05284E+02,  4.05284E+02
 4.05284E+02,  4.05284E+02,  4.05284E+02,  4.05284E+02,  4.05284E+02
 4.05284E+02,  4.05284E+02,  4.05284E+02,  4.05284E+02,  4.05284E+02
 4.05284E+02,  4.05284E+02,  4.05284E+02,  4.05284E+02,  4.05284E+02
 4.05284E+02,  4.05284E+02,  4.05284E+02,  4.05284E+02,  4.05284E+02
 4.05284E+02,  4.05284E+02,  4.05284E+02,  4.05284E+02,  4.05284E+02
 4.05284E+02,  4.05284E+02,  4.05284E+02,  4.05284E+02,  4.05284E+02
 4.05284E+02,  4.05284E+02,  4.05284E+02,  4.05284E+02,  4.05284E+02
 4.05284E+02,  4.05284E+02,  4.05284E+02,  4.05284E+02,  4.05284E+02
 4.05284E+02,  4.05284E+02,  4.05284E+02,  4.05284E+02,  4.05284E+02
 4.05284E+02,  4.05284E+02,  4.05284E+02,  4.05284E+02,  4.05284E+02
 4.05284E+02,  4.05284E+02,  4.05284E+02,  4.05284E+02,  4.05284E+02
 4.05284E+02,  4.05284E+02,  4.05284E+02,  4.05284E+02,  4.05284E+02
 4.05284E+02,  4.05284E+02,  4.05284E+02,  4.05284E+02,  4.05284E+02
 4.05284E+02,  4.05284E+02,  4.05284E+02,  4.05284E+02,  4.05284E+02
 4.05284E+02,  4.05284E+02,  4.05284E+02,  4.05284E+02,  4.05284E+02
 4.05284E+02,  4.05284E+02,  4.05284E+02,  4.05284E+02,  4.05284E+02
 4.05284E+02,  4.05284E+02,  4.05284E+02,  4.05284E+02,  4.05284E+02
 4.05284E+02,  4.05284E+02,  4.05284E+02,  4.05284E+02,  4.05284E+02
 4.05284E+02,  4.05284E+02,  4.05284E+02,  4.05284E+02,  4.05284E+02
 4.05284E+02,  4.05284E+02,  4.05284E+02,  4.05284E+02,  4.05284E+02
 4.05284E+02,  4.05284E+02,  4.05284E+02,  4.05284E+02,  4.05284E+02
 4.05284E+02,  4.05284E+02,  4.05284E+02,  4.05284E+02,  4.05284E+02
 4.05284E+02,  4.05284E+02,  4.05284E+02,  4.05284E+02,  4.05284E+02
 4.05284E+02,  4.05284E+02,  4.05284E+02,  4.05284E+02,  4.05284E+02
 4.05284E+02,  4.05284E+02,  4.05284E+02,  4.05284E+02,  4.05284E+02
 4.05284E+02,  4.05284E+02,  4.05284E+02,  4.05284E+02,  4.05284E+02
 4.05284E+02,  4.05284E+02,  4.05284E+02,  4.05284E+02,  4.05284E+02
 4.05284E+02,  4.05284E+02,  4.05284E+02,  4.05284E+02,  4.05284E+02
 4.05284E+02,  4.05284E+02,  4.05284E+02,  4.05284E+02,  4.05284E+02
 4.05284E+02,  4.05284E+02,  4.05284E+02,  4.05284E+02,  4.05284E+02
 4.05284E+02,  4.05284E+02,  4.05284E+02,  4.05284E+02,  4.05284E+02
 4.05284E+02,  4.05284E+02,  4.05284E+02,  4.05284E+02,  4.05284E+02
 4.05284E+02,  4.05284E+02,  4.05284E+02,  4.05284E+02,  4.05284E+02
 4.05284E+02,  4.05284E+02,  4.05284E+02,  4.05284E+02,  4.05284E+02
 4.05284E+02,  4.05284E+02,  4.05284E+02,  4.05284E+02,  4.05284E+02
 4.05284E+02,  4.05284E+02,  4.05284E+02,  4.05284E+02,  4.05284E+02
 4.05284E+02,  4.05284E+02,  4.05284E+02,  4.05284E+02,  4.05284E+02
 4.05284E+02,  4.05284E+02,  4.05284E+02,  4.05284E+02,  4.05284E+02
 4.05284E+02,  4.05284E+02,  4.05284E+02,  4.05284E+02,  4.05284E+02
 4.05284E+02,  4.05284E+02,  4.05284E+02,  4.05284E+02,  4.05284E+02
 4.05284E+02,  4.05284E+02,  4.05284E+02,  4.05284E+02,  4.05284E+02
 4.05284E+02,  4.05284E+02,  4.05284E+02,  4.05284E+02,  4.05284E+02
 4.05284E+02,  4.05284E+02,  4.05284E+02,  4.05284E+02,  4.05284E+02
 4.05284E+02,  4.05284E+02,  4.05284E+02,  4.05284E+02,  4.05284E+02
 4.05284E+02,  4.05284E+02,  4.05284E+02,  4.05284E+02,  4.05284E+02
 4.05284E+02,  4.05284E+02,  4.05284E+02,  4.05284E+02,  4.05284E+02
 4.05284E+02,  4.05284E+02,  4.05284E+02,  4.05284E+02,  4.05284E+02
 4.05284E+02,  4.05284E+02,  4.05284E+02,  4.05284E+02,  4.05284E+02
 4.05284E+02,  4.05284E+02,  4.05284E+02,  4.05284E+02,  4.05284E+02
 4.05284E+02,  4.05284E+02,  4.05284E+02,  4.05284E+02,  4.05284E+02
 4.05284E+02,  4.05284E+02,  4.05284E+02,  4.05284E+02,  4.05284E+02
 4.05284E+02,  4.05284E+02,  4.05284E+02,  4.05284E+02,  4.05284E+02
 4.05284E+02,  4.05284E+02,  4.05284E+02,  4.05284E+02,  4.05284E+02
 4.05284E+02,  4.05284E+02,  4.05284E+02,  4.05284E+02,  4.05284E+02
 4.05284E+02,  4.05284E+02,  4.05284E+02,  4.05284E+02,  4.05284E+02
 4.05284E+02,  4.05284E+02,  4.05284E+02,  4.05284E+02,  4.05284E+02
 4.05284E+02,  4.05284E+02,  4.05284E+02,  4.05284E+02,  4.05284E+02
 4.05284E+02,  4.05284E+02,  4.05284E+02,  4.05284E+02,  4.05284E+02
 4.05284E+02,  4.05284E+02,  4.05284E+02,  4.05284E+02,  4.05284E+02
 4.05284E+02,  4.05284E+02,  4.05284E+02,  4.05284E+02,  4.05284E+02
 4.05284E+02,  4.05284E+02,  4.05284E+02,  4.05284E+02,  4.05284E+02
 4.05284E+02,  4.05284E+02,  4.05284E+02,  4.05284E+02,  4.05284E+02
 4.05284E+02,  4.05284E+02,  4.05284E+02,  4.05284E+02,  4.05284E+02
 4.05284E+02,  4.05284E+02,  4.05284E+02,  4.05284E+02,  4.05284E+02
 4.05284E+02,  4.05284E+02,  4.05284E+02,  4.05284E+02,  4.05284E+02
 4.05284E+02,  4.05284E+02,  4.05284E+02,  4.05284E+02,  4.05284E+02
 4.05284E+02,  4.05284E+02,  4.05284E+02,  4.05284E+02,  4.05284E+02
 4.05284E+02,  4.05284E+02,  4.05284E+02,  4.05284E+02,  4.05284E+02
 4.05284E+02,  4.05284E+02,  4.05284E+02,  4.05284E+02,  4.05284E+02
 4.05284E+02,  4.05284E+02,  4.05284E+02,  4.05284E+02,  4.05284E+02
 4.05284E+02,  4.05284E+02,  4.05284E+02,  4.05284E+02,  4.05284E+02
 4.05284E+02,  4.05284E+02,  4.05284E+02,  4.05284E+02,  4.05284E+02
 4.05284E+02,  4.05284E+02,  4.05284E+02,  4.05284E+02,  4.05284E+02
 4.05284E+02,  4.05284E+02,  4.05284E+02,  4.05284E+02,  4.05284E+02
 4.05284E+02,  4.05284E+02,  4.05284E+02,  4.05284E+02,  4.05284E+02
 4.05284E+02,  4.05284E+02,  4.05284E+02,  4.05284E+02,  4.05284E+02
 4.05284E+02,  4.05284E+02,  4.05284E+02,  4.05284E+02,  4.05284E+02
 4.05284E+02,  4.05284E+02,  4.05284E+02,  4.05284E+02,  4.05284E+02
 4.05284E+02,  4.05284E+02,  4.05284E+02,  4.05284E+02,  4.05284E+02
 4.05284E+02,  4.05284E+02,  4.05284E+02,  4.05284E+02,  4.05284E+02
 4.05284E+02,  4.05284E+02,  4.05284E+02,  4.05284E+02,  4.05284E+02
 4.05284E+02,  4.05284E+02,  4.05284E+02,  4.05284E+02,  4.05284E+02
 4.05284E+02,  4.05284E+02,  4.05284E+02,  4.05284E+02,  4.05284E+02
 4.05284E+02,  4.05284E+02,  4.05284E+02,  4.05284E+02,  4.05284E+02
 4.05284E+02,  4.05284E+02,  4.05284E+02,  4.05284E+02,  4.05284E+02
 4.05284E+02,  4.05284E+02,  4.05284E+02,  4.05284E+02,  4.05284E+02
 4.05284E+02,  4.05284E+02,  4.05284E+02,  4.05284E+02,  4.05284E+02
 4.05284E+02,  4.05284E+02,  4.05284E+02,  4.05284E+02,  4.05284E+02
 4.05284E+02,  4.05284E+02,  4.05284E+02,  4.05284E+02,  4.05284E+02
 4.05284E+02,  4.05284E+02,  4.05284E+02,  4.05284E+02,  4.05284E+02
 4.05284E+02,  4.05284E+02,  4.05284E+02,  4.05284E+02,  4.05284E+02
 4.05284E+02,  4.05284E+02,  4.05284E+02,  4.05284E+02,  4.05284E+02
 4.05284E+02,  4.05284E+02,  4.05284E+02,  4.05284E+02,  4.05284E+02
 4.05284E+02,  4.05284E+02,  4.05284E+02,  4.05284E+02,  4.05284E+02
 4.05284E+02,  4.05284E+02,  4.05284E+02,  4.05284E+02,  4.05284E+02
 4.05284E+02,  4.05284E+02,  4.05284E+02,  4.05284E+02,  4.05284E+02
 4.05284E+02,  4.05284E+02,  4.05284E+02,  4.05284E+02,  4.05284E+02
 4.05284E+02,  4.05284E+02,  4.05284E+02,  4.05284E+02,  4.05284E+02
 4.05284E+02,  4.05284E+02,  4.05284E+02,  4.05284E+02,  4.05284E+02
 4.05284E+02,  4.05284E+02,  4.05284E+02,  4.05284E+02,  4.05284E+02
 4.05284E+02,  4.05284E+02,  4.05284E+02,  4.05284E+02,  4.05284E+02
 4.05284E+02,  4.05284E+02,  4.05284E+02,  4.05284E+02,  4.05284E+02
 4.05284E+02,  4.05284E+02,  4.05284E+02,  4.05284E+02,  4.05284E+02
 4.05284E+02,  4.05284E+02,  4.05284E+02,  4.05284E+02,  4.05284E+02
 4.05284E+02,  4.05284E+02,  4.05284E+02,  4.05284E+02,  4.05284E+02
 4.05284E+02,  4.05284E+02,  4.05284E+02,  4.05284E+02,  4.05284E+02
 4.05284E+02,  4.05284E+02,  4.05284E+02,  4.05284E+02,  4.05284E+02
 4.05284E+02,  4.05284E+02,  4.05284E+02,  4.05284E+02,  4.05284E+02
 4.05284E+02,  4.05284E+02,  4.05284E+02,  4.05284E+02,  4.05284E+02
 4.05284E+02,  4.05284E+02,  4.05284E+02,  4.05284E+02,  4.05284E+02
 4.05284E+02,  4.05284E+02,  4.05284E+02,  4.05284E+02,  4.05284E+02
 4.05284E+02,  4.05284E+02,  4.05284E+02,  4.05284E+02,  4.05284E+02
 4.05284E+02,  4.05284E+02,  4.05284E+02,  4.05284E+02,  4.05284E+02
 4.05284E+02,  4.05284E+02,  4.05284E+02,  4.05284E+02,  4.05284E+02
 4.05284E+02,  4.05284E+02,  4.05284E+02,  4.05284E+02,  4.05284E+02
 4.05284E+02,  4.05284E+02,  4.05284E+02,  4.05284E+02,  4.05284E+02
 4.05284E+02,  4.05284E+02,  4.05284E+02,  4.05284E+02,  4.05284E+02
 4.05284E+02,  4.05284E+02,  4.05284E+02,  4.05284E+02,  4.05284E+02
 4.05284E+02,  4.05284E+02,  4.05284E+02,  4.05284E+02,  4.05284E+02
 4.05284E+02,  4.05284E+02,  4.05284E+02,  4.05284E+02,  4.05284E+02
 4.05284E+02,  4.05284E+02,  4.05284E+02,  4.05284E+02,  4.05284E+02
 4.05284E+02,  4.05284E+02,  4.05284E+02,  4.05284E+02,  4.05284E+02
 4.05284E+02,  4.05284E+02,  4.05284E+02,  4.05284E+02,  4.05284E+02
 4.05284E+02,  4.05284E+02,  4.05284E+02,  4.05284E+02,  4.05284E+02
 4.05284E+02,  4.05284E+02,  4.05284E+02,  4.05284E+02,  4.05284E+02
 4.05284E+02,  4.05284E+02,  4.05284E+02,  4.05284E+02,  4.05284E+02
 4.05284E+02,  4.05284E+02,  4.05284E+02,  4.05284E+02,  4.05284E+02
 4.05284E+02,  4.05284E+02,  4.05284E+02,  4.05284E+02,  4.05284E+02
 4.05284E+02,  4.05284E+02,  4.05284E+02,  4.05284E+02,  4.05284E+02
 4.05284E+02,  4.05284E+02,  4.05284E+02,  4.05284E+02,  4.05284E+02
 4.05284E+02,  4.05284E+02,  4.05284E+02,  4.05284E+02,  4.05284E+02
 4.05284E+02,  4.05284E+02,  4.05284E+02,  4.05284E+02,  4.05284E+02
 4.05284E+02,  4.05284E+02,  4.05284E+02,  4.05284E+02,  4.05284E+02
 4.05284E+02,  4.05284E+02,  4.05284E+02,  4.05284E+02,  4.05284E+02
 4.05284E+02,  4.05284E+02,  4.05284E+02,  4.05284E+02,  4.05284E+02
 4.05284E+02,  4.05284E+02,  4.05284E+02,  4.05284E+02,  4.05284E+02
 4.05284E+02,  4.05284E+02,  4.05284E+02,  4.05284E+02,  4.05284E+02
 4.05284E+02,  4.05284E+02,  4.05284E+02,  4.05284E+02,  4.05284E+02
 4.05284E+02,  4.05284E+02,  4.05284E+02,  4.05284E+02,  4.05284E+02
 4.05284E+02,  4.05284E+02,  4.05284E+02,  4.05284E+02,  4.05284E+02
 4.05284E+02,  4.05284E+02,  4.05284E+02,  4.05284E+02,  4.05284E+02
 4.05284E+02,  4.05284E+02,  4.05284E+02,  4.05284E+02,  4.05284E+02
 4.05284E+02,  4.05284E+02,  4.05284E+02,  4.05284E+02,  4.05284E+02
 4.05284E+02,  4.05284E+02,  4.05284E+02,  4.05284E+02,  4.05284E+02
 4.05284E+02,  4.05284E+02,  4.05284E+02,  4.05284E+02,  4.05284E+02
 4.05284E+02,  4.05284E+02

;-Sensitivity in the elemental sequential order

 1.84389E-02,  1.90179E-02,  1.77426E-02,  1.40597E-02,  1.03556E-02
 7.62004E-03,  5.76256E-03,  4.49817E-03,  3.61601E-03,  2.97979E-03
 6.01583E-03,  6.01583E-03,  8.10543E-03,  8.10543E-03,  8.10543E-03
 8.10543E-03,  8.10543E-03,  8.10543E-03,  1.84389E-02,  1.90179E-02
 1.77426E-02,  1.40597E-02,  1.03556E-02,  7.62004E-03,  5.76256E-03
 4.49817E-03,  3.61601E-03,  2.97979E-03,  6.01583E-03,  6.01583E-03
 8.10543E-03,  8.10543E-03,  8.10543E-03,  8.10543E-03,  8.10543E-03
 8.10543E-03,  1.84389E-02,  1.90179E-02,  1.77426E-02,  1.40597E-02
 1.03556E-02,  7.62004E-03,  5.76256E-03,  4.49817E-03,  3.61601E-03
 2.97979E-03,  6.01583E-03,  6.01583E-03,  8.10543E-03,  8.10543E-03
 8.10543E-03,  8.10543E-03,  8.10543E-03,  8.10543E-03,  1.84389E-02
 1.90179E-02,  1.77426E-02,  1.40597E-02,  1.03556E-02,  7.62004E-03
 5.76256E-03,  4.49817E-03,  3.61601E-03,  2.97979E-03,  6.01583E-03
 6.01583E-03,  8.10543E-03,  8.10543E-03,  8.10543E-03,  8.10543E-03
 8.10543E-03,  8.10543E-03,  1.84389E-02,  1.90179E-02,  1.77426E-02
 1.40597E-02,  1.03556E-02,  7.62004E-03,  5.76256E-03,  4.49817E-03
 3.61601E-03,  2.97979E-03,  6.01583E-03,  6.01583E-03,  8.10543E-03
 8.10543E-03,  8.10543E-03,  8.10543E-03,  8.10543E-03,  8.10543E-03
 1.84389E-02,  1.90179E-02,  1.77426E-02,  1.40597E-02,  1.03556E-02
 7.62004E-03,  5.76256E-03,  4.49817E-03,  3.61601E-03,  2.97979E-03
 6.01583E-03,  6.01583E-03,  8.10543E-03,  8.10543E-03,  8.10543E-03
 8.10543E-03,  8.10543E-03,  8.10543E-03,  1.19507E+00,  1.88055E-01
 6.05078E-02,  2.36777E-02,  1.06006E-02,  5.37689E-03,  2.98244E-03
 1.76802E-03,  1.10931E-03,  7.33242E-04,  1.07429E-03,  1.07429E-03
 7.51889E-04,  7.51889E-04,  7.51889E-04,  7.51889E-04,  7.51889E-04
 7.51889E-04,  1.19507E+00,  1.88055E-01,  6.05078E-02,  2.36777E-02
 1.06006E-02,  5.37689E-03,  2.98244E-03,  1.76802E-03,  1.10931E-03
 7.33242E-04,  1.07429E-03,  1.07429E-03,  7.51889E-04,  7.51889E-04
 7.51889E-04,  7.51889E-04,  7.51889E-04,  7.51889E-04,  7.69574E+00
 2.03934E+00,  2.65154E-01,  7.29577E-02,  2.86898E-02,  1.31870E-02
 6.64820E-03,  3.63301E-03,  2.14545E-03,  1.35356E-03,  1.84471E-03
 1.84471E-03,  1.08748E-03,  1.08748E-03,  1.08748E-03,  1.08748E-03
 1.08748E-03,  1.08748E-03,  7.69574E+00,  2.03934E+00,  2.65154E-01
 7.29577E-02,  2.86898E-02,  1.31870E-02,  6.64820E-03,  3.63301E-03
 2.14545E-03,  1.35356E-03,  1.84471E-03,  1.84471E-03,  1.08748E-03
 1.08748E-03,  1.08748E-03,  1.08748E-03,  1.08748E-03,  1.08748E-03
 7.69574E+00,  2.03934E+00,  2.65154E-01,  7.29577E-02,  2.86898E-02
 1.31870E-02,  6.64820E-03,  3.63301E-03,  2.14545E-03,  1.35356E-03
 1.84471E-03,  1.84471E-03,  1.08748E-03,  1.08748E-03,  1.08748E-03
 1.08748E-03,  1.08748E-03,  1.08748E-03,  7.69574E+00,  2.03934E+00
 2.65154E-01,  7.29577E-02,  2.86898E-02,  1.31870E-02,  6.64820E-03
 3.63301E-03,  2.14545E-03,  1.35356E-03,  1.84471E-03,  1.84471E-03
 1.08748E-03,  1.08748E-03,  1.08748E-03,  1.08748E-03,  1.08748E-03
 1.08748E-03,  8.34303E+00,  2.42671E+00,  3.78415E-01,  1.19158E-01
 5.26689E-02,  2.56802E-02,  1.29514E-02,  6.83653E-03,  3.84131E-03
 2.29870E-03,  2.86652E-03,  2.86652E-03,  1.34526E-03,  1.34526E-03
 1.34526E-03,  1.34526E-03,  1.34526E-03,  1.34526E-03,  8.34303E+00
 2.42671E+00,  3.78415E-01,  1.19158E-01,  5.26689E-02,  2.56802E-02
 1.29514E-02,  6.83653E-03,  3.84131E-03,  2.29870E-03,  2.86652E-03
 2.86652E-03,  1.34526E-03,  1.34526E-03,  1.34526E-03,  1.34526E-03
 1.34526E-03,  1.34526E-03,  8.34303E+00,  2.42671E+00,  3.78415E-01
 1.19158E-01,  5.26689E-02,  2.56802E-02,  1.29514E-02,  6.83653E-03
 3.84131E-03,  2.29870E-03,  2.86652E-03,  2.86652E-03,  1.34526E-03
 1.34526E-03,  1.34526E-03,  1.34526E-03,  1.34526E-03,  1.34526E-03
 8.34303E+00,  2.42671E+00,  3.78415E-01,  1.19158E-01,  5.26689E-02
 2.56802E-02,  1.29514E-02,  6.83653E-03,  3.84131E-03,  2.29870E-03
 2.86652E-03,  2.86652E-03,  1.34526E-03,  1.34526E-03,  1.34526E-03
 1.34526E-03,  1.34526E-03,  1.34526E-03,  8.35329E+00,  2.43120E+00
 3.88391E-01,  1.32216E-01,  6.30794E-02,  3.23094E-02,  1.69681E-02
 9.31855E-03,  5.41787E-03,  3.31107E-03,  4.12030E-03,  4.12030E-03
 1.73271E-03,  1.73271E-03,  1.73271E-03,  1.73271E-03,  1.73271E-03
 1.73271E-03,  8.35329E+00,  2.43120E+00,  3.88391E-01,  1.32216E-01
 6.30794E-02,  3.23094E-02,  1.69681E-02,  9.31855E-03,  5.41787E-03
 3.31107E-03,  4.12030E-03,  4.12030E-03,  1.73271E-03,  1.73271E-03
 1.73271E-03,  1.73271E-03,  1.73271E-03,  1.73271E-03,  8.35329E+00
 2.43120E+00,  3.88391E-01,  1.32216E-01,  6.30794E-02,  3.23094E-02
 1.69681E-02,  9.31855E-03,  5.41787E-03,  3.31107E-03,  4.12030E-03
 4.12030E-03,  1.73271E-03,  1.73271E-03,  1.73271E-03,  1.73271E-03
 1.73271E-03,  1.73271E-03,  8.35329E+00,  2.43120E+00,  3.88391E-01
 1.32216E-01,  6.30794E-02,  3.23094E-02,  1.69681E-02,  9.31855E-03
 5.41787E-03,  3.31107E-03,  4.12030E-03,  4.12030E-03,  1.73271E-03
 1.73271E-03,  1.73271E-03,  1.73271E-03,  1.73271E-03,  1.73271E-03
 8.35442E+00,  2.43285E+00,  3.91912E-01,  1.35768E-01,  6.57057E-02
 3.42136E-02,  1.84570E-02,  1.05458E-02,  6.40932E-03,  4.06683E-03
 5.22819E-03,  5.22819E-03,  2.15177E-03,  2.15177E-03,  2.15177E-03
 2.15177E-03,  2.15177E-03,  2.15177E-03,  8.35442E+00,  2.43285E+00
 3.91912E-01,  1.35768E-01,  6.57057E-02,  3.42136E-02,  1.84570E-02
 1.05458E-02,  6.40932E-03,  4.06683E-03,  5.22819E-03,  5.22819E-03
 2.15177E-03,  2.15177E-03,  2.15177E-03,  2.15177E-03,  2.15177E-03
 2.15177E-03,  8.35442E+00,  2.43285E+00,  3.91912E-01,  1.35768E-01
 6.57057E-02,  3.42136E-02,  1.84570E-02,  1.05458E-02,  6.40932E-03
 4.06683E-03,  5.22819E-03,  5.22819E-03,  2.15177E-03,  2.15177E-03
 2.15177E-03,  2.15177E-03,  2.15177E-03,  2.15177E-03,  8.35442E+00
 2.43285E+00,  3.91912E-01,  1.35768E-01,  6.57057E-02,  3.42136E-02
 1.84570E-02,  1.05458E-02,  6.40932E-03,  4.06683E-03,  5.22819E-03
 5.22819E-03,  2.15177E-03,  2.15177E-03,  2.15177E-03,  2.15177E-03
 2.15177E-03,  2.15177E-03,  8.35463E+00,  2.43270E+00,  3.90150E-01
 1.34881E-01,  6.59598E-02,  3.47866E-02,  1.91138E-02,  1.12093E-02
 7.01257E-03,  4.56707E-03,  6.05124E-03,  6.05124E-03,  2.52712E-03
 2.52712E-03,  2.52712E-03,  2.52712E-03,  2.52712E-03,  2.52712E-03
 8.35463E+00,  2.43270E+00,  3.90150E-01,  1.34881E-01,  6.59598E-02
 3.47866E-02,  1.91138E-02,  1.12093E-02,  7.01257E-03,  4.56707E-03
 6.05124E-03,  6.05124E-03,  2.52712E-03,  2.52712E-03,  2.52712E-03
 2.52712E-03,  2.52712E-03,  2.52712E-03,  8.35463E+00,  2.43270E+00
 3.90150E-01,  1.34881E-01,  6.59598E-02,  3.47866E-02,  1.91138E-02
 1.12093E-02,  7.01257E-03,  4.56707E-03,  6.05124E-03,  6.05124E-03
 2.52712E-03,  2.52712E-03,  2.52712E-03,  2.52712E-03,  2.52712E-03
 2.52712E-03,  8.35463E+00,  2.43270E+00,  3.90150E-01,  1.34881E-01
 6.59598E-02,  3.47866E-02,  1.91138E-02,  1.12093E-02,  7.01257E-03
 4.56707E-03,  6.05124E-03,  6.05124E-03,  2.52712E-03,  2.52712E-03
 2.52712E-03,  2.52712E-03,  2.52712E-03,  2.52712E-03,  8.35496E+00
 2.43248E+00,  3.90933E-01,  1.35867E-01,  6.65156E-02,  3.52154E-02
 1.95319E-02,  1.16181E-02,  7.38207E-03,  4.87631E-03,  6.59053E-03
 6.59053E-03,  2.81855E-03,  2.81855E-03,  2.81855E-03,  2.81855E-03
 2.81855E-03,  2.81855E-03,  8.35496E+00,  2.43248E+00,  3.90933E-01
 1.35867E-01,  6.65156E-02,  3.52154E-02,  1.95319E-02,  1.16181E-02
 7.38207E-03,  4.87631E-03,  6.59053E-03,  6.59053E-03,  2.81855E-03
 2.81855E-03,  2.81855E-03,  2.81855E-03,  2.81855E-03,  2.81855E-03
 8.35496E+00,  2.43248E+00,  3.90933E-01,  1.35867E-01,  6.65156E-02
 3.52154E-02,  1.95319E-02,  1.16181E-02,  7.38207E-03,  4.87631E-03
 6.59053E-03,  6.59053E-03,  2.81855E-03,  2.81855E-03,  2.81855E-03
 2.81855E-03,  2.81855E-03,  2.81855E-03,  8.35496E+00,  2.43248E+00
 3.90933E-01,  1.35867E-01,  6.65156E-02,  3.52154E-02,  1.95319E-02
 1.16181E-02,  7.38207E-03,  4.87631E-03,  6.59053E-03,  6.59053E-03
 2.81855E-03,  2.81855E-03,  2.81855E-03,  2.81855E-03,  2.81855E-03
 2.81855E-03,  8.35461E+00,  2.43308E+00,  3.92423E-01,  1.36566E-01
 6.66732E-02,  3.53362E-02,  1.97155E-02,  1.18323E-02,  7.58307E-03
 5.04445E-03,  6.89432E-03,  6.89432E-03,  3.01020E-03,  3.01020E-03
 3.01020E-03,  3.01020E-03,  3.01020E-03,  3.01020E-03,  8.35461E+00
 2.43308E+00,  3.92423E-01,  1.36566E-01,  6.66732E-02,  3.53362E-02
 1.97155E-02,  1.18323E-02,  7.58307E-03,  5.04445E-03,  6.89432E-03
 6.89432E-03,  3.01020E-03,  3.01020E-03,  3.01020E-03,  3.01020E-03
 3.01020E-03,  3.01020E-03,  8.35461E+00,  2.43308E+00,  3.92423E-01
 1.36566E-01,  6.66732E-02,  3.53362E-02,  1.97155E-02,  1.18323E-02
 7.58307E-03,  5.04445E-03,  6.89432E-03,  6.89432E-03,  3.01020E-03
 3.01020E-03,  3.01020E-03,  3.01020E-03,  3.01020E-03,  3.01020E-03
 8.35461E+00,  2.43308E+00,  3.92423E-01,  1.36566E-01,  6.66732E-02
 3.53362E-02,  1.97155E-02,  1.18323E-02,  7.58307E-03,  5.04445E-03
 6.89432E-03,  6.89432E-03,  3.01020E-03,  3.01020E-03,  3.01020E-03
 3.01020E-03,  3.01020E-03,  3.01020E-03,  7.78272E+00,  2.36856E+00
 3.79968E-01,  1.30848E-01,  6.51502E-02,  3.50282E-02,  1.97182E-02
 1.19060E-02,  7.66038E-03,  5.10974E-03,  7.01771E-03,  7.01771E-03
 3.09886E-03,  3.09886E-03,  3.09886E-03,  3.09886E-03,  3.09886E-03
 3.09886E-03,  7.78272E+00,  2.36856E+00,  3.79968E-01,  1.30848E-01
 6.51502E-02,  3.50282E-02,  1.97182E-02,  1.19060E-02,  7.66038E-03
 5.10974E-03,  7.01771E-03,  7.01771E-03,  3.09886E-03,  3.09886E-03
 3.09886E-03,  3.09886E-03,  3.09886E-03,  3.09886E-03,  7.78272E+00
 2.36856E+00,  3.79968E-01,  1.30848E-01,  6.51502E-02,  3.50282E-02
 1.97182E-02,  1.19060E-02,  7.66038E-03,  5.10974E-03,  7.01771E-03
 7.01771E-03,  3.09886E-03,  3.09886E-03,  3.09886E-03,  3.09886E-03
 3.09886E-03,  3.09886E-03,  7.78272E+00,  2.36856E+00,  3.79968E-01
 1.30848E-01,  6.51502E-02,  3.50282E-02,  1.97182E-02,  1.19060E-02
 7.66038E-03,  5.10974E-03,  7.01771E-03,  7.01771E-03,  3.09886E-03
 3.09886E-03,  3.09886E-03,  3.09886E-03,  3.09886E-03,  3.09886E-03
 2.32631E+00,  1.20117E+00,  2.85204E-01,  1.19541E-01,  6.31416E-02
 3.45469E-02,  1.95697E-02,  1.18486E-02,  7.63334E-03,  5.09469E-03
 6.99666E-03,  6.99666E-03,  3.08537E-03,  3.08537E-03,  3.08537E-03
 3.08537E-03,  3.08537E-03,  3.08537E-03,  2.32631E+00,  1.20117E+00
 2.85204E-01,  1.19541E-01,  6.31416E-02,  3.45469E-02,  1.95697E-02
 1.18486E-02,  7.63334E-03,  5.09469E-03,  6.99666E-03,  6.99666E-03
 3.08537E-03,  3.08537E-03,  3.08537E-03,  3.08537E-03,  3.08537E-03
 3.08537E-03,  2.32631E+00,  1.20117E+00,  2.85204E-01,  1.19541E-01
 6.31416E-02,  3.45469E-02,  1.95697E-02,  1.18486E-02,  7.63334E-03
 5.09469E-03,  6.99666E-03,  6.99666E-03,  3.08537E-03,  3.08537E-03
 3.08537E-03,  3.08537E-03,  3.08537E-03,  3.08537E-03,  2.32631E+00
 1.20117E+00,  2.85204E-01,  1.19541E-01,  6.31416E-02,  3.45469E-02
 1.95697E-02,  1.18486E-02,  7.63334E-03,  5.09469E-03,  6.99666E-03
 6.99666E-03,  3.08537E-03,  3.08537E-03,  3.08537E-03,  3.08537E-03
 3.08537E-03,  3.08537E-03,  3.04059E+00,  1.66867E+00,  3.47840E-01
 1.22343E-01,  6.24875E-02,  3.40749E-02,  1.92741E-02,  1.16500E-02
 7.49427E-03,  4.99394E-03,  6.82485E-03,  6.82485E-03,  2.96966E-03
 2.96966E-03,  2.96966E-03,  2.96966E-03,  2.96966E-03,  2.96966E-03
 3.04059E+00,  1.66867E+00,  3.47840E-01,  1.22343E-01,  6.24875E-02
 3.40749E-02,  1.92741E-02,  1.16500E-02,  7.49427E-03,  4.99394E-03
 6.82485E-03,  6.82485E-03,  2.96966E-03,  2.96966E-03,  2.96966E-03
 2.96966E-03,  2.96966E-03,  2.96966E-03,  3.04059E+00,  1.66867E+00
 3.47840E-01,  1.22343E-01,  6.24875E-02,  3.40749E-02,  1.92741E-02
 1.16500E-02,  7.49427E-03,  4.99394E-03,  6.82485E-03,  6.82485E-03
 2.96966E-03,  2.96966E-03,  2.96966E-03,  2.96966E-03,  2.96966E-03
 2.96966E-03,  3.04059E+00,  1.66867E+00,  3.47840E-01,  1.22343E-01
 6.24875E-02,  3.40749E-02,  1.92741E-02,  1.16500E-02,  7.49427E-03
 4.99394E-03,  6.82485E-03,  6.82485E-03,  2.96966E-03,  2.96966E-03
 2.96966E-03,  2.96966E-03,  2.96966E-03,  2.96966E-03,  3.04547E+00
 1.45154E+00,  3.51975E-01,  1.24071E-01,  6.24585E-02,  3.37936E-02
 1.89573E-02,  1.13472E-02,  7.23381E-03,  4.78442E-03,  6.46027E-03
 6.46027E-03,  2.75136E-03,  2.75136E-03,  2.75136E-03,  2.75136E-03
 2.75136E-03,  2.75136E-03,  3.04547E+00,  1.45154E+00,  3.51975E-01
 1.24071E-01,  6.24585E-02,  3.37936E-02,  1.89573E-02,  1.13472E-02
 7.23381E-03,  4.78442E-03,  6.46027E-03,  6.46027E-03,  2.75136E-03
 2.75136E-03,  2.75136E-03,  2.75136E-03,  2.75136E-03,  2.75136E-03
 3.04547E+00,  1.45154E+00,  3.51975E-01,  1.24071E-01,  6.24585E-02
 3.37936E-02,  1.89573E-02,  1.13472E-02,  7.23381E-03,  4.78442E-03
 6.46027E-03,  6.46027E-03,  2.75136E-03,  2.75136E-03,  2.75136E-03
 2.75136E-03,  2.75136E-03,  2.75136E-03,  3.04547E+00,  1.45154E+00
 3.51975E-01,  1.24071E-01,  6.24585E-02,  3.37936E-02,  1.89573E-02
 1.13472E-02,  7.23381E-03,  4.78442E-03,  6.46027E-03,  6.46027E-03
 2.75136E-03,  2.75136E-03,  2.75136E-03,  2.75136E-03,  2.75136E-03
 2.75136E-03,  2.30536E+00,  1.10317E+00,  3.46327E-01,  1.27556E-01
 6.31494E-02,  3.35899E-02,  1.85355E-02,  1.08876E-02,  6.81020E-03
 4.42931E-03,  5.84946E-03,  5.84946E-03,  2.43577E-03,  2.43577E-03
 2.43577E-03,  2.43577E-03,  2.43577E-03,  2.43577E-03,  2.30536E+00
 1.10317E+00,  3.46327E-01,  1.27556E-01,  6.31494E-02,  3.35899E-02
 1.85355E-02,  1.08876E-02,  6.81020E-03,  4.42931E-03,  5.84946E-03
 5.84946E-03,  2.43577E-03,  2.43577E-03,  2.43577E-03,  2.43577E-03
 2.43577E-03,  2.43577E-03,  2.30536E+00,  1.10317E+00,  3.46327E-01
 1.27556E-01,  6.31494E-02,  3.35899E-02,  1.85355E-02,  1.08876E-02
 6.81020E-03,  4.42931E-03,  5.84946E-03,  5.84946E-03,  2.43577E-03
 2.43577E-03,  2.43577E-03,  2.43577E-03,  2.43577E-03,  2.43577E-03
 2.30536E+00,  1.10317E+00,  3.46327E-01,  1.27556E-01,  6.31494E-02
 3.35899E-02,  1.85355E-02,  1.08876E-02,  6.81020E-03,  4.42931E-03
 5.84946E-03,  5.84946E-03,  2.43577E-03,  2.43577E-03,  2.43577E-03
 2.43577E-03,  2.43577E-03,  2.43577E-03,  5.70839E+00,  2.18811E+00
 3.74974E-01,  1.25437E-01,  6.21928E-02,  3.28943E-02,  1.78171E-02
 1.01538E-02,  6.13752E-03,  3.87295E-03,  4.95062E-03,  4.95062E-03
 2.04351E-03,  2.04351E-03,  2.04351E-03,  2.04351E-03,  2.04351E-03
 2.04351E-03,  5.70839E+00,  2.18811E+00,  3.74974E-01,  1.25437E-01
 6.21928E-02,  3.28943E-02,  1.78171E-02,  1.01538E-02,  6.13752E-03
 3.87295E-03,  4.95062E-03,  4.95062E-03,  2.04351E-03,  2.04351E-03
 2.04351E-03,  2.04351E-03,  2.04351E-03,  2.04351E-03,  5.70839E+00
 2.18811E+00,  3.74974E-01,  1.25437E-01,  6.21928E-02,  3.28943E-02
 1.78171E-02,  1.01538E-02,  6.13752E-03,  3.87295E-03,  4.95062E-03
 4.95062E-03,  2.04351E-03,  2.04351E-03,  2.04351E-03,  2.04351E-03
 2.04351E-03,  2.04351E-03,  5.70839E+00,  2.18811E+00,  3.74974E-01
 1.25437E-01,  6.21928E-02,  3.28943E-02,  1.78171E-02,  1.01538E-02
 6.13752E-03,  3.87295E-03,  4.95062E-03,  4.95062E-03,  2.04351E-03
 2.04351E-03,  2.04351E-03,  2.04351E-03,  2.04351E-03,  2.04351E-03
 4.21220E+00,  2.05519E+00,  3.69424E-01,  1.17584E-01,  5.79304E-02
 3.03285E-02,  1.59744E-02,  8.71722E-03,  5.02375E-03,  3.04943E-03
 3.78463E-03,  3.78463E-03,  1.62275E-03,  1.62275E-03,  1.62275E-03
 1.62275E-03,  1.62275E-03,  1.62275E-03,  4.21220E+00,  2.05519E+00
 3.69424E-01,  1.17584E-01,  5.79304E-02,  3.03285E-02,  1.59744E-02
 8.71722E-03,  5.02375E-03,  3.04943E-03,  3.78463E-03,  3.78463E-03
 1.62275E-03,  1.62275E-03,  1.62275E-03,  1.62275E-03,  1.62275E-03
 1.62275E-03,  4.21220E+00,  2.05519E+00,  3.69424E-01,  1.17584E-01
 5.79304E-02,  3.03285E-02,  1.59744E-02,  8.71722E-03,  5.02375E-03
 3.04943E-03,  3.78463E-03,  3.78463E-03,  1.62275E-03,  1.62275E-03
 1.62275E-03,  1.62275E-03,  1.62275E-03,  1.62275E-03,  4.21220E+00
 2.05519E+00,  3.69424E-01,  1.17584E-01,  5.79304E-02,  3.03285E-02
 1.59744E-02,  8.71722E-03,  5.02375E-03,  3.04943E-03,  3.78463E-03
 3.78463E-03,  1.62275E-03,  1.62275E-03,  1.62275E-03,  1.62275E-03
 1.62275E-03,  1.62275E-03,  7.93096E+00,  2.40442E+00,  3.51465E-01
 1.01084E-01,  4.47353E-02,  2.20837E-02,  1.11803E-02,  5.90848E-03
 3.32989E-03,  2.00529E-03,  2.54227E-03,  2.54227E-03,  1.25790E-03
 1.25790E-03,  1.25790E-03,  1.25790E-03,  1.25790E-03,  1.25790E-03
 7.15628E+00,  2.01491E+00,  2.82062E-01,  7.72372E-02,  3.25287E-02
 1.56897E-02,  7.87022E-03,  4.14608E-03,  2.33736E-03,  1.41130E-03
 1.80360E-03,  1.80360E-03,  9.16806E-04,  9.16806E-04,  9.16806E-04
 9.16806E-04,  9.16806E-04,  9.16806E-04,  5.55729E+00,  1.48192E+00
 1.97535E-01,  5.17593E-02,  2.07787E-02,  9.77971E-03,  4.86546E-03
 2.56182E-03,  1.44911E-03,  8.79545E-04,  1.13598E-03,  1.13598E-03
 5.94591E-04,  5.94591E-04,  5.94591E-04,  5.94591E-04,  5.94591E-04
 5.94591E-04,  5.55729E+00,  1.48192E+00,  1.97535E-01,  5.17593E-02
 2.07787E-02,  9.77971E-03,  4.86546E-03,  2.56182E-03,  1.44911E-03
 8.79545E-04,  1.13598E-03,  1.13598E-03,  5.94591E-04,  5.94591E-04
 5.94591E-04,  5.94591E-04,  5.94591E-04,  5.94591E-04,  5.49624E+00
 1.06391E+00,  1.54934E-01,  6.18616E-02,  2.95626E-02,  1.62483E-02
 1.00281E-02,  6.81006E-03,  4.98050E-03,  3.85007E-03,  7.27858E-03
 7.27858E-03,  9.09009E-03,  9.09009E-03,  9.09009E-03,  9.09009E-03
 9.09009E-03,  9.09009E-03,  5.49624E+00,  1.06391E+00,  1.54934E-01
 6.18616E-02,  2.95626E-02,  1.62483E-02,  1.00281E-02,  6.81006E-03
 4.98050E-03,  3.85007E-03,  7.27858E-03,  7.27858E-03,  9.09009E-03
 9.09009E-03,  9.09009E-03,  9.09009E-03,  9.09009E-03,  9.09009E-03
 5.49624E+00,  1.06391E+00,  1.54934E-01,  6.18616E-02,  2.95626E-02
 1.62483E-02,  1.00281E-02,  6.81006E-03,  4.98050E-03,  3.85007E-03
 7.27858E-03,  7.27858E-03,  9.09009E-03,  9.09009E-03,  9.09009E-03
 9.09009E-03,  9.09009E-03,  9.09009E-03,  5.49624E+00,  1.06391E+00
 1.54934E-01,  6.18616E-02,  2.95626E-02,  1.62483E-02,  1.00281E-02
 6.81006E-03,  4.98050E-03,  3.85007E-03,  7.27858E-03,  7.27858E-03
 9.09009E-03,  9.09009E-03,  9.09009E-03,  9.09009E-03,  9.09009E-03
 9.09009E-03,  5.49624E+00,  1.06391E+00,  1.54934E-01,  6.18616E-02
 2.95626E-02,  1.62483E-02,  1.00281E-02,  6.81006E-03,  4.98050E-03
 3.85007E-03,  7.27858E-03,  7.27858E-03,  9.09009E-03,  9.09009E-03
 9.09009E-03,  9.09009E-03,  9.09009E-03,  9.09009E-03,  5.49624E+00
 1.06391E+00,  1.54934E-01,  6.18616E-02,  2.95626E-02,  1.62483E-02
 1.00281E-02,  6.81006E-03,  4.98050E-03,  3.85007E-03,  7.27858E-03
 7.27858E-03,  9.09009E-03,  9.09009E-03,  9.09009E-03,  9.09009E-03
 9.09009E-03,  9.09009E-03,  5.49624E+00,  1.06391E+00,  1.54934E-01
 6.18616E-02,  2.95626E-02,  1.62483E-02,  1.00281E-02,  6.81006E-03
 4.98050E-03,  3.85007E-03,  7.27858E-03,  7.27858E-03,  9.09009E-03
 9.09009E-03,  9.09009E-03,  9.09009E-03,  9.09009E-03,  9.09009E-03
 5.49624E+00,  1.06391E+00,  1.54934E-01,  6.18616E-02,  2.95626E-02
 1.62483E-02,  1.00281E-02,  6.81006E-03,  4.98050E-03,  3.85007E-03
 7.27858E-03,  7.27858E-03,  9.09009E-03,  9.09009E-03,  9.09009E-03
 9.09009E-03,  9.09009E-03,  9.09009E-03,  5.49624E+00,  1.06391E+00
 1.54934E-01,  6.18616E-02,  2.95626E-02,  1.62483E-02,  1.00281E-02
 6.81006E-03,  4.98050E-03,  3.85007E-03,  7.27858E-03,  7.27858E-03
 9.09009E-03,  9.09009E-03,  9.09009E-03,  9.09009E-03,  9.09009E-03
 9.09009E-03,  5.49624E+00,  1.06391E+00,  1.54934E-01,  6.18616E-02
 2.95626E-02,  1.62483E-02,  1.00281E-02,  6.81006E-03,  4.98050E-03
 3.85007E-03,  7.27858E-03,  7.27858E-03,  9.09009E-03,  9.09009E-03
 9.09009E-03,  9.09009E-03,  9.09009E-03,  9.09009E-03,  5.49624E+00
 1.06391E+00,  1.54934E-01,  6.18616E-02,  2.95626E-02,  1.62483E-02
 1.00281E-02,  6.81006E-03,  4.98050E-03,  3.85007E-03,  7.27858E-03
 7.27858E-03,  9.09009E-03,  9.09009E-03,  9.09009E-03,  9.09009E-03
 9.09009E-03,  9.09009E-03

;------ Iteration  1
;-Index  V/I_Meas      V/I_Calc    VI_%ERR
  1,    2.07243E+01,   6.59613E+00,  -68.17
  2,    2.56875E+00,   5.96998E-01,  -76.76
  3,    1.24840E+00,   3.30923E-01,  -73.49
  4,    9.38865E-02,   1.93036E-01,  105.61
  5,    1.51760E-01,   5.96654E-02,  -60.68
  6,    9.01102E-02,   4.23875E-02,  -52.96
  7,    2.51083E+01,   6.91834E+00,  -72.45
  8,    6.05705E+00,   1.66849E+00,  -72.45
  9,    2.62075E+00,   7.43321E-01,  -71.64
  10,    1.10857E+00,   3.79210E-01,  -65.79
  11,    1.39745E-01,   6.41150E-02,  -54.12
  12,    8.66431E-02,   4.55811E-02,  -47.39
  13,    3.66935E-02,   1.48857E-01,  305.68
  14,    2.42305E-01,   1.64894E-01,  -31.95
  15,    1.08723E-01,   1.32095E-01,  21.50
  16,    6.45944E-02,   8.33962E-02,  29.11
  17,    3.79840E-02,   5.02581E-02,  32.31
  18,    2.77012E-02,   3.18345E-02,  14.92
  19,    2.10235E+01,   6.63963E+00,  -68.42
  20,    5.51175E+00,   2.09308E+00,  -62.03
  21,    2.10442E+00,   8.69477E-01,  -58.68
  22,    8.42778E-01,   2.96526E-01,  -64.82
  23,    1.23720E-01,   7.14989E-02,  -42.21
  24,    8.03241E-02,   7.66200E-02,  -4.61
  25,    2.18757E-01,   2.31433E-01,  5.79
  26,    1.03491E-01,   1.47039E-01,  42.08
  27,    5.92737E-02,   8.82649E-02,  48.91
  28,    3.80062E-02,   5.28979E-02,  39.18
  29,    2.69831E-02,   3.36422E-02,  24.68
  30,    4.16334E-02,   4.89364E-02,  17.54
  31,    3.13011E-02,   3.50745E-02,  12.06
  32,    2.56430E-02,   2.78999E-02,  8.80
  33,    2.12077E+01,   8.24820E+00,  -61.11
  34,    5.34089E+00,   2.29129E+00,  -57.10
  35,    1.90316E+00,   6.32996E-01,  -66.74
  36,    7.61439E-01,   3.20736E-01,  -57.88
  37,    1.40548E-01,   1.16367E-01,  -17.20
  38,    7.82689E-02,   9.13585E-02,  16.72
  39,    2.08930E-01,   2.73005E-01,  30.67
  40,    1.10353E-01,   1.63032E-01,  47.74
  41,    5.87669E-02,   9.39736E-02,  59.91
  42,    4.03443E-02,   5.70947E-02,  41.52
  43,    2.84742E-02,   3.84840E-02,  35.15
  44,    4.56410E-02,   5.65734E-02,  23.95
  45,    3.47810E-02,   4.18624E-02,  20.36
  46,    2.67499E-02,   3.00431E-02,  12.31
  47,    4.41874E-02,   4.59111E-02,  3.90
  48,    2.76329E-02,   2.56823E-02,  -7.06
  49,    2.43151E-02,   1.56875E-02,  -35.48
  50,    2.33259E+01,   9.73333E+00,  -58.27
  51,    4.91551E+00,   1.55165E+00,  -68.43
  52,    1.71542E+00,   5.76285E-01,  -66.41
  53,    7.63683E-01,   2.80723E-01,  -63.24
  54,    1.34355E-01,   1.10600E-01,  -17.68
  55,    8.57191E-02,   8.36919E-02,  -2.36
  56,    2.89493E-02,   1.56382E-01,  440.19
  57,    2.31722E-01,   2.71590E-01,  17.21
  58,    1.18091E-01,   1.55318E-01,  31.52
  59,    6.76859E-02,   8.93280E-02,  31.97
  60,    4.56516E-02,   5.48064E-02,  20.05
  61,    3.30751E-02,   4.20960E-02,  27.27
  62,    5.05039E-02,   5.84737E-02,  15.78
  63,    3.83803E-02,   4.56366E-02,  18.91
  64,    2.78508E-02,   3.10267E-02,  11.40
  65,    4.45802E-02,   4.67840E-02,  4.94
  66,    2.72002E-02,   2.62130E-02,  -3.63
  67,    2.78031E-02,   1.70084E-02,  -38.83
  68,    3.00666E-02,   1.87721E-02,  -37.57
  69,    2.17111E-02,   1.42827E-02,  -34.21
  70,    2.51867E+01,   9.11314E+00,  -63.82
  71,    4.91285E+00,   1.91554E+00,  -61.01
  72,    1.79343E+00,   6.79135E-01,  -62.13
  73,    8.39700E-01,   3.11852E-01,  -62.86
  74,    1.49670E-01,   2.50127E-01,  67.12
  75,    1.47258E-01,   1.24664E-01,  -15.34
  76,    9.33280E-02,   9.03283E-02,  -3.21
  77,    2.58679E-01,   2.67517E-01,  3.42
  78,    1.22031E-01,   1.45547E-01,  19.27
  79,    7.54422E-02,   8.43635E-02,  11.83
  80,    5.03819E-02,   5.46725E-02,  8.52
  81,    3.87900E-02,   4.14518E-02,  6.86
  82,    5.76154E-02,   6.45902E-02,  12.11
  83,    4.36995E-02,   4.98956E-02,  14.18
  84,    3.19190E-02,   3.12535E-02,  -2.09
  85,    4.86561E-02,   4.81669E-02,  -1.01
  86,    3.01298E-02,   2.70042E-02,  -10.37
  87,    2.91209E-02,   1.83582E-02,  -36.96
  88,    3.00144E-02,   2.09301E-02,  -30.27
  89,    2.13417E-02,   1.54758E-02,  -27.49
  90,    2.58147E-02,   1.68553E-02,  -34.71
  91,    1.98618E-02,   1.14412E-02,  -42.40
  92,    5.35987E+00,   2.31837E+00,  -56.75
  93,    2.08741E+00,   7.89329E-01,  -62.19
  94,    1.02678E+00,   5.16258E-01,  -49.72
  95,    1.87425E-01,   3.15365E-01,  68.26
  96,    1.72181E-01,   1.44822E-01,  -15.89
  97,    1.17447E-01,   1.03588E-01,  -11.80
  98,    2.90909E-01,   2.91320E-01,  0.14
  99,    1.47621E-01,   1.55010E-01,  5.01
  100,    8.99679E-02,   8.94922E-02,  -0.53
  101,    6.19399E-02,   6.54998E-02,  5.75
  102,    4.74925E-02,   4.44162E-02,  -6.48
  103,    6.89750E-02,   7.24064E-02,  4.97
  104,    4.92579E-02,   5.04969E-02,  2.52
  105,    3.40743E-02,   3.24353E-02,  -4.81
  106,    5.22244E-02,   5.18937E-02,  -0.63
  107,    3.38687E-02,   2.67406E-02,  -21.05
  108,    3.23105E-02,   2.04085E-02,  -36.84
  109,    3.19228E-02,   2.48475E-02,  -22.16
  110,    2.16338E-02,   1.57591E-02,  -27.16
  111,    2.66745E-02,   1.87351E-02,  -29.76
  112,    2.14036E-02,   1.27777E-02,  -40.30
  113,    5.72150E+00,   1.79905E+00,  -68.56
  114,    2.31320E+00,   8.29092E-01,  -64.16
  115,    9.68294E-01,   4.27617E-01,  -55.84
  116,    1.86464E-01,   2.54517E-01,  36.50
  117,    1.88712E-01,   1.11430E-01,  -40.95
  118,    1.03236E-01,   7.52855E-02,  -27.07
  119,    2.96212E-01,   2.53409E-01,  -14.45
  120,    1.63627E-01,   1.34905E-01,  -17.55
  121,    1.00222E-01,   8.17762E-02,  -18.40
  122,    7.38560E-02,   5.91847E-02,  -19.86
  123,    5.39285E-02,   4.48759E-02,  -16.79
  124,    8.00984E-02,   7.23798E-02,  -9.64
  125,    5.42293E-02,   4.77648E-02,  -11.92
  126,    3.46281E-02,   3.08658E-02,  -10.86
  127,    5.20586E-02,   4.62838E-02,  -11.09
  128,    4.13181E-02,   2.75508E-02,  -33.32
  129,    3.06594E-02,   1.94908E-02,  -36.43
  130,    3.37121E-02,   2.50344E-02,  -25.74
  131,    2.32575E-02,   1.65807E-02,  -28.71
  132,    2.79093E-02,   1.89783E-02,  -32.00
  133,    2.16048E-02,   1.33495E-02,  -38.21
  134,    6.07769E+00,   2.35513E+00,  -61.25
  135,    2.01531E+00,   9.17997E-01,  -54.45
  136,    9.22482E-01,   4.69373E-01,  -49.12
  137,    2.93652E-01,   2.72727E-01,  -7.13
  138,    4.42888E-01,   1.74080E-01,  -60.69
  139,    1.43564E-01,   1.12084E-01,  -21.93
  140,    9.80310E-02,   7.56446E-02,  -22.84
  141,    2.89595E-01,   2.20125E-01,  -23.99
  142,    1.62090E-01,   1.15368E-01,  -28.82
  143,    1.02372E-01,   7.84765E-02,  -23.34
  144,    7.43722E-02,   5.08229E-02,  -31.66
  145,    5.26667E-02,   4.04560E-02,  -23.18
  146,    8.48895E-02,   7.28558E-02,  -14.18
  147,    5.70213E-02,   4.41532E-02,  -22.57
  148,    3.24661E-02,   2.78767E-02,  -14.14
  149,    5.09961E-02,   4.40773E-02,  -13.57
  150,    4.73332E-02,   2.78912E-02,  -41.07
  151,    2.71496E-02,   1.99475E-02,  -26.53
  152,    3.33201E-02,   2.47837E-02,  -25.62
  153,    2.30520E-02,   1.66915E-02,  -27.59
  154,    2.80427E-02,   1.87725E-02,  -33.06
  155,    2.28094E-02,   1.36584E-02,  -40.12
  156,    5.95258E+00,   2.44255E+00,  -58.97
  157,    2.26191E+00,   9.66242E-01,  -57.28
  158,    9.77684E-01,   4.85336E-01,  -50.36
  159,    3.24570E-01,   2.81405E-01,  -13.30
  160,    4.23618E-01,   1.69352E-01,  -60.02
  161,    1.53060E-01,   1.08209E-01,  -29.30
  162,    9.56131E-02,   7.27360E-02,  -23.93
  163,    2.82887E-01,   2.13110E-01,  -24.67
  164,    1.58797E-01,   1.15536E-01,  -27.24
  165,    1.07999E-01,   7.76677E-02,  -28.08
  166,    7.42793E-02,   5.62741E-02,  -24.24
  167,    5.51055E-02,   4.38256E-02,  -20.47
  168,    8.47283E-02,   6.43938E-02,  -24.00
  169,    5.42794E-02,   3.98740E-02,  -26.54
  170,    3.04051E-02,   2.43818E-02,  -19.81
  171,    5.27314E-02,   4.10615E-02,  -22.13
  172,    4.60293E-02,   2.71939E-02,  -40.92
  173,    2.79294E-02,   2.06008E-02,  -26.24
  174,    3.38499E-02,   2.47872E-02,  -26.77
  175,    2.26353E-02,   1.65786E-02,  -26.76
  176,    2.78493E-02,   1.89590E-02,  -31.92
  177,    6.10244E+00,   2.57372E+00,  -57.82
  178,    2.13197E+00,   1.02556E+00,  -51.90
  179,    9.54436E-01,   5.19977E-01,  -45.52
  180,    2.45200E-01,   2.86148E-01,  16.70
  181,    3.76698E-01,   1.70661E-01,  -54.70
  182,    1.33233E-01,   1.08459E-01,  -18.59
  183,    9.42898E-02,   7.04676E-02,  -25.26
  184,    2.82526E-01,   2.04840E-01,  -27.50
  185,    1.63757E-01,   1.23468E-01,  -24.60
  186,    1.10012E-01,   7.43617E-02,  -32.41
  187,    7.46303E-02,   5.67681E-02,  -23.93
  188,    5.90355E-02,   4.68909E-02,  -20.57
  189,    8.03295E-02,   6.35382E-02,  -20.90
  190,    4.74987E-02,   3.93337E-02,  -17.19
  191,    3.07734E-02,   2.23482E-02,  -27.38
  192,    5.14108E-02,   3.54449E-02,  -31.06
  193,    4.45487E-02,   2.63073E-02,  -40.95
  194,    2.74163E-02,   2.15418E-02,  -21.43
  195,    3.06639E-02,   2.43759E-02,  -20.51
  196,    2.23371E-02,   1.57982E-02,  -29.27
  197,    2.72825E-02,   1.91977E-02,  -29.63
  198,    6.03535E+00,   3.38070E+00,  -43.99
  199,    2.22474E+00,   1.42410E+00,  -35.99
  200,    7.89918E-01,   6.95303E-01,  -11.98
  201,    2.48124E-01,   3.83672E-01,  54.63
  202,    3.35292E-01,   2.29635E-01,  -31.51
  203,    1.32921E-01,   1.42145E-01,  6.94
  204,    8.68220E-02,   9.45315E-02,  8.88
  205,    2.64123E-01,   2.50329E-01,  -5.22
  206,    1.65569E-01,   1.49778E-01,  -9.54
  207,    1.07036E-01,   1.01301E-01,  -5.36
  208,    7.59017E-02,   7.54486E-02,  -0.60
  209,    5.40453E-02,   5.59654E-02,  3.55
  210,    8.10408E-02,   7.05179E-02,  -12.98
  211,    4.27062E-02,   4.24310E-02,  -0.64
  212,    3.14016E-02,   2.61329E-02,  -16.78
  213,    5.61689E-02,   4.27754E-02,  -23.85
  214,    3.83145E-02,   2.92185E-02,  -23.74
  215,    2.56840E-02,   2.35381E-02,  -8.35
  216,    2.82814E-02,   2.37505E-02,  -16.02
  217,    2.13449E-02,   1.69484E-02,  -20.60
  218,    2.72835E-02,   2.07963E-02,  -23.78
  219,    2.60792E+01,   1.30082E+01,  -50.12
  220,    5.43997E+00,   3.29178E+00,  -39.49
  221,    1.55118E+00,   1.31061E+00,  -15.51
  222,    6.28012E-01,   6.34970E-01,  1.11
  223,    2.03822E-01,   3.47628E-01,  70.55
  224,    2.36711E-01,   2.01051E-01,  -15.06
  225,    1.01014E-01,   1.26147E-01,  24.88
  226,    7.10739E-02,   8.85900E-02,  24.64
  227,    2.37972E-01,   2.88698E-01,  21.32
  228,    1.50735E-01,   1.58016E-01,  4.83
  229,    9.68624E-02,   1.14541E-01,  18.25
  230,    7.46612E-02,   9.09222E-02,  21.78
  231,    4.77969E-02,   6.02191E-02,  25.99
  232,    7.03605E-02,   7.55518E-02,  7.38
  233,    3.70233E-02,   4.40858E-02,  19.08
  234,    3.44764E-02,   3.03652E-02,  -11.92
  235,    5.95121E-02,   4.69236E-02,  -21.15
  236,    3.17637E-02,   3.22211E-02,  1.44
  237,    2.44197E-02,   2.50655E-02,  2.64
  238,    2.69293E-02,   2.67447E-02,  -0.69
  239,    1.95159E-02,   1.84136E-02,  -5.65
  240,    2.63180E-02,   2.17616E-02,  -17.31
  241,    6.07736E+00,   3.21523E+00,  -47.09
  242,    1.93509E+00,   1.25118E+00,  -35.34
  243,    6.86918E-01,   5.96529E-01,  -13.16
  244,    2.31855E-01,   3.11543E-01,  34.37
  245,    2.85318E-01,   1.79519E-01,  -37.08
  246,    1.19573E-01,   1.17540E-01,  -1.70
  247,    8.72093E-02,   9.01725E-02,  3.40
  248,    2.50916E-01,   2.61008E-01,  4.02
  249,    1.50949E-01,   1.61673E-01,  7.10
  250,    9.97042E-02,   1.14346E-01,  14.69
  251,    6.79016E-02,   8.16013E-02,  20.18
  252,    4.91152E-02,   5.47038E-02,  11.38
  253,    6.06553E-02,   7.66265E-02,  26.33
  254,    3.72737E-02,   4.17106E-02,  11.90
  255,    3.47560E-02,   3.24009E-02,  -6.78
  256,    5.53386E-02,   4.89047E-02,  -11.63
  257,    3.16469E-02,   3.54603E-02,  12.05
  258,    2.13461E-02,   2.57393E-02,  20.58
  259,    2.57171E-02,   2.80583E-02,  9.10
  260,    1.88288E-02,   1.91774E-02,  1.85
  261,    2.46788E-02,   2.30821E-02,  -6.47
  262,    1.83269E+00,   1.21959E+00,  -33.45
  263,    6.79957E-01,   5.54768E-01,  -18.41
  264,    1.85478E-01,   2.84459E-01,  53.37
  265,    3.07694E-01,   1.69402E-01,  -44.94
  266,    1.19004E-01,   1.20263E-01,  1.06
  267,    8.97034E-02,   6.81355E-02,  -24.04
  268,    2.70660E-01,   2.27780E-01,  -15.84
  269,    1.57234E-01,   1.51227E-01,  -3.82
  270,    1.12358E-01,   1.12868E-01,  0.45
  271,    6.80839E-02,   7.13289E-02,  4.77
  272,    4.72548E-02,   4.83640E-02,  2.35
  273,    5.29234E-02,   6.55138E-02,  23.79
  274,    3.74505E-02,   3.87631E-02,  3.50
  275,    3.42883E-02,   3.06963E-02,  -10.48
  276,    5.42960E-02,   5.01249E-02,  -7.68
  277,    3.08836E-02,   3.92625E-02,  27.13
  278,    1.97530E-02,   2.45312E-02,  24.19
  279,    2.42351E-02,   2.81099E-02,  15.99
  280,    1.85181E-02,   1.96248E-02,  5.98
  281,    2.43974E-02,   2.33268E-02,  -4.39
  282,    2.09371E+00,   1.19837E+00,  -42.76
  283,    7.79404E-01,   5.33322E-01,  -31.57
  284,    1.91602E-01,   2.81559E-01,  46.95
  285,    3.78759E-01,   1.81473E-01,  -52.09
  286,    1.48487E-01,   9.54978E-02,  -35.69
  287,    9.99060E-02,   7.69460E-02,  -22.98
  288,    2.88083E-01,   2.40041E-01,  -16.68
  289,    1.73485E-01,   1.53656E-01,  -11.43
  290,    1.09826E-01,   1.02139E-01,  -7.00
  291,    7.46354E-02,   6.48149E-02,  -13.16
  292,    4.36110E-02,   4.16904E-02,  -4.40
  293,    5.13951E-02,   5.64877E-02,  9.91
  294,    4.50839E-02,   3.72341E-02,  -17.41
  295,    2.97197E-02,   2.60032E-02,  -12.51
  296,    4.69384E-02,   4.49264E-02,  -4.29
  297,    2.95880E-02,   3.46647E-02,  17.16
  298,    1.92295E-02,   2.33450E-02,  21.40
  299,    2.35129E-02,   2.68373E-02,  14.14
  300,    1.79449E-02,   1.99196E-02,  11.00
  301,    1.95633E+00,   1.13094E+00,  -42.19
  302,    7.22030E-01,   5.18173E-01,  -28.23
  303,    2.45501E-01,   2.96653E-01,  20.84
  304,    3.14589E-01,   1.42991E-01,  -54.55
  305,    1.32839E-01,   1.08302E-01,  -18.47
  306,    9.12254E-02,   7.97624E-02,  -12.57
  307,    2.81530E-01,   2.40175E-01,  -14.69
  308,    1.84205E-01,   1.61205E-01,  -12.49
  309,    1.01430E-01,   9.40731E-02,  -7.25
  310,    6.69656E-02,   5.98961E-02,  -10.56
  311,    3.76459E-02,   3.97816E-02,  5.67
  312,    5.08173E-02,   4.69354E-02,  -7.64
  313,    4.43708E-02,   3.47282E-02,  -21.73
  314,    2.39373E-02,   2.38985E-02,  -0.16
  315,    3.91844E-02,   4.15251E-02,  5.97
  316,    2.76876E-02,   3.07876E-02,  11.20
  317,    1.84457E-02,   2.10969E-02,  14.37
  318,    2.23618E-02,   2.48055E-02,  10.93
  319,    1.70212E-02,   1.85472E-02,  8.97
  320,    2.45714E+00,   1.09178E+00,  -55.57
  321,    9.03480E-01,   5.41767E-01,  -40.04
  322,    1.82202E-01,   2.34217E-01,  28.55
  323,    1.66081E-01,   1.15420E-01,  -30.50
  324,    1.09426E-01,   7.96964E-02,  -27.17
  325,    3.16558E-01,   2.57874E-01,  -18.54
  326,    1.79875E-01,   1.54496E-01,  -14.11
  327,    1.09995E-01,   9.04850E-02,  -17.74
  328,    5.94460E-02,   5.41770E-02,  -8.86
  329,    3.31911E-02,   3.44013E-02,  3.65
  330,    5.25062E-02,   4.50225E-02,  -14.25
  331,    4.42747E-02,   3.37055E-02,  -23.87
  332,    2.24154E-02,   2.32862E-02,  3.88
  333,    3.92747E-02,   4.00776E-02,  2.04
  334,    2.48500E-02,   2.74557E-02,  10.49
  335,    1.74309E-02,   1.88613E-02,  8.21
  336,    2.08296E-02,   2.25454E-02,  8.24
  337,    1.74077E-02,   1.67081E-02,  -4.02
  338,    2.15001E+00,   1.11179E+00,  -48.29
  339,    9.91793E-01,   4.14517E-01,  -58.21
  340,    1.39811E-01,   2.63205E-01,  88.26
  341,    1.61607E-01,   1.13991E-01,  -29.46
  342,    1.27958E-01,   9.56080E-02,  -25.28
  343,    3.73491E-01,   2.81413E-01,  -24.65
  344,    1.82501E-01,   1.48573E-01,  -18.59
  345,    1.07117E-01,   8.75257E-02,  -18.29
  346,    5.49832E-02,   5.38821E-02,  -2.00
  347,    3.14264E-02,   2.89191E-02,  -7.98
  348,    5.80390E-02,   4.56754E-02,  -21.30
  349,    3.50537E-02,   2.99122E-02,  -14.67
  350,    2.26806E-02,   2.36920E-02,  4.46
  351,    3.84461E-02,   4.10519E-02,  6.78
  352,    2.28213E-02,   2.38682E-02,  4.59
  353,    1.63110E-02,   1.67308E-02,  2.57
  354,    2.02806E-02,   2.05053E-02,  1.11
  355,    6.32291E+00,   2.96240E+00,  -53.15
  356,    2.42941E+00,   8.48443E-01,  -65.08
  357,    9.34296E-01,   4.64872E-01,  -50.24
  358,    2.53052E-01,   2.77905E-01,  9.82
  359,    4.70146E-01,   1.71772E-01,  -63.46
  360,    2.05146E-01,   1.37094E-01,  -33.17
  361,    1.38997E-01,   9.18365E-02,  -33.93
  362,    3.64430E-01,   2.72094E-01,  -25.34
  363,    1.98949E-01,   1.44863E-01,  -27.19
  364,    9.42916E-02,   7.99412E-02,  -15.22
  365,    4.87184E-02,   4.73777E-02,  -2.75
  366,    3.58201E-02,   2.96710E-02,  -17.17
  367,    6.18732E-02,   4.53179E-02,  -26.76
  368,    3.14527E-02,   2.89597E-02,  -7.93
  369,    2.36043E-02,   2.42647E-02,  2.80
  370,    3.66439E-02,   3.72539E-02,  1.66
  371,    2.19586E-02,   2.31689E-02,  5.51
  372,    1.62634E-02,   1.58086E-02,  -2.80
  373,    2.03385E-02,   1.89999E-02,  -6.58
  374,    2.14589E+00,   9.83637E-01,  -54.16
  375,    8.45372E-01,   5.15363E-01,  -39.04
  376,    2.44612E-01,   2.91910E-01,  19.34
  377,    1.99963E-01,   1.39601E-01,  -30.19
  378,    1.13386E-01,   9.49958E-02,  -16.22
  379,    3.50445E-01,   2.70052E-01,  -22.94
  380,    1.83315E-01,   1.44289E-01,  -21.29
  381,    8.18915E-02,   8.10016E-02,  -1.09
  382,    4.43376E-02,   4.06065E-02,  -8.42
  383,    3.74022E-02,   2.90115E-02,  -22.43
  384,    6.16918E-02,   4.64525E-02,  -24.70
  385,    2.91736E-02,   2.95499E-02,  1.29
  386,    2.26963E-02,   2.20635E-02,  -2.79
  387,    3.60432E-02,   3.51611E-02,  -2.45
  388,    2.23686E-02,   2.21775E-02,  -0.85
  389,    1.57647E-02,   1.50128E-02,  -4.77
  390,    1.92219E-02,   1.81352E-02,  -5.65
  391,    1.99952E+00,   1.11525E+00,  -44.22
  392,    8.46089E-01,   5.58253E-01,  -34.02
  393,    3.85740E-01,   3.84989E-01,  -0.19
  394,    1.78218E-01,   1.50664E-01,  -15.46
  395,    1.34689E-01,   9.88599E-02,  -26.60
  396,    3.74887E-01,   2.86982E-01,  -23.45
  397,    1.54621E-01,   1.42427E-01,  -7.89
  398,    7.03302E-02,   7.71963E-02,  9.76
  399,    4.76763E-02,   4.52094E-02,  -5.17
  400,    3.89113E-02,   3.31117E-02,  -14.90
  401,    5.12519E-02,   4.41503E-02,  -13.86
  402,    3.10974E-02,   3.21215E-02,  3.29
  403,    1.97023E-02,   2.09572E-02,  6.37
  404,    3.20080E-02,   3.39260E-02,  5.99
  405,    2.10656E-02,   2.14454E-02,  1.80
  406,    1.54380E-02,   1.44988E-02,  -6.08
  407,    1.94699E-02,   1.78040E-02,  -8.56
  408,    6.11714E+00,   2.93574E+00,  -52.01
  409,    1.96900E+00,   1.23242E+00,  -37.41
  410,    1.11223E+00,   7.55913E-01,  -32.04
  411,    4.54019E-01,   4.24158E-01,  -6.58
  412,    4.47306E-01,   2.61329E-01,  -41.58
  413,    2.22446E-01,   1.64974E-01,  -25.84
  414,    1.42246E-01,   1.19588E-01,  -15.93
  415,    3.65735E-01,   3.18524E-01,  -12.91
  416,    1.39970E-01,   1.59933E-01,  14.26
  417,    6.62039E-02,   7.37683E-02,  11.43
  418,    5.30261E-02,   4.99251E-02,  -5.85
  419,    4.62791E-02,   4.03058E-02,  -12.91
  420,    4.34874E-02,   4.80491E-02,  10.49
  421,    3.12419E-02,   3.69749E-02,  18.35
  422,    1.85895E-02,   1.99600E-02,  7.37
  423,    3.09585E-02,   3.28181E-02,  6.01
  424,    2.11322E-02,   2.12420E-02,  0.52
  425,    1.56539E-02,   1.47570E-02,  -5.73
  426,    2.06630E-02,   1.77991E-02,  -13.86
  427,    5.59096E+00,   2.29769E+00,  -58.90
  428,    2.54020E+00,   1.15285E+00,  -54.62
  429,    1.17197E+00,   5.75740E-01,  -50.87
  430,    3.70809E-01,   3.29572E-01,  -11.12
  431,    2.29461E-01,   1.38181E-01,  -39.78
  432,    1.23286E-01,   8.56040E-02,  -30.56
  433,    3.23268E-01,   2.74434E-01,  -15.11
  434,    1.25831E-01,   1.35524E-01,  7.70
  435,    7.66221E-02,   7.39896E-02,  -3.44
  436,    5.95566E-02,   5.17894E-02,  -13.04
  437,    3.93403E-02,   3.53748E-02,  -10.08
  438,    4.23110E-02,   4.90443E-02,  15.91
  439,    3.11593E-02,   3.39635E-02,  9.00
  440,    1.91772E-02,   2.17875E-02,  13.61
  441,    3.08001E-02,   3.34951E-02,  8.75
  442,    2.13899E-02,   2.11206E-02,  -1.26
  443,    1.53893E-02,   1.46551E-02,  -4.77
  444,    1.10216E+00,   5.93955E-01,  -46.11
  445,    3.55291E-01,   3.32554E-01,  -6.40
  446,    2.01173E-01,   1.31815E-01,  -34.48
  447,    1.09193E-01,   8.70625E-02,  -20.27
  448,    2.85219E-01,   2.55795E-01,  -10.32
  449,    1.14398E-01,   1.08120E-01,  -5.49
  450,    8.33429E-02,   6.91954E-02,  -16.98
  451,    6.73928E-02,   5.36268E-02,  -20.43
  452,    3.10131E-02,   3.18036E-02,  2.55
  453,    4.63897E-02,   5.27061E-02,  13.62
  454,    2.79575E-02,   3.20938E-02,  14.79
  455,    1.93758E-02,   2.15352E-02,  11.14
  456,    3.14156E-02,   3.38041E-02,  7.60
  457,    2.10809E-02,   2.12191E-02,  0.66
  458,    1.58374E-02,   1.51335E-02,  -4.44
  459,    2.59148E+00,   1.11888E+00,  -56.82
  460,    2.69711E-01,   3.43042E-01,  27.19
  461,    1.79430E-01,   1.22147E-01,  -31.93
  462,    9.71550E-02,   8.81633E-02,  -9.26
  463,    2.52782E-01,   2.33315E-01,  -7.70
  464,    1.31542E-01,   1.16790E-01,  -11.21
  465,    9.25395E-02,   7.75318E-02,  -16.22
  466,    5.65087E-02,   5.09088E-02,  -9.91
  467,    3.04459E-02,   3.41964E-02,  12.32
  468,    4.72243E-02,   5.39857E-02,  14.32
  469,    2.64648E-02,   2.72751E-02,  3.06
  470,    1.95223E-02,   2.00025E-02,  2.46
  471,    3.12206E-02,   3.30492E-02,  5.86
  472,    2.13894E-02,   2.08280E-02,  -2.62
  473,    1.68177E-02,   1.53073E-02,  -8.98
  474,    6.58037E+00,   2.53616E+00,  -61.46
  475,    1.32024E+00,   5.59665E-01,  -57.61
  476,    2.97713E-01,   2.91393E-01,  -2.12
  477,    1.39096E-01,   1.18459E-01,  -14.84
  478,    7.57013E-02,   5.87916E-02,  -22.34
  479,    2.18441E-01,   1.86803E-01,  -14.48
  480,    1.42850E-01,   1.10969E-01,  -22.32
  481,    1.04678E-01,   8.18132E-02,  -21.84
  482,    4.50503E-02,   4.64563E-02,  3.12
  483,    3.05649E-02,   3.56487E-02,  16.63
  484,    4.68946E-02,   5.04483E-02,  7.58
  485,    2.70807E-02,   3.03538E-02,  12.09
  486,    1.89779E-02,   1.88137E-02,  -0.87
  487,    3.05025E-02,   3.01017E-02,  -1.31
  488,    2.15553E-02,   1.96010E-02,  -9.07
  489,    1.75997E-02,   1.42838E-02,  -18.84
  490,    1.13693E+00,   5.96958E-01,  -47.49
  491,    2.05482E-01,   3.23020E-01,  57.20
  492,    1.19034E-01,   9.80129E-02,  -17.66
  493,    7.44040E-02,   7.36633E-02,  -1.00
  494,    2.40615E-01,   2.10129E-01,  -12.67
  495,    1.56809E-01,   1.29194E-01,  -17.61
  496,    8.71872E-02,   8.05540E-02,  -7.61
  497,    4.46907E-02,   5.14054E-02,  15.02
  498,    3.42368E-02,   3.90930E-02,  14.18
  499,    4.33740E-02,   4.93980E-02,  13.89
  500,    2.79442E-02,   3.11570E-02,  11.50
  501,    1.95538E-02,   2.00946E-02,  2.77
  502,    3.21501E-02,   3.19905E-02,  -0.50
  503,    2.18782E-02,   2.07578E-02,  -5.12
  504,    1.00591E+00,   5.38458E-01,  -46.47
  505,    1.33652E-01,   3.13567E-01,  134.61
  506,    1.16760E-01,   9.86655E-02,  -15.50
  507,    1.05913E-01,   7.13417E-02,  -32.64
  508,    2.82124E-01,   2.14993E-01,  -23.79
  509,    1.88030E-01,   1.47519E-01,  -21.54
  510,    7.33085E-02,   7.91348E-02,  7.95
  511,    4.74624E-02,   5.76904E-02,  21.55
  512,    3.83079E-02,   4.40135E-02,  14.89
  513,    4.16925E-02,   4.38591E-02,  5.20
  514,    2.93357E-02,   3.04305E-02,  3.73
  515,    2.03250E-02,   2.03200E-02,  -0.02
  516,    3.25848E-02,   3.20381E-02,  -1.68
  517,    2.32618E-02,   2.13247E-02,  -8.33
  518,    5.57527E+00,   2.85455E+00,  -48.80
  519,    1.77954E+00,   1.05960E+00,  -40.46
  520,    6.51715E-01,   5.33950E-01,  -18.07
  521,    1.22119E-01,   2.13330E-01,  74.69
  522,    2.99050E-01,   1.41291E-01,  -52.75
  523,    1.29912E-01,   9.73223E-02,  -25.09
  524,    7.71218E-02,   6.50721E-02,  -15.62
  525,    2.81795E-01,   2.23649E-01,  -20.63
  526,    1.40823E-01,   1.30374E-01,  -7.42
  527,    6.60604E-02,   7.82712E-02,  18.48
  528,    4.80322E-02,   5.67362E-02,  18.12
  529,    3.00191E-02,   3.68453E-02,  22.74
  530,    4.15528E-02,   4.93361E-02,  18.73
  531,    2.76315E-02,   2.88374E-02,  4.36
  532,    2.04332E-02,   2.01010E-02,  -1.63
  533,    3.21279E-02,   3.13813E-02,  -2.32
  534,    2.37388E-02,   2.15122E-02,  -9.38
  535,    5.21130E+00,   2.68762E+00,  -48.43
  536,    1.56605E+00,   1.03758E+00,  -33.75
  537,    5.72462E-01,   3.56126E-01,  -37.79
  538,    1.76971E-01,   2.09822E-01,  18.56
  539,    3.34841E-01,   1.34312E-01,  -59.89
  540,    1.32818E-01,   8.55202E-02,  -35.61
  541,    1.26665E-01,   7.78754E-02,  -38.52
  542,    3.23660E-01,   2.33679E-01,  -27.80
  543,    1.12088E-01,   1.16149E-01,  3.62
  544,    6.67424E-02,   7.95179E-02,  19.14
  545,    5.08003E-02,   5.77475E-02,  13.68
  546,    2.72923E-02,   2.78308E-02,  1.97
  547,    4.16490E-02,   4.60074E-02,  10.46
  548,    2.77499E-02,   2.79668E-02,  0.78
  549,    2.03417E-02,   1.84205E-02,  -9.44
  550,    3.29427E-02,   3.03958E-02,  -7.73
  551,    2.57314E-02,   2.07370E-02,  -19.41
  552,    2.38875E+01,   1.33667E+01,  -44.04
  553,    4.41358E+00,   3.07741E+00,  -30.27
  554,    1.29953E+00,   8.22607E-01,  -36.70
  555,    5.60187E-01,   4.11490E-01,  -26.54
  556,    3.87876E-01,   2.35241E-01,  -39.35
  557,    2.58467E-01,   1.39279E-01,  -46.11
  558,    2.11006E-01,   1.20341E-01,  -42.97
  559,    1.19297E-01,   7.77743E-02,  -34.81
  560,    2.93383E-01,   2.19385E-01,  -25.22
  561,    1.22231E-01,   1.20438E-01,  -1.47
  562,    8.06615E-02,   8.19058E-02,  1.54
  563,    4.70720E-02,   5.06373E-02,  7.57
  564,    3.13164E-02,   3.14937E-02,  0.57
  565,    4.31678E-02,   4.37976E-02,  1.46
  566,    2.89400E-02,   2.75495E-02,  -4.80
  567,    1.97790E-02,   1.80058E-02,  -8.97
  568,    3.36847E-02,   2.97852E-02,  -11.58
  569,    1.67942E+01,   1.43308E+01,  -14.67
  570,    3.07161E+00,   2.25703E+00,  -26.52
  571,    1.08454E+00,   8.52544E-01,  -21.39
  572,    7.31747E-01,   4.18781E-01,  -42.77
  573,    3.66913E-01,   2.23404E-01,  -39.11
  574,    3.27837E-01,   1.79717E-01,  -45.18
  575,    1.69613E-01,   1.10757E-01,  -34.70
  576,    8.09325E-02,   7.25115E-02,  -10.40
  577,    2.31591E-01,   2.13075E-01,  -7.99
  578,    1.24665E-01,   1.32732E-01,  6.47
  579,    8.57160E-02,   9.01145E-02,  5.13
  580,    4.33129E-02,   4.11184E-02,  -5.07
  581,    3.19547E-02,   3.43348E-02,  7.45
  582,    4.37952E-02,   4.04014E-02,  -7.75
  583,    3.06382E-02,   2.65271E-02,  -13.42
  584,    2.15092E-02,   1.80455E-02,  -16.10
  585,    3.42349E-02,   2.96662E-02,  -13.35
  586,    9.89550E+00,   9.99211E+00,  0.98
  587,    2.38184E+00,   2.35441E+00,  -1.15
  588,    1.39654E+00,   8.93269E-01,  -36.04
  589,    6.61919E-01,   4.15589E-01,  -37.21
  590,    5.03590E-01,   3.02732E-01,  -39.89
  591,    2.93625E-01,   1.75541E-01,  -40.22
  592,    1.16914E-01,   1.09696E-01,  -6.17
  593,    7.23241E-02,   7.28672E-02,  0.75
  594,    2.19162E-01,   2.24047E-01,  2.23
  595,    1.30039E-01,   1.39540E-01,  7.31
  596,    6.85258E-02,   8.10465E-02,  18.27
  597,    4.31907E-02,   4.76516E-02,  10.33
  598,    2.99446E-02,   3.29616E-02,  10.08
  599,    4.31238E-02,   4.28244E-02,  -0.69
  600,    2.98551E-02,   2.64893E-02,  -11.27
  601,    2.25431E-02,   1.89934E-02,  -15.75
  602,    3.65465E-02,   3.00664E-02,  -17.73
  603,    7.08428E+00,   1.01372E+01,  43.09
  604,    2.89216E+00,   2.42332E+00,  -16.21
  605,    1.21571E+00,   8.82617E-01,  -27.40
  606,    8.93043E-01,   5.61843E-01,  -37.09
  607,    2.57100E-01,   2.99199E-01,  16.37
  608,    3.13606E-01,   1.75987E-01,  -43.88
  609,    1.00731E-01,   1.11639E-01,  10.83
  610,    7.36282E-02,   8.76320E-02,  19.02
  611,    2.12331E-01,   2.56904E-01,  20.99
  612,    1.30740E-01,   1.60812E-01,  23.00
  613,    6.02286E-02,   6.90393E-02,  14.63
  614,    4.17568E-02,   5.50795E-02,  31.91
  615,    2.89149E-02,   3.18653E-02,  10.20
  616,    4.07218E-02,   4.50179E-02,  10.55
  617,    2.70620E-02,   2.75604E-02,  1.84
  618,    2.15469E-02,   2.00557E-02,  -6.92
  619,    3.70290E-02,   3.08221E-02,  -16.76
  620,    8.79268E+00,   7.08678E+00,  -19.40
  621,    2.54118E+00,   1.78818E+00,  -29.63
  622,    1.74784E+00,   8.39008E-01,  -52.00
  623,    6.85082E-01,   3.89448E-01,  -43.15
  624,    9.80398E-02,   2.06677E-01,  110.81
  625,    3.19806E-01,   1.22014E-01,  -61.85
  626,    1.07180E-01,   9.07553E-02,  -15.32
  627,    6.78824E-02,   6.48820E-02,  -4.42
  628,    2.20046E-01,   2.29227E-01,  4.17
  629,    1.04101E-01,   1.24539E-01,  19.63
  630,    5.97977E-02,   6.92703E-02,  15.84
  631,    3.92570E-02,   4.61415E-02,  17.54
  632,    2.71704E-02,   2.95346E-02,  8.70
  633,    4.00146E-02,   4.13268E-02,  3.28
  634,    2.61179E-02,   2.64387E-02,  1.23
  635,    2.11287E-02,   1.79846E-02,  -14.88
  636,    8.51856E+00,   7.23687E+00,  -15.05
  637,    3.76990E+00,   2.34444E+00,  -37.81
  638,    1.38552E+00,   8.48341E-01,  -38.77
  639,    4.72214E-01,   3.92589E-01,  -16.86
  640,    3.79685E-01,   1.44364E-01,  -61.98
  641,    1.03746E-01,   9.83165E-02,  -5.23
  642,    8.84052E-02,   7.16912E-02,  -18.91
  643,    6.38813E-02,   2.08818E-01,  226.88
  644,    2.34054E-01,   2.21217E-01,  -5.48
  645,    9.64497E-02,   8.82645E-02,  -8.49
  646,    6.11518E-02,   6.69788E-02,  9.53
  647,    3.98833E-02,   3.72431E-02,  -6.62
  648,    2.58941E-02,   2.72364E-02,  5.18
  649,    3.89861E-02,   3.85811E-02,  -1.04
  650,    2.69907E-02,   2.61650E-02,  -3.06
  651,    1.67956E+01,   9.83464E+00,  -41.45
  652,    3.93603E+00,   2.25890E+00,  -42.61
  653,    1.17817E+00,   8.02497E-01,  -31.89
  654,    5.67485E-01,   3.68034E-01,  -35.15
  655,    2.37236E-01,   2.26689E-01,  -4.45
  656,    3.31717E-01,   1.43608E-01,  -56.71
  657,    1.69616E-01,   9.97264E-02,  -41.20
  658,    9.37500E-02,   7.95099E-02,  -15.19
  659,    2.30507E-01,   2.00474E-01,  -13.03
  660,    1.20047E-01,   1.03013E-01,  -14.19
  661,    7.20498E-02,   6.53809E-02,  -9.26
  662,    4.71842E-02,   4.01093E-02,  -14.99
  663,    3.35480E-02,   2.78686E-02,  -16.93
  664,    4.16027E-02,   3.60291E-02,  -13.40
  665,    3.09103E-02,   2.49376E-02,  -19.32
  666,    1.11676E+01,   9.65122E+00,  -13.58
  667,    2.19845E+00,   2.14079E+00,  -2.62
  668,    9.13035E-01,   7.31986E-01,  -19.83
  669,    5.31806E-01,   3.82318E-01,  -28.11
  670,    2.15799E-01,   2.14929E-01,  -0.40
  671,    2.88455E-01,   1.38279E-01,  -52.06
  672,    1.14386E-01,   1.04704E-01,  -8.46
  673,    6.52320E-02,   4.45620E-02,  -31.69
  674,    2.13195E-01,   1.50025E-01,  -29.63
  675,    1.23952E-01,   1.06379E-01,  -14.18
  676,    7.43755E-02,   5.63325E-02,  -24.26
  677,    4.60745E-02,   3.96132E-02,  -14.02
  678,    3.48140E-02,   2.59506E-02,  -25.46
  679,    4.40071E-02,   3.68281E-02,  -16.31
  680,    3.26938E-02,   2.39089E-02,  -26.87
  681,    1.45624E+01,   1.29933E+01,  -10.78
  682,    3.87921E+00,   2.68794E+00,  -30.71
  683,    2.00283E+00,   1.05506E+00,  -47.32
  684,    9.35157E-01,   5.05652E-01,  -45.93
  685,    4.28887E-01,   2.91017E-01,  -32.15
  686,    1.69178E-01,   8.30766E-02,  -50.89
  687,    1.22778E-01,   6.98796E-02,  -43.08
  688,    2.95345E-01,   1.96072E-01,  -33.61
  689,    1.60030E-01,   1.15883E-01,  -27.59
  690,    9.53733E-02,   6.70724E-02,  -29.67
  691,    6.40765E-02,   4.47068E-02,  -30.23
  692,    3.95353E-02,   2.91779E-02,  -26.20
  693,    5.81647E-02,   4.18039E-02,  -28.13
  694,    1.31056E+01,   1.14483E+01,  -12.65
  695,    4.77626E+00,   2.82423E+00,  -40.87
  696,    2.07477E+00,   1.01348E+00,  -51.15
  697,    1.30047E+00,   4.97780E-01,  -61.72
  698,    2.83145E-01,   3.14518E-01,  11.08
  699,    2.04505E-01,   9.52197E-02,  -53.44
  700,    1.40413E-01,   7.32940E-02,  -47.80
  701,    3.94026E-01,   2.32086E-01,  -41.10
  702,    2.13369E-01,   1.14253E-01,  -46.45
  703,    1.18608E-01,   7.60052E-02,  -35.92
  704,    8.40657E-02,   4.77385E-02,  -43.21
  705,    5.06893E-02,   3.25822E-02,  -35.72
  706,    6.94621E-02,   4.51981E-02,  -34.93
  707,    1.21473E+01,   1.26490E+01,  4.13
  708,    3.39929E+00,   2.82971E+00,  -16.76
  709,    1.98238E+00,   1.04293E+00,  -47.39
  710,    7.77106E-01,   5.66373E-01,  -27.12
  711,    1.71175E-01,   1.94303E-01,  13.51
  712,    4.39087E-01,   1.45717E-01,  -66.81
  713,    1.62261E-01,   1.07455E-01,  -33.78
  714,    1.13441E-01,   8.24742E-02,  -27.30
  715,    3.60388E-01,   2.24478E-01,  -37.71
  716,    1.96316E-01,   1.20336E-01,  -38.70
  717,    1.20394E-01,   7.61416E-02,  -36.76
  718,    6.97173E-02,   4.75638E-02,  -31.78
  719,    5.05887E-02,   3.41383E-02,  -32.52
  720,    7.48064E-02,   4.69718E-02,  -37.21
  721,    9.51800E+00,   1.26601E+01,  33.01
  722,    3.52661E+00,   2.87622E+00,  -18.44
  723,    1.25238E+00,   1.18732E+00,  -5.19
  724,    5.38351E-01,   3.52599E-01,  -34.50
  725,    1.75711E-01,   2.40950E-01,  37.13
  726,    3.80979E-01,   1.68011E-01,  -55.90
  727,    1.47120E-01,   1.24194E-01,  -15.58
  728,    9.73818E-02,   7.15164E-02,  -26.56
  729,    3.10154E-01,   2.13524E-01,  -31.16
  730,    1.59645E-01,   1.32000E-01,  -17.32
  731,    1.04328E-01,   7.86851E-02,  -24.58
  732,    5.94718E-02,   5.13233E-02,  -13.70
  733,    4.46862E-02,   3.80104E-02,  -14.94
  734,    1.07297E+01,   1.43342E+01,  33.59
  735,    2.60551E+00,   3.40549E+00,  30.70
  736,    9.77850E-01,   8.00247E-01,  -18.16
  737,    5.65629E-01,   4.75582E-01,  -15.92
  738,    2.41966E-01,   3.07035E-01,  26.89
  739,    3.24049E-01,   2.16042E-01,  -33.33
  740,    1.42596E-01,   1.20316E-01,  -15.62
  741,    1.08078E-01,   8.97272E-02,  -16.98
  742,    3.00082E-01,   2.56665E-01,  -14.47
  743,    1.71920E-01,   1.52260E-01,  -11.44
  744,    9.15940E-02,   9.04194E-02,  -1.28
  745,    6.33555E-02,   6.22412E-02,  -1.76
  746,    4.34306E-02,   4.44913E-02,  2.44
  747,    7.77629E+00,   1.62268E+01,  108.67
  748,    1.92329E+00,   2.05644E+00,  6.92
  749,    9.67088E-01,   9.32138E-01,  -3.61
  750,    5.37815E-01,   5.25559E-01,  -2.28
  751,    2.54371E-01,   3.43367E-01,  34.99
  752,    2.74375E-01,   1.82119E-01,  -33.62
  753,    1.47296E-01,   1.30893E-01,  -11.14
  754,    9.00716E-02,   9.80901E-02,  8.90
  755,    2.80558E-01,   2.94639E-01,  5.02
  756,    1.71164E-01,   1.65725E-01,  -3.18
  757,    9.03551E-02,   1.03160E-01,  14.17
  758,    6.50338E-02,   7.37018E-02,  13.33
  759,    4.61509E-02,   4.69034E-02,  1.63
  760,    8.37240E+00,   8.92388E+00,  6.59
  761,    2.79498E+00,   2.34009E+00,  -16.28
  762,    1.36425E+00,   1.05366E+00,  -22.77
  763,    7.50799E-01,   6.03202E-01,  -19.66
  764,    2.91485E-01,   2.98423E-01,  2.38
  765,    4.50793E-01,   2.03500E-01,  -54.86
  766,    1.78233E-01,   1.47133E-01,  -17.45
  767,    1.34518E-01,   1.08510E-01,  -19.33
  768,    3.70616E-01,   3.15266E-01,  -14.93
  769,    1.83500E-01,   1.76543E-01,  -3.79
  770,    1.16698E-01,   1.16187E-01,  -0.44
  771,    7.58889E-02,   8.04269E-02,  5.98
  772,    7.66502E+00,   9.40251E+00,  22.67
  773,    2.48971E+00,   2.59997E+00,  4.43
  774,    1.20641E+00,   1.24145E+00,  2.90
  775,    6.49498E-01,   5.44394E-01,  -16.18
  776,    3.01735E-01,   3.46670E-01,  14.89
  777,    3.60084E-01,   2.39131E-01,  -33.59
  778,    1.74358E-01,   1.70963E-01,  -1.95
  779,    1.37061E-01,   1.20266E-01,  -12.25
  780,    4.00333E-01,   3.43892E-01,  -14.10
  781,    1.95263E-01,   2.01577E-01,  3.23
  782,    1.29372E-01,   1.37934E-01,  6.62
  783,    8.68967E-02,   8.50917E-02,  -2.08
  784,    5.70547E+00,   5.29929E+00,  -7.12
  785,    1.90659E+00,   1.76962E+00,  -7.18
  786,    9.01092E-01,   6.23462E-01,  -30.81
  787,    5.43620E-01,   3.47905E-01,  -36.00
  788,    2.11083E-01,   2.21893E-01,  5.12
  789,    2.80896E-01,   1.50807E-01,  -46.31
  790,    1.56031E-01,   1.02454E-01,  -34.34
  791,    9.48318E-02,   7.25623E-02,  -23.48
  792,    3.02120E-01,   2.81542E-01,  -6.81
  793,    1.80510E-01,   1.75432E-01,  -2.81
  794,    1.08508E-01,   1.17047E-01,  7.87
  795,    5.52423E+00,   7.23591E+00,  30.99
  796,    1.79776E+00,   1.58699E+00,  -11.72
  797,    9.50088E-01,   7.20387E-01,  -24.18
  798,    4.61608E-01,   4.06392E-01,  -11.96
  799,    2.34349E-01,   2.58711E-01,  10.40
  800,    3.02701E-01,   1.68116E-01,  -44.46
  801,    1.34365E-01,   1.15210E-01,  -14.26
  802,    8.82631E-02,   8.40712E-02,  -4.75
  803,    2.71833E-01,   2.45105E-01,  -9.83
  804,    1.69750E-01,   1.58112E-01,  -6.86
  805,    1.05725E-01,   9.37520E-02,  -11.32
  806,    5.70785E+00,   5.69045E+00,  -0.30
  807,    1.97931E+00,   1.61391E+00,  -18.46
  808,    8.23320E-01,   7.46517E-01,  -9.33
  809,    5.05127E-01,   4.20156E-01,  -16.82
  810,    2.71757E-01,   2.56252E-01,  -5.71
  811,    2.84022E-01,   1.67573E-01,  -41.00
  812,    1.27322E-01,   1.18304E-01,  -7.08
  813,    9.79994E-02,   8.82820E-02,  -9.92
  814,    3.00939E-01,   2.75376E-01,  -8.49
  815,    1.70370E-01,   1.73599E-01,  1.90
  816,    6.07137E+00,   5.71670E+00,  -5.84
  817,    1.60104E+00,   1.62929E+00,  1.76
  818,    8.54563E-01,   7.55438E-01,  -11.60
  819,    5.53855E-01,   4.07814E-01,  -26.37
  820,    2.32038E-01,   2.49346E-01,  7.46
  821,    2.47654E-01,   1.67872E-01,  -32.22
  822,    1.35813E-01,   1.21138E-01,  -10.81
  823,    1.05678E-01,   9.42132E-02,  -10.85
  824,    3.11681E-01,   2.94035E-01,  -5.66
  825,    1.82920E-01,   1.65753E-01,  -9.39
  826,    4.54372E+00,   4.46768E+00,  -1.67
  827,    1.48054E+00,   1.34957E+00,  -8.85
  828,    8.25334E-01,   5.84009E-01,  -29.24
  829,    4.06646E-01,   3.12560E-01,  -23.14
  830,    1.89750E-01,   1.94785E-01,  2.65
  831,    2.15815E-01,   1.33263E-01,  -38.25
  832,    1.28207E-01,   9.98550E-02,  -22.11
  833,    8.74299E-02,   7.58640E-02,  -13.23
  834,    2.81295E-01,   2.60988E-01,  -7.22
  835,    5.34105E+00,   4.91349E+00,  -8.01
  836,    1.86299E+00,   1.35781E+00,  -27.12
  837,    7.69549E-01,   5.83864E-01,  -24.13
  838,    4.03310E-01,   3.19120E-01,  -20.87
  839,    2.22646E-01,   2.02586E-01,  -9.01
  840,    2.56071E-01,   1.44194E-01,  -43.69
  841,    1.32216E-01,   1.05889E-01,  -19.91
  842,    9.60375E-02,   7.63554E-02,  -20.49
  843,    2.95837E-01,   2.20204E-01,  -25.57
  844,    5.24726E+00,   4.81211E+00,  -8.29
  845,    1.33018E+00,   1.31208E+00,  -1.36
  846,    5.80960E-01,   5.72126E-01,  -1.52
  847,    3.63987E-01,   3.18637E-01,  -12.46
  848,    2.21368E-01,   2.10915E-01,  -4.72
  849,    1.86606E-01,   1.47768E-01,  -20.81
  850,    1.11113E-01,   1.03174E-01,  -7.15
  851,    9.01945E-02,   6.59808E-02,  -26.85
  852,    4.30290E+00,   4.74415E+00,  10.25
  853,    1.10858E+00,   1.26324E+00,  13.95
  854,    6.05632E-01,   5.51342E-01,  -8.96
  855,    3.79821E-01,   3.18730E-01,  -16.08
  856,    1.98370E-01,   2.08202E-01,  4.96
  857,    1.83362E-01,   1.38750E-01,  -24.33
  858,    1.21171E-01,   8.57152E-02,  -29.26
  859,    4.15210E+00,   4.59773E+00,  10.73
  860,    1.39602E+00,   1.22913E+00,  -11.95
  861,    7.37753E-01,   5.46807E-01,  -25.88
  862,    4.00083E-01,   3.11755E-01,  -22.08
  863,    2.10898E-01,   1.93203E-01,  -8.39
  864,    2.38774E-01,   1.13319E-01,  -52.54
  865,    4.45874E+00,   4.59384E+00,  3.03
  866,    1.41375E+00,   1.25532E+00,  -11.21
  867,    6.50217E-01,   5.59063E-01,  -14.02
  868,    3.79948E-01,   3.04351E-01,  -19.90
  869,    2.15155E-01,   1.65536E-01,  -23.06
  870,    4.53980E+00,   4.71331E+00,  3.82
  871,    1.23305E+00,   1.28893E+00,  4.53
  872,    6.01100E-01,   5.57020E-01,  -7.33
  873,    3.91204E-01,   2.67194E-01,  -31.70
  874,    4.14627E+00,   4.73497E+00,  14.20
  875,    1.23464E+00,   1.30380E+00,  5.60
  876,    6.81599E-01,   4.94992E-01,  -27.38
  877,    4.35325E+00,   4.71356E+00,  8.28
  878,    1.51930E+00,   1.19724E+00,  -21.20
  879,    4.05453E+00,   3.49864E+00,  -13.71

;-Resistivity in Ohm-m in the elemental sequential order

 4.15806E+02,  4.19850E+02,  4.30124E+02,  4.47034E+02,  4.64333E+02
 4.78017E+02,  4.86456E+02,  4.89680E+02,  4.88509E+02,  4.84029E+02
 5.32179E+02,  5.32179E+02,  4.92748E+02,  4.92748E+02,  4.92748E+02
 4.92748E+02,  4.92748E+02,  4.92748E+02,  4.15806E+02,  4.19850E+02
 4.30124E+02,  4.47034E+02,  4.64333E+02,  4.78017E+02,  4.86456E+02
 4.89680E+02,  4.88509E+02,  4.84029E+02,  5.32179E+02,  5.32179E+02
 4.92748E+02,  4.92748E+02,  4.92748E+02,  4.92748E+02,  4.92748E+02
 4.92748E+02,  4.15806E+02,  4.19850E+02,  4.30124E+02,  4.47034E+02
 4.64333E+02,  4.78017E+02,  4.86456E+02,  4.89680E+02,  4.88509E+02
 4.84029E+02,  5.32179E+02,  5.32179E+02,  4.92748E+02,  4.92748E+02
 4.92748E+02,  4.92748E+02,  4.92748E+02,  4.92748E+02,  4.15806E+02
 4.19850E+02,  4.30124E+02,  4.47034E+02,  4.64333E+02,  4.78017E+02
 4.86456E+02,  4.89680E+02,  4.88509E+02,  4.84029E+02,  5.32179E+02
 5.32179E+02,  4.92748E+02,  4.92748E+02,  4.92748E+02,  4.92748E+02
 4.92748E+02,  4.92748E+02,  4.15806E+02,  4.19850E+02,  4.30124E+02
 4.47034E+02,  4.64333E+02,  4.78017E+02,  4.86456E+02,  4.89680E+02
 4.88509E+02,  4.84029E+02,  5.32179E+02,  5.32179E+02,  4.92748E+02
 4.92748E+02,  4.92748E+02,  4.92748E+02,  4.92748E+02,  4.92748E+02
 4.15806E+02,  4.19850E+02,  4.30124E+02,  4.47034E+02,  4.64333E+02
 4.78017E+02,  4.86456E+02,  4.89680E+02,  4.88509E+02,  4.84029E+02
 5.32179E+02,  5.32179E+02,  4.92748E+02,  4.92748E+02,  4.92748E+02
 4.92748E+02,  4.92748E+02,  4.92748E+02,  4.58146E+02,  4.36408E+02
 4.73051E+02,  4.74837E+02,  4.60041E+02,  4.44094E+02,  4.31478E+02
 4.21995E+02,  4.14799E+02,  4.09443E+02,  4.03751E+02,  4.03751E+02
 3.91817E+02,  3.91817E+02,  3.91817E+02,  3.91817E+02,  3.91817E+02
 3.91817E+02,  4.58146E+02,  4.36408E+02,  4.73051E+02,  4.74837E+02
 4.60041E+02,  4.44094E+02,  4.31478E+02,  4.21995E+02,  4.14799E+02
 4.09443E+02,  4.03751E+02,  4.03751E+02,  3.91817E+02,  3.91817E+02
 3.91817E+02,  3.91817E+02,  3.91817E+02,  3.91817E+02,  1.90344E+02
 2.46819E+02,  7.98454E+02,  8.54826E+02,  6.03256E+02,  4.69070E+02
 4.12146E+02,  3.87540E+02,  3.77017E+02,  3.73513E+02,  3.55503E+02
 3.55503E+02,  3.63466E+02,  3.63466E+02,  3.63466E+02,  3.63466E+02
 3.63466E+02,  3.63466E+02,  1.90344E+02,  2.46819E+02,  7.98454E+02
 8.54826E+02,  6.03256E+02,  4.69070E+02,  4.12146E+02,  3.87540E+02
 3.77017E+02,  3.73513E+02,  3.55503E+02,  3.55503E+02,  3.63466E+02
 3.63466E+02,  3.63466E+02,  3.63466E+02,  3.63466E+02,  3.63466E+02
 1.90344E+02,  2.46819E+02,  7.98454E+02,  8.54826E+02,  6.03256E+02
 4.69070E+02,  4.12146E+02,  3.87540E+02,  3.77017E+02,  3.73513E+02
 3.55503E+02,  3.55503E+02,  3.63466E+02,  3.63466E+02,  3.63466E+02
 3.63466E+02,  3.63466E+02,  3.63466E+02,  1.90344E+02,  2.46819E+02
 7.98454E+02,  8.54826E+02,  6.03256E+02,  4.69070E+02,  4.12146E+02
 3.87540E+02,  3.77017E+02,  3.73513E+02,  3.55503E+02,  3.55503E+02
 3.63466E+02,  3.63466E+02,  3.63466E+02,  3.63466E+02,  3.63466E+02
 3.63466E+02,  1.88751E+02,  1.94970E+02,  5.62498E+02,  8.58841E+02
 6.90739E+02,  4.88707E+02,  3.85592E+02,  3.42496E+02,  3.28279E+02
 3.28112E+02,  3.01024E+02,  3.01024E+02,  3.38695E+02,  3.38695E+02
 3.38695E+02,  3.38695E+02,  3.38695E+02,  3.38695E+02,  1.88751E+02
 1.94970E+02,  5.62498E+02,  8.58841E+02,  6.90739E+02,  4.88707E+02
 3.85592E+02,  3.42496E+02,  3.28279E+02,  3.28112E+02,  3.01024E+02
 3.01024E+02,  3.38695E+02,  3.38695E+02,  3.38695E+02,  3.38695E+02
 3.38695E+02,  3.38695E+02,  1.88751E+02,  1.94970E+02,  5.62498E+02
 8.58841E+02,  6.90739E+02,  4.88707E+02,  3.85592E+02,  3.42496E+02
 3.28279E+02,  3.28112E+02,  3.01024E+02,  3.01024E+02,  3.38695E+02
 3.38695E+02,  3.38695E+02,  3.38695E+02,  3.38695E+02,  3.38695E+02
 1.88751E+02,  1.94970E+02,  5.62498E+02,  8.58841E+02,  6.90739E+02
 4.88707E+02,  3.85592E+02,  3.42496E+02,  3.28279E+02,  3.28112E+02
 3.01024E+02,  3.01024E+02,  3.38695E+02,  3.38695E+02,  3.38695E+02
 3.38695E+02,  3.38695E+02,  3.38695E+02,  1.90056E+02,  2.67755E+02
 6.84140E+02,  8.86150E+02,  6.44691E+02,  4.29364E+02,  3.25890E+02
 2.84229E+02,  2.73699E+02,  2.79880E+02,  2.50546E+02,  2.50546E+02
 3.24399E+02,  3.24399E+02,  3.24399E+02,  3.24399E+02,  3.24399E+02
 3.24399E+02,  1.90056E+02,  2.67755E+02,  6.84140E+02,  8.86150E+02
 6.44691E+02,  4.29364E+02,  3.25890E+02,  2.84229E+02,  2.73699E+02
 2.79880E+02,  2.50546E+02,  2.50546E+02,  3.24399E+02,  3.24399E+02
 3.24399E+02,  3.24399E+02,  3.24399E+02,  3.24399E+02,  1.90056E+02
 2.67755E+02,  6.84140E+02,  8.86150E+02,  6.44691E+02,  4.29364E+02
 3.25890E+02,  2.84229E+02,  2.73699E+02,  2.79880E+02,  2.50546E+02
 2.50546E+02,  3.24399E+02,  3.24399E+02,  3.24399E+02,  3.24399E+02
 3.24399E+02,  3.24399E+02,  1.90056E+02,  2.67755E+02,  6.84140E+02
 8.86150E+02,  6.44691E+02,  4.29364E+02,  3.25890E+02,  2.84229E+02
 2.73699E+02,  2.79880E+02,  2.50546E+02,  2.50546E+02,  3.24399E+02
 3.24399E+02,  3.24399E+02,  3.24399E+02,  3.24399E+02,  3.24399E+02
 2.51747E+02,  3.55413E+02,  6.60777E+02,  6.86263E+02,  4.76087E+02
 3.18739E+02,  2.44434E+02,  2.17605E+02,  2.17250E+02,  2.32902E+02
 2.08440E+02,  2.08440E+02,  3.22556E+02,  3.22556E+02,  3.22556E+02
 3.22556E+02,  3.22556E+02,  3.22556E+02,  2.51747E+02,  3.55413E+02
 6.60777E+02,  6.86263E+02,  4.76087E+02,  3.18739E+02,  2.44434E+02
 2.17605E+02,  2.17250E+02,  2.32902E+02,  2.08440E+02,  2.08440E+02
 3.22556E+02,  3.22556E+02,  3.22556E+02,  3.22556E+02,  3.22556E+02
 3.22556E+02,  2.51747E+02,  3.55413E+02,  6.60777E+02,  6.86263E+02
 4.76087E+02,  3.18739E+02,  2.44434E+02,  2.17605E+02,  2.17250E+02
 2.32902E+02,  2.08440E+02,  2.08440E+02,  3.22556E+02,  3.22556E+02
 3.22556E+02,  3.22556E+02,  3.22556E+02,  3.22556E+02,  2.51747E+02
 3.55413E+02,  6.60777E+02,  6.86263E+02,  4.76087E+02,  3.18739E+02
 2.44434E+02,  2.17605E+02,  2.17250E+02,  2.32902E+02,  2.08440E+02
 2.08440E+02,  3.22556E+02,  3.22556E+02,  3.22556E+02,  3.22556E+02
 3.22556E+02,  3.22556E+02,  5.32643E+02,  3.56231E+02,  4.01663E+02
 4.58003E+02,  3.54899E+02,  2.37618E+02,  1.80082E+02,  1.64185E+02
 1.72992E+02,  1.97577E+02,  1.82704E+02,  1.82704E+02,  3.36126E+02
 3.36126E+02,  3.36126E+02,  3.36126E+02,  3.36126E+02,  3.36126E+02
 5.32643E+02,  3.56231E+02,  4.01663E+02,  4.58003E+02,  3.54899E+02
 2.37618E+02,  1.80082E+02,  1.64185E+02,  1.72992E+02,  1.97577E+02
 1.82704E+02,  1.82704E+02,  3.36126E+02,  3.36126E+02,  3.36126E+02
 3.36126E+02,  3.36126E+02,  3.36126E+02,  5.32643E+02,  3.56231E+02
 4.01663E+02,  4.58003E+02,  3.54899E+02,  2.37618E+02,  1.80082E+02
 1.64185E+02,  1.72992E+02,  1.97577E+02,  1.82704E+02,  1.82704E+02
 3.36126E+02,  3.36126E+02,  3.36126E+02,  3.36126E+02,  3.36126E+02
 3.36126E+02,  5.32643E+02,  3.56231E+02,  4.01663E+02,  4.58003E+02
 3.54899E+02,  2.37618E+02,  1.80082E+02,  1.64185E+02,  1.72992E+02
 1.97577E+02,  1.82704E+02,  1.82704E+02,  3.36126E+02,  3.36126E+02
 3.36126E+02,  3.36126E+02,  3.36126E+02,  3.36126E+02,  4.66540E+02
 3.11560E+02,  2.17788E+02,  3.37027E+02,  3.41778E+02,  2.27114E+02
 1.63282E+02,  1.47269E+02,  1.58826E+02,  1.87702E+02,  1.81757E+02
 1.81757E+02,  3.67243E+02,  3.67243E+02,  3.67243E+02,  3.67243E+02
 3.67243E+02,  3.67243E+02,  4.66540E+02,  3.11560E+02,  2.17788E+02
 3.37027E+02,  3.41778E+02,  2.27114E+02,  1.63282E+02,  1.47269E+02
 1.58826E+02,  1.87702E+02,  1.81757E+02,  1.81757E+02,  3.67243E+02
 3.67243E+02,  3.67243E+02,  3.67243E+02,  3.67243E+02,  3.67243E+02
 4.66540E+02,  3.11560E+02,  2.17788E+02,  3.37027E+02,  3.41778E+02
 2.27114E+02,  1.63282E+02,  1.47269E+02,  1.58826E+02,  1.87702E+02
 1.81757E+02,  1.81757E+02,  3.67243E+02,  3.67243E+02,  3.67243E+02
 3.67243E+02,  3.67243E+02,  3.67243E+02,  4.66540E+02,  3.11560E+02
 2.17788E+02,  3.37027E+02,  3.41778E+02,  2.27114E+02,  1.63282E+02
 1.47269E+02,  1.58826E+02,  1.87702E+02,  1.81757E+02,  1.81757E+02
 3.67243E+02,  3.67243E+02,  3.67243E+02,  3.67243E+02,  3.67243E+02
 3.67243E+02,  3.18433E+02,  2.77585E+02,  2.96274E+02,  4.79709E+02
 4.62992E+02,  2.99257E+02,  2.06658E+02,  1.78077E+02,  1.84794E+02
 2.12475E+02,  2.13875E+02,  2.13875E+02,  4.17019E+02,  4.17019E+02
 4.17019E+02,  4.17019E+02,  4.17019E+02,  4.17019E+02,  3.18433E+02
 2.77585E+02,  2.96274E+02,  4.79709E+02,  4.62992E+02,  2.99257E+02
 2.06658E+02,  1.78077E+02,  1.84794E+02,  2.12475E+02,  2.13875E+02
 2.13875E+02,  4.17019E+02,  4.17019E+02,  4.17019E+02,  4.17019E+02
 4.17019E+02,  4.17019E+02,  3.18433E+02,  2.77585E+02,  2.96274E+02
 4.79709E+02,  4.62992E+02,  2.99257E+02,  2.06658E+02,  1.78077E+02
 1.84794E+02,  2.12475E+02,  2.13875E+02,  2.13875E+02,  4.17019E+02
 4.17019E+02,  4.17019E+02,  4.17019E+02,  4.17019E+02,  4.17019E+02
 3.18433E+02,  2.77585E+02,  2.96274E+02,  4.79709E+02,  4.62992E+02
 2.99257E+02,  2.06658E+02,  1.78077E+02,  1.84794E+02,  2.12475E+02
 2.13875E+02,  2.13875E+02,  4.17019E+02,  4.17019E+02,  4.17019E+02
 4.17019E+02,  4.17019E+02,  4.17019E+02,  4.96270E+02,  3.54126E+02
 2.41946E+02,  3.08388E+02,  3.41106E+02,  2.90579E+02,  2.43906E+02
 2.28640E+02,  2.39938E+02,  2.69451E+02,  2.88452E+02,  2.88452E+02
 4.86817E+02,  4.86817E+02,  4.86817E+02,  4.86817E+02,  4.86817E+02
 4.86817E+02,  4.96270E+02,  3.54126E+02,  2.41946E+02,  3.08388E+02
 3.41106E+02,  2.90579E+02,  2.43906E+02,  2.28640E+02,  2.39938E+02
 2.69451E+02,  2.88452E+02,  2.88452E+02,  4.86817E+02,  4.86817E+02
 4.86817E+02,  4.86817E+02,  4.86817E+02,  4.86817E+02,  4.96270E+02
 3.54126E+02,  2.41946E+02,  3.08388E+02,  3.41106E+02,  2.90579E+02
 2.43906E+02,  2.28640E+02,  2.39938E+02,  2.69451E+02,  2.88452E+02
 2.88452E+02,  4.86817E+02,  4.86817E+02,  4.86817E+02,  4.86817E+02
 4.86817E+02,  4.86817E+02,  4.96270E+02,  3.54126E+02,  2.41946E+02
 3.08388E+02,  3.41106E+02,  2.90579E+02,  2.43906E+02,  2.28640E+02
 2.39938E+02,  2.69451E+02,  2.88452E+02,  2.88452E+02,  4.86817E+02
 4.86817E+02,  4.86817E+02,  4.86817E+02,  4.86817E+02,  4.86817E+02
 4.17279E+02,  4.44708E+02,  4.78149E+02,  4.55298E+02,  3.43541E+02
 2.72712E+02,  2.56666E+02,  2.73671E+02,  3.08530E+02,  3.51138E+02
 4.17303E+02,  4.17303E+02,  5.78880E+02,  5.78880E+02,  5.78880E+02
 5.78880E+02,  5.78880E+02,  5.78880E+02,  4.17279E+02,  4.44708E+02
 4.78149E+02,  4.55298E+02,  3.43541E+02,  2.72712E+02,  2.56666E+02
 2.73671E+02,  3.08530E+02,  3.51138E+02,  4.17303E+02,  4.17303E+02
 5.78880E+02,  5.78880E+02,  5.78880E+02,  5.78880E+02,  5.78880E+02
 5.78880E+02,  4.17279E+02,  4.44708E+02,  4.78149E+02,  4.55298E+02
 3.43541E+02,  2.72712E+02,  2.56666E+02,  2.73671E+02,  3.08530E+02
 3.51138E+02,  4.17303E+02,  4.17303E+02,  5.78880E+02,  5.78880E+02
 5.78880E+02,  5.78880E+02,  5.78880E+02,  5.78880E+02,  4.17279E+02
 4.44708E+02,  4.78149E+02,  4.55298E+02,  3.43541E+02,  2.72712E+02
 2.56666E+02,  2.73671E+02,  3.08530E+02,  3.51138E+02,  4.17303E+02
 4.17303E+02,  5.78880E+02,  5.78880E+02,  5.78880E+02,  5.78880E+02
 5.78880E+02,  5.78880E+02,  3.24524E+02,  4.88589E+02,  5.60800E+02
 4.80695E+02,  3.62199E+02,  3.07773E+02,  3.11898E+02,  3.51048E+02
 4.05714E+02,  4.59848E+02,  6.12669E+02,  6.12669E+02,  6.93644E+02
 6.93644E+02,  6.93644E+02,  6.93644E+02,  6.93644E+02,  6.93644E+02
 3.24524E+02,  4.88589E+02,  5.60800E+02,  4.80695E+02,  3.62199E+02
 3.07773E+02,  3.11898E+02,  3.51048E+02,  4.05714E+02,  4.59848E+02
 6.12669E+02,  6.12669E+02,  6.93644E+02,  6.93644E+02,  6.93644E+02
 6.93644E+02,  6.93644E+02,  6.93644E+02,  3.24524E+02,  4.88589E+02
 5.60800E+02,  4.80695E+02,  3.62199E+02,  3.07773E+02,  3.11898E+02
 3.51048E+02,  4.05714E+02,  4.59848E+02,  6.12669E+02,  6.12669E+02
 6.93644E+02,  6.93644E+02,  6.93644E+02,  6.93644E+02,  6.93644E+02
 6.93644E+02,  3.24524E+02,  4.88589E+02,  5.60800E+02,  4.80695E+02
 3.62199E+02,  3.07773E+02,  3.11898E+02,  3.51048E+02,  4.05714E+02
 4.59848E+02,  6.12669E+02,  6.12669E+02,  6.93644E+02,  6.93644E+02
 6.93644E+02,  6.93644E+02,  6.93644E+02,  6.93644E+02,  4.90396E+02
 3.57178E+02,  2.72107E+02,  3.17698E+02,  3.57337E+02,  3.69920E+02
 4.00824E+02,  4.58067E+02,  5.26426E+02,  5.85627E+02,  8.65496E+02
 8.65496E+02,  8.23181E+02,  8.23181E+02,  8.23181E+02,  8.23181E+02
 8.23181E+02,  8.23181E+02,  4.90396E+02,  3.57178E+02,  2.72107E+02
 3.17698E+02,  3.57337E+02,  3.69920E+02,  4.00824E+02,  4.58067E+02
 5.26426E+02,  5.85627E+02,  8.65496E+02,  8.65496E+02,  8.23181E+02
 8.23181E+02,  8.23181E+02,  8.23181E+02,  8.23181E+02,  8.23181E+02
 4.90396E+02,  3.57178E+02,  2.72107E+02,  3.17698E+02,  3.57337E+02
 3.69920E+02,  4.00824E+02,  4.58067E+02,  5.26426E+02,  5.85627E+02
 8.65496E+02,  8.65496E+02,  8.23181E+02,  8.23181E+02,  8.23181E+02
 8.23181E+02,  8.23181E+02,  8.23181E+02,  4.90396E+02,  3.57178E+02
 2.72107E+02,  3.17698E+02,  3.57337E+02,  3.69920E+02,  4.00824E+02
 4.58067E+02,  5.26426E+02,  5.85627E+02,  8.65496E+02,  8.65496E+02
 8.23181E+02,  8.23181E+02,  8.23181E+02,  8.23181E+02,  8.23181E+02
 8.23181E+02,  4.92035E+02,  4.83991E+02,  2.92383E+02,  2.44079E+02
 2.67845E+02,  3.29462E+02,  4.18977E+02,  5.24559E+02,  6.24138E+02
 6.93832E+02,  1.00000E+03,  1.00000E+03,  9.43687E+02,  9.43687E+02
 9.43687E+02,  9.43687E+02,  9.43687E+02,  9.43687E+02,  4.92035E+02
 4.83991E+02,  2.92383E+02,  2.44079E+02,  2.67845E+02,  3.29462E+02
 4.18977E+02,  5.24559E+02,  6.24138E+02,  6.93832E+02,  1.00000E+03
 1.00000E+03,  9.43687E+02,  9.43687E+02,  9.43687E+02,  9.43687E+02
 9.43687E+02,  9.43687E+02,  4.92035E+02,  4.83991E+02,  2.92383E+02
 2.44079E+02,  2.67845E+02,  3.29462E+02,  4.18977E+02,  5.24559E+02
 6.24138E+02,  6.93832E+02,  1.00000E+03,  1.00000E+03,  9.43687E+02
 9.43687E+02,  9.43687E+02,  9.43687E+02,  9.43687E+02,  9.43687E+02
 4.92035E+02,  4.83991E+02,  2.92383E+02,  2.44079E+02,  2.67845E+02
 3.29462E+02,  4.18977E+02,  5.24559E+02,  6.24138E+02,  6.93832E+02
 1.00000E+03,  1.00000E+03,  9.43687E+02,  9.43687E+02,  9.43687E+02
 9.43687E+02,  9.43687E+02,  9.43687E+02,  4.76627E+02,  4.68911E+02
 4.90946E+02,  5.63102E+02,  5.51183E+02,  5.25732E+02,  5.52812E+02
 6.24095E+02,  7.05438E+02,  7.60930E+02,  1.00000E+03,  1.00000E+03
 1.00000E+03,  1.00000E+03,  1.00000E+03,  1.00000E+03,  1.00000E+03
 1.00000E+03,  4.76627E+02,  4.68911E+02,  4.90946E+02,  5.63102E+02
 5.51183E+02,  5.25732E+02,  5.52812E+02,  6.24095E+02,  7.05438E+02
 7.60930E+02,  1.00000E+03,  1.00000E+03,  1.00000E+03,  1.00000E+03
 1.00000E+03,  1.00000E+03,  1.00000E+03,  1.00000E+03,  4.76627E+02
 4.68911E+02,  4.90946E+02,  5.63102E+02,  5.51183E+02,  5.25732E+02
 5.52812E+02,  6.24095E+02,  7.05438E+02,  7.60930E+02,  1.00000E+03
 1.00000E+03,  1.00000E+03,  1.00000E+03,  1.00000E+03,  1.00000E+03
 1.00000E+03,  1.00000E+03,  4.76627E+02,  4.68911E+02,  4.90946E+02
 5.63102E+02,  5.51183E+02,  5.25732E+02,  5.52812E+02,  6.24095E+02
 7.05438E+02,  7.60930E+02,  1.00000E+03,  1.00000E+03,  1.00000E+03
 1.00000E+03,  1.00000E+03,  1.00000E+03,  1.00000E+03,  1.00000E+03
 3.35580E+02,  2.56956E+02,  1.84755E+02,  4.75237E+02,  1.00000E+03
 9.16741E+02,  7.32052E+02,  6.94864E+02,  7.23600E+02,  7.53420E+02
 1.00000E+03,  1.00000E+03,  9.99233E+02,  9.99233E+02,  9.99233E+02
 9.99233E+02,  9.99233E+02,  9.99233E+02,  3.35580E+02,  2.56956E+02
 1.84755E+02,  4.75237E+02,  1.00000E+03,  9.16741E+02,  7.32052E+02
 6.94864E+02,  7.23600E+02,  7.53420E+02,  1.00000E+03,  1.00000E+03
 9.99233E+02,  9.99233E+02,  9.99233E+02,  9.99233E+02,  9.99233E+02
 9.99233E+02,  3.35580E+02,  2.56956E+02,  1.84755E+02,  4.75237E+02
 1.00000E+03,  9.16741E+02,  7.32052E+02,  6.94864E+02,  7.23600E+02
 7.53420E+02,  1.00000E+03,  1.00000E+03,  9.99233E+02,  9.99233E+02
 9.99233E+02,  9.99233E+02,  9.99233E+02,  9.99233E+02,  3.35580E+02
 2.56956E+02,  1.84755E+02,  4.75237E+02,  1.00000E+03,  9.16741E+02
 7.32052E+02,  6.94864E+02,  7.23600E+02,  7.53420E+02,  1.00000E+03
 1.00000E+03,  9.99233E+02,  9.99233E+02,  9.99233E+02,  9.99233E+02
 9.99233E+02,  9.99233E+02,  4.82537E+02,  2.10156E+02,  1.58699E+02
 2.44375E+02,  4.98203E+02,  5.31029E+02,  5.24967E+02,  5.65895E+02
 6.23807E+02,  6.64296E+02,  9.89466E+02,  9.89466E+02,  8.87921E+02
 8.87921E+02,  8.87921E+02,  8.87921E+02,  8.87921E+02,  8.87921E+02
 3.74939E+02,  2.10445E+02,  1.71422E+02,  2.80416E+02,  4.33276E+02
 4.41635E+02,  4.60499E+02,  5.10721E+02,  5.65029E+02,  6.00482E+02
 8.30288E+02,  8.30288E+02,  7.68230E+02,  7.68230E+02,  7.68230E+02
 7.68230E+02,  7.68230E+02,  7.68230E+02,  2.67632E+02,  3.63983E+02
 2.45009E+02,  3.11286E+02,  3.58203E+02,  3.72844E+02,  4.09865E+02
 4.60931E+02,  5.07257E+02,  5.36182E+02,  6.78825E+02,  6.78825E+02
 6.44263E+02,  6.44263E+02,  6.44263E+02,  6.44263E+02,  6.44263E+02
 6.44263E+02,  2.67632E+02,  3.63983E+02,  2.45009E+02,  3.11286E+02
 3.58203E+02,  3.72844E+02,  4.09865E+02,  4.60931E+02,  5.07257E+02
 5.36182E+02,  6.78825E+02,  6.78825E+02,  6.44263E+02,  6.44263E+02
 6.44263E+02,  6.44263E+02,  6.44263E+02,  6.44263E+02,  2.61481E+02
 2.04409E+02,  1.27815E+02,  1.17238E+02,  1.43142E+02,  1.89732E+02
 2.47286E+02,  3.04961E+02,  3.52582E+02,  3.85115E+02,  4.11498E+02
 4.11498E+02,  3.77578E+02,  3.77578E+02,  3.77578E+02,  3.77578E+02
 3.77578E+02,  3.77578E+02,  2.61481E+02,  2.04409E+02,  1.27815E+02
 1.17238E+02,  1.43142E+02,  1.89732E+02,  2.47286E+02,  3.04961E+02
 3.52582E+02,  3.85115E+02,  4.11498E+02,  4.11498E+02,  3.77578E+02
 3.77578E+02,  3.77578E+02,  3.77578E+02,  3.77578E+02,  3.77578E+02
 2.61481E+02,  2.04409E+02,  1.27815E+02,  1.17238E+02,  1.43142E+02
 1.89732E+02,  2.47286E+02,  3.04961E+02,  3.52582E+02,  3.85115E+02
 4.11498E+02,  4.11498E+02,  3.77578E+02,  3.77578E+02,  3.77578E+02
 3.77578E+02,  3.77578E+02,  3.77578E+02,  2.61481E+02,  2.04409E+02
 1.27815E+02,  1.17238E+02,  1.43142E+02,  1.89732E+02,  2.47286E+02
 3.04961E+02,  3.52582E+02,  3.85115E+02,  4.11498E+02,  4.11498E+02
 3.77578E+02,  3.77578E+02,  3.77578E+02,  3.77578E+02,  3.77578E+02
 3.77578E+02,  2.61481E+02,  2.04409E+02,  1.27815E+02,  1.17238E+02
 1.43142E+02,  1.89732E+02,  2.47286E+02,  3.04961E+02,  3.52582E+02
 3.85115E+02,  4.11498E+02,  4.11498E+02,  3.77578E+02,  3.77578E+02
 3.77578E+02,  3.77578E+02,  3.77578E+02,  3.77578E+02,  2.61481E+02
 2.04409E+02,  1.27815E+02,  1.17238E+02,  1.43142E+02,  1.89732E+02
 2.47286E+02,  3.04961E+02,  3.52582E+02,  3.85115E+02,  4.11498E+02
 4.11498E+02,  3.77578E+02,  3.77578E+02,  3.77578E+02,  3.77578E+02
 3.77578E+02,  3.77578E+02,  2.61481E+02,  2.04409E+02,  1.27815E+02
 1.17238E+02,  1.43142E+02,  1.89732E+02,  2.47286E+02,  3.04961E+02
 3.52582E+02,  3.85115E+02,  4.11498E+02,  4.11498E+02,  3.77578E+02
 3.77578E+02,  3.77578E+02,  3.77578E+02,  3.77578E+02,  3.77578E+02
 2.61481E+02,  2.04409E+02,  1.27815E+02,  1.17238E+02,  1.43142E+02
 1.89732E+02,  2.47286E+02,  3.04961E+02,  3.52582E+02,  3.85115E+02
 4.11498E+02,  4.11498E+02,  3.77578E+02,  3.77578E+02,  3.77578E+02
 3.77578E+02,  3.77578E+02,  3.77578E+02,  2.61481E+02,  2.04409E+02
 1.27815E+02,  1.17238E+02,  1.43142E+02,  1.89732E+02,  2.47286E+02
 3.04961E+02,  3.52582E+02,  3.85115E+02,  4.11498E+02,  4.11498E+02
 3.77578E+02,  3.77578E+02,  3.77578E+02,  3.77578E+02,  3.77578E+02
 3.77578E+02,  2.61481E+02,  2.04409E+02,  1.27815E+02,  1.17238E+02
 1.43142E+02,  1.89732E+02,  2.47286E+02,  3.04961E+02,  3.52582E+02
 3.85115E+02,  4.11498E+02,  4.11498E+02,  3.77578E+02,  3.77578E+02
 3.77578E+02,  3.77578E+02,  3.77578E+02,  3.77578E+02,  2.61481E+02
 2.04409E+02,  1.27815E+02,  1.17238E+02,  1.43142E+02,  1.89732E+02
 2.47286E+02,  3.04961E+02,  3.52582E+02,  3.85115E+02,  4.11498E+02
 4.11498E+02,  3.77578E+02,  3.77578E+02,  3.77578E+02,  3.77578E+02
 3.77578E+02,  3.77578E+02

;-Sensitivity in the elemental sequential order

 1.35294E-02,  1.39740E-02,  1.32175E-02,  1.08071E-02,  8.23655E-03
 6.18696E-03,  4.72243E-03,  3.70112E-03,  2.97941E-03,  2.44993E-03
 4.86699E-03,  4.86699E-03,  7.15212E-03,  7.15212E-03,  7.15212E-03
 7.15212E-03,  7.15212E-03,  7.15212E-03,  1.35294E-02,  1.39740E-02
 1.32175E-02,  1.08071E-02,  8.23655E-03,  6.18696E-03,  4.72243E-03
 3.70112E-03,  2.97941E-03,  2.44993E-03,  4.86699E-03,  4.86699E-03
 7.15212E-03,  7.15212E-03,  7.15212E-03,  7.15212E-03,  7.15212E-03
 7.15212E-03,  1.35294E-02,  1.39740E-02,  1.32175E-02,  1.08071E-02
 8.23655E-03,  6.18696E-03,  4.72243E-03,  3.70112E-03,  2.97941E-03
 2.44993E-03,  4.86699E-03,  4.86699E-03,  7.15212E-03,  7.15212E-03
 7.15212E-03,  7.15212E-03,  7.15212E-03,  7.15212E-03,  1.35294E-02
 1.39740E-02,  1.32175E-02,  1.08071E-02,  8.23655E-03,  6.18696E-03
 4.72243E-03,  3.70112E-03,  2.97941E-03,  2.44993E-03,  4.86699E-03
 4.86699E-03,  7.15212E-03,  7.15212E-03,  7.15212E-03,  7.15212E-03
 7.15212E-03,  7.15212E-03,  1.35294E-02,  1.39740E-02,  1.32175E-02
 1.08071E-02,  8.23655E-03,  6.18696E-03,  4.72243E-03,  3.70112E-03
 2.97941E-03,  2.44993E-03,  4.86699E-03,  4.86699E-03,  7.15212E-03
 7.15212E-03,  7.15212E-03,  7.15212E-03,  7.15212E-03,  7.15212E-03
 1.35294E-02,  1.39740E-02,  1.32175E-02,  1.08071E-02,  8.23655E-03
 6.18696E-03,  4.72243E-03,  3.70112E-03,  2.97941E-03,  2.44993E-03
 4.86699E-03,  4.86699E-03,  7.15212E-03,  7.15212E-03,  7.15212E-03
 7.15212E-03,  7.15212E-03,  7.15212E-03,  5.40486E-01,  1.05943E-01
 4.85438E-02,  2.11436E-02,  9.54572E-03,  4.81240E-03,  2.69385E-03
 1.62072E-03,  1.02374E-03,  6.74594E-04,  9.51538E-04,  9.51538E-04
 7.04802E-04,  7.04802E-04,  7.04802E-04,  7.04802E-04,  7.04802E-04
 7.04802E-04,  5.40486E-01,  1.05943E-01,  4.85438E-02,  2.11436E-02
 9.54572E-03,  4.81240E-03,  2.69385E-03,  1.62072E-03,  1.02374E-03
 6.74594E-04,  9.51538E-04,  9.51538E-04,  7.04802E-04,  7.04802E-04
 7.04802E-04,  7.04802E-04,  7.04802E-04,  7.04802E-04,  3.49490E+00
 7.89409E-01,  8.85829E-02,  3.39303E-02,  1.46553E-02,  6.98011E-03
 3.88913E-03,  2.44416E-03,  1.62960E-03,  1.11910E-03,  1.64914E-03
 1.64914E-03,  1.12542E-03,  1.12542E-03,  1.12542E-03,  1.12542E-03
 1.12542E-03,  1.12542E-03,  3.49490E+00,  7.89409E-01,  8.85829E-02
 3.39303E-02,  1.46553E-02,  6.98011E-03,  3.88913E-03,  2.44416E-03
 1.62960E-03,  1.11910E-03,  1.64914E-03,  1.64914E-03,  1.12542E-03
 1.12542E-03,  1.12542E-03,  1.12542E-03,  1.12542E-03,  1.12542E-03
 3.49490E+00,  7.89409E-01,  8.85829E-02,  3.39303E-02,  1.46553E-02
 6.98011E-03,  3.88913E-03,  2.44416E-03,  1.62960E-03,  1.11910E-03
 1.64914E-03,  1.64914E-03,  1.12542E-03,  1.12542E-03,  1.12542E-03
 1.12542E-03,  1.12542E-03,  1.12542E-03,  3.49490E+00,  7.89409E-01
 8.85829E-02,  3.39303E-02,  1.46553E-02,  6.98011E-03,  3.88913E-03
 2.44416E-03,  1.62960E-03,  1.11910E-03,  1.64914E-03,  1.64914E-03
 1.12542E-03,  1.12542E-03,  1.12542E-03,  1.12542E-03,  1.12542E-03
 1.12542E-03,  3.92590E+00,  1.13049E+00,  1.59697E-01,  7.18923E-02
 3.26449E-02,  1.38136E-02,  6.43066E-03,  3.57114E-03,  2.29869E-03
 1.56245E-03,  2.57455E-03,  2.57455E-03,  1.59703E-03,  1.59703E-03
 1.59703E-03,  1.59703E-03,  1.59703E-03,  1.59703E-03,  3.92590E+00
 1.13049E+00,  1.59697E-01,  7.18923E-02,  3.26449E-02,  1.38136E-02
 6.43066E-03,  3.57114E-03,  2.29869E-03,  1.56245E-03,  2.57455E-03
 2.57455E-03,  1.59703E-03,  1.59703E-03,  1.59703E-03,  1.59703E-03
 1.59703E-03,  1.59703E-03,  3.92590E+00,  1.13049E+00,  1.59697E-01
 7.18923E-02,  3.26449E-02,  1.38136E-02,  6.43066E-03,  3.57114E-03
 2.29869E-03,  1.56245E-03,  2.57455E-03,  2.57455E-03,  1.59703E-03
 1.59703E-03,  1.59703E-03,  1.59703E-03,  1.59703E-03,  1.59703E-03
 3.92590E+00,  1.13049E+00,  1.59697E-01,  7.18923E-02,  3.26449E-02
 1.38136E-02,  6.43066E-03,  3.57114E-03,  2.29869E-03,  1.56245E-03
 2.57455E-03,  2.57455E-03,  1.59703E-03,  1.59703E-03,  1.59703E-03
 1.59703E-03,  1.59703E-03,  1.59703E-03,  4.40644E+00,  1.16914E+00
 1.89614E-01,  8.81464E-02,  4.18872E-02,  1.89726E-02,  9.24229E-03
 5.16724E-03,  3.31682E-03,  2.25410E-03,  3.83982E-03,  3.83982E-03
 2.29468E-03,  2.29468E-03,  2.29468E-03,  2.29468E-03,  2.29468E-03
 2.29468E-03,  4.40644E+00,  1.16914E+00,  1.89614E-01,  8.81464E-02
 4.18872E-02,  1.89726E-02,  9.24229E-03,  5.16724E-03,  3.31682E-03
 2.25410E-03,  3.83982E-03,  3.83982E-03,  2.29468E-03,  2.29468E-03
 2.29468E-03,  2.29468E-03,  2.29468E-03,  2.29468E-03,  4.40644E+00
 1.16914E+00,  1.89614E-01,  8.81464E-02,  4.18872E-02,  1.89726E-02
 9.24229E-03,  5.16724E-03,  3.31682E-03,  2.25410E-03,  3.83982E-03
 3.83982E-03,  2.29468E-03,  2.29468E-03,  2.29468E-03,  2.29468E-03
 2.29468E-03,  2.29468E-03,  4.40644E+00,  1.16914E+00,  1.89614E-01
 8.81464E-02,  4.18872E-02,  1.89726E-02,  9.24229E-03,  5.16724E-03
 3.31682E-03,  2.25410E-03,  3.83982E-03,  3.83982E-03,  2.29468E-03
 2.29468E-03,  2.29468E-03,  2.29468E-03,  2.29468E-03,  2.29468E-03
 6.03950E+00,  1.62966E+00,  2.76941E-01,  1.11710E-01,  5.14953E-02
 2.36924E-02,  1.18429E-02,  6.81301E-03,  4.46988E-03,  3.11608E-03
 5.14239E-03,  5.14239E-03,  3.02427E-03,  3.02427E-03,  3.02427E-03
 3.02427E-03,  3.02427E-03,  3.02427E-03,  6.03950E+00,  1.62966E+00
 2.76941E-01,  1.11710E-01,  5.14953E-02,  2.36924E-02,  1.18429E-02
 6.81301E-03,  4.46988E-03,  3.11608E-03,  5.14239E-03,  5.14239E-03
 3.02427E-03,  3.02427E-03,  3.02427E-03,  3.02427E-03,  3.02427E-03
 3.02427E-03,  6.03950E+00,  1.62966E+00,  2.76941E-01,  1.11710E-01
 5.14953E-02,  2.36924E-02,  1.18429E-02,  6.81301E-03,  4.46988E-03
 3.11608E-03,  5.14239E-03,  5.14239E-03,  3.02427E-03,  3.02427E-03
 3.02427E-03,  3.02427E-03,  3.02427E-03,  3.02427E-03,  6.03950E+00
 1.62966E+00,  2.76941E-01,  1.11710E-01,  5.14953E-02,  2.36924E-02
 1.18429E-02,  6.81301E-03,  4.46988E-03,  3.11608E-03,  5.14239E-03
 5.14239E-03,  3.02427E-03,  3.02427E-03,  3.02427E-03,  3.02427E-03
 3.02427E-03,  3.02427E-03,  9.58141E+00,  2.91707E+00,  4.06582E-01
 1.33994E-01,  6.09417E-02,  2.85268E-02,  1.47336E-02,  8.69171E-03
 5.71081E-03,  4.02667E-03,  6.20116E-03,  6.20116E-03,  3.55719E-03
 3.55719E-03,  3.55719E-03,  3.55719E-03,  3.55719E-03,  3.55719E-03
 9.58141E+00,  2.91707E+00,  4.06582E-01,  1.33994E-01,  6.09417E-02
 2.85268E-02,  1.47336E-02,  8.69171E-03,  5.71081E-03,  4.02667E-03
 6.20116E-03,  6.20116E-03,  3.55719E-03,  3.55719E-03,  3.55719E-03
 3.55719E-03,  3.55719E-03,  3.55719E-03,  9.58141E+00,  2.91707E+00
 4.06582E-01,  1.33994E-01,  6.09417E-02,  2.85268E-02,  1.47336E-02
 8.69171E-03,  5.71081E-03,  4.02667E-03,  6.20116E-03,  6.20116E-03
 3.55719E-03,  3.55719E-03,  3.55719E-03,  3.55719E-03,  3.55719E-03
 3.55719E-03,  9.58141E+00,  2.91707E+00,  4.06582E-01,  1.33994E-01
 6.09417E-02,  2.85268E-02,  1.47336E-02,  8.69171E-03,  5.71081E-03
 4.02667E-03,  6.20116E-03,  6.20116E-03,  3.55719E-03,  3.55719E-03
 3.55719E-03,  3.55719E-03,  3.55719E-03,  3.55719E-03,  8.54699E+00
 2.54811E+00,  3.80955E-01,  1.35661E-01,  7.22700E-02,  3.31523E-02
 1.66269E-02,  9.79407E-03,  6.40821E-03,  4.52632E-03,  6.67037E-03
 6.67037E-03,  3.75140E-03,  3.75140E-03,  3.75140E-03,  3.75140E-03
 3.75140E-03,  3.75140E-03,  8.54699E+00,  2.54811E+00,  3.80955E-01
 1.35661E-01,  7.22700E-02,  3.31523E-02,  1.66269E-02,  9.79407E-03
 6.40821E-03,  4.52632E-03,  6.67037E-03,  6.67037E-03,  3.75140E-03
 3.75140E-03,  3.75140E-03,  3.75140E-03,  3.75140E-03,  3.75140E-03
 8.54699E+00,  2.54811E+00,  3.80955E-01,  1.35661E-01,  7.22700E-02
 3.31523E-02,  1.66269E-02,  9.79407E-03,  6.40821E-03,  4.52632E-03
 6.67037E-03,  6.67037E-03,  3.75140E-03,  3.75140E-03,  3.75140E-03
 3.75140E-03,  3.75140E-03,  3.75140E-03,  8.54699E+00,  2.54811E+00
 3.80955E-01,  1.35661E-01,  7.22700E-02,  3.31523E-02,  1.66269E-02
 9.79407E-03,  6.40821E-03,  4.52632E-03,  6.67037E-03,  6.67037E-03
 3.75140E-03,  3.75140E-03,  3.75140E-03,  3.75140E-03,  3.75140E-03
 3.75140E-03,  6.74272E+00,  1.99939E+00,  3.21410E-01,  1.10811E-01
 5.63299E-02,  2.80073E-02,  1.55730E-02,  9.75903E-03,  6.48607E-03
 4.54093E-03,  6.52825E-03,  6.52825E-03,  3.61287E-03,  3.61287E-03
 3.61287E-03,  3.61287E-03,  3.61287E-03,  3.61287E-03,  6.74272E+00
 1.99939E+00,  3.21410E-01,  1.10811E-01,  5.63299E-02,  2.80073E-02
 1.55730E-02,  9.75903E-03,  6.48607E-03,  4.54093E-03,  6.52825E-03
 6.52825E-03,  3.61287E-03,  3.61287E-03,  3.61287E-03,  3.61287E-03
 3.61287E-03,  3.61287E-03,  6.74272E+00,  1.99939E+00,  3.21410E-01
 1.10811E-01,  5.63299E-02,  2.80073E-02,  1.55730E-02,  9.75903E-03
 6.48607E-03,  4.54093E-03,  6.52825E-03,  6.52825E-03,  3.61287E-03
 3.61287E-03,  3.61287E-03,  3.61287E-03,  3.61287E-03,  3.61287E-03
 6.74272E+00,  1.99939E+00,  3.21410E-01,  1.10811E-01,  5.63299E-02
 2.80073E-02,  1.55730E-02,  9.75903E-03,  6.48607E-03,  4.54093E-03
 6.52825E-03,  6.52825E-03,  3.61287E-03,  3.61287E-03,  3.61287E-03
 3.61287E-03,  3.61287E-03,  3.61287E-03,  8.51822E+00,  2.65469E+00
 3.82335E-01,  1.31291E-01,  6.76890E-02,  3.33745E-02,  1.76364E-02
 1.07362E-02,  6.95151E-03,  4.66642E-03,  6.23544E-03,  6.23544E-03
 3.24572E-03,  3.24572E-03,  3.24572E-03,  3.24572E-03,  3.24572E-03
 3.24572E-03,  8.51822E+00,  2.65469E+00,  3.82335E-01,  1.31291E-01
 6.76890E-02,  3.33745E-02,  1.76364E-02,  1.07362E-02,  6.95151E-03
 4.66642E-03,  6.23544E-03,  6.23544E-03,  3.24572E-03,  3.24572E-03
 3.24572E-03,  3.24572E-03,  3.24572E-03,  3.24572E-03,  8.51822E+00
 2.65469E+00,  3.82335E-01,  1.31291E-01,  6.76890E-02,  3.33745E-02
 1.76364E-02,  1.07362E-02,  6.95151E-03,  4.66642E-03,  6.23544E-03
 6.23544E-03,  3.24572E-03,  3.24572E-03,  3.24572E-03,  3.24572E-03
 3.24572E-03,  3.24572E-03,  8.51822E+00,  2.65469E+00,  3.82335E-01
 1.31291E-01,  6.76890E-02,  3.33745E-02,  1.76364E-02,  1.07362E-02
 6.95151E-03,  4.66642E-03,  6.23544E-03,  6.23544E-03,  3.24572E-03
 3.24572E-03,  3.24572E-03,  3.24572E-03,  3.24572E-03,  3.24572E-03
 2.44169E+00,  1.12889E+00,  2.80138E-01,  1.14923E-01,  5.76036E-02
 3.08521E-02,  1.75994E-02,  1.07920E-02,  6.92910E-03,  4.57865E-03
 5.87255E-03,  5.87255E-03,  2.76797E-03,  2.76797E-03,  2.76797E-03
 2.76797E-03,  2.76797E-03,  2.76797E-03,  2.44169E+00,  1.12889E+00
 2.80138E-01,  1.14923E-01,  5.76036E-02,  3.08521E-02,  1.75994E-02
 1.07920E-02,  6.92910E-03,  4.57865E-03,  5.87255E-03,  5.87255E-03
 2.76797E-03,  2.76797E-03,  2.76797E-03,  2.76797E-03,  2.76797E-03
 2.76797E-03,  2.44169E+00,  1.12889E+00,  2.80138E-01,  1.14923E-01
 5.76036E-02,  3.08521E-02,  1.75994E-02,  1.07920E-02,  6.92910E-03
 4.57865E-03,  5.87255E-03,  5.87255E-03,  2.76797E-03,  2.76797E-03
 2.76797E-03,  2.76797E-03,  2.76797E-03,  2.76797E-03,  2.44169E+00
 1.12889E+00,  2.80138E-01,  1.14923E-01,  5.76036E-02,  3.08521E-02
 1.75994E-02,  1.07920E-02,  6.92910E-03,  4.57865E-03,  5.87255E-03
 5.87255E-03,  2.76797E-03,  2.76797E-03,  2.76797E-03,  2.76797E-03
 2.76797E-03,  2.76797E-03,  3.10828E+00,  1.48403E+00,  3.21517E-01
 1.12426E-01,  5.75185E-02,  3.19836E-02,  1.81008E-02,  1.06226E-02
 6.53454E-03,  4.15059E-03,  5.32110E-03,  5.32110E-03,  2.28340E-03
 2.28340E-03,  2.28340E-03,  2.28340E-03,  2.28340E-03,  2.28340E-03
 3.10828E+00,  1.48403E+00,  3.21517E-01,  1.12426E-01,  5.75185E-02
 3.19836E-02,  1.81008E-02,  1.06226E-02,  6.53454E-03,  4.15059E-03
 5.32110E-03,  5.32110E-03,  2.28340E-03,  2.28340E-03,  2.28340E-03
 2.28340E-03,  2.28340E-03,  2.28340E-03,  3.10828E+00,  1.48403E+00
 3.21517E-01,  1.12426E-01,  5.75185E-02,  3.19836E-02,  1.81008E-02
 1.06226E-02,  6.53454E-03,  4.15059E-03,  5.32110E-03,  5.32110E-03
 2.28340E-03,  2.28340E-03,  2.28340E-03,  2.28340E-03,  2.28340E-03
 2.28340E-03,  3.10828E+00,  1.48403E+00,  3.21517E-01,  1.12426E-01
 5.75185E-02,  3.19836E-02,  1.81008E-02,  1.06226E-02,  6.53454E-03
 4.15059E-03,  5.32110E-03,  5.32110E-03,  2.28340E-03,  2.28340E-03
 2.28340E-03,  2.28340E-03,  2.28340E-03,  2.28340E-03,  3.02333E+00
 1.61978E+00,  3.71767E-01,  1.30065E-01,  6.29991E-02,  3.34780E-02
 1.85135E-02,  1.05017E-02,  6.14560E-03,  3.63722E-03,  4.61834E-03
 4.61834E-03,  1.88376E-03,  1.88376E-03,  1.88376E-03,  1.88376E-03
 1.88376E-03,  1.88376E-03,  3.02333E+00,  1.61978E+00,  3.71767E-01
 1.30065E-01,  6.29991E-02,  3.34780E-02,  1.85135E-02,  1.05017E-02
 6.14560E-03,  3.63722E-03,  4.61834E-03,  4.61834E-03,  1.88376E-03
 1.88376E-03,  1.88376E-03,  1.88376E-03,  1.88376E-03,  1.88376E-03
 3.02333E+00,  1.61978E+00,  3.71767E-01,  1.30065E-01,  6.29991E-02
 3.34780E-02,  1.85135E-02,  1.05017E-02,  6.14560E-03,  3.63722E-03
 4.61834E-03,  4.61834E-03,  1.88376E-03,  1.88376E-03,  1.88376E-03
 1.88376E-03,  1.88376E-03,  1.88376E-03,  3.02333E+00,  1.61978E+00
 3.71767E-01,  1.30065E-01,  6.29991E-02,  3.34780E-02,  1.85135E-02
 1.05017E-02,  6.14560E-03,  3.63722E-03,  4.61834E-03,  4.61834E-03
 1.88376E-03,  1.88376E-03,  1.88376E-03,  1.88376E-03,  1.88376E-03
 1.88376E-03,  2.65129E+00,  1.28029E+00,  3.82276E-01,  1.37665E-01
 6.80179E-02,  3.62593E-02,  1.92462E-02,  1.04173E-02,  5.85196E-03
 3.36986E-03,  4.22220E-03,  4.22220E-03,  1.61010E-03,  1.61010E-03
 1.61010E-03,  1.61010E-03,  1.61010E-03,  1.61010E-03,  2.65129E+00
 1.28029E+00,  3.82276E-01,  1.37665E-01,  6.80179E-02,  3.62593E-02
 1.92462E-02,  1.04173E-02,  5.85196E-03,  3.36986E-03,  4.22220E-03
 4.22220E-03,  1.61010E-03,  1.61010E-03,  1.61010E-03,  1.61010E-03
 1.61010E-03,  1.61010E-03,  2.65129E+00,  1.28029E+00,  3.82276E-01
 1.37665E-01,  6.80179E-02,  3.62593E-02,  1.92462E-02,  1.04173E-02
 5.85196E-03,  3.36986E-03,  4.22220E-03,  4.22220E-03,  1.61010E-03
 1.61010E-03,  1.61010E-03,  1.61010E-03,  1.61010E-03,  1.61010E-03
 2.65129E+00,  1.28029E+00,  3.82276E-01,  1.37665E-01,  6.80179E-02
 3.62593E-02,  1.92462E-02,  1.04173E-02,  5.85196E-03,  3.36986E-03
 4.22220E-03,  4.22220E-03,  1.61010E-03,  1.61010E-03,  1.61010E-03
 1.61010E-03,  1.61010E-03,  1.61010E-03,  6.55784E+00,  2.51744E+00
 3.97161E-01,  1.07497E-01,  5.25643E-02,  2.64342E-02,  1.43477E-02
 8.45844E-03,  5.13071E-03,  3.15707E-03,  3.74175E-03,  3.74175E-03
 1.41812E-03,  1.41812E-03,  1.41812E-03,  1.41812E-03,  1.41812E-03
 1.41812E-03,  6.55784E+00,  2.51744E+00,  3.97161E-01,  1.07497E-01
 5.25643E-02,  2.64342E-02,  1.43477E-02,  8.45844E-03,  5.13071E-03
 3.15707E-03,  3.74175E-03,  3.74175E-03,  1.41812E-03,  1.41812E-03
 1.41812E-03,  1.41812E-03,  1.41812E-03,  1.41812E-03,  6.55784E+00
 2.51744E+00,  3.97161E-01,  1.07497E-01,  5.25643E-02,  2.64342E-02
 1.43477E-02,  8.45844E-03,  5.13071E-03,  3.15707E-03,  3.74175E-03
 3.74175E-03,  1.41812E-03,  1.41812E-03,  1.41812E-03,  1.41812E-03
 1.41812E-03,  1.41812E-03,  6.55784E+00,  2.51744E+00,  3.97161E-01
 1.07497E-01,  5.25643E-02,  2.64342E-02,  1.43477E-02,  8.45844E-03
 5.13071E-03,  3.15707E-03,  3.74175E-03,  3.74175E-03,  1.41812E-03
 1.41812E-03,  1.41812E-03,  1.41812E-03,  1.41812E-03,  1.41812E-03
 3.46615E+00,  1.76691E+00,  3.34609E-01,  8.75455E-02,  3.97439E-02
 1.86779E-02,  1.04478E-02,  6.54946E-03,  4.10955E-03,  2.63619E-03
 2.89117E-03,  2.89117E-03,  1.23154E-03,  1.23154E-03,  1.23154E-03
 1.23154E-03,  1.23154E-03,  1.23154E-03,  3.46615E+00,  1.76691E+00
 3.34609E-01,  8.75455E-02,  3.97439E-02,  1.86779E-02,  1.04478E-02
 6.54946E-03,  4.10955E-03,  2.63619E-03,  2.89117E-03,  2.89117E-03
 1.23154E-03,  1.23154E-03,  1.23154E-03,  1.23154E-03,  1.23154E-03
 1.23154E-03,  3.46615E+00,  1.76691E+00,  3.34609E-01,  8.75455E-02
 3.97439E-02,  1.86779E-02,  1.04478E-02,  6.54946E-03,  4.10955E-03
 2.63619E-03,  2.89117E-03,  2.89117E-03,  1.23154E-03,  1.23154E-03
 1.23154E-03,  1.23154E-03,  1.23154E-03,  1.23154E-03,  3.46615E+00
 1.76691E+00,  3.34609E-01,  8.75455E-02,  3.97439E-02,  1.86779E-02
 1.04478E-02,  6.54946E-03,  4.10955E-03,  2.63619E-03,  2.89117E-03
 2.89117E-03,  1.23154E-03,  1.23154E-03,  1.23154E-03,  1.23154E-03
 1.23154E-03,  1.23154E-03,  6.05214E+00,  1.87840E+00,  2.65959E-01
 1.02352E-01,  4.86714E-02,  1.91976E-02,  7.78299E-03,  3.87340E-03
 2.30034E-03,  1.55043E-03,  1.69775E-03,  1.69775E-03,  8.00847E-04
 8.00847E-04,  8.00847E-04,  8.00847E-04,  8.00847E-04,  8.00847E-04
 5.46971E+00,  1.54154E+00,  2.00840E-01,  7.58378E-02,  3.57934E-02
 1.40987E-02,  5.68325E-03,  2.74769E-03,  1.59096E-03,  1.05483E-03
 1.15691E-03,  1.15691E-03,  5.56868E-04,  5.56868E-04,  5.56868E-04
 5.56868E-04,  5.56868E-04,  5.56868E-04,  4.20667E+00,  9.81599E-01
 1.28502E-01,  4.95670E-02,  2.24266E-02,  8.86861E-03,  3.59399E-03
 1.71407E-03,  9.75628E-04,  6.37046E-04,  7.07989E-04,  7.07989E-04
 3.51702E-04,  3.51702E-04,  3.51702E-04,  3.51702E-04,  3.51702E-04
 3.51702E-04,  4.20667E+00,  9.81599E-01,  1.28502E-01,  4.95670E-02
 2.24266E-02,  8.86861E-03,  3.59399E-03,  1.71407E-03,  9.75628E-04
 6.37046E-04,  7.07989E-04,  7.07989E-04,  3.51702E-04,  3.51702E-04
 3.51702E-04,  3.51702E-04,  3.51702E-04,  3.51702E-04,  3.49160E+00
 7.65660E-01,  1.11631E-01,  4.12097E-02,  1.87567E-02,  1.02496E-02
 6.55874E-03,  4.74447E-03,  3.71885E-03,  3.06579E-03,  6.42547E-03
 6.42547E-03,  8.75869E-03,  8.75869E-03,  8.75869E-03,  8.75869E-03
 8.75869E-03,  8.75869E-03,  3.49160E+00,  7.65660E-01,  1.11631E-01
 4.12097E-02,  1.87567E-02,  1.02496E-02,  6.55874E-03,  4.74447E-03
 3.71885E-03,  3.06579E-03,  6.42547E-03,  6.42547E-03,  8.75869E-03
 8.75869E-03,  8.75869E-03,  8.75869E-03,  8.75869E-03,  8.75869E-03
 3.49160E+00,  7.65660E-01,  1.11631E-01,  4.12097E-02,  1.87567E-02
 1.02496E-02,  6.55874E-03,  4.74447E-03,  3.71885E-03,  3.06579E-03
 6.42547E-03,  6.42547E-03,  8.75869E-03,  8.75869E-03,  8.75869E-03
 8.75869E-03,  8.75869E-03,  8.75869E-03,  3.49160E+00,  7.65660E-01
 1.11631E-01,  4.12097E-02,  1.87567E-02,  1.02496E-02,  6.55874E-03
 4.74447E-03,  3.71885E-03,  3.06579E-03,  6.42547E-03,  6.42547E-03
 8.75869E-03,  8.75869E-03,  8.75869E-03,  8.75869E-03,  8.75869E-03
 8.75869E-03,  3.49160E+00,  7.65660E-01,  1.11631E-01,  4.12097E-02
 1.87567E-02,  1.02496E-02,  6.55874E-03,  4.74447E-03,  3.71885E-03
 3.06579E-03,  6.42547E-03,  6.42547E-03,  8.75869E-03,  8.75869E-03
 8.75869E-03,  8.75869E-03,  8.75869E-03,  8.75869E-03,  3.49160E+00
 7.65660E-01,  1.11631E-01,  4.12097E-02,  1.87567E-02,  1.02496E-02
 6.55874E-03,  4.74447E-03,  3.71885E-03,  3.06579E-03,  6.42547E-03
 6.42547E-03,  8.75869E-03,  8.75869E-03,  8.75869E-03,  8.75869E-03
 8.75869E-03,  8.75869E-03,  3.49160E+00,  7.65660E-01,  1.11631E-01
 4.12097E-02,  1.87567E-02,  1.02496E-02,  6.55874E-03,  4.74447E-03
 3.71885E-03,  3.06579E-03,  6.42547E-03,  6.42547E-03,  8.75869E-03
 8.75869E-03,  8.75869E-03,  8.75869E-03,  8.75869E-03,  8.75869E-03
 3.49160E+00,  7.65660E-01,  1.11631E-01,  4.12097E-02,  1.87567E-02
 1.02496E-02,  6.55874E-03,  4.74447E-03,  3.71885E-03,  3.06579E-03
 6.42547E-03,  6.42547E-03,  8.75869E-03,  8.75869E-03,  8.75869E-03
 8.75869E-03,  8.75869E-03,  8.75869E-03,  3.49160E+00,  7.65660E-01
 1.11631E-01,  4.12097E-02,  1.87567E-02,  1.02496E-02,  6.55874E-03
 4.74447E-03,  3.71885E-03,  3.06579E-03,  6.42547E-03,  6.42547E-03
 8.75869E-03,  8.75869E-03,  8.75869E-03,  8.75869E-03,  8.75869E-03
 8.75869E-03,  3.49160E+00,  7.65660E-01,  1.11631E-01,  4.12097E-02
 1.87567E-02,  1.02496E-02,  6.55874E-03,  4.74447E-03,  3.71885E-03
 3.06579E-03,  6.42547E-03,  6.42547E-03,  8.75869E-03,  8.75869E-03
 8.75869E-03,  8.75869E-03,  8.75869E-03,  8.75869E-03,  3.49160E+00
 7.65660E-01,  1.11631E-01,  4.12097E-02,  1.87567E-02,  1.02496E-02
 6.55874E-03,  4.74447E-03,  3.71885E-03,  3.06579E-03,  6.42547E-03
 6.42547E-03,  8.75869E-03,  8.75869E-03,  8.75869E-03,  8.75869E-03
 8.75869E-03,  8.75869E-03

;------ Iteration  2
;-Index  V/I_Meas      V/I_Calc    VI_%ERR
  1,    2.07243E+01,   5.42190E+00,  -73.84
  2,    2.56875E+00,   3.44546E-01,  -86.59
  3,    1.24840E+00,   2.84961E-01,  -77.17
  4,    9.38865E-02,   1.71311E-01,  82.47
  5,    1.51760E-01,   4.95350E-02,  -67.36
  6,    9.01102E-02,   3.70155E-02,  -58.92
  7,    2.51083E+01,   4.14268E+00,  -83.50
  8,    6.05705E+00,   1.01858E+00,  -83.18
  9,    2.62075E+00,   6.89196E-01,  -73.70
  10,    1.10857E+00,   3.62734E-01,  -67.28
  11,    1.39745E-01,   5.77811E-02,  -58.65
  12,    8.66431E-02,   4.13539E-02,  -52.27
  13,    3.66935E-02,   1.04635E-01,  185.16
  14,    2.42305E-01,   1.44596E-01,  -40.32
  15,    1.08723E-01,   1.06135E-01,  -2.38
  16,    6.45944E-02,   6.54811E-02,  1.37
  17,    3.79840E-02,   4.24200E-02,  11.68
  18,    2.77012E-02,   2.79717E-02,  0.98
  19,    2.10235E+01,   3.27075E+00,  -84.44
  20,    5.51175E+00,   1.96077E+00,  -64.43
  21,    2.10442E+00,   8.85112E-01,  -57.94
  22,    8.42778E-01,   2.16631E-01,  -74.30
  23,    1.23720E-01,   6.92758E-02,  -44.01
  24,    8.03241E-02,   7.28648E-02,  -9.29
  25,    2.18757E-01,   2.09279E-01,  -4.33
  26,    1.03491E-01,   1.21565E-01,  17.46
  27,    5.92737E-02,   7.93185E-02,  33.82
  28,    3.80062E-02,   4.86415E-02,  27.98
  29,    2.69831E-02,   3.33753E-02,  23.69
  30,    4.16334E-02,   4.86698E-02,  16.90
  31,    3.13011E-02,   3.65800E-02,  16.86
  32,    2.56430E-02,   2.73811E-02,  6.78
  33,    2.12077E+01,   4.58959E+00,  -78.36
  34,    5.34089E+00,   1.64858E+00,  -69.13
  35,    1.90316E+00,   3.24580E-01,  -82.95
  36,    7.61439E-01,   2.01133E-01,  -73.59
  37,    1.40548E-01,   8.16823E-02,  -41.88
  38,    7.82689E-02,   6.17428E-02,  -21.11
  39,    2.08930E-01,   2.06608E-01,  -1.11
  40,    1.10353E-01,   1.21378E-01,  9.99
  41,    5.87669E-02,   7.56940E-02,  28.80
  42,    4.03443E-02,   4.82540E-02,  19.61
  43,    2.84742E-02,   3.43233E-02,  20.54
  44,    4.56410E-02,   5.34764E-02,  17.17
  45,    3.47810E-02,   4.03238E-02,  15.94
  46,    2.67499E-02,   2.79120E-02,  4.34
  47,    4.41874E-02,   4.29452E-02,  -2.81
  48,    2.76329E-02,   2.54318E-02,  -7.97
  49,    2.43151E-02,   1.73963E-02,  -28.45
  50,    2.33259E+01,   7.20664E+00,  -69.10
  51,    4.91551E+00,   7.32685E-01,  -85.09
  52,    1.71542E+00,   2.92662E-01,  -82.94
  53,    7.63683E-01,   1.55613E-01,  -79.62
  54,    1.34355E-01,   6.29112E-02,  -53.18
  55,    8.57191E-02,   4.58035E-02,  -46.57
  56,    2.89493E-02,   9.10131E-02,  214.39
  57,    2.31722E-01,   1.58616E-01,  -31.55
  58,    1.18091E-01,   9.90616E-02,  -16.11
  59,    6.76859E-02,   5.87303E-02,  -13.23
  60,    4.56516E-02,   3.91767E-02,  -14.18
  61,    3.30751E-02,   3.14213E-02,  -5.00
  62,    5.05039E-02,   4.98318E-02,  -1.33
  63,    3.83803E-02,   3.87100E-02,  0.86
  64,    2.78508E-02,   2.64646E-02,  -4.98
  65,    4.45802E-02,   4.10258E-02,  -7.97
  66,    2.72002E-02,   2.49892E-02,  -8.13
  67,    2.78031E-02,   1.75390E-02,  -36.92
  68,    3.00666E-02,   1.75855E-02,  -41.51
  69,    2.17111E-02,   1.20447E-02,  -44.52
  70,    2.51867E+01,   9.41612E+00,  -62.61
  71,    4.91285E+00,   1.67898E+00,  -65.82
  72,    1.79343E+00,   6.00513E-01,  -66.52
  73,    8.39700E-01,   2.77169E-01,  -66.99
  74,    1.49670E-01,   2.18020E-01,  45.67
  75,    1.47258E-01,   9.87511E-02,  -32.94
  76,    9.33280E-02,   6.81324E-02,  -27.00
  77,    2.58679E-01,   1.84339E-01,  -28.74
  78,    1.22031E-01,   1.07454E-01,  -11.95
  79,    7.54422E-02,   6.51474E-02,  -13.65
  80,    5.03819E-02,   4.45717E-02,  -11.53
  81,    3.87900E-02,   3.51541E-02,  -9.37
  82,    5.76154E-02,   5.64426E-02,  -2.04
  83,    4.36995E-02,   4.11877E-02,  -5.75
  84,    3.19190E-02,   2.67477E-02,  -16.20
  85,    4.86561E-02,   4.36053E-02,  -10.38
  86,    3.01298E-02,   2.73661E-02,  -9.17
  87,    2.91209E-02,   1.90880E-02,  -34.45
  88,    3.00144E-02,   1.95155E-02,  -34.98
  89,    2.13417E-02,   1.34364E-02,  -37.04
  90,    2.58147E-02,   1.51382E-02,  -41.36
  91,    1.98618E-02,   1.14397E-02,  -42.40
  92,    5.35987E+00,   2.88401E+00,  -46.19
  93,    2.08741E+00,   9.85068E-01,  -52.81
  94,    1.02678E+00,   6.19377E-01,  -39.68
  95,    1.87425E-01,   3.55133E-01,  89.48
  96,    1.72181E-01,   1.41714E-01,  -17.69
  97,    1.17447E-01,   1.09096E-01,  -7.11
  98,    2.90909E-01,   2.80682E-01,  -3.52
  99,    1.47621E-01,   1.49745E-01,  1.44
  100,    8.99679E-02,   9.24712E-02,  2.78
  101,    6.19399E-02,   6.99737E-02,  12.97
  102,    4.74925E-02,   4.77233E-02,  0.49
  103,    6.89750E-02,   7.25998E-02,  5.26
  104,    4.92579E-02,   4.87124E-02,  -1.11
  105,    3.40743E-02,   3.27878E-02,  -3.78
  106,    5.22244E-02,   5.13593E-02,  -1.66
  107,    3.38687E-02,   2.97732E-02,  -12.09
  108,    3.23105E-02,   2.19555E-02,  -32.05
  109,    3.19228E-02,   2.38950E-02,  -25.15
  110,    2.16338E-02,   1.50312E-02,  -30.52
  111,    2.66745E-02,   1.82361E-02,  -31.63
  112,    2.14036E-02,   1.39728E-02,  -34.72
  113,    5.72150E+00,   1.92391E+00,  -66.37
  114,    2.31320E+00,   8.83571E-01,  -61.80
  115,    9.68294E-01,   4.38158E-01,  -54.75
  116,    1.86464E-01,   2.44444E-01,  31.09
  117,    1.88712E-01,   1.06233E-01,  -43.71
  118,    1.03236E-01,   7.08901E-02,  -31.33
  119,    2.96212E-01,   2.51915E-01,  -14.95
  120,    1.63627E-01,   1.37096E-01,  -16.21
  121,    1.00222E-01,   8.65239E-02,  -13.67
  122,    7.38560E-02,   6.46289E-02,  -12.49
  123,    5.39285E-02,   5.04819E-02,  -6.39
  124,    8.00984E-02,   7.68228E-02,  -4.09
  125,    5.42293E-02,   5.07615E-02,  -6.39
  126,    3.46281E-02,   3.41199E-02,  -1.47
  127,    5.20586E-02,   4.83114E-02,  -7.20
  128,    4.13181E-02,   3.24101E-02,  -21.56
  129,    3.06594E-02,   2.12328E-02,  -30.75
  130,    3.37121E-02,   2.35849E-02,  -30.04
  131,    2.32575E-02,   1.58939E-02,  -31.66
  132,    2.79093E-02,   1.92761E-02,  -30.93
  133,    2.16048E-02,   1.50274E-02,  -30.44
  134,    6.07769E+00,   2.61831E+00,  -56.92
  135,    2.01531E+00,   1.02149E+00,  -49.31
  136,    9.22482E-01,   4.98884E-01,  -45.92
  137,    2.93652E-01,   2.70453E-01,  -7.90
  138,    4.42888E-01,   1.83621E-01,  -58.54
  139,    1.43564E-01,   1.16425E-01,  -18.90
  140,    9.80310E-02,   7.84105E-02,  -20.01
  141,    2.89595E-01,   2.18378E-01,  -24.59
  142,    1.62090E-01,   1.20975E-01,  -25.37
  143,    1.02372E-01,   8.44440E-02,  -17.51
  144,    7.43722E-02,   5.48884E-02,  -26.20
  145,    5.26667E-02,   4.59498E-02,  -12.75
  146,    8.48895E-02,   7.87888E-02,  -7.19
  147,    5.70213E-02,   4.93497E-02,  -13.45
  148,    3.24661E-02,   3.30315E-02,  1.74
  149,    5.09961E-02,   5.18838E-02,  1.74
  150,    4.73332E-02,   3.57820E-02,  -24.40
  151,    2.71496E-02,   2.28944E-02,  -15.67
  152,    3.33201E-02,   2.49662E-02,  -25.07
  153,    2.30520E-02,   1.73541E-02,  -24.72
  154,    2.80427E-02,   2.02364E-02,  -27.84
  155,    2.28094E-02,   1.62947E-02,  -28.56
  156,    5.95258E+00,   2.67971E+00,  -54.98
  157,    2.26191E+00,   1.03692E+00,  -54.16
  158,    9.77684E-01,   4.86310E-01,  -50.26
  159,    3.24570E-01,   2.95577E-01,  -8.93
  160,    4.23618E-01,   1.73020E-01,  -59.16
  161,    1.53060E-01,   1.09184E-01,  -28.67
  162,    9.56131E-02,   7.19589E-02,  -24.74
  163,    2.82887E-01,   2.19603E-01,  -22.37
  164,    1.58797E-01,   1.22934E-01,  -22.58
  165,    1.07999E-01,   8.50022E-02,  -21.29
  166,    7.42793E-02,   6.35065E-02,  -14.50
  167,    5.51055E-02,   4.87269E-02,  -11.58
  168,    8.47283E-02,   6.80395E-02,  -19.70
  169,    5.42794E-02,   4.41243E-02,  -18.71
  170,    3.04051E-02,   2.92550E-02,  -3.78
  171,    5.27314E-02,   5.10374E-02,  -3.21
  172,    4.60293E-02,   3.50249E-02,  -23.91
  173,    2.79294E-02,   2.32229E-02,  -16.85
  174,    3.38499E-02,   2.64015E-02,  -22.00
  175,    2.26353E-02,   1.87247E-02,  -17.28
  176,    2.78493E-02,   2.16086E-02,  -22.41
  177,    6.10244E+00,   2.77955E+00,  -54.45
  178,    2.13197E+00,   1.04857E+00,  -50.82
  179,    9.54436E-01,   5.53852E-01,  -41.97
  180,    2.45200E-01,   2.91878E-01,  19.04
  181,    3.76698E-01,   1.69429E-01,  -55.02
  182,    1.33233E-01,   1.04168E-01,  -21.82
  183,    9.42898E-02,   7.08046E-02,  -24.91
  184,    2.82526E-01,   2.08074E-01,  -26.35
  185,    1.63757E-01,   1.26051E-01,  -23.03
  186,    1.10012E-01,   7.56337E-02,  -31.25
  187,    7.46303E-02,   6.06509E-02,  -18.73
  188,    5.90355E-02,   4.62089E-02,  -21.73
  189,    8.03295E-02,   6.66381E-02,  -17.04
  190,    4.74987E-02,   4.28396E-02,  -9.81
  191,    3.07734E-02,   2.71408E-02,  -11.80
  192,    5.14108E-02,   4.34837E-02,  -15.42
  193,    4.45487E-02,   3.15984E-02,  -29.07
  194,    2.74163E-02,   2.23336E-02,  -18.54
  195,    3.06639E-02,   2.58091E-02,  -15.83
  196,    2.23371E-02,   1.85294E-02,  -17.05
  197,    2.72825E-02,   2.29354E-02,  -15.93
  198,    6.03535E+00,   3.57760E+00,  -40.72
  199,    2.22474E+00,   1.57500E+00,  -29.21
  200,    7.89918E-01,   7.33961E-01,  -7.08
  201,    2.48124E-01,   3.89619E-01,  57.03
  202,    3.35292E-01,   2.23167E-01,  -33.44
  203,    1.32921E-01,   1.42721E-01,  7.37
  204,    8.68220E-02,   9.15577E-02,  5.45
  205,    2.64123E-01,   2.42093E-01,  -8.34
  206,    1.65569E-01,   1.43816E-01,  -13.14
  207,    1.07036E-01,   9.87146E-02,  -7.77
  208,    7.59017E-02,   7.17722E-02,  -5.44
  209,    5.40453E-02,   5.10336E-02,  -5.57
  210,    8.10408E-02,   6.79044E-02,  -16.21
  211,    4.27062E-02,   4.30327E-02,  0.76
  212,    3.14016E-02,   2.99665E-02,  -4.57
  213,    5.61689E-02,   5.03362E-02,  -10.38
  214,    3.83145E-02,   3.23375E-02,  -15.60
  215,    2.56840E-02,   2.34743E-02,  -8.60
  216,    2.82814E-02,   2.42486E-02,  -14.26
  217,    2.13449E-02,   1.89225E-02,  -11.35
  218,    2.72835E-02,   2.45359E-02,  -10.07
  219,    2.60792E+01,   1.34913E+01,  -48.27
  220,    5.43997E+00,   3.76772E+00,  -30.74
  221,    1.55118E+00,   1.45100E+00,  -6.46
  222,    6.28012E-01,   6.77100E-01,  7.82
  223,    2.03822E-01,   3.52767E-01,  73.08
  224,    2.36711E-01,   2.09203E-01,  -11.62
  225,    1.01014E-01,   1.25378E-01,  24.12
  226,    7.10739E-02,   8.53290E-02,  20.06
  227,    2.37972E-01,   2.77586E-01,  16.65
  228,    1.50735E-01,   1.46450E-01,  -2.84
  229,    9.68624E-02,   1.09826E-01,  13.38
  230,    7.46612E-02,   7.91238E-02,  5.98
  231,    4.77969E-02,   5.22094E-02,  9.23
  232,    7.03605E-02,   6.88956E-02,  -2.08
  233,    3.70233E-02,   4.30695E-02,  16.33
  234,    3.44764E-02,   3.20950E-02,  -6.91
  235,    5.95121E-02,   5.10956E-02,  -14.14
  236,    3.17637E-02,   3.18239E-02,  0.19
  237,    2.44197E-02,   2.32413E-02,  -4.83
  238,    2.69293E-02,   2.62410E-02,  -2.56
  239,    1.95159E-02,   1.99338E-02,  2.14
  240,    2.63180E-02,   2.46908E-02,  -6.18
  241,    6.07736E+00,   3.66376E+00,  -39.71
  242,    1.93509E+00,   1.39428E+00,  -27.95
  243,    6.86918E-01,   6.38624E-01,  -7.03
  244,    2.31855E-01,   3.42189E-01,  47.59
  245,    2.85318E-01,   1.88098E-01,  -34.07
  246,    1.19573E-01,   1.18598E-01,  -0.82
  247,    8.72093E-02,   9.06114E-02,  3.90
  248,    2.50916E-01,   2.51601E-01,  0.27
  249,    1.50949E-01,   1.54353E-01,  2.26
  250,    9.97042E-02,   1.04834E-01,  5.15
  251,    6.79016E-02,   7.01742E-02,  3.35
  252,    4.91152E-02,   4.70117E-02,  -4.28
  253,    6.06553E-02,   6.72542E-02,  10.88
  254,    3.72737E-02,   4.02806E-02,  8.07
  255,    3.47560E-02,   3.21872E-02,  -7.39
  256,    5.53386E-02,   4.95162E-02,  -10.52
  257,    3.16469E-02,   3.17183E-02,  0.23
  258,    2.13461E-02,   2.23913E-02,  4.90
  259,    2.57171E-02,   2.61799E-02,  1.80
  260,    1.88288E-02,   1.98317E-02,  5.33
  261,    2.46788E-02,   2.55305E-02,  3.45
  262,    1.83269E+00,   1.33931E+00,  -26.92
  263,    6.79957E-01,   6.32376E-01,  -7.00
  264,    1.85478E-01,   3.11636E-01,  68.02
  265,    3.07694E-01,   1.79265E-01,  -41.74
  266,    1.19004E-01,   1.26627E-01,  6.41
  267,    8.97034E-02,   6.68399E-02,  -25.49
  268,    2.70660E-01,   2.21896E-01,  -18.02
  269,    1.57234E-01,   1.50433E-01,  -4.33
  270,    1.12358E-01,   9.99335E-02,  -11.06
  271,    6.80839E-02,   6.14483E-02,  -9.75
  272,    4.72548E-02,   4.19908E-02,  -11.14
  273,    5.29234E-02,   5.70640E-02,  7.82
  274,    3.74505E-02,   3.77075E-02,  0.69
  275,    3.42883E-02,   2.86941E-02,  -16.32
  276,    5.42960E-02,   4.77723E-02,  -12.02
  277,    3.08836E-02,   3.24034E-02,  4.92
  278,    1.97530E-02,   2.05981E-02,  4.28
  279,    2.42351E-02,   2.54192E-02,  4.89
  280,    1.85181E-02,   1.95904E-02,  5.79
  281,    2.43974E-02,   2.52300E-02,  3.41
  282,    2.09371E+00,   1.52823E+00,  -27.01
  283,    7.79404E-01,   6.61593E-01,  -15.12
  284,    1.91602E-01,   3.40469E-01,  77.70
  285,    3.78759E-01,   2.19768E-01,  -41.98
  286,    1.48487E-01,   1.08411E-01,  -26.99
  287,    9.99060E-02,   9.04625E-02,  -9.45
  288,    2.88083E-01,   2.65635E-01,  -7.79
  289,    1.73485E-01,   1.62439E-01,  -6.37
  290,    1.09826E-01,   9.91226E-02,  -9.75
  291,    7.46354E-02,   6.15503E-02,  -17.53
  292,    4.36110E-02,   3.80314E-02,  -12.79
  293,    5.13951E-02,   5.28017E-02,  2.74
  294,    4.50839E-02,   3.73279E-02,  -17.20
  295,    2.97197E-02,   2.49938E-02,  -15.90
  296,    4.69384E-02,   4.18852E-02,  -10.77
  297,    2.95880E-02,   2.89872E-02,  -2.03
  298,    1.92295E-02,   1.96811E-02,  2.35
  299,    2.35129E-02,   2.49395E-02,  6.07
  300,    1.79449E-02,   1.97621E-02,  10.13
  301,    1.95633E+00,   1.39652E+00,  -28.62
  302,    7.22030E-01,   6.26488E-01,  -13.23
  303,    2.45501E-01,   3.59974E-01,  46.63
  304,    3.14589E-01,   1.63416E-01,  -48.05
  305,    1.32839E-01,   1.29183E-01,  -2.75
  306,    9.12254E-02,   9.66078E-02,  5.90
  307,    2.81530E-01,   2.89609E-01,  2.87
  308,    1.84205E-01,   1.73390E-01,  -5.87
  309,    1.01430E-01,   9.72399E-02,  -4.13
  310,    6.69656E-02,   6.14724E-02,  -8.20
  311,    3.76459E-02,   3.92833E-02,  4.35
  312,    5.08173E-02,   4.73526E-02,  -6.82
  313,    4.43708E-02,   3.59701E-02,  -18.93
  314,    2.39373E-02,   2.29273E-02,  -4.22
  315,    3.91844E-02,   3.82515E-02,  -2.38
  316,    2.76876E-02,   2.64537E-02,  -4.46
  317,    1.84457E-02,   1.84379E-02,  -0.04
  318,    2.23618E-02,   2.32765E-02,  4.09
  319,    1.70212E-02,   1.86334E-02,  9.47
  320,    2.45714E+00,   1.32542E+00,  -46.06
  321,    9.03480E-01,   6.58248E-01,  -27.14
  322,    1.82202E-01,   2.67553E-01,  46.84
  323,    1.66081E-01,   1.41270E-01,  -14.94
  324,    1.09426E-01,   9.94447E-02,  -9.12
  325,    3.16558E-01,   3.04245E-01,  -3.89
  326,    1.79875E-01,   1.67607E-01,  -6.82
  327,    1.09995E-01,   9.55704E-02,  -13.11
  328,    5.94460E-02,   5.41506E-02,  -8.91
  329,    3.31911E-02,   3.47682E-02,  4.75
  330,    5.25062E-02,   4.92620E-02,  -6.18
  331,    4.42747E-02,   3.55529E-02,  -19.70
  332,    2.24154E-02,   2.23677E-02,  -0.21
  333,    3.92747E-02,   3.68302E-02,  -6.22
  334,    2.48500E-02,   2.44362E-02,  -1.67
  335,    1.74309E-02,   1.74907E-02,  0.34
  336,    2.08296E-02,   2.17504E-02,  4.42
  337,    1.74077E-02,   1.76136E-02,  1.18
  338,    2.15001E+00,   1.35039E+00,  -37.19
  339,    9.91793E-01,   4.69410E-01,  -52.67
  340,    1.39811E-01,   3.12343E-01,  123.40
  341,    1.61607E-01,   1.42313E-01,  -11.94
  342,    1.27958E-01,   1.07869E-01,  -15.70
  343,    3.73491E-01,   3.14429E-01,  -15.81
  344,    1.82501E-01,   1.59620E-01,  -12.54
  345,    1.07117E-01,   9.28773E-02,  -13.29
  346,    5.49832E-02,   5.38591E-02,  -2.04
  347,    3.14264E-02,   2.98213E-02,  -5.11
  348,    5.80390E-02,   5.00415E-02,  -13.78
  349,    3.50537E-02,   3.16244E-02,  -9.78
  350,    2.26806E-02,   2.18532E-02,  -3.65
  351,    3.84461E-02,   3.74509E-02,  -2.59
  352,    2.28213E-02,   2.21579E-02,  -2.91
  353,    1.63110E-02,   1.65742E-02,  1.61
  354,    2.02806E-02,   2.06112E-02,  1.63
  355,    6.32291E+00,   3.85890E+00,  -38.97
  356,    2.42941E+00,   1.02469E+00,  -57.82
  357,    9.34296E-01,   5.86338E-01,  -37.24
  358,    2.53052E-01,   3.61544E-01,  42.87
  359,    4.70146E-01,   2.30372E-01,  -51.00
  360,    2.05146E-01,   1.67164E-01,  -18.51
  361,    1.38997E-01,   1.10230E-01,  -20.70
  362,    3.64430E-01,   3.14326E-01,  -13.75
  363,    1.98949E-01,   1.62752E-01,  -18.19
  364,    9.42916E-02,   8.39609E-02,  -10.96
  365,    4.87184E-02,   4.93287E-02,  1.25
  366,    3.58201E-02,   3.28913E-02,  -8.18
  367,    6.18732E-02,   5.03774E-02,  -18.58
  368,    3.14527E-02,   3.00571E-02,  -4.44
  369,    2.36043E-02,   2.28017E-02,  -3.40
  370,    3.66439E-02,   3.51948E-02,  -3.95
  371,    2.19586E-02,   2.20933E-02,  0.61
  372,    1.62634E-02,   1.61944E-02,  -0.42
  373,    2.03385E-02,   2.02513E-02,  -0.43
  374,    2.14589E+00,   1.23540E+00,  -42.43
  375,    8.45372E-01,   6.68793E-01,  -20.89
  376,    2.44612E-01,   3.92876E-01,  60.61
  377,    1.99963E-01,   1.69502E-01,  -15.23
  378,    1.13386E-01,   1.14035E-01,  0.57
  379,    3.50445E-01,   3.18013E-01,  -9.25
  380,    1.83315E-01,   1.67487E-01,  -8.63
  381,    8.18915E-02,   8.65461E-02,  5.68
  382,    4.43376E-02,   4.40865E-02,  -0.57
  383,    3.74022E-02,   3.40771E-02,  -8.89
  384,    6.16918E-02,   5.11949E-02,  -17.02
  385,    2.91736E-02,   2.98773E-02,  2.41
  386,    2.26963E-02,   2.15093E-02,  -5.23
  387,    3.60432E-02,   3.40829E-02,  -5.44
  388,    2.23686E-02,   2.18517E-02,  -2.31
  389,    1.57647E-02,   1.57944E-02,  0.19
  390,    1.92219E-02,   1.97602E-02,  2.80
  391,    1.99952E+00,   1.47694E+00,  -26.14
  392,    8.46089E-01,   7.70500E-01,  -8.93
  393,    3.85740E-01,   4.90832E-01,  27.24
  394,    1.78218E-01,   1.88206E-01,  5.60
  395,    1.34689E-01,   1.19460E-01,  -11.31
  396,    3.74887E-01,   3.46648E-01,  -7.53
  397,    1.54621E-01,   1.59127E-01,  2.91
  398,    7.03302E-02,   8.32682E-02,  18.40
  399,    4.76763E-02,   5.13806E-02,  7.77
  400,    3.89113E-02,   3.84172E-02,  -1.27
  401,    5.12519E-02,   4.98053E-02,  -2.82
  402,    3.10974E-02,   3.17999E-02,  2.26
  403,    1.97023E-02,   2.12674E-02,  7.94
  404,    3.20080E-02,   3.36918E-02,  5.26
  405,    2.10656E-02,   2.20903E-02,  4.86
  406,    1.54380E-02,   1.57835E-02,  2.24
  407,    1.94699E-02,   2.00012E-02,  2.73
  408,    6.11714E+00,   3.89204E+00,  -36.37
  409,    1.96900E+00,   1.75364E+00,  -10.94
  410,    1.11223E+00,   1.00310E+00,  -9.81
  411,    4.54019E-01,   5.61372E-01,  23.65
  412,    4.47306E-01,   3.44263E-01,  -23.04
  413,    2.22446E-01,   2.11087E-01,  -5.11
  414,    1.42246E-01,   1.59134E-01,  11.87
  415,    3.65735E-01,   4.02096E-01,  9.94
  416,    1.39970E-01,   1.81334E-01,  29.55
  417,    6.62039E-02,   8.30858E-02,  25.50
  418,    5.30261E-02,   6.06600E-02,  14.40
  419,    4.62791E-02,   4.68903E-02,  1.32
  420,    4.34874E-02,   5.32177E-02,  22.38
  421,    3.12419E-02,   3.73055E-02,  19.41
  422,    1.85895E-02,   2.11597E-02,  13.83
  423,    3.09585E-02,   3.40803E-02,  10.08
  424,    2.11322E-02,   2.33203E-02,  10.35
  425,    1.56539E-02,   1.69747E-02,  8.44
  426,    2.06630E-02,   2.11957E-02,  2.58
  427,    5.59096E+00,   2.93592E+00,  -47.49
  428,    2.54020E+00,   1.42267E+00,  -43.99
  429,    1.17197E+00,   7.14065E-01,  -39.07
  430,    3.70809E-01,   4.10257E-01,  10.64
  431,    2.29461E-01,   1.75615E-01,  -23.47
  432,    1.23286E-01,   1.00872E-01,  -18.18
  433,    3.23268E-01,   3.22524E-01,  -0.23
  434,    1.25831E-01,   1.50857E-01,  19.89
  435,    7.66221E-02,   8.59190E-02,  12.13
  436,    5.95566E-02,   6.15713E-02,  3.38
  437,    3.93403E-02,   4.11064E-02,  4.49
  438,    4.23110E-02,   5.20257E-02,  22.96
  439,    3.11593E-02,   3.50182E-02,  12.38
  440,    1.91772E-02,   2.24961E-02,  17.31
  441,    3.08001E-02,   3.48558E-02,  13.17
  442,    2.13899E-02,   2.33936E-02,  9.37
  443,    1.53893E-02,   1.68700E-02,  9.62
  444,    1.10216E+00,   7.42500E-01,  -32.63
  445,    3.55291E-01,   4.10048E-01,  15.41
  446,    2.01173E-01,   1.59178E-01,  -20.87
  447,    1.09193E-01,   9.90802E-02,  -9.26
  448,    2.85219E-01,   2.86554E-01,  0.47
  449,    1.14398E-01,   1.18859E-01,  3.90
  450,    8.33429E-02,   8.20998E-02,  -1.49
  451,    6.73928E-02,   6.11989E-02,  -9.19
  452,    3.10131E-02,   3.63491E-02,  17.21
  453,    4.63897E-02,   5.38578E-02,  16.10
  454,    2.79575E-02,   3.39836E-02,  21.55
  455,    1.93758E-02,   2.27453E-02,  17.39
  456,    3.14156E-02,   3.59853E-02,  14.55
  457,    2.10809E-02,   2.38944E-02,  13.35
  458,    1.58374E-02,   1.76930E-02,  11.72
  459,    2.59148E+00,   1.36634E+00,  -47.28
  460,    2.69711E-01,   4.42343E-01,  64.01
  461,    1.79430E-01,   1.39213E-01,  -22.41
  462,    9.71550E-02,   9.87206E-02,  1.61
  463,    2.52782E-01,   2.58522E-01,  2.27
  464,    1.31542E-01,   1.34124E-01,  1.96
  465,    9.25395E-02,   9.16187E-02,  -1.00
  466,    5.65087E-02,   5.90579E-02,  4.51
  467,    3.04459E-02,   3.72587E-02,  22.38
  468,    4.72243E-02,   5.49002E-02,  16.25
  469,    2.64648E-02,   2.95128E-02,  11.52
  470,    1.95223E-02,   2.17671E-02,  11.50
  471,    3.12206E-02,   3.63094E-02,  16.30
  472,    2.13894E-02,   2.39651E-02,  12.04
  473,    1.68177E-02,   1.82939E-02,  8.78
  474,    6.58037E+00,   2.96317E+00,  -54.97
  475,    1.32024E+00,   7.11423E-01,  -46.11
  476,    2.97713E-01,   3.50766E-01,  17.82
  477,    1.39096E-01,   1.31922E-01,  -5.16
  478,    7.57013E-02,   6.30464E-02,  -16.72
  479,    2.18441E-01,   2.04669E-01,  -6.30
  480,    1.42850E-01,   1.31433E-01,  -7.99
  481,    1.04678E-01,   9.37917E-02,  -10.40
  482,    4.50503E-02,   5.35985E-02,  18.97
  483,    3.05649E-02,   3.64687E-02,  19.32
  484,    4.68946E-02,   5.29754E-02,  12.97
  485,    2.70807E-02,   3.22793E-02,  19.20
  486,    1.89779E-02,   2.16275E-02,  13.96
  487,    3.05025E-02,   3.40956E-02,  11.78
  488,    2.15553E-02,   2.30558E-02,  6.96
  489,    1.75997E-02,   1.77537E-02,  0.87
  490,    1.13693E+00,   6.53945E-01,  -42.48
  491,    2.05482E-01,   3.34176E-01,  62.63
  492,    1.19034E-01,   9.42684E-02,  -20.81
  493,    7.44040E-02,   7.31842E-02,  -1.64
  494,    2.40615E-01,   2.22222E-01,  -7.64
  495,    1.56809E-01,   1.41554E-01,  -9.73
  496,    8.71872E-02,   8.71829E-02,  0.00
  497,    4.46907E-02,   5.25236E-02,  17.53
  498,    3.42368E-02,   3.77914E-02,  10.38
  499,    4.33740E-02,   5.09070E-02,  17.37
  500,    2.79442E-02,   3.22863E-02,  15.54
  501,    1.95538E-02,   2.20815E-02,  12.93
  502,    3.21501E-02,   3.56267E-02,  10.81
  503,    2.18782E-02,   2.38684E-02,  9.10
  504,    1.00591E+00,   5.69483E-01,  -43.39
  505,    1.33652E-01,   3.20411E-01,  139.74
  506,    1.16760E-01,   9.77657E-02,  -16.27
  507,    1.05913E-01,   7.33031E-02,  -30.79
  508,    2.82124E-01,   2.25468E-01,  -20.08
  509,    1.88030E-01,   1.50644E-01,  -19.88
  510,    7.33085E-02,   8.16983E-02,  11.44
  511,    4.74624E-02,   5.29286E-02,  11.52
  512,    3.83079E-02,   4.08457E-02,  6.62
  513,    4.16925E-02,   4.51043E-02,  8.18
  514,    2.93357E-02,   3.15471E-02,  7.54
  515,    2.03250E-02,   2.18060E-02,  7.29
  516,    3.25848E-02,   3.50318E-02,  7.51
  517,    2.32618E-02,   2.40933E-02,  3.57
  518,    5.57527E+00,   3.17781E+00,  -43.00
  519,    1.77954E+00,   1.13612E+00,  -36.16
  520,    6.51715E-01,   5.51545E-01,  -15.37
  521,    1.22119E-01,   2.05501E-01,  68.28
  522,    2.99050E-01,   1.37553E-01,  -54.00
  523,    1.29912E-01,   9.78562E-02,  -24.67
  524,    7.71218E-02,   6.84579E-02,  -11.23
  525,    2.81795E-01,   2.30759E-01,  -18.11
  526,    1.40823E-01,   1.33535E-01,  -5.17
  527,    6.60604E-02,   7.59593E-02,  14.98
  528,    4.80322E-02,   5.21697E-02,  8.61
  529,    3.00191E-02,   3.54623E-02,  18.13
  530,    4.15528E-02,   4.80005E-02,  15.52
  531,    2.76315E-02,   3.03467E-02,  9.83
  532,    2.04332E-02,   2.11761E-02,  3.64
  533,    3.21279E-02,   3.39005E-02,  5.52
  534,    2.37388E-02,   2.40532E-02,  1.32
  535,    5.21130E+00,   2.92663E+00,  -43.84
  536,    1.56605E+00,   1.08665E+00,  -30.61
  537,    5.72462E-01,   3.42198E-01,  -40.22
  538,    1.76971E-01,   1.97494E-01,  11.60
  539,    3.34841E-01,   1.28703E-01,  -61.56
  540,    1.32818E-01,   8.53544E-02,  -35.74
  541,    1.26665E-01,   7.32971E-02,  -42.13
  542,    3.23660E-01,   2.27539E-01,  -29.70
  543,    1.12088E-01,   1.15051E-01,  2.64
  544,    6.67424E-02,   7.01929E-02,  5.17
  545,    5.08003E-02,   5.18648E-02,  2.10
  546,    2.72923E-02,   2.76779E-02,  1.41
  547,    4.16490E-02,   4.45880E-02,  7.06
  548,    2.77499E-02,   2.87563E-02,  3.63
  549,    2.03417E-02,   1.95610E-02,  -3.84
  550,    3.29427E-02,   3.24325E-02,  -1.55
  551,    2.57314E-02,   2.33127E-02,  -9.40
  552,    2.38875E+01,   1.61922E+01,  -32.21
  553,    4.41358E+00,   3.61846E+00,  -18.02
  554,    1.29953E+00,   8.87523E-01,  -31.70
  555,    5.60187E-01,   4.22947E-01,  -24.50
  556,    3.87876E-01,   2.39886E-01,  -38.15
  557,    2.58467E-01,   1.46255E-01,  -43.41
  558,    2.11006E-01,   1.18725E-01,  -43.73
  559,    1.19297E-01,   7.86483E-02,  -34.07
  560,    2.93383E-01,   2.17860E-01,  -25.74
  561,    1.22231E-01,   1.13415E-01,  -7.21
  562,    8.06615E-02,   7.29188E-02,  -9.60
  563,    4.70720E-02,   4.74631E-02,  0.83
  564,    3.13164E-02,   3.04840E-02,  -2.66
  565,    4.31678E-02,   4.37516E-02,  1.35
  566,    2.89400E-02,   2.84569E-02,  -1.67
  567,    1.97790E-02,   1.91406E-02,  -3.23
  568,    3.36847E-02,   3.17012E-02,  -5.89
  569,    1.67942E+01,   1.71865E+01,  2.34
  570,    3.07161E+00,   2.51826E+00,  -18.02
  571,    1.08454E+00,   8.95257E-01,  -17.45
  572,    7.31747E-01,   4.28932E-01,  -41.38
  573,    3.66913E-01,   2.32304E-01,  -36.69
  574,    3.27837E-01,   1.74668E-01,  -46.72
  575,    1.69613E-01,   1.10129E-01,  -35.07
  576,    8.09325E-02,   7.20024E-02,  -11.03
  577,    2.31591E-01,   2.13189E-01,  -7.95
  578,    1.24665E-01,   1.17435E-01,  -5.80
  579,    8.57160E-02,   8.10290E-02,  -5.47
  580,    4.33129E-02,   4.12125E-02,  -4.85
  581,    3.19547E-02,   3.25248E-02,  1.78
  582,    4.37952E-02,   4.17187E-02,  -4.74
  583,    3.06382E-02,   2.72804E-02,  -10.96
  584,    2.15092E-02,   1.88699E-02,  -12.27
  585,    3.42349E-02,   3.12772E-02,  -8.64
  586,    9.89550E+00,   1.13390E+01,  14.59
  587,    2.38184E+00,   2.57377E+00,  8.06
  588,    1.39654E+00,   9.40754E-01,  -32.64
  589,    6.61919E-01,   4.43311E-01,  -33.03
  590,    5.03590E-01,   3.01631E-01,  -40.10
  591,    2.93625E-01,   1.79234E-01,  -38.96
  592,    1.16914E-01,   1.12002E-01,  -4.20
  593,    7.23241E-02,   7.42177E-02,  2.62
  594,    2.19162E-01,   2.13593E-01,  -2.54
  595,    1.30039E-01,   1.24211E-01,  -4.48
  596,    6.85258E-02,   7.60121E-02,  10.92
  597,    4.31907E-02,   4.64026E-02,  7.44
  598,    2.99446E-02,   3.23008E-02,  7.87
  599,    4.31238E-02,   4.41673E-02,  2.42
  600,    2.98551E-02,   2.79208E-02,  -6.48
  601,    2.25431E-02,   1.99078E-02,  -11.69
  602,    3.65465E-02,   3.17924E-02,  -13.01
  603,    7.08428E+00,   1.13633E+01,  60.40
  604,    2.89216E+00,   2.62075E+00,  -9.38
  605,    1.21571E+00,   9.53312E-01,  -21.58
  606,    8.93043E-01,   5.68613E-01,  -36.33
  607,    2.57100E-01,   3.11754E-01,  21.26
  608,    3.13606E-01,   1.84394E-01,  -41.20
  609,    1.00731E-01,   1.17062E-01,  16.21
  610,    7.36282E-02,   8.10191E-02,  10.04
  611,    2.12331E-01,   2.34118E-01,  10.26
  612,    1.30740E-01,   1.48173E-01,  13.33
  613,    6.02286E-02,   7.12421E-02,  18.29
  614,    4.17568E-02,   5.37836E-02,  28.80
  615,    2.89149E-02,   3.42538E-02,  18.46
  616,    4.07218E-02,   4.69633E-02,  15.33
  617,    2.70620E-02,   2.91733E-02,  7.80
  618,    2.15469E-02,   2.13093E-02,  -1.10
  619,    3.70290E-02,   3.40940E-02,  -7.93
  620,    8.79268E+00,   7.64444E+00,  -13.06
  621,    2.54118E+00,   1.90659E+00,  -24.97
  622,    1.74784E+00,   8.21628E-01,  -52.99
  623,    6.85082E-01,   3.93459E-01,  -42.57
  624,    9.80398E-02,   2.11066E-01,  115.29
  625,    3.19806E-01,   1.25211E-01,  -60.85
  626,    1.07180E-01,   8.21999E-02,  -23.31
  627,    6.78824E-02,   5.82231E-02,  -14.23
  628,    2.20046E-01,   2.09240E-01,  -4.91
  629,    1.04101E-01,   1.20001E-01,  15.27
  630,    5.97977E-02,   6.97946E-02,  16.72
  631,    3.92570E-02,   4.67796E-02,  19.16
  632,    2.71704E-02,   3.16620E-02,  16.53
  633,    4.00146E-02,   4.35415E-02,  8.81
  634,    2.61179E-02,   2.79597E-02,  7.05
  635,    2.11287E-02,   2.03554E-02,  -3.66
  636,    8.51856E+00,   8.20488E+00,  -3.68
  637,    3.76990E+00,   2.36676E+00,  -37.22
  638,    1.38552E+00,   8.69186E-01,  -37.27
  639,    4.72214E-01,   4.09000E-01,  -13.39
  640,    3.79685E-01,   1.34350E-01,  -64.62
  641,    1.03746E-01,   9.02651E-02,  -12.99
  642,    8.84052E-02,   6.64155E-02,  -24.87
  643,    6.38813E-02,   2.19737E-01,  243.98
  644,    2.34054E-01,   2.03765E-01,  -12.94
  645,    9.64497E-02,   9.15867E-02,  -5.04
  646,    6.11518E-02,   6.59994E-02,  7.93
  647,    3.98833E-02,   4.03945E-02,  1.28
  648,    2.58941E-02,   2.86512E-02,  10.65
  649,    3.89861E-02,   4.16713E-02,  6.89
  650,    2.69907E-02,   2.78156E-02,  3.06
  651,    1.67956E+01,   1.02389E+01,  -39.04
  652,    3.93603E+00,   2.35621E+00,  -40.14
  653,    1.17817E+00,   8.50723E-01,  -27.79
  654,    5.67485E-01,   3.96349E-01,  -30.16
  655,    2.37236E-01,   2.16788E-01,  -8.62
  656,    3.31717E-01,   1.34663E-01,  -59.40
  657,    1.69616E-01,   9.39334E-02,  -44.62
  658,    9.37500E-02,   7.52211E-02,  -19.76
  659,    2.30507E-01,   1.96410E-01,  -14.79
  660,    1.20047E-01,   1.06290E-01,  -11.46
  661,    7.20498E-02,   6.78138E-02,  -5.88
  662,    4.71842E-02,   4.39836E-02,  -6.78
  663,    3.35480E-02,   3.00440E-02,  -10.44
  664,    4.16027E-02,   3.88231E-02,  -6.68
  665,    3.09103E-02,   2.67654E-02,  -13.41
  666,    1.11676E+01,   1.02303E+01,  -8.39
  667,    2.19845E+00,   2.32691E+00,  5.84
  668,    9.13035E-01,   8.25014E-01,  -9.64
  669,    5.31806E-01,   3.87328E-01,  -27.17
  670,    2.15799E-01,   2.13005E-01,  -1.29
  671,    2.88455E-01,   1.37138E-01,  -52.46
  672,    1.14386E-01,   1.04165E-01,  -8.94
  673,    6.52320E-02,   5.04754E-02,  -22.62
  674,    2.13195E-01,   1.64604E-01,  -22.79
  675,    1.23952E-01,   1.11015E-01,  -10.44
  676,    7.43755E-02,   6.44890E-02,  -13.29
  677,    4.60745E-02,   4.38360E-02,  -4.86
  678,    3.48140E-02,   2.92892E-02,  -15.87
  679,    4.40071E-02,   4.02019E-02,  -8.65
  680,    3.26938E-02,   2.76968E-02,  -15.28
  681,    1.45624E+01,   1.26797E+01,  -12.93
  682,    3.87921E+00,   2.75525E+00,  -28.97
  683,    2.00283E+00,   1.00277E+00,  -49.93
  684,    9.35157E-01,   4.74127E-01,  -49.30
  685,    4.28887E-01,   2.73810E-01,  -36.16
  686,    1.69178E-01,   9.00227E-02,  -46.79
  687,    1.22778E-01,   7.46655E-02,  -39.19
  688,    2.95345E-01,   2.10021E-01,  -28.89
  689,    1.60030E-01,   1.24564E-01,  -22.16
  690,    9.53733E-02,   7.60557E-02,  -20.25
  691,    6.40765E-02,   4.94853E-02,  -22.77
  692,    3.95353E-02,   3.21666E-02,  -18.64
  693,    5.81647E-02,   4.49291E-02,  -22.76
  694,    1.31056E+01,   1.18257E+01,  -9.77
  695,    4.77626E+00,   2.69360E+00,  -43.60
  696,    2.07477E+00,   9.68579E-01,  -53.32
  697,    1.30047E+00,   4.81087E-01,  -63.01
  698,    2.83145E-01,   3.08872E-01,  9.09
  699,    2.04505E-01,   1.07576E-01,  -47.40
  700,    1.40413E-01,   8.11700E-02,  -42.19
  701,    3.94026E-01,   2.47962E-01,  -37.07
  702,    2.13369E-01,   1.33909E-01,  -37.24
  703,    1.18608E-01,   8.59023E-02,  -27.57
  704,    8.40657E-02,   5.45505E-02,  -35.11
  705,    5.06893E-02,   3.61695E-02,  -28.64
  706,    6.94621E-02,   4.94412E-02,  -28.82
  707,    1.21473E+01,   1.17763E+01,  -3.05
  708,    3.39929E+00,   2.65787E+00,  -21.81
  709,    1.98238E+00,   9.96106E-01,  -49.75
  710,    7.77106E-01,   5.53566E-01,  -28.77
  711,    1.71175E-01,   2.22222E-01,  29.82
  712,    4.39087E-01,   1.68181E-01,  -61.70
  713,    1.62261E-01,   1.22724E-01,  -24.37
  714,    1.13441E-01,   9.28029E-02,  -18.19
  715,    3.60388E-01,   2.59416E-01,  -28.02
  716,    1.96316E-01,   1.47833E-01,  -24.70
  717,    1.20394E-01,   9.11450E-02,  -24.29
  718,    6.97173E-02,   5.62921E-02,  -19.26
  719,    5.05887E-02,   3.91135E-02,  -22.68
  720,    7.48064E-02,   5.53264E-02,  -26.04
  721,    9.51800E+00,   1.16739E+01,  22.65
  722,    3.52661E+00,   2.66194E+00,  -24.52
  723,    1.25238E+00,   1.11602E+00,  -10.89
  724,    5.38351E-01,   3.89054E-01,  -27.73
  725,    1.75711E-01,   2.72156E-01,  54.89
  726,    3.80979E-01,   1.89791E-01,  -50.18
  727,    1.47120E-01,   1.39226E-01,  -5.37
  728,    9.73818E-02,   8.98805E-02,  -7.70
  729,    3.10154E-01,   2.69397E-01,  -13.14
  730,    1.59645E-01,   1.62477E-01,  1.77
  731,    1.04328E-01,   9.80573E-02,  -6.01
  732,    5.94718E-02,   6.19161E-02,  4.11
  733,    4.46862E-02,   4.41113E-02,  -1.29
  734,    1.07297E+01,   1.18600E+01,  10.53
  735,    2.60551E+00,   2.86293E+00,  9.88
  736,    9.77850E-01,   7.65905E-01,  -21.67
  737,    5.65629E-01,   4.65149E-01,  -17.76
  738,    2.41966E-01,   3.01987E-01,  24.81
  739,    3.24049E-01,   2.11734E-01,  -34.66
  740,    1.42596E-01,   1.32642E-01,  -6.98
  741,    1.08078E-01,   1.00684E-01,  -6.84
  742,    3.00082E-01,   3.01001E-01,  0.31
  743,    1.71920E-01,   1.75745E-01,  2.22
  744,    9.15940E-02,   1.03588E-01,  13.10
  745,    6.33555E-02,   6.90803E-02,  9.04
  746,    4.34306E-02,   4.96644E-02,  14.35
  747,    7.77629E+00,   1.34987E+01,  73.59
  748,    1.92329E+00,   1.94823E+00,  1.30
  749,    9.67088E-01,   8.89730E-01,  -8.00
  750,    5.37815E-01,   5.04779E-01,  -6.14
  751,    2.54371E-01,   3.29353E-01,  29.48
  752,    2.74375E-01,   1.96919E-01,  -28.23
  753,    1.47296E-01,   1.44753E-01,  -1.73
  754,    9.00716E-02,   1.07495E-01,  19.34
  755,    2.80558E-01,   3.20828E-01,  14.35
  756,    1.71164E-01,   1.83725E-01,  7.34
  757,    9.03551E-02,   1.10934E-01,  22.78
  758,    6.50338E-02,   7.62757E-02,  17.29
  759,    4.61509E-02,   5.39045E-02,  16.80
  760,    8.37240E+00,   8.39124E+00,  0.23
  761,    2.79498E+00,   2.19400E+00,  -21.50
  762,    1.36425E+00,   9.83263E-01,  -27.93
  763,    7.50799E-01,   5.61279E-01,  -25.24
  764,    2.91485E-01,   3.12824E-01,  7.32
  765,    4.50793E-01,   2.19147E-01,  -51.39
  766,    1.78233E-01,   1.57497E-01,  -11.63
  767,    1.34518E-01,   1.13439E-01,  -15.67
  768,    3.70616E-01,   3.38974E-01,  -8.54
  769,    1.83500E-01,   1.88821E-01,  2.90
  770,    1.16698E-01,   1.20395E-01,  3.17
  771,    7.58889E-02,   8.37230E-02,  10.32
  772,    7.66502E+00,   8.77118E+00,  14.43
  773,    2.48971E+00,   2.42576E+00,  -2.57
  774,    1.20641E+00,   1.13845E+00,  -5.63
  775,    6.49498E-01,   5.60496E-01,  -13.70
  776,    3.01735E-01,   3.67934E-01,  21.94
  777,    3.60084E-01,   2.52871E-01,  -29.77
  778,    1.74358E-01,   1.76689E-01,  1.34
  779,    1.37061E-01,   1.29957E-01,  -5.18
  780,    4.00333E-01,   3.69272E-01,  -7.76
  781,    1.95263E-01,   2.09749E-01,  7.42
  782,    1.29372E-01,   1.37870E-01,  6.57
  783,    8.68967E-02,   9.43146E-02,  8.54
  784,    5.70547E+00,   5.50051E+00,  -3.59
  785,    1.90659E+00,   1.76851E+00,  -7.24
  786,    9.01092E-01,   6.97277E-01,  -22.62
  787,    5.43620E-01,   4.03996E-01,  -25.68
  788,    2.11083E-01,   2.58988E-01,  22.69
  789,    2.80896E-01,   1.72719E-01,  -38.51
  790,    1.56031E-01,   1.22923E-01,  -21.22
  791,    9.48318E-02,   8.49023E-02,  -10.47
  792,    3.02120E-01,   3.09514E-01,  2.45
  793,    1.80510E-01,   1.86292E-01,  3.20
  794,    1.08508E-01,   1.24400E-01,  14.65
  795,    5.52423E+00,   6.95001E+00,  25.81
  796,    1.79776E+00,   1.70380E+00,  -5.23
  797,    9.50088E-01,   8.09724E-01,  -14.77
  798,    4.61608E-01,   4.61559E-01,  -0.01
  799,    2.34349E-01,   2.89472E-01,  23.52
  800,    3.02701E-01,   1.97313E-01,  -34.82
  801,    1.34365E-01,   1.31961E-01,  -1.79
  802,    8.82631E-02,   9.50696E-02,  7.71
  803,    2.71833E-01,   2.78436E-01,  2.43
  804,    1.69750E-01,   1.72220E-01,  1.46
  805,    1.05725E-01,   1.13016E-01,  6.90
  806,    5.70785E+00,   6.07355E+00,  6.41
  807,    1.97931E+00,   1.78440E+00,  -9.85
  808,    8.23320E-01,   8.47453E-01,  2.93
  809,    5.05127E-01,   4.71591E-01,  -6.64
  810,    2.71757E-01,   3.02132E-01,  11.18
  811,    2.84022E-01,   1.92908E-01,  -32.08
  812,    1.27322E-01,   1.34393E-01,  5.55
  813,    9.79994E-02,   9.93259E-02,  1.35
  814,    3.00939E-01,   3.03946E-01,  1.00
  815,    1.70370E-01,   1.91231E-01,  12.24
  816,    6.07137E+00,   6.19820E+00,  2.09
  817,    1.60104E+00,   1.85677E+00,  15.97
  818,    8.54563E-01,   8.71749E-01,  2.01
  819,    5.53855E-01,   4.96512E-01,  -10.35
  820,    2.32038E-01,   2.97199E-01,  28.08
  821,    2.47654E-01,   1.97484E-01,  -20.26
  822,    1.35813E-01,   1.41125E-01,  3.91
  823,    1.05678E-01,   1.05423E-01,  -0.24
  824,    3.11681E-01,   3.24490E-01,  4.11
  825,    1.82920E-01,   2.01750E-01,  10.29
  826,    4.54372E+00,   5.37321E+00,  18.26
  827,    1.48054E+00,   1.65182E+00,  11.57
  828,    8.25334E-01,   7.86330E-01,  -4.73
  829,    4.06646E-01,   4.16425E-01,  2.40
  830,    1.89750E-01,   2.58308E-01,  36.13
  831,    2.15815E-01,   1.75830E-01,  -18.53
  832,    1.28207E-01,   1.26922E-01,  -1.00
  833,    8.74299E-02,   9.66476E-02,  10.54
  834,    2.81295E-01,   3.17892E-01,  13.01
  835,    5.34105E+00,   5.57894E+00,  4.45
  836,    1.86299E+00,   1.72430E+00,  -7.44
  837,    7.69549E-01,   7.61953E-01,  -0.99
  838,    4.03310E-01,   4.17259E-01,  3.46
  839,    2.22646E-01,   2.65397E-01,  19.20
  840,    2.56071E-01,   1.82622E-01,  -28.68
  841,    1.32216E-01,   1.34585E-01,  1.79
  842,    9.60375E-02,   1.01022E-01,  5.19
  843,    2.95837E-01,   3.09345E-01,  4.57
  844,    5.24726E+00,   5.77111E+00,  9.98
  845,    1.33018E+00,   1.63077E+00,  22.60
  846,    5.80960E-01,   7.33720E-01,  26.29
  847,    3.63987E-01,   4.11596E-01,  13.08
  848,    2.21368E-01,   2.64664E-01,  19.56
  849,    1.86606E-01,   1.86155E-01,  -0.24
  850,    1.11113E-01,   1.35354E-01,  21.82
  851,    9.01945E-02,   1.00132E-01,  11.02
  852,    4.30290E+00,   5.62746E+00,  30.78
  853,    1.10858E+00,   1.54587E+00,  39.45
  854,    6.05632E-01,   6.97393E-01,  15.15
  855,    3.79821E-01,   3.93479E-01,  3.60
  856,    1.98370E-01,   2.58421E-01,  30.27
  857,    1.83362E-01,   1.79361E-01,  -2.18
  858,    1.21171E-01,   1.28453E-01,  6.01
  859,    4.15210E+00,   5.82572E+00,  40.31
  860,    1.39602E+00,   1.58475E+00,  13.52
  861,    7.37753E-01,   7.10071E-01,  -3.75
  862,    4.00083E-01,   4.07395E-01,  1.83
  863,    2.10898E-01,   2.63451E-01,  24.92
  864,    2.38774E-01,   1.79624E-01,  -24.77
  865,    4.45874E+00,   5.74574E+00,  28.86
  866,    1.41375E+00,   1.56765E+00,  10.89
  867,    6.50217E-01,   7.15690E-01,  10.07
  868,    3.79948E-01,   4.05684E-01,  6.77
  869,    2.15155E-01,   2.57707E-01,  19.78
  870,    4.53980E+00,   5.72753E+00,  26.16
  871,    1.23305E+00,   1.59771E+00,  29.57
  872,    6.01100E-01,   7.28487E-01,  21.19
  873,    3.91204E-01,   4.07108E-01,  4.07
  874,    4.14627E+00,   5.76662E+00,  39.08
  875,    1.23464E+00,   1.62225E+00,  31.39
  876,    6.81599E-01,   7.32784E-01,  7.51
  877,    4.35325E+00,   5.70593E+00,  31.07
  878,    1.51930E+00,   1.59655E+00,  5.08
  879,    4.05453E+00,   5.49830E+00,  35.61

;-Resistivity in Ohm-m in the elemental sequential order

 2.52464E+02,  3.84691E+02,  4.15863E+02,  4.34330E+02,  4.59491E+02
 4.80200E+02,  4.90682E+02,  4.93636E+02,  4.90957E+02,  4.83635E+02
 5.20495E+02,  5.20495E+02,  4.43911E+02,  4.43911E+02,  4.43911E+02
 4.43911E+02,  4.43911E+02,  4.43911E+02,  2.52464E+02,  3.84691E+02
 4.15863E+02,  4.34330E+02,  4.59491E+02,  4.80200E+02,  4.90682E+02
 4.93636E+02,  4.90957E+02,  4.83635E+02,  5.20495E+02,  5.20495E+02
 4.43911E+02,  4.43911E+02,  4.43911E+02,  4.43911E+02,  4.43911E+02
 4.43911E+02,  2.52464E+02,  3.84691E+02,  4.15863E+02,  4.34330E+02
 4.59491E+02,  4.80200E+02,  4.90682E+02,  4.93636E+02,  4.90957E+02
 4.83635E+02,  5.20495E+02,  5.20495E+02,  4.43911E+02,  4.43911E+02
 4.43911E+02,  4.43911E+02,  4.43911E+02,  4.43911E+02,  2.52464E+02
 3.84691E+02,  4.15863E+02,  4.34330E+02,  4.59491E+02,  4.80200E+02
 4.90682E+02,  4.93636E+02,  4.90957E+02,  4.83635E+02,  5.20495E+02
 5.20495E+02,  4.43911E+02,  4.43911E+02,  4.43911E+02,  4.43911E+02
 4.43911E+02,  4.43911E+02,  2.52464E+02,  3.84691E+02,  4.15863E+02
 4.34330E+02,  4.59491E+02,  4.80200E+02,  4.90682E+02,  4.93636E+02
 4.90957E+02,  4.83635E+02,  5.20495E+02,  5.20495E+02,  4.43911E+02
 4.43911E+02,  4.43911E+02,  4.43911E+02,  4.43911E+02,  4.43911E+02
 2.52464E+02,  3.84691E+02,  4.15863E+02,  4.34330E+02,  4.59491E+02
 4.80200E+02,  4.90682E+02,  4.93636E+02,  4.90957E+02,  4.83635E+02
 5.20495E+02,  5.20495E+02,  4.43911E+02,  4.43911E+02,  4.43911E+02
 4.43911E+02,  4.43911E+02,  4.43911E+02,  2.54461E+02,  4.26374E+02
 4.84190E+02,  4.86264E+02,  4.83072E+02,  4.74051E+02,  4.59840E+02
 4.46447E+02,  4.33851E+02,  4.22343E+02,  4.07353E+02,  4.07353E+02
 3.58200E+02,  3.58200E+02,  3.58200E+02,  3.58200E+02,  3.58200E+02
 3.58200E+02,  2.54461E+02,  4.26374E+02,  4.84190E+02,  4.86264E+02
 4.83072E+02,  4.74051E+02,  4.59840E+02,  4.46447E+02,  4.33851E+02
 4.22343E+02,  4.07353E+02,  4.07353E+02,  3.58200E+02,  3.58200E+02
 3.58200E+02,  3.58200E+02,  3.58200E+02,  3.58200E+02,  2.22864E+02
 2.92242E+02,  1.00000E+03,  1.00000E+03,  7.45679E+02,  5.27243E+02
 4.59275E+02,  4.29199E+02,  4.00350E+02,  3.78805E+02,  3.27674E+02
 3.27674E+02,  3.01014E+02,  3.01014E+02,  3.01014E+02,  3.01014E+02
 3.01014E+02,  3.01014E+02,  2.22864E+02,  2.92242E+02,  1.00000E+03
 1.00000E+03,  7.45679E+02,  5.27243E+02,  4.59275E+02,  4.29199E+02
 4.00350E+02,  3.78805E+02,  3.27674E+02,  3.27674E+02,  3.01014E+02
 3.01014E+02,  3.01014E+02,  3.01014E+02,  3.01014E+02,  3.01014E+02
 2.22864E+02,  2.92242E+02,  1.00000E+03,  1.00000E+03,  7.45679E+02
 5.27243E+02,  4.59275E+02,  4.29199E+02,  4.00350E+02,  3.78805E+02
 3.27674E+02,  3.27674E+02,  3.01014E+02,  3.01014E+02,  3.01014E+02
 3.01014E+02,  3.01014E+02,  3.01014E+02,  2.22864E+02,  2.92242E+02
 1.00000E+03,  1.00000E+03,  7.45679E+02,  5.27243E+02,  4.59275E+02
 4.29199E+02,  4.00350E+02,  3.78805E+02,  3.27674E+02,  3.27674E+02
 3.01014E+02,  3.01014E+02,  3.01014E+02,  3.01014E+02,  3.01014E+02
 3.01014E+02,  2.26589E+02,  2.65741E+02,  6.91102E+02,  8.76577E+02
 6.18968E+02,  4.66012E+02,  3.81374E+02,  3.42157E+02,  3.23610E+02
 3.15685E+02,  2.51118E+02,  2.51118E+02,  2.66771E+02,  2.66771E+02
 2.66771E+02,  2.66771E+02,  2.66771E+02,  2.66771E+02,  2.26589E+02
 2.65741E+02,  6.91102E+02,  8.76577E+02,  6.18968E+02,  4.66012E+02
 3.81374E+02,  3.42157E+02,  3.23610E+02,  3.15685E+02,  2.51118E+02
 2.51118E+02,  2.66771E+02,  2.66771E+02,  2.66771E+02,  2.66771E+02
 2.66771E+02,  2.66771E+02,  2.26589E+02,  2.65741E+02,  6.91102E+02
 8.76577E+02,  6.18968E+02,  4.66012E+02,  3.81374E+02,  3.42157E+02
 3.23610E+02,  3.15685E+02,  2.51118E+02,  2.51118E+02,  2.66771E+02
 2.66771E+02,  2.66771E+02,  2.66771E+02,  2.66771E+02,  2.66771E+02
 2.26589E+02,  2.65741E+02,  6.91102E+02,  8.76577E+02,  6.18968E+02
 4.66012E+02,  3.81374E+02,  3.42157E+02,  3.23610E+02,  3.15685E+02
 2.51118E+02,  2.51118E+02,  2.66771E+02,  2.66771E+02,  2.66771E+02
 2.66771E+02,  2.66771E+02,  2.66771E+02,  2.10282E+02,  3.92837E+02
 8.34119E+02,  8.29261E+02,  4.98340E+02,  3.16294E+02,  2.53939E+02
 2.37369E+02,  2.39632E+02,  2.51125E+02,  1.90867E+02,  1.90867E+02
 2.49889E+02,  2.49889E+02,  2.49889E+02,  2.49889E+02,  2.49889E+02
 2.49889E+02,  2.10282E+02,  3.92837E+02,  8.34119E+02,  8.29261E+02
 4.98340E+02,  3.16294E+02,  2.53939E+02,  2.37369E+02,  2.39632E+02
 2.51125E+02,  1.90867E+02,  1.90867E+02,  2.49889E+02,  2.49889E+02
 2.49889E+02,  2.49889E+02,  2.49889E+02,  2.49889E+02,  2.10282E+02
 3.92837E+02,  8.34119E+02,  8.29261E+02,  4.98340E+02,  3.16294E+02
 2.53939E+02,  2.37369E+02,  2.39632E+02,  2.51125E+02,  1.90867E+02
 1.90867E+02,  2.49889E+02,  2.49889E+02,  2.49889E+02,  2.49889E+02
 2.49889E+02,  2.49889E+02,  2.10282E+02,  3.92837E+02,  8.34119E+02
 8.29261E+02,  4.98340E+02,  3.16294E+02,  2.53939E+02,  2.37369E+02
 2.39632E+02,  2.51125E+02,  1.90867E+02,  1.90867E+02,  2.49889E+02
 2.49889E+02,  2.49889E+02,  2.49889E+02,  2.49889E+02,  2.49889E+02
 2.52818E+02,  3.47675E+02,  7.79075E+02,  7.23693E+02,  4.13350E+02
 2.34743E+02,  1.74571E+02,  1.62964E+02,  1.72577E+02,  1.94261E+02
 1.55446E+02,  1.55446E+02,  2.47989E+02,  2.47989E+02,  2.47989E+02
 2.47989E+02,  2.47989E+02,  2.47989E+02,  2.52818E+02,  3.47675E+02
 7.79075E+02,  7.23693E+02,  4.13350E+02,  2.34743E+02,  1.74571E+02
 1.62964E+02,  1.72577E+02,  1.94261E+02,  1.55446E+02,  1.55446E+02
 2.47989E+02,  2.47989E+02,  2.47989E+02,  2.47989E+02,  2.47989E+02
 2.47989E+02,  2.52818E+02,  3.47675E+02,  7.79075E+02,  7.23693E+02
 4.13350E+02,  2.34743E+02,  1.74571E+02,  1.62964E+02,  1.72577E+02
 1.94261E+02,  1.55446E+02,  1.55446E+02,  2.47989E+02,  2.47989E+02
 2.47989E+02,  2.47989E+02,  2.47989E+02,  2.47989E+02,  2.52818E+02
 3.47675E+02,  7.79075E+02,  7.23693E+02,  4.13350E+02,  2.34743E+02
 1.74571E+02,  1.62964E+02,  1.72577E+02,  1.94261E+02,  1.55446E+02
 1.55446E+02,  2.47989E+02,  2.47989E+02,  2.47989E+02,  2.47989E+02
 2.47989E+02,  2.47989E+02,  4.66061E+02,  3.03173E+02,  4.29600E+02
 9.76072E+02,  3.81186E+02,  2.15989E+02,  1.50921E+02,  1.29782E+02
 1.33122E+02,  1.51272E+02,  1.41963E+02,  1.41963E+02,  2.63045E+02
 2.63045E+02,  2.63045E+02,  2.63045E+02,  2.63045E+02,  2.63045E+02
 4.66061E+02,  3.03173E+02,  4.29600E+02,  9.76072E+02,  3.81186E+02
 2.15989E+02,  1.50921E+02,  1.29782E+02,  1.33122E+02,  1.51272E+02
 1.41963E+02,  1.41963E+02,  2.63045E+02,  2.63045E+02,  2.63045E+02
 2.63045E+02,  2.63045E+02,  2.63045E+02,  4.66061E+02,  3.03173E+02
 4.29600E+02,  9.76072E+02,  3.81186E+02,  2.15989E+02,  1.50921E+02
 1.29782E+02,  1.33122E+02,  1.51272E+02,  1.41963E+02,  1.41963E+02
 2.63045E+02,  2.63045E+02,  2.63045E+02,  2.63045E+02,  2.63045E+02
 2.63045E+02,  4.66061E+02,  3.03173E+02,  4.29600E+02,  9.76072E+02
 3.81186E+02,  2.15989E+02,  1.50921E+02,  1.29782E+02,  1.33122E+02
 1.51272E+02,  1.41963E+02,  1.41963E+02,  2.63045E+02,  2.63045E+02
 2.63045E+02,  2.63045E+02,  2.63045E+02,  2.63045E+02,  4.58699E+02
 3.34680E+02,  2.47250E+02,  2.22342E+02,  2.60324E+02,  1.91189E+02
 1.50037E+02,  1.33496E+02,  1.33257E+02,  1.47824E+02,  1.48490E+02
 1.48490E+02,  3.01989E+02,  3.01989E+02,  3.01989E+02,  3.01989E+02
 3.01989E+02,  3.01989E+02,  4.58699E+02,  3.34680E+02,  2.47250E+02
 2.22342E+02,  2.60324E+02,  1.91189E+02,  1.50037E+02,  1.33496E+02
 1.33257E+02,  1.47824E+02,  1.48490E+02,  1.48490E+02,  3.01989E+02
 3.01989E+02,  3.01989E+02,  3.01989E+02,  3.01989E+02,  3.01989E+02
 4.58699E+02,  3.34680E+02,  2.47250E+02,  2.22342E+02,  2.60324E+02
 1.91189E+02,  1.50037E+02,  1.33496E+02,  1.33257E+02,  1.47824E+02
 1.48490E+02,  1.48490E+02,  3.01989E+02,  3.01989E+02,  3.01989E+02
 3.01989E+02,  3.01989E+02,  3.01989E+02,  4.58699E+02,  3.34680E+02
 2.47250E+02,  2.22342E+02,  2.60324E+02,  1.91189E+02,  1.50037E+02
 1.33496E+02,  1.33257E+02,  1.47824E+02,  1.48490E+02,  1.48490E+02
 3.01989E+02,  3.01989E+02,  3.01989E+02,  3.01989E+02,  3.01989E+02
 3.01989E+02,  3.54419E+02,  2.66785E+02,  3.22174E+02,  5.54726E+02
 5.17704E+02,  3.78881E+02,  3.13871E+02,  2.48598E+02,  2.12348E+02
 2.08369E+02,  2.19818E+02,  2.19818E+02,  3.77200E+02,  3.77200E+02
 3.77200E+02,  3.77200E+02,  3.77200E+02,  3.77200E+02,  3.54419E+02
 2.66785E+02,  3.22174E+02,  5.54726E+02,  5.17704E+02,  3.78881E+02
 3.13871E+02,  2.48598E+02,  2.12348E+02,  2.08369E+02,  2.19818E+02
 2.19818E+02,  3.77200E+02,  3.77200E+02,  3.77200E+02,  3.77200E+02
 3.77200E+02,  3.77200E+02,  3.54419E+02,  2.66785E+02,  3.22174E+02
 5.54726E+02,  5.17704E+02,  3.78881E+02,  3.13871E+02,  2.48598E+02
 2.12348E+02,  2.08369E+02,  2.19818E+02,  2.19818E+02,  3.77200E+02
 3.77200E+02,  3.77200E+02,  3.77200E+02,  3.77200E+02,  3.77200E+02
 3.54419E+02,  2.66785E+02,  3.22174E+02,  5.54726E+02,  5.17704E+02
 3.78881E+02,  3.13871E+02,  2.48598E+02,  2.12348E+02,  2.08369E+02
 2.19818E+02,  2.19818E+02,  3.77200E+02,  3.77200E+02,  3.77200E+02
 3.77200E+02,  3.77200E+02,  3.77200E+02,  5.80653E+02,  4.13723E+02
 1.66914E+02,  3.04698E+02,  3.58601E+02,  3.28844E+02,  3.07722E+02
 3.49706E+02,  3.58705E+02,  3.60643E+02,  4.00313E+02,  4.00313E+02
 4.96895E+02,  4.96895E+02,  4.96895E+02,  4.96895E+02,  4.96895E+02
 4.96895E+02,  5.80653E+02,  4.13723E+02,  1.66914E+02,  3.04698E+02
 3.58601E+02,  3.28844E+02,  3.07722E+02,  3.49706E+02,  3.58705E+02
 3.60643E+02,  4.00313E+02,  4.00313E+02,  4.96895E+02,  4.96895E+02
 4.96895E+02,  4.96895E+02,  4.96895E+02,  4.96895E+02,  5.80653E+02
 4.13723E+02,  1.66914E+02,  3.04698E+02,  3.58601E+02,  3.28844E+02
 3.07722E+02,  3.49706E+02,  3.58705E+02,  3.60643E+02,  4.00313E+02
 4.00313E+02,  4.96895E+02,  4.96895E+02,  4.96895E+02,  4.96895E+02
 4.96895E+02,  4.96895E+02,  5.80653E+02,  4.13723E+02,  1.66914E+02
 3.04698E+02,  3.58601E+02,  3.28844E+02,  3.07722E+02,  3.49706E+02
 3.58705E+02,  3.60643E+02,  4.00313E+02,  4.00313E+02,  4.96895E+02
 4.96895E+02,  4.96895E+02,  4.96895E+02,  4.96895E+02,  4.96895E+02
 4.36909E+02,  5.26770E+02,  6.07671E+02,  4.85230E+02,  3.23417E+02
 2.38359E+02,  2.67013E+02,  3.34169E+02,  4.20245E+02,  4.96281E+02
 6.78841E+02,  6.78841E+02,  6.57909E+02,  6.57909E+02,  6.57909E+02
 6.57909E+02,  6.57909E+02,  6.57909E+02,  4.36909E+02,  5.26770E+02
 6.07671E+02,  4.85230E+02,  3.23417E+02,  2.38359E+02,  2.67013E+02
 3.34169E+02,  4.20245E+02,  4.96281E+02,  6.78841E+02,  6.78841E+02
 6.57909E+02,  6.57909E+02,  6.57909E+02,  6.57909E+02,  6.57909E+02
 6.57909E+02,  4.36909E+02,  5.26770E+02,  6.07671E+02,  4.85230E+02
 3.23417E+02,  2.38359E+02,  2.67013E+02,  3.34169E+02,  4.20245E+02
 4.96281E+02,  6.78841E+02,  6.78841E+02,  6.57909E+02,  6.57909E+02
 6.57909E+02,  6.57909E+02,  6.57909E+02,  6.57909E+02,  4.36909E+02
 5.26770E+02,  6.07671E+02,  4.85230E+02,  3.23417E+02,  2.38359E+02
 2.67013E+02,  3.34169E+02,  4.20245E+02,  4.96281E+02,  6.78841E+02
 6.78841E+02,  6.57909E+02,  6.57909E+02,  6.57909E+02,  6.57909E+02
 6.57909E+02,  6.57909E+02,  3.78258E+02,  7.29534E+02,  8.29686E+02
 5.44516E+02,  3.47032E+02,  2.37991E+02,  2.51885E+02,  3.19151E+02
 4.27307E+02,  5.35898E+02,  9.49737E+02,  9.49737E+02,  8.44893E+02
 8.44893E+02,  8.44893E+02,  8.44893E+02,  8.44893E+02,  8.44893E+02
 3.78258E+02,  7.29534E+02,  8.29686E+02,  5.44516E+02,  3.47032E+02
 2.37991E+02,  2.51885E+02,  3.19151E+02,  4.27307E+02,  5.35898E+02
 9.49737E+02,  9.49737E+02,  8.44893E+02,  8.44893E+02,  8.44893E+02
 8.44893E+02,  8.44893E+02,  8.44893E+02,  3.78258E+02,  7.29534E+02
 8.29686E+02,  5.44516E+02,  3.47032E+02,  2.37991E+02,  2.51885E+02
 3.19151E+02,  4.27307E+02,  5.35898E+02,  9.49737E+02,  9.49737E+02
 8.44893E+02,  8.44893E+02,  8.44893E+02,  8.44893E+02,  8.44893E+02
 8.44893E+02,  3.78258E+02,  7.29534E+02,  8.29686E+02,  5.44516E+02
 3.47032E+02,  2.37991E+02,  2.51885E+02,  3.19151E+02,  4.27307E+02
 5.35898E+02,  9.49737E+02,  9.49737E+02,  8.44893E+02,  8.44893E+02
 8.44893E+02,  8.44893E+02,  8.44893E+02,  8.44893E+02,  6.40148E+02
 4.41061E+02,  2.80587E+02,  4.64135E+02,  3.93082E+02,  3.04551E+02
 2.98574E+02,  3.42821E+02,  4.46664E+02,  5.57511E+02,  1.00000E+03
 1.00000E+03,  1.00000E+03,  1.00000E+03,  1.00000E+03,  1.00000E+03
 1.00000E+03,  1.00000E+03,  6.40148E+02,  4.41061E+02,  2.80587E+02
 4.64135E+02,  3.93082E+02,  3.04551E+02,  2.98574E+02,  3.42821E+02
 4.46664E+02,  5.57511E+02,  1.00000E+03,  1.00000E+03,  1.00000E+03
 1.00000E+03,  1.00000E+03,  1.00000E+03,  1.00000E+03,  1.00000E+03
 6.40148E+02,  4.41061E+02,  2.80587E+02,  4.64135E+02,  3.93082E+02
 3.04551E+02,  2.98574E+02,  3.42821E+02,  4.46664E+02,  5.57511E+02
 1.00000E+03,  1.00000E+03,  1.00000E+03,  1.00000E+03,  1.00000E+03
 1.00000E+03,  1.00000E+03,  1.00000E+03,  6.40148E+02,  4.41061E+02
 2.80587E+02,  4.64135E+02,  3.93082E+02,  3.04551E+02,  2.98574E+02
 3.42821E+02,  4.46664E+02,  5.57511E+02,  1.00000E+03,  1.00000E+03
 1.00000E+03,  1.00000E+03,  1.00000E+03,  1.00000E+03,  1.00000E+03
 1.00000E+03,  5.90108E+02,  5.80926E+02,  3.15150E+02,  2.65516E+02
 2.25568E+02,  2.21651E+02,  2.81961E+02,  3.98971E+02,  5.74646E+02
 7.31003E+02,  1.00000E+03,  1.00000E+03,  1.00000E+03,  1.00000E+03
 1.00000E+03,  1.00000E+03,  1.00000E+03,  1.00000E+03,  5.90108E+02
 5.80926E+02,  3.15150E+02,  2.65516E+02,  2.25568E+02,  2.21651E+02
 2.81961E+02,  3.98971E+02,  5.74646E+02,  7.31003E+02,  1.00000E+03
 1.00000E+03,  1.00000E+03,  1.00000E+03,  1.00000E+03,  1.00000E+03
 1.00000E+03,  1.00000E+03,  5.90108E+02,  5.80926E+02,  3.15150E+02
 2.65516E+02,  2.25568E+02,  2.21651E+02,  2.81961E+02,  3.98971E+02
 5.74646E+02,  7.31003E+02,  1.00000E+03,  1.00000E+03,  1.00000E+03
 1.00000E+03,  1.00000E+03,  1.00000E+03,  1.00000E+03,  1.00000E+03
 5.90108E+02,  5.80926E+02,  3.15150E+02,  2.65516E+02,  2.25568E+02
 2.21651E+02,  2.81961E+02,  3.98971E+02,  5.74646E+02,  7.31003E+02
 1.00000E+03,  1.00000E+03,  1.00000E+03,  1.00000E+03,  1.00000E+03
 1.00000E+03,  1.00000E+03,  1.00000E+03,  5.05062E+02,  5.45694E+02
 3.21733E+02,  3.88203E+02,  2.60317E+02,  3.09588E+02,  4.89107E+02
 7.88141E+02,  1.00000E+03,  1.00000E+03,  1.00000E+03,  1.00000E+03
 1.00000E+03,  1.00000E+03,  1.00000E+03,  1.00000E+03,  1.00000E+03
 1.00000E+03,  5.05062E+02,  5.45694E+02,  3.21733E+02,  3.88203E+02
 2.60317E+02,  3.09588E+02,  4.89107E+02,  7.88141E+02,  1.00000E+03
 1.00000E+03,  1.00000E+03,  1.00000E+03,  1.00000E+03,  1.00000E+03
 1.00000E+03,  1.00000E+03,  1.00000E+03,  1.00000E+03,  5.05062E+02
 5.45694E+02,  3.21733E+02,  3.88203E+02,  2.60317E+02,  3.09588E+02
 4.89107E+02,  7.88141E+02,  1.00000E+03,  1.00000E+03,  1.00000E+03
 1.00000E+03,  1.00000E+03,  1.00000E+03,  1.00000E+03,  1.00000E+03
 1.00000E+03,  1.00000E+03,  5.05062E+02,  5.45694E+02,  3.21733E+02
 3.88203E+02,  2.60317E+02,  3.09588E+02,  4.89107E+02,  7.88141E+02
 1.00000E+03,  1.00000E+03,  1.00000E+03,  1.00000E+03,  1.00000E+03
 1.00000E+03,  1.00000E+03,  1.00000E+03,  1.00000E+03,  1.00000E+03
 3.53026E+02,  2.99524E+02,  1.87295E+02,  5.01748E+02,  1.00000E+03
 1.00000E+03,  1.00000E+03,  1.00000E+03,  1.00000E+03,  1.00000E+03
 1.00000E+03,  1.00000E+03,  1.00000E+03,  1.00000E+03,  1.00000E+03
 1.00000E+03,  1.00000E+03,  1.00000E+03,  3.53026E+02,  2.99524E+02
 1.87295E+02,  5.01748E+02,  1.00000E+03,  1.00000E+03,  1.00000E+03
 1.00000E+03,  1.00000E+03,  1.00000E+03,  1.00000E+03,  1.00000E+03
 1.00000E+03,  1.00000E+03,  1.00000E+03,  1.00000E+03,  1.00000E+03
 1.00000E+03,  3.53026E+02,  2.99524E+02,  1.87295E+02,  5.01748E+02
 1.00000E+03,  1.00000E+03,  1.00000E+03,  1.00000E+03,  1.00000E+03
 1.00000E+03,  1.00000E+03,  1.00000E+03,  1.00000E+03,  1.00000E+03
 1.00000E+03,  1.00000E+03,  1.00000E+03,  1.00000E+03,  3.53026E+02
 2.99524E+02,  1.87295E+02,  5.01748E+02,  1.00000E+03,  1.00000E+03
 1.00000E+03,  1.00000E+03,  1.00000E+03,  1.00000E+03,  1.00000E+03
 1.00000E+03,  1.00000E+03,  1.00000E+03,  1.00000E+03,  1.00000E+03
 1.00000E+03,  1.00000E+03,  7.64076E+02,  1.09390E+02,  7.45289E+01
 1.93367E+02,  8.56717E+02,  1.00000E+03,  1.00000E+03,  1.00000E+03
 1.00000E+03,  1.00000E+03,  1.00000E+03,  1.00000E+03,  1.00000E+03
 1.00000E+03,  1.00000E+03,  1.00000E+03,  1.00000E+03,  1.00000E+03
 4.25272E+02,  1.12973E+02,  8.15350E+01,  2.53405E+02,  7.99286E+02
 1.00000E+03,  1.00000E+03,  1.00000E+03,  1.00000E+03,  1.00000E+03
 1.00000E+03,  1.00000E+03,  1.00000E+03,  1.00000E+03,  1.00000E+03
 1.00000E+03,  1.00000E+03,  1.00000E+03,  1.33604E+02,  4.52308E+02
 1.67292E+02,  3.36744E+02,  6.71137E+02,  8.79307E+02,  9.85102E+02
 9.83481E+02,  9.47741E+02,  9.21103E+02,  1.00000E+03,  1.00000E+03
 8.95149E+02,  8.95149E+02,  8.95149E+02,  8.95149E+02,  8.95149E+02
 8.95149E+02,  1.33604E+02,  4.52308E+02,  1.67292E+02,  3.36744E+02
 6.71137E+02,  8.79307E+02,  9.85102E+02,  9.83481E+02,  9.47741E+02
 9.21103E+02,  1.00000E+03,  1.00000E+03,  8.95149E+02,  8.95149E+02
 8.95149E+02,  8.95149E+02,  8.95149E+02,  8.95149E+02,  1.95969E+02
 1.51711E+02,  7.25588E+01,  6.89036E+01,  1.06049E+02,  1.77701E+02
 2.69069E+02,  3.55983E+02,  4.20479E+02,  4.55774E+02,  4.69046E+02
 4.69046E+02,  3.32129E+02,  3.32129E+02,  3.32129E+02,  3.32129E+02
 3.32129E+02,  3.32129E+02,  1.95969E+02,  1.51711E+02,  7.25588E+01
 6.89036E+01,  1.06049E+02,  1.77701E+02,  2.69069E+02,  3.55983E+02
 4.20479E+02,  4.55774E+02,  4.69046E+02,  4.69046E+02,  3.32129E+02
 3.32129E+02,  3.32129E+02,  3.32129E+02,  3.32129E+02,  3.32129E+02
 1.95969E+02,  1.51711E+02,  7.25588E+01,  6.89036E+01,  1.06049E+02
 1.77701E+02,  2.69069E+02,  3.55983E+02,  4.20479E+02,  4.55774E+02
 4.69046E+02,  4.69046E+02,  3.32129E+02,  3.32129E+02,  3.32129E+02
 3.32129E+02,  3.32129E+02,  3.32129E+02,  1.95969E+02,  1.51711E+02
 7.25588E+01,  6.89036E+01,  1.06049E+02,  1.77701E+02,  2.69069E+02
 3.55983E+02,  4.20479E+02,  4.55774E+02,  4.69046E+02,  4.69046E+02
 3.32129E+02,  3.32129E+02,  3.32129E+02,  3.32129E+02,  3.32129E+02
 3.32129E+02,  1.95969E+02,  1.51711E+02,  7.25588E+01,  6.89036E+01
 1.06049E+02,  1.77701E+02,  2.69069E+02,  3.55983E+02,  4.20479E+02
 4.55774E+02,  4.69046E+02,  4.69046E+02,  3.32129E+02,  3.32129E+02
 3.32129E+02,  3.32129E+02,  3.32129E+02,  3.32129E+02,  1.95969E+02
 1.51711E+02,  7.25588E+01,  6.89036E+01,  1.06049E+02,  1.77701E+02
 2.69069E+02,  3.55983E+02,  4.20479E+02,  4.55774E+02,  4.69046E+02
 4.69046E+02,  3.32129E+02,  3.32129E+02,  3.32129E+02,  3.32129E+02
 3.32129E+02,  3.32129E+02,  1.95969E+02,  1.51711E+02,  7.25588E+01
 6.89036E+01,  1.06049E+02,  1.77701E+02,  2.69069E+02,  3.55983E+02
 4.20479E+02,  4.55774E+02,  4.69046E+02,  4.69046E+02,  3.32129E+02
 3.32129E+02,  3.32129E+02,  3.32129E+02,  3.32129E+02,  3.32129E+02
 1.95969E+02,  1.51711E+02,  7.25588E+01,  6.89036E+01,  1.06049E+02
 1.77701E+02,  2.69069E+02,  3.55983E+02,  4.20479E+02,  4.55774E+02
 4.69046E+02,  4.69046E+02,  3.32129E+02,  3.32129E+02,  3.32129E+02
 3.32129E+02,  3.32129E+02,  3.32129E+02,  1.95969E+02,  1.51711E+02
 7.25588E+01,  6.89036E+01,  1.06049E+02,  1.77701E+02,  2.69069E+02
 3.55983E+02,  4.20479E+02,  4.55774E+02,  4.69046E+02,  4.69046E+02
 3.32129E+02,  3.32129E+02,  3.32129E+02,  3.32129E+02,  3.32129E+02
 3.32129E+02,  1.95969E+02,  1.51711E+02,  7.25588E+01,  6.89036E+01
 1.06049E+02,  1.77701E+02,  2.69069E+02,  3.55983E+02,  4.20479E+02
 4.55774E+02,  4.69046E+02,  4.69046E+02,  3.32129E+02,  3.32129E+02
 3.32129E+02,  3.32129E+02,  3.32129E+02,  3.32129E+02,  1.95969E+02
 1.51711E+02,  7.25588E+01,  6.89036E+01,  1.06049E+02,  1.77701E+02
 2.69069E+02,  3.55983E+02,  4.20479E+02,  4.55774E+02,  4.69046E+02
 4.69046E+02,  3.32129E+02,  3.32129E+02,  3.32129E+02,  3.32129E+02
 3.32129E+02,  3.32129E+02

;-Sensitivity in the elemental sequential order

 2.80679E-02,  1.95426E-02,  1.69882E-02,  1.32416E-02,  9.73215E-03
 7.10519E-03,  5.27612E-03,  4.01837E-03,  3.13932E-03,  2.50448E-03
 4.83544E-03,  4.83544E-03,  6.73994E-03,  6.73994E-03,  6.73994E-03
 6.73994E-03,  6.73994E-03,  6.73994E-03,  2.80679E-02,  1.95426E-02
 1.69882E-02,  1.32416E-02,  9.73215E-03,  7.10519E-03,  5.27612E-03
 4.01837E-03,  3.13932E-03,  2.50448E-03,  4.83544E-03,  4.83544E-03
 6.73994E-03,  6.73994E-03,  6.73994E-03,  6.73994E-03,  6.73994E-03
 6.73994E-03,  2.80679E-02,  1.95426E-02,  1.69882E-02,  1.32416E-02
 9.73215E-03,  7.10519E-03,  5.27612E-03,  4.01837E-03,  3.13932E-03
 2.50448E-03,  4.83544E-03,  4.83544E-03,  6.73994E-03,  6.73994E-03
 6.73994E-03,  6.73994E-03,  6.73994E-03,  6.73994E-03,  2.80679E-02
 1.95426E-02,  1.69882E-02,  1.32416E-02,  9.73215E-03,  7.10519E-03
 5.27612E-03,  4.01837E-03,  3.13932E-03,  2.50448E-03,  4.83544E-03
 4.83544E-03,  6.73994E-03,  6.73994E-03,  6.73994E-03,  6.73994E-03
 6.73994E-03,  6.73994E-03,  2.80679E-02,  1.95426E-02,  1.69882E-02
 1.32416E-02,  9.73215E-03,  7.10519E-03,  5.27612E-03,  4.01837E-03
 3.13932E-03,  2.50448E-03,  4.83544E-03,  4.83544E-03,  6.73994E-03
 6.73994E-03,  6.73994E-03,  6.73994E-03,  6.73994E-03,  6.73994E-03
 2.80679E-02,  1.95426E-02,  1.69882E-02,  1.32416E-02,  9.73215E-03
 7.10519E-03,  5.27612E-03,  4.01837E-03,  3.13932E-03,  2.50448E-03
 4.83544E-03,  4.83544E-03,  6.73994E-03,  6.73994E-03,  6.73994E-03
 6.73994E-03,  6.73994E-03,  6.73994E-03,  7.56311E-01,  1.06706E-01
 4.86785E-02,  2.18016E-02,  1.02747E-02,  5.18613E-03,  2.87608E-03
 1.72695E-03,  1.09120E-03,  7.25633E-04,  9.83189E-04,  9.83189E-04
 7.44586E-04,  7.44586E-04,  7.44586E-04,  7.44586E-04,  7.44586E-04
 7.44586E-04,  7.56311E-01,  1.06706E-01,  4.86785E-02,  2.18016E-02
 1.02747E-02,  5.18613E-03,  2.87608E-03,  1.72695E-03,  1.09120E-03
 7.25633E-04,  9.83189E-04,  9.83189E-04,  7.44586E-04,  7.44586E-04
 7.44586E-04,  7.44586E-04,  7.44586E-04,  7.44586E-04,  4.51632E+00
 1.08300E+00,  1.21547E-01,  4.13782E-02,  1.66086E-02,  7.97472E-03
 4.28197E-03,  2.61520E-03,  1.74504E-03,  1.20836E-03,  1.87199E-03
 1.87199E-03,  1.39856E-03,  1.39856E-03,  1.39856E-03,  1.39856E-03
 1.39856E-03,  1.39856E-03,  4.51632E+00,  1.08300E+00,  1.21547E-01
 4.13782E-02,  1.66086E-02,  7.97472E-03,  4.28197E-03,  2.61520E-03
 1.74504E-03,  1.20836E-03,  1.87199E-03,  1.87199E-03,  1.39856E-03
 1.39856E-03,  1.39856E-03,  1.39856E-03,  1.39856E-03,  1.39856E-03
 4.51632E+00,  1.08300E+00,  1.21547E-01,  4.13782E-02,  1.66086E-02
 7.97472E-03,  4.28197E-03,  2.61520E-03,  1.74504E-03,  1.20836E-03
 1.87199E-03,  1.87199E-03,  1.39856E-03,  1.39856E-03,  1.39856E-03
 1.39856E-03,  1.39856E-03,  1.39856E-03,  4.51632E+00,  1.08300E+00
 1.21547E-01,  4.13782E-02,  1.66086E-02,  7.97472E-03,  4.28197E-03
 2.61520E-03,  1.74504E-03,  1.20836E-03,  1.87199E-03,  1.87199E-03
 1.39856E-03,  1.39856E-03,  1.39856E-03,  1.39856E-03,  1.39856E-03
 1.39856E-03,  4.90617E+00,  1.36650E+00,  2.08403E-01,  9.14191E-02
 3.79128E-02,  1.59647E-02,  7.36214E-03,  4.00033E-03,  2.49602E-03
 1.64252E-03,  2.93774E-03,  2.93774E-03,  2.11351E-03,  2.11351E-03
 2.11351E-03,  2.11351E-03,  2.11351E-03,  2.11351E-03,  4.90617E+00
 1.36650E+00,  2.08403E-01,  9.14191E-02,  3.79128E-02,  1.59647E-02
 7.36214E-03,  4.00033E-03,  2.49602E-03,  1.64252E-03,  2.93774E-03
 2.93774E-03,  2.11351E-03,  2.11351E-03,  2.11351E-03,  2.11351E-03
 2.11351E-03,  2.11351E-03,  4.90617E+00,  1.36650E+00,  2.08403E-01
 9.14191E-02,  3.79128E-02,  1.59647E-02,  7.36214E-03,  4.00033E-03
 2.49602E-03,  1.64252E-03,  2.93774E-03,  2.93774E-03,  2.11351E-03
 2.11351E-03,  2.11351E-03,  2.11351E-03,  2.11351E-03,  2.11351E-03
 4.90617E+00,  1.36650E+00,  2.08403E-01,  9.14191E-02,  3.79128E-02
 1.59647E-02,  7.36214E-03,  4.00033E-03,  2.49602E-03,  1.64252E-03
 2.93774E-03,  2.93774E-03,  2.11351E-03,  2.11351E-03,  2.11351E-03
 2.11351E-03,  2.11351E-03,  2.11351E-03,  5.23019E+00,  1.23012E+00
 2.27371E-01,  1.06664E-01,  4.71306E-02,  2.13134E-02,  1.04783E-02
 5.69515E-03,  3.54565E-03,  2.40821E-03,  4.33522E-03,  4.33522E-03
 2.98213E-03,  2.98213E-03,  2.98213E-03,  2.98213E-03,  2.98213E-03
 2.98213E-03,  5.23019E+00,  1.23012E+00,  2.27371E-01,  1.06664E-01
 4.71306E-02,  2.13134E-02,  1.04783E-02,  5.69515E-03,  3.54565E-03
 2.40821E-03,  4.33522E-03,  4.33522E-03,  2.98213E-03,  2.98213E-03
 2.98213E-03,  2.98213E-03,  2.98213E-03,  2.98213E-03,  5.23019E+00
 1.23012E+00,  2.27371E-01,  1.06664E-01,  4.71306E-02,  2.13134E-02
 1.04783E-02,  5.69515E-03,  3.54565E-03,  2.40821E-03,  4.33522E-03
 4.33522E-03,  2.98213E-03,  2.98213E-03,  2.98213E-03,  2.98213E-03
 2.98213E-03,  2.98213E-03,  5.23019E+00,  1.23012E+00,  2.27371E-01
 1.06664E-01,  4.71306E-02,  2.13134E-02,  1.04783E-02,  5.69515E-03
 3.54565E-03,  2.40821E-03,  4.33522E-03,  4.33522E-03,  2.98213E-03
 2.98213E-03,  2.98213E-03,  2.98213E-03,  2.98213E-03,  2.98213E-03
 5.95176E+00,  1.60062E+00,  2.77523E-01,  1.32899E-01,  5.48632E-02
 2.34991E-02,  1.19476E-02,  6.93200E-03,  4.56659E-03,  3.34431E-03
 5.79153E-03,  5.79153E-03,  3.77692E-03,  3.77692E-03,  3.77692E-03
 3.77692E-03,  3.77692E-03,  3.77692E-03,  5.95176E+00,  1.60062E+00
 2.77523E-01,  1.32899E-01,  5.48632E-02,  2.34991E-02,  1.19476E-02
 6.93200E-03,  4.56659E-03,  3.34431E-03,  5.79153E-03,  5.79153E-03
 3.77692E-03,  3.77692E-03,  3.77692E-03,  3.77692E-03,  3.77692E-03
 3.77692E-03,  5.95176E+00,  1.60062E+00,  2.77523E-01,  1.32899E-01
 5.48632E-02,  2.34991E-02,  1.19476E-02,  6.93200E-03,  4.56659E-03
 3.34431E-03,  5.79153E-03,  5.79153E-03,  3.77692E-03,  3.77692E-03
 3.77692E-03,  3.77692E-03,  3.77692E-03,  3.77692E-03,  5.95176E+00
 1.60062E+00,  2.77523E-01,  1.32899E-01,  5.48632E-02,  2.34991E-02
 1.19476E-02,  6.93200E-03,  4.56659E-03,  3.34431E-03,  5.79153E-03
 5.79153E-03,  3.77692E-03,  3.77692E-03,  3.77692E-03,  3.77692E-03
 3.77692E-03,  3.77692E-03,  8.44578E+00,  2.56496E+00,  3.73885E-01
 1.35543E-01,  4.65258E-02,  2.34960E-02,  1.35932E-02,  8.67209E-03
 5.93726E-03,  4.37926E-03,  6.83231E-03,  6.83231E-03,  4.22862E-03
 4.22862E-03,  4.22862E-03,  4.22862E-03,  4.22862E-03,  4.22862E-03
 8.44578E+00,  2.56496E+00,  3.73885E-01,  1.35543E-01,  4.65258E-02
 2.34960E-02,  1.35932E-02,  8.67209E-03,  5.93726E-03,  4.37926E-03
 6.83231E-03,  6.83231E-03,  4.22862E-03,  4.22862E-03,  4.22862E-03
 4.22862E-03,  4.22862E-03,  4.22862E-03,  8.44578E+00,  2.56496E+00
 3.73885E-01,  1.35543E-01,  4.65258E-02,  2.34960E-02,  1.35932E-02
 8.67209E-03,  5.93726E-03,  4.37926E-03,  6.83231E-03,  6.83231E-03
 4.22862E-03,  4.22862E-03,  4.22862E-03,  4.22862E-03,  4.22862E-03
 4.22862E-03,  8.44578E+00,  2.56496E+00,  3.73885E-01,  1.35543E-01
 4.65258E-02,  2.34960E-02,  1.35932E-02,  8.67209E-03,  5.93726E-03
 4.37926E-03,  6.83231E-03,  6.83231E-03,  4.22862E-03,  4.22862E-03
 4.22862E-03,  4.22862E-03,  4.22862E-03,  4.22862E-03,  8.49639E+00
 2.52623E+00,  3.77533E-01,  1.44872E-01,  8.14186E-02,  3.90982E-02
 1.98790E-02,  1.11233E-02,  6.94444E-03,  4.81198E-03,  7.08438E-03
 7.08438E-03,  4.11521E-03,  4.11521E-03,  4.11521E-03,  4.11521E-03
 4.11521E-03,  4.11521E-03,  8.49639E+00,  2.52623E+00,  3.77533E-01
 1.44872E-01,  8.14186E-02,  3.90982E-02,  1.98790E-02,  1.11233E-02
 6.94444E-03,  4.81198E-03,  7.08438E-03,  7.08438E-03,  4.11521E-03
 4.11521E-03,  4.11521E-03,  4.11521E-03,  4.11521E-03,  4.11521E-03
 8.49639E+00,  2.52623E+00,  3.77533E-01,  1.44872E-01,  8.14186E-02
 3.90982E-02,  1.98790E-02,  1.11233E-02,  6.94444E-03,  4.81198E-03
 7.08438E-03,  7.08438E-03,  4.11521E-03,  4.11521E-03,  4.11521E-03
 4.11521E-03,  4.11521E-03,  4.11521E-03,  8.49639E+00,  2.52623E+00
 3.77533E-01,  1.44872E-01,  8.14186E-02,  3.90982E-02,  1.98790E-02
 1.11233E-02,  6.94444E-03,  4.81198E-03,  7.08438E-03,  7.08438E-03
 4.11521E-03,  4.11521E-03,  4.11521E-03,  4.11521E-03,  4.11521E-03
 4.11521E-03,  7.28146E+00,  2.18862E+00,  3.36561E-01,  1.04671E-01
 5.07285E-02,  2.71034E-02,  1.56624E-02,  1.01525E-02,  6.67796E-03
 4.51639E-03,  6.21732E-03,  6.21732E-03,  3.49491E-03,  3.49491E-03
 3.49491E-03,  3.49491E-03,  3.49491E-03,  3.49491E-03,  7.28146E+00
 2.18862E+00,  3.36561E-01,  1.04671E-01,  5.07285E-02,  2.71034E-02
 1.56624E-02,  1.01525E-02,  6.67796E-03,  4.51639E-03,  6.21732E-03
 6.21732E-03,  3.49491E-03,  3.49491E-03,  3.49491E-03,  3.49491E-03
 3.49491E-03,  3.49491E-03,  7.28146E+00,  2.18862E+00,  3.36561E-01
 1.04671E-01,  5.07285E-02,  2.71034E-02,  1.56624E-02,  1.01525E-02
 6.67796E-03,  4.51639E-03,  6.21732E-03,  6.21732E-03,  3.49491E-03
 3.49491E-03,  3.49491E-03,  3.49491E-03,  3.49491E-03,  3.49491E-03
 7.28146E+00,  2.18862E+00,  3.36561E-01,  1.04671E-01,  5.07285E-02
 2.71034E-02,  1.56624E-02,  1.01525E-02,  6.67796E-03,  4.51639E-03
 6.21732E-03,  6.21732E-03,  3.49491E-03,  3.49491E-03,  3.49491E-03
 3.49491E-03,  3.49491E-03,  3.49491E-03,  9.93100E+00,  3.10762E+00
 4.10277E-01,  1.37083E-01,  7.09697E-02,  3.41183E-02,  1.85054E-02
 1.15552E-02,  7.76020E-03,  5.17365E-03,  6.07159E-03,  6.07159E-03
 2.75233E-03,  2.75233E-03,  2.75233E-03,  2.75233E-03,  2.75233E-03
 2.75233E-03,  9.93100E+00,  3.10762E+00,  4.10277E-01,  1.37083E-01
 7.09697E-02,  3.41183E-02,  1.85054E-02,  1.15552E-02,  7.76020E-03
 5.17365E-03,  6.07159E-03,  6.07159E-03,  2.75233E-03,  2.75233E-03
 2.75233E-03,  2.75233E-03,  2.75233E-03,  2.75233E-03,  9.93100E+00
 3.10762E+00,  4.10277E-01,  1.37083E-01,  7.09697E-02,  3.41183E-02
 1.85054E-02,  1.15552E-02,  7.76020E-03,  5.17365E-03,  6.07159E-03
 6.07159E-03,  2.75233E-03,  2.75233E-03,  2.75233E-03,  2.75233E-03
 2.75233E-03,  2.75233E-03,  9.93100E+00,  3.10762E+00,  4.10277E-01
 1.37083E-01,  7.09697E-02,  3.41183E-02,  1.85054E-02,  1.15552E-02
 7.76020E-03,  5.17365E-03,  6.07159E-03,  6.07159E-03,  2.75233E-03
 2.75233E-03,  2.75233E-03,  2.75233E-03,  2.75233E-03,  2.75233E-03
 2.88635E+00,  1.28269E+00,  3.32671E-01,  1.27713E-01,  6.15479E-02
 3.28960E-02,  1.79590E-02,  1.07393E-02,  7.14792E-03,  4.96603E-03
 6.10422E-03,  6.10422E-03,  2.18939E-03,  2.18939E-03,  2.18939E-03
 2.18939E-03,  2.18939E-03,  2.18939E-03,  2.88635E+00,  1.28269E+00
 3.32671E-01,  1.27713E-01,  6.15479E-02,  3.28960E-02,  1.79590E-02
 1.07393E-02,  7.14792E-03,  4.96603E-03,  6.10422E-03,  6.10422E-03
 2.18939E-03,  2.18939E-03,  2.18939E-03,  2.18939E-03,  2.18939E-03
 2.18939E-03,  2.88635E+00,  1.28269E+00,  3.32671E-01,  1.27713E-01
 6.15479E-02,  3.28960E-02,  1.79590E-02,  1.07393E-02,  7.14792E-03
 4.96603E-03,  6.10422E-03,  6.10422E-03,  2.18939E-03,  2.18939E-03
 2.18939E-03,  2.18939E-03,  2.18939E-03,  2.18939E-03,  2.88635E+00
 1.28269E+00,  3.32671E-01,  1.27713E-01,  6.15479E-02,  3.28960E-02
 1.79590E-02,  1.07393E-02,  7.14792E-03,  4.96603E-03,  6.10422E-03
 6.10422E-03,  2.18939E-03,  2.18939E-03,  2.18939E-03,  2.18939E-03
 2.18939E-03,  2.18939E-03,  4.07808E+00,  1.77223E+00,  3.85498E-01
 1.26516E-01,  6.11170E-02,  3.29949E-02,  1.83086E-02,  1.03937E-02
 6.39523E-03,  4.20437E-03,  5.66121E-03,  5.66121E-03,  1.80932E-03
 1.80932E-03,  1.80932E-03,  1.80932E-03,  1.80932E-03,  1.80932E-03
 4.07808E+00,  1.77223E+00,  3.85498E-01,  1.26516E-01,  6.11170E-02
 3.29949E-02,  1.83086E-02,  1.03937E-02,  6.39523E-03,  4.20437E-03
 5.66121E-03,  5.66121E-03,  1.80932E-03,  1.80932E-03,  1.80932E-03
 1.80932E-03,  1.80932E-03,  1.80932E-03,  4.07808E+00,  1.77223E+00
 3.85498E-01,  1.26516E-01,  6.11170E-02,  3.29949E-02,  1.83086E-02
 1.03937E-02,  6.39523E-03,  4.20437E-03,  5.66121E-03,  5.66121E-03
 1.80932E-03,  1.80932E-03,  1.80932E-03,  1.80932E-03,  1.80932E-03
 1.80932E-03,  4.07808E+00,  1.77223E+00,  3.85498E-01,  1.26516E-01
 6.11170E-02,  3.29949E-02,  1.83086E-02,  1.03937E-02,  6.39523E-03
 4.20437E-03,  5.66121E-03,  5.66121E-03,  1.80932E-03,  1.80932E-03
 1.80932E-03,  1.80932E-03,  1.80932E-03,  1.80932E-03,  3.82651E+00
 2.08642E+00,  4.58999E-01,  1.59661E-01,  6.75937E-02,  3.35308E-02
 1.90482E-02,  1.08620E-02,  6.40981E-03,  3.97426E-03,  5.69215E-03
 5.69215E-03,  1.58995E-03,  1.58995E-03,  1.58995E-03,  1.58995E-03
 1.58995E-03,  1.58995E-03,  3.82651E+00,  2.08642E+00,  4.58999E-01
 1.59661E-01,  6.75937E-02,  3.35308E-02,  1.90482E-02,  1.08620E-02
 6.40981E-03,  3.97426E-03,  5.69215E-03,  5.69215E-03,  1.58995E-03
 1.58995E-03,  1.58995E-03,  1.58995E-03,  1.58995E-03,  1.58995E-03
 3.82651E+00,  2.08642E+00,  4.58999E-01,  1.59661E-01,  6.75937E-02
 3.35308E-02,  1.90482E-02,  1.08620E-02,  6.40981E-03,  3.97426E-03
 5.69215E-03,  5.69215E-03,  1.58995E-03,  1.58995E-03,  1.58995E-03
 1.58995E-03,  1.58995E-03,  1.58995E-03,  3.82651E+00,  2.08642E+00
 4.58999E-01,  1.59661E-01,  6.75937E-02,  3.35308E-02,  1.90482E-02
 1.08620E-02,  6.40981E-03,  3.97426E-03,  5.69215E-03,  5.69215E-03
 1.58995E-03,  1.58995E-03,  1.58995E-03,  1.58995E-03,  1.58995E-03
 1.58995E-03,  2.89364E+00,  1.49671E+00,  4.08815E-01,  1.49159E-01
 7.06930E-02,  3.72500E-02,  2.00026E-02,  1.09645E-02,  6.38160E-03
 3.97265E-03,  5.43950E-03,  5.43950E-03,  1.56448E-03,  1.56448E-03
 1.56448E-03,  1.56448E-03,  1.56448E-03,  1.56448E-03,  2.89364E+00
 1.49671E+00,  4.08815E-01,  1.49159E-01,  7.06930E-02,  3.72500E-02
 2.00026E-02,  1.09645E-02,  6.38160E-03,  3.97265E-03,  5.43950E-03
 5.43950E-03,  1.56448E-03,  1.56448E-03,  1.56448E-03,  1.56448E-03
 1.56448E-03,  1.56448E-03,  2.89364E+00,  1.49671E+00,  4.08815E-01
 1.49159E-01,  7.06930E-02,  3.72500E-02,  2.00026E-02,  1.09645E-02
 6.38160E-03,  3.97265E-03,  5.43950E-03,  5.43950E-03,  1.56448E-03
 1.56448E-03,  1.56448E-03,  1.56448E-03,  1.56448E-03,  1.56448E-03
 2.89364E+00,  1.49671E+00,  4.08815E-01,  1.49159E-01,  7.06930E-02
 3.72500E-02,  2.00026E-02,  1.09645E-02,  6.38160E-03,  3.97265E-03
 5.43950E-03,  5.43950E-03,  1.56448E-03,  1.56448E-03,  1.56448E-03
 1.56448E-03,  1.56448E-03,  1.56448E-03,  6.98345E+00,  2.74084E+00
 4.08960E-01,  1.18120E-01,  5.73904E-02,  2.79319E-02,  1.36960E-02
 7.52286E-03,  4.80829E-03,  3.36834E-03,  4.54513E-03,  4.54513E-03
 1.44761E-03,  1.44761E-03,  1.44761E-03,  1.44761E-03,  1.44761E-03
 1.44761E-03,  6.98345E+00,  2.74084E+00,  4.08960E-01,  1.18120E-01
 5.73904E-02,  2.79319E-02,  1.36960E-02,  7.52286E-03,  4.80829E-03
 3.36834E-03,  4.54513E-03,  4.54513E-03,  1.44761E-03,  1.44761E-03
 1.44761E-03,  1.44761E-03,  1.44761E-03,  1.44761E-03,  6.98345E+00
 2.74084E+00,  4.08960E-01,  1.18120E-01,  5.73904E-02,  2.79319E-02
 1.36960E-02,  7.52286E-03,  4.80829E-03,  3.36834E-03,  4.54513E-03
 4.54513E-03,  1.44761E-03,  1.44761E-03,  1.44761E-03,  1.44761E-03
 1.44761E-03,  1.44761E-03,  6.98345E+00,  2.74084E+00,  4.08960E-01
 1.18120E-01,  5.73904E-02,  2.79319E-02,  1.36960E-02,  7.52286E-03
 4.80829E-03,  3.36834E-03,  4.54513E-03,  4.54513E-03,  1.44761E-03
 1.44761E-03,  1.44761E-03,  1.44761E-03,  1.44761E-03,  1.44761E-03
 3.70632E+00,  1.93457E+00,  3.35878E-01,  7.44329E-02,  2.73639E-02
 1.42564E-02,  8.95753E-03,  6.10403E-03,  3.96020E-03,  2.53094E-03
 3.34025E-03,  3.34025E-03,  1.26306E-03,  1.26306E-03,  1.26306E-03
 1.26306E-03,  1.26306E-03,  1.26306E-03,  3.70632E+00,  1.93457E+00
 3.35878E-01,  7.44329E-02,  2.73639E-02,  1.42564E-02,  8.95753E-03
 6.10403E-03,  3.96020E-03,  2.53094E-03,  3.34025E-03,  3.34025E-03
 1.26306E-03,  1.26306E-03,  1.26306E-03,  1.26306E-03,  1.26306E-03
 1.26306E-03,  3.70632E+00,  1.93457E+00,  3.35878E-01,  7.44329E-02
 2.73639E-02,  1.42564E-02,  8.95753E-03,  6.10403E-03,  3.96020E-03
 2.53094E-03,  3.34025E-03,  3.34025E-03,  1.26306E-03,  1.26306E-03
 1.26306E-03,  1.26306E-03,  1.26306E-03,  1.26306E-03,  3.70632E+00
 1.93457E+00,  3.35878E-01,  7.44329E-02,  2.73639E-02,  1.42564E-02
 8.95753E-03,  6.10403E-03,  3.96020E-03,  2.53094E-03,  3.34025E-03
 3.34025E-03,  1.26306E-03,  1.26306E-03,  1.26306E-03,  1.26306E-03
 1.26306E-03,  1.26306E-03,  4.27436E+00,  1.38413E+00,  2.42178E-01
 8.04742E-02,  2.80566E-02,  1.09579E-02,  5.54530E-03,  3.52867E-03
 2.40824E-03,  1.64545E-03,  2.24057E-03,  2.24057E-03,  1.02713E-03
 1.02713E-03,  1.02713E-03,  1.02713E-03,  1.02713E-03,  1.02713E-03
 4.17763E+00,  1.08879E+00,  1.76941E-01,  6.37550E-02,  2.23631E-02
 8.20937E-03,  3.98026E-03,  2.49590E-03,  1.69170E-03,  1.15849E-03
 1.57738E-03,  1.57738E-03,  7.43149E-04,  7.43149E-04,  7.43149E-04
 7.43149E-04,  7.43149E-04,  7.43149E-04,  3.23902E+00,  5.40852E-01
 1.16500E-01,  4.61229E-02,  1.55652E-02,  5.49708E-03,  2.53045E-03
 1.56636E-03,  1.04696E-03,  7.19501E-04,  9.78669E-04,  9.78669E-04
 4.70813E-04,  4.70813E-04,  4.70813E-04,  4.70813E-04,  4.70813E-04
 4.70813E-04,  3.23902E+00,  5.40852E-01,  1.16500E-01,  4.61229E-02
 1.55652E-02,  5.49708E-03,  2.53045E-03,  1.56636E-03,  1.04696E-03
 7.19501E-04,  9.78669E-04,  9.78669E-04,  4.70813E-04,  4.70813E-04
 4.70813E-04,  4.70813E-04,  4.70813E-04,  4.70813E-04,  2.55660E+00
 5.94670E-01,  7.73522E-02,  3.32647E-02,  1.46231E-02,  7.64073E-03
 4.95698E-03,  3.73246E-03,  3.03495E-03,  2.56194E-03,  5.46548E-03
 5.46548E-03,  7.38106E-03,  7.38106E-03,  7.38106E-03,  7.38106E-03
 7.38106E-03,  7.38106E-03,  2.55660E+00,  5.94670E-01,  7.73522E-02
 3.32647E-02,  1.46231E-02,  7.64073E-03,  4.95698E-03,  3.73246E-03
 3.03495E-03,  2.56194E-03,  5.46548E-03,  5.46548E-03,  7.38106E-03
 7.38106E-03,  7.38106E-03,  7.38106E-03,  7.38106E-03,  7.38106E-03
 2.55660E+00,  5.94670E-01,  7.73522E-02,  3.32647E-02,  1.46231E-02
 7.64073E-03,  4.95698E-03,  3.73246E-03,  3.03495E-03,  2.56194E-03
 5.46548E-03,  5.46548E-03,  7.38106E-03,  7.38106E-03,  7.38106E-03
 7.38106E-03,  7.38106E-03,  7.38106E-03,  2.55660E+00,  5.94670E-01
 7.73522E-02,  3.32647E-02,  1.46231E-02,  7.64073E-03,  4.95698E-03
 3.73246E-03,  3.03495E-03,  2.56194E-03,  5.46548E-03,  5.46548E-03
 7.38106E-03,  7.38106E-03,  7.38106E-03,  7.38106E-03,  7.38106E-03
 7.38106E-03,  2.55660E+00,  5.94670E-01,  7.73522E-02,  3.32647E-02
 1.46231E-02,  7.64073E-03,  4.95698E-03,  3.73246E-03,  3.03495E-03
 2.56194E-03,  5.46548E-03,  5.46548E-03,  7.38106E-03,  7.38106E-03
 7.38106E-03,  7.38106E-03,  7.38106E-03,  7.38106E-03,  2.55660E+00
 5.94670E-01,  7.73522E-02,  3.32647E-02,  1.46231E-02,  7.64073E-03
 4.95698E-03,  3.73246E-03,  3.03495E-03,  2.56194E-03,  5.46548E-03
 5.46548E-03,  7.38106E-03,  7.38106E-03,  7.38106E-03,  7.38106E-03
 7.38106E-03,  7.38106E-03,  2.55660E+00,  5.94670E-01,  7.73522E-02
 3.32647E-02,  1.46231E-02,  7.64073E-03,  4.95698E-03,  3.73246E-03
 3.03495E-03,  2.56194E-03,  5.46548E-03,  5.46548E-03,  7.38106E-03
 7.38106E-03,  7.38106E-03,  7.38106E-03,  7.38106E-03,  7.38106E-03
 2.55660E+00,  5.94670E-01,  7.73522E-02,  3.32647E-02,  1.46231E-02
 7.64073E-03,  4.95698E-03,  3.73246E-03,  3.03495E-03,  2.56194E-03
 5.46548E-03,  5.46548E-03,  7.38106E-03,  7.38106E-03,  7.38106E-03
 7.38106E-03,  7.38106E-03,  7.38106E-03,  2.55660E+00,  5.94670E-01
 7.73522E-02,  3.32647E-02,  1.46231E-02,  7.64073E-03,  4.95698E-03
 3.73246E-03,  3.03495E-03,  2.56194E-03,  5.46548E-03,  5.46548E-03
 7.38106E-03,  7.38106E-03,  7.38106E-03,  7.38106E-03,  7.38106E-03
 7.38106E-03,  2.55660E+00,  5.94670E-01,  7.73522E-02,  3.32647E-02
 1.46231E-02,  7.64073E-03,  4.95698E-03,  3.73246E-03,  3.03495E-03
 2.56194E-03,  5.46548E-03,  5.46548E-03,  7.38106E-03,  7.38106E-03
 7.38106E-03,  7.38106E-03,  7.38106E-03,  7.38106E-03,  2.55660E+00
 5.94670E-01,  7.73522E-02,  3.32647E-02,  1.46231E-02,  7.64073E-03
 4.95698E-03,  3.73246E-03,  3.03495E-03,  2.56194E-03,  5.46548E-03
 5.46548E-03,  7.38106E-03,  7.38106E-03,  7.38106E-03,  7.38106E-03
 7.38106E-03,  7.38106E-03

;------ Iteration  3
;-Index  V/I_Meas      V/I_Calc    VI_%ERR
  1,    2.07243E+01,   6.35944E+00,  -69.31
  2,    2.56875E+00,   1.81577E-01,  -92.93
  3,    1.24840E+00,   3.03987E-01,  -75.65
  4,    9.38865E-02,   1.49365E-01,  59.09
  5,    1.51760E-01,   5.74121E-02,  -62.17
  6,    9.01102E-02,   4.48018E-02,  -50.28
  7,    2.51083E+01,   2.31905E+00,  -90.76
  8,    6.05705E+00,   5.53246E-01,  -90.87
  9,    2.62075E+00,   7.22823E-01,  -72.42
  10,    1.10857E+00,   3.06253E-01,  -72.37
  11,    1.39745E-01,   6.58545E-02,  -52.88
  12,    8.66431E-02,   5.05499E-02,  -41.66
  13,    3.66935E-02,   1.01387E-01,  176.31
  14,    2.42305E-01,   1.59850E-01,  -34.03
  15,    1.08723E-01,   1.08920E-01,  0.18
  16,    6.45944E-02,   7.00613E-02,  8.46
  17,    3.79840E-02,   4.41748E-02,  16.30
  18,    2.77012E-02,   2.93118E-02,  5.81
  19,    2.10235E+01,   1.12471E+00,  -94.65
  20,    5.51175E+00,   1.80799E+00,  -67.20
  21,    2.10442E+00,   7.00645E-01,  -66.71
  22,    8.42778E-01,   1.89249E-01,  -77.54
  23,    1.23720E-01,   7.80821E-02,  -36.89
  24,    8.03241E-02,   6.43444E-02,  -19.89
  25,    2.18757E-01,   1.93273E-01,  -11.65
  26,    1.03491E-01,   1.19974E-01,  15.93
  27,    5.92737E-02,   7.95826E-02,  34.26
  28,    3.80062E-02,   4.73351E-02,  24.55
  29,    2.69831E-02,   3.35999E-02,  24.52
  30,    4.16334E-02,   5.11782E-02,  22.93
  31,    3.13011E-02,   3.89932E-02,  24.57
  32,    2.56430E-02,   2.92489E-02,  14.06
  33,    2.12077E+01,   2.05565E+00,  -90.31
  34,    5.34089E+00,   7.11625E-01,  -86.68
  35,    1.90316E+00,   1.44705E-01,  -92.40
  36,    7.61439E-01,   9.95154E-02,  -86.93
  37,    1.40548E-01,   3.51263E-02,  -75.01
  38,    7.82689E-02,   2.71917E-02,  -65.26
  39,    2.08930E-01,   1.40368E-01,  -32.82
  40,    1.10353E-01,   8.65990E-02,  -21.53
  41,    5.87669E-02,   5.28335E-02,  -10.10
  42,    4.03443E-02,   3.40047E-02,  -15.71
  43,    2.84742E-02,   2.46235E-02,  -13.52
  44,    4.56410E-02,   4.46946E-02,  -2.07
  45,    3.47810E-02,   3.36057E-02,  -3.38
  46,    2.67499E-02,   2.33118E-02,  -12.85
  47,    4.41874E-02,   3.77670E-02,  -14.53
  48,    2.76329E-02,   2.35559E-02,  -14.75
  49,    2.43151E-02,   1.78155E-02,  -26.73
  50,    2.33259E+01,   3.19226E+00,  -86.31
  51,    4.91551E+00,   2.99805E-01,  -93.90
  52,    1.71542E+00,   1.21016E-01,  -92.95
  53,    7.63683E-01,   6.93277E-02,  -90.92
  54,    1.34355E-01,   2.41182E-02,  -82.05
  55,    8.57191E-02,   1.82308E-02,  -78.73
  56,    2.89493E-02,   4.37773E-02,  51.22
  57,    2.31722E-01,   6.80758E-02,  -70.62
  58,    1.18091E-01,   4.31111E-02,  -63.49
  59,    6.76859E-02,   2.47020E-02,  -63.50
  60,    4.56516E-02,   1.69981E-02,  -62.77
  61,    3.30751E-02,   1.39377E-02,  -57.86
  62,    5.05039E-02,   3.20611E-02,  -36.52
  63,    3.83803E-02,   2.48228E-02,  -35.32
  64,    2.78508E-02,   1.68442E-02,  -39.52
  65,    4.45802E-02,   2.97270E-02,  -33.32
  66,    2.72002E-02,   1.95005E-02,  -28.31
  67,    2.78031E-02,   1.52541E-02,  -45.14
  68,    3.00666E-02,   1.61029E-02,  -46.44
  69,    2.17111E-02,   1.07136E-02,  -50.65
  70,    2.51867E+01,   1.61288E+01,  -35.96
  71,    4.91285E+00,   2.45457E+00,  -50.04
  72,    1.79343E+00,   9.08834E-01,  -49.32
  73,    8.39700E-01,   4.31584E-01,  -48.60
  74,    1.49670E-01,   2.49010E-01,  66.37
  75,    1.47258E-01,   1.04075E-01,  -29.32
  76,    9.33280E-02,   6.98556E-02,  -25.15
  77,    2.58679E-01,   1.51536E-01,  -41.42
  78,    1.22031E-01,   8.27787E-02,  -32.17
  79,    7.54422E-02,   4.92274E-02,  -34.75
  80,    5.03819E-02,   3.36212E-02,  -33.27
  81,    3.87900E-02,   2.71635E-02,  -29.97
  82,    5.76154E-02,   3.85672E-02,  -33.06
  83,    4.36995E-02,   2.77807E-02,  -36.43
  84,    3.19190E-02,   1.75865E-02,  -44.90
  85,    4.86561E-02,   3.24539E-02,  -33.30
  86,    3.01298E-02,   2.19500E-02,  -27.15
  87,    2.91209E-02,   1.69409E-02,  -41.83
  88,    3.00144E-02,   1.71805E-02,  -42.76
  89,    2.13417E-02,   1.22340E-02,  -42.68
  90,    2.58147E-02,   1.47670E-02,  -42.80
  91,    1.98618E-02,   1.08927E-02,  -45.16
  92,    5.35987E+00,   4.16572E+00,  -22.28
  93,    2.08741E+00,   1.55833E+00,  -25.35
  94,    1.02678E+00,   7.41196E-01,  -27.81
  95,    1.87425E-01,   3.86520E-01,  106.23
  96,    1.72181E-01,   1.36313E-01,  -20.83
  97,    1.17447E-01,   1.02917E-01,  -12.37
  98,    2.90909E-01,   2.65483E-01,  -8.74
  99,    1.47621E-01,   1.29907E-01,  -12.00
  100,    8.99679E-02,   8.03341E-02,  -10.71
  101,    6.19399E-02,   6.08818E-02,  -1.71
  102,    4.74925E-02,   4.14143E-02,  -12.80
  103,    6.89750E-02,   5.61500E-02,  -18.59
  104,    4.92579E-02,   3.68503E-02,  -25.19
  105,    3.40743E-02,   2.42128E-02,  -28.94
  106,    5.22244E-02,   3.59902E-02,  -31.09
  107,    3.38687E-02,   2.24953E-02,  -33.58
  108,    3.23105E-02,   1.76256E-02,  -45.45
  109,    3.19228E-02,   1.91889E-02,  -39.89
  110,    2.16338E-02,   1.26796E-02,  -41.39
  111,    2.66745E-02,   1.66053E-02,  -37.75
  112,    2.14036E-02,   1.21760E-02,  -43.11
  113,    5.72150E+00,   3.26918E+00,  -42.86
  114,    2.31320E+00,   1.31088E+00,  -43.33
  115,    9.68294E-01,   6.12300E-01,  -36.77
  116,    1.86464E-01,   3.25552E-01,  74.59
  117,    1.88712E-01,   1.31651E-01,  -30.24
  118,    1.03236E-01,   8.09891E-02,  -21.55
  119,    2.96212E-01,   2.47738E-01,  -16.36
  120,    1.63627E-01,   1.27268E-01,  -22.22
  121,    1.00222E-01,   7.82845E-02,  -21.89
  122,    7.38560E-02,   5.90246E-02,  -20.08
  123,    5.39285E-02,   4.57693E-02,  -15.13
  124,    8.00984E-02,   6.87461E-02,  -14.17
  125,    5.42293E-02,   4.38031E-02,  -19.23
  126,    3.46281E-02,   2.99241E-02,  -13.58
  127,    5.20586E-02,   3.93782E-02,  -24.36
  128,    4.13181E-02,   2.86640E-02,  -30.63
  129,    3.06594E-02,   1.91499E-02,  -37.54
  130,    3.37121E-02,   1.87386E-02,  -44.42
  131,    2.32575E-02,   1.34645E-02,  -42.11
  132,    2.79093E-02,   1.72416E-02,  -38.22
  133,    2.16048E-02,   1.28394E-02,  -40.57
  134,    6.07769E+00,   3.62456E+00,  -40.36
  135,    2.01531E+00,   1.44434E+00,  -28.33
  136,    9.22482E-01,   6.85036E-01,  -25.74
  137,    2.93652E-01,   3.56841E-01,  21.52
  138,    4.42888E-01,   2.40076E-01,  -45.79
  139,    1.43564E-01,   1.40644E-01,  -2.03
  140,    9.80310E-02,   9.05095E-02,  -7.67
  141,    2.89595E-01,   2.42768E-01,  -16.17
  142,    1.62090E-01,   1.32378E-01,  -18.33
  143,    1.02372E-01,   9.13094E-02,  -10.81
  144,    7.43722E-02,   5.87749E-02,  -20.97
  145,    5.26667E-02,   4.80602E-02,  -8.75
  146,    8.48895E-02,   7.35091E-02,  -13.41
  147,    5.70213E-02,   4.37370E-02,  -23.30
  148,    3.24661E-02,   3.00932E-02,  -7.31
  149,    5.09961E-02,   4.81654E-02,  -5.55
  150,    4.73332E-02,   3.64657E-02,  -22.96
  151,    2.71496E-02,   2.21919E-02,  -18.26
  152,    3.33201E-02,   2.19279E-02,  -34.19
  153,    2.30520E-02,   1.64569E-02,  -28.61
  154,    2.80427E-02,   1.79486E-02,  -36.00
  155,    2.28094E-02,   1.37606E-02,  -39.67
  156,    5.95258E+00,   3.54472E+00,  -40.45
  157,    2.26191E+00,   1.41083E+00,  -37.63
  158,    9.77684E-01,   6.48986E-01,  -33.62
  159,    3.24570E-01,   3.97572E-01,  22.49
  160,    4.23618E-01,   2.16478E-01,  -48.90
  161,    1.53060E-01,   1.30706E-01,  -14.60
  162,    9.56131E-02,   8.29627E-02,  -13.23
  163,    2.82887E-01,   2.51718E-01,  -11.02
  164,    1.58797E-01,   1.37962E-01,  -13.12
  165,    1.07999E-01,   9.65672E-02,  -10.59
  166,    7.42793E-02,   7.16584E-02,  -3.53
  167,    5.51055E-02,   5.29073E-02,  -3.99
  168,    8.47283E-02,   6.99234E-02,  -17.47
  169,    5.42794E-02,   4.31389E-02,  -20.52
  170,    3.04051E-02,   2.97091E-02,  -2.29
  171,    5.27314E-02,   4.90073E-02,  -7.06
  172,    4.60293E-02,   3.68833E-02,  -19.87
  173,    2.79294E-02,   2.20660E-02,  -20.99
  174,    3.38499E-02,   2.56844E-02,  -24.12
  175,    2.26353E-02,   1.92638E-02,  -14.89
  176,    2.78493E-02,   2.07954E-02,  -25.33
  177,    6.10244E+00,   3.51694E+00,  -42.37
  178,    2.13197E+00,   1.35827E+00,  -36.29
  179,    9.54436E-01,   7.38032E-01,  -22.67
  180,    2.45200E-01,   3.66823E-01,  49.60
  181,    3.76698E-01,   2.05125E-01,  -45.55
  182,    1.33233E-01,   1.22362E-01,  -8.16
  183,    9.42898E-02,   8.61465E-02,  -8.64
  184,    2.82526E-01,   2.47449E-01,  -12.42
  185,    1.63757E-01,   1.50274E-01,  -8.23
  186,    1.10012E-01,   9.01043E-02,  -18.10
  187,    7.46303E-02,   7.06170E-02,  -5.38
  188,    5.90355E-02,   5.26420E-02,  -10.83
  189,    8.03295E-02,   6.97936E-02,  -13.12
  190,    4.74987E-02,   4.42500E-02,  -6.84
  191,    3.07734E-02,   2.87202E-02,  -6.67
  192,    5.14108E-02,   4.61118E-02,  -10.31
  193,    4.45487E-02,   3.55443E-02,  -20.21
  194,    2.74163E-02,   2.32226E-02,  -15.30
  195,    3.06639E-02,   2.62932E-02,  -14.25
  196,    2.23371E-02,   1.90467E-02,  -14.73
  197,    2.72825E-02,   2.35831E-02,  -13.56
  198,    6.03535E+00,   3.57343E+00,  -40.79
  199,    2.22474E+00,   1.62552E+00,  -26.93
  200,    7.89918E-01,   7.16353E-01,  -9.31
  201,    2.48124E-01,   3.63788E-01,  46.62
  202,    3.35292E-01,   2.01508E-01,  -39.90
  203,    1.32921E-01,   1.33518E-01,  0.45
  204,    8.68220E-02,   8.40052E-02,  -3.24
  205,    2.64123E-01,   2.46325E-01,  -6.74
  206,    1.65569E-01,   1.52789E-01,  -7.72
  207,    1.07036E-01,   1.05878E-01,  -1.08
  208,    7.59017E-02,   7.41412E-02,  -2.32
  209,    5.40453E-02,   5.06730E-02,  -6.24
  210,    8.10408E-02,   6.50256E-02,  -19.76
  211,    4.27062E-02,   4.12283E-02,  -3.46
  212,    3.14016E-02,   2.99677E-02,  -4.57
  213,    5.61689E-02,   5.18049E-02,  -7.77
  214,    3.83145E-02,   3.39879E-02,  -11.29
  215,    2.56840E-02,   2.24288E-02,  -12.67
  216,    2.82814E-02,   2.46943E-02,  -12.68
  217,    2.13449E-02,   1.94507E-02,  -8.87
  218,    2.72835E-02,   2.40077E-02,  -12.01
  219,    2.60792E+01,   1.32617E+01,  -49.15
  220,    5.43997E+00,   4.02125E+00,  -26.08
  221,    1.55118E+00,   1.48572E+00,  -4.22
  222,    6.28012E-01,   6.62884E-01,  5.55
  223,    2.03822E-01,   3.31835E-01,  62.81
  224,    2.36711E-01,   2.03377E-01,  -14.08
  225,    1.01014E-01,   1.19713E-01,  18.51
  226,    7.10739E-02,   8.32252E-02,  17.10
  227,    2.37972E-01,   2.71358E-01,  14.03
  228,    1.50735E-01,   1.47036E-01,  -2.45
  229,    9.68624E-02,   1.08875E-01,  12.40
  230,    7.46612E-02,   7.65704E-02,  2.56
  231,    4.77969E-02,   4.77862E-02,  -0.02
  232,    7.03605E-02,   6.21306E-02,  -11.70
  233,    3.70233E-02,   3.92807E-02,  6.10
  234,    3.44764E-02,   3.12950E-02,  -9.23
  235,    5.95121E-02,   5.18997E-02,  -12.79
  236,    3.17637E-02,   3.07662E-02,  -3.14
  237,    2.44197E-02,   2.15526E-02,  -11.74
  238,    2.69293E-02,   2.63998E-02,  -1.97
  239,    1.95159E-02,   1.98330E-02,  1.62
  240,    2.63180E-02,   2.40700E-02,  -8.54
  241,    6.07736E+00,   3.75814E+00,  -38.16
  242,    1.93509E+00,   1.37117E+00,  -29.14
  243,    6.86918E-01,   6.01529E-01,  -12.43
  244,    2.31855E-01,   3.30448E-01,  42.52
  245,    2.85318E-01,   1.77953E-01,  -37.63
  246,    1.19573E-01,   1.15289E-01,  -3.58
  247,    8.72093E-02,   9.41074E-02,  7.91
  248,    2.50916E-01,   2.59802E-01,  3.54
  249,    1.50949E-01,   1.65318E-01,  9.52
  250,    9.97042E-02,   1.09042E-01,  9.37
  251,    6.79016E-02,   7.00398E-02,  3.15
  252,    4.91152E-02,   4.40214E-02,  -10.37
  253,    6.06553E-02,   5.90842E-02,  -2.59
  254,    3.72737E-02,   3.54395E-02,  -4.92
  255,    3.47560E-02,   3.09191E-02,  -11.04
  256,    5.53386E-02,   4.96649E-02,  -10.25
  257,    3.16469E-02,   2.86550E-02,  -9.45
  258,    2.13461E-02,   2.06406E-02,  -3.31
  259,    2.57171E-02,   2.57797E-02,  0.24
  260,    1.88288E-02,   1.90607E-02,  1.23
  261,    2.46788E-02,   2.43236E-02,  -1.44
  262,    1.83269E+00,   1.23156E+00,  -32.80
  263,    6.79957E-01,   5.88489E-01,  -13.45
  264,    1.85478E-01,   2.78124E-01,  49.95
  265,    3.07694E-01,   1.62857E-01,  -47.07
  266,    1.19004E-01,   1.23510E-01,  3.79
  267,    8.97034E-02,   6.61394E-02,  -26.27
  268,    2.70660E-01,   2.30534E-01,  -14.83
  269,    1.57234E-01,   1.59174E-01,  1.23
  270,    1.12358E-01,   1.04903E-01,  -6.64
  271,    6.80839E-02,   6.13409E-02,  -9.90
  272,    4.72548E-02,   3.87369E-02,  -18.03
  273,    5.29234E-02,   5.14562E-02,  -2.77
  274,    3.74505E-02,   3.49597E-02,  -6.65
  275,    3.42883E-02,   2.85065E-02,  -16.86
  276,    5.42960E-02,   4.55870E-02,  -16.04
  277,    3.08836E-02,   2.83490E-02,  -8.21
  278,    1.97530E-02,   1.85649E-02,  -6.01
  279,    2.42351E-02,   2.42953E-02,  0.25
  280,    1.85181E-02,   1.80431E-02,  -2.57
  281,    2.43974E-02,   2.31330E-02,  -5.18
  282,    2.09371E+00,   1.50913E+00,  -27.92
  283,    7.79404E-01,   6.10036E-01,  -21.73
  284,    1.91602E-01,   3.09087E-01,  61.32
  285,    3.78759E-01,   2.11197E-01,  -44.24
  286,    1.48487E-01,   1.05949E-01,  -28.65
  287,    9.99060E-02,   9.47872E-02,  -5.12
  288,    2.88083E-01,   2.79720E-01,  -2.90
  289,    1.73485E-01,   1.70965E-01,  -1.45
  290,    1.09826E-01,   1.02088E-01,  -7.05
  291,    7.46354E-02,   5.98959E-02,  -19.75
  292,    4.36110E-02,   3.54114E-02,  -18.80
  293,    5.13951E-02,   4.84431E-02,  -5.74
  294,    4.50839E-02,   3.63847E-02,  -19.30
  295,    2.97197E-02,   2.46306E-02,  -17.12
  296,    4.69384E-02,   4.06772E-02,  -13.34
  297,    2.95880E-02,   2.52295E-02,  -14.73
  298,    1.92295E-02,   1.84675E-02,  -3.96
  299,    2.35129E-02,   2.27603E-02,  -3.20
  300,    1.79449E-02,   1.75742E-02,  -2.07
  301,    1.95633E+00,   1.30992E+00,  -33.04
  302,    7.22030E-01,   5.61305E-01,  -22.26
  303,    2.45501E-01,   3.30433E-01,  34.60
  304,    3.14589E-01,   1.51091E-01,  -51.97
  305,    1.32839E-01,   1.28588E-01,  -3.20
  306,    9.12254E-02,   9.78348E-02,  7.25
  307,    2.81530E-01,   2.97773E-01,  5.77
  308,    1.84205E-01,   1.81270E-01,  -1.59
  309,    1.01430E-01,   9.82902E-02,  -3.10
  310,    6.69656E-02,   5.76519E-02,  -13.91
  311,    3.76459E-02,   3.64626E-02,  -3.14
  312,    5.08173E-02,   4.33496E-02,  -14.70
  313,    4.43708E-02,   3.60348E-02,  -18.79
  314,    2.39373E-02,   2.19763E-02,  -8.19
  315,    3.91844E-02,   3.59496E-02,  -8.26
  316,    2.76876E-02,   2.34363E-02,  -15.35
  317,    1.84457E-02,   1.74406E-02,  -5.45
  318,    2.23618E-02,   2.15911E-02,  -3.45
  319,    1.70212E-02,   1.66791E-02,  -2.01
  320,    2.45714E+00,   1.20661E+00,  -50.89
  321,    9.03480E-01,   5.96497E-01,  -33.98
  322,    1.82202E-01,   2.38720E-01,  31.02
  323,    1.66081E-01,   1.38501E-01,  -16.61
  324,    1.09426E-01,   9.72892E-02,  -11.09
  325,    3.16558E-01,   3.05880E-01,  -3.37
  326,    1.79875E-01,   1.68641E-01,  -6.25
  327,    1.09995E-01,   9.20728E-02,  -16.29
  328,    5.94460E-02,   4.99993E-02,  -15.89
  329,    3.31911E-02,   3.15546E-02,  -4.93
  330,    5.25062E-02,   4.61968E-02,  -12.02
  331,    4.42747E-02,   3.59832E-02,  -18.73
  332,    2.24154E-02,   2.05457E-02,  -8.34
  333,    3.92747E-02,   3.32646E-02,  -15.30
  334,    2.48500E-02,   2.21367E-02,  -10.92
  335,    1.74309E-02,   1.64561E-02,  -5.59
  336,    2.08296E-02,   2.02723E-02,  -2.68
  337,    1.74077E-02,   1.56047E-02,  -10.36
  338,    2.15001E+00,   1.20916E+00,  -43.76
  339,    9.91793E-01,   3.99695E-01,  -59.70
  340,    1.39811E-01,   2.81492E-01,  101.34
  341,    1.61607E-01,   1.31149E-01,  -18.85
  342,    1.27958E-01,   1.03665E-01,  -18.99
  343,    3.73491E-01,   3.08574E-01,  -17.38
  344,    1.82501E-01,   1.54636E-01,  -15.27
  345,    1.07117E-01,   8.44585E-02,  -21.15
  346,    5.49832E-02,   4.86569E-02,  -11.51
  347,    3.14264E-02,   2.63495E-02,  -16.15
  348,    5.80390E-02,   4.77113E-02,  -17.79
  349,    3.50537E-02,   3.08362E-02,  -12.03
  350,    2.26806E-02,   1.95856E-02,  -13.65
  351,    3.84461E-02,   3.37576E-02,  -12.19
  352,    2.28213E-02,   2.03082E-02,  -11.01
  353,    1.63110E-02,   1.53872E-02,  -5.66
  354,    2.02806E-02,   1.90145E-02,  -6.24
  355,    6.32291E+00,   3.94564E+00,  -37.60
  356,    2.42941E+00,   9.16662E-01,  -62.27
  357,    9.34296E-01,   5.38593E-01,  -42.35
  358,    2.53052E-01,   3.34935E-01,  32.36
  359,    4.70146E-01,   2.12906E-01,  -54.71
  360,    2.05146E-01,   1.61139E-01,  -21.45
  361,    1.38997E-01,   1.06096E-01,  -23.67
  362,    3.64430E-01,   3.01291E-01,  -17.33
  363,    1.98949E-01,   1.52003E-01,  -23.60
  364,    9.42916E-02,   7.59480E-02,  -19.45
  365,    4.87184E-02,   4.40800E-02,  -9.52
  366,    3.58201E-02,   2.97115E-02,  -17.05
  367,    6.18732E-02,   4.98565E-02,  -19.42
  368,    3.14527E-02,   2.88298E-02,  -8.34
  369,    2.36043E-02,   1.99949E-02,  -15.29
  370,    3.66439E-02,   3.06039E-02,  -16.48
  371,    2.19586E-02,   2.05872E-02,  -6.25
  372,    1.62634E-02,   1.51046E-02,  -7.13
  373,    2.03385E-02,   1.85896E-02,  -8.60
  374,    2.14589E+00,   1.13430E+00,  -47.14
  375,    8.45372E-01,   6.08375E-01,  -28.03
  376,    2.44612E-01,   3.51811E-01,  43.82
  377,    1.99963E-01,   1.56941E-01,  -21.52
  378,    1.13386E-01,   1.05493E-01,  -6.96
  379,    3.50445E-01,   2.99425E-01,  -14.56
  380,    1.83315E-01,   1.49824E-01,  -18.27
  381,    8.18915E-02,   7.74873E-02,  -5.38
  382,    4.43376E-02,   3.86908E-02,  -12.74
  383,    3.74022E-02,   3.17271E-02,  -15.17
  384,    6.16918E-02,   5.09641E-02,  -17.39
  385,    2.91736E-02,   2.73084E-02,  -6.39
  386,    2.26963E-02,   1.85626E-02,  -18.21
  387,    3.60432E-02,   2.97418E-02,  -17.48
  388,    2.23686E-02,   2.03824E-02,  -8.88
  389,    1.57647E-02,   1.47288E-02,  -6.57
  390,    1.92219E-02,   1.80514E-02,  -6.09
  391,    1.99952E+00,   1.39021E+00,  -30.47
  392,    8.46089E-01,   7.06717E-01,  -16.47
  393,    3.85740E-01,   4.61543E-01,  19.65
  394,    1.78218E-01,   1.75291E-01,  -1.64
  395,    1.34689E-01,   1.11981E-01,  -16.86
  396,    3.74887E-01,   3.16319E-01,  -15.62
  397,    1.54621E-01,   1.41275E-01,  -8.63
  398,    7.03302E-02,   7.29741E-02,  3.76
  399,    4.76763E-02,   4.54128E-02,  -4.75
  400,    3.89113E-02,   3.67408E-02,  -5.58
  401,    5.12519E-02,   4.87695E-02,  -4.84
  402,    3.10974E-02,   2.87563E-02,  -7.53
  403,    1.97023E-02,   1.86940E-02,  -5.12
  404,    3.20080E-02,   2.99450E-02,  -6.45
  405,    2.10656E-02,   2.05201E-02,  -2.59
  406,    1.54380E-02,   1.46401E-02,  -5.17
  407,    1.94699E-02,   1.82267E-02,  -6.39
  408,    6.11714E+00,   3.96131E+00,  -35.24
  409,    1.96900E+00,   1.70231E+00,  -13.54
  410,    1.11223E+00,   9.93601E-01,  -10.67
  411,    4.54019E-01,   5.49091E-01,  20.94
  412,    4.47306E-01,   3.35499E-01,  -25.00
  413,    2.22446E-01,   2.07028E-01,  -6.93
  414,    1.42246E-01,   1.47716E-01,  3.85
  415,    3.65735E-01,   3.67933E-01,  0.60
  416,    1.39970E-01,   1.65353E-01,  18.13
  417,    6.62039E-02,   7.36242E-02,  11.21
  418,    5.30261E-02,   5.69270E-02,  7.36
  419,    4.62791E-02,   4.74631E-02,  2.56
  420,    4.34874E-02,   5.17520E-02,  19.00
  421,    3.12419E-02,   3.28839E-02,  5.26
  422,    1.85895E-02,   1.88613E-02,  1.46
  423,    3.09585E-02,   3.10884E-02,  0.42
  424,    2.11322E-02,   2.17365E-02,  2.86
  425,    1.56539E-02,   1.58182E-02,  1.05
  426,    2.06630E-02,   1.92301E-02,  -6.93
  427,    5.59096E+00,   2.86781E+00,  -48.71
  428,    2.54020E+00,   1.38453E+00,  -45.50
  429,    1.17197E+00,   6.84471E-01,  -41.60
  430,    3.70809E-01,   3.90582E-01,  5.33
  431,    2.29461E-01,   1.59430E-01,  -30.52
  432,    1.23286E-01,   9.22745E-02,  -25.15
  433,    3.23268E-01,   2.97298E-01,  -8.03
  434,    1.25831E-01,   1.36482E-01,  8.46
  435,    7.66221E-02,   7.78136E-02,  1.56
  436,    5.95566E-02,   6.04324E-02,  1.47
  437,    3.93403E-02,   4.24144E-02,  7.81
  438,    4.23110E-02,   4.86586E-02,  15.00
  439,    3.11593E-02,   3.04200E-02,  -2.37
  440,    1.91772E-02,   2.09852E-02,  9.43
  441,    3.08001E-02,   3.22028E-02,  4.55
  442,    2.13899E-02,   2.18145E-02,  1.99
  443,    1.53893E-02,   1.56763E-02,  1.87
  444,    1.10216E+00,   7.28201E-01,  -33.93
  445,    3.55291E-01,   4.04361E-01,  13.81
  446,    2.01173E-01,   1.50314E-01,  -25.28
  447,    1.09193E-01,   9.29348E-02,  -14.89
  448,    2.85219E-01,   2.64945E-01,  -7.11
  449,    1.14398E-01,   1.06118E-01,  -7.24
  450,    8.33429E-02,   7.74790E-02,  -7.04
  451,    6.73928E-02,   6.24955E-02,  -7.27
  452,    3.10131E-02,   3.59249E-02,  15.84
  453,    4.63897E-02,   5.02950E-02,  8.42
  454,    2.79575E-02,   3.02376E-02,  8.16
  455,    1.93758E-02,   2.13680E-02,  10.28
  456,    3.14156E-02,   3.35765E-02,  6.88
  457,    2.10809E-02,   2.24529E-02,  6.51
  458,    1.58374E-02,   1.65448E-02,  4.47
  459,    2.59148E+00,   1.35203E+00,  -47.83
  460,    2.69711E-01,   4.16717E-01,  54.50
  461,    1.79430E-01,   1.31764E-01,  -26.57
  462,    9.71550E-02,   9.30334E-02,  -4.24
  463,    2.52782E-01,   2.39777E-01,  -5.14
  464,    1.31542E-01,   1.23710E-01,  -5.95
  465,    9.25395E-02,   9.17318E-02,  -0.87
  466,    5.65087E-02,   6.24744E-02,  10.56
  467,    3.04459E-02,   3.68518E-02,  21.04
  468,    4.72243E-02,   4.93259E-02,  4.45
  469,    2.64648E-02,   2.63633E-02,  -0.38
  470,    1.95223E-02,   2.02334E-02,  3.64
  471,    3.12206E-02,   3.39899E-02,  8.87
  472,    2.13894E-02,   2.25399E-02,  5.38
  473,    1.68177E-02,   1.70743E-02,  1.53
  474,    6.58037E+00,   2.99562E+00,  -54.48
  475,    1.32024E+00,   6.70054E-01,  -49.25
  476,    2.97713E-01,   3.34502E-01,  12.36
  477,    1.39096E-01,   1.24705E-01,  -10.35
  478,    7.57013E-02,   5.73528E-02,  -24.24
  479,    2.18441E-01,   1.86250E-01,  -14.74
  480,    1.42850E-01,   1.26220E-01,  -11.64
  481,    1.04678E-01,   9.78712E-02,  -6.50
  482,    4.50503E-02,   5.44899E-02,  20.95
  483,    3.05649E-02,   3.59359E-02,  17.57
  484,    4.68946E-02,   4.70461E-02,  0.32
  485,    2.70807E-02,   3.03479E-02,  12.06
  486,    1.89779E-02,   1.98659E-02,  4.68
  487,    3.05025E-02,   3.15152E-02,  3.32
  488,    2.15553E-02,   2.14175E-02,  -0.64
  489,    1.75997E-02,   1.61717E-02,  -8.11
  490,    1.13693E+00,   6.53168E-01,  -42.55
  491,    2.05482E-01,   3.32815E-01,  61.97
  492,    1.19034E-01,   9.00307E-02,  -24.37
  493,    7.44040E-02,   6.98547E-02,  -6.11
  494,    2.40615E-01,   2.11087E-01,  -12.27
  495,    1.56809E-01,   1.46453E-01,  -6.60
  496,    8.71872E-02,   9.60525E-02,  10.17
  497,    4.46907E-02,   5.44207E-02,  21.77
  498,    3.42368E-02,   3.55177E-02,  3.74
  499,    4.33740E-02,   4.66100E-02,  7.46
  500,    2.79442E-02,   3.08406E-02,  10.36
  501,    1.95538E-02,   2.10225E-02,  7.51
  502,    3.21501E-02,   3.37347E-02,  4.93
  503,    2.18782E-02,   2.26002E-02,  3.30
  504,    1.00591E+00,   5.71671E-01,  -43.17
  505,    1.33652E-01,   3.19695E-01,  139.20
  506,    1.16760E-01,   9.28045E-02,  -20.52
  507,    1.05913E-01,   7.18009E-02,  -32.21
  508,    2.82124E-01,   2.26345E-01,  -19.77
  509,    1.88030E-01,   1.65740E-01,  -11.85
  510,    7.33085E-02,   8.86930E-02,  20.99
  511,    4.74624E-02,   5.59467E-02,  17.88
  512,    3.83079E-02,   3.92114E-02,  2.36
  513,    4.16925E-02,   4.20269E-02,  0.80
  514,    2.93357E-02,   3.03392E-02,  3.42
  515,    2.03250E-02,   2.11080E-02,  3.85
  516,    3.25848E-02,   3.36193E-02,  3.17
  517,    2.32618E-02,   2.30699E-02,  -0.82
  518,    5.57527E+00,   3.32411E+00,  -40.38
  519,    1.77954E+00,   1.18129E+00,  -33.62
  520,    6.51715E-01,   5.66492E-01,  -13.08
  521,    1.22119E-01,   1.99472E-01,  63.34
  522,    2.99050E-01,   1.30025E-01,  -56.52
  523,    1.29912E-01,   9.47750E-02,  -27.05
  524,    7.71218E-02,   6.97777E-02,  -9.52
  525,    2.81795E-01,   2.41414E-01,  -14.33
  526,    1.40823E-01,   1.50820E-01,  7.10
  527,    6.60604E-02,   8.17883E-02,  23.81
  528,    4.80322E-02,   5.10327E-02,  6.25
  529,    3.00191E-02,   3.36578E-02,  12.12
  530,    4.15528E-02,   4.74917E-02,  14.29
  531,    2.76315E-02,   2.91127E-02,  5.36
  532,    2.04332E-02,   2.07095E-02,  1.35
  533,    3.21279E-02,   3.28167E-02,  2.14
  534,    2.37388E-02,   2.31872E-02,  -2.32
  535,    5.21130E+00,   3.21889E+00,  -38.23
  536,    1.56605E+00,   1.19507E+00,  -23.69
  537,    5.72462E-01,   3.52116E-01,  -38.49
  538,    1.76971E-01,   1.91001E-01,  7.93
  539,    3.34841E-01,   1.24975E-01,  -62.68
  540,    1.32818E-01,   8.66651E-02,  -34.75
  541,    1.26665E-01,   7.78387E-02,  -38.55
  542,    3.23660E-01,   2.48017E-01,  -23.37
  543,    1.12088E-01,   1.26145E-01,  12.54
  544,    6.67424E-02,   7.58389E-02,  13.63
  545,    5.08003E-02,   5.07252E-02,  -0.15
  546,    2.72923E-02,   2.59822E-02,  -4.80
  547,    4.16490E-02,   4.43135E-02,  6.40
  548,    2.77499E-02,   2.83488E-02,  2.16
  549,    2.03417E-02,   1.90733E-02,  -6.24
  550,    3.29427E-02,   3.16716E-02,  -3.86
  551,    2.57314E-02,   2.24554E-02,  -12.73
  552,    2.38875E+01,   1.67535E+01,  -29.87
  553,    4.41358E+00,   3.84207E+00,  -12.95
  554,    1.29953E+00,   9.00021E-01,  -30.74
  555,    5.60187E-01,   3.94447E-01,  -29.59
  556,    3.87876E-01,   2.18262E-01,  -43.73
  557,    2.58467E-01,   1.37388E-01,  -46.84
  558,    2.11006E-01,   1.16440E-01,  -44.82
  559,    1.19297E-01,   8.24067E-02,  -30.92
  560,    2.93383E-01,   2.36299E-01,  -19.46
  561,    1.22231E-01,   1.20214E-01,  -1.65
  562,    8.06615E-02,   7.08852E-02,  -12.12
  563,    4.70720E-02,   4.46199E-02,  -5.21
  564,    3.13164E-02,   2.95070E-02,  -5.78
  565,    4.31678E-02,   4.24369E-02,  -1.69
  566,    2.89400E-02,   2.77710E-02,  -4.04
  567,    1.97790E-02,   1.86188E-02,  -5.87
  568,    3.36847E-02,   3.08960E-02,  -8.28
  569,    1.67942E+01,   1.82488E+01,  8.66
  570,    3.07161E+00,   2.59754E+00,  -15.43
  571,    1.08454E+00,   8.50925E-01,  -21.54
  572,    7.31747E-01,   3.90134E-01,  -46.68
  573,    3.66913E-01,   2.13942E-01,  -41.69
  574,    3.27837E-01,   1.66898E-01,  -49.09
  575,    1.69613E-01,   1.12931E-01,  -33.42
  576,    8.09325E-02,   7.56156E-02,  -6.57
  577,    2.31591E-01,   2.19713E-01,  -5.13
  578,    1.24665E-01,   1.22394E-01,  -1.82
  579,    8.57160E-02,   7.65440E-02,  -10.70
  580,    4.33129E-02,   3.72410E-02,  -14.02
  581,    3.19547E-02,   3.17577E-02,  -0.62
  582,    4.37952E-02,   3.93638E-02,  -10.12
  583,    3.06382E-02,   2.63393E-02,  -14.03
  584,    2.15092E-02,   1.83870E-02,  -14.52
  585,    3.42349E-02,   3.05357E-02,  -10.81
  586,    9.89550E+00,   1.14809E+01,  16.02
  587,    2.38184E+00,   2.47820E+00,  4.05
  588,    1.39654E+00,   8.48130E-01,  -39.27
  589,    6.61919E-01,   3.99157E-01,  -39.70
  590,    5.03590E-01,   2.78408E-01,  -44.72
  591,    2.93625E-01,   1.77836E-01,  -39.43
  592,    1.16914E-01,   1.14710E-01,  -1.89
  593,    7.23241E-02,   7.26531E-02,  0.45
  594,    2.19162E-01,   2.19920E-01,  0.35
  595,    1.30039E-01,   1.19538E-01,  -8.08
  596,    6.85258E-02,   7.06362E-02,  3.08
  597,    4.31907E-02,   4.43153E-02,  2.60
  598,    2.99446E-02,   3.10238E-02,  3.60
  599,    4.31238E-02,   4.21346E-02,  -2.29
  600,    2.98551E-02,   2.65164E-02,  -11.18
  601,    2.25431E-02,   1.93594E-02,  -14.12
  602,    3.65465E-02,   3.09935E-02,  -15.19
  603,    7.08428E+00,   1.11361E+01,  57.19
  604,    2.89216E+00,   2.41647E+00,  -16.45
  605,    1.21571E+00,   8.36493E-01,  -31.19
  606,    8.93043E-01,   5.02244E-01,  -43.76
  607,    2.57100E-01,   2.94387E-01,  14.50
  608,    3.13606E-01,   1.80617E-01,  -42.41
  609,    1.00731E-01,   1.10573E-01,  9.77
  610,    7.36282E-02,   8.57371E-02,  16.45
  611,    2.12331E-01,   2.40309E-01,  13.18
  612,    1.30740E-01,   1.38769E-01,  6.14
  613,    6.02286E-02,   6.37339E-02,  5.82
  614,    4.17568E-02,   5.20555E-02,  24.66
  615,    2.89149E-02,   3.13568E-02,  8.44
  616,    4.07218E-02,   4.48406E-02,  10.11
  617,    2.70620E-02,   2.80095E-02,  3.50
  618,    2.15469E-02,   2.07008E-02,  -3.93
  619,    3.70290E-02,   3.25941E-02,  -11.98
  620,    8.79268E+00,   7.36819E+00,  -16.20
  621,    2.54118E+00,   1.74107E+00,  -31.49
  622,    1.74784E+00,   7.00895E-01,  -59.90
  623,    6.85082E-01,   3.51440E-01,  -48.70
  624,    9.80398E-02,   1.94483E-01,  98.37
  625,    3.19806E-01,   1.11851E-01,  -65.03
  626,    1.07180E-01,   8.27996E-02,  -22.75
  627,    6.78824E-02,   5.33871E-02,  -21.35
  628,    2.20046E-01,   1.92727E-01,  -12.42
  629,    1.04101E-01,   1.06802E-01,  2.59
  630,    5.97977E-02,   6.37832E-02,  6.66
  631,    3.92570E-02,   4.30448E-02,  9.65
  632,    2.71704E-02,   2.87597E-02,  5.85
  633,    4.00146E-02,   4.06934E-02,  1.70
  634,    2.61179E-02,   2.66343E-02,  1.98
  635,    2.11287E-02,   1.91463E-02,  -9.38
  636,    8.51856E+00,   8.03737E+00,  -5.65
  637,    3.76990E+00,   2.13864E+00,  -43.27
  638,    1.38552E+00,   7.80963E-01,  -43.63
  639,    4.72214E-01,   3.75849E-01,  -20.41
  640,    3.79685E-01,   1.35811E-01,  -64.23
  641,    1.03746E-01,   8.34064E-02,  -19.61
  642,    8.84052E-02,   5.87680E-02,  -33.52
  643,    6.38813E-02,   1.95941E-01,  206.73
  644,    2.34054E-01,   1.81479E-01,  -22.46
  645,    9.64497E-02,   7.75321E-02,  -19.61
  646,    6.11518E-02,   6.03540E-02,  -1.30
  647,    3.98833E-02,   3.48720E-02,  -12.56
  648,    2.58941E-02,   2.58818E-02,  -0.05
  649,    3.89861E-02,   3.78236E-02,  -2.98
  650,    2.69907E-02,   2.60934E-02,  -3.32
  651,    1.67956E+01,   9.80215E+00,  -41.64
  652,    3.93603E+00,   2.21379E+00,  -43.76
  653,    1.17817E+00,   7.97006E-01,  -32.35
  654,    5.67485E-01,   3.60820E-01,  -36.42
  655,    2.37236E-01,   2.24422E-01,  -5.40
  656,    3.31717E-01,   1.28102E-01,  -61.38
  657,    1.69616E-01,   8.55489E-02,  -49.56
  658,    9.37500E-02,   6.97298E-02,  -25.62
  659,    2.30507E-01,   1.74152E-01,  -24.45
  660,    1.20047E-01,   9.60763E-02,  -19.97
  661,    7.20498E-02,   6.14779E-02,  -14.67
  662,    4.71842E-02,   3.91347E-02,  -17.06
  663,    3.35480E-02,   2.71692E-02,  -19.01
  664,    4.16027E-02,   3.52177E-02,  -15.35
  665,    3.09103E-02,   2.46897E-02,  -20.12
  666,    1.11676E+01,   9.97790E+00,  -10.65
  667,    2.19845E+00,   2.28666E+00,  4.01
  668,    9.13035E-01,   7.86328E-01,  -13.88
  669,    5.31806E-01,   4.23586E-01,  -20.35
  670,    2.15799E-01,   2.15933E-01,  0.06
  671,    2.88455E-01,   1.33378E-01,  -53.76
  672,    1.14386E-01,   1.03002E-01,  -9.95
  673,    6.52320E-02,   4.49512E-02,  -31.09
  674,    2.13195E-01,   1.48013E-01,  -30.57
  675,    1.23952E-01,   1.07351E-01,  -13.39
  676,    7.43755E-02,   5.84412E-02,  -21.42
  677,    4.60745E-02,   4.12784E-02,  -10.41
  678,    3.48140E-02,   2.68981E-02,  -22.74
  679,    4.40071E-02,   3.75527E-02,  -14.67
  680,    3.26938E-02,   2.55678E-02,  -21.80
  681,    1.45624E+01,   1.21445E+01,  -16.60
  682,    3.87921E+00,   2.61029E+00,  -32.71
  683,    2.00283E+00,   1.09026E+00,  -45.56
  684,    9.35157E-01,   4.83963E-01,  -48.25
  685,    4.28887E-01,   2.69565E-01,  -37.15
  686,    1.69178E-01,   8.15717E-02,  -51.78
  687,    1.22778E-01,   7.32730E-02,  -40.32
  688,    2.95345E-01,   2.06733E-01,  -30.00
  689,    1.60030E-01,   1.22682E-01,  -23.34
  690,    9.53733E-02,   7.28934E-02,  -23.57
  691,    6.40765E-02,   4.79124E-02,  -25.23
  692,    3.95353E-02,   3.07793E-02,  -22.15
  693,    5.81647E-02,   4.32273E-02,  -25.68
  694,    1.31056E+01,   1.07426E+01,  -18.03
  695,    4.77626E+00,   2.91137E+00,  -39.04
  696,    2.07477E+00,   9.88039E-01,  -52.38
  697,    1.30047E+00,   4.73414E-01,  -63.60
  698,    2.83145E-01,   3.09407E-01,  9.28
  699,    2.04505E-01,   1.05872E-01,  -48.23
  700,    1.40413E-01,   8.20967E-02,  -41.53
  701,    3.94026E-01,   2.52745E-01,  -35.86
  702,    2.13369E-01,   1.27931E-01,  -40.04
  703,    1.18608E-01,   8.50019E-02,  -28.33
  704,    8.40657E-02,   5.24259E-02,  -37.64
  705,    5.06893E-02,   3.53834E-02,  -30.20
  706,    6.94621E-02,   4.83009E-02,  -30.46
  707,    1.21473E+01,   1.26439E+01,  4.09
  708,    3.39929E+00,   2.71392E+00,  -20.16
  709,    1.98238E+00,   9.55402E-01,  -51.81
  710,    7.77106E-01,   5.34818E-01,  -31.18
  711,    1.71175E-01,   1.92775E-01,  12.62
  712,    4.39087E-01,   1.58905E-01,  -63.81
  713,    1.62261E-01,   1.19422E-01,  -26.40
  714,    1.13441E-01,   9.26591E-02,  -18.32
  715,    3.60388E-01,   2.54584E-01,  -29.36
  716,    1.96316E-01,   1.41292E-01,  -28.03
  717,    1.20394E-01,   8.80492E-02,  -26.87
  718,    6.97173E-02,   5.35795E-02,  -23.15
  719,    5.05887E-02,   3.78222E-02,  -25.24
  720,    7.48064E-02,   5.26743E-02,  -29.59
  721,    9.51800E+00,   1.22273E+01,  28.46
  722,    3.52661E+00,   2.56195E+00,  -27.35
  723,    1.25238E+00,   1.01602E+00,  -18.87
  724,    5.38351E-01,   3.11493E-01,  -42.14
  725,    1.75711E-01,   2.35693E-01,  34.14
  726,    3.80979E-01,   1.69215E-01,  -55.58
  727,    1.47120E-01,   1.27463E-01,  -13.36
  728,    9.73818E-02,   7.58381E-02,  -22.12
  729,    3.10154E-01,   2.37204E-01,  -23.52
  730,    1.59645E-01,   1.48376E-01,  -7.06
  731,    1.04328E-01,   8.69785E-02,  -16.63
  732,    5.94718E-02,   5.57845E-02,  -6.20
  733,    4.46862E-02,   3.99582E-02,  -10.58
  734,    1.07297E+01,   1.47510E+01,  37.48
  735,    2.60551E+00,   3.20103E+00,  22.86
  736,    9.77850E-01,   7.12726E-01,  -27.11
  737,    5.65629E-01,   4.61091E-01,  -18.48
  738,    2.41966E-01,   3.06995E-01,  26.88
  739,    3.24049E-01,   2.20811E-01,  -31.86
  740,    1.42596E-01,   1.27494E-01,  -10.59
  741,    1.08078E-01,   9.81626E-02,  -9.17
  742,    3.00082E-01,   2.81164E-01,  -6.30
  743,    1.71920E-01,   1.65827E-01,  -3.54
  744,    9.15940E-02,   9.59914E-02,  4.80
  745,    6.33555E-02,   6.48535E-02,  2.36
  746,    4.34306E-02,   4.63562E-02,  6.74
  747,    7.77629E+00,   1.63955E+01,  110.84
  748,    1.92329E+00,   1.87436E+00,  -2.54
  749,    9.67088E-01,   8.64899E-01,  -10.57
  750,    5.37815E-01,   4.98918E-01,  -7.23
  751,    2.54371E-01,   3.32419E-01,  30.68
  752,    2.74375E-01,   1.82929E-01,  -33.33
  753,    1.47296E-01,   1.36173E-01,  -7.55
  754,    9.00716E-02,   1.03053E-01,  14.41
  755,    2.80558E-01,   3.14715E-01,  12.17
  756,    1.71164E-01,   1.74903E-01,  2.18
  757,    9.03551E-02,   1.06953E-01,  18.37
  758,    6.50338E-02,   7.37971E-02,  13.47
  759,    4.61509E-02,   5.04321E-02,  9.28
  760,    8.37240E+00,   8.77472E+00,  4.81
  761,    2.79498E+00,   2.24884E+00,  -19.54
  762,    1.36425E+00,   1.00937E+00,  -26.01
  763,    7.50799E-01,   5.85567E-01,  -22.01
  764,    2.91485E-01,   2.99819E-01,  2.86
  765,    4.50793E-01,   2.12280E-01,  -52.91
  766,    1.78233E-01,   1.55428E-01,  -12.79
  767,    1.34518E-01,   1.14013E-01,  -15.24
  768,    3.70616E-01,   3.30789E-01,  -10.75
  769,    1.83500E-01,   1.80732E-01,  -1.51
  770,    1.16698E-01,   1.16582E-01,  -0.10
  771,    7.58889E-02,   8.05390E-02,  6.13
  772,    7.66502E+00,   9.41534E+00,  22.84
  773,    2.48971E+00,   2.63075E+00,  5.66
  774,    1.20641E+00,   1.26370E+00,  4.75
  775,    6.49498E-01,   5.72061E-01,  -11.92
  776,    3.01735E-01,   3.79334E-01,  25.72
  777,    3.60084E-01,   2.65832E-01,  -26.18
  778,    1.74358E-01,   1.89504E-01,  8.69
  779,    1.37061E-01,   1.34097E-01,  -2.16
  780,    4.00333E-01,   3.71467E-01,  -7.21
  781,    1.95263E-01,   2.13511E-01,  9.35
  782,    1.29372E-01,   1.40775E-01,  8.81
  783,    8.68967E-02,   9.30912E-02,  7.13
  784,    5.70547E+00,   5.19828E+00,  -8.89
  785,    1.90659E+00,   1.77941E+00,  -6.67
  786,    9.01092E-01,   6.48366E-01,  -28.05
  787,    5.43620E-01,   3.78952E-01,  -30.29
  788,    2.11083E-01,   2.47567E-01,  17.28
  789,    2.80896E-01,   1.68705E-01,  -39.94
  790,    1.56031E-01,   1.15742E-01,  -25.82
  791,    9.48318E-02,   8.01839E-02,  -15.45
  792,    3.02120E-01,   3.07883E-01,  1.91
  793,    1.80510E-01,   1.88037E-01,  4.17
  794,    1.08508E-01,   1.25011E-01,  15.21
  795,    5.52423E+00,   7.21823E+00,  30.66
  796,    1.79776E+00,   1.62994E+00,  -9.33
  797,    9.50088E-01,   7.84014E-01,  -17.48
  798,    4.61608E-01,   4.55688E-01,  -1.28
  799,    2.34349E-01,   2.92992E-01,  25.02
  800,    3.02701E-01,   1.93126E-01,  -36.20
  801,    1.34365E-01,   1.29818E-01,  -3.38
  802,    8.82631E-02,   9.44994E-02,  7.07
  803,    2.71833E-01,   2.73472E-01,  0.60
  804,    1.69750E-01,   1.70302E-01,  0.33
  805,    1.05725E-01,   1.08282E-01,  2.42
  806,    5.70785E+00,   5.72237E+00,  0.25
  807,    1.97931E+00,   1.70264E+00,  -13.98
  808,    8.23320E-01,   8.26022E-01,  0.33
  809,    5.05127E-01,   4.71585E-01,  -6.64
  810,    2.71757E-01,   2.93283E-01,  7.92
  811,    2.84022E-01,   1.88524E-01,  -33.62
  812,    1.27322E-01,   1.32893E-01,  4.38
  813,    9.79994E-02,   9.94788E-02,  1.51
  814,    3.00939E-01,   3.05078E-01,  1.38
  815,    1.70370E-01,   1.91715E-01,  12.53
  816,    6.07137E+00,   5.82002E+00,  -4.14
  817,    1.60104E+00,   1.76468E+00,  10.22
  818,    8.54563E-01,   8.52845E-01,  -0.20
  819,    5.53855E-01,   4.72542E-01,  -14.68
  820,    2.32038E-01,   2.85511E-01,  23.04
  821,    2.47654E-01,   1.92312E-01,  -22.35
  822,    1.35813E-01,   1.39398E-01,  2.64
  823,    1.05678E-01,   1.04398E-01,  -1.21
  824,    3.11681E-01,   3.23600E-01,  3.82
  825,    1.82920E-01,   1.95455E-01,  6.85
  826,    4.54372E+00,   4.58507E+00,  0.91
  827,    1.48054E+00,   1.46971E+00,  -0.73
  828,    8.25334E-01,   6.76351E-01,  -18.05
  829,    4.06646E-01,   3.60934E-01,  -11.24
  830,    1.89750E-01,   2.26756E-01,  19.50
  831,    2.15815E-01,   1.56518E-01,  -27.48
  832,    1.28207E-01,   1.13250E-01,  -11.67
  833,    8.74299E-02,   8.65628E-02,  -0.99
  834,    2.81295E-01,   2.97922E-01,  5.91
  835,    5.34105E+00,   5.00498E+00,  -6.29
  836,    1.86299E+00,   1.49474E+00,  -19.77
  837,    7.69549E-01,   6.60803E-01,  -14.13
  838,    4.03310E-01,   3.66450E-01,  -9.14
  839,    2.22646E-01,   2.36442E-01,  6.20
  840,    2.56071E-01,   1.63140E-01,  -36.29
  841,    1.32216E-01,   1.20682E-01,  -8.72
  842,    9.60375E-02,   8.96206E-02,  -6.68
  843,    2.95837E-01,   2.68529E-01,  -9.23
  844,    5.24726E+00,   4.95122E+00,  -5.64
  845,    1.33018E+00,   1.40886E+00,  5.91
  846,    5.80960E-01,   6.38097E-01,  9.83
  847,    3.63987E-01,   3.63315E-01,  -0.18
  848,    2.21368E-01,   2.34584E-01,  5.97
  849,    1.86606E-01,   1.65749E-01,  -11.18
  850,    1.11113E-01,   1.19244E-01,  7.32
  851,    9.01945E-02,   8.37765E-02,  -7.12
  852,    4.30290E+00,   4.83888E+00,  12.46
  853,    1.10858E+00,   1.33310E+00,  20.25
  854,    6.05632E-01,   6.05691E-01,  0.01
  855,    3.79821E-01,   3.43284E-01,  -9.62
  856,    1.98370E-01,   2.26758E-01,  14.31
  857,    1.83362E-01,   1.55785E-01,  -15.04
  858,    1.21171E-01,   1.05828E-01,  -12.66
  859,    4.15210E+00,   4.79294E+00,  15.43
  860,    1.39602E+00,   1.31792E+00,  -5.59
  861,    7.37753E-01,   5.84784E-01,  -20.73
  862,    4.00083E-01,   3.37150E-01,  -15.73
  863,    2.10898E-01,   2.15561E-01,  2.21
  864,    2.38774E-01,   1.39063E-01,  -41.76
  865,    4.45874E+00,   4.80744E+00,  7.82
  866,    1.41375E+00,   1.30166E+00,  -7.93
  867,    6.50217E-01,   5.90502E-01,  -9.18
  868,    3.79948E-01,   3.31036E-01,  -12.87
  869,    2.15155E-01,   1.98319E-01,  -7.83
  870,    4.53980E+00,   4.76692E+00,  5.00
  871,    1.23305E+00,   1.32777E+00,  7.68
  872,    6.01100E-01,   5.93240E-01,  -1.31
  873,    3.91204E-01,   3.12632E-01,  -20.08
  874,    4.14627E+00,   4.78721E+00,  15.46
  875,    1.23464E+00,   1.33823E+00,  8.39
  876,    6.81599E-01,   5.60992E-01,  -17.69
  877,    4.35325E+00,   4.63624E+00,  6.50
  878,    1.51930E+00,   1.25216E+00,  -17.58
  879,    4.05453E+00,   3.98231E+00,  -1.78

;-Resistivity in Ohm-m in the elemental sequential order

 2.48525E+02,  4.11363E+02,  4.16658E+02,  4.20082E+02,  4.48645E+02
 4.75040E+02,  4.94392E+02,  4.86919E+02,  4.73103E+02,  4.58181E+02
 4.64959E+02,  4.64959E+02,  3.62132E+02,  3.62132E+02,  3.62132E+02
 3.62132E+02,  3.62132E+02,  3.62132E+02,  2.48525E+02,  4.11363E+02
 4.16658E+02,  4.20082E+02,  4.48645E+02,  4.75040E+02,  4.94392E+02
 4.86919E+02,  4.73103E+02,  4.58181E+02,  4.64959E+02,  4.64959E+02
 3.62132E+02,  3.62132E+02,  3.62132E+02,  3.62132E+02,  3.62132E+02
 3.62132E+02,  2.48525E+02,  4.11363E+02,  4.16658E+02,  4.20082E+02
 4.48645E+02,  4.75040E+02,  4.94392E+02,  4.86919E+02,  4.73103E+02
 4.58181E+02,  4.64959E+02,  4.64959E+02,  3.62132E+02,  3.62132E+02
 3.62132E+02,  3.62132E+02,  3.62132E+02,  3.62132E+02,  2.48525E+02
 4.11363E+02,  4.16658E+02,  4.20082E+02,  4.48645E+02,  4.75040E+02
 4.94392E+02,  4.86919E+02,  4.73103E+02,  4.58181E+02,  4.64959E+02
 4.64959E+02,  3.62132E+02,  3.62132E+02,  3.62132E+02,  3.62132E+02
 3.62132E+02,  3.62132E+02,  2.48525E+02,  4.11363E+02,  4.16658E+02
 4.20082E+02,  4.48645E+02,  4.75040E+02,  4.94392E+02,  4.86919E+02
 4.73103E+02,  4.58181E+02,  4.64959E+02,  4.64959E+02,  3.62132E+02
 3.62132E+02,  3.62132E+02,  3.62132E+02,  3.62132E+02,  3.62132E+02
 2.48525E+02,  4.11363E+02,  4.16658E+02,  4.20082E+02,  4.48645E+02
 4.75040E+02,  4.94392E+02,  4.86919E+02,  4.73103E+02,  4.58181E+02
 4.64959E+02,  4.64959E+02,  3.62132E+02,  3.62132E+02,  3.62132E+02
 3.62132E+02,  3.62132E+02,  3.62132E+02,  3.09825E+02,  4.30601E+02
 4.68428E+02,  4.49238E+02,  4.47008E+02,  4.51598E+02,  4.64949E+02
 4.35269E+02,  4.09413E+02,  3.90834E+02,  3.52499E+02,  3.52499E+02
 2.80856E+02,  2.80856E+02,  2.80856E+02,  2.80856E+02,  2.80856E+02
 2.80856E+02,  3.09825E+02,  4.30601E+02,  4.68428E+02,  4.49238E+02
 4.47008E+02,  4.51598E+02,  4.64949E+02,  4.35269E+02,  4.09413E+02
 3.90834E+02,  3.52499E+02,  3.52499E+02,  2.80856E+02,  2.80856E+02
 2.80856E+02,  2.80856E+02,  2.80856E+02,  2.80856E+02,  1.88719E+02
 2.42812E+02,  1.00000E+03,  1.00000E+03,  8.04004E+02,  6.53826E+02
 5.53216E+02,  5.21745E+02,  4.77035E+02,  4.26093E+02,  3.35719E+02
 3.35719E+02,  2.63083E+02,  2.63083E+02,  2.63083E+02,  2.63083E+02
 2.63083E+02,  2.63083E+02,  1.88719E+02,  2.42812E+02,  1.00000E+03
 1.00000E+03,  8.04004E+02,  6.53826E+02,  5.53216E+02,  5.21745E+02
 4.77035E+02,  4.26093E+02,  3.35719E+02,  3.35719E+02,  2.63083E+02
 2.63083E+02,  2.63083E+02,  2.63083E+02,  2.63083E+02,  2.63083E+02
 1.88719E+02,  2.42812E+02,  1.00000E+03,  1.00000E+03,  8.04004E+02
 6.53826E+02,  5.53216E+02,  5.21745E+02,  4.77035E+02,  4.26093E+02
 3.35719E+02,  3.35719E+02,  2.63083E+02,  2.63083E+02,  2.63083E+02
 2.63083E+02,  2.63083E+02,  2.63083E+02,  1.88719E+02,  2.42812E+02
 1.00000E+03,  1.00000E+03,  8.04004E+02,  6.53826E+02,  5.53216E+02
 5.21745E+02,  4.77035E+02,  4.26093E+02,  3.35719E+02,  3.35719E+02
 2.63083E+02,  2.63083E+02,  2.63083E+02,  2.63083E+02,  2.63083E+02
 2.63083E+02,  1.93790E+02,  2.18083E+02,  7.34165E+02,  9.22254E+02
 7.13303E+02,  6.02512E+02,  5.24518E+02,  4.94541E+02,  4.55310E+02
 4.11604E+02,  2.79781E+02,  2.79781E+02,  2.38127E+02,  2.38127E+02
 2.38127E+02,  2.38127E+02,  2.38127E+02,  2.38127E+02,  1.93790E+02
 2.18083E+02,  7.34165E+02,  9.22254E+02,  7.13303E+02,  6.02512E+02
 5.24518E+02,  4.94541E+02,  4.55310E+02,  4.11604E+02,  2.79781E+02
 2.79781E+02,  2.38127E+02,  2.38127E+02,  2.38127E+02,  2.38127E+02
 2.38127E+02,  2.38127E+02,  1.93790E+02,  2.18083E+02,  7.34165E+02
 9.22254E+02,  7.13303E+02,  6.02512E+02,  5.24518E+02,  4.94541E+02
 4.55310E+02,  4.11604E+02,  2.79781E+02,  2.79781E+02,  2.38127E+02
 2.38127E+02,  2.38127E+02,  2.38127E+02,  2.38127E+02,  2.38127E+02
 1.93790E+02,  2.18083E+02,  7.34165E+02,  9.22254E+02,  7.13303E+02
 6.02512E+02,  5.24518E+02,  4.94541E+02,  4.55310E+02,  4.11604E+02
 2.79781E+02,  2.79781E+02,  2.38127E+02,  2.38127E+02,  2.38127E+02
 2.38127E+02,  2.38127E+02,  2.38127E+02,  1.88694E+02,  3.55098E+02
 1.00000E+03,  1.00000E+03,  5.18158E+02,  2.75449E+02,  2.76226E+02
 3.33740E+02,  3.71182E+02,  3.76588E+02,  2.27252E+02,  2.27252E+02
 2.28057E+02,  2.28057E+02,  2.28057E+02,  2.28057E+02,  2.28057E+02
 2.28057E+02,  1.88694E+02,  3.55098E+02,  1.00000E+03,  1.00000E+03
 5.18158E+02,  2.75449E+02,  2.76226E+02,  3.33740E+02,  3.71182E+02
 3.76588E+02,  2.27252E+02,  2.27252E+02,  2.28057E+02,  2.28057E+02
 2.28057E+02,  2.28057E+02,  2.28057E+02,  2.28057E+02,  1.88694E+02
 3.55098E+02,  1.00000E+03,  1.00000E+03,  5.18158E+02,  2.75449E+02
 2.76226E+02,  3.33740E+02,  3.71182E+02,  3.76588E+02,  2.27252E+02
 2.27252E+02,  2.28057E+02,  2.28057E+02,  2.28057E+02,  2.28057E+02
 2.28057E+02,  2.28057E+02,  1.88694E+02,  3.55098E+02,  1.00000E+03
 1.00000E+03,  5.18158E+02,  2.75449E+02,  2.76226E+02,  3.33740E+02
 3.71182E+02,  3.76588E+02,  2.27252E+02,  2.27252E+02,  2.28057E+02
 2.28057E+02,  2.28057E+02,  2.28057E+02,  2.28057E+02,  2.28057E+02
 2.50820E+02,  3.70802E+02,  7.41723E+02,  9.60070E+02,  3.96700E+02
 1.83610E+02,  1.72825E+02,  2.15728E+02,  2.69066E+02,  2.99070E+02
 1.84598E+02,  1.84598E+02,  2.29472E+02,  2.29472E+02,  2.29472E+02
 2.29472E+02,  2.29472E+02,  2.29472E+02,  2.50820E+02,  3.70802E+02
 7.41723E+02,  9.60070E+02,  3.96700E+02,  1.83610E+02,  1.72825E+02
 2.15728E+02,  2.69066E+02,  2.99070E+02,  1.84598E+02,  1.84598E+02
 2.29472E+02,  2.29472E+02,  2.29472E+02,  2.29472E+02,  2.29472E+02
 2.29472E+02,  2.50820E+02,  3.70802E+02,  7.41723E+02,  9.60070E+02
 3.96700E+02,  1.83610E+02,  1.72825E+02,  2.15728E+02,  2.69066E+02
 2.99070E+02,  1.84598E+02,  1.84598E+02,  2.29472E+02,  2.29472E+02
 2.29472E+02,  2.29472E+02,  2.29472E+02,  2.29472E+02,  2.50820E+02
 3.70802E+02,  7.41723E+02,  9.60070E+02,  3.96700E+02,  1.83610E+02
 1.72825E+02,  2.15728E+02,  2.69066E+02,  2.99070E+02,  1.84598E+02
 1.84598E+02,  2.29472E+02,  2.29472E+02,  2.29472E+02,  2.29472E+02
 2.29472E+02,  2.29472E+02,  5.70869E+02,  2.71007E+02,  3.38901E+02
 1.00000E+03,  3.29675E+02,  1.31504E+02,  1.11407E+02,  1.28549E+02
 1.51457E+02,  1.77466E+02,  1.54884E+02,  1.54884E+02,  2.46702E+02
 2.46702E+02,  2.46702E+02,  2.46702E+02,  2.46702E+02,  2.46702E+02
 5.70869E+02,  2.71007E+02,  3.38901E+02,  1.00000E+03,  3.29675E+02
 1.31504E+02,  1.11407E+02,  1.28549E+02,  1.51457E+02,  1.77466E+02
 1.54884E+02,  1.54884E+02,  2.46702E+02,  2.46702E+02,  2.46702E+02
 2.46702E+02,  2.46702E+02,  2.46702E+02,  5.70869E+02,  2.71007E+02
 3.38901E+02,  1.00000E+03,  3.29675E+02,  1.31504E+02,  1.11407E+02
 1.28549E+02,  1.51457E+02,  1.77466E+02,  1.54884E+02,  1.54884E+02
 2.46702E+02,  2.46702E+02,  2.46702E+02,  2.46702E+02,  2.46702E+02
 2.46702E+02,  5.70869E+02,  2.71007E+02,  3.38901E+02,  1.00000E+03
 3.29675E+02,  1.31504E+02,  1.11407E+02,  1.28549E+02,  1.51457E+02
 1.77466E+02,  1.54884E+02,  1.54884E+02,  2.46702E+02,  2.46702E+02
 2.46702E+02,  2.46702E+02,  2.46702E+02,  2.46702E+02,  4.41342E+02
 3.30404E+02,  2.67177E+02,  3.20482E+02,  1.38812E+02,  9.58712E+01
 9.35936E+01,  1.07605E+02,  1.35911E+02,  1.63496E+02,  1.56135E+02
 1.56135E+02,  2.90139E+02,  2.90139E+02,  2.90139E+02,  2.90139E+02
 2.90139E+02,  2.90139E+02,  4.41342E+02,  3.30404E+02,  2.67177E+02
 3.20482E+02,  1.38812E+02,  9.58712E+01,  9.35936E+01,  1.07605E+02
 1.35911E+02,  1.63496E+02,  1.56135E+02,  1.56135E+02,  2.90139E+02
 2.90139E+02,  2.90139E+02,  2.90139E+02,  2.90139E+02,  2.90139E+02
 4.41342E+02,  3.30404E+02,  2.67177E+02,  3.20482E+02,  1.38812E+02
 9.58712E+01,  9.35936E+01,  1.07605E+02,  1.35911E+02,  1.63496E+02
 1.56135E+02,  1.56135E+02,  2.90139E+02,  2.90139E+02,  2.90139E+02
 2.90139E+02,  2.90139E+02,  2.90139E+02,  4.41342E+02,  3.30404E+02
 2.67177E+02,  3.20482E+02,  1.38812E+02,  9.58712E+01,  9.35936E+01
 1.07605E+02,  1.35911E+02,  1.63496E+02,  1.56135E+02,  1.56135E+02
 2.90139E+02,  2.90139E+02,  2.90139E+02,  2.90139E+02,  2.90139E+02
 2.90139E+02,  3.56846E+02,  2.13390E+02,  2.42993E+02,  1.00000E+03
 1.00000E+03,  6.13970E+02,  3.17475E+02,  3.86891E+02,  3.12676E+02
 2.68171E+02,  2.70522E+02,  2.70522E+02,  3.87539E+02,  3.87539E+02
 3.87539E+02,  3.87539E+02,  3.87539E+02,  3.87539E+02,  3.56846E+02
 2.13390E+02,  2.42993E+02,  1.00000E+03,  1.00000E+03,  6.13970E+02
 3.17475E+02,  3.86891E+02,  3.12676E+02,  2.68171E+02,  2.70522E+02
 2.70522E+02,  3.87539E+02,  3.87539E+02,  3.87539E+02,  3.87539E+02
 3.87539E+02,  3.87539E+02,  3.56846E+02,  2.13390E+02,  2.42993E+02
 1.00000E+03,  1.00000E+03,  6.13970E+02,  3.17475E+02,  3.86891E+02
 3.12676E+02,  2.68171E+02,  2.70522E+02,  2.70522E+02,  3.87539E+02
 3.87539E+02,  3.87539E+02,  3.87539E+02,  3.87539E+02,  3.87539E+02
 3.56846E+02,  2.13390E+02,  2.42993E+02,  1.00000E+03,  1.00000E+03
 6.13970E+02,  3.17475E+02,  3.86891E+02,  3.12676E+02,  2.68171E+02
 2.70522E+02,  2.70522E+02,  3.87539E+02,  3.87539E+02,  3.87539E+02
 3.87539E+02,  3.87539E+02,  3.87539E+02,  5.92609E+02,  4.71326E+02
 1.20624E+02,  3.87474E+02,  3.77709E+02,  3.37595E+02,  3.03991E+02
 2.59683E+02,  4.01451E+02,  5.30337E+02,  6.64025E+02,  6.64025E+02
 5.66883E+02,  5.66883E+02,  5.66883E+02,  5.66883E+02,  5.66883E+02
 5.66883E+02,  5.92609E+02,  4.71326E+02,  1.20624E+02,  3.87474E+02
 3.77709E+02,  3.37595E+02,  3.03991E+02,  2.59683E+02,  4.01451E+02
 5.30337E+02,  6.64025E+02,  6.64025E+02,  5.66883E+02,  5.66883E+02
 5.66883E+02,  5.66883E+02,  5.66883E+02,  5.66883E+02,  5.92609E+02
 4.71326E+02,  1.20624E+02,  3.87474E+02,  3.77709E+02,  3.37595E+02
 3.03991E+02,  2.59683E+02,  4.01451E+02,  5.30337E+02,  6.64025E+02
 6.64025E+02,  5.66883E+02,  5.66883E+02,  5.66883E+02,  5.66883E+02
 5.66883E+02,  5.66883E+02,  5.92609E+02,  4.71326E+02,  1.20624E+02
 3.87474E+02,  3.77709E+02,  3.37595E+02,  3.03991E+02,  2.59683E+02
 4.01451E+02,  5.30337E+02,  6.64025E+02,  6.64025E+02,  5.66883E+02
 5.66883E+02,  5.66883E+02,  5.66883E+02,  5.66883E+02,  5.66883E+02
 4.85458E+02,  4.74791E+02,  6.38937E+02,  4.90902E+02,  2.88486E+02
 1.40194E+02,  1.56432E+02,  2.48139E+02,  3.43343E+02,  4.87327E+02
 9.54088E+02,  9.54088E+02,  8.01921E+02,  8.01921E+02,  8.01921E+02
 8.01921E+02,  8.01921E+02,  8.01921E+02,  4.85458E+02,  4.74791E+02
 6.38937E+02,  4.90902E+02,  2.88486E+02,  1.40194E+02,  1.56432E+02
 2.48139E+02,  3.43343E+02,  4.87327E+02,  9.54088E+02,  9.54088E+02
 8.01921E+02,  8.01921E+02,  8.01921E+02,  8.01921E+02,  8.01921E+02
 8.01921E+02,  4.85458E+02,  4.74791E+02,  6.38937E+02,  4.90902E+02
 2.88486E+02,  1.40194E+02,  1.56432E+02,  2.48139E+02,  3.43343E+02
 4.87327E+02,  9.54088E+02,  9.54088E+02,  8.01921E+02,  8.01921E+02
 8.01921E+02,  8.01921E+02,  8.01921E+02,  8.01921E+02,  4.85458E+02
 4.74791E+02,  6.38937E+02,  4.90902E+02,  2.88486E+02,  1.40194E+02
 1.56432E+02,  2.48139E+02,  3.43343E+02,  4.87327E+02,  9.54088E+02
 9.54088E+02,  8.01921E+02,  8.01921E+02,  8.01921E+02,  8.01921E+02
 8.01921E+02,  8.01921E+02,  3.98207E+02,  6.38259E+02,  7.25199E+02
 5.94569E+02,  3.68428E+02,  1.68441E+02,  1.73426E+02,  2.63017E+02
 4.03622E+02,  5.41430E+02,  9.96157E+02,  9.96157E+02,  9.82241E+02
 9.82241E+02,  9.82241E+02,  9.82241E+02,  9.82241E+02,  9.82241E+02
 3.98207E+02,  6.38259E+02,  7.25199E+02,  5.94569E+02,  3.68428E+02
 1.68441E+02,  1.73426E+02,  2.63017E+02,  4.03622E+02,  5.41430E+02
 9.96157E+02,  9.96157E+02,  9.82241E+02,  9.82241E+02,  9.82241E+02
 9.82241E+02,  9.82241E+02,  9.82241E+02,  3.98207E+02,  6.38259E+02
 7.25199E+02,  5.94569E+02,  3.68428E+02,  1.68441E+02,  1.73426E+02
 2.63017E+02,  4.03622E+02,  5.41430E+02,  9.96157E+02,  9.96157E+02
 9.82241E+02,  9.82241E+02,  9.82241E+02,  9.82241E+02,  9.82241E+02
 9.82241E+02,  3.98207E+02,  6.38259E+02,  7.25199E+02,  5.94569E+02
 3.68428E+02,  1.68441E+02,  1.73426E+02,  2.63017E+02,  4.03622E+02
 5.41430E+02,  9.96157E+02,  9.96157E+02,  9.82241E+02,  9.82241E+02
 9.82241E+02,  9.82241E+02,  9.82241E+02,  9.82241E+02,  7.43345E+02
 3.64568E+02,  2.06634E+02,  7.17478E+02,  7.64239E+02,  3.65345E+02
 2.34637E+02,  2.69086E+02,  4.18331E+02,  5.74993E+02,  1.00000E+03
 1.00000E+03,  1.00000E+03,  1.00000E+03,  1.00000E+03,  1.00000E+03
 1.00000E+03,  1.00000E+03,  7.43345E+02,  3.64568E+02,  2.06634E+02
 7.17478E+02,  7.64239E+02,  3.65345E+02,  2.34637E+02,  2.69086E+02
 4.18331E+02,  5.74993E+02,  1.00000E+03,  1.00000E+03,  1.00000E+03
 1.00000E+03,  1.00000E+03,  1.00000E+03,  1.00000E+03,  1.00000E+03
 7.43345E+02,  3.64568E+02,  2.06634E+02,  7.17478E+02,  7.64239E+02
 3.65345E+02,  2.34637E+02,  2.69086E+02,  4.18331E+02,  5.74993E+02
 1.00000E+03,  1.00000E+03,  1.00000E+03,  1.00000E+03,  1.00000E+03
 1.00000E+03,  1.00000E+03,  1.00000E+03,  7.43345E+02,  3.64568E+02
 2.06634E+02,  7.17478E+02,  7.64239E+02,  3.65345E+02,  2.34637E+02
 2.69086E+02,  4.18331E+02,  5.74993E+02,  1.00000E+03,  1.00000E+03
 1.00000E+03,  1.00000E+03,  1.00000E+03,  1.00000E+03,  1.00000E+03
 1.00000E+03,  6.29131E+02,  5.51743E+02,  2.04919E+02,  4.59158E+02
 2.61679E+02,  2.34269E+02,  1.99347E+02,  1.94187E+02,  2.90900E+02
 5.15246E+02,  1.00000E+03,  1.00000E+03,  1.00000E+03,  1.00000E+03
 1.00000E+03,  1.00000E+03,  1.00000E+03,  1.00000E+03,  6.29131E+02
 5.51743E+02,  2.04919E+02,  4.59158E+02,  2.61679E+02,  2.34269E+02
 1.99347E+02,  1.94187E+02,  2.90900E+02,  5.15246E+02,  1.00000E+03
 1.00000E+03,  1.00000E+03,  1.00000E+03,  1.00000E+03,  1.00000E+03
 1.00000E+03,  1.00000E+03,  6.29131E+02,  5.51743E+02,  2.04919E+02
 4.59158E+02,  2.61679E+02,  2.34269E+02,  1.99347E+02,  1.94187E+02
 2.90900E+02,  5.15246E+02,  1.00000E+03,  1.00000E+03,  1.00000E+03
 1.00000E+03,  1.00000E+03,  1.00000E+03,  1.00000E+03,  1.00000E+03
 6.29131E+02,  5.51743E+02,  2.04919E+02,  4.59158E+02,  2.61679E+02
 2.34269E+02,  1.99347E+02,  1.94187E+02,  2.90900E+02,  5.15246E+02
 1.00000E+03,  1.00000E+03,  1.00000E+03,  1.00000E+03,  1.00000E+03
 1.00000E+03,  1.00000E+03,  1.00000E+03,  4.98727E+02,  6.52651E+02
 3.03997E+02,  4.67908E+02,  3.03833E+02,  1.91787E+02,  2.05156E+02
 4.92945E+02,  1.00000E+03,  1.00000E+03,  1.00000E+03,  1.00000E+03
 1.00000E+03,  1.00000E+03,  1.00000E+03,  1.00000E+03,  1.00000E+03
 1.00000E+03,  4.98727E+02,  6.52651E+02,  3.03997E+02,  4.67908E+02
 3.03833E+02,  1.91787E+02,  2.05156E+02,  4.92945E+02,  1.00000E+03
 1.00000E+03,  1.00000E+03,  1.00000E+03,  1.00000E+03,  1.00000E+03
 1.00000E+03,  1.00000E+03,  1.00000E+03,  1.00000E+03,  4.98727E+02
 6.52651E+02,  3.03997E+02,  4.67908E+02,  3.03833E+02,  1.91787E+02
 2.05156E+02,  4.92945E+02,  1.00000E+03,  1.00000E+03,  1.00000E+03
 1.00000E+03,  1.00000E+03,  1.00000E+03,  1.00000E+03,  1.00000E+03
 1.00000E+03,  1.00000E+03,  4.98727E+02,  6.52651E+02,  3.03997E+02
 4.67908E+02,  3.03833E+02,  1.91787E+02,  2.05156E+02,  4.92945E+02
 1.00000E+03,  1.00000E+03,  1.00000E+03,  1.00000E+03,  1.00000E+03
 1.00000E+03,  1.00000E+03,  1.00000E+03,  1.00000E+03,  1.00000E+03
 4.69216E+02,  6.36869E+02,  1.84581E+02,  2.43386E+02,  1.00000E+03
 1.00000E+03,  1.00000E+03,  1.00000E+03,  1.00000E+03,  1.00000E+03
 1.00000E+03,  1.00000E+03,  1.00000E+03,  1.00000E+03,  1.00000E+03
 1.00000E+03,  1.00000E+03,  1.00000E+03,  4.69216E+02,  6.36869E+02
 1.84581E+02,  2.43386E+02,  1.00000E+03,  1.00000E+03,  1.00000E+03
 1.00000E+03,  1.00000E+03,  1.00000E+03,  1.00000E+03,  1.00000E+03
 1.00000E+03,  1.00000E+03,  1.00000E+03,  1.00000E+03,  1.00000E+03
 1.00000E+03,  4.69216E+02,  6.36869E+02,  1.84581E+02,  2.43386E+02
 1.00000E+03,  1.00000E+03,  1.00000E+03,  1.00000E+03,  1.00000E+03
 1.00000E+03,  1.00000E+03,  1.00000E+03,  1.00000E+03,  1.00000E+03
 1.00000E+03,  1.00000E+03,  1.00000E+03,  1.00000E+03,  4.69216E+02
 6.36869E+02,  1.84581E+02,  2.43386E+02,  1.00000E+03,  1.00000E+03
 1.00000E+03,  1.00000E+03,  1.00000E+03,  1.00000E+03,  1.00000E+03
 1.00000E+03,  1.00000E+03,  1.00000E+03,  1.00000E+03,  1.00000E+03
 1.00000E+03,  1.00000E+03,  1.00000E+03,  6.80462E+01,  3.97880E+01
 1.92007E+02,  1.00000E+03,  1.00000E+03,  1.00000E+03,  1.00000E+03
 1.00000E+03,  1.00000E+03,  1.00000E+03,  1.00000E+03,  1.00000E+03
 1.00000E+03,  1.00000E+03,  1.00000E+03,  1.00000E+03,  1.00000E+03
 8.49749E+02,  8.68080E+01,  4.96079E+01,  3.16535E+02,  1.00000E+03
 1.00000E+03,  1.00000E+03,  1.00000E+03,  1.00000E+03,  1.00000E+03
 1.00000E+03,  1.00000E+03,  1.00000E+03,  1.00000E+03,  1.00000E+03
 1.00000E+03,  1.00000E+03,  1.00000E+03,  5.69646E+01,  4.23624E+02
 1.35589E+02,  5.40601E+02,  1.00000E+03,  1.00000E+03,  1.00000E+03
 1.00000E+03,  1.00000E+03,  1.00000E+03,  1.00000E+03,  1.00000E+03
 1.00000E+03,  1.00000E+03,  1.00000E+03,  1.00000E+03,  1.00000E+03
 1.00000E+03,  5.69646E+01,  4.23624E+02,  1.35589E+02,  5.40601E+02
 1.00000E+03,  1.00000E+03,  1.00000E+03,  1.00000E+03,  1.00000E+03
 1.00000E+03,  1.00000E+03,  1.00000E+03,  1.00000E+03,  1.00000E+03
 1.00000E+03,  1.00000E+03,  1.00000E+03,  1.00000E+03,  1.97321E+02
 1.39004E+02,  9.27332E+01,  1.27090E+02,  2.07030E+02,  3.04703E+02
 4.15042E+02,  5.15226E+02,  5.86450E+02,  6.15373E+02,  6.04612E+02
 6.04612E+02,  2.99458E+02,  2.99458E+02,  2.99458E+02,  2.99458E+02
 2.99458E+02,  2.99458E+02,  1.97321E+02,  1.39004E+02,  9.27332E+01
 1.27090E+02,  2.07030E+02,  3.04703E+02,  4.15042E+02,  5.15226E+02
 5.86450E+02,  6.15373E+02,  6.04612E+02,  6.04612E+02,  2.99458E+02
 2.99458E+02,  2.99458E+02,  2.99458E+02,  2.99458E+02,  2.99458E+02
 1.97321E+02,  1.39004E+02,  9.27332E+01,  1.27090E+02,  2.07030E+02
 3.04703E+02,  4.15042E+02,  5.15226E+02,  5.86450E+02,  6.15373E+02
 6.04612E+02,  6.04612E+02,  2.99458E+02,  2.99458E+02,  2.99458E+02
 2.99458E+02,  2.99458E+02,  2.99458E+02,  1.97321E+02,  1.39004E+02
 9.27332E+01,  1.27090E+02,  2.07030E+02,  3.04703E+02,  4.15042E+02
 5.15226E+02,  5.86450E+02,  6.15373E+02,  6.04612E+02,  6.04612E+02
 2.99458E+02,  2.99458E+02,  2.99458E+02,  2.99458E+02,  2.99458E+02
 2.99458E+02,  1.97321E+02,  1.39004E+02,  9.27332E+01,  1.27090E+02
 2.07030E+02,  3.04703E+02,  4.15042E+02,  5.15226E+02,  5.86450E+02
 6.15373E+02,  6.04612E+02,  6.04612E+02,  2.99458E+02,  2.99458E+02
 2.99458E+02,  2.99458E+02,  2.99458E+02,  2.99458E+02,  1.97321E+02
 1.39004E+02,  9.27332E+01,  1.27090E+02,  2.07030E+02,  3.04703E+02
 4.15042E+02,  5.15226E+02,  5.86450E+02,  6.15373E+02,  6.04612E+02
 6.04612E+02,  2.99458E+02,  2.99458E+02,  2.99458E+02,  2.99458E+02
 2.99458E+02,  2.99458E+02,  1.97321E+02,  1.39004E+02,  9.27332E+01
 1.27090E+02,  2.07030E+02,  3.04703E+02,  4.15042E+02,  5.15226E+02
 5.86450E+02,  6.15373E+02,  6.04612E+02,  6.04612E+02,  2.99458E+02
 2.99458E+02,  2.99458E+02,  2.99458E+02,  2.99458E+02,  2.99458E+02
 1.97321E+02,  1.39004E+02,  9.27332E+01,  1.27090E+02,  2.07030E+02
 3.04703E+02,  4.15042E+02,  5.15226E+02,  5.86450E+02,  6.15373E+02
 6.04612E+02,  6.04612E+02,  2.99458E+02,  2.99458E+02,  2.99458E+02
 2.99458E+02,  2.99458E+02,  2.99458E+02,  1.97321E+02,  1.39004E+02
 9.27332E+01,  1.27090E+02,  2.07030E+02,  3.04703E+02,  4.15042E+02
 5.15226E+02,  5.86450E+02,  6.15373E+02,  6.04612E+02,  6.04612E+02
 2.99458E+02,  2.99458E+02,  2.99458E+02,  2.99458E+02,  2.99458E+02
 2.99458E+02,  1.97321E+02,  1.39004E+02,  9.27332E+01,  1.27090E+02
 2.07030E+02,  3.04703E+02,  4.15042E+02,  5.15226E+02,  5.86450E+02
 6.15373E+02,  6.04612E+02,  6.04612E+02,  2.99458E+02,  2.99458E+02
 2.99458E+02,  2.99458E+02,  2.99458E+02,  2.99458E+02,  1.97321E+02
 1.39004E+02,  9.27332E+01,  1.27090E+02,  2.07030E+02,  3.04703E+02
 4.15042E+02,  5.15226E+02,  5.86450E+02,  6.15373E+02,  6.04612E+02
 6.04612E+02,  2.99458E+02,  2.99458E+02,  2.99458E+02,  2.99458E+02
 2.99458E+02,  2.99458E+02

;-Sensitivity in the elemental sequential order

 2.30511E-02,  1.48763E-02,  1.41139E-02,  1.16323E-02,  8.83794E-03
 6.66718E-03,  5.10708E-03,  3.94887E-03,  3.11879E-03,  2.50458E-03
 4.84424E-03,  4.84424E-03,  6.42592E-03,  6.42592E-03,  6.42592E-03
 6.42592E-03,  6.42592E-03,  6.42592E-03,  2.30511E-02,  1.48763E-02
 1.41139E-02,  1.16323E-02,  8.83794E-03,  6.66718E-03,  5.10708E-03
 3.94887E-03,  3.11879E-03,  2.50458E-03,  4.84424E-03,  4.84424E-03
 6.42592E-03,  6.42592E-03,  6.42592E-03,  6.42592E-03,  6.42592E-03
 6.42592E-03,  2.30511E-02,  1.48763E-02,  1.41139E-02,  1.16323E-02
 8.83794E-03,  6.66718E-03,  5.10708E-03,  3.94887E-03,  3.11879E-03
 2.50458E-03,  4.84424E-03,  4.84424E-03,  6.42592E-03,  6.42592E-03
 6.42592E-03,  6.42592E-03,  6.42592E-03,  6.42592E-03,  2.30511E-02
 1.48763E-02,  1.41139E-02,  1.16323E-02,  8.83794E-03,  6.66718E-03
 5.10708E-03,  3.94887E-03,  3.11879E-03,  2.50458E-03,  4.84424E-03
 4.84424E-03,  6.42592E-03,  6.42592E-03,  6.42592E-03,  6.42592E-03
 6.42592E-03,  6.42592E-03,  2.30511E-02,  1.48763E-02,  1.41139E-02
 1.16323E-02,  8.83794E-03,  6.66718E-03,  5.10708E-03,  3.94887E-03
 3.11879E-03,  2.50458E-03,  4.84424E-03,  4.84424E-03,  6.42592E-03
 6.42592E-03,  6.42592E-03,  6.42592E-03,  6.42592E-03,  6.42592E-03
 2.30511E-02,  1.48763E-02,  1.41139E-02,  1.16323E-02,  8.83794E-03
 6.66718E-03,  5.10708E-03,  3.94887E-03,  3.11879E-03,  2.50458E-03
 4.84424E-03,  4.84424E-03,  6.42592E-03,  6.42592E-03,  6.42592E-03
 6.42592E-03,  6.42592E-03,  6.42592E-03,  6.04769E-01,  9.54515E-02
 4.64263E-02,  2.02546E-02,  9.65134E-03,  5.13150E-03,  2.96521E-03
 1.80830E-03,  1.15846E-03,  7.63700E-04,  9.90421E-04,  9.90421E-04
 6.64427E-04,  6.64427E-04,  6.64427E-04,  6.64427E-04,  6.64427E-04
 6.64427E-04,  6.04769E-01,  9.54515E-02,  4.64263E-02,  2.02546E-02
 9.65134E-03,  5.13150E-03,  2.96521E-03,  1.80830E-03,  1.15846E-03
 7.63700E-04,  9.90421E-04,  9.90421E-04,  6.64427E-04,  6.64427E-04
 6.64427E-04,  6.64427E-04,  6.64427E-04,  6.64427E-04,  3.63815E+00
 8.51845E-01,  8.95035E-02,  3.31415E-02,  1.41630E-02,  6.81421E-03
 3.70357E-03,  2.24064E-03,  1.49896E-03,  1.06798E-03,  1.67225E-03
 1.67225E-03,  1.24969E-03,  1.24969E-03,  1.24969E-03,  1.24969E-03
 1.24969E-03,  1.24969E-03,  3.63815E+00,  8.51845E-01,  8.95035E-02
 3.31415E-02,  1.41630E-02,  6.81421E-03,  3.70357E-03,  2.24064E-03
 1.49896E-03,  1.06798E-03,  1.67225E-03,  1.67225E-03,  1.24969E-03
 1.24969E-03,  1.24969E-03,  1.24969E-03,  1.24969E-03,  1.24969E-03
 3.63815E+00,  8.51845E-01,  8.95035E-02,  3.31415E-02,  1.41630E-02
 6.81421E-03,  3.70357E-03,  2.24064E-03,  1.49896E-03,  1.06798E-03
 1.67225E-03,  1.67225E-03,  1.24969E-03,  1.24969E-03,  1.24969E-03
 1.24969E-03,  1.24969E-03,  1.24969E-03,  3.63815E+00,  8.51845E-01
 8.95035E-02,  3.31415E-02,  1.41630E-02,  6.81421E-03,  3.70357E-03
 2.24064E-03,  1.49896E-03,  1.06798E-03,  1.67225E-03,  1.67225E-03
 1.24969E-03,  1.24969E-03,  1.24969E-03,  1.24969E-03,  1.24969E-03
 1.24969E-03,  4.14259E+00,  1.17301E+00,  1.65484E-01,  7.51784E-02
 3.10858E-02,  1.25694E-02,  6.00867E-03,  3.54018E-03,  2.24567E-03
 1.44159E-03,  2.64769E-03,  2.64769E-03,  1.95139E-03,  1.95139E-03
 1.95139E-03,  1.95139E-03,  1.95139E-03,  1.95139E-03,  4.14259E+00
 1.17301E+00,  1.65484E-01,  7.51784E-02,  3.10858E-02,  1.25694E-02
 6.00867E-03,  3.54018E-03,  2.24567E-03,  1.44159E-03,  2.64769E-03
 2.64769E-03,  1.95139E-03,  1.95139E-03,  1.95139E-03,  1.95139E-03
 1.95139E-03,  1.95139E-03,  4.14259E+00,  1.17301E+00,  1.65484E-01
 7.51784E-02,  3.10858E-02,  1.25694E-02,  6.00867E-03,  3.54018E-03
 2.24567E-03,  1.44159E-03,  2.64769E-03,  2.64769E-03,  1.95139E-03
 1.95139E-03,  1.95139E-03,  1.95139E-03,  1.95139E-03,  1.95139E-03
 4.14259E+00,  1.17301E+00,  1.65484E-01,  7.51784E-02,  3.10858E-02
 1.25694E-02,  6.00867E-03,  3.54018E-03,  2.24567E-03,  1.44159E-03
 2.64769E-03,  2.64769E-03,  1.95139E-03,  1.95139E-03,  1.95139E-03
 1.95139E-03,  1.95139E-03,  1.95139E-03,  4.74338E+00,  1.11440E+00
 1.91816E-01,  9.71348E-02,  3.97758E-02,  1.72317E-02,  8.80941E-03
 4.93125E-03,  3.17412E-03,  2.17337E-03,  4.07135E-03,  4.07135E-03
 2.86521E-03,  2.86521E-03,  2.86521E-03,  2.86521E-03,  2.86521E-03
 2.86521E-03,  4.74338E+00,  1.11440E+00,  1.91816E-01,  9.71348E-02
 3.97758E-02,  1.72317E-02,  8.80941E-03,  4.93125E-03,  3.17412E-03
 2.17337E-03,  4.07135E-03,  4.07135E-03,  2.86521E-03,  2.86521E-03
 2.86521E-03,  2.86521E-03,  2.86521E-03,  2.86521E-03,  4.74338E+00
 1.11440E+00,  1.91816E-01,  9.71348E-02,  3.97758E-02,  1.72317E-02
 8.80941E-03,  4.93125E-03,  3.17412E-03,  2.17337E-03,  4.07135E-03
 4.07135E-03,  2.86521E-03,  2.86521E-03,  2.86521E-03,  2.86521E-03
 2.86521E-03,  2.86521E-03,  4.74338E+00,  1.11440E+00,  1.91816E-01
 9.71348E-02,  3.97758E-02,  1.72317E-02,  8.80941E-03,  4.93125E-03
 3.17412E-03,  2.17337E-03,  4.07135E-03,  4.07135E-03,  2.86521E-03
 2.86521E-03,  2.86521E-03,  2.86521E-03,  2.86521E-03,  2.86521E-03
 6.07083E+00,  1.59462E+00,  2.66239E-01,  1.38988E-01,  4.60984E-02
 1.83373E-02,  1.00087E-02,  5.76561E-03,  3.90738E-03,  3.11221E-03
 5.75982E-03,  5.75982E-03,  3.73099E-03,  3.73099E-03,  3.73099E-03
 3.73099E-03,  3.73099E-03,  3.73099E-03,  6.07083E+00,  1.59462E+00
 2.66239E-01,  1.38988E-01,  4.60984E-02,  1.83373E-02,  1.00087E-02
 5.76561E-03,  3.90738E-03,  3.11221E-03,  5.75982E-03,  5.75982E-03
 3.73099E-03,  3.73099E-03,  3.73099E-03,  3.73099E-03,  3.73099E-03
 3.73099E-03,  6.07083E+00,  1.59462E+00,  2.66239E-01,  1.38988E-01
 4.60984E-02,  1.83373E-02,  1.00087E-02,  5.76561E-03,  3.90738E-03
 3.11221E-03,  5.75982E-03,  5.75982E-03,  3.73099E-03,  3.73099E-03
 3.73099E-03,  3.73099E-03,  3.73099E-03,  3.73099E-03,  6.07083E+00
 1.59462E+00,  2.66239E-01,  1.38988E-01,  4.60984E-02,  1.83373E-02
 1.00087E-02,  5.76561E-03,  3.90738E-03,  3.11221E-03,  5.75982E-03
 5.75982E-03,  3.73099E-03,  3.73099E-03,  3.73099E-03,  3.73099E-03
 3.73099E-03,  3.73099E-03,  9.44968E+00,  2.80448E+00,  3.96683E-01
 1.57971E-01,  4.12937E-02,  1.91515E-02,  1.20656E-02,  7.91304E-03
 5.90361E-03,  4.78280E-03,  7.16275E-03,  7.16275E-03,  4.17795E-03
 4.17795E-03,  4.17795E-03,  4.17795E-03,  4.17795E-03,  4.17795E-03
 9.44968E+00,  2.80448E+00,  3.96683E-01,  1.57971E-01,  4.12937E-02
 1.91515E-02,  1.20656E-02,  7.91304E-03,  5.90361E-03,  4.78280E-03
 7.16275E-03,  7.16275E-03,  4.17795E-03,  4.17795E-03,  4.17795E-03
 4.17795E-03,  4.17795E-03,  4.17795E-03,  9.44968E+00,  2.80448E+00
 3.96683E-01,  1.57971E-01,  4.12937E-02,  1.91515E-02,  1.20656E-02
 7.91304E-03,  5.90361E-03,  4.78280E-03,  7.16275E-03,  7.16275E-03
 4.17795E-03,  4.17795E-03,  4.17795E-03,  4.17795E-03,  4.17795E-03
 4.17795E-03,  9.44968E+00,  2.80448E+00,  3.96683E-01,  1.57971E-01
 4.12937E-02,  1.91515E-02,  1.20656E-02,  7.91304E-03,  5.90361E-03
 4.78280E-03,  7.16275E-03,  7.16275E-03,  4.17795E-03,  4.17795E-03
 4.17795E-03,  4.17795E-03,  4.17795E-03,  4.17795E-03,  8.33304E+00
 2.45592E+00,  3.67860E-01,  1.69270E-01,  6.56141E-02,  3.28369E-02
 1.79153E-02,  1.09501E-02,  7.14246E-03,  4.98137E-03,  7.20751E-03
 7.20751E-03,  3.93640E-03,  3.93640E-03,  3.93640E-03,  3.93640E-03
 3.93640E-03,  3.93640E-03,  8.33304E+00,  2.45592E+00,  3.67860E-01
 1.69270E-01,  6.56141E-02,  3.28369E-02,  1.79153E-02,  1.09501E-02
 7.14246E-03,  4.98137E-03,  7.20751E-03,  7.20751E-03,  3.93640E-03
 3.93640E-03,  3.93640E-03,  3.93640E-03,  3.93640E-03,  3.93640E-03
 8.33304E+00,  2.45592E+00,  3.67860E-01,  1.69270E-01,  6.56141E-02
 3.28369E-02,  1.79153E-02,  1.09501E-02,  7.14246E-03,  4.98137E-03
 7.20751E-03,  7.20751E-03,  3.93640E-03,  3.93640E-03,  3.93640E-03
 3.93640E-03,  3.93640E-03,  3.93640E-03,  8.33304E+00,  2.45592E+00
 3.67860E-01,  1.69270E-01,  6.56141E-02,  3.28369E-02,  1.79153E-02
 1.09501E-02,  7.14246E-03,  4.98137E-03,  7.20751E-03,  7.20751E-03
 3.93640E-03,  3.93640E-03,  3.93640E-03,  3.93640E-03,  3.93640E-03
 3.93640E-03,  7.05233E+00,  2.11870E+00,  3.29509E-01,  8.46021E-02
 3.54413E-02,  1.85749E-02,  1.53838E-02,  8.47116E-03,  6.48364E-03
 4.23406E-03,  5.48555E-03,  5.48555E-03,  3.04159E-03,  3.04159E-03
 3.04159E-03,  3.04159E-03,  3.04159E-03,  3.04159E-03,  7.05233E+00
 2.11870E+00,  3.29509E-01,  8.46021E-02,  3.54413E-02,  1.85749E-02
 1.53838E-02,  8.47116E-03,  6.48364E-03,  4.23406E-03,  5.48555E-03
 5.48555E-03,  3.04159E-03,  3.04159E-03,  3.04159E-03,  3.04159E-03
 3.04159E-03,  3.04159E-03,  7.05233E+00,  2.11870E+00,  3.29509E-01
 8.46021E-02,  3.54413E-02,  1.85749E-02,  1.53838E-02,  8.47116E-03
 6.48364E-03,  4.23406E-03,  5.48555E-03,  5.48555E-03,  3.04159E-03
 3.04159E-03,  3.04159E-03,  3.04159E-03,  3.04159E-03,  3.04159E-03
 7.05233E+00,  2.11870E+00,  3.29509E-01,  8.46021E-02,  3.54413E-02
 1.85749E-02,  1.53838E-02,  8.47116E-03,  6.48364E-03,  4.23406E-03
 5.48555E-03,  5.48555E-03,  3.04159E-03,  3.04159E-03,  3.04159E-03
 3.04159E-03,  3.04159E-03,  3.04159E-03,  1.03358E+01,  3.30502E+00
 4.10648E-01,  1.29065E-01,  6.94372E-02,  3.11436E-02,  1.48733E-02
 1.11656E-02,  7.37416E-03,  5.05786E-03,  5.57088E-03,  5.57088E-03
 2.15519E-03,  2.15519E-03,  2.15519E-03,  2.15519E-03,  2.15519E-03
 2.15519E-03,  1.03358E+01,  3.30502E+00,  4.10648E-01,  1.29065E-01
 6.94372E-02,  3.11436E-02,  1.48733E-02,  1.11656E-02,  7.37416E-03
 5.05786E-03,  5.57088E-03,  5.57088E-03,  2.15519E-03,  2.15519E-03
 2.15519E-03,  2.15519E-03,  2.15519E-03,  2.15519E-03,  1.03358E+01
 3.30502E+00,  4.10648E-01,  1.29065E-01,  6.94372E-02,  3.11436E-02
 1.48733E-02,  1.11656E-02,  7.37416E-03,  5.05786E-03,  5.57088E-03
 5.57088E-03,  2.15519E-03,  2.15519E-03,  2.15519E-03,  2.15519E-03
 2.15519E-03,  2.15519E-03,  1.03358E+01,  3.30502E+00,  4.10648E-01
 1.29065E-01,  6.94372E-02,  3.11436E-02,  1.48733E-02,  1.11656E-02
 7.37416E-03,  5.05786E-03,  5.57088E-03,  5.57088E-03,  2.15519E-03
 2.15519E-03,  2.15519E-03,  2.15519E-03,  2.15519E-03,  2.15519E-03
 2.94483E+00,  1.38445E+00,  3.33537E-01,  1.31067E-01,  6.13489E-02
 3.10371E-02,  1.74261E-02,  9.64508E-03,  6.08305E-03,  4.06674E-03
 5.34729E-03,  5.34729E-03,  1.74853E-03,  1.74853E-03,  1.74853E-03
 1.74853E-03,  1.74853E-03,  1.74853E-03,  2.94483E+00,  1.38445E+00
 3.33537E-01,  1.31067E-01,  6.13489E-02,  3.10371E-02,  1.74261E-02
 9.64508E-03,  6.08305E-03,  4.06674E-03,  5.34729E-03,  5.34729E-03
 1.74853E-03,  1.74853E-03,  1.74853E-03,  1.74853E-03,  1.74853E-03
 1.74853E-03,  2.94483E+00,  1.38445E+00,  3.33537E-01,  1.31067E-01
 6.13489E-02,  3.10371E-02,  1.74261E-02,  9.64508E-03,  6.08305E-03
 4.06674E-03,  5.34729E-03,  5.34729E-03,  1.74853E-03,  1.74853E-03
 1.74853E-03,  1.74853E-03,  1.74853E-03,  1.74853E-03,  2.94483E+00
 1.38445E+00,  3.33537E-01,  1.31067E-01,  6.13489E-02,  3.10371E-02
 1.74261E-02,  9.64508E-03,  6.08305E-03,  4.06674E-03,  5.34729E-03
 5.34729E-03,  1.74853E-03,  1.74853E-03,  1.74853E-03,  1.74853E-03
 1.74853E-03,  1.74853E-03,  3.89402E+00,  1.88653E+00,  3.88399E-01
 1.40800E-01,  6.78275E-02,  2.92960E-02,  1.62468E-02,  8.70443E-03
 4.95341E-03,  3.15734E-03,  5.10790E-03,  5.10790E-03,  1.57339E-03
 1.57339E-03,  1.57339E-03,  1.57339E-03,  1.57339E-03,  1.57339E-03
 3.89402E+00,  1.88653E+00,  3.88399E-01,  1.40800E-01,  6.78275E-02
 2.92960E-02,  1.62468E-02,  8.70443E-03,  4.95341E-03,  3.15734E-03
 5.10790E-03,  5.10790E-03,  1.57339E-03,  1.57339E-03,  1.57339E-03
 1.57339E-03,  1.57339E-03,  1.57339E-03,  3.89402E+00,  1.88653E+00
 3.88399E-01,  1.40800E-01,  6.78275E-02,  2.92960E-02,  1.62468E-02
 8.70443E-03,  4.95341E-03,  3.15734E-03,  5.10790E-03,  5.10790E-03
 1.57339E-03,  1.57339E-03,  1.57339E-03,  1.57339E-03,  1.57339E-03
 1.57339E-03,  3.89402E+00,  1.88653E+00,  3.88399E-01,  1.40800E-01
 6.78275E-02,  2.92960E-02,  1.62468E-02,  8.70443E-03,  4.95341E-03
 3.15734E-03,  5.10790E-03,  5.10790E-03,  1.57339E-03,  1.57339E-03
 1.57339E-03,  1.57339E-03,  1.57339E-03,  1.57339E-03,  3.68327E+00
 2.09590E+00,  4.67050E-01,  1.43639E-01,  6.36108E-02,  2.54587E-02
 1.67127E-02,  9.51336E-03,  4.90588E-03,  3.05702E-03,  5.12553E-03
 5.12553E-03,  1.59529E-03,  1.59529E-03,  1.59529E-03,  1.59529E-03
 1.59529E-03,  1.59529E-03,  3.68327E+00,  2.09590E+00,  4.67050E-01
 1.43639E-01,  6.36108E-02,  2.54587E-02,  1.67127E-02,  9.51336E-03
 4.90588E-03,  3.05702E-03,  5.12553E-03,  5.12553E-03,  1.59529E-03
 1.59529E-03,  1.59529E-03,  1.59529E-03,  1.59529E-03,  1.59529E-03
 3.68327E+00,  2.09590E+00,  4.67050E-01,  1.43639E-01,  6.36108E-02
 2.54587E-02,  1.67127E-02,  9.51336E-03,  4.90588E-03,  3.05702E-03
 5.12553E-03,  5.12553E-03,  1.59529E-03,  1.59529E-03,  1.59529E-03
 1.59529E-03,  1.59529E-03,  1.59529E-03,  3.68327E+00,  2.09590E+00
 4.67050E-01,  1.43639E-01,  6.36108E-02,  2.54587E-02,  1.67127E-02
 9.51336E-03,  4.90588E-03,  3.05702E-03,  5.12553E-03,  5.12553E-03
 1.59529E-03,  1.59529E-03,  1.59529E-03,  1.59529E-03,  1.59529E-03
 1.59529E-03,  2.91432E+00,  1.57403E+00,  4.14418E-01,  1.57545E-01
 7.18166E-02,  3.50747E-02,  1.79958E-02,  1.10170E-02,  6.46192E-03
 4.05129E-03,  5.50416E-03,  5.50416E-03,  1.56270E-03,  1.56270E-03
 1.56270E-03,  1.56270E-03,  1.56270E-03,  1.56270E-03,  2.91432E+00
 1.57403E+00,  4.14418E-01,  1.57545E-01,  7.18166E-02,  3.50747E-02
 1.79958E-02,  1.10170E-02,  6.46192E-03,  4.05129E-03,  5.50416E-03
 5.50416E-03,  1.56270E-03,  1.56270E-03,  1.56270E-03,  1.56270E-03
 1.56270E-03,  1.56270E-03,  2.91432E+00,  1.57403E+00,  4.14418E-01
 1.57545E-01,  7.18166E-02,  3.50747E-02,  1.79958E-02,  1.10170E-02
 6.46192E-03,  4.05129E-03,  5.50416E-03,  5.50416E-03,  1.56270E-03
 1.56270E-03,  1.56270E-03,  1.56270E-03,  1.56270E-03,  1.56270E-03
 2.91432E+00,  1.57403E+00,  4.14418E-01,  1.57545E-01,  7.18166E-02
 3.50747E-02,  1.79958E-02,  1.10170E-02,  6.46192E-03,  4.05129E-03
 5.50416E-03,  5.50416E-03,  1.56270E-03,  1.56270E-03,  1.56270E-03
 1.56270E-03,  1.56270E-03,  1.56270E-03,  7.44269E+00,  2.88442E+00
 3.92881E-01,  1.19338E-01,  5.60601E-02,  2.78578E-02,  1.51689E-02
 6.91459E-03,  3.92787E-03,  3.16661E-03,  4.73662E-03,  4.73662E-03
 1.44432E-03,  1.44432E-03,  1.44432E-03,  1.44432E-03,  1.44432E-03
 1.44432E-03,  7.44269E+00,  2.88442E+00,  3.92881E-01,  1.19338E-01
 5.60601E-02,  2.78578E-02,  1.51689E-02,  6.91459E-03,  3.92787E-03
 3.16661E-03,  4.73662E-03,  4.73662E-03,  1.44432E-03,  1.44432E-03
 1.44432E-03,  1.44432E-03,  1.44432E-03,  1.44432E-03,  7.44269E+00
 2.88442E+00,  3.92881E-01,  1.19338E-01,  5.60601E-02,  2.78578E-02
 1.51689E-02,  6.91459E-03,  3.92787E-03,  3.16661E-03,  4.73662E-03
 4.73662E-03,  1.44432E-03,  1.44432E-03,  1.44432E-03,  1.44432E-03
 1.44432E-03,  1.44432E-03,  7.44269E+00,  2.88442E+00,  3.92881E-01
 1.19338E-01,  5.60601E-02,  2.78578E-02,  1.51689E-02,  6.91459E-03
 3.92787E-03,  3.16661E-03,  4.73662E-03,  4.73662E-03,  1.44432E-03
 1.44432E-03,  1.44432E-03,  1.44432E-03,  1.44432E-03,  1.44432E-03
 5.66548E+00,  2.61710E+00,  3.29467E-01,  1.00960E-01,  2.63617E-02
 1.25069E-02,  7.48940E-03,  5.71511E-03,  3.94541E-03,  2.42571E-03
 3.31665E-03,  3.31665E-03,  1.25881E-03,  1.25881E-03,  1.25881E-03
 1.25881E-03,  1.25881E-03,  1.25881E-03,  5.66548E+00,  2.61710E+00
 3.29467E-01,  1.00960E-01,  2.63617E-02,  1.25069E-02,  7.48940E-03
 5.71511E-03,  3.94541E-03,  2.42571E-03,  3.31665E-03,  3.31665E-03
 1.25881E-03,  1.25881E-03,  1.25881E-03,  1.25881E-03,  1.25881E-03
 1.25881E-03,  5.66548E+00,  2.61710E+00,  3.29467E-01,  1.00960E-01
 2.63617E-02,  1.25069E-02,  7.48940E-03,  5.71511E-03,  3.94541E-03
 2.42571E-03,  3.31665E-03,  3.31665E-03,  1.25881E-03,  1.25881E-03
 1.25881E-03,  1.25881E-03,  1.25881E-03,  1.25881E-03,  5.66548E+00
 2.61710E+00,  3.29467E-01,  1.00960E-01,  2.63617E-02,  1.25069E-02
 7.48940E-03,  5.71511E-03,  3.94541E-03,  2.42571E-03,  3.31665E-03
 3.31665E-03,  1.25881E-03,  1.25881E-03,  1.25881E-03,  1.25881E-03
 1.25881E-03,  1.25881E-03,  3.06335E+00,  1.30458E+00,  2.30865E-01
 4.58571E-02,  1.95868E-02,  8.71012E-03,  4.53319E-03,  2.91996E-03
 2.03959E-03,  1.42514E-03,  2.14145E-03,  2.14145E-03,  1.06903E-03
 1.06903E-03,  1.06903E-03,  1.06903E-03,  1.06903E-03,  1.06903E-03
 3.77408E+00,  8.57649E-01,  1.53361E-01,  3.44728E-02,  1.48172E-02
 6.35337E-03,  3.25435E-03,  2.05782E-03,  1.41677E-03,  9.87250E-04
 1.50316E-03,  1.50316E-03,  7.86163E-04,  7.86163E-04,  7.86163E-04
 7.86163E-04,  7.86163E-04,  7.86163E-04,  1.89969E+00,  3.42716E-01
 1.00855E-01,  2.46388E-02,  9.78135E-03,  4.12061E-03,  2.07858E-03
 1.29281E-03,  8.76368E-04,  6.07531E-04,  9.34983E-04,  9.34983E-04
 5.14768E-04,  5.14768E-04,  5.14768E-04,  5.14768E-04,  5.14768E-04
 5.14768E-04,  1.89969E+00,  3.42716E-01,  1.00855E-01,  2.46388E-02
 9.78135E-03,  4.12061E-03,  2.07858E-03,  1.29281E-03,  8.76368E-04
 6.07531E-04,  9.34983E-04,  9.34983E-04,  5.14768E-04,  5.14768E-04
 5.14768E-04,  5.14768E-04,  5.14768E-04,  5.14768E-04,  2.34969E+00
 5.70254E-01,  6.59332E-02,  2.84238E-02,  1.24435E-02,  7.49750E-03
 5.35783E-03,  4.23448E-03,  3.54397E-03,  3.04312E-03,  6.64233E-03
 6.64233E-03,  8.05155E-03,  8.05155E-03,  8.05155E-03,  8.05155E-03
 8.05155E-03,  8.05155E-03,  2.34969E+00,  5.70254E-01,  6.59332E-02
 2.84238E-02,  1.24435E-02,  7.49750E-03,  5.35783E-03,  4.23448E-03
 3.54397E-03,  3.04312E-03,  6.64233E-03,  6.64233E-03,  8.05155E-03
 8.05155E-03,  8.05155E-03,  8.05155E-03,  8.05155E-03,  8.05155E-03
 2.34969E+00,  5.70254E-01,  6.59332E-02,  2.84238E-02,  1.24435E-02
 7.49750E-03,  5.35783E-03,  4.23448E-03,  3.54397E-03,  3.04312E-03
 6.64233E-03,  6.64233E-03,  8.05155E-03,  8.05155E-03,  8.05155E-03
 8.05155E-03,  8.05155E-03,  8.05155E-03,  2.34969E+00,  5.70254E-01
 6.59332E-02,  2.84238E-02,  1.24435E-02,  7.49750E-03,  5.35783E-03
 4.23448E-03,  3.54397E-03,  3.04312E-03,  6.64233E-03,  6.64233E-03
 8.05155E-03,  8.05155E-03,  8.05155E-03,  8.05155E-03,  8.05155E-03
 8.05155E-03,  2.34969E+00,  5.70254E-01,  6.59332E-02,  2.84238E-02
 1.24435E-02,  7.49750E-03,  5.35783E-03,  4.23448E-03,  3.54397E-03
 3.04312E-03,  6.64233E-03,  6.64233E-03,  8.05155E-03,  8.05155E-03
 8.05155E-03,  8.05155E-03,  8.05155E-03,  8.05155E-03,  2.34969E+00
 5.70254E-01,  6.59332E-02,  2.84238E-02,  1.24435E-02,  7.49750E-03
 5.35783E-03,  4.23448E-03,  3.54397E-03,  3.04312E-03,  6.64233E-03
 6.64233E-03,  8.05155E-03,  8.05155E-03,  8.05155E-03,  8.05155E-03
 8.05155E-03,  8.05155E-03,  2.34969E+00,  5.70254E-01,  6.59332E-02
 2.84238E-02,  1.24435E-02,  7.49750E-03,  5.35783E-03,  4.23448E-03
 3.54397E-03,  3.04312E-03,  6.64233E-03,  6.64233E-03,  8.05155E-03
 8.05155E-03,  8.05155E-03,  8.05155E-03,  8.05155E-03,  8.05155E-03
 2.34969E+00,  5.70254E-01,  6.59332E-02,  2.84238E-02,  1.24435E-02
 7.49750E-03,  5.35783E-03,  4.23448E-03,  3.54397E-03,  3.04312E-03
 6.64233E-03,  6.64233E-03,  8.05155E-03,  8.05155E-03,  8.05155E-03
 8.05155E-03,  8.05155E-03,  8.05155E-03,  2.34969E+00,  5.70254E-01
 6.59332E-02,  2.84238E-02,  1.24435E-02,  7.49750E-03,  5.35783E-03
 4.23448E-03,  3.54397E-03,  3.04312E-03,  6.64233E-03,  6.64233E-03
 8.05155E-03,  8.05155E-03,  8.05155E-03,  8.05155E-03,  8.05155E-03
 8.05155E-03,  2.34969E+00,  5.70254E-01,  6.59332E-02,  2.84238E-02
 1.24435E-02,  7.49750E-03,  5.35783E-03,  4.23448E-03,  3.54397E-03
 3.04312E-03,  6.64233E-03,  6.64233E-03,  8.05155E-03,  8.05155E-03
 8.05155E-03,  8.05155E-03,  8.05155E-03,  8.05155E-03,  2.34969E+00
 5.70254E-01,  6.59332E-02,  2.84238E-02,  1.24435E-02,  7.49750E-03
 5.35783E-03,  4.23448E-03,  3.54397E-03,  3.04312E-03,  6.64233E-03
 6.64233E-03,  8.05155E-03,  8.05155E-03,  8.05155E-03,  8.05155E-03
 8.05155E-03,  8.05155E-03

